r,tau,Dtau,Sr,E,nur,Pi,piR,piEta,piPhi,D,T,mu,alpha,phi,ur,v,n,e,P,ok
0.03125,2.9021770486914815,0.3422463641235627,0.0,8.256354440850016,-7.98127952772377e-6,-0.004020433753143506,0.17338272673884178,-0.36199847010782604,0.18861574336898426,0.11792745872546713,0.2616295132339366,1.4816514397612839,5.6631662897926285,-0.07013184411771509,0.0,0.0,0.11792745872546716,8.25635444085006,2.705751682434017,true
0.09375,2.9021770486914815,0.34100273697027533,0.065476256699372,8.214487374669748,-2.3985293262489923e-5,-0.004028138463185189,0.1663124962674319,-0.3532773847927839,0.18696488852535204,0.11749894346522548,0.26129199514243523,1.48131870102344,5.669208121802374,-0.0714958717597773,0.005915602103873018,0.00591549860026947,0.1174970295021951,8.214100049964932,2.6918230088694552,true
0.15625,2.9021770486914815,0.34076618658760144,0.10959472524348414,8.215873075102369,-3.986284777914883e-5,-0.004028961485016035,0.17276488461830514,-0.35316504283325356,0.18040015821494843,0.11741743555626433,0.261298981562815,1.481116814702107,5.6682839169277575,-0.07226658590459752,0.009894656076621594,0.009894171747897565,0.11741208253768343,8.214788726068182,2.692086255893526,true
0.21875,2.9021770486914815,0.3402622113286021,0.15643376185611751,8.207417442820232,-5.593624739673332e-5,-0.004029235195840638,0.1746023434814527,-0.35278831080171763,0.17818596732026493,0.11724378134752936,0.26122357217837433,1.480857106713392,5.66892602518352,-0.07328164578323906,0.014136631080992293,0.014135218729834328,0.11723285844230236,8.205206217379713,2.688959656458384,true
0.28125,2.9021770486914815,0.33971179491267295,0.20082328296017393,8.198317876816969,-7.190670439325316e-5,-0.004028814594103185,0.17581932728970456,-0.3527615946895419,0.17694226739983732,0.1170541249596886,0.26114057631226895,1.4805719282800205,5.669635677412189,-0.07439698569381896,0.018167795095353934,0.01816479752641773,0.1170361177397514,8.194669962543438,2.6855217471896777,true
0.34375,2.9021770486914815,0.33899929245330274,0.24532811232083135,8.186904318105679,-8.787076248291507e-5,-0.004028329056373903,0.176051109760101,-0.35247299601247667,0.17642188625237568,0.11680861875954432,0.2610364716858792,1.4801964824276048,5.670458510521143,-0.07586494501897013,0.022226957634883884,0.022221469191512872,0.11678172765412118,8.181452767015989,2.681212065999325,true
0.40625,2.9021770486914815,0.33815482840580036,0.2893918644254453,8.174193201344991,-0.00010377432323155251,-0.004027722067919428,0.17602887715630575,-0.3521022539259256,0.17607337676961984,0.11651764269801039,0.26091954905761444,1.4797383527230046,5.671243715035929,-0.07765476887483576,0.026263539735815643,0.026254486471954323,0.1164802016853344,8.166595366555402,2.6763737191051233,true
0.46875,2.9021770486914815,0.33717351519283983,0.33326261460857887,8.15960778323437,-0.00011972649270994877,-0.004027021008326616,0.17583910752154683,-0.3516305834885298,0.175791475966983,0.11617951266786528,0.26078498151267354,1.4792020296673358,5.6721135591753775,-0.07975141134288609,0.03030436009218287,0.03029045460027622,0.11612982731506873,8.149513107136672,2.6708123187885002,true
0.53125,2.9021770486914815,0.33606196250934894,0.37684474338393514,8.143118047264053,-0.00013568541106789386,-0.004026199542040854,0.17559338558061824,-0.3510912399310782,0.17549785435045998,0.11579650616452597,0.26063246334391293,1.4785925921581338,5.673094491713733,-0.08213638303996869,0.03434373730394104,0.03432350111678834,0.11573293042732537,8.130183416293704,2.6645194259673484,true
0.59375,2.9021770486914815,0.33481983146121885,0.4201216145033703,8.12463985098889,-0.00015166076498885093,-0.004025250444036982,0.17530785868104032,-0.35048546674470193,0.17517760806366162,0.11536850641561675,0.26046123823069456,1.4779104702256491,5.674205038204729,-0.0848092788178555,0.038383637947116044,0.038355393775293234,0.11528942651506052,8.1085259210312,2.657468267633283,true
0.65625,2.9021770486914815,0.3334477215351562,0.4630494273843755,8.104175236595516,-0.0001676341669255174,-0.004024165502821371,0.17499219095204283,-0.34981609740302183,0.174823906450979,0.11489571998562231,0.2602712586833401,1.47715543844335,5.675445863350345,-0.08777212540568624,0.04242326827470938,0.042385144433968534,0.11479956729779371,8.08454881973587,2.6496614913213525,true
0.71875,2.9021770486914815,0.33194635381059384,0.5055934387581803,8.081730602022974,-0.00018359645846905396,-0.0040229386472223,0.17464669311246592,-0.3490829145673353,0.1744362214548694,0.11437839533610125,0.26006250058073904,1.4763272302747452,5.676817022746439,-0.09102723257829066,0.04646264732985932,0.0464125771220491,0.11426364811045427,8.058264707554311,2.6411031955151616,true
0.78125,2.9021770486914815,0.33031696362051666,0.5477173803899222,8.057321509155464,-0.00019950484386199488,-0.004021563031994815,0.17427138051109628,-0.34828603558142796,0.17401465507033168,0.11381695812440122,0.2598350073134547,1.475425768315552,5.678317881684267,-0.09457629261942584,0.05050157454827992,0.05043729763557087,0.11368214493921638,8.029696124620669,2.6318007267083616,true
0.84375,2.9021770486914815,0.32856138218229125,0.5893866364506924,8.030964907803028,-0.00021527579039745242,-0.004020030999513546,0.17386584932988083,-0.347425527603882,0.17355967827400118,0.11321203933110535,0.2595888232275647,1.4744513530022103,5.6799492931544835,-0.09841967261969846,0.054539950730309414,0.0544590138137134,0.11305573974270912,7.998867492827063,2.6217619790337823,true
0.90625,2.9021770486914815,0.3266820950614034,0.6305674033576624,8.00268006182764,-0.00023088484641362142,-0.004018333801696899,0.17343002133344906,-0.34650168681431864,0.17307166548086958,0.11256449540481898,0.25932400158066543,1.4734047159890837,5.681713636255014,-0.10255619938304679,0.05857768719679791,0.05847744495762421,0.11238534561108073,7.9658060912058595,2.610995709651803,true
0.96875,2.9021770486914815,0.3246813245741914,0.6712269142113305,7.972487689240303,-0.00024641598588228547,-0.004016461605105558,0.17296400055427402,-0.34551494705686414,0.17255094650259012,0.11187509208667405,0.25904060240767723,1.4722863146390632,5.683612147882454,-0.10698587442798277,0.06261472665190179,0.06249234262534762,0.1116717949020585,7.930541146938252,2.5995113584243774,true
1.03125,2.9021770486914815,0.32256103000459935,0.7113333135321374,7.940409934061762,-0.0002618207206525415,-0.004014403604207704,0.17246804050137735,-0.3444658582804659,0.17199781777908854,0.11114450448501548,0.2587386927774728,1.471096295661383,5.685644771060947,-0.11171001920256135,0.06665102754213056,0.06650347505964296,0.11091582549206495,7.893103796786359,2.5873190404620336,true
1.09375,2.9021770486914815,0.3203235505223093,0.7508556095428602,7.906470368122591,-0.0002771069832090362,-0.004012148259313546,0.17194249329579442,-0.34335505787685616,0.17141256458106174,0.1103735386050052,0.2584183432410615,1.4698350392061879,5.687812330857161,-0.11672917802771159,0.07068655609292622,0.07051061929021794,0.11011831239862914,7.853527074096436,2.574429450312393,true
1.15625,2.9021770486914815,0.3179714115390989,0.7897636092710576,7.870693902022123,-0.0002922792512469971,-0.00400968342593384,0.17138776870094707,-0.3421832484855631,0.170795479784616,0.10956306462504216,0.25807962851420635,1.4685030014783234,5.690115914737872,-0.1220437223310047,0.07472127680711545,0.07451355174027828,0.10928019764679553,7.811845810460341,2.560853856738318,true
1.21875,2.9021770486914815,0.3155072700243643,0.8280279195938043,7.833106638095297,-0.0003073399619111496,-0.0040069964425481705,0.17080429598286093,-0.34095117623032867,0.17014688024746774,0.10871399805419127,0.25772262678332736,1.467100676463049,5.692556741230448,-0.12765399742960926,0.07875515004488999,0.07851204589521282,0.10840247128961725,7.768096472069842,2.5466040555297837,true
1.28125,2.9021770486914815,0.3129339077064829,0.8656199364723035,7.793735807528484,-0.00032229042045367153,-0.004004074189233656,0.17019250120922735,-0.339659616704829,0.16946711549560167,0.10782729738958445,0.2573474194777949,1.4656285949674661,5.695136162396714,-0.13356032519105795,0.08278812797018481,0.08250586836874224,0.1074861689038313,7.722317082992828,2.5316923448128894,true
1.34375,2.9021770486914815,0.3102542268737746,0.9025118747845551,7.752609734858572,-0.00033713059233465945,-0.004000903127454471,0.16955279089352945,-0.33830936433940223,0.16875657344587278,0.10690396266956229,0.25695409122283025,1.4640873253752567,5.697855669110955,-0.13976299989557248,0.08682015420710351,0.08649477866414118,0.10653236987136531,7.674547170007659,2.516131507238952,true
1.40625,2.9021770486914815,0.30747124455610325,0.938676822594118,7.709757838297075,-0.0003518590320139126,-0.003997469324540755,0.16888555137114392,-0.3369012300401639,0.16801567866902,0.10594503346883481,0.25654273008158845,1.4624774726834784,5.70071688337598,-0.14626229051428705,0.0908511654847501,0.09047853090645762,0.10554219508623998,7.624827738393145,2.4999348027266093,true
1.46875,2.9021770486914815,0.3045880856658417,0.9740888055122133,7.66521063480435,-0.0003664731152255344,-0.003993758470853877,0.16819115790698533,-0.3354360441758577,0.16724488626887238,0.10495158653507125,0.2561134278328322,1.4607996767743934,5.703721546875988,-0.15305844585076997,0.09488109422823103,0.09445687650232328,0.10451680431246016,7.573201248800289,2.4831159617011678,true
1.53125,2.9021770486914815,0.30160797575161713,1.008722842987451,7.618999733288493,-0.00038096931702697156,-0.003989755896163245,0.1674699857644552,-0.33391466098156103,0.16644467521710582,0.10392473329206589,0.2556662801615741,1.459054610647075,5.706871511272399,-0.16015169981371283,0.09890987060087815,0.0984295662448087,0.10345739341489206,7.519711581392486,2.4656891741353584,true
1.59375,2.9021770486914815,0.2985342337754435,1.042554990534999,7.571157811240504,-0.000395343384071446,-0.003985446589074938,0.16672241715863964,-0.33233796120382225,0.1656155440451826,0.10286561735096247,0.2552013867293576,1.4572429789770138,5.710168732438855,-0.16754227542004002,0.10293742354771471,0.10239635142241188,0.10236519159724843,7.4644039840530345,2.447669073270915,true
1.65625,2.9021770486914815,0.29537026510320014,1.0755623707091349,7.521718581196678,-0.0004095903785798966,-0.003980815220314824,0.16594884286796271,-0.330706852227296,0.1647580093593333,0.10177541209499094,0.25471885117563775,1.4553655170458224,5.713615267690948,-0.1752303873394927,0.10696368107306287,0.10635698416775943,0.10124145870794982,7.40732501116441,2.429070716167512,true
1.71875,2.9021770486914815,0.29211955468287987,1.1077231989722112,7.470716754743204,-0.0004237046529254469,-0.003975846169076903,0.16514966033814096,-0.32902226649244426,0.1638726061543033,0.10065531832890388,0.25421878110907764,1.453422989901714,5.717213274176205,-0.1832162434855719,0.11098857025772178,0.11031121754806351,0.10008748260514352,7.348522459959089,2.409909563418201,true
1.78125,2.9021770486914815,0.28878566028380026,1.1390168088715158,7.4181880084247185,-0.00043767982095510805,-0.0039705235513954225,0.16432527077788833,-0.32728515939812414,0.1629598886202358,0.09950656194941877,0.2537012881208951,1.4514161915794381,5.720965007035367,-0.19150004629621925,0.11501201737803793,0.11425880575468124,0.09890457654054707,7.288045308109274,2.3902014592712058,true
1.84375,2.9021770486914815,0.28537220567530563,1.1694236780021368,7.364168952163993,-0.00045150876612192766,-0.003964831249921016,0.16347607691538082,-0.3254965075054218,0.16202043059004098,0.09833039159481079,0.25316648782368506,1.4493459442628551,5.7248728167854335,-0.20008199415564953,0.11903394825366415,0.11819950451488297,0.09769407652451463,7.225943652857119,2.369962612273889,true
1.90625,2.9021770486914815,0.28188287367850995,1.1989254544462478,7.308697099018511,-0.0004651837009236171,-0.0039587529449223065,0.16260248213689305,-0.3236573074035001,0.16105482526660708,0.09712807625075935,0.25261449990582646,1.4472130973396542,5.728939145928554,-0.2089622831627817,0.12305428880779663,0.12213307170756763,0.09645733865330397,7.16226865051964,2.3492095760578637,true
1.96875,2.9021770486914815,0.2783213990741301,1.2275049829779021,7.251810834871007,-0.00047869627975645376,-0.003952272146549845,0.16170489129685703,-0.3217685753859513,0.1600636840890943,0.09590090280660796,0.2520454481897965,1.4450185263392679,5.733166524995654,-0.21814110929442262,0.12707296579355123,0.12605926813516913,0.09519573639586965,7.097072455085735,2.3279592298387715,true
2.03125,2.9021770486914815,0.27469156137585143,1.2551463302574168,7.193549386720059,-0.0004920377618539492,-0.003945372228475356,0.1607837134239487,-0.319831348051585,0.15904763462763627,0.09465017356529055,0.2514594606830037,1.4427631317651544,5.737557568310938,-0.22761867093559038,0.13108990763528475,0.12997785839957615,0.09391065784607537,7.030408154736509,2.306228758238865,true
2.09375,2.9021770486914815,0.27099717749402297,1.2818348077044086,7.13395278784743,-0.0005051992132682455,-0.003938036463118903,0.15983936636509513,-0.31784668384986803,0.1580073174847729,0.09337720371546897,0.2508566696070378,1.4404478378507017,5.742114969903475,-0.23739517168343816,0.13510504528694858,0.13388861178486922,0.09260350295104722,6.962329704907916,2.2840356299678097,true
2.15625,2.9021770486914815,0.2672420943358005,1.3075569898885089,7.073061837512588,-0.0005181717248023527,-0.003930248058840142,0.15887228285307547,-0.31581566531220895,0.15694338245913347,0.09208331878177219,0.25023721138690885,1.4380735912949256,5.746841500209262,-0.24747082323150463,0.13911831293598148,0.13779130297930367,0.09127568073264165,6.892891856157964,2.2613975747756343,true
2.21875,2.9021770486914815,0.26343018141845764,1.3323007258834658,7.010918052803735,-0.0005309466119054026,-0.00392199019957604,0.15788291677719157,-0.3137394013570118,0.1558564845798202,0.09076985207957304,0.2496012265821112,1.435641360061407,5.751740004326961,-0.2578458480348088,0.14312964834504693,0.1416857124360738,0.08992860652779412,6.822150075279776,2.2383325581479885,true
2.28125,2.9021770486914815,0.25956532360013485,1.3560551416864601,6.947563611514752,-0.0005435155604129207,-0.003913246087291464,0.1568717480612809,-0.3116190288694828,0.15474728080820188,0.08943814221023018,0.2489488597511712,1.433152132331594,5.756813402415481,-0.26852048141622953,0.14713899267031683,0.14557162622027336,0.08856369928101424,6.750160459297356,2.214858753609725,true
2.34375,2.9021770486914815,0.2556514140386783,1.3788106334531234,6.883041287187499,-0.0005558706927584442,-0.003903998987228329,0.15583928481152348,-0.3094557128884802,0.15361642807695675,0.08808953063492286,0.24828025925883787,1.4306069156797465,5.762064692337485,-0.27949497284804103,0.151146289719388,0.14944883531232703,0.08718237892326787,6.676979643904126,2.190994513143992,true
2.40625,2.9021770486914815,0.25169234746367497,1.400558853291463,6.817394379676431,-0.0005680045502428542,-0.003894232275442531,0.15478606218996885,-0.3072506451324519,0.15246458294248308,0.0867253593564034,0.24759557705194812,1.428006736486844,5.76749695406406,-0.2907695863163622,0.1551514847678019,0.1533171344896914,0.08578606386287188,6.602664709608504,2.1667583368059145,true
2.46875,2.9021770486914815,0.24769201379484057,1.4212926908234027,6.750666645640147,-0.0005799100093304661,-0.003883929487716809,0.15371263842720334,-0.30500504107701853,0.1512924026498152,0.08534696872009193,0.24689496843718936,1.4253526395551868,5.7731133549519855,-0.30234459988115836,0.1591545231765132,0.1571763210263776,0.08437616859771614,6.527273089397948,2.1421688427988625,true
2.53125,2.9021770486914815,0.24365429208245926,1.4410062540310766,6.6829022328848335,-0.0005915801639509915,-0.003873074368795096,0.15261958912005127,-0.3027201361628066,0.1501005470427553,0.08395569532614036,0.2461785918896106,1.4226456878441933,5.778917154917047,-0.31422030470664675,0.16315534908826035,0.16102619348102185,0.08295410144047162,6.450862481019491,2.1172447390502778,true
2.59375,2.9021770486914815,0.23958304470604286,1.4596948520271855,6.614145620934674,-0.0006030082069696355,-0.003861650921026607,0.15150750122531956,-0.3003971818439242,0.14888968061860466,0.08255287003047068,0.24544660890851847,1.4198869622348935,5.784911710734232,-0.32639700389980036,0.1671539044176922,0.16486655077975118,0.08152126233674824,6.373490765494244,2.0920047968346966,true
2.65625,2.9021770486914815,0.23548211175711353,1.4773549808861948,6.5444415683315,-0.0006141873351281126,-0.0038496434518550324,0.150376967928362,-0.2980374420710911,0.14766047414272912,0.08113981600925639,0.24469918392352452,1.4170775612452937,5.791100479060735,-0.33887501145333576,0.17115012823103143,0.16869719168269642,0.08007904075373815,6.2952159319421,2.066467826478411,true
2.71875,2.9021770486914815,0.2313553055463427,1.493984312270626,6.47383506559864,-0.0006251106890309773,-0.003837036619999283,0.14922858502098474,-0.2956421905308834,0.14641360550989868,0.07971784686625338,0.24393648424172107,1.414218600651267,5.797487018177618,-0.3516546514777623,0.17514395649992248,0.1725179146149802,0.07862881362186715,6.216096007583478,2.040652654774793,true
2.78125,2.9021770486914815,0.22720640520179963,1.5095816837103806,6.402371291948441,-0.0006357713281264239,-0.0038238154804943816,0.148062948861407,-0.29321270868043553,0.14514975981902853,0.07828826477152429,0.24315868002042965,1.411311213001763,5.804074988740636,-0.36473625778354063,0.17913532214514769,0.17632851777704775,0.07717194332039912,6.136188991202414,2.0145781035416164,true
2.84375,2.9021770486914815,0.22303915135261815,1.5241470890851652,6.330095573782431,-0.0006461622327572635,-0.0038099655289141054,0.1468806556220933,-0.2907502844323424,0.14386962881024912,0.07685235862959529,0.24236594425012634,1.4083565470404888,5.810868153931056,-0.3781201737853621,0.1831241552569309,0.18012879942259638,0.07570977570638791,6.055552788488903,1.9882629687929494,true
2.90625,2.9021770486914815,0.21885724091346376,1.5376816679932976,6.2570533435636175,-0.0006562763224048947,-0.003795472745096489,0.1456823013865345,-0.2882562112719075,0.14257390988537297,0.07541140228234558,0.2415584527365845,1.4053557670573351,5.8178703793481095,-0.3918067526532506,0.18711038338129005,0.1839185581965129,0.07424363819287237,5.974245148228794,1.9617260001792152,true
2.96875,2.9021770486914815,0.21466432199560984,1.5501876931061935,6.183290098275265,-0.0006661064807067465,-0.0037803236366063843,0.14446848265715637,-0.28573178758943085,0.14126330493227449,0.07396665275552247,0.2407363840763892,1.4023100521932108,5.825085632873165,-0.4057963576282293,0.19109393179112344,0.18769759345457848,0.07277483788513138,5.8923235988850795,1.9349858805398257,true
3.03125,2.9021770486914815,0.2104639889708553,1.5616685550991165,6.108851357149163,-0.0006756455812559458,-0.00376450528205138,0.14323979692714886,-0.28317831605471827,0.1399385191275694,0.07251934855792075,0.23989991962310148,1.3992205957182682,5.832517984651831,-0.42008936243106243,0.19507472370351922,0.19146570552848696,0.07130465978389892,5.809845385455017,1.9080612055263648,true
3.09375,2.9021770486914815,0.2062597777101572,1.5721287451067685,6.033782618674751,-0.0006848865110224452,-0.003748005374249918,0.14199684311615185,-0.2805971029335269,0.13860025981737506,0.07107070804076358,0.23904924344361947,1.3960886042956533,5.840171607256834,-0.43468615172109737,0.19905268043554658,0.19522269592943098,0.06983436506270167,5.726867406717719,1.8809704633317683,true
3.15625,2.9021770486914815,0.20205516101455898,1.5815738348175197,5.95812931715008,-0.0006938221899153713,-0.003730812263153787,0.1407402218092063,-0.2779894573153924,0.13724923550618606,0.06962192782334232,0.23818454226636557,1.3929152972359071,5.848050776016303,-0.4495871215871698,0.20302772149986517,0.19896836749224842,0.06836518942506359,5.643446153180415,1.8537320146260379,true
3.21875,2.9021770486914815,0.19785354425243531,1.5900104543921914,5.881936779134181,-0.0007024455863787809,-0.0037129149983797932,0.1394705353067081,-0.27535669025713627,0.13588615495042816,0.06817418128974677,0.23730600542403985,1.389701905743045,5.856159869447046,-0.46479268006666874,0.20699976464463132,0.20270252446511325,0.06689834154629248,5.559637646117177,1.8263640728279797,true
3.28125,2.9021770486914815,0.1936582612130468,1.5974462684514101,5.805250180079179,-0.0007107497300492515,-0.0036943033711899914,0.13818838750240972,-0.2727001138510991,0.13451172634868938,0.06672861716012896,0.23641382479256787,1.3864496721523598,5.864503369753636,-0.48030324769404037,0.21096872585142576,0.20642497255839515,0.06543500160312261,5.475497377965837,1.7988846848002624,true
3.34375,2.9021770486914815,0.18947257018284308,1.6038899503840431,5.728114501311568,-0.0007187277226352891,-0.0036749679557640455,0.13689438361753575,-0.27002104023213236,0.1331266566145966,0.06528635813871916,0.23550819472677928,1.383159849159594,5.873085863378312,-0.4961192580833803,0.21493451931024646,0.21013551897108815,0.06397631989332894,5.3910802542323815,1.7713117120167112,true
3.40625,2.9021770486914815,0.185299650249655,1.609351155160485,5.6505744875302,-0.0007263727474666913,-0.0036549001495944297,0.13558912984383137,-0.2673207805498277,0.13173165070599635,0.06384849964036547,0.23458931199340952,1.379833699039649,5.881912041578491,-0.5122411585559661,0.21889705738158816,0.21383397240448665,0.06252341554675939,5.306440537047763,1.7436628122495272,true
3.46875,2.9021770486914815,0.18114259783997094,1.613840490766113,5.572674605015774,-0.0007336780778221901,-0.0036340922128435503,0.13427323294537905,-0.26460064393179666,0.13032741098641762,0.06241610859738677,0.23365737570308928,1.376472492852561,5.8909867009790355,-0.5286694108231649,0.22285625054372185,0.21752014306154718,0.06107737532950509,5.22163179060763,1.7159554218525477,true
3.53125,2.9021770486914815,0.17700442349347412,1.6173694883733662,5.494459000676748,-0.0007406370845354956,-0.003612537306513234,0.13294729983315398,-0.2618619364462115,0.1289146366130575,0.060990222348178566,0.23271258724186134,1.3730775096359018,5.9003147440789006,-0.5454044917311925,0.22681200732729095,0.22119384263413486,0.05963925254233434,5.136706828608784,1.6882067386779327,true
3.59375,2.9021770486914815,0.17288804887701448,1.6199505713948903,5.415971461955088,-0.0007472432435189026,-0.0035902295292888978,0.13161193710826294,-0.2591059600622303,0.12749402295396736,0.059571847608320565,0.23175515020175608,1.3696500355840606,5.909901179722229,-0.5624468940710154,0.23076423424707773,0.22485488428748276,0.058210066013965424,5.051717663699914,1.6604337056317926,true
3.65625,2.9021770486914815,0.16879630403942258,1.6215970235280863,5.337255377623672,-0.0007534901432566176,-0.0035671639529172884,0.130267750589358,-0.2563340116163878,0.1260662610270298,0.05816195952467083,0.23078527031000942,1.3661913632134834,5.919751123537065,-0.5797971274630048,0.23471283573657814,0.2285030826471215,0.0567907991891656,4.96671545896677,1.6326529948753072,true
3.71875,2.9021770486914815,0.16473192490915117,1.6223229558486842,5.258353699582475,-0.0007593714919241525,-0.0035433366559660257,0.12891534485105827,-0.2535473817992636,0.12463203694820535,0.05676150081313083,0.2298031553577544,1.3627027905128102,5.92986979831227,-0.5974557193239902,0.23865771407866693,0.2321382537820554,0.05538239931211384,4.8817504815755415,1.6048809927123011,true
3.78125,2.9021770486914815,0.16069755103638197,1.6221432730192764,5.179308905745729,-0.0007648811242132633,-0.0035187447558273424,0.12755532277505727,-0.25074735416460936,0.12319203138955209,0.0553713809806457,0.22880901512901408,1.3591856200765533,5.9402625342807225,-0.6154232159255107,0.242598769327066,0.23576021517940807,0.05398577670510492,4.796872058685395,1.5771337852000638,true
3.84375,2.9021770486914815,0.15669572357935624,1.6210736387254288,5.100162964019333,-0.0007700130083639925,-0.0034933864388332347,0.1261882850943607,-0.24793520415198345,0.12174691905762275,0.05399247563135626,0.22780306132927738,1.3556411582240742,5.950934769329399,-0.6337001835425851,0.24653589922556668,0.23936878571706274,0.05260180414226891,4.712128535603016,1.5494271444742809,true
3.90625,2.9021770486914815,0.1527288835334748,1.619130440448304,5.020957297355182,-0.0007747612535338831,-0.0034672609883484723,0.12481482992953744,-0.24511219812257912,0.12029736819304168,0.05262562585640197,0.22678550751285553,1.3520707141030865,5.961892049148878,-0.652287209704209,0.2504689991325819,0.2429637856412661,0.051231316317067836,4.627567236145036,1.5217765157769907,true
3.96875,2.9021770486914815,0.14879937020216882,1.6163307536326461,4.941732749954591,-0.0007791201170983327,-0.0034403688106958083,0.12343555234006877,-0.24227959242038757,0.1188440400803188,0.05127163770703056,0.22575656900959626,1.3484755987772017,5.9731400273003,-0.671184904552467,0.2543979619453023,0.24654503654389542,0.04987510940295094,4.543234425286263,1.4941970052135796,true
4.03125,2.9021770486914815,0.1449094199089911,1.6126923052972593,4.862529554729781,-0.000783084011866805,-0.0034127114587768,0.12205104389525442,-0.2394386324621333,0.11738758856687886,0.04993128175082464,0.22471646285219146,1.3448571242954914,5.984684465152332,-0.6903939023219438,0.25832267801286946,0.2501123613297944,0.04853394070629351,4.459175274212936,1.4667033682786914,true
4.09375,2.9021770486914815,0.1410611649474051,1.6082334372067524,4.783387301980266,-0.0007866475136590124,-0.003384291653261061,0.12066189224713783,-0.23659055184797903,0.1159286596008412,0.04860529270983175,0.22366540770282403,1.3412166027459569,5.996531231722618,-0.7099148629412231,0.2622430350498111,0.25366558418455804,0.04720852841003623,4.3754338276921345,1.4393099991218032,true
4.15625,2.9021770486914815,0.13725663276610206,1.602973068676408,4.704344909354585,-0.000789805369397478,-0.00335511330121889,0.11926868070095317,-0.23373657149108779,0.11446789079013461,0.04729436917984987,0.2226036237799961,1.3375553452919706,6.008686303390573,-0.7297484737650852,0.2661589180444343,0.2572045305379832,0.045899551406697756,4.292052973833873,1.4120309205782728,true
4.21875,2.9021770486914815,0.13349774538530695,1.596930659133288,4.625440593019002,-0.0007925525057746398,-0.0033251815120710834,0.1178719877899034,-0.2308778987698133,0.11300591097990989,0.04599917342930464,0.22153133278356668,1.333874661194143,6.021155763538522,-0.7498954514400875,0.2700702091781802,0.26072902703768525,0.044607649218459194,4.2090744160988205,1.3848797749174642,true
4.28125,2.9021770486914815,0.1297863190396391,1.5901261704419947,4.54671184018998,-0.0007948840381554853,-0.003294502610727716,0.11647238687409162,-0.22801572671296919,0.11154333983887757,0.044720331276190226,0.22044875782035875,1.3301758568120592,6.033945802026269,-0.7703565439290369,0.27397678773354106,0.2642389015125875,0.043333422002400965,4.126538647736235,1.357869815370028,true
4.34375,2.9021770486914815,0.12612406404523968,1.5825800290872716,4.468195383046831,-0.0007967952799813859,-0.0032630841478033107,0.11507044575485947,-0.22515123321500402,0.11008078746014455,0.04345843204228558,0.21935612332884044,1.326460234591415,6.047062714556166,-0.7911325326826126,0.27787853000925944,0.2677339829432417,0.042077430639084944,4.044484928532865,1.3310138983950117,true
4.40625,2.9021770486914815,0.12251258488428288,1.5743130883286556,4.389927173976334,-0.0007982817534707653,-0.0032309349068134277,0.11366672627689954,-0.22228558026737327,0.10861885399047373,0.04221402858227437,0.21825365501119048,1.3227290920254373,6.060512901640146,-0.812224234986917,0.2817753091560325,0.2712141013614653,0.040840196903929954,3.9629512644636855,1.3043244768838143,true
4.46875,2.9021770486914815,0.11895338050054051,1.5653465904113295,4.311942362126638,-0.0007993392013411637,-0.0031980649082468462,0.11226178393856501,-0.21941991321613033,0.10715812927756532,0.04098763738558735,0.21714157974797607,1.318983720621222,6.074302867981764,-0.833632506445211,0.28566699518247185,0.2746790879028365,0.03962220371263308,3.8819743884206375,1.277813593695925,true
4.53125,2.9021770486914815,0.11544784480179876,1.55570212885657,4.234275271391763,-0.000799963599423939,-0.003164485410415356,0.1108561675286223,-0.21655536005567189,0.10569919252704958,0.03977973874951953,0.2160201255292285,1.3152254048299623,6.088439221150283,-0.8553582436699253,0.2895534547920128,0.27812877470809405,0.038423895446425174,3.8015897444821087,1.2514928763452275,true
4.59375,2.9021770486914815,0.11199726736328497,1.5454016109135407,4.156959379829178,-0.0008001511705891329,-0.0031302089070019204,0.10945041877822095,-0.2136930307536691,0.10424261197544815,0.03859077702160925,0.21488952137831457,1.3114554209734768,6.102928670331253,-0.8774023871298458,0.29343455128906326,0.2815629948871963,0.03724567834887811,3.7218314739568625,1.2253735322508061,true
4.65625,2.9021770486914815,0.10860283432509804,1.5344672202627037,4.080027300483733,-0.0007998984004828029,-0.003095249121244724,0.10804507201177942,-0.2108340165992767,0.10278894458749728,0.037421160908864715,0.2137499972771795,1.3076750361583818,6.117778024870144,-0.8997659241708507,0.29731014446857756,0.2849815824691371,0.03608792099355193,3.642732403806249,1.199466344753651,true
4.71875,2.9021770486914815,0.10526562947605801,1.522921380061863,4.00351076357377,-0.0007992020552695468,-0.003059620996698584,0.10664065379868212,-0.20797938957532527,0.10133873577664315,0.036271263851224936,0.21260178409040764,1.3038855071833162,6.1329941926961755,-0.9224498922045136,0.3011800905138102,0.2883843723595674,0.03495095481887006,3.5643240372316627,1.1737816698293901,true
4.78125,2.9021770486914815,0.10198663551702702,1.5107867163725845,3.9274406000947817,-0.0007980592011211813,-0.003023340684519954,0.10523768262744973,-0.20513020176552788,0.09989251913807815,0.03514142445686083,0.2114451134891296,1.3000880794399128,6.148584178592287,-0.9454553820671042,0.30504424189181983,0.2917712002969329,0.033835074727262646,3.4866365464660887,1.1483294335109069,true
4.84375,2.9021770486914815,0.09876673549674873,1.498086022008853,3.8518467268938092,-0.0007964672255807484,-0.0029864255272385593,0.10383666860381885,-0.2022874847980512,0.09845081619423235,0.034031946996920866,0.2102802178759019,1.2962839858096022,6.164555082278885,-0.9687835415437032,0.30890244723649274,0.2951419027982388,0.03274053974570429,3.409698767802673,1.1231191300327186,true
4.90625,2.9021770486914815,0.09560671441179465,1.4848422208915593,3.7767581331756777,-0.0007944238613358347,-0.0029488940390049873,0.10243811315316598,-0.19945224931589842,0.09701413616273244,0.03294310195682283,0.20910733030982104,1.2924744455613064,6.18091409634626,-0.9924355790455368,0.31275455122718054,0.2984963171017192,0.03166757374424673,3.3335381987624104,1.098159820665554,true
4.96875,2.9021770486914815,0.0925072609616758,1.471078332995404,3.702202868380933,-0.0007919272127220204,-0.0029107658823126353,0.10104250872086906,-0.1966254844705774,0.09558297574970834,0.031875126641010755,0.20792668443061385,1.2886606632560307,6.197668504092667,-1.0164127674266565,0.31660039447549543,0.3018342811173571,0.03061636620890933,3.258180997273944,1.07346013319998,true
5.03125,2.9021770486914815,0.08946896945077779,1.4568174399315552,3.628208031444242,-0.0007889757847763985,-0.002872061841198356,0.09965033848994262,-0.1938081574485213,0.09415781895857869,0.030828225828302615,0.2067385143819998,1.2848438276626293,6.214825677273501,-1.0407164479271493,0.32043981341620686,0.3051556333815798,0.029587073065518967,3.1836519828405963,1.0490282620718967,true
5.09375,2.9021770486914815,0.08649234182978413,1.4420826511866438,3.5547997614999316,-0.0007855685147565018,-0.002832803790942355,0.09826207612732325,-0.19100121303636047,0.09273913690903722,0.029802572475301378,0.20554305473601714,1.2810251106894919,6.232393073727239,-1.0653480342196031,0.32427264018594065,0.30846021300199983,0.028579817551542937,3.109974639748408,1.0248719691487786,true
5.15625,2.9021770486914815,0.08357778986815492,1.4268970710789906,3.482003230011997,-0.0007817048065718976,-0.002793014664315689,0.09687818554074795,-0.18820557321628792,0.09132738767553997,0.028798308464963583,0.20434054041810973,1.2772056663412865,6.250378234920699,-1.0903090165213651,0.328098702492799,0.3117478595951058,0.027594691132598197,3.0371711222405957,1.0009985851528749,true
5.21875,2.9021770486914815,0.08072563744803218,1.4112837665144338,3.4098426342423154,-0.000777384568406214,-0.002752718414442079,0.09549912063385384,-0.18542213678490968,0.08992301615105584,0.027815545397007858,0.2031312066312531,1.2733866297119714,6.268788783515513,-1.1156009657314891,0.33191782349426374,0.31501841323191376,0.02663175445980352,2.965262261494981,0.9774150116681806,true
5.28125,2.9021770486914815,0.07793612297045044,1.3952657355823164,3.338341192046795,-0.0007726082532423648,-0.0027119399743452885,0.09412532507347732,-0.18265177900216317,0.08852645392868586,0.026854365417020257,0.20191528877915135,1.2695691160229448,6.287632420997896,-1.1412255375524998,0.33572982168264026,0.3182717143907549,0.025691038364325867,2.894267574352334,0.954127723715069,true
5.34375,2.9021770486914815,0.0752094018651043,1.378865877005687,3.267521138040082,-0.0007673769018968088,-0.002670705213268558,0.09275723208486132,-0.17989535127822642,0.0871381191933651,0.025914822081242194,0.20069302238992437,1.2657542197140768,6.306916925367022,-1.167184476552501,0.3395345107633089,0.3215076039045127,0.02477254488567099,2.824205273818288,0.9311427729013245,true
5.40625,2.9021770486914815,0.07254554919468309,1.3621069604771376,3.197403721132951,-0.0007616921885373404,-0.0026290408898783646,0.09139526426581246,-0.17715368089416822,0.08575841662835576,0.024996941253943156,0.19946464304095363,1.2619430135987346,6.326650148917046,-1.193479620106848,0.34333169951986564,0.3247259228974198,0.023876248330235966,2.7550922813070122,0.9084657911401718,true
5.46875,2.9021770486914815,0.06994456234350269,1.345011597947582,3.1280092033595377,-0.0007555564687501409,-0.0025869746024851092,0.09003983340169495,-0.1744275707469427,0.08438773734524775,0.02410072203383971,0.19823038628334572,1.258136548097583,6.346840016238646,-1.2201129021496393,0.3471211916829359,0.3279265127258083,0.023002096356120282,2.6869442404688186,0.8861019948841076,true
5.53125,2.9021770486914815,0.06740636378024957,1.327602215913053,3.0593568599391308,-0.0007489728296972488,-0.0025445347364241727,0.08869134028698959,-0.17171779912096174,0.08302645883397215,0.023226137706051187,0.19699048756511678,1.2543358505648867,6.367494522547725,-1.247086356664339,0.3509027858115129,0.3311092149301399,0.02215001108016615,2.619775532488645,0.8640561898382847,true
5.59375,2.9021770486914815,0.06493080388547662,1.3099010287038055,2.991464980599391,-0.0007419451415584721,-0.002501750408747977,0.0873501745722153,-0.16902511949542148,0.08167494492320618,0.022373136716366867,0.19574518215445175,1.2505419247182328,6.388621732367844,-1.2744021208396006,0.3546762751722257,0.33427387118580487,0.021319890203536564,2.5535992928643014,0.8423327761577614,true
5.65625,2.9021770486914815,0.06251766383446891,1.2919300127855737,2.924350872177717,-0.0007344781096743629,-0.0024586514104004975,0.08601671463573107,-0.16635026038724884,0.08033354575151777,0.021541643664591915,0.19449470506431119,1.2467557501842712,6.410229778605139,-1.3020624378025696,0.35844144760395513,0.3374203232421945,0.020511608152185244,2.4884274296573157,0.8209357541275484,true
5.71875,2.9021770486914815,0.0601666585251415,1.2737108821166263,2.8580308624341266,-0.000726577326995545,-0.0024152681460688635,0.08469132746247515,-0.16369392522045403,0.07900259775797888,0.020731560313409936,0.19323929097742856,1.2429782821771433,6.432326862151084,-1.3300696588297782,0.36219808537902726,0.3405484128596475,0.019725017228185794,2.424270643087249,0.7998687302839079,true
5.78125,2.9021770486914815,0.05787743954016876,1.2552650646040702,2.7925203049936886,-0.0007182493260734626,-0.0023716315719159026,0.08337436852570929,-0.16105679221922348,0.07768242369351419,0.019942766609040697,0.19197917417020946,1.2392104513258757,6.454921252172838,-1.3584262449368976,0.36594596507709104,0.34365798175763684,0.0189599487676422,2.361138446320983,0.7791349239290091,true
5.84375,2.9021770486914815,0.055649598133176825,1.2366136796638783,2.7278335854106803,-0.0007095016293546784,-0.0023277731314020195,0.08206618168818822,-0.1584395143324449,0.07637333264425669,0.019175121710189192,0.19071458843619893,1.2354531636623096,6.478021287163433,-1.3871347677537058,0.36968485746404783,0.3467488715675872,0.01821621430112812,2.2990391874221885,0.7587371740288923,true
5.90625,2.9021770486914815,0.053482668229278725,1.2177775168751905,2.663984128378778,-0.0007003427965635753,-0.0022837246894150676,0.08076709913153514,-0.1558427191939692,0.07507562006243405,0.018428465021936794,0.18944576701091734,1.2317073007791726,6.501635376778791,-1.4161979095862633,0.37341452735704994,0.349820923774558,0.017493606712819822,2.2379800724736105,0.7386779465004429,true
5.96875,2.9021770486914815,0.051376129429717546,1.198777015745578,2.6009844060476204,-0.0006907824682380394,-0.0022395184649455363,0.07947744130046665,-0.1532670091117703,0.07378956781130365,0.017702617231047896,0.18817294249810076,1.2279737201704726,6.525772004563656,-1.4456184625601685,0.3771347334764857,0.3528739796487833,0.01679190139430249,2.1779671897899884,0.7189593418615392,true
6.03125,2.9021770486914815,0.049329410009778266,1.179632246623342,2.538845947351934,-0.000680831404392005,-0.002195186962553969,0.07819751684932896,-0.15071296107908472,0.07251544422975575,0.01699738133895713,0.1868963467956196,1.2242532557669628,6.550439731739349,-1.475399326743288,0.3808452283050035,0.3559078801836542,0.016110857388741243,2.1190055350599386,0.6995831031921849,true
6.09375,2.9021770486914815,0.04734188989959461,1.1603628927646334,2.4775793483042685,-0.0006705015168521227,-0.0021507629028774122,0.07692762260049994,-0.14818112681154905,0.0712535042110491,0.01631254368886277,0.1856162110207225,1.2205467186736625,6.575647202158429,-1.5055435071624153,0.3845457579570581,0.3589224660427687,0.015450218521250846,2.061099037328665,0.6805506243789118,true
6.15625,2.9021770486914815,0.045412903638420446,1.1409882335352308,2.4171942832693256,-0.000659805893704527,-0.0021062791524191354,0.07566804352976547,-0.1456720328175481,0.07000398928778262,0.015647874983676816,0.18433276543650814,1.2168548981099516,6.601403148422286,-1.536054109639967,0.3882360620381928,0.3619175774989254,0.0148097145116954,2.004250585833476,0.6618629586479834,true
6.21875,2.9021770486914815,0.043541743293067744,1.121527128737915,2.3576995172085518,-0.0006487588146360758,-0.0020617686528785206,0.07441905277359948,-0.14318618049907333,0.06876712772547386,0.015003131291627994,0.1830462393808123,1.213178562551945,6.6277163991773085,-1.5669343353804022,0.3919158734820276,0.36489305435550473,0.014189062066263074,1.9484620576608143,0.6435208273784632,true
6.28125,2.9021770486914815,0.041727661330872405,1.1019980040848618,2.2991029188080048,-0.0006373757561943008,-0.0020172643502842785,0.07318091164144941,-0.14072404627410176,0.06754313463265235,0.014378055036196484,0.18175686119614606,1.2095184610779788,6.654595887704652,-1.5981874742463946,0.3955849183817575,0.36784873586415145,0.013587965944022382,1.8937343460805707,0.6255246291486389,true
6.34375,2.9021770486914815,0.03996987343797201,1.0824188378281094,2.241411474407259,-0.0006256733858287593,-0.0019727991241894893,0.07195386963222047,-0.13828608171921228,0.0663322120869918,0.013772375967204832,0.18046485815929492,1.2058753249130096,6.682050661900019,-1.6298168966911486,0.3992429158327189,0.37078446065206816,0.013006119994804841,1.8400673894235235,0.6078744489726092,true
6.40625,2.9021770486914815,0.03826756127494291,1.0628071485259079,2.1846313027185387,-0.0006136695434508092,-0.0019284057171799068,0.07073816447095072,-0.13587271373977397,0.06513454926882326,0.013185812110324829,0.17917045641176674,1.202249869158086,6.710089895596929,-1.6618260443430988,0.402889577772099,0.3737000666474971,0.012443208165286263,1.7874602004809694,0.5905700677213882,true
6.46875,2.9021770486914815,0.03661987516285139,1.0431799839150018,2.1287676703477,-0.0006013832096075655,-0.0018841166649434665,0.06953402217102414,-0.1334843447700935,0.06395032259906935,0.01261807069260725,0.17787388089330355,1.198642794685609,6.738722901113328,-1.6942184192582945,0.40652460879116276,0.3765953909837943,0.011898905470631601,1.7359108964387613,0.5736109717337596,true
6.53125,2.9021770486914815,0.035025936693066445,1.0235539108864544,2.0738250080575815,-0.0005888344599227523,-0.0018399642271543504,0.06834165710637316,-0.1311213529953172,0.06277969588894403,0.012068849041742219,0.17657535527816215,1.1950547901827326,6.767959142996726,-1.7269975718688602,0.41014770592510075,0.37947026988663607,0.011372878929252102,1.685416729249978,0.5569963625860249,true
6.59375,2.9021770486914815,0.03348484125458126,1.003945006578063,2.019806927670085,-0.0005760444056648574,-0.0017959803194200347,0.0671612720816384,-0.12878409258817589,0.06162282050653749,0.01153783545689562,0.1752751019119555,1.1914865343238323,6.7978082530075605,-1.7601670876856241,0.41375855844795134,0.3823245385664,0.010864788458393655,1.6359741162840855,0.5407251669676117,true
6.65625,2.9021770486914815,0.031995660474021484,0.9843688505678615,1.9667162395541893,-0.000563035120248388,-0.0017521964465254947,0.06599305841116371,-0.12647289396504846,0.06047983555388475,0.011024710049460118,0.17397334174871573,1.1879386980441016,6.828280046261001,-1.7937305728519872,0.4173568476758975,0.385158031118114,0.010374287728864633,1.5875786711754707,0.5247960466376272,true
6.71875,2.9021770486914815,0.03055744456522426,0.9648405181265757,1.9145549707195366,-0.0005498295517356326,-0.0017086436371954727,0.06483719602192049,-0.12418806406835577,0.05935086804643527,0.010529145552647052,0.17267029429081757,1.1844119468767462,6.859384538268735,-1.8276916386771713,0.4209422467477943,0.3879705804043117,0.009901024977992404,1.5402252349043726,0.5092074084738412,true
6.78125,2.9021770486914815,0.02916922458625794,0.9453745745015669,1.8633243834975803,-0.000536451422091668,-0.001665352380595439,0.06369385357224423,-0.12192988667085795,0.05823603309861372,0.010050808099185267,0.17136617753313457,1.1809069433177832,6.891131962661935,-1.8620538852861932,0.42451442036782144,0.39076201790938675,0.009444643780408874,1.4939079070851211,0.49395741460600207,true
6.84375,2.9021770486914815,0.027830014602091925,0.9259850702371802,1.8130249947061294,-0.0005229251144520936,-0.001622352564787391,0.06256318856583988,-0.11969862269077847,0.057135434124938586,0.009589357966509926,0.170061207909037,1.177424349187839,6.923532789544951,-1.89682088454118,0.42807302454095464,0.39353217358997605,0.009004783776452252,1.4486200773038242,0.4790439925810418,true
6.90625,2.9021770486914815,0.026538813752272048,0.9066855375278626,1.7636565952016015,-0.0005092755496678825,-0.001579673417341873,0.06144534746143425,-0.11749451051678358,0.056049163055349335,0.009144450289219168,0.16875560023582603,1.1739648279571926,6.956597744410531,-1.9319961624218243,0.43161770633050933,0.3962808757440384,0.008581081358422074,1.4043544563656067,0.4644648455135347,true
6.96875,2.9021770486914815,0.025294608224835605,0.8874889875601499,1.7152182698230745,-0.0004955280533885814,-0.001537343448286918,0.06034046579910023,-0.11531776635247534,0.05497730055337511,0.008715735739223872,0.1674495676615245,1.1705290469891378,6.9903378272985215,-1.9675831810855484,0.4351481036131978,0.3990079508791027,0.008173170315729719,1.3611031074689297,0.4502174622269222,true
7.03125,2.9021770486914815,0.02409637313905609,0.8684079087913781,1.6677084177558972,-0.000481708215442282,-0.0014953903955666203,0.05924866834809486,-0.1131685845824362,0.053919916234341336,0.008302861174482975,0.16614332161638432,1.167117679655475,7.0247643317874955,-2.0035853208299987,0.4386638447902889,0.40171322354779687,0.007780682440648291,1.318857477360913,0.4362991274028724,true
7.09375,2.9021770486914815,0.022943074339840653,0.8494542661541781,1.6211247732414642,-0.0004678417438734317,-0.001453841173177893,0.05817006925297247,-0.11104713814761182,0.05287706889463935,0.007905470257297055,0.16483707176779017,1.1637314072912315,7.059888863656878,-2.040005862167207,0.4421645484737543,0.40439651616587485,0.007403248096514466,1.2776084273664747,0.4227069317023528,true
7.15625,2.9021770486914815,0.021833670106790475,0.8306395011930205,1.5754644264996622,-0.0004539543159924468,-0.0014127218221462873,0.057104772164562716,-0.10895357892213908,0.05184880675757637,0.007523204043197408,0.1635310259739137,1.1603709209629167,7.095723359235929,-2.076847968233628,0.4456498232064061,0.4070576488580653,0.007040496750262012,1.2373462640953947,0.40943778179240675,true
7.21875,2.9021770486914815,0.020767112782338767,0.8119745330970988,1.530723844831981,-0.00044007142840297,-0.0013720574644746422,0.05605287037654359,-0.10688803810085339,0.05083516772430979,0.007155701541951803,0.16222539023604393,1.1570369230143813,7.132280103199936,-2.1141146677877902,0.4491192672149702,0.4096964393300655,0.006692057471684426,1.1980607697954087,0.39648841026707926,true
7.28125,2.9021770486914815,0.019742350324746527,0.7934697605610997,1.4868988939699563,-0.00042621824802861465,-0.001331872260182665,0.05501444698756681,-0.10485062660698845,0.04983617961942164,0.0068026002526785385,0.16092036865467124,1.1537301283469896,7.169571745282593,-2.151808839041948,0.45257246813049684,0.41231270271622744,0.006357559402429637,1.1597412324694114,0.3838553855006784,true
7.34375,2.9021770486914815,0.01875832779163216,0.7751350644382595,1.4439848596503446,-0.0004124194666353612,-0.0012921893675527513,0.053989575071066324,-0.10284143551081044,0.04885186043974412,0.00646353667502464,0.15961616339055612,1.1504512654073005,7.207611315605448,-2.189933194531231,0.45600900266222544,0.4149062513929711,0.006036632197736473,1.122376475741018,0.37153512142691864,true
7.40625,2.9021770486914815,0.017813988758855447,0.7569798111952388,1.4019764692696364,-0.000398699161336068,-0.0012530309066936737,0.052978317825494683,-0.10086053644457837,0.04788221861908369,0.006138146798069169,0.15831297462477226,1.1472010768763377,7.2464122387656005,-2.2284902672055384,0.45942843630495955,0.41747689481875266,0.005728906443488624,1.085954888251363,0.3595238871705353,true
7.46875,2.9021770486914815,0.016908276679871,0.7390128571516212,1.3608679135313764,-0.0003850806628609142,-0.0012144179265091981,0.051980728717399984,-0.09890798201875065,0.04692725330135066,0.005826066568714171,0.1570110005142524,1.1439803200488325,7.285988346689057,-2.267482397953705,0.46283032312395084,0.4200244394325829,0.00543401405113777,1.0504644524727962,0.34781781649222565,true
7.53125,2.9021770486914815,0.016040136191743118,0.7212425534285778,1.3206528681618166,-0.00037158643292537326,-0.0011763703751340102,0.05099685165065144,-0.09698380625548186,0.045986954604830425,0.0055269323416968,0.15571043714855853,1.1407897668729792,7.3263538897176606,-2.306911724769672,0.4662142055391189,0.4225486885511088,0.005151588633458486,1.015892773083318,0.3364129170936789,true
7.59375,2.9021770486914815,0.015208514373816689,0.7036767515449376,1.2813245157478534,-0.00035823795229409364,-0.0011389070738926296,0.05002672115698112,-0.09508802503693119,0.04506130387995007,0.005240381313288183,0.15441147851314938,1.1376302036329111,7.367523545446997,-2.3467801737047043,0.46957961404023113,0.42504944221336616,0.0048812658640599305,0.9822271050051641,0.3253050798159718,true
7.65625,2.9021770486914815,0.014412361963323683,0.6863228096634314,1.242875567565457,-0.0003450556212375714,-0.0011020456948384813,0.049070362570440645,-0.09322063654908185,0.0441502739786412,0.0049660519401536355,0.1531143164534826,1.1345024302905748,7.40951242554282,-2.3870894516938677,0.4729260669125189,0.4275264970330963,0.0046226838228102755,0.9494543809161388,0.3144900876666411,true
7.71875,2.9021770486914815,0.013650634531322793,0.6691875994918957,1.2052982852489866,-0.00033205867331758526,-0.001065802741911738,0.04812779218221237,-0.09138162171802228,0.043253829535809904,0.004703584344544907,0.15181914063208546,1.131407259508891,7.4523360809340495,-2.4278410413634663,0.4762530700792545,0.4299796461365769,0.004375483328781587,0.9175612380204765,0.3039636246036983,true
7.78125,2.9021770486914815,0.012922293623046428,0.6522775137728231,1.1685845023545172,-0.0003192651026235765,-0.0010301935357226247,0.0471990174162683,-0.08957094465812884,0.04237192724186054,0.004452620707228308,0.1505261384829876,1.1283455153479436,7.496010505015836,-2.4690361979495052,0.479560116998115,0.4324086791370986,0.00413930826251465,0.8865340441931812,0.29372128411385046,true
7.84375,2.9021770486914815,0.012226307866750592,0.635598474274495,1.1327256459403157,-0.00030669160466250257,-0.0009952322019528732,0.04628403703981997,-0.0877885531392003,0.04150451609938033,0.0042128056495599146,0.1492354951735631,1.1253180316218863,7.540552134149618,-2.510675948388505,0.48284668847278583,0.4348133820436374,0.003913805879477941,0.8563589237192467,0.28375857765797297,true
7.90625,2.9021770486914815,0.011561654053270191,0.6191559402705888,1.0977127580839157,-0.00029435353144606166,-0.0009609316633718418,0.045382841368131005,-0.0860343790521803,0.04065153768404929,0.003983786605466765,0.14794739357102926,1.122325649949085,7.585977845633749,-2.5527610925406012,0.4861122524234537,0.43719353713695014,0.0036986271158163646,0.8270217825176632,0.27407094294669,true
7.96875,2.9021770486914815,0.010927318186670011,0.6029549175324012,1.063536517130478,-0.00028226486079622543,-0.0009273036354539368,0.04449541243939786,-0.08430833886023081,0.03981292642083295,0.0037652141834685323,0.14666201420121602,1.1193692175526866,7.632304954007686,-2.595292206508899,0.4893562637921437,0.43954892294117415,0.0034934268865851256,0.7985083325470269,0.2646537519449297,true
8.03125,2.9021770486914815,0.010322296506657315,0.5869999677890828,1.0301872586647014,-0.00027043817894217316,-0.0008943586255509978,0.043621724197941254,-0.08261033405325525,0.038988609855314,0.0035567425189691228,0.14537953519980795,1.1164495848304474,7.679551205718274,-2.6382696480794583,0.4925781645767661,0.44187931428364496,0.0032978643766654117,0.7708041154135404,0.2555023186123394,true
8.09375,2.9021770486914815,0.009745596483964346,0.5712952185543919,0.9976549963808123,-0.00025888467540260187,-0.0008621059355479813,0.04276174272057011,-0.08094025162333628,0.03817850890276617,0.0033580296172345484,0.14410013227042948,1.113567602681061,7.727734771202387,-2.6816935642621758,0.4957773837869292,0.4441844822914277,0.003111603324877035,0.7438945254916618,0.24661190648281356,true
8.15625,2.9021770486914815,0.009196237788473387,0.5558443732809846,0.9659294428513945,-0.0002476141497559985,-0.0008305536679346116,0.04191542645247172,-0.07929796454450963,0.03738253809203791,0.003168737686978725,0.14282397865270505,1.1107241196201285,7.7768742342698465,-2.725563900767994,0.4989533372820067,0.44646419429759404,0.0029343123013080815,0.7177648325796492,0.23797773609057782,true
8.21875,2.9021770486914815,0.00867325322767658,0.5406507218780168,0.9350000299599819,-0.00023663502980426457,-0.0007997087352255676,0.041082726407318367,-0.0776833322334457,0.036600605826127335,0.0029885334637275596,0.14155124508459632,1.1079199787727843,7.826988580076776,-2.7698804132234516,0.5021054277251017,0.44871821382605226,0.002765664976889983,0.6924002037351129,0.22959499212497073,true
8.28125,2.9021770486914815,0.008175689652931794,0.5257171515788328,0.9048559289007879,-0.00022595439974283798,-0.0007695768726333711,0.040263586357205866,-0.07609620100265949,0.03583261464545362,0.002817088522086551,0.1402820997519802,1.1051560147939252,7.878097182376435,-2.8146426800294684,0.5052330447538274,0.45094630072427333,0.0026053403840731243,0.6677857241690115,0.2214588302739421,true
8.34375,2.9021770486914815,0.007702608832121416,0.5110461580561008,0.8754860699354488,-0.00021557803669307166,-0.0007401626538648762,0.03945794306573516,-0.07453640453271818,0.03507846146698301,0.0026540795764318816,0.1390167082419553,1.1024330506987683,7.9302197889768005,-2.859850116787946,0.5083355651199863,0.45314821126405924,0.002453023168024964,0.6439064175389584,0.2135643838702117,true
8.40625,2.9021770486914815,0.007253088286802222,0.4966398567155935,0.8468791620095794,-0.00020551045470702678,-0.0007114695099112566,0.03866572654754588,-0.07300376435559267,0.034338037808046784,0.002499188769366244,0.13775523351169505,1.0997518946160396,7.983376504695,-2.9055019920530305,0.5114123526262647,0.4553236980895344,0.00230840382773161,0.6207472658311793,0.20590677040353308,true
8.46875,2.9021770486914815,0.006826222089943896,0.4824999942025456,0.8190237120056538,-0.00019575495571170652,-0.0006834997507129004,0.037886860293098276,-0.07149809031818921,0.033611230025090935,0.0023521039465947357,0.1364978358568122,1.097113336564806,8.037587773301334,-2.951597444063705,0.5144627581099512,0.45747251019177204,0.002171178945532614,0.5982932284903008,0.19848109778613382,true
8.53125,2.9021770486914815,0.0064211216199207355,0.46862796014229213,0.791908043435603,-0.00018631368614650763,-0.0006562545895621684,0.037121261462608024,-0.07001918102679852,0.0328979195641905,0.0022125189167269644,0.1352446728624434,1.0945181453415778,8.092874360048222,-2.9981354982523825,0.5174861197293961,0.45959439308814376,0.0020410514032965445,0.5765292605098729,0.19128247027646827,true
8.59375,2.9021770486914815,0.006036916267997466,0.4550247990272802,0.7655203147342848,-0.0001771876975772769,-0.0006297341700708271,0.036368841113753436,-0.06856682430427535,0.03219798319052192,0.0020801336950546693,0.13399589935178266,1.0919670654961668,8.149257333833772,-3.045115085444626,0.5204817633217758,0.46168908903924266,0.0019177305841440082,0.5554403297811161,0.1843059941610103,true
8.65625,2.9021770486914815,0.00567275409712187,0.44169122215369544,0.7398485373600641,-0.00016837701027570438,-0.0006039375955212197,0.035629504471359805,-0.06714079766460493,0.031511293193245124,0.0019546547305511813,0.13275166735427205,1.0894608143649291,8.206758047396152,-3.092535060516205,0.5234490024897159,0.4637563370639547,0.001800932559058906,0.5350114340607655,0.17754678331475807,true
8.71875,2.9021770486914815,0.005327802448406848,0.4286276196262697,0.7148805935400202,-0.00015988067946715368,-0.000578862960439127,0.03490315117157961,-0.06574086877119899,0.030837717599619376,0.0018357951148462908,0.13151212608172333,1.08700007924925,8.265398116777263,-3.1403942210933957,0.5263871386108562,0.4657958728919728,0.0016903802571564455,0.5152276173105943,0.17099996455857988,true
8.78125,2.9021770486914815,0.005001248491091646,0.41583407248351306,0.6906042533744022,-0.00015169686349347035,-0.0005545073842247311,0.03418967545719004,-0.06436679586618045,0.030177120408990413,0.0017232747717257923,0.13027742188492894,1.0845855148608434,8.325199402693377,-3.188691326007991,0.529295461207642,0.467807429156901,0.0015858036179497961,0.49607398497004607,0.1646606826680017,true
8.84375,2.9021770486914815,0.004692299713487589,0.40331036488475724,0.6670071913866582,-0.0001438228924642066,-0.0005308670466447167,0.03348896638920921,-0.06301832820247771,0.029529361813268505,0.0016168206262961208,0.12904769819837497,1.0822177410177642,8.386183993411143,-3.2374251134647256,0.5321732485502519,0.46979073573615976,0.0014869397246255768,0.47753571833742997,0.15852410509245413,true
8.90625,2.9021770486914815,0.004400184353894988,0.39105599624378773,0.6440770028103657,-0.00013625533644855294,-0.0005079372249734504,0.03280090811141162,-0.0616952064974662,0.028894298386054583,0.0015161667534649272,0.12782309550549337,1.0798973404994083,8.448374186439557,-3.286594318806316,0.535019767969125,0.47174551987489205,0.0013935329181275608,0.4595980885621477,0.15258542655266996,true
8.96875,2.9021770486914815,0.00412415176973896,0.3790701933005388,0.6218012195550568,-0.00012899007317569518,-0.0004857123325939681,0.032125380106022415,-0.06039716337777144,0.028271783271749028,0.001421054505133805,0.12660375132266868,1.0776248571023805,8.511792469370766,-3.3361976914975684,0.5378342759170744,0.4736715061262988,0.0013053348915995477,0.4422464701668053,0.14683987348946412,true
9.03125,2.9021770486914815,0.0038634727424362884,0.36735192220319984,0.6001673255101101,-0.00012202235505401819,-0.00046418595888539187,0.03146225738951393,-0.05912392378899785,0.02766166639948392,0.0013312326152459344,0.12538980016546486,1.0754007940466659,8.576461503468089,-3.386234011004335,0.5406160183886166,0.4755684165262588,0.0012221047642300479,0.4254663535600581,0.1412827081846701,true
9.09375,2.9021770486914815,0.003617439717048295,0.3558999005814584,0.5791627711619639,-0.00011534687452449716,-0.0004433509102002818,0.030811410702110006,-0.05787520539625683,0.027063794694146825,0.0012464572823630135,0.12418137349173128,1.0732256127425868,8.64240411074249,-3.4367021015903836,0.5433642317803543,0.47743597105314894,0.001143609134038907,0.4092433565301365,0.1359092325511841,true
9.15625,2.9021770486914815,0.003385366977767516,0.3447126094915585,0.5587749878610432,-0.00010895782691632085,-0.0004231992517137852,0.03017270675380373,-0.05665071900712115,0.026478012253317425,0.0011664922301325112,0.12297859966130846,1.0710997317676019,8.709643260839563,-3.487600846111592,0.5460781435234534,0.47927388791359665,0.0010696221100975141,0.39356323529718357,0.1307147917847258,true
9.21875,2.9021770486914815,0.003166590760107834,0.33378830519160074,0.5389914018144767,-0.00010284897092194979,-0.00040372234994792786,0.029546008482882625,-0.05545016899573663,0.025904160512854008,0.0010911087459449002,0.1217816039261816,1.0690235260175556,8.778202056408686,-3.538929198565019,0.5487569722640554,0.4810818835072219,0.0009999253247022998,0.37841189526021984,0.1256947779224525,true
9.28125,2.9021770486914815,0.0029604692997211583,0.32312503082433275,0.5197994474558781,-9.7013686953671e-5,-0.00038491091580512924,0.028931175253215053,-0.054273253690988524,0.02534207843777347,0.0010200856977543667,0.12059050840982839,1.0669973261959735,8.848103721146687,-3.590686195073175,0.5513999283065709,0.48285967255792284,0.0009343079254465208,0.3637754008767738,0.12084463312119732,true
9.34375,2.9021770486914815,0.0027663828188318118,0.3127206280311786,0.5011865800392739,-9.144503285064717e-5,-0.00036675504793663846,0.028328063021439788,-0.053119665743417345,0.024791602721977557,0.0009532095294045221,0.11940543205243322,1.0650214187075009,8.919371593076516,-3.64287096337034,0.5540062147201992,0.4846069686756014,0.0008725665473630208,0.3496399844467558,0.11615985257919738,true
9.40625,2.9021770486914815,0.002583733453368215,0.3025727483900773,0.4831402877846651,-8.613579622712562e-5,-0.00034924427624652594,0.02773652455557006,-0.05198909251160137,0.024252567956031312,0.0008902742355202468,0.11822649056307037,1.0630960457695546,8.992029118909048,-3.6954827310666887,0.5565750283864972,0.48632348485661986,0.0008145052662419528,0.33599205436495866,0.11163598728905524,true
9.46875,2.9021770486914815,0.0024119451240520407,0.29267886460300563,0.46564810379165755,-8.107854359015656e-5,-0.0003323676053464267,0.02715640968795163,-0.05088121646028697,0.02372480677233534,0.0008310813170890198,0.11705379641257388,1.0612214056086837,9.066099845820018,-3.74852083263301,0.5591055604025552,0.48800893353527874,0.0007599355344514767,0.32281820320842924,0.10726864674351648,true
9.53125,2.9021770486914815,0.0022504633534782903,0.2830362815003593,0.4486976174201114,-7.626566675813758e-5,-0.00031611355781639965,0.026587565515757534,-0.04979571552710161,0.023208150011344075,0.000775439718432398,0.11588745882832739,1.0593976528964941,9.141607414706174,-3.8019847148102754,0.5615969965414808,0.48966302666168704,0.0007086760999694419,0.31010521516557693,0.10305350142942558,true
9.59375,2.9021770486914815,0.0020987550315961214,0.2736421469237198,0.43227648486020936,-7.168942644112392e-5,-0.0003004702171347678,0.026029836550560324,-0.04873226345799074,0.022702426907430417,0.0007231657463980005,0.11472758374666044,1.0576248995743884,9.2185755599091,-3.855873940502896,0.5640485185649778,0.4912854763306113,0.0006605529092502968,0.2978400723646603,0.09898628496218956,true
9.65625,2.9021770486914815,0.001956308133903386,0.26449346240635463,0.41637243915584476,-6.734199240418702e-5,-0.00028542527011526583,0.025483064905923773,-0.047690530155607036,0.022207465249683263,0.0006740829732581051,0.11357427375712789,1.0559032158895314,9.297028111731713,-3.910188191563032,0.5664593057596498,0.49287599553548633,0.0006153989953438808,0.28600996055968747,0.09506279601287826,true
9.71875,2.9021770486914815,0.0018226313970839175,0.25558709355251075,0.4009733000198006,-6.321548026362233e-5,-0.0002709660486939322,0.024947090537489523,-0.046670182048592024,0.0217230915111025,0.00062802212494434,0.11242762809365132,1.0542326314048096,9.376988995326329,-3.9649272705804104,0.5688285356961792,0.49443429838813785,0.0005730543530376005,0.27460227474210347,0.09127890021670527,true
9.78125,2.9021770486914815,0.0016972539553613188,0.24691978015853355,0.38606698323633626,-5.930198554052855e-5,-0.0002570795709503277,0.02442175144779002,-0.04567088243846658,0.02124913099067656,0.0005848209557465034,0.11128774264527479,1.052613136096754,9.458482228828347,-4.02009110140075,0.5711553847278887,0.49596010015430486,0.0005333658021760629,0.26360462433883325,0.0876305319492707,true
9.84375,2.9021770486914815,0.0015797249404663827,0.2384881461651891,0.37164150927728473,-5.559361512918567e-5,-0.00024375258126962084,0.023906883825762396,-0.04469229180887384,0.020785407983111442,0.0005443241104737703,0.11015470992169583,1.0510446817875474,9.541531928454889,-4.075679728371082,0.573439029440857,0.49745311790042934,0.0004961868399402115,0.25300483738512014,0.08411369576639564,true
9.90625,2.9021770486914815,0.0014696130496620928,0.230288709397152,0.3576850112858121,-5.208251574649129e-5,-0.0002309715895318248,0.023402322204796426,-0.043734068138771606,0.02033174593397518,0.0005063829756095357,0.10902861899157656,1.0495271837934932,9.62616231867138,-4.13169331477371,0.5756786487081665,0.4989130715133808,0.0004613774834572268,0.24279096394562885,0.08072446759814507,true
9.96875,2.9021770486914815,0.001366506086939146,0.22231789097740146,0.34418574284817094,-4.876089930618502e-5,-0.00021872290920723443,0.022907899684381387,-0.04279586724256443,0.01988796755818304,0.0004708555212216529,0.1079095554674318,1.0480605224604504,9.712397738277827,-4.18813214067914,0.5778734249453017,0.5003396841758555,0.00042880410457132374,0.23295127948989733,0.07745899593163605,true
10.03125,2.9021770486914815,0.0012700104810045958,0.21457202442831974,0.3311320854817751,-4.56210658044414e-5,-0.00020699269427443246,0.022423448138781048,-0.041877343099645734,0.019453894960864686,0.0004376061348763031,0.10679760153082682,1.0466445446207746,9.80026264277727,-4.244996599931747,0.5800225447003502,0.5017326823958613,0.0003983392580636232,0.2234742880982469,0.07431350294078234,true
10.09375,2.9021770486914815,0.0011797507826370557,0.2070473645618292,0.318512555413873,-4.265542406447562e-5,-0.00019576697490968683,0.02194879835459461,-0.0409781481444532,0.01902934978985859,0.0004065054484422222,0.10569283591700421,1.0452790653068524,9.889781613274742,-4.302287196174954,0.5821252001513979,0.5030917966146475,0.0003698615040171451,0.21434872479213737,0.07128428532733418,true
10.15625,2.9021770486914815,0.001095369145083654,0.19974009615480182,0.30631580966759686,-3.9856510058223663e-5,-0.00018503169188364022,0.021483780164574695,-0.040097933550486645,0.01861415338591195,0.00037743015905164305,0.10459533385171861,1.0439638697122153,9.980979373250138,-4.360004538388798,0.5841805916432629,0.5044167624677612,0.0003432552253870622,0.20556355703019502,0.06836771488650549,true
10.21875,2.9021770486914815,0.001016524792129629,0.1926463422989091,0.2945306519059871,-3.72170026612324e-5,-0.0001747727295845242,0.021028222647492323,-0.039236349543346274,0.01820812689585395,0.0003502628458136124,0.10350516702642776,1.042698715004788,10.073880801898111,-4.418149336239902,0.586187929557969,0.5057073215932286,0.00031841044237771214,0.1971079861272764,0.06556023904895776,true
10.28125,2.9021770486914815,0.0009428934772189683,0.18576217240301804,0.2831460381083122,-3.4729737313203804e-5,-0.00016497594761440788,0.020581954338418182,-0.038393045715647056,0.017811091377228874,0.0003248917834437755,0.10242240363450875,1.0414833319098913,10.168510940500802,-4.476722394900158,0.5881464350769736,0.5069632217138411,0.00029522262484081265,0.188971448714319,0.06285838143785599,true
10.34375,2.9021770486914815,0.000874166935486674,0.17908360994907777,0.27215108165452107,-3.2387718021808704e-5,-0.00015562721094311647,0.02014480337091508,-0.037567671305066816,0.017422867934151737,0.0003012107534517282,0.10134710837995534,1.0403174264578479,10.264895003788823,-4.535724609120365,0.5900553416246771,0.5081842171510106,0.0002735925031940795,0.18114361752797495,0.06025874220376252,true
10.40625,2.9021770486914815,0.000810052331150494,0.1726066400356068,0.26153505769314445,-3.0184127569709365e-5,-0.0001467124186003111,0.019716597594096802,-0.03675987545699201,0.01704327786289521,0.00027911885372938435,0.10027934241956796,1.0392006820317699,10.363058402235653,-4.595156957055517,0.5919138977763034,0.5093700702626608,0.0002534258784942527,0.17361440133040792,0.057757998070545935,true
10.46875,2.9021770486914815,0.0007502717039050016,0.1663272166118446,0.2512874072180856,-2.8112335732712923e-5,-0.0001382175308637058,0.019297164749687214,-0.035969307514234175,0.01667214276454696,0.0002585203077955841,0.09921916332710869,1.0381327612926263,10.463026762986091,-4.655020494223238,0.5937213698059274,0.5105205526313671,0.0002346334328827264,0.16637394467577268,0.05535290233061168,true
10.53125,2.9021770486914815,0.0006945614171903357,0.16024126935183225,0.24139774106673834,-2.6165905840250216e-5,-0.000130128594916444,0.01888633268014066,-0.03519561731972108,0.01630928463958042,0.0002393242746866515,0.09816662513584172,1.037113307753323,10.564825940773444,-4.715316347140796,0.5954770427126848,0.5116354452723275,0.00021713054144694566,0.1594126278709131,0.053040284904830745,true
10.59375,2.9021770486914815,0.000642671609492298,0.15434471025519758,0.23185584346714486,-2.4338600124967078e-5,-0.0001224317689850526,0.018483929479166033,-0.03443845548849618,0.015954526009330148,0.00022144465989146407,0.09712177837447421,1.03614194741214,10.668482031054547,-4.7760457062406125,0.5971802215089036,0.5127145390078178,0.00020083708580779423,0.1527210665003588,0.0508170522570346,true
10.65625,2.9021770486914815,0.0005943656498690834,0.1486334400389722,0.2226516748853793,-2.2624383837053456e-5,-0.00011511334497413218,0.01808978359966931,-0.0336974736568163,0.015607690057146992,0.000204799927742888,0.09608467002301621,1.035218290745598,10.774021396936899,-4.837209818622136,0.5988302343111882,0.5137576359799565,0.00018567726966071493,0.14629011010339177,0.04868018702554981,true
10.71875,2.9021770486914815,0.0005494196001792511,0.14310335424722295,0.21377537452700673,-2.1017427922844402e-5,-0.00010815976958969279,0.01770372400892898,-0.03297232475301229,0.015268600744083309,0.00018931291611825357,0.09505534346738519,1.0343419346553278,10.881470698280364,-4.898809981202645,0.600426435541705,0.5147645512197403,0.00017157943706313863,0.14011084059989878,0.04662674757032207,true
10.78125,2.9021770486914815,0.0005076216863092757,0.13775034900713845,0.20521726281496738,-1.951211046610105e-5,-0.00010155766394599666,0.017325580389869547,-0.03226266328947711,0.014937082899607566,0.00017491065424080502,0.09403383854327248,1.0335124639795845,10.990856908430713,-4.960847533685944,0.6019682072950424,0.5157351130516872,0.00015847589430897517,0.13417457099686445,0.044653867612529305,true
10.84375,2.9021770486914815,0.00046877177907816715,0.13257032649602274,0.19696784356261776,-1.810301729348474e-5,-9.529384168524785e-5,0.01695518330008495,-0.03156814563218409,0.01461296233209914,0.00016152418381556855,0.0930201916001504,1.0327294529448385,11.10220732917915,-5.023323850629501,0.6034549603770085,0.5166691632988331,0.00014630273557910336,0.12847284389366817,0.04275875580596221,true
10.90625,2.9021770486914815,0.00043268088502501926,0.12755920020307607,0.18901780550275277,-1.678494180063665e-5,-8.935532565147416e-5,0.016592364276629218,-0.030888430242307884,0.014296065965678666,0.00014908838357056961,0.09201443547941117,1.0319924670263612,11.215549621638186,-5.086240333217701,0.6048861373266333,0.5175665587403027,0.00013499967229233556,0.12299742921798434,0.040938695050783895,true
10.96875,2.9021770486914815,0.0003991706484291107,0.12271289994151209,0.18135802342285545,-1.5552883819233758e-5,-8.372936313758115e-5,0.016236955971189064,-0.0302231779320001,0.013986221960811035,0.00013754179766843885,0.09101659946361126,1.0313010648770446,11.3309118441561,-5.14959840166675,0.6062612161437904,0.5184271730080036,0.00012450986655511087,0.11774032161456686,0.03919104169024036,true
11.03125,2.9021770486914815,0.0003680728662866927,0.11802737652922321,0.17397955929931447,-1.4402047617285725e-5,-7.840343971759545e-5,0.015888792339869593,-0.02957205214587893,0.013683259806009335,0.00012682646858248965,0.0900267093172192,1.0306547997711903,11.448322476605943,-5.213399487645597,0.6075797120316492,0.5192508972407243,0.00011477976934331631,0.11269373813755025,0.03751322480690386,true
11.09375,2.9021770486914815,0.00033922901669528147,0.11349860617558821,0.16687366326556174,-1.3327839357565953e-5,-7.336529170350503e-5,0.015547708809326983,-0.02893471922934229,0.013387010420015307,0.00011688777459260499,0.08904478737824721,1.0300532208464053,11.56781043758253,-5.2776450255009335,0.6088411780702503,0.5200376400852038,0.00010575896355541489,0.10785011595705217,0.035902745521956755,true
11.15625,2.9021770486914815,0.0003124898002419754,0.10912259466484917,0.16003177403215865,-1.2325864111822349e-5,-6.860291728320953e-5,0.015213542380109062,-0.028310848664868576,0.013097306284759514,0.00010767427176190686,0.08807085257079807,1.0294958747580907,11.689405117663684,-5.3423364428507405,0.6100452077710923,0.5207873288889417,9.740001168728228e-5,0.10320210943522444,0.0343571760826512,true
11.21875,2.9021770486914815,0.000287714694723825,0.10489538132644735,0.15344551886402924,-1.1391922305834094e-5,-6.410458638194554e-5,0.01488613169775587,-0.027700113291613995,0.012813981593858124,9.91375405072369e-5,0.08710492035138241,1.0289823075692435,11.813136426947125,-5.407475152157477,0.6111914393147093,0.5214999119501322,8.965830817730452e-5,0.09874258673831524,0.032874158793429364,true
11.28125,2.9021770486914815,0.00026477152393089933,0.10081304276084144,0.1471067132953186,-1.0522005734736145e-5,-5.985884929214668e-5,0.014565316957908253,-0.027102189441453838,0.012536872483545585,9.123203701520489e-5,0.08614700262679072,1.028512066725766,11.939034851642193,-5.473062543067597,0.6122795611735492,0.5221753616322506,8.249193669181933e-5,0.09446462623443216,0.031451404873795594,true
11.34375,2.9021770486914815,0.0002435360393238493,0.09687169658900224,0.14100735960770985,-9.712293792470753e-6,-5.585454410432153e-5,0.014250939045622354,-0.026516756686605775,0.012265817640983421,8.391494910128022e-5,0.08519710719800776,1.028084705708982,12.067131614217796,-5.539099974301162,0.6133093318064452,0.5228136861979937,7.586153190047771e-5,0.09036151082576337,0.030086692626022666,true
11.40625,2.9021770486914815,0.00022389151100417896,0.09306750593743132,0.13513964088300595,-8.959151084500322e-6,-5.208080362745248e-5,0.01394283663532589,-0.02594349662477774,0.01200065998945185,7.714605527086157e-5,0.08425523522928997,1.0276998002745645,12.197459273335472,-5.605588761815573,0.6142806544104953,0.5234149756447617,6.973014429576902e-5,0.08642671452945008,0.028777863017996987,true
11.46875,2.9021770486914815,0.00020572832008631023,0.08939668632886874,0.12949590449410175,-8.259127683944565e-6,-4.8527061769404185e-5,0.013640839111284588,-0.02538208962322299,0.011741250511938403,7.088758426336118e-5,0.08332137345076071,1.0273569954821204,12.330053537694544,-5.672530167750907,0.615193798708497,0.5239795381027672,6.406310479621439e-5,0.08265387008358666,0.027522808941377652,true
11.53125,2.9021770486914815,0.0001889435448632698,0.08585551737388056,0.12406862582018299,-7.608963134490098e-6,-4.5183060735872783e-5,0.013344752997474462,-0.02483220852822366,0.011487455530749199,6.510407245776397e-5,0.08239547558771743,1.0270561174862884,12.464957695315375,-5.739925392022528,0.6160499245498724,0.5245082216691211,5.8827885709929496e-5,0.07903670108193059,0.026319452647643557,true
11.59375,2.9021770486914815,0.00017344053639780407,0.08244036180926889,0.11885034334081149,-7.005592616844609e-6,-4.203885978934903e-5,0.013054341509746624,-0.024293509303514517,0.011239167793767893,5.976221763451821e-5,0.08147742638939202,1.0267973922135885,12.60223153473675,-5.8077755859016715,0.616852096708639,0.5250030372558491,5.39939553674689e-5,0.07556890299847693,0.02516570615015774,true
11.65625,2.9021770486914815,0.00015912849568599838,0.07914769142766108,0.11383356915842666,-6.446147940185582e-6,-3.908484558536274e-5,0.012769302996000053,-0.023765621644158436,0.010996318648158383,5.483073327926199e-5,0.08056698665938937,1.026581784326807,12.741965746675572,-5.876081945011161,0.6176068473555064,0.5254681155688279,4.953262999008543e-5,0.07224398089231394,0.0240594171875543,true
11.71875,2.9021770486914815,0.00014592209610680474,0.07597411169871227,0.10901071055480628,-5.927940399988351e-6,-3.631174194784959e-5,0.012489263135796912,-0.023248146983078404,0.010758883847281492,5.028021849066629e-5,0.0796637339548687,1.0264113718041803,12.88429905112991,-5.944845975511496,0.6183259003530153,0.5259107592428619,4.541693988234278e-5,0.06905510778853796,0.02299832207328805,true
11.78125,2.9021770486914815,0.0001337412229856616,0.07291636709127707,0.10437407535486383,-5.448415083668639e-6,-3.371061422361679e-5,0.012213800738094291,-0.02274067339013093,0.01052687265203664,4.608306824215365e-5,0.07876703769066562,1.026289522414384,13.029428965512635,-6.014069990114071,0.6190270014754529,0.5263419408216473,4.1621541157810675e-5,0.06599513318238072,0.021980048567459866,true
11.84375,2.9021770486914815,0.00012251088903268681,0.06997130650199157,0.09991603824075795,-5.005083597629889e-6,-3.127286240732003e-5,0.011942517027859378,-0.022242811446510725,0.010300294418651348,4.221344424452805e-5,0.07787612014734271,1.026220554466644,13.177602486166752,-6.083757699240262,0.6197324146937241,0.5267753649359712,3.8122702672300376e-5,0.06305687772312775,0.021002214110763254,true
11.90625,2.9021770486914815,0.00011216129938949618,0.0671358040871816,0.09562937305830971,-4.595468275223842e-6,-2.8990200662051596e-5,0.01167512965609463,-0.021754240783327366,0.010079111127232736,3.864729735908665e-5,0.07699022709652525,1.026208728108272,13.329077816872514,-6.153914461087639,0.6204643570396706,0.5272246552814291,3.489836437530706e-5,0.06023372189140694,0.020062622026538805,true
11.96875,2.9021770486914815,0.00010262790952049123,0.06440666468506168,0.09150761695529902,-4.217101451275884e-6,-2.6854627941920017e-5,0.011411541283308915,-0.021274741867577537,0.009863200584268622,3.5362387545158065e-5,0.07610885490494831,1.0262568824335978,13.484066784545387,-6.224546646484904,0.6212387304126307,0.5276995102790387,3.1928204492145314e-5,0.05752025154228858,0.01915947667429777,true
12.03125,2.9021770486914815,9.385125321033983e-5,0.06178057045759759,0.08754522978697232,-3.867596745320217e-6,-2.4858405644268933e-5,0.011151830857170513,-0.020804188733311677,0.009652357876141163,3.233822459338068e-5,0.07523190224619411,1.0263655240910718,13.642690048329788,-6.295659976255469,0.6220607230527273,0.5282030252421717,2.9193615399159417e-5,0.05491254557008535,0.01829147934827539,true
12.09375,2.9021770486914815,8.577641852506839e-5,0.05925411465449171,0.0837373819069154,-3.5447529717572857e-6,-2.2994047468682445e-5,0.010896159619782238,-0.020342499538669578,0.00944633991888734,2.955588755818423e-5,0.07435961908440661,1.0265331501273915,13.80498128913436,-6.367257601671814,0.6229258738497614,0.5287323757316459,2.6677521562456027e-5,0.052407813093773896,0.017457707415311555,true
12.15625,2.9021770486914815,7.835228975380661e-5,0.056823910591992696,0.08007946532861418,-3.246617066828244e-6,-2.1254324673026918e-5,0.010644652277508344,-0.019889576635374218,0.009244924357865874,2.6997763554478416e-5,0.07349235907424231,1.0267577557054293,13.97094566889864,-6.439339412366655,0.6238266327731397,0.5292828585960553,2.436407984939285e-5,0.050003543493880385,0.016657331119553687,true
12.21875,2.9021770486914815,7.153091938292926e-5,0.05448669760747338,0.07656667865597239,-2.971465327698226e-6,-1.9632283470181415e-5,0.010397334947036943,-0.019445277923050938,0.009047942976013995,2.4647331359463664e-5,0.07263031897376515,1.0270384160579513,14.140629293242242,-6.511902888831969,0.6247595253583458,0.5298522756260972,2.2238418823662095e-5,0.047696777937304806,0.01588937086749804,true
12.28125,2.9021770486914815,6.526725043438751e-5,0.052239375902420435,0.07319395423458754,-2.7177296739145925e-6,-1.8121253656443355e-5,0.010154155882023914,-0.019009429300651925,0.008855273418628011,2.248906573905092e-5,0.07177345223416477,1.0273757874440097,14.314147577744214,-6.584944681412679,0.6257277189255636,0.5304424828077872,2.0286525563438935e-5,0.04548396998058109,0.0151526508115686,true
12.34375,2.9021770486914815,5.951910982281669e-5,0.050078969630948836,0.06995618423846103,-2.48393148812402e-6,-1.671484380840919e-5,0.009915045705789029,-0.018581854922507017,0.008666809216717988,2.0508435158927454e-5,0.07092157850446888,1.0277713884835384,14.491659804480761,-6.658461662506647,0.6267381951168057,0.5310576437644569,1.8495258814934736e-5,0.04336136462410025,0.014445925198199913,true
12.40625,2.9021770486914815,5.424723014299614e-5,0.048002572937508356,0.0668484645820061,-2.26866183922064e-6,-1.5406933845205003e-5,0.009679953880981374,-0.018162394964591107,0.008482441083609732,1.8691909291838295e-5,0.07007453820906015,1.0282266249470702,14.67332716313395,-6.7324507176264605,0.62779754329334,0.5317016567932306,1.685238345520491e-5,0.041325417020798,0.01376801792451297,true
12.46875,2.9021770486914815,4.941511019945914e-5,0.04600733250035349,0.06386613125837001,-2.070592813171612e-6,-1.4191668878079321e-5,0.009448841901498983,-0.017750901818987853,0.00830205991748887,1.7026910960425094e-5,0.06923223038201781,1.0287425645336121,14.859301207791434,-6.806908182302198,0.6289108755114177,0.5323774959322021,1.5346536396738104e-5,0.039372862787314625,0.013117845990233485,true
12.53125,2.9021770486914815,4.4988776026224655e-5,0.044090462418926966,0.06100465637870241,-1.888484700783928e-6,-1.3063455615317454e-5,0.009221665248026416,-0.017347231346103307,0.008125566098076891,1.5501733792054127e-5,0.06839454893492446,1.0293203524954517,15.049742538324537,-6.881829836357092,0.6300835635421088,0.5330882672940271,1.3967143970126452e-5,0.03750054816360724,0.012494362918973713,true
12.59375,2.9021770486914815,4.0936589858109916e-5,0.04224925587891481,0.05825959323615505,-1.7211786004039869e-6,-1.2016958280688012e-5,0.00899837180498647,-0.01695124251059609,0.007952870705609622,1.4105476396268516e-5,0.06756134022023941,1.0299614822657355,15.244834973791551,-6.957211272038306,0.6313224423817213,0.5338379330986329,1.2704355749284071e-5,0.035705337802802904,0.011896528049698329,true
12.65625,2.9021770486914815,3.722912594431025e-5,0.0404810807067888,0.05562661038974688,-1.567587004455239e-6,-1.1047092743467858e-5,0.008778910049362303,-0.016562801556348806,0.0077838915069865025,1.2827999574008045e-5,0.06673242368904451,1.0306676489312647,15.444780692125075,-7.033048181431266,0.632635275606696,0.5346309784987873,1.154900790950241e-5,0.0339841706007911,0.011323325162908246,true
12.71875,2.9021770486914815,3.383904217902082e-5,0.03878337312057354,0.0531015203397083,-1.426690381241961e-6,-1.0149020117859947e-5,0.00856323123821845,-0.016181782969254557,0.007618551731036108,1.1659882085511631e-5,0.06590761436522614,1.0314405786769143,15.64979386086106,-7.1093366955534165,0.6340301544782732,0.5354720405285831,1.0492586473232797e-5,0.032334108396256354,0.010773778730386367,true
12.78125,2.9021770486914815,3.0740961601298636e-5,0.0371536384029687,0.05068026148514046,-1.2975366771802927e-6,-9.318140658884626e-6,0.008351286532134931,-0.015808067834235287,0.007456781302100356,1.0592379818853216e-5,0.06508671059456018,1.0322821460000389,15.860106257794428,-7.186073005186592,0.6355158601050805,0.5363661190423067,9.527189741080175e-6,0.03075230864664185,0.01024694482313102,true
12.84375,2.9021770486914815,2.7911488001665598e-5,0.03558945146654043,0.04835887779017866,-1.1792417843224045e-6,-8.550087469074482e-6,0.008143027357852299,-0.01544154322692418,0.007298515869071881,9.617431167492068e-6,0.0642694775998066,1.03319482343578,16.07597979665061,-7.263248341163189,0.6371023287096061,0.5373188458479442,8.645530679756826e-6,0.029235994803818804,0.009741901233817858,true
12.90625,2.9021770486914815,2.5329429786167946e-5,0.03408845152347298,0.04613351887199045,-1.07099302454398e-6,-7.84071963413812e-6,0.007938409612750911,-0.015082101591296103,0.007143691978545192,8.727734166869091e-6,0.06345564852871913,1.0341826471681574,16.297724019006772,-7.340833537002151,0.6388005703556575,0.5383364214848235,7.841003477397284e-6,0.027782463864888484,0.009257749961289878,true
12.96875,2.9021770486914815,2.297609386717476e-5,0.03264833100994467,0.04400043264793141,-9.720541906428275e-7,-7.186114895869547e-6,0.007737399250332611,-0.014729635418751795,0.006992236168419184,7.916847760040726e-6,0.06264492424293239,1.035252841027814,16.525725803629037,-7.41875203120896,0.6406224873816035,0.5394254906043713,7.10777059642877e-6,0.02638909067548117,0.008793618602736216,true
13.03125,2.9021770486914815,2.0835305684171002e-5,0.031266806414228285,0.04195591882458931,-8.817652543850059e-7,-6.582561703311318e-6,0.007539981511377268,-0.01438401731690368,0.006844035805526411,7.179198696221899e-6,0.06183695313560475,1.0364175310559505,16.76048832456458,-7.496851727597911,0.6425808242156567,0.540593094868782,6.440766596721582e-6,0.025053299178461993,0.008348650766226694,true
13.09375,2.9021770486914815,1.8892857533474597e-5,0.02994155020747449,0.03999622950048165,-7.995306351589197e-7,-6.026550218361608e-6,0.007346178483340023,-0.01404502911070188,0.006698850627361858,6.509891442354597e-6,0.06103128975517817,1.0376943602286621,17.002661493658167,-7.574895461423766,0.6446887940812999,0.5418464320783389,5.835531385360853e-6,0.023772507349670697,0.007921987792206963,true
13.15625,2.9021770486914815,1.7135475069145336e-5,0.028670119032676376,0.03811745611083327,-7.247978967680334e-7,-5.514760920731672e-6,0.007156090453854125,-0.013712097540864152,0.006556007087010027,5.904352071446258e-6,0.060227339524150096,1.0391052365600715,17.253048943717808,-7.65258381129583,0.6469593545263165,0.5431924089349873,5.2879004125929205e-6,0.022544065089024585,0.007512748194405207,true
13.21875,2.9021770486914815,1.5549744362362794e-5,0.027449813111235656,0.03631529323359684,-6.570366891659719e-7,-5.044047713959765e-6,0.0069700076878892615,-0.013383212596829631,0.00641320490894037,5.357958560582574e-6,0.059424242292449525,1.0406741162142428,17.51261902663707,-7.729604384776807,0.6494033804888235,0.5446365499549713,4.793686445349268e-6,0.021365121723788287,0.0071199836416748884,true
13.28125,2.9021770486914815,1.4121201862144122e-5,0.026276648262710575,0.034583718974192754,-5.957147365305189e-7,-4.6114107571036645e-6,0.006788597633848778,-0.013049888279444144,0.006261290645595366,4.865727219678419e-6,0.05862039607482066,1.0424270550744037,17.78266823280915,-7.805695211297601,0.6520184148067719,0.546176390624823,4.348423487541633e-6,0.020232034068351407,0.006742481756509631,true
13.34375,2.9021770486914815,1.2833444031729085e-5,0.025143116624987232,0.032912533688285665,-5.402259350337908e-7,-4.213955124388375e-6,0.006613007249827211,-0.012671466655681248,0.006058459405854037,4.4220058998520996e-6,0.05781271546384189,1.0443930206929413,18.06510924653144,-7.880740000735849,0.654755756639176,0.5477823411623474,3.947120555921434e-6,0.019139578399336565,0.006378503543920352,true
13.40625,2.9021770486914815,1.1667578868115065e-5,0.02404002312889319,0.03129201263507926,-4.89889150665732e-7,-3.848873103548425e-6,0.006444194142511798,-0.01205724320295349,0.005613049060441692,4.020285004106032e-6,0.056999709182336225,1.0465683809778634,18.360942467793976,-7.954981271424654,0.6574653272042287,0.5493660576790983,3.584155807600455e-6,0.018085239902249525,0.0060272133192110205,true
13.46875,2.9021770486914815,1.0604039801492743e-5,0.02296342424121981,0.029721164706014463,-4.440685178230582e-7,-3.5135409034686406e-6,0.006282055750018606,-0.011382072341093714,0.005100016591075108,3.653822500689211e-6,0.05618451319309422,1.0488879506107471,18.668631104908613,-8.029117344825552,0.6599633205625751,0.5508208836039016,3.2537168032760734e-6,0.0170724310748994,0.005689751354812499,true
13.53125,2.9021770486914815,9.62905996126461e-6,0.02191437123930539,0.028201110084034108,-4.02254731142215e-7,-3.205592340316249e-6,0.006125799231639632,-0.010734681537504167,0.004608882305864535,3.3178747539217538e-6,0.05536804760607096,1.0513153742027321,18.987763153264197,-8.103674324757494,0.6622359133225797,0.5521400897812107,2.951459549454392e-6,0.016101307180470002,0.0053661714458230715,true
13.59375,2.9021770486914815,8.736015649220712e-6,0.020896278995953074,0.02673568397213757,-3.6407246477059267e-7,-2.9228682515805468e-6,0.005974586939403415,-0.01011584604292291,0.004141259103519495,3.0101594432908774e-6,0.05455230395707089,1.0538317119248244,19.317822263824482,-8.178724924730604,0.6643014624843416,0.5533355239182058,2.675140781418362e-6,0.01517303048597612,0.0050568620836562795,true
13.65625,2.9021770486914815,7.920774887698653e-6,0.019913044870174507,0.025329177809480942,-3.292440646349224e-7,-2.6633972184263486e-6,0.005827681632062273,-0.009526396930588215,0.0036987152985259427,2.7292528177320987e-6,0.0537397122938917,1.0564265245889723,19.658209534349343,-8.254109604927049,0.6661927222113264,0.5544270981268875,2.4232895433964754e-6,0.014288846127244776,0.004762239024321179,true
13.71875,2.9021770486914815,7.178698208169324e-6,0.01896782881039699,0.02398483284598482,-2.975337020522588e-7,-2.4253726640551237e-6,0.005684507154840683,-0.00896677761719218,0.003282270462351497,2.4735562606030596e-6,0.05293255904934821,1.0590885510298502,20.008262779104978,-8.329683221230525,0.6679452179111663,0.5554360345800103,2.1943328919369344e-6,0.01344941722695081,0.0044825240641569826,true
13.78125,2.9021770486914815,6.504172710292881e-6,0.018062455357622145,0.022704142766752644,-2.687143554415575e-7,-2.20713136095094e-6,0.005544652603011594,-0.008436862911337484,0.00289221030832589,2.2411357409174774e-6,0.05213263290213389,1.0618041495344208,20.36736091053938,-8.405404179147894,0.6695887133649265,0.5563799945126204,1.986452176938301e-6,0.01265455395400001,0.004217654789317483,true
13.84375,2.9021770486914815,5.891275322183871e-6,0.017197350087750876,0.021486836500477884,-2.425594968479175e-7,-2.007135773261594e-6,0.0054078372256998785,-0.007935989765239276,0.002528152539539397,2.0299503522157956e-6,0.05134111605042487,1.0645603869985152,20.735045688390436,-8.481304001530004,0.6711426440558145,0.5572705351432808,1.797767569260353e-6,0.011903260014036486,0.003967299984585302,true
13.90625,2.9021770486914815,5.334379693510743e-6,0.016371828945166107,0.020331278465608636,-2.1884656797925293e-7,-1.8239596855127658e-6,0.0052738085711820665,-0.007463086965065448,0.002189278393883382,1.8380614290626688e-6,0.05055862723346151,1.0673479584693761,21.11109452281503,-8.557432533379373,0.672618022680135,0.5581142825461692,1.6265059157814495e-6,0.011193926899914754,0.003730924305582333,true
13.96875,2.9021770486914815,4.828277586600795e-6,0.015584751946175736,0.019234798045805038,-1.9736259675499425e-7,-1.6562754539926086e-6,0.005141888328202855,-0.007016350355842606,0.0018744620276397502,1.6636743746484192e-6,0.04978448971304064,1.070168685048814,21.496025995592195,-8.633839925421498,0.6740660956389384,0.5589407341887608,1.4710046507884114e-6,0.010523845350866185,0.0035076254191058467,true
14.03125,2.9021770486914815,4.36664390654901e-6,0.014831842500770579,0.018186294865508823,-1.7790494188407563e-7,-1.502979653571264e-6,0.005008444758407086,-0.006587663162424892,0.0015792184040178056,1.5046097578773905e-6,0.04900602108072603,1.073123949529161,21.897797982036508,-8.710685769972224,0.6758838707378345,0.5599758312486355,1.32912074534518e-6,0.009880821532197402,0.0032933395133118784,true
14.09375,2.9021770486914815,3.941904430045257e-6,0.014132474524124122,0.017179061410925046,-1.602753018655687e-7,-1.3634028151827602e-6,0.0048560869344924035,-0.006150140732435118,0.0012940537979427144,1.3582577368333065e-6,0.0481711740863624,1.0766523307640095,22.35055198849341,-8.788402551222916,0.6809707807020783,0.5628585860175344,1.1972375859403284e-6,0.009224476783355405,0.0030746079560729175,true
14.15625,2.9021770486914815,3.5169236064121713e-6,0.013561752313018077,0.016156414961600935,-1.4420878015981716e-7,-1.238657628724904e-6,0.0046281736073051,-0.0055688434774941,0.0009406698701890006,1.2118225550704646e-6,0.04698983686085572,1.0830839236466725,23.0493229175035,-8.872473373080256,0.7036208479056589,0.5754480851360564,1.058942949793212e-6,0.008352330562003383,0.002783940802365844,true
14.21875,2.9021770486914815,3.036234033588925e-6,0.012905583092979619,0.014403982837524126,-1.2896011916349427e-7,-1.1319842657931908e-6,0.0041259850791094885,-0.004223316493958287,9.733141484879852e-5,1.0461918699818421e-6,0.04385092904146931,1.107500832292509,25.256040328020383,-8.950760594748381,0.801194374277877,0.6252632395871033,8.793906076015965e-7,0.006334596144630552,0.00211140369102591,true
14.28125,2.9021770486914815,1.867755163391869e-6,0.012271183526496213,0.0123951348752487,-1.0994669000033442e-7,-1.0593489597612247e-6,0.001161104590238624,-0.001161104590238624,0.0,6.435703721914529e-7,0.03175738845089945,1.203823251009469,37.9068717464195,-9.326231262638427,1.7486167077751231,0.8680740543664952,3.6687133866676293e-7,0.0017428388395278065,0.000580922056750163,true
14.34375,2.9021770486914815,1.8585550113082508e-6,0.011708727144016239,0.011834879772965146,-9.677713559239231e-8,-9.906617826137577e-7,0.0011346478155203378,-0.0011366522873094765,2.004471789138684e-6,6.404002857600388e-7,0.03159828272375194,1.2052576681081604,38.14313830422775,-9.327795895385366,1.7229781418005814,0.8648846053407904,3.634776825640976e-7,0.0017081819179696756,0.0005693698318555757,true
14.40625,2.9021770486914815,1.7995915727732661e-6,0.011256192052663452,0.011388486707173998,-8.645864517481568e-8,-9.256729240884395e-7,0.0011080841265904125,-0.0011127121689314802,4.6280423410677285e-6,6.200833176544679e-7,0.03149028231339565,1.2054234150985361,38.279219065170494,-9.354523467582695,1.7009893566416092,0.86206308368549,3.520321367270808e-7,0.0016849390756988455,0.0005616267090337596,true
14.46875,2.9021770486914815,1.6212342050224766e-6,0.010836191821420305,0.010945648304464956,-7.70629373770273e-8,-8.644179364106674e-7,0.0010273759407240031,-0.0010273759407240031,0.0,5.586269127700015e-7,0.03079601448676519,1.209131757319126,39.26260516076712,-9.444996293461179,1.7469967976455487,0.8678756586497672,3.1074077168931306e-7,0.0015411811901946033,0.0005137207403383799,true
14.53125,2.9021770486914815,1.4920975224985744e-6,0.010598043133778738,0.01072065034130808,-6.797052616437308e-8,-8.059892440698488e-7,0.0010185926528695063,-0.0010197966155681007,1.2039626985944213e-6,5.141304260438981e-7,0.030877311238379748,1.20587593674908,39.05378701660413,-9.525572384856199,1.7208088184891643,0.8646098328293308,2.878492917442532e-7,0.001557478039093621,0.0005191648998446512,true
14.59375,2.9021770486914815,1.418385181352334e-6,0.010265480069813988,0.010414455366991886,-6.05463523144207e-8,-7.500255522122605e-7,0.0010359509796906904,-0.0010243456181176023,-1.1605361573088129e-5,4.887314445518918e-7,0.031215968259069006,1.2011997312279312,38.48029704729576,-9.572032694685355,1.6559971392323702,0.8560295235209937,2.794304935558461e-7,0.0016269013541147658,0.0005423133338300632,true
14.65625,2.9021770486914815,1.7963464911964081e-6,0.009835666714913167,0.011297951956123252,-5.3923242680885076e-8,-6.854849939757774e-7,0.0011815754097201873,-0.0011040579195678467,-7.751749015234063e-5,6.189651634128716e-7,0.03992585451604882,1.1230222998863217,28.127696038037342,-9.441944441343045,0.9971087013061931,0.7060823328478224,4.6526915351384955e-7,0.004353161485791786,0.0014510728617830777,true
14.71875,2.9021770486914815,1.7672988378643915e-6,0.009125366111009045,0.010814115609776877,-5.196652135698191e-8,-6.239266014574659e-7,0.0011422944480631715,-0.0010946351528935082,-4.765929516966326e-5,6.089562449889892e-7,0.04058584949076132,1.1165826958149287,27.51162559919067,-9.447068596466108,0.9165872518167542,0.6756928156791693,4.747973906161143e-7,0.004648171292303441,0.0015494131200519596,true
14.78125,2.9021770486914815,1.5799572381933207e-6,0.009172150896029026,0.010293620181366533,-4.948478249491601e-8,-5.722821193599852e-7,0.0010785373562799097,-0.0010668998042985356,-1.1637551981374126e-5,5.44404153049754e-7,0.03807932233851807,1.1372072720993232,29.864167801878473,-9.527289500467397,1.066713945129413,0.7295523294451305,3.970224887887358e-7,0.0036020561291463323,0.001200714942602652,true
14.84375,2.9021770486914815,1.3237762148317942e-6,0.008364440064653016,0.009089149476325182,-4.442588610999778e-8,-5.263587280913618e-7,0.0010722497763272394,-0.0010639200859907513,-8.329690336488123e-6,4.561321355045005e-7,0.03568733741023851,1.1560322600401243,32.39334576158278,-9.638369374712534,1.1493589387396588,0.7544243160878977,3.213986716606876e-7,0.002778812501091282,0.0009263095924875115,true
14.90625,2.9021770486914815,1.2831229682447715e-6,0.008002313036052436,0.008970471283275926,-3.972564364464415e-8,-4.81641393339409e-7,0.0010874645204033374,-0.0010729272715364361,-1.4537248866901276e-5,4.4212429039203495e-7,0.0370176305602535,1.1417726629631766,30.844023393250854,-9.677208714202756,1.0345190424287098,0.7190005574401795,3.271319697796653e-7,0.0032168038082806363,0.0010723188568576823,true
14.96875,2.9021770486914815,1.2000075477001611e-6,0.0074343222665922476,0.008377608699920424,-3.753444932566658e-8,-4.397095554200693e-7,0.0010867281884072513,-0.0010727464846081306,-1.3981703799120695e-5,4.134853000237233e-7,0.03672131587793184,1.1432186747029218,31.132290534009815,-9.715918854408226,1.0021788880525364,0.7078758769309723,3.1082708399362395e-7,0.003115031335309909,0.0010383991892020151,true
15.03125,2.9021770486914815,1.1090045701554587e-6,0.006815958928550192,0.007754920806694629,-3.516857483045927e-8,-4.0009364457375726e-7,0.001077236821500358,-0.0010663910895806026,-1.0845731919755484e-5,3.821285026892074e-7,0.03648433534310745,1.1437648977660533,31.34947881083247,-9.764056241776814,0.9597141216859857,0.6924244836967395,2.932714614628976e-7,0.0030353839755771716,0.0010118558605953923,true
15.09375,2.9021770486914815,1.003692511727248e-6,0.006495572504908195,0.0073807877401270375,-3.259683726691124e-8,-3.634375590826621e-7,0.0010406632068035303,-0.001043269664859823,2.606458056292598e-6,3.458412408642635e-7,0.03602016130505062,1.1454723858237366,31.800867745229183,-9.842477138672692,0.9594155028350131,0.6923123061341786,2.6584278740062965e-7,0.0028838229700300735,0.000961343572570046,true
15.15625,2.9021770486914815,8.304421967893721e-7,0.005949017437188216,0.0065644141269685305,-2.959473663502644e-8,-3.3068201628069576e-7,0.0009943128990472679,-0.0010097369466823328,1.542404763506494e-5,2.861445676320118e-7,0.034098870238723565,1.1600442199869823,34.02001919317567,-9.96970801768544,1.0201536525206438,0.7141255520166985,2.1510066830002566e-7,0.0023160688069719217,0.0007720959643528327,true
15.21875,2.9021770486914815,6.651284758939678e-7,0.005177889819483217,0.005558640491504107,-2.6168014228508377e-8,-3.0104464321588965e-7,0.0009591490592569642,-0.000976856811668742,1.77077524117779e-5,2.2918259800650603e-7,0.03197184822264515,1.1769415321716168,36.811807812161696,-10.104466453696164,1.0613183039628686,0.7278192292581401,1.7022720082652767e-7,0.001790072713904276,0.0005967640600873502,true
15.28125,2.9021770486914815,6.000352582186461e-7,0.0048699194198761515,0.0053476157392428215,-2.243771983600298e-8,-2.728339822243036e-7,0.0009215597650257411,-0.0009403651863061137,1.8805421280372668e-5,2.067534985466124e-7,0.032511455838539406,1.1681940499365515,35.9317668128464,-10.205816427024544,0.9942708080327578,0.7050724772969635,1.578348685944741e-7,0.001913969612154956,0.0006380743670372735,true
15.34375,2.9021770486914815,5.522608699138385e-7,0.004707304618760981,0.005178894852909955,-2.0232077764747435e-8,-2.470016605310634e-7,0.0008704195414227592,-0.0008964858625254559,2.6066321102696777e-5,1.9029192935105008e-7,0.03226072071807629,1.1683758186787543,36.21666821671753,-10.279503183431064,0.9968418429464141,0.7059875551287625,1.4488534515257745e-7,0.0018555963961498407,0.0006186204085277437,true
15.40625,2.9021770486914815,5.123088141905667e-7,0.004508382244032006,0.004922817596638563,-1.8474825775369303e-8,-2.2360496214278336e-7,0.0008258338611558219,-0.0008568610440260435,3.1027182870221664e-5,1.7652569281448692e-7,0.031586050892108426,1.173607240726131,37.15587126529165,-10.333446254131632,1.0189160342738126,0.7137006226373502,1.328833664907512e-7,0.0017051824170329188,0.0005684816276808339,true
15.46875,2.9021770486914815,4.943649925577866e-7,0.004438478840981046,0.004904632068436861,-1.6453467072314884e-8,-2.018392164271192e-7,0.0008054391745592292,-0.0008316871046401049,2.6247930080875673e-5,1.703428096437753e-7,0.031923117273904476,1.168698614983838,36.60978985718258,-10.378102557264478,0.9917861999826983,0.7041848009843205,1.2917269961086148e-7,0.001779122747258644,0.0005931334822730477,true
15.53125,2.9021770486914815,4.876001192081951e-7,0.004234310939456281,0.004946814899586722,-1.4613704068580955e-8,-1.804392444227741e-7,0.0007840916432330883,-0.000809032142568332,2.4940499335243714e-5,1.6801184456614793e-7,0.03354325525150888,1.1505653980583241,34.30094632829556,-10.417432635014077,0.8693907298196912,0.6561037288328652,1.3402948253050999e-7,0.0021686677039210603,0.000722995698297786,true
15.59375,2.9021770486914815,4.298989533788082e-7,0.004095361575467228,0.004706426600682509,-1.3607051243390269e-8,-1.6142741015438865e-7,0.0007263207350233646,-0.0007682213810723585,4.190064604899391e-5,1.4812981639856837e-7,0.03265923652990315,1.1564826436435938,35.4105841569415,-10.518229844163015,0.9106912313636336,0.6733203513944717,1.162937702334983e-7,0.0019489363077459414,0.0006497515197589956,true
15.65625,2.9021770486914815,3.5844721957577425e-7,0.0037556811127025785,0.004094826212660401,-1.2451762382968996e-8,-1.4528137130945712e-7,0.0006534470692631713,-0.0007177084020714125,6.426133280824117e-5,1.2350976992854005e-7,0.030001795132772485,1.1812683006816602,39.37325401543392,-10.623754275629093,1.0397182759018584,0.7207392396422149,9.183891008363403e-8,0.001387959505833523,0.0004627456247550225,true
15.71875,2.9021770486914815,2.3230215343870323e-7,0.0034053008060121823,0.0034396977838506895,-1.09641569649515e-8,-1.3287846110362658e-7,0.0003229944968706047,-0.0003229944968706047,0.0,8.00441012182363e-8,0.02306201328463586,1.2475857413846367,54.09700037835771,-10.945022687309097,1.7461808003028165,0.867775563239227,4.450667575514567e-8,0.00048466095891447987,0.00016161287253964272,true
15.78125,2.9021770486914815,2.502428675496071e-7,0.003457803204891476,0.003567348159619927,-9.812095198053447e-9,-1.2083926730847754e-7,0.000339441355527751,-0.00033106638369813845,-8.374971829612564e-6,8.622591363350327e-8,0.025036080337569464,1.2265731001785591,48.99221777691565,-10.921314204729281,1.5296920100926048,0.8370155349010433,5.167493429735326e-8,0.0006731131612879375,0.000224441274244193,true
15.84375,2.9021770486914815,3.021613961872833e-7,0.003406276019903497,0.0040689171002171245,-8.743813787483712e-9,-1.0710074914110326e-7,0.00039633295420953257,-0.0003666346277912669,-2.9698326418265667e-5,1.0411542477173137e-7,0.031902267785886104,1.1541774642623657,36.1785397830867,-10.840061216294782,0.9114151488397055,0.6736127707184445,8.130325876126152e-8,0.0017744060739346256,0.0005915842449875617,true
15.90625,2.9021770486914815,2.7468482092068435e-7,0.00329213363858989,0.003879685733732011,-8.167154577957722e-9,-9.489313742897361e-8,0.00037889517123506744,-0.0003652730272268736,-1.3622144008193851e-5,9.464785101395961e-8,0.03119050030379409,1.159591221676184,37.17770508269559,-10.913860791210455,0.9428248416252114,0.6860004267321678,7.294239419684633e-8,0.0016212806555172092,0.0005405396280853921,true
15.96875,2.9021770486914815,2.2298744372387833e-7,0.003039415085813896,0.0033867138610257238,-7.493648089882965e-9,-8.462888076606057e-8,0.00036015660396818844,-0.0003607188401623013,5.622361941128376e-7,7.683454178800627e-8,0.028624033664217056,1.1836883250946049,41.35295322036794,-11.050562566268107,1.0868437217918379,0.7358959994888309,5.575812149245822e-8,0.0011500205139690293,0.0003834378065646257,true
16.03125,2.9021770486914815,1.610650267612985e-7,0.0025936404354050774,0.0027053120232749042,-6.644652808532021e-9,-7.600779606582431e-8,0.00035604701027277776,-0.00036006281616313287,4.015805890355108e-6,5.5498001692873515e-8,0.024856666339863186,1.2206218570629574,49.10641838987954,-11.239566043053715,1.2924270731516834,0.7908980604377415,3.717782179416107e-8,0.0006540068334449006,0.00021807820313822455,true
16.09375,2.9021770486914815,1.4551628882434083e-7,0.0024987475335035737,0.0026371193018248766,-5.806600164793484e-9,-6.799595398647157e-8,0.00035968347109201166,-0.00036018049531502536,4.970242230136965e-7,5.014038991520192e-8,0.02532954127873411,1.2127905229631488,47.880477171585014,-11.338913479573485,1.2190723255739226,0.7731556155874479,3.464711013188731e-8,0.0007051986143618787,0.00023514698542311826,true
16.15625,2.9021770486914815,1.4308491129934365e-7,0.0023046970503660755,0.0025767064134160993,-5.094891357971114e-9,-6.013334389407589e-8,0.00035801705205923146,-0.0003544076724248688,-3.609379634362641e-6,4.9302612796782e-8,0.027228894969085957,1.1902420876348045,43.712463872887,-11.37607356879065,1.0066090029649164,0.7094318726906205,3.729459102001499e-8,0.0009416808797318604,0.0003139883478069761,true
16.21875,2.9021770486914815,1.324874712281226e-7,0.002208337882226773,0.002479296942539306,-4.626549637395297e-9,-5.3077000572923734e-8,0.00033995290542818634,-0.00033825476013538976,-1.6981452927965755e-6,4.565106435799906e-8,0.02706385695280103,1.1903579298033502,43.98330703119356,-11.44116563787124,0.9983498167233754,0.7065226306258028,3.4620093950415285e-8,0.000919056261131927,0.00030644674307130386,true
16.28125,2.9021770486914815,1.216184072846352e-7,0.002122887647103628,0.0023788934416718362,-4.224644171545639e-9,-4.682113072596093e-8,0.00031754026452456734,-0.00031970520280596017,2.164938281392823e-6,4.190592277596223e-8,0.026694080644399047,1.1927037800545452,44.68045916032693,-11.511773866238457,1.0106568236405722,0.7108445831845933,3.1586697171365713e-8,0.0008698502673852867,0.0002900431898564605,true
16.34375,2.9021770486914815,1.0772071426464021e-7,0.0020231540434318043,0.0022234005759871204,-3.850079708529151e-9,-4.1399948597442364e-8,0.0002948393678571069,-0.00030131512864048213,6.475760783375244e-6,3.711720975576206e-8,0.025668467063261757,1.2022442598203087,46.83740002304354,-11.600059304120155,1.0724789565600557,0.7313886702895731,2.7232821116479993e-8,0.0007436886656794716,0.00024798325353075765,true
16.40625,2.9021770486914815,8.682659291658242e-8,0.001766993834233845,0.0018730360455079282,-3.439316249594135e-9,-3.672259570760615e-8,0.00027945233371317766,-0.0002866960460805886,7.243712367410921e-6,2.991774500998495e-8,0.02361887557445292,1.2231173816220846,51.785588935700865,-11.722938185821269,1.163161000879327,0.758287822802,2.1204175521489527e-8,0.0005331461380422793,0.00017778994966136536,true
16.46875,2.9021770486914815,7.588162542512709e-8,0.0016633984936661522,0.0017831177610599526,-2.9983182836269523e-9,-3.244045775437041e-8,0.00027066585592830584,-0.00027613857078393855,5.4727148556327145e-6,2.6146449424696608e-8,0.023754582746782747,1.2186612679154727,51.302154237187125,-11.843556044891212,1.1135730347591184,0.7440298230845381,1.8960182806551047e-8,0.0005454996740984568,0.0001819098709933265,true
16.53125,2.9021770486914815,6.78532325760632e-8,0.0015450625293248837,0.001696556370307153,-2.6092153901381137e-9,-2.8481360829712564e-8,0.00026270385728652295,-0.00026717197452666934,4.4681172401463956e-6,2.3380114802663924e-8,0.024216332817842186,1.2106879407735132,49.99468540015682,-11.94698063504176,1.027802028399116,0.7167341547870613,1.7608158745736597e-8,0.000589157297309759,0.0001964664484229741,true
16.59375,2.9021770486914815,6.242162039764903e-8,0.0014953900065358653,0.0016480421498706016,-2.2969144185350238e-9,-2.496468585692871e-8,0.000255006002922735,-0.0002595097257127675,4.503722790032518e-6,2.15085500816683e-8,0.024138943872827896,1.2097586770746895,50.116470855067504,-12.023778855214202,1.0172061595565358,0.713112247521772,1.6226856400738283e-8,0.0005816612314033461,0.00019396786373845795,true
16.65625,2.9021770486914815,5.978806542438838e-8,0.0014498860703181862,0.0016186763031521853,-2.0549887516835096e-9,-2.1816210425837856e-8,0.00024785498099574795,-0.00025293626225910055,5.081281263352602e-6,2.0601108899040226e-8,0.024344731810537472,1.206182397775304,49.54593080599126,-12.069042473391262,0.9840108696766868,0.701385436167342,1.571146472769872e-8,0.0006017473338646064,0.00020066500332170916,true
16.71875,2.9021770486914815,5.522905653995923e-8,0.001417070693006429,0.001574804197778821,-1.88944311547872e-9,-1.906576329496986e-8,0.00024020211324177315,-0.0002460052489008167,5.803135659043567e-6,1.9030216149238935e-8,0.0240586150719895,1.208001759230029,50.210777121433644,-12.136951353859647,0.9976652638284123,0.7062798801960037,1.4416831599139011e-8,0.0005739556845263967,0.00019139964173797282,true
16.78125,2.9021770486914815,4.910366938036376e-8,0.0013445971678820857,0.0014958717420771404,-1.690420460282898e-9,-1.662747438710264e-8,0.00023799918702793068,-0.0002411553401461676,3.1561531182369294e-6,1.691959813495988e-8,0.023840895867119072,1.208349991627103,50.683917180043444,-12.233181588412345,0.9826366630839637,0.7008872746279833,1.2913357173689257e-8,0.000553460701879166,0.00018456712586435852,true
16.84375,2.9021770486914815,4.633777534997254e-8,0.0012317711192944888,0.0014535504100932043,-1.4990449302378614e-9,-1.4305807481959216e-8,0.0002360042202310212,-0.00023614359574011156,1.3937550909036813e-7,1.5966557026858536e-8,0.02490302074058636,1.1937438715156203,47.93570562988307,-12.29795098653436,0.8443980407398373,0.6451601212434238,1.2938134840727753e-8,0.0006588608055342363,0.0002197083699968123,true
16.90625,2.9021770486914815,4.13508225584894e-8,0.0011800949264133209,0.001391781524937191,-1.3610580852561777e-9,-1.2279534839299912e-8,0.0002230391219976975,-0.0002255050370855102,2.465915087812706e-6,1.4248208108851747e-8,0.02461041323169479,1.1949674216443766,48.555357863939676,-12.394451709684574,0.848195444834189,0.6468491170211966,1.1537348322994848e-8,0.0006284381639014751,0.00020956596549770288,true
16.96875,2.9021770486914815,3.4438412424789345e-8,0.0010870522302451682,0.0012490053976354568,-1.2205468763402006e-9,-1.0556467189615213e-8,0.0002083913983275779,-0.00021422161285116506,5.830214523587171e-6,1.186640644143911e-8,0.02353018440579349,1.2052992936382267,51.223537939696875,-12.524368754594777,0.8925137134060539,0.6658731900703636,9.459458753239665e-9,0.0005251664616893868,0.00017513515686801032,true
17.03125,2.9021770486914815,2.971041750054748e-8,0.0010217104575039324,0.0011408121612572308,-1.0918271573260403e-9,-9.108806956963864e-9,0.000184727015106001,-0.00019906220739672904,1.4335192290728022e-5,1.0237286355063403e-8,0.022385440223850278,1.2173134445218707,54.379696461135474,-12.628143679611203,0.967989407543224,0.6955132419863361,7.901250966434073e-9,0.000430199010936939,0.00014347209477881773,true
17.09375,2.9021770486914815,2.0758364518127953e-8,0.0009336920856144438,0.0009431233188024685,-9.607759537213208e-10,-8.065025133115937e-9,8.86277953329832e-5,-8.86277953329832e-5,0.0,7.15268716203492e-9,0.016691400709404027,1.285199396163066,76.99769591170246,-12.868938178202987,1.7451356325854384,0.8676472018842106,3.970632559105593e-9,0.00013300800392521714,4.437646295563964e-5,true
17.15625,2.9021770486914815,1.8247457610600662e-8,0.000902163320116327,0.0009132297213807974,-8.402174963224938e-10,-7.1221500321427735e-9,8.728216367686695e-5,-8.73018417507243e-5,1.9678073857345123e-8,6.2875066904784395e-9,0.0167447383407687,1.282525894971815,76.59277015092123,-12.987608441673709,1.707771085513315,0.8629419550115083,3.5434708687241388e-9,0.00013471514808373837,4.494599266941419e-5,true
17.21875,2.9021770486914815,1.616341414459051e-8,0.0008461330364486442,0.0008646016232384042,-7.320622446320544e-10,-6.257102802211326e-9,8.671680815791586e-5,-8.632554720267163e-5,-3.9126095524423337e-7,5.569410092288541e-9,0.0171869183590532,1.2749196982417426,74.17965638791665,-13.096024374823223,1.5809431914196352,0.8451243726914474,3.307967589987975e-9,0.00014951397224752046,4.988133475761073e-5,true
17.28125,2.9021770486914815,1.545515882073638e-8,0.000799516043388815,0.000841345761672061,-6.405374334738468e-10,-5.435395304275145e-9,9.059653123391094e-5,-8.765380768690378e-5,-2.9427235470071665e-6,5.325367323025561e-9,0.0185207158882134,1.2563981078085515,67.83744836818778,-13.1529414770882,1.3341036662676942,0.8001662996653472,3.5014474454531186e-9,0.00020159996771309255,6.725049107209567e-5,true
17.34375,2.9021770486914815,1.6397645826840133e-8,0.0007032719487320543,0.0008523263077856409,-5.578278397999199e-10,-4.5542381932702e-9,9.982638299692607e-5,-9.265786920646148e-5,-7.168513790464597e-6,5.6501190491577416e-9,0.0219291045874804,1.211787451361567,55.25932199043784,-13.142923710755486,0.852173207985089,0.64860818292302,4.5758156248190595e-9,0.00039617836708113465,0.00013213042670685217,true
17.40625,2.9021770486914815,1.4813628768519558e-8,0.000670531001870424,0.0008013182324598837,-4.988796698889488e-10,-3.817238958168676e-9,9.216670085447208e-5,-8.902586814285468e-5,-3.140832711617407e-6,5.104316008287175e-9,0.021370409874273803,1.217482440289304,56.97047681593313,-13.22003468219845,0.8836071512592982,0.6621499206148111,4.072570590956046e-9,0.00035732618294147115,0.00011917626091593621,true
17.46875,2.9021770486914815,1.2046755951672775e-8,0.0006100701004853844,0.0006866944573421369,-4.4367206642699184e-10,-3.2267390024597167e-9,8.770769606991886e-5,-8.658156864064225e-5,-1.1261274292766058e-6,4.150937640797743e-9,0.019610141020186544,1.2382481061401915,63.14325352711882,-13.347782333149102,1.009039166588058,0.7102810411997937,3.1437476377007848e-9,0.00025337323391832583,8.451474784672035e-5,true
17.53125,2.9021770486914815,1.1158683828460978e-8,0.000601179860732589,0.0006863662475632754,-3.910329730347606e-10,-2.7060762326774184e-9,8.96242574050439e-5,-8.7765158524815e-5,-1.8590988802288987e-6,3.844935591883392e-9,0.019903325406139847,1.232698647710344,61.93430607983111,-13.429984529479574,0.9651799795205661,0.6944689133162776,2.9619122354650297e-9,0.0002688655240054604,8.968069777662439e-5,true
17.59375,2.9021770486914815,1.041468031740693e-8,0.0005556505335668797,0.0006764389746263757,-3.424772646837647e-10,-2.2234898473474147e-9,9.269771503911888e-5,-9.043481719933486e-5,-2.262897839784019e-6,3.588575108504372e-9,0.020862344910547913,1.21820264521144,58.392412283219514,-13.50746313498462,0.81833041873196,0.6333066751481796,2.9450554290886197e-9,0.00032454178268944415,0.00010824541210325483,true
17.65625,2.9021770486914815,8.80853683247047e-9,0.0005343571622302004,0.0006409295410208281,-3.04012244364197e-10,-1.8257509913463435e-9,9.005136957136732e-5,-9.04386515455943e-5,3.8728197422697574e-7,3.035147988797588e-9,0.020403354235750012,1.2215243392924438,59.86880025599582,-13.648523546173667,0.8413424779873505,0.6437941754527373,2.4722570083843033e-9,0.00029691351240491575,9.903333618098332e-5,true
17.71875,2.9021770486914815,7.267063001499121e-9,0.0004975981264045235,0.0005701026387848408,-2.6827110027026165e-10,-1.513700115762345e-9,8.117518632253681e-5,-8.703212523908347e-5,5.856938916546663e-6,2.5040040216621712e-9,0.019140956961182877,1.2361890772578925,64.58345211082373,-13.782535704829485,0.9364189349736581,0.6835210357477349,1.96159633487738e-9,0.0002299838525034495,7.671609867927229e-5,true
17.78125,2.9021770486914815,4.642067657098913e-9,0.00043529768832088094,0.0004396946346675565,-2.3036604903160196e-10,-1.2984581756005277e-9,4.12816622212702e-5,-4.12816622212702e-5,0.0,1.599512221072765e-9,0.013790245088044063,1.3059791113602277,94.70311100507504,-14.069430050085586,1.7456148458965495,0.8677060775962147,8.944425902283795e-10,6.198418993800163e-5,2.068990698503284e-5,true
17.84375,2.9021770486914815,3.645632917063102e-9,0.0004166367772099814,0.0004221791593530646,-1.939426120093428e-10,-1.1064703551370335e-9,4.0803108518646945e-5,-4.0528444517700266e-5,-2.746640009466787e-7,1.2561717827335262e-9,0.013885499197233322,1.3015824997416587,93.73681718270512,-14.28954749411356,1.688159160135227,0.8603788324261675,7.252574264231328e-10,6.371369746975249e-5,2.1266894306034916e-5,true
17.90625,2.9021770486914815,4.058432495440038e-9,0.00041313834809057445,0.00044887744410611276,-1.682138488244755e-10,-9.20273666093179e-10,4.290977318062435e-5,-4.143285947270768e-5,-1.476913707916671e-6,1.3984096860216999e-9,0.01659392207553647,1.263237653469972,76.12652679213768,-14.268016051435723,1.2146551628383795,0.7720251227604437,9.713594267374185e-10,0.00012992431968443323,4.334954915595221e-5,true
17.96875,2.9021770486914815,3.77089966388548e-9,0.00036353879928815357,0.00041009469122853985,-1.4649232305159803e-10,-7.561825789524544e-10,4.405605837687165e-5,-4.211703454210121e-5,-1.939023834770437e-6,1.299334809909576e-9,0.017130191391637573,1.2547671806633875,73.24887107075324,-14.315824834060377,1.044120002050405,0.7222006719655073,9.719065164822416e-10,0.0001475467290160147,4.9226438861986444e-5,true
18.03125,2.9021770486914815,3.441426750587945e-9,0.00035105184712880895,0.00040334917273773677,-1.2814796454348902e-10,-6.154752706058096e-10,4.7244302941528386e-5,-4.404542550990017e-5,-3.1988774316282147e-6,1.185808685290099e-9,0.017442133083317782,1.2487531316767984,71.59406052641269,-14.404595305117942,0.9726092060887893,0.6972209918387905,9.141036511530712e-10,0.00015858845635005245,5.2908685023250264e-5,true
18.09375,2.9021770486914815,3.4330482370125428e-9,0.0003215799142399767,0.0004149618878415485,-1.1174738690675926e-10,-4.86721096502295e-10,5.112627137276435e-5,-4.708112539826521e-5,-4.0451459744991435e-6,1.1829217099488873e-9,0.019009003103990257,1.2254841543552488,64.46861772030552,-14.441359399174722,0.7397922269525782,0.5947350695275273,1.004405216142388e-9,0.0002237070351883685,7.462352937829839e-5,true
18.15625,2.9021770486914815,3.0033196710198454e-9,0.00032293212202749667,0.00039878194456837183,-9.975155460197523e-11,-3.9419241745566676e-10,5.009872173573038e-5,-4.7546980265367504e-5,-2.5517414703628744e-6,1.0348506037472684e-9,0.018390722578813204,1.232358525520577,67.00979367392011,-14.553070078266312,0.8068720282702674,0.627950683782504,8.541247666513366e-10,0.00019599649773406453,6.538323673150486e-5,true
18.21875,2.9021770486914815,2.5953299285569366e-9,0.0002901301308556359,0.00035505040852964055,-8.855635679488145e-11,-3.201526457570221e-10,5.186017676962326e-5,-4.939180234005185e-5,-2.4683744295714112e-6,8.942700204066135e-10,0.01785170809215953,1.2384989281337655,69.37705466278122,-14.648518254736967,0.7985115718423116,0.623985575793528,7.419951574351128e-10,0.0001740133917787637,5.805261557883731e-5,true
18.28125,2.9021770486914815,2.329754232771657e-9,0.00026408167593983795,0.00033281695882138047,-7.816200019498943e-11,-2.6253766053489564e-10,5.2818779872209415e-5,-5.099343951319829e-5,-1.8253403590111271e-6,8.027608907671861e-10,0.01789872829948399,1.236253822805565,69.0693663885163,-14.735470184328046,0.7390987817719605,0.5943745992416668,6.829315074145778e-10,0.0001758535185184424,5.866627609974971e-5,true
18.34375,2.9021770486914815,1.865986970721301e-9,0.0002520086120786146,0.000303549419135726,-6.798717650340374e-11,-2.2289210842111066e-10,5.263766278971685e-5,-5.1784821472039776e-5,-8.528413176770762e-7,6.42961107959498e-10,0.01710856960631121,1.2449459284608064,72.76738833862278,-14.90797170121728,0.7943411794895783,0.6219894781031815,5.3656705190209e-10,0.00014680271403663727,4.897853515368254e-5,true
18.40625,2.9021770486914815,1.4551092942734532e-9,0.0002304449314425412,0.0002720162986660116,-5.783744290297604e-11,-1.9508858417235017e-10,5.245887223312073e-5,-5.243785542048071e-5,-2.101681264001713e-8,5.013854323358822e-10,0.01650936107410918,1.2506692165915152,75.75515557369923,-15.102388414019124,0.8069848944439416,0.6280038811942346,4.1844951973116637e-10,0.00012729598732627573,4.2473284127764114e-5,true
18.46875,2.9021770486914815,1.1486357256527668e-9,0.00020864277804336036,0.00023427939479900783,-4.874433457516126e-11,-1.8444345389786706e-10,4.857894888994578e-5,-5.104915484063541e-5,2.47020595068963e-6,3.957841669827338e-10,0.015386326138125756,1.265180549247205,82.22759207685166,-15.261567228250556,0.8845603793604793,0.6625507689306226,3.2063902362727417e-10,9.604296185076595e-5,3.2050203698326774e-5,true
18.53125,2.9021770486914815,5.819554776826288e-10,0.00018098781342386873,0.00018281597315542296,-3.8700959253033455e-11,-1.7603651341008114e-10,1.7208266227588723e-5,-1.7208266227588723e-5,0.0,2.005237681639781e-10,0.011078084032706225,1.325231404067254,119.62640833511695,-15.77606700010313,1.743297916693633,0.8674210829406215,1.1647917009152166e-10,2.582333006356827e-5,8.626402485286678e-6,true
18.59375,2.9021770486914815,6.712514513350515e-10,0.00018650923529126348,0.00019652321640187444,-3.290516899226981e-11,-1.607953328553557e-10,1.9313399566678785e-5,-1.8288741540230572e-5,-1.024658026448213e-6,2.3129238501755152e-10,0.012804699284258632,1.298624299331054,101.41778971158728,-15.726702845455018,1.3647081056987078,0.8066264691195087,1.5239609419384442e-10,4.607993048175758e-5,1.5384862786316665e-5,true
18.65625,2.9021770486914815,8.920247405327573e-10,0.00018581987552157217,0.00025062570608339594,-2.8747991909139255e-11,-1.484366107905373e-10,2.6764583940204083e-5,-2.2991112134247346e-5,-3.773471805956736e-6,3.07363997980395e-10,0.017043677722873626,1.234044545903246,72.40482752423118,-15.604346574790366,0.6948974565927619,0.5706467599802023,2.658776464117678e-10,0.00014458819617721333,4.824015819416218e-5,true
18.71875,2.9021770486914815,7.861377064383978e-10,0.00019075831514297752,0.0002390265010092299,-2.5784034255144296e-11,-1.502532957346475e-10,2.6482834526211002e-5,-2.3659736481304285e-5,-2.823098044906717e-6,2.7087861741338193e-10,0.016264905170803177,1.244578003893726,76.5192290286355,-15.703872443399007,0.7993062163840023,0.6243645420169909,2.2416743193803327e-10,0.00011992377294272756,4.001475514596492e-5,true
18.78125,2.9021770486914815,6.478481790174503e-10,0.0001573906194484559,0.00019359556182375074,-2.2735474472630075e-11,-1.5123030100281897e-10,2.8489821183910362e-5,-2.5440951138574382e-5,-3.04887004533598e-6,2.2322834484186577e-10,0.015389907076606472,1.256767119279654,81.66177437094541,-15.804701062170402,0.7886488394267599,0.619245219618603,1.8633304033483978e-10,9.613217311997866e-5,3.2080023699205505e-5,true
18.84375,2.9021770486914815,5.66681117554444e-10,0.00013839593872917193,0.00017695503587490948,-1.9583597634954948e-11,-1.5817291779101817e-10,2.8993772686708997e-5,-2.673395951662482e-5,-2.259813170084179e-6,1.9526069845047745e-10,0.015405942488166735,1.2549093695034748,81.4561894195936,-15.90883717012307,0.7140271546383502,0.5810988501428535,1.6817102123917184e-10,9.653331501514547e-5,3.22138217880021e-5,true
18.90625,2.9021770486914815,4.364973284362352e-10,0.00012994204084951886,0.00015176505259309635,-1.691348532092005e-11,-1.7587110424587639e-10,2.600450908538701e-5,-2.617868823382916e-5,1.7417914844214963e-7,1.50403411340132e-10,0.014085442131445903,1.2734049513995724,90.40574939118751,-16.087180401284787,0.8525641952960539,0.6487805286689444,1.2280361389727948e-10,6.746118664984532e-5,2.2517205882088367e-5,true
18.96875,2.9021770486914815,2.2368586369129663e-10,0.00012018166825141946,0.00012139562449638329,-1.3774772327313987e-11,-1.8192852598511788e-10,1.1455308664840223e-5,-1.1455308664840223e-5,0.0,7.707519559916269e-11,0.010004238327460875,1.3340522967968007,133.34871212883127,-16.587739892969708,1.7411815671989102,0.8671600124527628,4.4334661204055304e-11,1.7178888875986952e-5,5.741511174087629e-6,true
19.03125,2.9021770486914815,3.308513845691419e-10,0.0001544000347300036,0.0001787389551234646,-1.2042212055128148e-11,-1.774704553321162e-10,1.6420943968816046e-5,-1.428064803284839e-5,-2.140295935967656e-6,1.1400110297141054e-10,0.014194566807688377,1.266532151850434,89.22654484703448,-16.44769095898791,0.9997478922650125,0.7070176307864814,8.664222083886602e-11,6.957540881795511e-5,2.322243425575212e-5,true
19.09375,2.9021770486914815,3.134044090138613e-10,0.00011312047687864156,0.00015827130428676687,-1.0423809890168684e-11,-1.7936263642827078e-10,2.1251410528957485e-5,-1.750559622174571e-5,-3.7458143072117744e-6,1.079894175150918e-10,0.015463097970052086,1.245255213205796,80.53077175204636,-16.474369320273148,0.6300076793382761,0.533042307656116,9.606976594788492e-11,9.797332744807152e-5,3.269413003824367e-5,true
19.15625,2.9021770486914815,2.6773420224092256e-10,0.00010375328808795006,0.00013963907535171575,-9.061770192442923e-12,-1.8888243807657097e-10,2.1935870813416262e-5,-1.867720285417217e-5,-3.2586679592440905e-6,9.225288386924469e-11,0.014823210743362233,1.254273623531756,84.61551584520338,-16.577135731425745,0.6558346794395874,0.5484136681261892,8.129814253169705e-11,8.273938886297353e-5,2.761320738858262e-5,true
19.21875,2.9021770486914815,2.3012043335030366e-10,9.382874730895595e-5,0.00012823684045206845,-7.782061467837906e-12,-1.9682205200284785e-10,2.3997969301923672e-5,-2.0904994055699695e-5,-3.0929752462239776e-6,7.92923482921413e-11,0.01464987032637929,1.2554130519976847,85.6944822055609,-16.695502591712348,0.6175226227564118,0.5254162395926738,7.094448058302984e-11,7.893770805132689e-5,2.634520777507924e-5,true
19.28125,2.9021770486914815,1.8302588252584528e-10,8.217188180895186e-5,0.00011462840339053403,-6.546927018842576e-12,-2.071906244315745e-10,2.5691758115259627e-5,-2.3351489341053762e-5,-2.3402687742058653e-6,6.306502996030757e-11,0.014399718446053809,1.2569421099053626,87.28935323383514,-16.87935017654783,0.5746980551769854,0.49827436776908385,5.750696661937875e-11,7.368426636674831e-5,2.4592960868013178e-5,true
19.34375,2.9021770486914815,1.3663799191557504e-10,7.587508467663121e-5,9.981965049186168e-5,-5.43129669106256e-12,-2.207913122203102e-10,2.645740717147196e-5,-2.5476867826575885e-5,-9.805393448960768e-7,4.708120477252815e-11,0.013707921485855803,1.265555588228442,92.32293820286874,-17.10284174106658,0.6055749096599881,0.517997834150769,4.267894386259966e-11,6.051653083616166e-5,2.0200762727137488e-5,true
19.40625,2.9021770486914815,1.0646502175143613e-10,7.445500833288773e-5,8.977519098507008e-5,-4.542809183948718e-12,-2.417417020379763e-10,2.525382965152482e-5,-2.650710183654348e-5,1.2532721850186607e-6,3.668453714753155e-11,0.01289631730078665,1.2770338399306604,99.02314049397373,-17.28913416667711,0.6918845038532331,0.5689746999898411,3.2293293323208184e-11,4.741223099955864e-5,1.5829380725022157e-5,true
19.46875,2.9021770486914815,7.142616912033081e-11,8.039015682769953e-5,8.120217861383791e-5,-3.847061029000438e-12,-2.4287110541832537e-10,7.871280042683256e-6,-7.871280042683256e-6,0.0,2.4611237675018855e-11,0.009088026888767167,1.340120212036208,147.45997436391843,-17.592354195320887,1.7202298102523854,0.8645363626226936,1.4040387020344945e-11,1.170196553224786e-5,3.913221997601045e-6,true
19.53125,2.9021770486914815,1.0188005282945065e-10,7.449770234072383e-5,0.0001045573159628042,-3.2917901716447104e-12,-2.341806464711279e-10,2.0295432461901313e-5,-1.8046619874650493e-5,-2.2488125872508196e-6,3.510469937572754e-11,0.01405316286167002,1.2549464839971847,89.29993172000087,-17.437605926506297,0.5869891913516756,0.5062215236251011,3.171150306155461e-11,6.684498200745075e-5,2.2311710968190395e-5,true
19.59375,2.9021770486914815,8.573436429989404e-11,7.16207409891075e-5,9.770486131236777e-5,-2.826298609904366e-12,-2.4421770788068566e-10,2.5030661865599937e-5,-2.3830604585797496e-5,-1.2000572798024412e-6,2.9541396979398454e-11,0.013787664521099391,1.2576634458828595,91.21656854634412,-17.576330911322263,0.5764477591960537,0.4994134588917101,2.681646170040589e-11,6.193650425545659e-5,2.0674428821925867e-5,true
19.65625,2.9021770486914815,6.741857922878745e-11,6.751524300742022e-5,9.007212631735011e-5,-2.382979571180813e-12,-2.5242825953675676e-10,2.8458665196583327e-5,-2.7974677978576634e-5,-4.839872180066924e-7,2.323034676991357e-11,0.013500021172942842,1.2600149842561568,93.33429689588321,-17.776639952597154,0.5634596167098482,0.49089619869681345,2.1257845018649985e-11,5.692915367604434e-5,1.900411975645948e-5,true
19.71875,2.9021770486914815,5.360862359133756e-11,6.300192069192494e-5,8.243315324238191e-5,-1.9875124554339046e-12,-2.59300154231285e-10,3.065885407530393e-5,-3.062805536547687e-5,-3.079870982706167e-8,1.8471865324518483e-11,0.013198118518833938,1.2628964999862347,95.68761624500189,-17.964947024487973,0.5515257429018268,0.48294415356032766,1.7015410604392562e-11,5.2006746495293026e-5,1.7362092368732716e-5,true
19.78125,2.9021770486914815,4.4305127446794207e-11,5.9641886517664745e-5,7.7522126845473e-5,-1.659272559039667e-12,-2.6610685532772707e-10,3.1428041094944896e-5,-3.176452209276607e-5,3.364809978211744e-7,1.5266169742045983e-11,0.013012686815190942,1.2640815637561063,97.14224139171813,-18.1298789092875,0.5409174841938272,0.475773593291518,1.4121995428572683e-11,4.914609404574213e-5,1.6407803048302332e-5,true
19.84375,2.9021770486914815,3.667052207771308e-11,5.7782491549669786e-5,7.284279633313998e-5,-1.3840812382236433e-12,-2.702919930034968e-10,2.9590756407034376e-5,-2.9590756407034376e-5,0.0,1.263552204516499e-11,0.012683891483458389,1.2680262741536679,99.97139094160146,-18.2888450400935,0.5663888233278733,0.49282956460097455,1.1588021506976057e-11,4.436587956581958e-5,1.4813113214249733e-5,true
19.90625,2.9021770486914815,3.2349857623262243e-11,5.4644136824789766e-5,7.339389204974735e-5,-1.157405194773674e-12,-2.733146929616703e-10,3.0320863877169297e-5,-3.0360350913661377e-5,3.9487036492079754e-8,1.114675537725997e-11,0.012969069476111945,1.2609600505212426,97.22825934766072,-18.43154205620157,0.5119935016155363,0.4557336954973693,1.0391415516194454e-11,4.849071845114258e-5,1.618917383195771e-5,true
19.96875,2.9021770486914815,2.691503177948796e-11,5.286023895992305e-5,6.992965351272423e-5,-9.741923293332018e-13,-2.771118491374027e-10,3.0225904956326925e-5,-3.0378421902766805e-5,1.5251694643987954e-7,9.274083327074504e-12,0.012779676322885868,1.2623784014013528,98.78015448174405,-18.593710247036068,0.5151850009358944,0.4579801141302912,8.640931844911442e-12,4.572071610054263e-5,1.526509816301928e-5,true
20.03125,2.9021770486914815,2.247842305287274e-11,4.997772135789253e-5,6.660721026619376e-5,-8.147631185014464e-13,-2.7963443713522386e-10,2.9371979395291095e-5,-2.9371979395291095e-5,0.0,7.745365866981717e-12,0.012660554711459042,1.2625318979617721,99.72168887821772,-18.756532193909006,0.5060648685732337,0.4515374707929154,7.239075480750892e-12,4.404039700816152e-5,1.4704531132424578e-5,true
20.09375,2.9021770486914815,1.8684133278927453e-11,4.642664978716595e-5,6.285658050006053e-5,-6.773104546182593e-13,-2.816613468267359e-10,2.826612001715194e-5,-2.826612001715194e-5,0.0,6.437971552201358e-12,0.012539596607126524,1.262725136223613,100.69902372345685,-18.922049186298274,0.4913735245909905,0.44100904475464664,6.046180665609859e-12,4.2382008426926944e-5,1.4151271477411429e-5,true
20.15625,2.9021770486914815,1.5543276821156492e-11,4.2890147278510924e-5,5.9464041965218015e-5,-5.607724033711125e-13,-2.8357721433422804e-10,2.747461773112609e-5,-2.747461773112609e-5,0.0,5.355730046919282e-12,0.012450830487382252,1.2623259907908957,101.3848828855348,-19.08900851633669,0.4707903721822723,0.42594675623581335,5.061694711438371e-12,4.1195123067001815e-5,1.3755305797262656e-5,true
20.21875,2.9021770486914815,1.2902992466585054e-11,3.987394071349376e-5,5.639176208030811e-5,-4.633508826817215e-13,-2.8549254034721543e-10,2.6600122853277772e-5,-2.6600122853277772e-5,0.0,4.445970128666922e-12,0.012350448128702382,1.262152379092505,102.1948649911147,-19.25821787427601,0.45483325224781807,0.41402004711836854,4.22164591589701e-12,3.988315139110074e-5,1.331760330352426e-5,true
20.28125,2.9021770486914815,1.0700580651770887e-11,3.7314914387738286e-5,5.3676584272986484e-5,-3.8232700806700277e-13,-2.8700593388987565e-10,2.5738707422747707e-5,-2.5738707422747707e-5,0.0,3.687087476828993e-12,0.012249148806871304,1.2620077717965947,103.02820152602413,-19.429287043186278,0.44200134138009467,0.40427164884014777,3.513724098681287e-12,3.859122238689664e-5,1.2886581283247685e-5,true
20.34375,2.9021770486914815,8.881269607903908e-12,3.4852970989142075e-5,5.1320377064284435e-5,-3.147770016920908e-13,-2.8810000855805143e-10,2.5128587380308537e-5,-2.5128587380308537e-5,0.0,3.0602094423936845e-12,0.012175863497648137,1.2613276736139798,103.5924617467677,-19.602086244817187,0.42542820389880665,0.39147436033244065,2.9293633630936058e-12,3.767633258629125e-5,1.2581345797533737e-5,true
20.40625,2.9021770486914815,7.340361318565509e-12,3.2600013528431054e-5,4.9003799454354975e-5,-2.585935784528031e-13,-2.889201567003651e-10,2.440604428851341e-5,-2.440604428851341e-5,0.0,2.5292603433257432e-12,0.012087307348191951,1.2609373361016318,104.31912582170304,-19.777991657846588,0.41171537461854757,0.38071080160260556,2.4298278191807944e-12,3.659262219987817e-5,1.2219782139461002e-5,true
20.46875,2.9021770486914815,6.057610944918628e-12,3.0448494560665834e-5,4.6871592140373144e-5,-2.1188520347203259e-13,-2.8943226611071534e-10,2.3770732497624586e-5,-2.3770732497624586e-5,0.0,2.0872644374504486e-12,0.012007812252710286,1.2603681212958353,104.96234407823601,-19.9563312334499,0.3968635909028936,0.3688761909325697,2.012714992619843e-12,3.5639867463906305e-5,1.1901905827778237e-5,true
20.53125,2.9021770486914815,4.985344787092838e-12,2.842757026807107e-5,4.4852954032579096e-5,-1.7315458203444898e-13,-2.8971472206901793e-10,2.314304349110765e-5,-2.314304349110765e-5,0.0,1.7177948496769364e-12,0.011927686526879346,1.25980609750331,105.62032248787767,-20.13750964660304,0.38243479229674693,0.35720416533584076,1.6622365833363477e-12,3.469850753237588e-5,1.1587827385157787e-5,true
20.59375,2.9021770486914815,4.092509004844071e-12,2.6524163429195367e-5,4.296824124307715e-5,-1.4111119978254528e-13,-2.8976806405042466e-10,2.2549720302196558e-5,-2.2549720302196558e-5,0.0,1.4101513919315434e-12,0.011850435946263236,1.2591795502464245,106.25596863746418,-20.32165321559438,0.36796435970313524,0.34532795544603107,1.3691336985375895e-12,3.3808706122005443e-5,1.1290947415574256e-5,true
20.65625,2.9021770486914815,3.3531289760399875e-12,2.4724257539147698e-5,4.120389317179076e-5,-1.1469105918955902e-13,-2.8961617229920164e-10,2.198752123566348e-5,-2.198752123566348e-5,0.0,1.1553840168200036e-12,0.01177581762489503,1.2584999486009336,106.87155564810743,-20.50813447454517,0.3534033616811935,0.3332075923395251,1.1253898751041026e-12,3.296558284820884e-5,1.100963805436677e-5,true
20.71875,2.9021770486914815,2.752755812873465e-12,2.3041405576998877e-5,3.9562240329267593e-5,-9.30378496817301e-14,-2.8925321518649817e-10,2.1452709969191558e-5,-2.1452709969191558e-5,0.0,9.485140867317565e-13,0.011703494215449793,1.2578173547874674,107.47365971497824,-20.69319134560917,0.3390599732906305,0.321104621048614,9.265771375648459e-13,3.216353852503335e-5,1.0742031526845795e-5,true
20.78125,2.9021770486914815,2.2621324527779088e-12,2.140662793527776e-5,3.797816056755298e-5,-7.52639650213548e-14,-2.8869528120756883e-10,2.0925929837724274e-5,-2.0925929837724274e-5,0.0,7.794605273299392e-13,0.011630921705606907,1.2571774555143727,108.0892372363169,-20.877326030710886,0.3243558171783566,0.3085318032476501,7.635222394296274e-13,3.1373535050379456e-5,1.0478439308302813e-5,true
20.84375,2.9021770486914815,1.792990256760294e-12,2.003085541840041e-5,3.669650394054022e-5,-6.020622835657164e-14,-2.8763229547134753e-10,2.0510284106863556e-5,-2.0510284106863556e-5,0.0,6.178087093510399e-13,0.011572690954230545,1.255826693016443,108.51639415440879,-21.09909509804168,0.31086777520549835,0.29685468439773344,6.070263954741361e-13,3.075025067778435e-5,1.0270472227977865e-5,true
20.90625,2.9021770486914815,1.2760861503886835e-12,1.8060056767801837e-5,3.476515900047926e-5,-4.6969132236527086e-14,-2.8646147480210646e-10,1.9815725774988135e-5,-1.9815725774988135e-5,0.0,4.3969962169056454e-13,0.011473366526050521,1.2542419732323278,109.31769419067585,-21.419870637765595,0.29165046002651657,0.2799856613083254,4.34738186852303e-13,2.9708602063407593e-5,9.922907627193562e-6,true
20.96875,2.9021770486914815,1.1481848451926036e-12,1.657353497159099e-5,3.352355177999974e-5,-3.8816438897705695e-14,-2.86718587607525e-10,1.9438124037228455e-5,-1.9438124037228455e-5,0.0,3.9562880759128434e-13,0.011418279660671002,1.2543075549314768,109.85083499502996,-21.517466060564583,0.2741001251765554,0.26434954437920116,3.9145123761044787e-13,2.9142425716410176e-5,9.733990221505609e-6,true
