r,tau,Dtau,Sr,E,nur,Pi,piR,piEta,piPhi,D,T,mu,alpha,phi,ur,v,n,e,P,ok
0.03125,4.102178248692706,0.28601654460992687,0.0,4.106342814766213,-8.615780965487517e-6,-0.004970062961948227,0.054422045881965836,-0.12170897794601766,0.06728693206405183,0.06972309033647561,0.21949198593872377,1.436964429666614,6.546774013278898,-0.2871884823666585,0.0,0.0,0.0697230903364755,4.106342814766237,1.3403653393923598,true
0.09375,4.102178248692706,0.28457182291660466,0.04666492294127082,4.0779418641580305,-2.588065249543176e-5,-0.004980322759733279,0.04966564306010407,-0.11554215139420576,0.06587650833410169,0.0693709063001572,0.21910332653340198,1.4366339453164139,6.5568787477875246,-0.28920626485297146,0.00855714619126118,0.008556832911016676,0.06936858805427591,4.077542560209648,1.3309002393606646,true
0.15625,4.102178248692706,0.2844473802518369,0.07708376214781804,4.081883568392325,-4.3027438340179095e-5,-0.0049810771174755575,0.05489277340390973,-0.11570939103513661,0.06081661763122688,0.06934057054748545,0.21914927243830593,1.4364323946501574,6.554584364657366,-0.29006532690058523,0.014109503169602121,0.014108098932864997,0.06933427645898377,4.080796063049852,1.3319998585779977,true
0.21875,4.102178248692706,0.2839894998910295,0.10954581869761923,4.077951658833305,-6.0355207840094237e-5,-0.004981455761307159,0.05632828833402748,-0.11552321933235528,0.059194930998327795,0.06922895171157717,0.21908251348735444,1.4361943988930006,6.5554953521012,-0.2912400450923359,0.020068611381346586,0.020064571293446198,0.06921622572760278,4.07575366894418,1.3303655649793258,true
0.28125,4.102178248692706,0.28358416804238173,0.14059827269576786,4.074524075042429,-7.760187878969084e-5,-0.004980922695551969,0.0572537170816854,-0.11558311578534176,0.05832939870365637,0.06913014278030341,0.21901803247363993,1.4359862136335912,6.556474813581482,-0.2922763283160859,0.025779992219985687,0.02577142969327218,0.0691091812487963,4.0709006565426895,1.328789971081845,true
0.34375,4.102178248692706,0.2831043198851441,0.17178900200552938,4.070257306743777,-9.487669781566363e-5,-0.0049801435012872056,0.05754997254099659,-0.11552858278573389,0.05797861024473729,0.06901316879035294,0.2189372871289378,1.4357463474705645,6.557797286603887,-0.29347971454307303,0.0315386304111164,0.031522956598451314,0.06898186049332652,4.0648420094895155,1.3268203764664352,true
0.40625,4.102178248692706,0.28255534726476794,0.2027151199688535,4.0658178557879605,-0.00011208711201007609,-0.004979063723609074,0.057688311745005647,-0.11546329785045739,0.057774986105451745,0.06887934412767498,0.2188497854961586,1.4354599189326656,6.559110467841248,-0.2949058456740744,0.037267661025217336,0.03724180782466175,0.0688357328040514,4.058268378246965,1.32468663391347,true
0.46875,4.102178248692706,0.281908364690027,0.23354293853523772,4.060814753174765,-0.00012931122786303138,-0.004977758396366362,0.05771318926700776,-0.11536218645236025,0.05764899718535249,0.06872162729151673,0.21875013620609127,1.4351150669797657,6.560521935527845,-0.29661665197366666,0.04300349707544978,0.04296378894125471,0.06866372238068968,4.05078086365487,1.322258535118976,true
0.53125,4.102178248692706,0.28116656222207614,0.2642009762077244,4.055244070561086,-0.00014652473009809942,-0.0049762226664545675,0.05770225893420457,-0.11524417024682293,0.05754191131261836,0.06854079593242422,0.21863832011729126,1.43471405086153,6.562042967087653,-0.2986025007118908,0.04873592025264544,0.04867814462004045,0.06846666604162405,4.042383257232558,1.319537006885622,true
0.59375,4.102178248692706,0.2803322595252886,0.2946884085184235,4.049027866252592,-0.00016376141437877108,-0.004974468624144607,0.05766930292478976,-0.11510844523003605,0.05743914230524629,0.06833741552177205,0.21851321337574087,1.4342605634625576,6.5637246430324465,-0.30084879317756047,0.0544690453569266,0.054388423233301196,0.06824515973145413,4.033000228368209,1.3164966740791921,true
0.65625,4.102178248692706,0.27940908899834777,0.3249773759260335,4.0421562626059835,-0.00018100831776139968,-0.004972497614900075,0.05762643908710225,-0.11495784720252175,0.0573314081154195,0.0681123715400204,0.21837466333217476,1.433757362232634,6.5655847631541056,-0.3033439720367318,0.060201366404398916,0.06009257100580351,0.06800013703796849,4.022627536567965,1.3131357447579397,true
0.71875,4.102178248692706,0.27839738411295495,0.3550495324243026,4.034617412282753,-0.00019824321503970113,-0.004970310628764733,0.05757630010051748,-0.11479239726320647,0.057216097162688995,0.06786574527854206,0.21822249666854787,1.433204623384163,6.567630034776012,-0.30608840809520454,0.06593326567181224,0.06579041884213618,0.06773172590826194,4.011258554834947,1.3094519602944799,true
0.78125,4.102178248692706,0.27729669961113756,0.38488385857048557,4.026410564800319,-0.0002153918852583982,-0.004967905698275446,0.05752062829209223,-0.1146124371023179,0.05709180881022567,0.06759742819549767,0.21805670427357216,1.432601526741751,6.569857741885436,-0.30908691151128986,0.07166447306507856,0.07148115180704982,0.0674398677140577,3.998898623277886,1.305447131863385,true
0.84375,4.102178248692706,0.2761080153557386,0.4144608860523289,4.017536318946754,-0.00023235072172643112,-0.0049652802586040365,0.05745983936859373,-0.11441797930232037,0.056958139933726636,0.0673076591549208,0.21787728412622073,1.431948292383733,6.5722697899712035,-0.31233961763927287,0.07739497146055024,0.077164210407685,0.06712485016161877,3.9855547719298063,1.3011234934127927,true
0.90625,4.102178248692706,0.2748341199494566,0.4437610649603716,4.007997625391023,-0.00024913721613956493,-0.004962431320848296,0.0573941732500888,-0.11420909323231417,0.05681491998222537,0.06699711794265438,0.2176842556727856,1.4312465146070514,6.5748738244002585,-0.3158404138161287,0.08312465027871697,0.08283894651710734,0.0667874126811744,3.9712369262645697,1.2964840606964982,true
0.96875,4.102178248692706,0.2734769189732772,0.47276526362832827,3.997797770170349,-0.0002658877901664635,-0.004959355371365451,0.05732363756990111,-0.11398580015069157,0.05666216258079046,0.06666626908775347,0.21747764774547335,1.4304970843084395,6.57767406967098,-0.31958647894198217,0.0888534231169526,0.08850474056898575,0.0664280943379835,3.9559558031630777,1.2915321957452692,true
1.03125,4.102178248692706,0.27203707791387666,0.5014547249887988,3.9869402836662458,-0.00028252623546971275,-0.0049560481492235894,0.057248191922332214,-0.11374812990996312,0.05649993798763091,0.06631527481785322,0.21725750043048753,1.42969979845777,6.580669461928236,-0.32358008999888543,0.09458121427848544,0.09416098842387,0.06604711973864778,3.9397228111117073,1.2862716202805236,true
1.09375,4.102178248692706,0.2705156580914299,0.5298111174065379,3.975429042589519,-0.00029904929595509926,-0.004952504889070612,0.057167816896636095,-0.11349614053309096,0.05632832363645486,0.0659443938540795,0.2170238552439136,1.4288547441164619,6.583860297341824,-0.32782228388477314,0.10030796399353993,0.09980710674142303,0.06564481882998442,3.9225501278420354,1.2807062699625649,true
1.15625,4.102178248692706,0.2689139464632174,0.5578164447582611,3.9632682793552503,-0.00031545773742228084,-0.0049487204360486245,0.0570825173556006,-0.11322991472775969,0.05614739737215909,0.06555393992177588,0.216776756736904,1.4279621478344104,6.587247495207657,-0.33231354343500913,0.10603360647074514,0.10544251155961341,0.06522158017789542,3.9044507124310615,1.2748403174928304,true
1.21875,4.102178248692706,0.2672333272937327,0.585453052099639,3.9504624344995944,-0.00033174933746798216,-0.004944689315624591,0.05699228272208316,-0.11294953697465221,0.05595725425256905,0.06514425046715008,0.21651625124108154,1.4270222761624667,6.590832179952805,-0.3370542553698464,0.11175807126548754,0.1110666199717015,0.06477781890391836,3.8854381428512115,1.268678131493131,true
1.28125,4.102178248692706,0.2654752620728066,0.6127036079149374,3.9370161544428246,-0.00034791937040542636,-0.0049404057654852535,0.056897068525025976,-0.11265508200712843,0.05575801348210245,0.06471568176185641,0.21624238705714505,1.4260354209103254,6.594615608518398,-0.3420447771422742,0.11748127700277057,0.11667884429903565,0.06431397160991172,3.865526605573973,1.2622242750850425,true
1.34375,4.102178248692706,0.26364128875218873,0.6395511453608789,3.9229343204824163,-0.00036396132016346225,-0.004935863751278344,0.05679678973484058,-0.11234660972301005,0.05554981998816948,0.06426860871689491,0.21595521480232005,1.4250018994808893,6.59859916226288,-0.34728543410151996,0.12320313546602046,0.12227859647228137,0.06383049596193743,3.844730904056073,1.2554835088629068,true
1.40625,4.102178248692706,0.2617330182361336,0.6659791288207565,3.908222112266807,-0.0003798676891035815,-0.004931056966158191,0.05669133784703918,-0.1120241726677419,0.05533283482070271,0.06380342402711131,0.21565478818328201,1.4239220521897804,6.602784311840129,-0.35277652980077584,0.128923558981627,0.1278652955836664,0.0633278696042561,3.823066494108345,1.248460803109661,true
1.46875,4.102178248692706,0.25975212804459225,0.691971520240027,3.8928850537101374,-0.0003956310267426707,-0.004925978828158317,0.05658060843654452,-0.11168782955978868,0.055107221123244156,0.06332053662645469,0.21534116450872526,1.4227962379693968,6.607172582238672,-0.35851836413504223,0.13464246784953038,0.13343837538894548,0.06280658842786191,3.800549498234781,1.2411613432593374,true
1.53125,4.102178248692706,0.2577003559510552,0.7175128165404656,3.8769290213627245,-0.00041124468158493954,-0.004920622486367515,0.05646452467342532,-0.11133765742173404,0.054873132748308726,0.06282037013705583,0.2150144047307613,1.4216248310621635,6.611765536556988,-0.3645112476811821,0.1403597933325202,0.13899728738675654,0.062267164852201407,3.777196686199434,1.233590524085476,true
1.59375,4.102178248692706,0.25557949499168847,0.7425880532496137,3.8603602156955668,-0.0004267030232924641,-0.004914980840401158,0.05634304659563586,-0.11097375684046115,0.05463071024482529,0.062303361652589644,0.2146745730436237,1.420408219696603,6.616564782490398,-0.37075550762699433,0.14607547571307747,0.14454149905878555,0.061710126424351724,3.7530254252970936,1.2257539336508667,true
1.65625,4.102178248692706,0.25339139011049056,0.7671827863198097,3.8431851155699936,-0.0004420011986070719,-0.004909046569432848,0.05621616587456043,-0.11059624986484218,0.05438008399028175,0.061769960920455384,0.21432173630743512,1.419146806392689,6.62157199191866,-0.37725148648166307,0.1517894592806362,0.15007048914938978,0.06113601478062269,3.7280536195616083,1.2176573334178529,true
1.71875,4.102178248692706,0.25113793595379674,0.7912830703904887,3.8254104372258224,-0.00045713467716781915,-0.004902812163311926,0.05608389233686491,-0.11020527347440899,0.05412138113754408,0.0612206298041364,0.21395596355527716,1.4178410090014806,6.626788921614566,-0.3839995372566141,0.1575016870061968,0.15558374269936173,0.060545384853909694,3.702299655601682,1.2093066404692854,true
1.78125,4.102178248692706,0.24882107509465193,0.8148754466865491,3.807043110039073,-0.000472098832270836,-0.004896269949225401,0.05594623987299213,-0.10980097241941125,0.05385473254641912,0.06065584185035035,0.21357732571952978,1.4164912616591903,6.632217427047147,-0.39100001865588296,0.16321209682633248,0.16108074769583808,0.05993880416610705,3.6757823638101885,1.2007079148240627,true
1.84375,4.102178248692706,0.24644279610724545,0.8379469448302451,3.788090270019368,-0.0004868886877733066,-0.004889412110957232,0.05580321674889738,-0.10938349404353304,0.05358027729463566,0.06007608181964852,0.21318589557424808,1.4150980152215997,6.637859467249565,-0.39825329227200557,0.16892062012086928,0.16656099387739637,0.059316852080496224,3.6485209940746515,1.1918673516074274,true
1.90625,4.102178248692706,0.24400513121859016,0.8604850957834268,3.7685592651330646,-0.0005014988428573822,-0.004882230701331404,0.05565482170105754,-0.10895298591332504,0.053298164212267504,0.059481845113958765,0.21278174781275355,1.4136617371317057,6.643717102914852,-0.4057597221368411,0.17462718193315332,0.17202397322699756,0.05868011895829429,3.6205352000572066,1.1827912761198127,true
1.96875,4.102178248692706,0.241510153536199,0.8824779502734577,3.748457665044369,-0.000515923516774021,-0.004874717650393601,0.05550104458082941,-0.10850959574209475,0.053008551161265335,0.05887363710076815,0.2123649591686717,1.412182910900018,6.649792491323327,-0.4135196759566771,0.18033170208213845,0.17746918130968295,0.05802920522256295,3.591845025689567,1.173486139682846,true
2.03125,4.102178248692706,0.2389599739932537,0.903914097591715,3.7277932698423304,-0.0005301566430553037,-0.0048668647721587036,0.05534186933139367,-0.10805347255378663,0.052711603222392954,0.05825197236843771,0.21193560851778107,1.410662035427855,6.656087881095746,-0.4215335270790502,0.18603409641181473,0.18289611871931008,0.05736472036290151,3.5624708897420465,1.1639585148673206,true
2.09375,4.102178248692706,0.23635673818022984,0.9247826817427699,3.7065741152766436,-0.0005441919583202904,-0.004858663771970549,0.055177277353443833,-0.10758476812366648,0.052407490770222644,0.05761737395383847,0.21149377693528273,1.4090996243490885,6.662605608392318,-0.42980165642758866,0.19173427773959778,0.1883042922140954,0.05668728191862801,3.532433566945054,1.1542150895801242,true
2.15625,4.102178248692706,0.23370262319172513,0.9450734140282984,3.6848084743763545,-0.0005580230592522719,-0.004850106255453082,0.05500725010721987,-0.1071036381044595,0.052096387997239625,0.05697037257369354,0.21103954771088554,1.4074962054810043,6.669348094932468,-0.43832445398206427,0.19743215637605058,0.1936932154246077,0.05599751446886055,3.501754166007925,1.1442626601136752,true
2.21875,4.102178248692706,0.23099983454719208,0.9647765825162686,3.662504856540484,-0.0005716434258743479,-0.004841183739182124,0.05483177056983033,-0.10661024262221064,0.05177847205238031,0.05631150587393607,0.21057300633703402,1.4058523203959357,6.676317847434772,-0.44710231972171993,0.2031276402873037,0.19906240920901158,0.05529604864252368,3.4704541056847638,1.134108123536191,true
2.28125,4.102178248692706,0.22825060319436713,0.9838830594044059,3.6396720054509144,-0.0005850464190613784,-0.004831887662713627,0.05465082369869979,-0.10610474639523612,0.051453922696536335,0.05564131769922643,0.21009424048721867,1.4041685240825728,6.683517457814352,-0.456135664143812,0.2088206350507805,0.20441140180379538,0.05458352015026846,3.438555090077159,1.1237584698190788,true
2.34375,4.102178248692706,0.2254571825792368,1.002384307268919,3.6163188968697018,-0.0005982252649650961,-0.004822209401467749,0.05446439627361671,-0.10558731854779634,0.051122922274179625,0.054960357378689276,0.20960333999669717,1.4024453846565794,6.6909496035639435,-0.4654249085198633,0.21451104375138969,0.209739728911831,0.05386056883533471,3.406079084009762,1.1132207739816502,true
2.40625,4.102178248692706,0.2226218457524059,1.0202723848724142,3.5924547368962654,-0.0006111730372747788,-0.004812140280041087,0.05427247650045117,-0.10505813230260308,0.05078565580215191,0.054269179020524444,0.20910039685178905,1.4006834830809431,6.698617047932967,-0.47497048506059353,0.22019876691837312,0.21504693382237808,0.05312783773752374,3.3730482888801303,1.1025021883895718,true
2.46875,4.102178248692706,0.2197468824848911,1.0375399528303975,3.568088960813242,-0.0006238826441507123,-0.00480167158568378,0.0540750536584485,-0.10451736469099503,0.050442311032546525,0.053568340808915524,0.20858550518857935,1.39888341286957,6.706522639743631,-0.4847728371106702,0.22588370254895662,0.22033256760491313,0.0523859721653914,3.3394851190307033,1.0916099352250974,true
2.53125,4.102178248692706,0.21683459637498437,1.0541802791346413,3.5432312323500312,-0.000636346822726834,-0.004790794581843047,0.05387211794061184,-0.10396519635629965,0.05009307841568781,0.05285840429876148,0.20805876129851147,1.3970457797601366,6.714669312847301,-0.49483241944399686,0.23156574622158121,0.22559618937722625,0.051635618773548775,3.305412178481369,1.080551299076554,true
2.59375,4.102178248692706,0.21388730193733432,1.0701872443571625,3.5178914430585784,-0.0006485581412090745,-0.0047795005217953004,0.05366366052598491,-0.10340181147148163,0.04973815094549672,0.05213993370607349,0.2075202636371757,1.3951712013523676,6.723060085311269,-0.5051496986863556,0.23724479127609724,0.23083736662462043,0.050877424644178736,3.2708522378006597,1.0693336195734626,true
2.65625,4.102178248692706,0.21090732167291842,1.0855553462980017,3.4920797114867312,-0.0006605090071368463,-0.004767780662448505,0.053449673854277735,-0.1028273977577667,0.04937772390348896,0.05141349519371348,0.206970112832605,1.3932603067129,6.731698058452297,-0.5157251538700658,0.2429207290299828,0.23605567553992093,0.05011203637327944,3.2358282109093177,1.0579642839983563,true
2.71875,4.102178248692706,0.2078969831230585,1.1002797038575367,3.465806381892399,-0.0006721916800692371,-0.00475562627841504,0.05323015204607659,-0.10224214657661285,0.04901199453053626,0.0506796561532429,0.20640841169034727,1.3913137359499017,6.740586415814985,-0.5265592771148727,0.24859344900118843,0.24125070135622043,0.0493400991632132,3.200363131683659,1.0464507198304949,true
2.78125,4.102178248692706,0.20485861591256588,1.1143560599631614,3.439082022316486,-0.0006835982872839862,-0.004743028676438013,0.05300509141291794,-0.10164625306718263,0.048641161654264686,0.04993898448412153,0.20583526519324447,1.3893321397602274,6.74972842217236,-0.5376525744306945,0.25426283911582115,0.24642203865205106,0.048562255923390585,3.1644801302771577,1.0348003871935865,true
2.84375,4.102178248692706,0.20179454878769443,1.1277807834322264,3.4119174218956587,-0.0006947208416161275,-0.004729979210237482,0.05277449101517381,-0.10103991630777409,0.04826542529260028,0.04919204787164061,0.20525078049506712,1.3873161789501383,6.759127422579912,-0.5490055666442152,0.25992878588439267,0.2515692916143429,0.04777914638112814,3.128202409160386,1.0230207712067838,true
2.90625,4.102178248692706,0.19870710665529978,1.1405508696934077,3.384323587339939,-0.0007055512609574657,-0.004716469295821188,0.05253835324052799,-0.1004233394868114,0.04788498624628341,0.048439413065150046,0.20465506690685978,1.385266523931793,6.768786841530971,-0.5606187904471636,0.26559117453791614,0.25669207425190493,0.0469914062047971,3.091553218866632,1.011119374233944,true
2.96875,4.102178248692706,0.19559860763057182,1.1526639403115855,3.3563117385266708,-0.0007160813890691928,-0.004702490427296133,0.05229668438491232,-0.0997967300734975,0.04750004568858518,0.047681645158375495,0.20404823587591803,1.3831838541962223,6.778710182220531,-0.5724927995692831,0.2712498891147349,0.26179001055214923,0.046199666141535346,3.0545558334985285,0.9991037080487204,true
3.03125,4.102178248692706,0.19247136010283716,1.1641182412770252,3.327893303182461,-0.0007263030172541084,-0.0046880341932103164,0.052049495219618644,-0.09916029997925402,0.047110804759635375,0.04691930687414046,0.2034304009568285,1.381068857766735,6.788901025957384,-0.5846281660650334,0.2769048124929224,0.26686273457768833,0.04540455117219472,3.0172335260246745,0.9869812859241248,true
3.09375,4.102178248692706,0.18932765983129782,1.1749126400350116,3.2990799106498887,-0.0007362079061852464,-0.004673092293453071,0.051796801524819205,-0.09851426569951521,0.04671746417469601,0.04615295785638601,0.20280167777484215,1.3789222306374687,6.799363031741772,-0.5970254816972289,0.2825558263624403,0.2719098904991141,0.04460667968664906,2.979609543447172,0.9747596146723144,true
3.15625,4.102178248692706,0.18616978708492465,1.185046621251919,3.2698833847664335,-0.0007457878069343029,-0.004657656556734453,0.05153862456426018,-0.0978588484229038,0.046320223858643615,0.04538315397295419,0.20216218397928995,1.3767446762065272,6.8100999361362495,-0.6096853593850146,0.2882028111614996,0.27693113258738533,0.043806662682115256,2.9417070817742865,0.962446186611601,true
3.21875,4.102178248692706,0.18300000384217457,1.194520281343178,3.24031573592213,-0.0007550344800981021,-0.004641718958653611,0.051274991472438886,-0.09719427409328135,0.045919282620842466,0.04461044663295496,0.20151203920230015,1.374536904696049,6.8211155528833505,-0.622608434714897,0.2938456458184623,0.2819261250268427,0.0430051029920349,2.9035492617370733,0.9500484717708054,true
3.28125,4.102178248692706,0.17982055106654743,1.2033343218262433,3.2103891524094794,-0.0007639397119870954,-0.004625271640342328,0.051005935526916436,-0.09652077341100607,0.04551483788408963,0.04383538212262063,0.20085136498960407,1.3722996326034098,6.832413773610346,-0.6357953674011619,0.29948420768695166,0.28689454189536984,0.042202594539462214,2.865159103402163,0.9375739097170346,true
3.34375,4.102178248692706,0.1766336460724252,1.2114900415995105,3.1801159912168413,-0.0007724953271283524,-0.0046083069276450506,0.0507314962857122,-0.09583858176351676,0.04510708547780456,0.04305850096316886,0.2001802847500236,1.3700335821418168,6.843998567854246,-0.6492468427671565,0.3051183721884545,0.2918360668814999,0.04139972163031587,2.8265595024103365,0.9250299019111712,true
3.40625,4.102178248692706,0.17344147999267778,1.2189893282824567,3.1495087684439547,-0.0007806931968248536,-0.004590817350762999,0.05045171958220183,-0.09514793908170953,0.0446962194995077,0.04228033729347344,0.19949892369313418,1.367739480708139,6.855873983620946,-0.6629635731534158,0.310748012537615,0.29675039307388756,0.040597058279777685,2.7877732061232616,0.9124238040208372,true
3.46875,4.102178248692706,0.17024621535533876,1.2258346487722693,3.118580149522938,-0.0007885252441002309,-0.004572795664265127,0.05016665738538673,-0.09444908962637123,0.0442824322409845,0.04150141827932351,0.19880740876991534,1.3654180603645818,6.868044147916104,-0.6769462992758642,0.3163729994279046,0.3016372227151421,0.039795167576738205,2.748822790559281,0.8997629184826594,true
3.53125,4.102178248692706,0.167049983772048,1.232029039172788,3.087342939408943,-0.0007959834459065414,-0.004554234867345866,0.04987636754836803,-0.09374228171646246,0.043865914168094426,0.040722263549928375,0.1981058686161499,1.3630700573332766,6.8805132672488485,-0.6911957915393158,0.32199320071918086,0.3064962669573354,0.03899460108614447,2.7097306381194515,0.887054487314285,true
3.59375,4.102178248692706,0.16385488373697077,1.2375760942332659,3.0558100728651953,-0.0008030598338776219,-0.004535128224201983,0.04958091347886653,-0.09302776741657509,0.043446853937708564,0.039943384661353644,0.19739443349986938,1.3606962114984096,6.893285628033224,-0.7057128513286197,0.3276084811441283,0.31132724563406405,0.03819589828889328,2.6705189161849896,0.8743056852033357,true
3.65625,4.102178248692706,0.16066297853193623,1.2424799564014393,3.023994604917047,-0.000809746495101017,-0.004515469284404987,0.04928036377050364,-0.09230580220333301,0.04302543843282937,0.03916528458585065,0.196673235273518,1.3582972659091739,6.906365596824391,-0.7204983123085196,0.3332187020464718,0.3161298870598403,0.03739958605835696,2.6312095566257456,0.8615236128868669,true
3.71875,4.102178248692706,0.1574762942321433,1.2467453045548902,2.991909701495208,-0.0008160355743467757,-0.00449525190316237,0.04897479183190527,-0.09157664462967272,0.042601852797767445,0.03838845722570156,0.19594240733083468,1.3558739662769577,6.919757620348421,-0.7355530417654607,0.3388237211587074,0.32090392786273086,0.03660617817239451,2.591824236219127,0.8487152908215853,true
3.78125,4.102178248692706,0.15429681780689258,1.250377342434402,2.9595686302420665,-0.0008219192789643622,-0.004474470261380904,0.0486642755437075,-0.09084055600242716,0.042176280458719656,0.03761338695022927,0.19520208456790294,1.3534270604614231,6.933466225308779,-0.750877942021106,0.34442339242155307,0.32564911285116294,0.03581617485976033,2.5523843579491072,0.8358876531351016,true
3.84375,4.102178248692706,0.15112649531093936,1.2533817867701762,2.926984751423255,-0.0008273898873048397,-0.004453118885473978,0.048348896963605906,-0.09009780008364142,0.04174890312003551,0.036840548154898144,0.19445240334746497,1.3509572979419178,6.947496017973644,-0.7664739519406165,0.3500175658424365,0.3303651949115863,0.03503006238006063,2.5129110331382933,0.8230475418428468,true
3.90625,4.102178248692706,0.14796723016406152,1.2557648550703802,2.8941715088715854,-0.0008324397611460732,-0.0044311926668763185,0.04802874208880836,-0.08934864282063319,0.04131990073182483,0.036070404841919326,0.19369350146545306,1.3484654292729747,6.961851683565571,-0.7823420485485558,0.35560608738679284,0.3350519349307663,0.03424831263679685,2.473425064362202,0.8102017013138418,true
3.96875,4.102178248692706,0.1448208815182953,1.2575332530316723,2.8611424208888696,-0.0008370613622673766,-0.00440868688124825,0.04770390067555926,-0.08859335210493147,0.040889451429372205,0.035303410222226994,0.1929255181187034,1.3459522055246094,6.976537985485521,-0.7984832487561752,0.36118879889400646,0.3397091017350537,0.03347138282336865,2.4339469290995206,0.797356772969897,true
4.03125,4.102178248692706,0.14168926271410048,1.2586941615324048,2.827911071040039,-0.0008412472730626822,-0.004385597207362632,0.04737446610820748,-0.08783219755659186,0.040457731448384375,0.03454000633913322,0.1921485938729339,1.3434183777099753,6.991559764410066,-0.8148986111944733,0.3667655380095794,0.34433647203903495,0.032699715102215865,2.3944967640818398,0.7845192902059469,true
4.09375,4.102178248692706,0.1385741398277792,1.25925522317787,2.7944910987905205,-0.0008449902209237659,-0.004361919745672543,0.047040535306189624,-0.08706545032830226,0.04002491502211264,0.03378062371422802,0.19136287063027757,1.3408646962039277,7.006921937299655,-0.8315892381418625,0.372336138125888,0.34893383039689163,0.03193373631741888,2.3550943503197734,0.7716956735236241,true
4.15625,4.102178248692706,0.13547723031324826,1.259224528379113,2.7608961899558624,-0.0008482831060521294,-0.004337651036554577,0.04670220865611082,-0.0862933829230621,0.03959117426695128,0.0330256810162802,0.19056849159587985,1.3382919101569222,7.022629496354036,-0.8485562775298475,0.37790042832520776,0.3535009691511421,0.03117385774116826,2.3157590987949583,0.7588922258743414,true
4.21875,4.102178248692706,0.13240020174126033,1.2586106009598828,2.7271400669507533,-0.0008511190323572129,-0.004312788078217236,0.046359589956796884,-0.08551626901954214,0.03915667906274525,0.03227558475389362,0.18976560124329622,1.3357007669087386,7.038687507944354,-0.8658009250086125,0.38345823332003176,0.3580376883747607,0.030420474854444,2.2765100368191096,0.7461151282120662,true
4.28125,4.102178248692706,0.12934467063900632,1.2574223832991587,2.6932364788383625,-0.0008534913411438162,-0.004287328344255922,0.04601278636698265,-0.08473438330010487,0.038721596933122215,0.03153072899263367,0.1889543452785675,1.3330920114067337,7.055101111548463,-0.8833244260522339,0.38900937338754116,0.36254379580433305,0.029673967162155833,2.237365795067754,0.7333704352581583,true
4.34375,4.102178248692706,0.12631220143244065,1.255669221028076,2.659199191192505,-0.0008553936473585417,-0.004261269800826542,0.04566190834775293,-0.08394800127767375,0.03828609292992082,0.030791495097194813,0.18813487060296524,1.3304663856330947,7.0718755187116535,-0.901128078083326,0.3945536642967479,0.3670191067633629,0.028934698042819566,2.198344595300534,0.7206640714821304,true
4.40625,4.102178248692706,0.12330430549307105,1.2533608473066387,2.625041975790465,-0.0008568198782150375,-0.004234610923401105,0.045307069594556895,-0.08315739911897647,0.03785032952441958,0.030058251499033718,0.18730732527444,1.3278246280455481,7.089016012054193,-0.9192132325961251,0.400090917227809,0.37146344407568715,0.02820301463267778,2.15946423878032,0.7080018273023801,true
4.46875,4.102178248692706,0.12032244029026906,1.2505073667120326,2.5907786001613378,-0.0008577643140516894,-0.004207350713062427,0.044948386956116824,-0.08236285346293606,0.03741446650681924,0.029331353489725553,0.18647185846789158,1.3251674730356762,7.106527944343171,-0.9375812972573987,0.4056209386837112,0.3758766379695328,0.02747924774398954,2.120742095405486,0.6953893555117117,true
4.53125,4.102178248692706,0.1173680086495891,1.2471192387723666,2.556422817016185,-0.0008582216313013998,-0.004179488712288432,0.0445859803393218,-0.08156464123387179,0.03697866089454999,0.028611143040162205,0.18562862043439554,1.3224956504090415,7.124416737646526,-0.9562337379633316,0.4111435303946225,0.38025852597282417,0.026763711817063777,2.0821950935682536,0.6828321679320476,true
4.59375,4.102178248692706,0.11444235811694303,1.2432072611821507,2.5219883535868783,-0.0008581869474567823,-0.004151025020172505,0.04421997260016678,-0.08076303944965751,0.036543066849490734,0.02789794864555529,0.18477776245950717,1.3198098848912405,7.142687882587972,-0.9751720808300565,0.41665848921580634,0.38460895280080865,0.026056704905440698,2.0438397107492503,0.6703356323018795,true
4.65625,4.102178248692706,0.11154678042792843,1.2387825527358747,2.4874889008983807,-0.0008576558678912285,-0.00412196030702533,0.043850489421621466,-0.07995832502539665,0.03610783560377519,0.027192085196072715,0.18391943682071044,1.3171108956640758,7.161346937724861,-0.9943979140943617,0.4221656070202718,0.38892777023725444,0.02535850869347087,2.0056919648540017,0.6579049693985906,true
4.71875,4.102178248692706,0.1086825110811997,1.233856536016264,2.4529381030003385,-0.0008566245343551056,-0.004092295828300563,0.04347765917998127,-0.0791507745735125,0.03567311539353123,0.026493853872838157,0.18305379674411176,1.3143993959360478,7.180399529070831,-1.0139128898997958,0.42766467058708835,0.3932148370102377,0.024669388545422746,1.967767406296687,0.645545250397699,true
4.78125,4.102178248692706,0.10585072901429293,1.2284409198718869,2.4183495461815507,-0.0008550896749082033,-0.004062033437787146,0.04310161280152213,-0.07834066420129121,0.03523905139976908,0.025803542068905894,0.1821809963604542,1.3116760925513242,7.1998513497868215,-1.0337187259425649,0.43315546148587614,0.3974700186631778,0.0239895935851104,1.9300811108334601,0.6332613944701279,true
4.84375,4.102178248692706,0.10305255637991212,1.2225476817186318,2.3837367481913923,-0.0008530486549905083,-0.004031175600010206,0.04272248361119071,-0.07752826930687923,0.03480578569568852,0.02512142333472545,0.18130119066055403,1.3089416856411942,7.2197081600633,-1.0538172069510554,0.4386377559577512,0.40169318742158044,0.023319356804911612,1.8926476731469715,0.6210581666184226,true
4.90625,4.102178248692706,0.10028905842035499,1.2161890496985293,2.349113147489776,-0.0008504995292831054,-0.003999725401784157,0.04234040717460138,-0.07671386437450883,0.034373457199907455,0.024447757347530033,0.18041453545021263,1.3061968683221123,7.239975787220159,-1.0742101859712392,0.4441113247931298,0.40588422205602775,0.022658895202943004,1.8554812011798285,0.6089401757515948,true
4.96875,4.102178248692706,0.09756124343730935,1.2093774847291012,2.3144920925456667,-0.0008474410939370684,-0.003967686562861963,0.04195552113455765,-0.07589772276969234,0.033942201635134686,0.023782789903973686,0.17952118730462108,1.3034423264441315,7.260660126051759,-1.094899585430766,0.4495759332070998,0.4100430077421671,0.02200840994702178,1.8185953112116902,0.596911872997302,true
5.03125,4.102178248692706,0.09487006285400167,1.202125662474938,2.279886831204533,-0.0008438729386737717,-0.0039350634456249145,0.04156796504350596,-0.07508011653522424,0.03351215149171828,0.02312675293528143,0.17862130352231742,1.3006787383932756,7.281767139442946,-1.1158873979543018,0.45503134071228724,0.4141694359178306,0.021368086563960928,1.7820031236749414,0.5849775502502013,true
5.09375,4.102178248692706,0.09221641136633704,1.1944464552726233,2.2453105001453917,-0.000839795498199899,-0.003901861063759393,0.041177880193160245,-0.07426131618875015,0.033083435995589903,0.02247986454409309,0.1777150420787865,1.2979067749508946,7.303302859279031,-1.1371756869039331,0.4604773009888123,0.4182634041371657,0.020738095152641422,1.745717259703493,0.5731413389552223,true
5.15625,4.102178248692706,0.08960112717947241,1.1863529140391695,2.210776114447006,-0.0008352101023254486,-0.0038680850898666214,0.0407854094421631,-0.0734415905224745,0.032656181080311396,0.021842329062133455,0.17680256157978877,1.2951270992127675,7.32527338767257,-1.1587665866185766,0.46591356175071474,0.422324815921506,0.02011859061924102,1.7097498384074714,0.5614072091239465,true
5.21875,4.102178248692706,0.08702499232593192,1.1778582501945913,2.1762965572816215,-0.0008301190241321892,-0.0038337418619556057,0.04039069704229296,-0.07262120640539688,0.03223050936310392,0.021214337127760184,0.17588402121446273,1.2923403665701079,7.347684898529261,-1.1806623023286695,0.47133986460889427,0.42635358060722356,0.01950971293290087,1.6741124748633993,0.5497789685812535,true
5.28125,4.102178248692706,0.08448873306121457,1.1689758176282217,2.1418845697535396,-0.0008245255254912625,-0.003798838388767947,0.03999388846381427,-0.07180042858850061,0.03180654012468634,0.020596065782402237,0.174959580708241,1.2895472247540882,7.370543639473569,-1.2028651097241625,0.4767559449304411,0.4303496131906688,0.018911587400061085,1.6388162788079896,0.5382602624389523,true
5.34375,4.102178248692706,0.08199302033263967,1.1597190947376563,2.1075527409006405,-0.0008184338991837633,-0.003763382353887068,0.0395951302208756,-0.07097951951347105,0.031384389292595447,0.019987678584851704,0.17402940027566877,1.2867483139445652,7.393855934148541,-1.2253773541576107,0.48216153169365855,0.43431283416988553,0.018324324955640965,1.6038718540241963,0.526854572793286,true
5.40625,4.102178248692706,0.07953847031710115,1.1501016665685082,2.0733134978778383,-0.0008118495068642681,-0.003727382118584713,0.03919456969769425,-0.07015873912543746,0.030964169427743216,0.01938932574235376,0.1730936405732734,1.2839442669428494,7.417628184897611,-1.2482014494674094,0.48755634733741887,0.438243169382327,0.017748022469225973,1.569289298408959,0.515565218643499,true
5.46875,4.102178248692706,0.07712564502329197,1.1401372070826854,2.03917909633953,-0.0008047788121059028,-0.00369084672336073,0.038792354975865806,-0.06933834469002884,0.03054598971416303,0.018801144257412656,0.1721524626525949,1.2811357094075237,7.441866875833582,-1.2713398764102852,0.49294010760384954,0.4421405498381,0.017182763064402442,1.5350782047091156,0.5043953560276659,true
5.53125,4.102178248692706,0.07475505295384632,1.1298394615829697,2.005161611036625,-0.0007972294077854308,-0.0036537858881346835,0.03838863466289631,-0.06851859061490079,0.030129955952004475,0.018223258089204067,0.17120602791343914,1.278323260151342,7.466578576296714,-1.2947951806973566,0.4983125213740245,0.4460049115487774,0.01662861644937019,1.5012476619089932,0.4933479783710041,true
5.59375,4.102178248692706,0.07242714982292804,1.1192222293207994,1.9712729266428592,-0.0007892100370825873,-0.003616210011049212,0.03798355772233251,-0.06769972827601756,0.02971617055368505,0.017655778328503725,0.1702544980574108,1.2755075314963378,7.491769944699078,-1.3185699706327998,0.5036732904962613,0.44983619535177344,0.01608563925699884,1.4678062572520605,0.48242591704151344,true
5.65625,4.102178248692706,0.07014233932483896,1.1082993463131663,1.9375247288267095,-0.0007807306074014655,-0.0035781301658496523,0.03757727330618794,-0.06688200584913037,0.029304732542942434,0.017098803385053325,0.16929803504187418,1.2726891296829683,7.517447732740556,-1.34266691436087,0.5090221096055642,0.4536343467295282,0.015553875392539277,1.4347620788811755,0.47163184210847964,true
5.71875,4.102178248692706,0.06790097394943201,1.097084668393585,1.9039284955850675,-0.000771802196593762,-0.0035395580978056507,0.0371699305901415,-0.06606566814678191,0.028895737556640412,0.01655241918633616,0.16833680103452392,1.2698686553282483,7.543618789974588,-1.3670887367317526,0.514358665932252,0.45739931562244146,0.015033356387294718,1.402122719081969,0.46096826329934987,true
5.78125,4.102178248692706,0.06570335584024228,1.085592054521627,1.8704954888521397,-0.0007624370509550506,-0.0035005062181460364,0.03676167861144328,-0.06525095646088319,0.028489277849439915,0.016016699386766243,0.16737095836866872,1.2670467039269981,7.5702900686991885,-1.391838215802497,0.5196826390986818,0.4611310562351656,0.014524101756634131,1.3698952781100806,0.45043753114918983,true
5.84375,4.102178248692706,0.06354973769147526,1.073835350375596,1.8372367463954924,-0.0007526485745670177,-0.0034609875969813103,0.03635266610931635,-0.06443810841081887,0.02808544230150252,0.015491705586349758,0.16640066949925933,1.2642238663896104,7.597468629146577,-1.4169181789947012,0.5249937009040195,0.4648295268366158,0.014026119360836503,1.338086368579974,0.4400418383358845,true
5.90625,4.102178248692706,0.061440323680310854,1.0618283722513955,1.8041630740105938,-0.0007424513096565515,-0.0034210159546927965,0.03594304136815544,-0.06362735779727864,0.027684316429123203,0.01497748755795554,0.16542609695971347,1.2614007296089842,7.625161644937894,-1.4423314989358804,0.5302915150965021,0.46849468955369966,0.013539405767392688,1.3067021203933682,0.4297832211943048,true
5.96875,4.102178248692706,0.05937527043133371,1.049584891289768,1.77128503802727,-0.0007318609077629136,-0.0033806056517712776,0.03553295206407148,-0.06281893446213181,0.027285982398060335,0.014474083482417079,0.1644474033196914,1.2585778770484595,7.653376408758129,-1.4680810890166969,0.5355757371314638,0.47212651015796414,0.013063946613547935,1.275748186188107,0.4196635614035188,true
6.03125,4.102178248692706,0.057354688010261404,1.037118618052132,1.7386129581395893,-0.0007208940916479024,-0.0033397716770940666,0.03512254511493979,-0.062013064154459924,0.026890519039520132,0.013981520190776538,0.16346475114396772,1.255755889342213,7.68212033820206,-1.4941698986999028,0.540846013913047,0.47572495784417396,0.012599716968034061,1.245229747287335,0.4096845878407526,true
6.09375,4.102178248692706,0.05537864094449359,1.0244431874660025,1.7061569005691464,-0.0007095686080449672,-0.003298529634633944,0.034711966533509206,-0.06120996840254885,0.026498001869039646,0.013499813413067024,0.16247830295244156,1.2529353448995426,7.711400981743912,-1.5206009086196253,0.5461019835192672,0.479290005001071,0.012146681691101863,1.2151515201252554,0.3998478785945301,true
6.15625,4.102178248692706,0.05344714926835196,1.0115721441596488,1.6739266715681547,-0.0006979031714896111,-0.003256895728600849,0.03430136128322249,-0.06040986439166375,0.02610850310844126,0.013028968033113786,0.16148822118119985,1.2501168205046216,7.741226024787979,-1.5473771255117976,0.5513432749113931,0.48282162697542513,0.011704795792125208,1.1855177631219773,0.39015486312810876,true
6.21875,4.102178248692706,0.05156018959128286,0.998518928204766,1.6419318112707217,-0.0006859173996034608,-0.003214886747021764,0.033890873136999816,-0.05961296484771929,0.025722091710719472,0.012568978348933085,0.16049466814462918,1.2473008919032056,7.771603295750642,-1.5745015770185933,0.5565695076277077,0.48631980182983997,0.011274004784227657,1.1563322839828436,0.38060682458521394,true
6.28125,4.102178248692706,0.049717696187716334,0.9852968612833011,1.610181587900836,-0.0006736317403419655,-0.0031725200437707074,0.03348064453948574,-0.05881947792707764,0.0253388333875919,0.012119828338410335,0.15949780599866223,1.2444881343680125,7.802540772118524,-1.6019773064096603,0.5617802914600162,0.48978451009362417,0.010854245035568477,1.1275984474004142,0.3712049022309203,true
6.34375,4.102178248692706,0.047919562107598984,0.971919133294403,1.5786849923458264,-0.000661067391864401,-0.0031298135190676243,0.033070816472754845,-0.058029607112450574,0.02495879063969573,0.011681491930017943,0.158497796705251,1.2416791232350275,7.834046586427349,-1.6298073672617457,0.5669752261115066,0.49321573450623696,0.01044544411708862,1.0993191831373723,0.36195009402049894,true
6.40625,4.102178248692706,0.046165640306884054,0.9583987894168577,1.5474507330997935,-0.0006482462158293722,-0.0030867855984730505,0.03266152832476747,-0.057243551114513,0.024582022789745528,0.01125393327839819,0.15749480199794688,1.2388744344042308,7.866129032121206,-1.6579948181348436,0.5721539008373211,0.49661345975464083,0.010047521146654513,1.0714969944628394,0.35284325928705906,true
6.46875,4.102178248692706,0.044455744797474224,0.9447487176414319,1.516487231578914,-0.000635190645018678,-0.0030434552104109495,0.03225291776020833,-0.05646150377898426,0.02420858601877593,0.010837107044688151,0.15648898334834488,1.2360746447992923,7.89879656926256,-1.686542717280035,0.5773158940707812,0.49997767220685635,0.009660387129653425,1.0441339669121519,0.343885121537953,true
6.53125,4.102178248692706,0.04278965181636375,0.9309816367856336,1.4858026178130117,-0.0006219235862582503,-0.0029998417622607507,0.03184512059422677,-0.055683653999367574,0.023838533405140805,0.010430958681524891,0.1554805019332869,1.233280332781481,7.932057830059315,-1.7154541174105693,0.5824607730362635,0.5033083596426262,0.009283945296218062,1.0172317773450406,0.3350762713514943,true
6.59375,4.102178248692706,0.0411671010139039,0.9171100850015957,1.455404726520101,-0.0006084683196703206,-0.0029559651150644663,0.03143827066980629,-0.05491018563564974,0.02347191496584345,0.010035424722712417,0.15446951860290561,1.2304920785137885,7.965921624168527,-1.7447320605629308,0.5875880933471725,0.5066055109804126,0.008918091435363642,0.9907917032825926,0.32641716936730336,true
6.65625,4.102178248692706,0.03958779666118019,0.9031464087866548,1.4253010935687798,-0.0005948483953628534,-0.0029118455569038457,0.031032499738652443,-0.05414127743884343,0.023108777700190986,0.009650433077547555,0.15345619384952186,1.227710464272732,8.000396943746805,-1.7743795730674348,0.5926973985883798,0.5098691160005643,0.008562714226388218,0.9648146325016618,0.31790814936299633,true
6.71875,4.102178248692706,0.03805140887642523,0.8891027525061751,1.395498952827968,-0.0005810875287046963,-0.0028675037750096888,0.0306279373447665,-0.05337710298087803,0.022749165636111526,0.009275903329786209,0.15244068777709766,1.2249360747072553,8.035492968244709,-1.8043996606401411,0.5977882198869943,0.5130991650673318,0.008217695567905782,0.9393010728580079,0.3095494214074646,true
6.78125,4.102178248692706,0.03655757487028924,0.874991048437371,1.366005233402434,-0.0005672094953195033,-0.0028229608266722404,0.03022471071055112,-0.05261783058966592,0.022393119879114798,0.008911747041206586,0.1514231600708565,1.2221694970453154,8.071219068954955,-1.8347953036026816,0.6028600754768636,0.5162956488532219,0.00788291090487729,0.9142511623087195,0.3013410750807459,true
6.84375,4.102178248692706,0.0351059002097677,0.8608230073398557,1.336826557255711,-0.0005532380268775148,-0.002778238109027144,0.029822944626530457,-0.05186362328979168,0.022040678663261225,0.008557868059720551,0.15040376996696259,1.2194113212493325,8.107584813314094,-1.8655694522304933,0.6079124702578232,0.5194585580662399,0.007558229554020685,0.8896646791127336,0.2932830827532427,true
6.90625,4.102178248692706,0.03369596010044717,0.846610109557258,1.3079692372263727,-0.0005391967087230143,-0.0027333573277975864,0.029422761345771542,-0.05111463874929249,0.02169187740352095,0.00821416283195044,0.14938267622244983,1.2166621401219904,8.144599968943021,-1.8967250222246888,0.6129448953467752,0.5225878831780792,0.007243515027965516,0.8655410521957159,0.2853753029195275,true
6.96875,4.102178248692706,0.03232730068645852,0.8323635966534453,1.2794392754391337,-0.0005251088803520324,-0.002688340465080024,0.029024280482683226,-0.05037102923229767,0.021346748749614446,0.007880520720122457,0.14836003708541273,1.2139225493654084,8.182274507430447,-1.9282648902945014,0.6179568276203464,0.525683614153043,0.006938625358464604,0.8418793716609617,0.27761748358046845,true
7.03125,4.102178248692706,0.030999440367196707,0.8180944635870665,1.25124236210527,-0.0005109975396945545,-0.002643209746266896,0.02862761891512407,-0.04963294155690464,0.02100532264178057,0.007556824323047323,0.147336010264975,1.211193147598586,8.220618607903985,-1.9601918898306814,0.6229477292562887,0.5287457401819995,0.006643413418873581,0.8186783994171799,0.2700092656638472,true
7.09375,4.102178248692706,0.029711871129549774,0.8038134514272357,1.2233838747066765,-0.0004968852520275533,-0.002597987606204239,0.028232890690075323,-0.04890051705831571,0.020667626368240388,0.007242949800881627,0.1463107529005405,1.208474536338303,8.259642660439338,-1.9925088066484835,0.627917047281357,0.5317742494257729,0.0063577272460147985,0.7959365798956726,0.262550186474237,true
7.15625,4.102178248692706,0.02846405989420545,0.7895310406099767,1.1958688775655513,-0.00048279406420237534,-0.002552696654684921,0.027840206934745836,-0.04817389155808114,0.020333684623335305,0.006938767203320933,0.1452844215304641,1.2057673199473073,8.299357269316552,-2.0252183747794064,0.6328642131237655,0.5347691287662908,0.006081410361482887,0.7736520508446768,0.25523968316801837,true
7.21875,4.102178248692706,0.02725544987435519,0.7752574447330658,1.1687021218046194,-0.00046874542477972215,-0.0025073596413819066,0.027449675774288484,-0.047453195339979555,0.02000351956569107,0.006644140800815039,0.14425717206061592,1.2030721055531994,8.339773256110112,-2.0583232722878653,0.6377886421632705,0.5377303635608377,0.0058143020923855475,0.7518226541951368,0.2480770962516099,true
7.28125,4.102178248692706,0.026085461944713943,0.7610026048876642,1.1418880456949891,-0.0004547601106072408,-0.0024619994203303464,0.027061402255045282,-0.046738553131937415,0.019677150876892133,0.006358929418297934,0.14322915973282238,1.2003895029425529,8.380901662634496,-2.091826117086327,0.6426897332798958,0.5406579373997239,0.005556237891390282,0.7304459469806933,0.2410616730972135,true
7.34375,4.102178248692706,0.024953496018403677,0.7467761845258369,1.1154307753791803,-0.000440858160265842,-0.0024166389140702956,0.02667548827186155,-0.04603008409317105,0.019354595821309502,0.006082986770834722,0.14220053909241157,1.197720124436236,8.422753753822805,-2.1257294627225143,0.6475668684140966,0.543551831874598,0.00530704965581038,0.709519212279939,0.23419257146552444,true
7.40625,4.102178248692706,0.02385893242904551,0.7325875648610412,1.0893341259607632,-0.00042705881463352905,-0.0023713010775626674,0.026292032500449744,-0.04532790180694295,0.019035869306493203,0.005816161800538274,0.14117146395440866,1.1950645847499963,8.465341020589987,-2.160035794121131,0.6524194121464713,0.5464120263614671,0.005066566045374014,0.6890394701579569,0.22746886302788624,true
7.46875,4.102178248692706,0.022801133315369843,0.718445840795348,1.0636016029643738,-0.00041338046466792363,-0.002326008861989569,0.025911130337432607,-0.04463211428017932,0.01872098394274671,0.005558299014099686,0.1401420873690322,1.192423500840691,8.50867518264314,-2.194747523271696,0.6572467112876771,0.5492384978120534,0.004834612798295048,0.6690034886067493,0.22088953688791602,true
7.53125,4.102178248692706,0.02177944400551047,0.7043598173657475,1.038236404169981,-0.00039984060646048615,-0.002280785178551353,0.025532873848628936,-0.04394282395019662,0.018409950101567686,0.0053092388202417105,0.13911256158739085,1.1897974917373313,8.552768191173717,-2.2298669848574293,0.6620480944654337,0.5520312205452201,0.004611013045221011,0.6494077944867198,0.2144535031034999,true
7.59375,4.102178248692706,0.020793194397878287,0.6903380067040221,1.0132414218098138,-0.0003864558035916024,-0.002235652862374331,0.025157351723082574,-0.04326012769723624,0.01810277597415367,0.005068817866338384,0.13808303802698405,1.1871871783586834,8.597632231459771,-2.265396431820881,0.6668228717162407,0.5547901660425568,0.004395587620528774,0.6302486844451929,0.20815959620137744,true
7.65625,4.102178248692706,0.019841700335345238,0.6763886255055184,0.9886192451071422,-0.0003732416567033178,-0.002190634636642489,0.024784649231172625,-0.04258411686188124,0.017799467630708613,0.004836869373403861,0.13705366723580184,1.1845931833195542,8.643279725462968,-2.3013380308735996,0.6715703341032448,0.5575153027598633,0.0041881553703453315,0.6115222357753103,0.20200657867236005,true
7.71875,4.102178248692706,0.018924264969633182,0.6625195929989948,0.9643721631486811,-0.00036021278003636585,-0.002145753077062428,0.024414848189095062,-0.041914877268400694,0.017500029079305632,0.004613223468693498,0.13602459885486207,1.1820161307231434,8.689723334412122,-2.337693857977443,0.6762897533646065,0.5602065959559202,0.0039885334566717974,0.5932243172008649,0.19599314444264276,true
7.78125,4.102178248692706,0.018040180113042436,0.648738529405733,0.9405021680985524,-0.00034738278460189585,-0.0021010305767662028,0.024048026932867193,-0.041252489255548475,0.01720446232268128,0.00439770751521866,0.13499598158074283,1.1794566459312723,8.736975961212773,-2.3744658938385257,0.6809803815680433,0.5628640075236312,0.0037965376570609096,0.5753505996025183,0.19011792232660446,true
7.84375,4.102178248692706,0.017188727574699754,0.6350527548765762,0.9170109587531526,-0.0003347642677008583,-0.0020564893117555536,0.02368426030071072,-0.040597027714220774,0.016912767413510055,0.004190146437487817,0.13396796312920292,1.1769153553050404,8.78505075254437,-2.4116560194571783,0.6856414507551071,0.5654874958137787,0.0036119826593002933,0.5578965666886508,0.18437947946242378,true
7.90625,4.102178248692706,0.016369180478185225,0.6214692888994601,0.8938999444129363,-0.0003223688080387157,-0.0020121512069907503,0.02332361961979454,-0.03994856212989438,0.01662494251009984,0.003990363042708298,0.13294069019858698,1.1743928859035355,8.83396110061732,-2.4492660118589136,0.6902721725998442,0.5680770154650193,0.003434682350208346,0.5408575255721365,0.1787763247180083,true
7.96875,4.102178248692706,0.015580804554296952,0.6079948501584904,0.8711702490485487,-0.00031020697893813345,-0.0019680379032406678,0.022966172659354453,-0.03930715661064213,0.016340983951287677,0.0037981783359273304,0.13191430843114635,1.171889865350384,8.883720646286529,-2.4872975384688885,0.694871738125866,0.570632517263747,0.003264450103232628,0.5242286172196166,0.17330691205403256,true
8.03125,4.102178248692706,0.014822859678568319,0.5946358526819373,0.848822710529509,-0.0002982883249355611,-0.0019241707249663337,0.02261197853229889,-0.03867286735595947,0.01606088882366058,0.0036134118948371176,0.13088896208960088,1.1694069240763245,8.934343319765953,-2.525752138651431,0.6994393219529961,0.5731539504922635,0.0031010990873749484,0.5080048224609802,0.167969642396355,true
8.09375,4.102178248692706,0.014094588691881635,0.5813985117306973,0.8268579197195252,-0.0002866171790363035,-0.001880554709412615,0.022260951111660227,-0.03804551302528103,0.015784561913620803,0.003435879144543107,0.12986478595296289,1.1669445150276885,8.985842516618451,-2.5646327642117273,0.7039744059697272,0.575641439821935,0.0029444376781473116,0.4921808433170607,0.16276282609993065,true
8.15625,4.102178248692706,0.013395223403536567,0.5682888113876576,0.8052762061156047,-0.0002751997705236538,-0.0018372010045584197,0.021913088255426844,-0.037425028019904834,0.01551193976447799,0.0032653928209495516,0.1288419096346527,1.1645030639913247,9.038231948699133,-2.603942591040591,0.7084765432735971,0.5780951513729988,0.002794274403489491,0.47675119967348334,0.15768471300958706,true
8.21875,4.102178248692706,0.012724046574763484,0.5553120241463608,0.784077551640171,-0.00026404988857924543,-0.001794156550076283,0.021568680103161014,-0.03681184770338086,0.015243167600219848,0.0031017780806620043,0.1278204940985995,1.1620835861171215,9.091527883006785,-2.643679452703516,0.7129441366247974,0.5805146318044795,0.002650434369875862,0.461710796406913,0.15273367428166246,true
8.28125,4.102178248692706,0.012080307663773429,0.5424733586643533,0.7632617345351971,-0.0002531730862938108,-0.0017514414702774414,0.021227780175552102,-0.03620601358211245,0.014978233406560348,0.002944851961911508,0.12680068183605792,1.1596867191969922,9.145745136420992,-2.6838442496942,0.7173762050243092,0.5828997752918051,0.002512732785944726,0.4470541356687014,0.14790795144224672,true
8.34375,4.102178248692706,0.011463254309855429,0.5297777423871111,0.7428282612622756,-0.00024257396587771784,-0.0017090750396252258,0.020890433411991528,-0.03560755524874087,0.01471712183674934,0.0027944310595251613,0.1257826112778752,1.1573130923862907,9.200898920993053,-2.724437854582742,0.721771802818252,0.5852505028564676,0.00238098546156998,0.43277557112888965,0.1432057365260742,true
8.40625,4.102178248692706,0.01087213427366689,0.517229819645137,0.7227763963325704,-0.00023225626748860567,-0.001667076222890466,0.020556682438417736,-0.03501650003167487,0.014459817593257134,0.002650331997916388,0.12476641965242315,1.154963323322446,9.25700462143553,-2.7654610722882356,0.7261299657415498,0.587566732772854,0.0022550093025225726,0.4188693611119257,0.13862518957484915,true
8.46875,4.102178248692706,0.010306197280897529,0.504833949626555,0.7031051637415955,-0.00022222288079482773,-0.0016254634035407119,0.02022656605202399,-0.03443286970552229,0.0142063036534983,0.0025123718805202915,0.12375224286611297,1.152638024291694,9.314077851006937,-2.806914587270272,0.7304497083773781,0.5898483791278062,0.002134622678389712,0.405329676826763,0.13416444121822724,true
8.53125,4.102178248692706,0.009764696145228666,0.49259420803736076,0.6838133500310695,-0.00021247588837114471,-0.0015842544215971454,0.019900119360606712,-0.03385668123325748,0.01395656187265077,0.0023803685635407257,0.12274021525441092,1.1503378033312706,9.372134478882062,-2.848798952682003,0.7347300258947103,0.5920953526580985,0.0020196456541442093,0.3921506087070293,0.12982159468420454,true
8.59375,4.102178248692706,0.009246887459335187,0.4805143910439407,0.6648995092290024,-0.00020301657660422501,-0.001543466547520033,0.0195773747601758,-0.03328794729156951,0.013710572531393711,0.0022541408243978702,0.12173046934054567,1.1480632595613267,9.431190611362679,-2.8911146268081556,0.7389698970880627,0.5943075622204737,0.0019099001174895346,0.37932617287709897,0.12559472789711723,true
8.65625,4.102178248692706,0.008752032859080112,0.46859801960029823,0.6463619812511199,-0.00019384548906563882,-0.001503116455597623,0.019258361782323666,-0.03272667623731785,0.013468314454994183,0.002133508669904638,0.12072313718743745,1.1458149806019744,9.49126246465047,-2.9338619559572083,0.7431682608205649,0.5964849024419835,0.0018052100577893786,0.3668503372467942,0.12148190205178877,true
8.71875,4.102178248692706,0.00827940003488927,0.45684834387154605,0.628198886464586,-0.00018496249246925808,-0.0014632202077029186,0.01894310603946319,-0.03217287165913945,0.01322976561967626,0.002018293582812442,0.11971834884656384,1.1435935488400837,9.552366532433238,-2.9770411519515867,0.7473240429832614,0.5986272677608927,0.001705401754493577,0.35471701059329386,0.11748115788703341,true
8.78125,4.102178248692706,0.00782826354190367,0.4452683470135025,0.6104081319714617,-0.0001763667840636689,-0.0014237932434414714,0.018631630197246875,-0.03162653298272593,0.012994902785479052,0.0019083187193044094,0.11871623228760994,1.1413995387764497,9.614519571436688,-3.0206523094060183,0.7514361558125517,0.6007345518284369,0.001610303921770919,0.3429200510866935,0.11359051846065989,true
8.84375,4.102178248692706,0.007397905361703375,0.43386074894814464,0.5929874251988806,-0.00016805690955420388,-0.0013848503689112442,0.018323954869517156,-0.03108765603623543,0.012763701166718273,0.0018034090459284557,0.11771691436117125,1.1392335070744273,9.677738439347012,-3.0646954593007156,0.7555034781119158,0.6028066372162257,0.0015197478195122104,0.33145328610730435,0.10980799570353354,true
8.90625,4.102178248692706,0.006987615994568102,0.4226280138919332,0.5759342860585288,-0.00016003085105166653,-0.0013464057408445424,0.018020096892399307,-0.03055623225944135,0.012536135367042043,0.0017033916058608464,0.1167205211561246,1.1370959944794152,9.742040073299906,-3.1091705376740633,0.7595248524707557,0.6048433940490715,0.0014335674838892852,0.320310523718036,0.10613159413750621,true
8.96875,4.102178248692706,0.0065966951697963355,0.41157235596679,0.5592460353122979,-0.00015228605364228374,-0.0013084728497483563,0.017720069862115686,-0.03003224898796815,0.012312179125852463,0.0016080956920627692,0.11572717529903011,1.1349875331230737,9.807441771479803,-3.154077388770289,0.7634991338633208,0.6068447044636598,0.0013515998208487635,0.3094855305925759,0.10255930347062177,true
9.03125,4.102178248692706,0.006224452751422612,0.40069574312246864,0.5429198221894278,-0.00014481943895577735,-0.0012710645053036547,0.017423885326566697,-0.029515690119569345,0.012091804793002647,0.0015173530680696868,0.11473699896467644,1.1329086354997322,9.873960847176381,-3.199415775318322,0.7674251313176914,0.6088104328262329,0.0012736847986986118,0.2989720733900166,0.0990891123001119,true
9.09375,4.102178248692706,0.005870209130383979,0.389999902146394,0.5269526205915144,-0.0001376274627246421,-0.0012341928289440196,0.017131551884305953,-0.029006535750010963,0.01187498386570501,0.0014309980635909018,0.11375011235814596,1.1308597942483103,9.941614744851954,-3.245185416515807,0.771301635032156,0.6107404393629088,0.0011996655034021938,0.2887639090059211,0.09571900483208261,true
9.15625,4.102178248692706,0.005533295950461224,0.3794863257894374,0.5113412391196918,-0.000130706150689597,-0.0011978692484860955,0.016843075287252006,-0.02850476232130024,0.011661687034048233,0.0013488677514743761,0.11276663387994318,1.128841480410125,10.010421004602694,-3.291385996189514,0.7751274146403345,0.6126345790666995,0.0011293882663061616,0.27885479366120675,0.09244696384882314,true
9.21875,4.102178248692706,0.0052130568102001056,0.3691562794963283,0.49608232894956317,-0.0001240511415082054,-0.0011621044921391389,0.01655845842553811,-0.02801034269679161,0.011451884271253501,0.0012708021188161235,0.11178668004363164,1.1268541437293524,10.08039726458938,-3.338017160228789,0.7789012216747191,0.6144927026821173,0.001062702786383406,0.26923848905312575,0.08927097269865646,true
9.28125,4.102178248692706,0.004908847902788873,0.35901080778289535,0.4811723908098412,-0.00011765772115478788,-0.001126908581878227,0.016277701629020425,-0.027523246379253394,0.01124554475023297,0.0011966442229450266,0.11081036532214944,1.124898213141273,10.151561272006939,-3.3850785147059645,0.7826217925087293,0.6163146578707214,0.0009994622348239218,0.2599087676428465,0.08618901700545506,true
9.34375,4.102178248692706,0.004620038373565725,0.34905073855333724,0.46660778214841214,-0.00011152083785551093,-0.0010922908277957817,0.01600080366894914,-0.02704344008027875,0.01104263641132961,0.0011262402785734756,0.10983780239198099,1.1229740900291876,10.223930792256759,-3.4325696778355996,0.7862878391009565,0.6181002843934061,0.0009395232998941784,0.25085942138474093,0.0831990875520537,true
9.40625,4.102178248692706,0.004346010943851586,0.3392766906735325,0.45238473412108876,-0.00010563517110283017,-0.00105825982524796,0.015727760043900973,-0.02657088695061282,0.010843126906711846,0.001059439809870911,0.10886910353803042,1.1210821454269042,10.297523438642857,-3.480490260863876,0.7898980249680068,0.6198494022865029,0.0008827463123110752,0.24208428020152903,0.08029918637622614,true
9.46875,4.102178248692706,0.004086162042410314,0.3296890803176331,0.438499333119687,-9.999515382990225e-5,-0.0010248234561767151,0.015458563492158673,-0.02610554689999036,0.010646983407831687,0.0009960956825102625,0.10790437612523639,1.1192227297320136,10.372357173290332,-3.5288399223591007,0.7934510542949053,0.6215618547685553,0.0008289952077765865,0.23357717686508633,0.07748731507238449,true
9.53125,4.102178248692706,0.0038399025911866323,0.3202881285485557,0.42494755817019214,-9.459498503664352e-5,-0.000991988888794351,0.015193205460594335,-0.025647377431377044,0.01045417197078271,0.0009360642952095862,0.10694372770297988,1.1173961582009353,10.448449686589708,-3.5776183420657386,0.7969455700674377,0.6232374584622143,0.0007781376871949777,0.22533199896276515,0.0747614920366736,true
9.59375,4.102178248692706,0.0036066581917965817,0.3110738672346416,0.4117252741129412,-8.942868829084237e-5,-0.0009597625798597759,0.014931674680192932,-0.02519633300769262,0.010264658327499687,0.0008792056251933865,0.1059872635843414,1.1156027181091845,10.525818672744789,-3.62682523249526,0.8003802031235615,0.6248760269319885,0.0007300452209483356,0.21734267187821416,0.07211974678357871,true
9.65625,4.102178248692706,0.003385869358081643,0.30204614595700063,0.3988282365335568,-8.449013471452754e-5,-0.0009281502776301538,0.01467395741525232,-0.02475236524714472,0.0100784078318924,0.0008253832848830159,0.10503508627518063,1.1138426683575526,10.604481872270801,-3.6764603651655667,0.8037535847424431,0.6264773762188668,0.0006845930619355175,0.20960315952295885,0.06956012017629408,true
9.71875,4.102178248692706,0.003176991695548186,0.2932046375968168,0.3862521009579657,-7.977305203488394e-5,-0.0008971570255500716,0.014420038785215588,-0.024315423659981468,0.00989538487476588,0.000774464565639155,0.10408729602815571,1.1121162328485927,10.68445694417659,-3.7265236196210183,0.8070643314906691,0.6280413171190429,0.0006416602505148029,0.20210747418218356,0.06708066769910069,true
9.78125,4.102178248692706,0.002979496319582179,0.2845488465389924,0.37399244208702037,-7.527107455233673e-5,-0.0008667871670664132,0.014169901612056612,-0.02388545516039624,0.009715553548339629,0.000726320539711236,0.10314399300972334,1.1104235979122496,10.765761199564675,-3.777014935334384,0.8103110042072496,0.6295676355377546,0.000601129689398372,0.1948496975827845,0.06467946643914696,true
9.84375,4.102178248692706,0.0027928697823970394,0.27607811508562174,0.3620447382305394,-7.097776950318376e-5,-0.0008370443538009507,0.013923526163052945,-0.023462404006280725,0.00953887784322778,0.0006808260424293067,0.10220527266010322,1.1087649255601109,10.848412187573249,-3.8279343546295475,0.8134922065714206,0.6310561385281669,0.0005628880745326857,0.18782394899914917,0.062354604477081105,true
9.90625,4.102178248692706,0.0026166143071621097,0.2677916306951095,0.35040439603544055,-6.688664391229428e-5,-0.0008079315525150454,0.01368089144513681,-0.023046212527344186,0.009365321082207376,0.0006378597292782146,0.10127122927109188,1.1071403399580455,10.932427185161872,-3.879282031724061,0.8166065090351431,0.6325066178743134,0.000526825925556364,0.1810244174165242,0.060104191587711686,true
9.96875,4.102178248692706,0.0024502478279789957,0.25968843212902015,0.33906675253547447,-6.299117905039313e-5,-0.0007794510535577785,0.013441974730535227,-0.02263682096332758,0.009194846232792353,0.0005973040856427553,0.1003419550928552,1.10554993145893,11.017823306670353,-3.931058231584691,0.8196524678184839,0.6339188586324401,0.0004928375645563866,0.17444535804767336,0.057926358080354276,true
10.03125,4.102178248692706,0.0022933040163234265,0.25176741635904254,0.3280270804922406,-5.92848511995579e-5,-0.0007516044801719122,0.013206751522497343,-0.022234167517695483,0.00902741599519814,0.0005590454332534827,0.09941753995134682,1.1039937587622892,11.104617548398041,-3.9832633299064653,0.822628634594895,0.6352926431255177,0.0004608210896127679,0.1680810931084867,0.05581925506140343,true
10.09375,4.102178248692706,0.002145332231918496,0.2440273452953448,0.31728059535868897,-5.5761149888096404e-5,-0.0007243927987067876,0.012975195660897944,-0.021838188480195676,0.008862992819297732,0.0005229739182109351,0.09849807127654674,1.1024718480616704,11.192826760702053,-4.035897828112951,0.8255335570078389,0.6366277506052462,0.0004306783357622095,0.16192601544540228,0.05378105565337336,true
10.15625,4.102178248692706,0.0020058974268907176,0.23646685222495495,0.3068224613620093,-5.241359605831e-5,-0.0006978163299633548,0.012747279430113116,-0.02144881835046631,0.008701538920353195,0.000488983487621476,0.09758363400961396,1.100984192453528,11.282467635352242,-4.0889623715710455,0.8283657813831019,0.6379239579051834,0.0004023148272033262,0.1559745910860189,0.05180995585902133,true
10.21875,4.102178248692706,0.001874580054960719,0.22908444839911304,0.2966477981973884,-4.9235756803252796e-5,-0.0006718747615991061,0.012522973864392987,-0.021065990061609106,0.008543016197216119,0.0004569718674604439,0.09667431066154675,1.099530752153845,11.373556683566768,-4.1424577543478245,0.8311238520060872,0.6391810384955409,0.0003756397300632234,0.15022136257551374,0.04990417568727441,true
10.28125,4.102178248692706,0.001750975954538877,0.2218785295134404,0.2867516893434234,-4.622126056344315e-5,-0.0006465671613350589,0.012302248839491403,-0.02068963509763149,0.008387386258140088,0.00042684053407403326,0.09577018186233835,1.0981114532668894,11.466110139013134,-4.196384917706347,0.8338062993463797,0.6403987565343597,0.00035056580273685876,0.14466095495079684,0.04806196115968534,true
10.34375,4.102178248692706,0.0016346962129134186,0.21484738299157652,0.27712918777452866,-4.336382090049657e-5,-0.0006218919912982515,0.012085072328614648,-0.020319683191150233,0.008234610862535584,0.00039849468107203004,0.09487132603806636,1.0967261931160721,11.560144027880662,-4.250744916563278,0.8364116528910516,0.6415768721430721,0.00032700934324592887,0.13928807581649671,0.046281584352116316,true
10.40625,4.102178248692706,0.0015253668618811862,0.20798919359103846,0.26777531316530345,-4.065723965052177e-5,-0.0005978471236193103,0.011871411138754276,-0.01995606275694297,0.008084651618188695,0.00037184314513083255,0.09397781717457365,1.0953748459739965,11.655674486876226,-4.305538968567123,0.8389384919595694,0.6427151636150564,0.0003048900914210207,0.13409750458641492,0.0445613398453713,true
10.46875,4.102178248692706,0.0014226287228934458,0.2013020499176211,0.2586850719582888,-3.809541487158447e-5,-0.0005744298549374985,0.011661231450360125,-0.0195987012268241,0.007937469776463976,0.00034679836824419154,0.093089728706838,1.0940572484226578,11.75271712165053,-4.360768445848132,0.8413853556391055,0.6438133860077927,0.00028413118300975684,0.12908411760104319,0.042899553112063685,true
10.53125,4.102178248692706,0.0013261371264841966,0.19478395025721418,0.24985345449708318,-3.567236272050711e-5,-0.0005516369225936425,0.011454497903164289,-0.019247524653826432,0.007793026750662143,0.0003232763293274284,0.09220713122832154,1.0927732119866111,11.851287394254864,-4.416434852582298,0.8437507997155986,0.6448712962460811,0.00026465906557287313,0.12424287601766765,0.04129457651084007,true
10.59375,4.102178248692706,0.0012355616169197915,0.18843280868218415,0.2412754376375579,-3.338221890392254e-5,-0.0005294645214956068,0.01125117417871149,-0.018902458062410213,0.007651283883698724,0.00030119647221900803,0.0913300915685407,1.091522527096735,11.95140077438308,-4.4725398375048595,0.8460334201331745,0.6458886627774635,0.00024640340941680766,0.11956882282567394,0.03974478832512079,true
10.65625,4.102178248692706,0.0011505856876539008,0.1822464614056144,0.23294599856290094,-3.121924544103307e-5,-0.0005079083206727332,0.011051223236322618,-0.01856342562355129,0.00751220238722867,0.00028048164119162124,0.0904586752604438,1.0903049541352217,12.05307231170558,-4.529085183761604,0.8482317962110997,0.6468652394454627,0.00022929703711503825,0.1150570976792086,0.03824859773313106,true
10.71875,4.102178248692706,0.0010709064236557354,0.1762226722679043,0.22486011377423187,-2.9177843884046828e-5,-0.0004869634812619978,0.010854606734053016,-0.018230350421312748,0.007375743687259732,0.0002610579937614888,0.08959294473167835,1.0891202324996752,12.156316948410147,-4.586072806635249,0.8503445377406733,0.6478007857918341,0.00021327582736622237,0.11070292821652435,0.03680444195147956,true
10.78125,4.102178248692706,0.0009962341483867039,0.1703591381813413,0.21701276187990598,-2.7252555164162914e-5,-0.0004666246751400241,0.010661285638757574,-0.01790315481310556,0.0072418691743479854,0.00024285491463082735,0.08873295861654562,1.0879680830172116,12.261149633461487,-4.643504774402492,0.8523703025775174,0.648695073957354,0.000198278618956597,0.10650162815010443,0.035410785636061516,true
10.84375,4.102178248692706,0.0009262921175865327,0.1646534949225145,0.20939893599394283,-2.543806282696713e-5,-0.0004468861032024046,0.010471220575055678,-0.017581760656062227,0.007110540081006549,0.00022580494104119592,0.08787877424562564,1.0868481989153151,12.367584871831726,-4.701383293420827,0.8543077366116258,0.649547861352185,0.00018424713314409459,0.10244861051512456,0.03406612532788583,true
10.90625,4.102178248692706,0.0008608161627335077,0.15910332269285365,0.20201364496022056,-2.3729203948897737e-5,-0.00042774151467592843,0.010284371092260682,-0.017266088991880695,0.006981717899620012,0.00020984367585875506,0.08703044650215709,1.085760254827401,12.475636957699509,-4.759710673922968,0.8561555076014153,0.6503589049388538,0.00017112588210258883,0.0985393822540137,0.03276898768374893,true
10.96875,4.102178248692706,0.0007995542942086881,0.1537061512424841,0.19485191223601267,-2.2120969391506772e-5,-0.0004091842273314111,0.010100695865172236,-0.01695606019887394,0.006855364333701704,0.00019490969083644583,0.08618802584723934,1.0847039158568668,12.585320352729841,-4.818489344206687,0.857912357998179,0.6511279835668149,0.00015886206572867019,0.09476953592835259,0.031517926754906604,true
11.03125,4.102178248692706,0.0007422663499716104,0.14845946532970158,0.1879087867050112,-2.0608503110554374e-5,-0.00039120714715027517,0.009920153119277556,-0.016651594250402094,0.006731441131124538,0.0001809444409706375,0.08535156054911831,1.08367882846714,12.696649264467776,-4.877721846611986,0.8595770513628378,0.651854873570948,0.00014740548620001493,0.09113476071489854,0.03031152768632009,true
11.09375,4.102178248692706,0.0006887235986108805,0.14336070920504274,0.18117934415567755,-1.9187106606214593e-5,-0.0003738027885365016,0.009742700232924882,-0.01635261056023972,0.006609910327314837,0.0001678921677356085,0.08452109588728178,1.0826846249464337,12.80963780202653,-4.937410840130403,0.8611483959022044,0.6525393583113047,0.0001367084512372484,0.08763083897687556,0.02914840561275188,true
11.15625,4.102178248692706,0.00063870835175908,0.13840729123087125,0.17465868797087242,-1.785224127402787e-5,-0.00035696329509925007,0.009568293151706975,-0.0160590277334231,0.006490734581716125,0.0001556998046007936,0.0836966728219193,1.0817209315462213,12.92430027472884,-4.997559094657771,0.8626252857610746,0.653181245296966,0.0001267256788596142,0.08425364113952022,0.028027203989153836,true
11.21875,4.102178248692706,0.000592013580442543,0.13359658853825934,0.1683419489223011,-1.6599530604918247e-5,-0.00034068046115963196,0.009396885253198832,-0.015770763044522632,0.0063738777913238,0.00014431688350724582,0.08287832597468499,1.080787381397505,13.040651686517284,-5.058169475220126,0.8640067671672343,0.6537803938891333,0.00011741420357592195,0.080999118658559,0.026946592284928354,true
11.28125,4.102178248692706,0.0005484424999333,0.12892595106465743,0.1622242795514751,-1.542476449065593e-5,-0.0003249457546699098,0.009228424797864914,-0.015487731218182239,0.006259306420317325,0.0001336954336657797,0.0820660789626841,1.0798836396187708,13.15870885106866,-5.1192449510382785,0.8652921864876388,0.6543367781683493,0.0001087332762389329,0.07786328812261072,0.025905260725847663,true
11.34375,4.102178248692706,0.0005078081292068217,0.12439270549080389,0.15630083824476093,-1.4323909508903292e-5,-0.0003097503430115547,0.009062849780910875,-0.015209841936760065,0.00614699215584919,0.00012378987416469567,0.08125993395463524,1.0790094600640519,13.278492949138101,-5.180788605747248,0.8664815214400128,0.6548506283207531,0.00010064425779409734,0.07484219690866238,0.02490190888976619,true
11.40625,4.102178248692706,0.00046993279823042864,0.11999415867704291,0.15056675394250377,-1.3293117362655103e-5,-0.0002950851239696137,0.008900081020241883,-0.01493699652949404,0.006036915509252156,0.00011455689386003355,0.08045985034738484,1.078164797297355,13.400034832806499,-5.242803719884819,0.8675760441252746,0.655322713911268,9.311049553160865e-5,0.07193185623777283,0.02393522344357775,true
11.46875,4.102178248692706,0.00043464768480850594,0.11572760226387593,0.1450170898183627,-1.232872643379016e-5,-0.00028094076191417046,0.008740015009837575,-0.014669084635877336,0.00592906962603976,0.00010595533847097472,0.07966571871947659,1.077349948448332,13.523382023853413,-5.3052938998758945,0.8685791653758074,0.6557547032150453,8.609720602403857e-5,0.0691281703549596,0.02300385458550778,true
11.53125,4.102178248692706,0.000401792400532228,0.11159031928479872,0.1396468073956841,-1.1427256153736449e-5,-0.00026730772897974874,0.008582518638639835,-0.014405981928414236,0.005823463289774402,9.794610964559435e-5,0.07887733009213109,1.0765657293740798,13.648607630565317,-5.3682632276135145,0.8694974624065752,0.6561495995057941,7.957136903812376e-5,0.06642686410102402,0.022106391946672656,true
11.59375,4.102178248692706,0.00037121466478455566,0.10757959282719412,0.13445075095663028,-1.0585376326992326e-5,-0.0002541763477677345,0.008427432715900955,-0.014147552369340843,0.005720119653439888,9.049208549210543e-5,0.07809435115568644,1.0758136230649369,13.775818700641084,-5.431716515441924,0.8703415517888441,0.6565121093713435,7.350164227320855e-5,0.06382344555700893,0.021241352174812666,true
11.65625,4.102178248692706,0.0003427702055316565,0.10369271701283386,0.12942370884161658,-9.799848438390984e-6,-0.00024153682475702986,0.008274590109542124,-0.013893657794384532,0.005619067684842409,8.355809639449275e-5,0.07731633789940219,1.0750957285571927,13.905155854070856,-5.495659558988148,0.8711258204677558,0.6568485209577632,6.785834497337007e-5,0.061313301050109875,0.020407210609003554,true
11.71875,4.102178248692706,0.000316322870436861,0.09992700699110788,0.124560561738813,-9.067463873447193e-6,-0.00022937926272786771,0.008123846519432452,-0.013644173642196626,0.005520327122764174,7.711095209908729e-5,0.07654280314012825,1.0744144230521553,14.036779148069689,-5.560099179654,0.8718664732042453,0.6571658637916641,6.261351399011496e-5,0.05889194388566688,0.019602484165125705,true
11.78125,4.102178248692706,0.00029174478614257257,0.09627980233160338,0.11985648249381478,-8.385007994197794e-6,-0.00021769364552320006,0.007975114542002117,-0.01339900594501115,0.0054238914030090325,7.111948054318377e-5,0.0757733307222049,1.0737717600525338,14.170840186359548,-5.625042952250252,0.8725780196639946,0.6574704068647056,5.7740990194931576e-5,0.056555361694183404,0.01882584707996945,true
11.84375,4.102178248692706,0.00026891640244514417,0.09274846288238134,0.11530711915273453,-7.7492856516148e-6,-0.0002064697988925341,0.00782838295813915,-0.013158100420422054,0.005329717462282904,6.555453862367956e-5,0.07500770314806202,1.0731687895341337,14.307447695281965,-5.690498342861127,0.8732692035038162,0.6577659265064749,5.321648432316939e-5,0.05430034054483593,0.018076238919374946,true
11.90625,4.102178248692706,0.0002477260913201126,0.08933035578600378,0.11090862719035854,-7.157210193675141e-6,-0.0001956973486669413,0.007683706210886083,-0.012921436319904247,0.005237730109018164,6.038891445028227e-5,0.0742459616172174,1.07260523132452,14.446647439957008,-5.756471589376903,0.8739408668750085,0.6580528093503898,4.901751161040737e-5,0.05212453561689336,0.017352888162274257,true
11.96875,4.102178248692706,0.0002280693052238565,0.08602284282541907,0.10665751417565081,-6.605911834692496e-6,-0.00018536570193262953,0.007541165737914025,-0.012689006262631124,0.0051478405247170995,5.5597122162241074e-5,0.07348835382338584,1.0720797573370007,14.588430704455893,-5.82296677499972,0.8745872933182751,0.658328642567208,4.5123177533569566e-5,0.050026212840242855,0.01665522617224965,true
12.03125,4.102178248692706,0.0002098474870659736,0.08282327504991996,0.10255035299506313,-6.092800975456973e-6,-0.0001754640676207725,0.007400824324277761,-0.012460793076832852,0.005059968752555091,5.115513620912217e-5,0.07273517921609557,1.0715908284677775,14.732772229571205,-5.889985783350071,0.8752008686980571,0.6585902129831687,4.151386425462147e-5,0.04800375465138574,0.015982722584546114,true
12.09375,4.102178248692706,0.00019296721302688823,0.07972900125476702,0.0985835480455639,-5.615550047091713e-6,-0.00016598150807457207,0.007262700711709362,-0.01223675736716829,0.004974056655458928,4.704018239294784e-5,0.071986632231148,1.0711375460751669,14.87967297366767,-5.9575290666156215,0.8757770357965985,0.6588356189090739,3.817096877880527e-5,0.046055242170104115,0.015334746145035634,true
12.15625,4.102178248692706,0.00017733980907809417,0.07673738391804484,0.09475328323715064,-5.172015184892171e-6,-0.00015690699628756054,0.007126776077425132,-0.012016841316245822,0.00489006523882069,4.3230644386213433e-5,0.0712427396344049,1.0707199796706655,15.029180308972677,-6.025596748977695,0.8763164329572322,0.6590651730105069,3.50767863996717e-5,0.04417834603984792,0.01471052837491591,true
12.21875,4.102178248692706,0.00016288141101458172,0.07384581500332467,0.091055658427968,-4.760159427353337e-6,-0.0001482294545371776,0.006993018848271049,-0.01180098146743385,0.004807962619162802,3.970607836616784e-5,0.07050342287224726,1.070338808530199,15.181373682660219,-6.094189104099958,0.8768231052287276,0.6592806325656985,3.22145437587973e-5,0.04237054281108382,0.014109235684982043,true
12.28125,4.102178248692706,0.00014951304295574984,0.07105171995204529,0.08748684885790346,-4.378018946074707e-6,-0.00013993777176942088,0.006861404883495121,-0.011589118818236096,0.004727713934740975,3.644723215121066e-5,0.06976859826838927,1.0699947472763647,15.3363371750749,-6.163306464456546,0.8773013629882125,0.6594838601174847,2.956845378303076e-5,0.04062938632657202,0.013530059814130498,true
12.34375,4.102178248692706,0.00013716053015766375,0.06835255499653685,0.08404318326284735,-4.02371226359799e-6,-0.00013202081125892262,0.006731919671643441,-0.011381199671078038,0.004649279999434598,3.343602394688102e-5,0.06903823812944428,1.0696882045770748,15.494141124682917,-6.232948682961834,0.8777538035281159,0.6596759840656872,2.712372244272602e-5,0.03895264429247061,0.01297226335001886,true
12.40625,4.102178248692706,0.00012575415397904626,0.06574580097529012,0.08072108918092312,-3.695458543929647e-6,-0.0001244674250065501,0.006604549136689974,-0.011177170907011083,0.004572621770321109,3.065545823590722e-5,0.06831234155618576,1.0694194528124443,15.65484989169731,-6.303115035712988,0.8781821759818734,0.6598577686489742,2.486646948414578e-5,0.03733821166148355,0.012435150890660017,true
12.46875,4.102178248692706,0.00011522833039329889,0.06322896352574184,0.0775170333118142,-3.391578789346226e-6,-0.00011726647515473153,0.006479273927297278,-0.010976977184242665,0.004497703256945387,2.8089547408141075e-5,0.06759089095711113,1.0691888825753262,15.818535122636057,-6.3738043887901865,0.8785887761188172,0.6600302067945482,2.2783647236974823e-5,0.03578400745046161,0.011918034685077506,true
12.53125,4.102178248692706,0.00010552140094365379,0.06079957744201447,0.07442751268447728,-3.1104859138026867e-6,-0.0001104068558699409,0.006356070833825403,-0.010780561757310476,0.004424490923485073,2.572326080108334e-5,0.06687383986986163,1.0689970784443976,15.98528035065275,-6.445015306349181,0.8789768707579685,0.6601946995483584,2.086299222911176e-5,0.03428795393222658,0.011420227718086786,true
12.59375,4.102178248692706,9.6575489913993e-5,0.05845521063761827,0.07144908276745854,-2.8506758972810318e-6,-0.0001038775111473409,0.006234916570509201,-0.010587868404127619,0.004352951833618418,2.354248988199622e-5,0.06616113077754114,1.0688447193755901,16.155176110418246,-6.516745943688867,0.8793501384447948,0.6603528183739994,1.909299971083616e-5,0.032848019683772677,0.01094105807082747,true
12.65625,4.102178248692706,8.833634418486564e-5,0.056193465906732645,0.06857837781872608,-2.6107255308023324e-6,-9.766744967364246e-5,0.0061157883620156514,-0.010398841686330849,0.004283053324315197,2.1534009209135886e-5,0.06545271097743077,1.0687324904469964,16.328315122279868,-6.588993841702174,0.8797121595651748,0.6605060892218357,1.7462894896684354e-5,0.031462251422167346,0.010479879545287665,true
12.71875,4.102178248692706,8.075311986548614e-5,0.05401198089379546,0.0658120989151375,-2.3892917916611737e-6,-9.176576046608871e-5,0.005998662190170424,-0.010213426082855493,0.004214763892685069,1.9685424418410093e-5,0.06474852337468336,1.0686611394164098,16.50479553382766,-6.661755945962522,0.8800667199696837,0.6606561213895017,1.5962587469152447e-5,0.03012875311840178,0.010036064721974684,true
12.78125,4.102178248692706,7.377817963945512e-5,0.05190842871999879,0.06314700273470844,-2.185108033737384e-6,-8.61616289451671e-5,0.005883512728240394,-0.010031566014381675,0.004148053286141281,1.798512282175134e-5,0.06404849593479121,1.0686315376902393,16.684724943084223,-6.735028762407532,0.8804181613939852,0.660804755676655,1.458262780269525e-5,0.02884566618573539,0.009608998375063866,true
12.84375,4.102178248692706,6.736693308045979e-5,0.04988051969338905,0.06057991017675354,-1.9969796195752717e-6,-8.084435122912785e-5,0.005770314518918868,-0.009853206460812773,0.004082891941893905,1.642223448040769e-5,0.06335254757586507,1.0686446440964135,16.86821895862522,-6.8088083653942375,0.8807711931165854,0.6609539843138788,1.3314175416030266e-5,0.0276111819544824,0.009198081644511046,true
12.90625,4.102178248692706,6.147768004160684e-5,0.04792600213127421,0.05810771179695762,-1.8237810545974446e-6,-7.580334715773586e-5,0.005659042283030581,-0.009678293124039132,0.004019250841008551,1.498659402750203e-5,0.06266059279474682,1.0687014776975854,17.055400053399758,-6.883090361356631,0.8811307379293426,0.661105885521216,1.2148967924798014e-5,0.02642354972700082,0.008802734734673568,true
12.96875,4.102178248692706,5.607145041741052e-5,0.04604266278955461,0.0557273654076413,-1.6644534524034755e-6,-7.102817302487627e-5,0.005549670597829903,-0.009506772290206241,0.003957101692376338,1.3668701606342809e-5,0.06197253940583614,1.0688031337203276,17.246398872266887,-6.957869895501897,0.8815020094480953,0.6612626557833063,1.1079288024914156e-5,0.025281071940469312,0.008422395316340248,true
13.03125,4.102178248692706,5.111185159458165e-5,0.044228327609364695,0.053435893504845844,-1.5180016383517837e-6,-6.650853408722907e-5,0.005442173801540165,-0.009338590826106235,0.0038964170245660698,1.2459685683056343e-5,0.061288285399462704,1.0689508061764925,17.441356030917184,-7.033141668330737,0.881890624779178,0.6614266567562999,1.009793196563456e-5,0.02418209864847593,0.008056516701061271,true
13.09375,4.102178248692706,4.656492756438201e-5,0.04248086269819959,0.051230383892983865,-1.3834911348263698e-6,-6.223429651779885e-5,0.005336526258031978,-0.009173696365078423,0.0038371701070464446,1.135126870199301e-5,0.06060771860037529,1.0691457947374519,17.640423025770048,-7.108899909324094,0.8823026240000572,0.6616004224984583,9.19818091382375e-6,0.023125027191797196,0.007704567743991498,true
13.15625,4.102178248692706,4.2399024377013095e-5,0.04079817493872312,0.04910799138345741,-1.2600452872398374e-6,-5.819549864127329e-5,0.005232702639766581,-0.009012037503834754,0.0037793348640681726,1.0335734287149746e-5,0.05993071795852666,1.069389500839192,17.843762552272985,-7.18513833688426,0.8827444284127379,0.6617866405933254,8.373773915887724e-6,0.022108304256318177,0.007366033541794305,true
13.21875,4.102178248692706,3.858465666441928e-5,0.03917821270209004,0.04706593872866686,-1.1468426496919262e-6,-5.438236154197731e-5,0.0051306778405128895,-0.008853563820692533,0.0037228859801796436,9.405894704043041e-6,0.059257154040797025,1.0696834249024907,18.051549086647686,-7.261850186076224,0.8832228331277321,0.6619881474678454,7.618881070042246e-6,0.02113042628871119,0.00704041558307042,true
13.28125,4.102178248692706,3.509436559188158e-5,0.037618965746257255,0.04510151273026143,-1.0431140302491946e-6,-5.078529931441926e-5,0.00503042738701458,-0.008698226170643943,0.0036677987836293635,8.555056232153137e-6,0.05858688488957783,1.0700291761538514,18.263971163010268,-7.339028600966583,0.8837451420815253,0.662207983274543,6.928074617227742e-6,0.020189933298226923,0.006727229695100485,true
13.34375,4.102178248692706,3.190259124474218e-5,0.03611846599127571,0.04321207084057884,-9.481396514961153e-7,-4.7394927899660585e-5,0.004931928050858062,-0.008545977049201924,0.0036140489983438615,7.7769880562623e-6,0.057919763388360336,1.0704283928457838,18.481228689910346,-7.416667162016474,0.8843189071924242,0.6624492796472559,6.296304187121269e-6,0.0192854190702694,0.006426009459529851,true
13.40625,4.102178248692706,2.8985564490439697e-5,0.03467478767187447,0.04139504117543212,-8.612469279201001e-7,-4.42020731357151e-5,0.004835157945776774,-0.008396770699904705,0.0035616127541279307,7.065895905346605e-6,0.05725563820895382,1.07088272932661,18.70353318599708,-7.49476006375706,0.8849518848607149,0.6627152387979447,5.718875001737893e-6,0.018415530990694026,0.006136306163466664,true
13.46875,4.102178248692706,2.632127265210833e-5,0.03328604741209327,0.039647921729258316,-7.818089718416205e-7,-4.119777801964182e-5,0.0047400969278513765,-0.008250563375135462,0.003510466447284085,6.416413684728709e-6,0.05659435407583922,1.0713939900827028,18.931110842734984,-7.573299791405766,0.8856520061230012,0.6630091179808383,5.191439963540718e-6,0.01757896880092305,0.005857688387652133,true
13.53125,4.102178248692706,2.3889540241025012e-5,0.03195040340721536,0.037968283250853926,-7.092445890282009e-7,-3.837330876770815e-5,0.004646726125540619,-0.008107313129382511,0.0034605870038418923,5.823623156462838e-6,0.05593575796883752,1.0719645383775878,19.164208679799994,-7.6522689092883285,0.8864271283286844,0.6633341220074207,4.710014012367941e-6,0.01677449046633085,0.0055897439553183196,true
13.59375,4.102178248692706,2.1672182471650825e-5,0.03066605582171162,0.03635376082277977,-6.43019916731439e-7,-3.572016110944541e-5,0.004555024077089336,-0.007966977984680993,0.003411953907591657,5.2830913621458016e-6,0.05527968701357795,1.0725982589665908,19.403117436304157,-7.731623750482336,0.8872855514729944,0.6636936160917655,4.271000855610826e-6,0.01600089535053597,0.005332074310112988,true
13.65625,4.102178248692706,1.965309959724967e-5,0.029431242730986247,0.03480200971145615,-5.82649181223639e-7,-3.323006930012343e-5,0.004464962361329123,-0.007829514158801251,0.0033645517974721277,4.7908936193869145e-6,0.0546259055125405,1.0733021917883963,19.648227003614572,-7.811272036738073,0.888238383482684,0.6640921092808505,3.871205840485622e-6,0.015256953654844292,0.005084270988029557,true
13.71875,4.102178248692706,1.7818150352398362e-5,0.02824423541264398,0.03331068310332614,-5.276932768172805e-7,-3.089501563364717e-5,0.004376492902713837,-0.007694870338024686,0.003318377435310849,4.3435826705182065e-6,0.0539740592864619,1.0740878290597777,19.900075022320713,-7.891053157216436,0.8893015794597665,0.6645360917451785,3.5078101866560694e-6,0.014541369295259909,0.004845903253948287,true
13.78125,4.102178248692706,1.615476035701657e-5,0.02710329969538059,0.03187726409139731,-4.77756270719434e-7,-2.8707251211761653e-5,0.0042894846598401,-0.007562957854618672,0.0032734731947785724,3.9380932220984835e-6,0.05332340906796451,1.0749736835974686,20.159507848182354,-7.97072662516391,0.8905070453788293,0.6650386351104062,3.178284184397164e-6,0.013852522662426378,0.004616432391004469,true
13.84375,4.102178248692706,1.4650328255837426e-5,0.026006495535890545,0.030498241643653695,-4.324764167106291e-7,-2.665937160370054e-5,0.0042034862020836755,-0.007433539457768847,0.003230053255685172,3.571353404866362e-6,0.05267155697597057,1.0759924264314449,20.42833909243135,-8.050029236120603,0.8919537649294734,0.6656405635714402,2.8800351578928976e-6,0.01318726330615389,0.004394809407272912,true
13.90625,4.102178248692706,1.3292117405623024e-5,0.02495184880704957,0.02916716199677192,-3.915229259506227e-7,-2.4744584653773222e-5,0.0041170998725796526,-0.007305943411546067,0.0031888435389664143,3.2402583700157337e-6,0.05201008418159286,1.077228195368092,20.71191024430872,-8.128650650820004,0.8940008726962949,0.6664900778374201,2.610196635618265e-6,0.012537002350956665,0.0041781725361137514,true
13.96875,4.102178248692706,1.2055930449436308e-5,0.02393480501426333,0.02786596070117149,-3.5450004708356723e-7,-2.295742063383358e-5,0.004026663191917612,-0.007178453574647853,0.0031517903827302414,2.9389094570130704e-6,0.051310978291497,1.0788930926339981,21.026554717098172,-8.206955341480706,0.8977841681023094,0.6680532732509418,2.363106656309618e-6,0.011876235875170152,0.003958022677542047,true
14.03125,4.102178248692706,1.092648463132887e-5,0.022954801346796103,0.026562227891542334,-3.209699043368084e-7,-2.1295301802502964e-5,0.003924281231539918,-0.007046615309291988,0.0031223340777520696,2.663581143703581e-6,0.050503602175400855,1.081601412527372,21.416322122349428,-8.284529606809318,0.9064155027907013,0.67158675082295,2.133229693528692e-6,0.01114608744954755,0.0037147358474159333,true
14.09375,4.102178248692706,9.7888548132425e-6,0.021971977110868325,0.025144472547506142,-2.8991940184830105e-7,-1.9761271032473133e-5,0.0037826010561527235,-0.0068011975470199095,0.003018596490867186,2.3862577927621845e-6,0.049397860901150094,1.0865920513319927,21.996743006875715,-8.36894434549052,0.9276642769397205,0.680093892835803,1.8939773262331684e-6,0.010201465118100958,0.0033999577861159418,true
14.15625,4.102178248692706,8.726146600886203e-6,0.021063779503775942,0.023495829569632497,-2.6136664696361425e-7,-1.838167489500304e-5,0.0034351194659708634,-0.005730899490849312,0.0022957800248784486,2.1271983009678032e-6,0.047327492636570705,1.10009701010715,23.244354366178438,-8.44969736646979,1.0007574220193103,0.7073744182451521,1.6342700969051251e-6,0.008595850797104837,0.0028648446582769612,true
14.21875,4.102178248692706,6.533098419556436e-6,0.020729888014164134,0.020939280822388013,-2.3007089360056137e-7,-1.732116372357672e-5,0.0019307134159496757,-0.0019307134159496757,0.0,1.5925925260898702e-6,0.036059097230904454,1.18831052257291,32.9545278120404,-8.643851381835384,1.7673465493432967,0.8703380862302987,8.828885095339036e-7,0.002897269760372055,0.0009655285439679584,true
14.28125,4.102178248692706,5.74597798129983e-6,0.019378342910435584,0.019574083747914733,-2.024172578127947e-7,-1.6318390505635873e-5,0.0018047167543633188,-0.0018047167543633188,0.0,1.4007138727165197e-6,0.03545591698515259,1.1898956218107297,33.559860327657205,-8.74619540425731,1.7674407287296892,0.8703493330149303,7.765143390036278e-7,0.0027081559208825584,0.0009025351351623508,true
14.34375,4.102178248692706,5.2698408915232e-6,0.018567041833387424,0.01875458771049235,-1.7932329268385255e-7,-1.5370665732598433e-5,0.0017299307018434572,-0.0017299307018434572,0.0,1.284644540544431e-6,0.03508262108454367,1.190572169296836,33.93623772943709,-8.81997470934372,1.7669582822264676,0.8702917054720217,7.096015423218698e-7,0.0025958452077432907,0.0008651264015310451,true
14.40625,4.102178248692706,4.8502889870095816e-6,0.017686570878021356,0.01786522310911248,-1.5981444498358286e-7,-1.4475296457494363e-5,0.0016477531746727963,-0.0016477531746727963,0.0,1.1823691446258548e-6,0.034659358163707396,1.1919599509610252,34.390710449137906,-8.887644358098083,1.7669387834434118,0.8702893756186085,6.508699401115285e-7,0.0024727883828450504,0.0008241312009022575,true
14.46875,4.102178248692706,4.5230312351190925e-6,0.017075980664398353,0.017255340262949788,-1.4121756388363273e-7,-1.3627705953738502e-5,0.0016169241875867806,-0.0016180819745417615,1.1577869549808922e-6,1.1025925644651119e-6,0.034509439870361674,1.1911713492674796,34.517261182512364,-8.94910644428503,1.7495220558967717,0.8681847544495837,6.079923663493867e-7,0.00243023418284331,0.0008099655625658,true
14.53125,4.102178248692706,4.242876723959562e-6,0.01656211955187726,0.016765346402603784,-1.2535533237114158e-7,-1.2823896739190098e-5,0.0015883463438932102,-0.0015900445596934236,1.6982158002134835e-6,1.034298479182784e-6,0.03456526766640535,1.188607490519614,34.38733650180422,-9.00882679358026,1.7206355664655524,0.8645878547372039,5.741753556749027e-7,0.0024459389893451413,0.0008152174416826516,true
14.59375,4.102178248692706,3.930450120798915e-6,0.0155730817200944,0.015798588618675065,-1.1396484794105632e-7,-1.2059059879449009e-5,0.0015581912412701853,-0.0015617395183752359,3.5482771050506304e-6,9.581373315631719e-7,0.03455579623674165,1.1867824463300467,34.343947342419895,-9.06411044688714,1.6674069186607454,0.8575936913038555,5.430647424618448e-7,0.0024432119813627222,0.0008143233696943908,true
14.65625,4.102178248692706,3.5784527262250126e-6,0.014993205595086673,0.01518085844153234,-1.0356666738387954e-7,-1.1342112345664826e-5,0.0015045150405230074,-0.0015093086911265943,4.793650603586962e-6,8.723298962850784e-7,0.0339968313143077,1.1892653711641017,34.981653442025184,-9.14010561640562,1.6841983690418636,0.8598531260370442,4.908253977310346e-7,0.0022889037412809725,0.0007629065689688541,true
14.71875,4.102178248692706,3.1580361272981517e-6,0.014172503569783683,0.01431566017149867,-9.34910848131166e-8,-1.067290409092343e-5,0.0013225810457683238,-0.0013225810457683238,0.0,7.69843711278164e-7,0.03280623569699568,1.196805058894114,36.48102360624431,-9.241991184427539,1.7650240687099932,0.8700603070547803,4.195884247711409e-7,0.0019847273638377485,0.0006615365395193425,true
14.78125,4.102178248692706,2.917097056831008e-6,0.013735129700553033,0.013895024872165998,-8.321586346285654e-8,-1.0037265269817042e-5,0.0013024934369157734,-0.001303212206928305,7.187700125316308e-7,7.111092887688722e-7,0.03284562578304574,1.1940650206151453,36.35385206244108,-9.314329445437822,1.735451004777715,0.8664494914582288,3.910299500343122e-7,0.001994228728009026,0.0006647178852184076,true
14.84375,4.102178248692706,2.8346228108539404e-6,0.013093015912236316,0.013268054445863396,-7.554686721583867e-8,-9.433192860737237e-6,0.0012859652189358582,-0.0012875581126959887,1.5928937601304878e-6,6.910043003999853e-7,0.03286004872909809,1.193380028306459,36.31704986638386,-9.331086944555384,1.6912682058096702,0.860789573879032,3.847919584001564e-7,0.001997722857978123,0.0006658857614023314,true
14.90625,4.102178248692706,2.803987173664514e-6,0.012657924622284458,0.01284977047727878,-6.903827946874184e-8,-8.860962737272237e-6,0.0012709955456259932,-0.001272454036380515,1.458490754521844e-6,6.835361614425451e-7,0.03291380875544175,1.1926906470866894,36.23678608418413,-9.33679098632127,1.6579394131615637,0.8562974639784645,3.835678636415214e-7,0.0020108217239860407,0.0006702531906279218,true
14.96875,4.102178248692706,2.7948083108447144e-6,0.012125291724334308,0.01239155228940084,-6.334139194553633e-8,-8.312309336289759e-6,0.0012631231703607415,-0.001259571181120668,-3.5519892400733954e-6,6.812986031836554e-7,0.03349652999223227,1.187243930766888,35.44378868623723,-9.336969211606068,1.5740426155296008,0.8440652844133036,3.9400955698240887e-7,0.002157014489889784,0.0007189850590911786,true
15.03125,4.102178248692706,2.8756677580490504e-6,0.011988105270262995,0.012597126222585893,-5.7942605825025345e-8,-7.770270774555762e-6,0.001267282415505346,-0.0012526219137591855,-1.4660501746160568e-5,7.010099473287093e-7,0.03607742373342551,1.1629922584854233,32.23601183606462,-9.341236336738232,1.3747708202170947,0.8086894441796278,4.399224663536714e-7,0.0029024720348998206,0.0009674765713788692,true
15.09375,4.102178248692706,2.8370195272184806e-6,0.012111421138219555,0.013069186986601877,-5.315921158954611e-8,-7.240530858609769e-6,0.0012669519280362645,-0.001244715029578689,-2.2236898457575396e-5,6.915885549640829e-7,0.0381501872394046,1.1419746839793863,29.93365869512332,-9.384628016997416,1.2441724969282275,0.7794420837243891,4.5922011582988995e-7,0.0036290356577666745,0.0012096790052510123,true
15.15625,4.102178248692706,2.5616168858458525e-6,0.01114615425043345,0.012119088500418235,-5.153395009118304e-8,-6.734794879796423e-6,0.001253993012486318,-0.0012311550842225663,-2.2837928263751833e-5,6.244528468898679e-7,0.03804108978578819,1.1404213318704868,29.97867143902218,-9.452375580045778,1.18938531689298,0.7654143645100357,4.2724322212225104e-7,0.0035876619280923393,0.0011959018720814703,true
15.21875,4.102178248692706,2.3532615709502377e-6,0.010412595789152433,0.011348748564133936,-4.9574637884605534e-8,-6.257341958636601e-6,0.0012359642416934775,-0.0012155305480595088,-2.043369363396866e-5,5.736614618587532e-7,0.03767468904899008,1.14181363655147,30.30718143596935,-9.507347571807808,1.1637133516008855,0.7584407975735695,3.983843582389361e-7,0.0034514111089982142,0.0011504945378514708,true
15.28125,4.102178248692706,2.2069607287186237e-6,0.00973606180518757,0.010617687622970728,-4.744212622254648e-8,-5.808611660977067e-6,0.0012141490833826375,-0.0011982038447505877,-1.5945238632049732e-5,5.37997277281148e-7,0.03719997540062624,1.1450187029943995,30.78009301519925,-9.542514294233234,1.14640356845521,0.753586698596716,3.771530821814015e-7,0.0032807209498659637,0.0010936025507495503,true
15.34375,4.102178248692706,2.0947955831966082e-6,0.009237718498023758,0.01004563991746657,-4.5320153037259e-8,-5.390041603764756e-6,0.001189186131089809,-0.001179312853335154,-9.873277754655083e-6,5.10654451415948e-7,0.036628275816869,1.1494510630391641,31.381522537017407,-9.57044603228067,1.14661588849318,0.7536469975195309,3.5809228774601546e-7,0.0030836611075004887,0.0010279186012760225,true
15.40625,4.102178248692706,1.9691797137050975e-6,0.008761112248015943,0.009485488635500102,-4.316473026146762e-8,-5.000796091561397e-6,0.0011638014628421872,-0.0011601518012213832,-3.6496616208040334e-6,4.800327031943679e-7,0.03597294398018559,1.1544361614341216,32.09178993162198,-9.606215125351426,1.1522099695883175,0.7552288838593073,3.360103356669857e-7,0.0028688436110650977,0.0009563160708456921,true
15.46875,4.102178248692706,1.8331966708993619e-6,0.008369117576613157,0.00902134416735721,-4.09240137545153e-8,-4.639000701061036e-6,0.00114061824489063,-0.0011421198117685682,1.5015668779381434e-6,4.468837187861279e-7,0.035378333447011086,1.158447923614209,32.74455890776505,-9.654272632637163,1.1594299607374847,0.7572512138775759,3.121105055567112e-7,0.002683819723382991,0.0008946464278387754,true
15.53125,4.102178248692706,1.687586769682504e-6,0.007911849463147637,0.008505854636512745,-3.853055459608847e-8,-4.301151746926534e-6,0.0011219594488603825,-0.0011264401756780728,4.4807268176903e-6,4.1138796692228305e-7,0.03484031186524533,1.161705309623434,33.343711563681026,-9.709864012842809,1.1550658832774072,0.7560314215303178,2.8833477285223e-7,0.002524247839955554,0.0008414614547832702,true
15.59375,4.102178248692706,1.5725021512077122e-6,0.007600788410682603,0.008203309795983358,-3.5495854389514906e-8,-3.9831683004862495e-6,0.0011057008123684213,-0.0011122478065189482,6.546994150526944e-6,3.833334525892047e-7,0.03477771287535267,1.1602991974455819,33.36329797201524,-9.767772934693692,1.132342901549941,0.7495507946172383,2.7135808546543863e-7,0.002506132803038831,0.0008354306386623186,true
15.65625,4.102178248692706,1.4529652633642068e-6,0.007233827259600678,0.007830802192782088,-3.3179071631078954e-8,-3.684558310099462e-6,0.0010827321982117737,-0.001094907404609954,1.217520639818035e-5,3.541935955189763e-7,0.03458516379747533,1.1600920847580407,33.54305596328348,-9.828142414834309,1.112435867129886,0.7436903481338207,2.532828118948783e-7,0.002451074679749806,0.0008170846068351298,true
15.71875,4.102178248692706,1.3413785709348067e-6,0.00693406115069262,0.007449070930247778,-3.0942506909127387e-8,-3.4101841818120235e-6,0.00101952248944545,-0.0010574049929150634,3.788250346961337e-5,3.2699178085747034e-7,0.03376676501674571,1.1661950080947505,34.536770327758894,-9.88560768968268,1.1446105739350652,0.7530767283681892,2.3046978781946935e-7,0.0022271908445793617,0.0007424590796584112,true
15.78125,4.102178248692706,1.0676957798563266e-6,0.0067051423133635615,0.006772913717953367,-2.837181920866944e-8,-3.1870969355761043e-6,0.0006293009004807598,-0.0006293009004807598,0.0,2.6027532572398165e-7,0.027249224724970152,1.2261952803943896,44.99927219106351,-10.048165493483054,1.7580579499575135,0.8692221292807791,1.4087892770569764e-7,0.0009446556392008619,0.000314929690924926,true
15.84375,4.102178248692706,9.340723895438575e-7,0.006191256202264088,0.0062537941437011,-2.582940988865869e-8,-2.9777565027773006e-6,0.0005812755767940896,-0.0005812755767940896,0.0,2.2770156071144164e-7,0.02671210048333127,1.228931813535177,46.00655849966003,-10.14776754954083,1.7578899232480754,0.8692018188970094,1.2368978959912397e-7,0.0008723429914357783,0.00029082939634321534,true
15.90625,4.102178248692706,8.422024158426317e-7,0.005896344085284983,0.005955903116449477,-2.3452248205396354e-8,-2.7814625507912845e-6,0.0005537554767092764,-0.0005537554767092764,0.0,2.053061482911005e-7,0.026390032290880654,1.2299786070198324,46.607696173409536,-10.231946289564648,1.757566727423358,0.8691627399291278,1.116095954828588e-7,0.0008310205357182871,0.00027705850584807973,true
15.96875,4.102178248692706,7.45980591579985e-7,0.0054954998731856185,0.005551009972914766,-2.1186609726119643e-8,-2.5975667830047347e-6,0.0005159228273917376,-0.0005159228273917376,0.0,1.818498725202193e-7,0.02592805498305874,1.2323050399747428,47.52786280266393,-10.324529171207315,1.7578502723679466,0.8691970254185212,9.902431859408788e-8,0.0007743378299539802,0.00025816669926845515,true
16.03125,4.102178248692706,6.72704405644232e-7,0.005324685956401577,0.005385111971585161,-1.8874498934688182e-8,-2.4247893469613038e-6,0.000505969992729653,-0.0005061352386030656,1.6524587341255458e-7,1.639871221731068e-7,0.025908810918691613,1.230076354345115,47.477144289076215,-10.418218207773933,1.7347151448987235,0.8663578704203156,9.006566844839692e-8,0.0007720283857401385,0.0002574010974851839,true
16.09375,4.102178248692706,5.991794657513538e-7,0.0050964221598477025,0.00517156280891101,-1.67496779425103e-8,-2.261337031124548e-6,0.0004991587595004829,-0.000498126933535665,-1.0318259648178871e-6,1.4606373234568781e-7,0.026090254004401327,1.2255082592051483,46.971879192836134,-10.520853524405934,1.677626280794397,0.8589747540520899,8.215393552540552e-8,0.0007938648578133183,0.00026468522055508756,true
16.15625,4.102178248692706,5.555108532886456e-7,0.004812589471456167,0.004971333959870449,-1.4837307638755059e-8,-2.102254720545303e-6,0.0004990242985459409,-0.0004939302028649523,-5.0940956809886065e-6,1.3541850685441996e-7,0.027452050134012692,1.209065114484312,44.04279857358624,-10.59792926558967,1.4927564029335272,0.8308077545267728,8.222913746281966e-8,0.0009729973082146236,0.0003244071545972424,true
16.21875,4.102178248692706,5.283125505642888e-7,0.004514316971117893,0.004815830880483407,-1.312959531245024e-8,-1.9448375989015452e-6,0.0004996878211789497,-0.0004906076798886974,-9.080141290252245e-6,1.2878829698164699e-7,0.029296290520590344,1.1878382432760044,40.545687599635,-10.655333872546034,1.276673544375522,0.7872462964676662,8.578956255801342e-8,0.0012619515638922826,0.0004207395158437546,true
16.28125,4.102178248692706,4.7600336182343635e-7,0.004020972192388268,0.004327086671721647,-1.1938950930169965e-8,-1.7955316230016886e-6,0.0004904838270652546,-0.00048221506430560856,-8.26876275964605e-6,1.1603673291747634e-7,0.02913266902731537,1.187800709766976,40.77212110751921,-10.716467136612156,1.2038970602599728,0.7692408205603605,8.001086425942229e-8,0.0012339907229988664,0.0004114205805958133,true
16.34375,4.102178248692706,4.401125504395466e-7,0.00380022541856094,0.004076241352549164,-1.0912528213718294e-8,-1.657262861831362e-6,0.00047820959130570183,-0.00047206557352271004,-6.144017782991795e-6,1.0728752476316771e-7,0.028628202686478366,1.191676141408272,41.62595027214624,-10.769934178835305,1.2061546745342508,0.7698287782310298,7.383811285067104e-8,0.0011507184615762664,0.0003836617049607949,true
16.40625,4.102178248692706,4.1146423150438065e-7,0.003593532301548971,0.003852034562041619,-9.972768286288264e-9,-1.5285533315626487e-6,0.0004675855065534295,-0.0004627385961973043,-4.846910356125201e-6,1.003038401940499e-7,0.028272094331848546,1.19423039045818,42.240605752113595,-10.815244387373534,1.196700175858843,0.7673533912430439,6.922433119496874e-8,0.0010945253639068773,0.0003649298182679743,true
16.46875,4.102178248692706,3.89167473209593e-7,0.0034395678329840933,0.0037059448042907543,-9.033105883912091e-9,-1.407832986844366e-6,0.00045806697670897685,-0.00045423770901606376,-3.8292676929130905e-6,9.486849415517573e-8,0.02825916195138475,1.1931022108696259,42.22001391697894,-10.860116434391841,1.1686849178206002,0.7598120602537124,6.614029720340074e-8,0.0010925196827288354,0.00036426264559651284,true
16.53125,4.102178248692706,3.6122969565348197e-7,0.003272918870221694,0.0035378246223187228,-8.344993110537145e-9,-1.2949754575247976e-6,0.00044770365574666924,-0.00044565450472567865,-2.0491510209905877e-6,8.805802033799962e-8,0.02811391689656219,1.1930763524106007,42.437215589710014,-10.917142876911981,1.1476609643237525,0.7539435220816895,6.198200305672538e-8,0.0010702286418162285,0.0003568330695587429,true
16.59375,4.102178248692706,3.2873821239193743e-7,0.003136128023002317,0.0033811118497988654,-7.692000733190795e-9,-1.1904806648741177e-6,0.00043699002448742213,-0.0004371946543717035,2.0462988428135735e-7,8.013747635093641e-8,0.02773724300656517,1.1951333733268248,43.08767720872427,-10.991237543003674,1.150628330421188,0.7547829622932118,5.63766007495637e-8,0.0010140158504664887,0.00033809498526397055,true
16.65625,4.102178248692706,2.936910435395704e-7,0.0029796922902328047,0.003198001262857587,-7.0478588928279886e-9,-1.0938264790796792e-6,0.00042767910234762813,-0.0004296576997999403,1.9785974523121516e-6,7.159392540613385e-8,0.027247120182458423,1.1981682918648238,43.97412584674542,-11.077563651276959,1.1563068816531288,0.7563790941641058,5.0319076386612446e-8,0.000944224307483623,0.00031482996977178943,true
16.71875,4.102178248692706,2.602902750599719e-7,0.0027872056022540215,0.0029821351667341876,-6.414066834972698e-9,-1.0039806483683223e-6,0.00042047603196446046,-0.0004233491185334829,2.873086569022429e-6,6.345172229971283e-8,0.026768756009484057,1.2011033192426064,44.86959793040291,-11.165878632966574,1.149049322212099,0.7543367362735574,4.483160253871394e-8,0.0008796435894065971,0.0002933017903891992,true
16.78125,4.102178248692706,2.342500997136683e-7,0.002661875669432623,0.002860368979960463,-5.697200253871652e-9,-9.198506830011698e-7,0.0004152262426229435,-0.00041825386312567705,3.027620502733569e-6,5.710383252807696e-8,0.02672049779612866,1.1992156691052946,44.879989821111806,-11.256688898149338,1.1218632964229631,0.7464873703458151,4.082673631702247e-8,0.0008733124112982308,0.0002911929537746662,true
16.84375,4.102178248692706,2.0948064472137159e-7,0.0025283402143656806,0.002736996518934965,-5.03048531557852e-9,-8.407925329217031e-7,0.00041142352188595693,-0.0004141056568250833,2.6821349391263865e-6,5.106570997692006e-8,0.02676461973082864,1.1961199704127443,44.69034054816037,-11.353795893361175,1.0834285870516582,0.7348331666420802,3.71423998020446e-8,0.0008790882728641268,0.00029312039503277376,true
16.90625,4.102178248692706,1.8584535712035463e-7,0.002382642232615118,0.0026042201679503107,-4.443485389106202e-9,-7.663533863910872e-7,0.00040782274820941024,-0.000410250795357054,2.428047147643765e-6,4.530406673078635e-8,0.026830010700685233,1.1926198203839973,44.450963277235594,-11.456580582286248,1.0387768566710747,0.7204254222706732,3.363997474072136e-8,0.0008877041571838223,0.0002959945964319573,true
16.96875,4.102178248692706,1.6111261592823403e-7,0.002223071840804694,0.002443876735794043,-3.9931614556502515e-9,-6.968071116431452e-7,0.0004001357313283702,-0.0004044484822618782,4.312750933507998e-6,3.927489401017078e-8,0.026664456431238583,1.1914145541373955,44.68174917459037,-11.572913427220032,1.0075937096830603,0.7097763303656627,2.966282392198427e-8,0.0008659929754283363,0.00028875812162497644,true
17.03125,4.102178248692706,1.4023242095702697e-7,0.0021087756151239763,0.0022902075303759912,-3.575584914904056e-9,-6.339534227412309e-7,0.0003728452541783907,-0.0003887679608161359,1.59227066377452e-5,3.418486775939506e-8,0.025860527816404893,1.197932736466866,46.32282623817697,-11.680630251541679,1.0456361612762886,0.7227018291374806,2.541322509554146e-8,0.0007661915640182161,0.00025548661558345647,true
17.09375,4.102178248692706,1.0234724521346397e-7,0.002026929827176935,0.0020474038658352877,-3.1593817681207297e-9,-5.852972003212586e-7,0.0001909339323450326,-0.0001909339323450326,0.0,2.4949487567021325e-8,0.020224613484270428,1.2588934637564178,62.245612987141364,-11.92144099223955,1.7535299124676806,0.8686732565631042,1.3719184672049699e-8,0.000286664132036613,9.561025868001556e-5,true
17.15625,4.102178248692706,8.513703997245509e-8,0.0018227677583042103,0.0018411795538426368,-2.7672629014382755e-9,-5.400511304131889e-7,0.00017177631282796829,-0.00017177631282796829,0.0,2.0754105455945705e-8,0.01969605197933781,1.262469141270481,64.09757359469182,-12.059820870634448,1.753239056861705,0.8686378903305603,1.1473501094313073e-8,0.0002578544364139789,8.600491205505425e-5,true
17.21875,4.102178248692706,7.47962060026769e-8,0.0017005934439537221,0.0017177711555088101,-2.4255990745283446e-9,-4.980080893149655e-7,0.00016028826842549233,-0.00016028826842549233,0.0,1.8233290088384915e-8,0.019358019035276033,1.2645464720363027,65.32416719561672,-12.163100342789798,1.7530749487127084,0.8686179299390456,1.0078217266401716e-8,0.0002406052197018179,8.025384583010837e-5,true
17.28125,4.102178248692706,6.581306540467611e-8,0.0015724572453674566,0.0015883406518863198,-2.12777444821089e-9,-4.589564394258418e-7,0.00014831105701584965,-0.00014831105701584965,0.0,1.6043443608441348e-8,0.018984775880919586,1.2672186963153962,66.74920495579822,-12.261472305214715,1.7525268902249067,0.8685512392041806,8.867028577770198e-9,0.00022258098226362658,7.4244180415318e-5,true
17.34375,4.102178248692706,5.976660523608809e-8,0.0015190743588243422,0.0015368274146495275,-1.864313183601297e-9,-4.225209429339285e-7,0.00014600263654074828,-0.00014607189664244376,6.926010169547368e-8,1.456948031332736e-8,0.019002354235538102,1.2653272726411755,66.5879215257848,-12.34966596506978,1.7208899596860723,0.8646201243864583,8.129960095997694e-9,0.00022340516553624235,7.451937154702101e-5,true
17.40625,4.102178248692706,5.378960059280171e-8,0.0014409698394054803,0.0014615854842468998,-1.6369610677536925e-9,-3.88411226790927e-7,0.00014422104708524704,-0.00014433194537256112,1.108982873140776e-7,1.3112448394933482e-8,0.01906366929687999,1.2628726005124808,66.2449909744902,-12.43870714471154,1.6649520953466561,0.8572591529627382,7.473943601484986e-9,0.00022630090526505852,7.548529554754144e-5,true
17.46875,4.102178248692706,4.842592886356926e-8,0.0013519098942121309,0.0013740247039444725,-1.4443223197113268e-9,-3.565328741214656e-7,0.00014261348385433506,-0.0001428134601083735,1.999762540384547e-7,1.180493043640943e-8,0.019050584657690505,1.2614695127373807,66.21683981904145,-12.520901145484121,1.6096413140704438,0.849424384232732,6.877001534722248e-9,0.0002256794765480872,7.527836954521429e-5,true
17.53125,4.102178248692706,4.356223090700875e-8,0.0012948350849210028,0.0013186171851553969,-1.2755800172475372e-9,-3.268581041506316e-7,0.00014118656543210412,-0.00014135243398737127,1.658685552671465e-7,1.0619292548024036e-8,0.01906491188620828,1.2595398622321055,66.06586328590731,-12.61270648420072,1.5707133313321604,0.8435507530498451,6.280959450550751e-9,0.00022635807521177132,7.550494471215964e-5,true
17.59375,4.102178248692706,4.085386010256786e-8,0.0012364580224139216,0.0012686763522384062,-1.1343108795984472e-9,-2.9887245357785194e-7,0.00014131714787203186,-0.00014058016434410485,-7.36983527927003e-7,9.959065068805162e-9,0.01940957475923732,1.2540617844221582,64.61047189224641,-12.670973920270765,1.4845722961581609,0.8293887774772887,6.089439436142533e-9,0.00024317194480506175,8.11116816920564e-5,true
17.65625,4.102178248692706,4.3809748441344134e-8,0.0012351576152602453,0.0013253841294448851,-1.022425319220462e-9,-2.711042004796136e-7,0.000145092817669624,-0.0001418146659081502,-3.2781517614738083e-6,1.0679630621927643e-8,0.02152177109825756,1.2276427611267786,57.04190215210358,-12.654964018982243,1.2281917281819243,0.77546645815552,7.24359949863782e-9,0.0003675608282753912,0.00012258724603279346,true
17.71875,4.102178248692706,4.214214029713065e-8,0.0010996031938464105,0.001224696329323816,-9.370252589803318e-10,-2.439484158874725e-7,0.0001461339160173906,-0.00014185180066559735,-4.282115351793259e-6,1.0273112903019421e-8,0.022320379500878958,1.2171334063695771,54.53013943251491,-12.673019005760356,1.0589658839464344,0.7270592292179532,7.521004607777493e-9,0.00042521969181063705,0.0001418120646444552,true
17.78125,4.102178248692706,3.902099401105288e-8,0.0010527038660494425,0.0011710430699579566,-8.605928065385261e-10,-2.1919763243170415e-7,0.00014284721302971663,-0.00013977137221488417,-3.0758408148324524e-6,9.512261936323271e-9,0.022068512767901807,1.2190194945476587,55.237954064611785,-12.732190356797474,1.056954621287275,0.7264073209589897,6.967076464430865e-9,0.00040635128714093207,0.00013552116442353609,true
17.84375,4.102178248692706,3.492347273766405e-8,0.0010061565411390646,0.0011096641135278982,-7.892911001893369e-10,-1.9696507840346607e-7,0.00013808512951529574,-0.00013695183978352943,-1.1332897317663064e-6,8.513397180825471e-9,0.021579324671419525,1.2233949610295782,56.692921565330025,-12.818058172912517,1.0796197947012125,0.7336414033433131,6.1786571846696485e-9,0.00037150603544664645,0.00012390321412343618,true
17.90625,4.102178248692706,3.003678443922747e-8,0.0009542273858921218,0.0010281637850074877,-7.190396642637971e-10,-1.774286484543628e-7,0.00012974223022422783,-0.0001321979901752781,2.4557599510502794e-6,7.322154869501265e-9,0.02054486431401721,1.234393023967027,60.0828024512595,-12.928144570502536,1.1606896540624072,0.7576018409386978,5.134859597179331e-9,0.00030523936078152354,0.00010180819689365196,true
17.96875,4.102178248692706,2.3587898918400734e-8,0.0009308727994024578,0.0009422539514428721,-6.483112106268123e-10,-1.616746599544784e-7,9.557276756393636e-5,-9.557276756393636e-5,0.0,5.750091168251354e-9,0.01703145106859723,1.2768688392209242,74.9712302303606,-13.101124494934396,1.6655531010450615,0.8573411573264574,3.245961061544537e-9,0.00014417839190574634,4.810202832186973e-5,true
18.03125,4.102178248692706,1.9094988525780888e-8,0.0008197353197780173,0.0008280154745232498,-5.748137510157448e-10,-1.4729051500045047e-7,7.725473144503788e-5,-7.725473144503788e-5,0.0,4.654841249735097e-9,0.016132703516945786,1.286110681103176,79.7207163543448,-13.258119984177158,1.752093627397228,0.8684984840136643,2.554828436054389e-9,0.00011607660209941594,3.87305660265891e-5,true
18.09375,4.102178248692706,1.595310682692277e-8,0.0007287454327424229,0.000736106497719619,-5.042924816032155e-10,-1.3403562243828857e-7,6.888655409666985e-5,-6.888655409666985e-5,0.0,3.888935550766657e-9,0.015672845758165563,1.2901698751995787,82.31880126347822,-13.388131806956606,1.7497576602071356,0.8682135413768186,2.1469027549011847e-9,0.00010339985353886206,3.450295675326448e-5,true
18.15625,4.102178248692706,1.3753107627644762e-8,0.0007039396764909429,0.0007122949928703866,-4.3839079973493563e-10,-1.2178777799633e-7,6.791468520000681e-5,-6.783498877594684e-5,-7.969642405997841e-8,3.35263530589575e-9,0.01570186595617025,1.2876477069042562,82.00603103469105,-13.524016425085913,1.7151699932589173,0.8638919577225157,1.879399611654655e-9,0.0001041671727694605,3.475900015295944e-5,true
18.21875,4.102178248692706,1.254254424454215e-8,0.0006730914014374961,0.0006890332031445418,-3.8272918795356756e-10,-1.1018882374880934e-7,6.887402976824888e-5,-6.795023955607105e-5,-9.237902121778287e-7,3.0575327263117454e-9,0.016319704347757032,1.277790372733893,78.29739715287867,-13.616032651758625,1.5678061533479037,0.8430995490282062,1.817734171110593e-9,0.00012155014653041523,4.055636756598234e-5,true
18.28125,4.102178248692706,1.3925212053001934e-8,0.0006969980093664218,0.0007697519539673336,-3.388969508124756e-10,-9.822842720291528e-8,7.386670274825714e-5,-7.043429293232339e-5,-3.4324098159337557e-6,3.394589705466763e-9,0.01943858236025163,1.2355508593172697,63.56177813891134,-13.604342939302033,1.1458008805166102,0.7534154314375446,2.3999859451477482e-9,0.0002446229311896633,8.159732490417965e-5,true
18.34375,4.102178248692706,1.2333862316653854e-8,0.0005642934703555043,0.0006461236080822109,-3.0198298099570074e-10,-8.669585572810862e-8,7.469295775160805e-5,-7.083970917243995e-5,-3.8532485791681055e-6,3.00666172187531e-9,0.019547577497551517,1.2330110498493103,63.077435042974216,-13.658416250511454,0.9849011645307988,0.7017076279709836,2.2931153229030874e-9,0.00025015457688880684,8.344190624849257e-5,true
18.40625,4.102178248692706,1.0914117129667756e-8,0.0005479172191055721,0.0006223047593444959,-2.691208190475659e-10,-7.644419155229865e-8,7.295716245757314e-5,-6.9878682426485e-5,-3.078480031088135e-6,2.660566281620234e-9,0.01922526264530334,1.235385549923265,64.2584485172204,-13.763892590636686,1.0041788013763726,0.708579589835121,2.011937017010428e-9,0.00023406180302282758,7.807588332136275e-5,true
18.46875,4.102178248692706,9.286101201184361e-9,0.0005086935906314864,0.0005712817741739619,-2.3820172710890017e-10,-6.731553916021577e-8,7.110284698900122e-5,-6.878754117266091e-5,-2.3153058163403035e-6,2.2637000730389235e-9,0.018657696355828663,1.240927398341408,66.51021512383775,-13.885562114299162,1.0223586512408103,0.714880674551419,1.7019560318007475e-9,0.00020762655993996848,6.926101390770691e-5,true
18.53125,4.102178248692706,7.747263301540057e-9,0.0004721020943926675,0.0005220334808313519,-2.091607006526946e-10,-5.92791648581128e-8,6.83486480324593e-5,-6.718756644627333e-5,-1.1610815861859658e-6,1.8885730535987745e-9,0.017983143475772664,1.2478258868864682,69.3886410108205,-14.022804936927017,1.056303318669667,0.726195793733644,1.4027948617849617e-9,0.00017919493155303854,5.9780188046493524e-5,true
18.59375,4.102178248692706,6.048824379176691e-9,0.00041794187839345304,0.00044487415470410407,-1.80875366590127e-10,-5.2434056699324374e-8,6.417447053867504e-5,-6.470628571439603e-5,5.318151757209913e-7,1.4745396256499454e-9,0.01654262627557187,1.2653707559478746,76.49152769753492,-14.183312863604808,1.1599577358478605,0.757398196250672,1.052256611733917e-9,0.00012832577165202238,4.2816401227976656e-5,true
18.65625,4.102178248692706,4.6142304901589395e-9,0.00041862392804193716,0.0004228524525676133,-1.559527766136401e-10,-4.704457738577942e-8,3.973289534591378e-5,-3.973289534591378e-5,0.0,1.1248244738339725e-9,0.013655493652515175,1.3032125401940993,95.43503686914046,-14.410863848166697,1.7458619630475698,0.8677364239205442,6.2632579680644e-10,5.9597227093628243e-5,1.9893821858749022e-5,true
18.71875,4.102178248692706,3.7197877261399564e-9,0.0003653335493818216,0.0003690237872543652,-1.3284114388007837e-10,-4.21857647553596e-8,3.465005684155321e-5,-3.465005684155321e-5,0.0,9.067835429446268e-10,0.013196765469538702,1.307740516631978,99.095533648041,-14.568682288989903,1.7464058092234511,0.8678031748122684,5.07871627136874e-10,5.1986177463090386e-5,1.73549883630885e-5,true
18.78125,4.102178248692706,3.1530131245163717e-9,0.0003556605541347828,0.0003597646344197803,-1.1270927568443511e-10,-3.778441384753356e-8,3.4282793125874535e-5,-3.423928991810784e-5,-4.3503207766694386e-8,7.686192391862014e-10,0.01322030109158505,1.3053312278517317,98.73687587059553,-14.724987789588113,1.7185788853131247,0.8643265724417224,4.355567726064417e-10,5.23577694704197e-5,1.747898270954476e-5,true
18.84375,4.102178248692706,2.925123854745232e-9,0.0003457759278268287,0.0003546564648723483,-9.685841064940262e-11,-3.367190478106256e-8,3.482415203286782e-5,-3.43169763473352e-5,-5.071756855326166e-7,7.130660047932873e-10,0.013873911670771899,1.2944691720456316,93.30239392922498,-14.81419464327131,1.5609945407051906,0.8420353471234922,4.2863806073801667e-10,6.350091162464621e-5,2.119606299280135e-5,true
18.90625,4.102178248692706,3.1367822754256447e-9,0.00034500960778031085,0.0003813143243231239,-8.453153683445594e-11,-2.9496770214903087e-8,3.6954041572287766e-5,-3.537521282735774e-5,-1.5788287449300262e-6,7.646625975907516e-10,0.01633302005416328,1.257948845077748,77.01875347646423,-14.819742712588733,1.140049863105556,0.7517734111833163,5.46140266176474e-10,0.00012194528963530243,4.068877369104977e-5,true
18.96875,4.102178248692706,2.816291756797136e-9,0.00030015084859415567,0.00033910069180781704,-7.438822212975342e-11,-2.563647300872256e-8,3.6935276035658725e-5,-3.540109038411414e-5,-1.5341856515445823e-6,6.865356856920198e-10,0.016371554759202534,1.256321807423085,76.73808785429497,-14.884242587891181,1.0364293279706698,0.7196409537229886,5.138638838099199e-10,0.00012309985095123991,4.107383521199194e-5,true
19.03125,4.102178248692706,2.4412874109302115e-9,0.00028532961734148036,0.0003175745516973534,-6.538112366629438e-11,-2.2270147647121106e-8,3.641311115119112e-5,-3.512758883324487e-5,-1.2855223179462512e-6,5.951197785489229e-10,0.015881189248665883,1.2618438925856406,79.45525192275151,-14.996112928656524,1.0711925728718183,0.7309802879728543,4.387222979830387e-10,0.00010900423000186069,3.637292399514232e-5,true
19.09375,4.102178248692706,2.1147392263665043e-9,0.0002653528027404415,0.00029512616243514156,-5.684371366184853e-11,-1.9264776817871498e-8,3.71258853540752e-5,-3.5460366532068195e-5,-1.6655188220070019e-6,5.155161716925479e-10,0.01566052869286571,1.2634043786098648,80.67443975792591,-15.107767178889588,1.0488696275611784,0.7237668358151734,3.8411869368296085e-10,0.0001030726067476325,3.4394683489394805e-5,true
19.15625,4.102178248692706,1.959184408596286e-9,0.0002452615197359332,0.0002873603594366679,-4.919265370483334e-11,-1.641080563515473e-8,3.8468651560261824e-5,-3.621423361472231e-5,-2.2544179455395144e-6,4.775961184087124e-10,0.016383451790188228,1.251171341090871,76.36799357753024,-15.187804261013444,0.8983269959462818,0.6682768382426524,3.7974542254553886e-10,0.00012345776656803617,4.119326572166607e-5,true
19.21875,4.102178248692706,1.6240506507120542e-9,0.00022571975371305143,0.00026692317550837256,-4.247641108771255e-11,-1.3892738114238175e-8,3.812877462831384e-5,-3.6140618147538056e-5,-1.9881564807757877e-6,3.9589958121142383e-10,0.01623882450746008,1.2508220009350246,77.02663455476102,-15.344583528844934,0.8660062786928714,0.6546454093276587,3.2029509133679265e-10,0.0001191567749792279,3.975891280545509e-5,true
19.28125,4.102178248692706,1.256638269229671e-9,0.00021136036861890153,0.00024616929588989274,-3.594616150862888e-11,-1.1748282713924311e-8,3.721187281584596e-5,-3.57395998860439e-5,-1.4722729298020587e-6,3.063343894503219e-10,0.015771201876105225,1.2546087241397406,79.55060964888062,-15.55945309609213,0.8858682745119177,0.6630998357350267,2.4714268124620243e-10,0.00010601627023454813,3.537650168123554e-5,true
19.34375,4.102178248692706,9.450965936813407e-10,0.00019552656908343837,0.00022322779556316395,-2.979792893851143e-11,-9.93319999110811e-9,3.599106290107401e-5,-3.513371278028653e-5,-8.573501207874805e-7,2.30388963225215e-10,0.015190299913725159,1.2600992108177334,82.95420221948177,-15.793025190075731,0.914923320775303,0.6750253917077389,1.8481997251040973e-10,9.124239679845978e-5,3.0449169713241347e-5,true
19.40625,4.102178248692706,7.496913760277925e-10,0.0001837870788966451,0.00020365691222637135,-2.4687832740429735e-11,-8.433233212428615e-9,3.292686110700028e-5,-3.354160738387892e-5,6.147462768786366e-7,1.827544613076495e-10,0.014437002228745933,1.2693377085930104,87.92252633068071,-15.977159783747295,0.9885500407907286,0.7030236462431999,1.4231194373429592e-10,7.445025057445861e-5,2.4848410819461718e-5,true
19.46875,4.102178248692706,5.016220416981207e-10,0.0001664918036807811,0.00016817353907149608,-2.0333479590272267e-11,-7.356671241128656e-9,1.5820692703943025e-5,-1.5820692703943025e-5,0.0,1.222818735041509e-10,0.010847343980848674,1.3236310677245664,122.02351746763803,-16.25918128777132,1.7440695007140614,0.8675160868337827,6.959822831238403e-11,2.373922293511569e-5,7.930953094888121e-6,true
19.53125,4.102178248692706,4.004386188890415e-10,0.0001614290187165015,0.00016335586286675402,-1.663288386650188e-11,-6.392104454684112e-9,1.6021073885940533e-5,-1.5765568373214144e-5,-2.5550551272638837e-7,9.761609433150655e-11,0.010920474054016213,1.3201415085558648,120.8868316545615,-16.46984284331401,1.6919233035180723,0.8608759060534217,5.6954174945019134e-11,2.438551100864281e-5,8.146631055733136e-6,true
19.59375,4.102178248692706,5.411615252070189e-10,0.0001637991369385737,0.00019669360452677072,-1.422218103415285e-11,-5.291488867586428e-9,2.0798532450968474e-5,-1.8204569835160033e-5,-2.5939626158084418e-6,1.3192052914313945e-10,0.015053754055138039,1.2540583169336073,83.30535442125023,-16.33756484698577,0.886916550986936,0.6635391408189939,1.0575542416142616e-10,8.800646597132264e-5,2.9369936334093247e-5,true
19.65625,4.102178248692706,4.931648197959169e-10,0.0001340904603751601,0.00017186940446704601,-1.2135498228672984e-11,-4.274427323584787e-9,2.2454532448153017e-5,-1.9138564027181343e-5,-3.315968420971674e-6,1.202202317642048e-10,0.015220097586778718,1.2505882157796568,82.16689864498692,-16.3870029609403,0.7421070119957618,0.5959357598774067,1.023482164483362e-10,9.19601040715158e-5,3.068858404270702e-5,true
19.71875,4.102178248692706,4.4252668081711477e-10,0.00012196587032631295,0.0001618601771671754,-1.04913631075831e-11,-3.412685229759488e-9,2.2558063762167685e-5,-1.933550016616632e-5,-3.2225635960013645e-6,1.0787602439219711e-10,0.015254479810068312,1.2486436447833196,81.85422645216559,-16.47754353778615,0.6870524452132715,0.5662783099051288,9.38096316449607e-11,9.279362128304456e-5,3.0966586833694764e-5,true
19.78125,4.102178248692706,3.8249638894250627e-10,0.00012081740988630744,0.0001587084510133324,-9.106893636500063e-12,-2.7229835934594816e-9,2.2174760342055964e-5,-1.9297283066303048e-5,-2.8774772757529155e-6,9.32422644151071e-11,0.01511470971374374,1.2488778517732866,82.62665148227673,-16.614420851124194,0.6997621507947334,0.5733315481731328,8.06734942497995e-11,8.944010601580618e-5,2.98481086644141e-5,true
19.84375,4.102178248692706,3.1947699874544886e-10,0.00011758106463649758,0.0001547694407575989,-7.840722400152911e-12,-2.1567154707753626e-9,2.2240405164438658e-5,-1.9511236950213794e-5,-2.7291682142248645e-6,7.787984318995907e-11,0.015042843093540549,1.2475351828233672,82.93214089024589,-16.783051954124424,0.6936799070308199,0.569971924026214,6.766309494143278e-11,8.775161220948675e-5,2.9284953850053578e-5,true
19.90625,4.102178248692706,2.5352126787230844e-10,0.00011225778551969683,0.0001481812655107127,-6.611385016232889e-12,-1.6948632042674701e-9,2.2717946930391683e-5,-1.9952339348784683e-5,-2.7656075816069996e-6,6.180162160264521e-11,0.01492051495439764,1.2464453402268598,83.53902958687664,-16.993693619026736,0.6819715900487836,0.563423341518687,5.413603291634362e-11,8.493266927533755e-5,2.8344754853333352e-5,true
19.96875,4.102178248692706,1.9167873198022069e-10,0.00010369994551743514,0.00013796293670491366,-5.4001874434961135e-12,-1.3179381246428494e-9,2.358572050661077e-5,-2.0599335588480057e-5,-2.986384918130713e-6,4.672608559642805e-11,0.014741553863875542,1.2458401985896552,84.51213556547864,-17.241045534091775,0.6584910190938211,0.5499640244904708,4.150551774604416e-11,8.09317341526732e-5,2.7010307891009604e-5,true
20.03125,4.102178248692706,1.407308185874942e-10,9.26292708070577e-5,0.00012453788047981764,-4.2674544705101615e-12,-1.0147943016835294e-9,2.453169487527525e-5,-2.1278647512263522e-5,-3.253047363011727e-6,3.430636360873463e-11,0.014477154313453852,1.2465601535244928,86.10533026964038,-17.506192238344898,0.6278907829585592,0.5317582961820162,3.0975751475763814e-11,7.528151574469305e-5,2.5125730828341106e-5,true
20.09375,4.102178248692706,1.0325181263060909e-10,8.143487841940229e-5,0.00011051383510213189,-3.2931900312961087e-12,-7.778136624499034e-10,2.5214737513258685e-5,-2.180603976227461e-5,-3.408697750984075e-6,2.516999661424115e-11,0.014150575119675046,1.2485867924244913,88.2357629894808,-17.766995719201702,0.5980327072191746,0.5132537432089687,2.305244864263627e-11,6.871708782368162e-5,2.2936168771233014e-5,true
20.15625,4.102178248692706,7.622167037150167e-11,7.205379569663549e-5,9.815196879482332e-5,-2.5065790226303116e-12,-5.988021643870332e-10,2.5563963629409854e-5,-2.2140569972995472e-5,-3.423393656414382e-6,1.8580779710338578e-11,0.013803361586102524,1.2512246214677647,90.64636999204023,-18.022811108759687,0.5753475048744074,0.4986974737644099,1.718886763443395e-11,6.221892774727976e-5,2.0768640668701784e-5,true
20.21875,4.102178248692706,5.633460808629592e-11,6.471292180152354e-5,8.86661956767185e-5,-1.888248147360502e-12,-4.670642923480822e-10,2.5735187430723472e-5,-2.236936183793247e-5,-3.365825592791003e-6,1.3732852321629076e-11,0.013522214525377637,1.2527407672723276,92.64316617084154,-18.285409705905188,0.5540427757736595,0.48463143865816743,1.2812838087197093e-11,5.730428196894035e-5,1.9129257987023735e-5,true
20.28125,4.102178248692706,4.174725284794088e-11,5.868270528887437e-5,8.142753106341014e-5,-1.4116311525358728e-12,-3.7296070612479116e-10,2.581262451764169e-5,-2.25503905371881e-5,-3.262233980453587e-6,1.017685003357546e-11,0.01331864820279492,1.2528897633487786,94.07033989274223,-18.553702514596438,0.5303668918937627,0.46854666369690834,9.574943388552855e-12,5.3931946667663865e-5,1.8004315997057902e-5,true
20.34375,4.102178248692706,3.158704876632131e-11,5.329421128524754e-5,7.500475216488767e-5,-1.0568428270691798e-12,-3.089082473429546e-10,2.578369858938943e-5,-2.2693816719868802e-5,-3.089881869520629e-6,7.700067342609397e-12,0.013126608595065032,1.2531685832882793,95.46781060870589,-18.803898579296206,0.5074201486226999,0.45249938430320213,7.293108741052926e-12,5.088915507788495e-5,1.698928010653175e-5,true
20.40625,4.102178248692706,2.488217218847557e-11,4.8256848804581804e-5,6.869493027929826e-5,-8.017998968845731e-13,-2.6840524413708324e-10,2.5648907503522e-5,-2.2819515628702333e-5,-2.8293918748196657e-6,6.065599952026729e-12,0.012906897760260723,1.2546045417419323,97.2041899645906,-19.012737438241757,0.4869511739594523,0.4378035203681305,5.769004557024294e-12,4.756791236403354e-5,1.5881329168953995e-5,true
20.46875,4.102178248692706,2.0382204939847986e-11,4.357976008834876e-5,6.281747898065701e-5,-6.199562173302681e-13,-2.457808313659235e-10,2.544293319009933e-5,-2.296885443645754e-5,-2.4740787536417885e-6,4.968629763063915e-12,0.012685862503999472,1.256647674333166,99.05890702638332,-19.18295469386589,0.4665060486319858,0.42276593384065136,4.740287559313575e-12,4.4393441202349415e-5,1.4822311419941665e-5,true
20.53125,4.102178248692706,1.7040129869485987e-11,3.9408747868402575e-5,5.7977470934017766e-5,-4.874636038007639e-13,-2.364844988449748e-10,2.517268538836416e-5,-2.316695450622429e-5,-2.00573088213987e-6,4.1539223398974395e-12,0.012510860422036217,1.2580737431051952,100.55853080170773,-19.337299652762805,0.44368182237874343,0.4055562775608246,3.977682214749034e-12,4.199500593555852e-5,1.4022162078215909e-5,true
20.59375,4.102178248692706,1.4256026878007975e-11,3.596246998073779e-5,5.4379891677137945e-5,-3.8777025777497755e-13,-2.3695344180672967e-10,2.48093637190084e-5,-2.3404053517043744e-5,-1.4053102019646544e-6,3.4752334037535124e-12,0.012392327225308057,1.2583854782188564,101.54553340464867,-19.49710634558695,0.42097361785438453,0.3879951417054511,3.341655251476188e-12,4.042662808305994e-5,1.349892038658187e-5,true
20.65625,4.102178248692706,1.185245313810084e-11,3.359442391745125e-5,5.213132111644864e-5,-3.1052071652328264e-13,-2.438396970301856e-10,2.4393503678029635e-5,-2.3681567805716927e-5,-7.119358723127081e-7,2.889307197189204e-12,0.01232488300826631,1.2575652942241042,102.03466380822067,-19.670345399083676,0.4037476822307466,0.37438454187653974,2.7869775108083665e-12,3.9554088131925356e-5,1.3207820222262262e-5,true
20.71875,4.102178248692706,9.79923246887723e-12,3.217192453213503e-5,5.0944980940562616e-5,-2.491187526907464e-13,-2.539042512290649e-10,2.405424114956747e-5,-2.402743571184109e-5,-2.680543772638118e-8,2.3887875842547986e-12,0.01229679094899009,1.2558439833822987,102.12778184095572,-19.85526285927088,0.3923324904640356,0.36522922746608116,2.308464405785121e-12,3.919485381345158e-5,1.3087970385906105e-5,true
20.78125,4.102178248692706,8.118722602646082e-12,3.1324535042839014e-5,5.047308610363968e-5,-2.0165058022973472e-13,-2.6482599713624796e-10,2.3872646707847594e-5,-2.444104364932369e-5,5.683969414760962e-7,1.979124774803089e-12,0.012301352845909724,1.2534493769032236,101.89524620619294,-20.042561674731253,0.3836425585712934,0.35818771789507375,1.9152453898475916e-12,3.92530223943674e-5,1.3107377190500435e-5,true
20.84375,4.102178248692706,6.6000480747117765e-12,3.088643665522055e-5,5.032284242136903e-5,-1.6342599637104854e-13,-2.752347220277415e-10,2.3845332807683714e-5,-2.4877836385737455e-5,1.0325035780537408e-6,1.608913039508973e-12,0.012312724123454017,1.2506700845419807,101.57541678040437,-20.24977681284036,0.3781439995977554,0.35370031778431194,1.558978288495738e-12,3.939829997106542e-5,1.3155845836141134e-5,true
20.90625,4.102178248692706,4.558771194285169e-12,3.0583949999776885e-5,4.983382104159928e-5,-1.296452987205636e-13,-2.843086295456013e-10,2.3930130978580727e-5,-2.5277501423496212e-5,1.347370444915485e-6,1.1113049989326942e-12,0.012286064524181059,1.2467721894908421,101.47856435532981,-20.61097839839296,0.37646469496428053,0.3523249280791907,1.0827939521097598e-12,3.905833306675687e-5,1.3042423932337595e-5,true
20.96875,4.102178248692706,3.9096596071531186e-12,3.0523322588559874e-5,4.9463149504939255e-5,-1.0687827658474504e-13,-2.910333528071158e-10,2.4074421045255786e-5,-2.558318176583764e-5,1.5087607205818537e-6,9.53069167191616e-13,0.012256733687440837,1.2455170622188567,101.61900339689247,-20.762704344462136,0.3773512493707323,0.3530513220224248,9.269989116275607e-13,3.868685012191044e-5,1.2918486769944735e-5,true
