r,tau,Dtau,Sr,E,nur,Pi,piR,piEta,piPhi,D,T,mu,alpha,phi,ur,v,n,e,P,ok
0.03125,2.102176248690665,0.3720635720837265,0.0,14.00960004752088,-5.803464010450143e-6,-0.003285081522609177,0.40564592020934603,-0.826210813574038,0.420564893364692,0.1769897135482647,0.2987798213594939,1.529268584158032,5.118379739299749,0.09796037772850752,0.0,0.0,0.17698971354826493,14.00960004752094,4.602392965764322,true
0.09375,2.102176248690665,0.3711748918699446,0.0773864228676758,13.963405824986115,-1.745812951241174e-5,-0.0032903527037776055,0.3973881217321825,-0.8162411285067402,0.4188530067745577,0.17656697058637683,0.29853020139656755,1.5289790157986076,5.121689559869729,0.09707230847344618,0.0040849270762131915,0.0040848929948079675,0.17656556876502336,13.963089709729505,4.587037417471284,true
0.15625,2.102176248690665,0.37086252445063883,0.130106333305383,13.955056339077899,-2.9035907603904842e-5,-0.003290689440102343,0.40499400295026555,-0.8163800535843923,0.4113860506341267,0.17641837818386047,0.298482997405329,1.5288041379112254,5.121913647346435,0.09650177116155938,0.006869238787066296,0.006869076725334476,0.17641441549858633,13.954162628692055,4.584116757412868,true
0.21875,2.102176248690665,0.37031356893555856,0.1833602345052904,13.939233807517875,-4.0689128177052546e-5,-0.0032908744886448113,0.4067784069997169,-0.815877670086466,0.40909926308674904,0.1761572414140857,0.2983944024871768,1.5285070823112976,5.122438858004328,0.09553490974926274,0.009691099858000866,0.009690644808522771,0.17614936416558413,13.937456928613326,4.578644382096715,true
0.28125,2.102176248690665,0.3696250708859328,0.2354638208236322,13.921691664263319,-5.2247891312542723e-5,-0.003290910782183007,0.40724653513651005,-0.8152636558395617,0.4080171207030517,0.17582972460855878,0.29829554462015223,1.5281125001595808,5.12281369172131,0.09424378160048977,0.012460570220717091,0.01245960298308424,0.17581672696303063,13.918757878539033,4.572532785281415,true
0.34375,2.102176248690665,0.36877256751316506,0.2875004134933318,13.900649531656859,-6.383471722407344e-5,-0.003290935842234423,0.4070164771796857,-0.8143864386245794,0.4073699614448937,0.17542419087973907,0.2981766533321162,1.5276167522649988,5.123193701431424,0.09261876124901916,0.01523796826092373,0.015236199473770222,0.17540480054202084,13.89626911800815,4.5651871159397475,true
0.40625,2.102176248690665,0.36776469598228256,0.3392050495524843,13.876031841881968,-7.542008985875274e-5,-0.003290924448513647,0.4065769165814592,-0.8133434417648968,0.4067665251834376,0.1749447489054944,0.2980372390217028,1.5270270529104744,5.123611592708647,0.0906834763306416,0.018011353040637352,0.01800843223021213,0.17491773697383545,13.869923290735038,4.556583326963849,true
0.46875,2.102176248690665,0.3665981297750085,0.39062714035441914,13.847479291032183,-8.702099779764368e-5,-0.0032908800194579348,0.4059999063889363,-0.812126700900098,0.4061267945111617,0.17438981626937475,0.29787525393591746,1.526343448970928,5.1241028880475366,0.08843785652834162,0.02078607604523302,0.020781587073854697,0.1743539630013293,13.839361439101555,4.546602272564308,true
0.53125,2.102176248690665,0.36527297604842934,0.4416873814173533,13.814979836220857,-9.860935103327599e-5,-0.00329079434132205,0.4053322694516827,-0.8107459094603797,0.405413640008697,0.17375944394573892,0.29769054658180216,1.5255654137189008,5.124668657557427,0.08587915878570115,0.023560354065144597,0.02355381772440243,0.1737135599066307,13.804576412147874,4.535241552608638,true
0.59375,2.102176248690665,0.3637894760053094,0.4923476063992169,13.778523095886893,-0.00011018752640750428,-0.003290662830111809,0.40457780416310973,-0.8091989442017484,0.4046211400386387,0.17305374667414056,0.2974829523416717,1.5246924134551436,5.125310211739361,0.08300446550222258,0.026334625064031048,0.026325498115463346,0.17299667013797204,13.765561799902548,4.522498993160019,true
0.65625,2.102176248690665,0.3621499502203931,0.5425576843598016,13.738140126666693,-0.00012176286019985006,-0.00329047862635019,0.4037397209358888,-0.8074864166144505,0.40374669567856175,0.17227382834619945,0.29725251426376276,1.5237251365003674,5.126029430816898,0.07981475466786225,0.029108607473343116,0.029096283282531412,0.17220443128336174,13.722353714585552,4.508386228951585,true
0.71875,2.102176248690665,0.3603574415745594,0.5922730845661531,13.69386378023239,-0.0001333568479095282,-0.0032902336846215713,0.4028181029521859,-0.8056084274693162,0.40279032451713026,0.17142113645276275,0.29699926792947434,1.5226647689093198,5.126830040776036,0.07631254133158934,0.03188228956222139,0.031866098043918975,0.17133832710836566,13.674990348050931,4.492915458129377,true
0.78125,2.102176248690665,0.3584147004585905,0.641449464388514,13.645733361515298,-0.00014497502006477267,-0.003289917918418265,0.40181376954706083,-0.8035658886288599,0.4017521190817991,0.17049697934786778,0.2967232743606007,1.521512112544857,5.127714082501663,0.07249890522141451,0.03465562202913581,0.03463482984465454,0.17039970518115663,13.623516868462405,4.4761012602631105,true
0.84375,2.102176248690665,0.35632370961071014,0.6900440880158805,13.593790660531226,-0.0001565843977064963,-0.0032895193654963045,0.4007276530389079,-0.8013600175467189,0.40063236450781103,0.16950230021514393,0.2964246004386492,1.5202672179378494,5.128681005854971,0.06837225354392963,0.03742859879676913,0.03740240944787852,0.169389549463045,13.567981349014289,4.457959325010478,true
0.90625,2.102176248690665,0.3540862809198745,0.7380149708543664,13.538080548684263,-0.00016814078507761208,-0.003289024500714638,0.3995609012048232,-0.7989923140121615,0.39943141280733835,0.16843796096564986,0.2961033195904904,1.5189298683247703,5.129729279717106,0.06392994293664186,0.04020120643932388,0.04016876043335551,0.1683087648677939,13.508435402123867,4.438506554881828,true
0.96875,2.102176248690665,0.3517047196655655,0.7853208934118667,13.47865092434466,-0.00017965472594433268,-0.0032884187327030245,0.39831467581673696,-0.7964644213531272,0.39814974553639026,0.1673050582150873,0.29575950820951585,1.517500143669058,5.130858354667205,0.059170181121145776,0.04297342212379037,0.04293379716554337,0.1671584956163126,13.444934116397171,4.4177609223049465,true
1.03125,2.102176248690665,0.34918187421480684,0.8319213951021862,13.415552810802005,-0.00019114815975016203,-0.0032876867152101114,0.39699010317183775,-0.7937780794123899,0.3967879762405521,0.1661049469245473,0.29539324631559777,1.5159784693530516,5.132068821009476,0.054092195919673146,0.0457452095419376,0.04569742076566391,0.1659401474567511,13.377536148766223,4.39574149166322,true
1.09375,2.102176248690665,0.3465209047529864,0.8777769042321357,13.348840204617147,-0.000202643704973007,-0.0032868124635255305,0.3955882558083584,-0.7909351009535929,0.3953468451452345,0.16483913038633943,0.29500461829378505,1.5143654305220053,5.133361773387223,0.048695612309700514,0.04851652284432717,0.04845952307027418,0.1646552771481139,13.306303554476115,4.372468404681816,true
1.15625,2.102176248690665,0.3437251661640873,0.9228488355360531,13.278569995502004,-0.0002141547722278649,-0.0032857793829348877,0.3941101687008768,-0.7879373700643659,0.39382720136348914,0.16350920451040946,0.29459371344946134,1.5126616787318101,5.13473848786428,0.042980138929482894,0.05128730871535313,0.05121998873293426,0.16330553610352613,13.231301688543786,4.347962868961782,true
1.21875,2.102176248690665,0.34079819203916184,0.9670996643730283,13.204801906671548,-0.000225690084646294,-0.003284570277950795,0.39255683864309765,-0.7847868353522613,0.3922299967091637,0.16211685021721042,0.29416062615015953,1.5108679246480596,5.136200396435144,0.0369455449911638,0.05405750728454427,0.05397869616493501,0.16189266271831135,13.15259912772738,4.322247134723849,true
1.28125,2.102176248690665,0.33774368675203253,1.0104929915427405,13.127598430489188,-0.00023725326045165402,-0.003283167359752138,0.3909292027356813,-0.7814854945543646,0.39055629181868323,0.16066382966813336,0.2937054559203734,1.508984937530155,5.137749085394098,0.030591660280872877,0.05682705269929335,0.056735518138987126,0.16041847832029424,13.070267587038364,4.295344468339649,true
1.34375,2.102176248690665,0.3345655156211166,1.052993630848148,13.04702479990926,-0.0002488422583661706,-0.0032815522550507133,0.38922811818234526,-0.7780353809484947,0.3888072627661494,0.1591519815855116,0.29322830775621395,1.507013542904634,5.139386283801579,0.02391836913121307,0.05959587494726527,0.05949032363638072,0.1588848821761905,12.984381868023302,4.267279136819352,true
1.40625,2.102176248690665,0.3312676930974433,1.0945677516835775,12.963149028865919,-0.00026044990298923335,-0.0032797060155766652,0.3874543727598408,-0.7744385659739046,0.3869841932140638,0.15758321563369035,0.29272929283300997,1.5049546180523385,5.141113837592104,0.016925597040146408,0.06236390453220086,0.06224298252733841,0.15729384558243936,12.895019867423086,4.238076412790356,true
1.46875,2.102176248690665,0.32785436928161527,1.135183071496373,12.876041991349968,-0.00027206564939172615,-0.0032776091300679537,0.38560873974135457,-0.7706971846768853,0.38508844493553074,0.15595950600517844,0.2922085294346513,1.5028090857938698,5.142933673775439,0.009613291574016369,0.06513107983380526,0.06499337290498375,0.15564740521313977,12.802262614669067,4.207762589379317,true
1.53125,2.102176248690665,0.3243298152978505,1.1748090429841833,12.785777450994487,-0.0002836780115043688,-0.0032752415454107738,0.3836920628261632,-0.7668134762665159,0.38312141344035266,0.15428288446311697,0.2916661436249304,1.5005779077865586,5.144847767165718,0.0019814016785637068,0.06789735453169463,0.06774138845846574,0.15394765598473278,12.706194255249441,4.1763649772198495,true
1.59375,2.102176248690665,0.3206984084954626,1.2134169601011755,12.692431967775018,-0.000295276667893058,-0.0032725827043446377,0.3817053369741304,-0.7627898223686422,0.38108448539451184,0.15255543330166002,0.29110226927454935,1.4982620787813494,5.146858121426332,-0.00597013971406549,0.07066270126781946,0.07048694208447417,0.1521967438847305,12.606901916784324,4.14391186234405,true
1.65625,2.102176248690665,0.3169646186407611,1.2509799453512311,12.596084671700877,-0.00030685352770659874,-0.0032696116030862844,0.37964975087234165,-0.7586287657950485,0.3789790149227068,0.15077927877749625,0.2905170473985733,1.4958626228989735,5.148966769054116,-0.014241426236685555,0.07342710953700049,0.07322996375506652,0.1503968592896976,12.504475455644828,4.110432424035882,true
1.71875,2.102176248690665,0.3131329958936877,1.2874728459802047,12.496816952310908,-0.0003184026859498424,-0.0032663068658336375,0.3775266764404925,-0.7543330026013874,0.3768063261608949,0.14895658539036477,0.2899106250603243,1.493380592179667,5.1511757869133845,-0.022832580968550672,0.07619057912936918,0.07597039397723204,0.14855023112156387,12.399007132967201,4.075956628811312,true
1.78125,2.102176248690665,0.30920816066777734,1.3228721035174804,12.39471213830476,-0.0003299196704204501,-0.0032626468278581823,0.37533761792652093,-0.7499053537288782,0.3745677358023573,0.14708955105946367,0.2892831542252518,1.490817066849605,5.153487318825253,-0.03174375353790785,0.07895311236803645,0.07870817607816294,0.14665912187013488,12.290591287852596,4.040515123131055,true
1.84375,2.102176248690665,0.3051947949574497,1.3571556513481862,12.289855234045795,-0.00034140047832713686,-0.0032586096175756044,0.37308414944770435,-0.7453487307373319,0.3722645812896275,0.14518040299786447,0.2886347909183377,1.4881731563464748,5.155903595722519,-0.04097511466270633,0.08171470782971074,0.08144324998580806,0.14472582328051467,12.179324067063801,4.004139144710301,true
1.90625,2.102176248690665,0.30109763452314586,1.390302865234077,12.18233274362306,-0.0003528407903840582,-0.003254173231348398,0.37076786565441266,-0.7406661081554875,0.36989824250107484,0.143231393995001,0.28796569485552204,1.4854500002883373,5.158426947465449,-0.05052685084229469,0.08447535672580538,0.08417554866627562,0.14275265242667182,12.06530323713012,3.9668604611764313,true
1.96875,2.102176248690665,0.296921461309565,1.422294567279077,12.072232566395476,-0.0003642355705875221,-0.0032493156002384553,0.36839035435548273,-0.735860506963476,0.3674701526079933,0.1412447988100435,0.28727602946142167,1.4826487689928856,5.16105980639081,-0.060399160485628135,0.08723504204722352,0.0869049973099413,0.140741947889708,11.948628060852625,3.928711330174843,true
2.03125,2.102176248690665,0.29267109561918914,1.4531130669021584,11.959643923583442,-0.00037557902964997677,-0.0032440146514902714,0.36595318813931166,-0.7309349876312317,0.36498179949192,0.13922291044886392,0.2865659620478727,1.4797706635005445,5.163804706343105,-0.07059225162294754,0.08999373980796407,0.08963151459709391,0.13869606582356328,11.82939919851672,3.8897244677644833,true
2.09375,2.102176248690665,0.2883513878936168,1.4827422127661893,11.844657286550465,-0.0003868647569036253,-0.0032382483678819046,0.3634579288013653,-0.725892649538757,0.3624347207373917,0.13716803625443666,0.2858356639983091,1.4768169152079953,5.166664280272358,-0.0811063408523502,0.09275142108474228,0.09235501474641951,0.13661737584112463,11.707718607625798,3.849933016393521,true
2.15625,2.102176248690665,0.2839672102442592,1.5111674348564734,11.72736429817074,-0.00039808584944041586,-0.003231994847131728,0.3609061378646687,-0.7207366334980747,0.359830495633406,0.1350824938780121,0.28508531092417433,1.4737887852698703,5.169641257531722,-0.09194165299207997,0.09550805368040045,0.09507540918513015,0.13450825678969758,11.583689435955177,3.8093705106943254,true
2.21875,2.102176248690665,0.27952344788855016,1.5383757722460265,11.60785768364485,-0.00040923501075140046,-0.0032252323629112095,0.35829938627771163,-0.7154701239879974,0.35717073771028574,0.13296860720534284,0.2843150827741257,1.4706875639243682,5.1727384617605985,-0.10309842091254481,0.09826360318008978,0.09779260761415566,0.1323710924917259,11.457415905387114,3.7680708402222094,true
2.28125,2.102176248690665,0.27502499052208085,1.5643558914751723,11.4862311454415,-0.00042030464528423195,-0.003217939428196207,0.3556392595888195,-0.7100963491662623,0.3544570895774428,0.13082870225242982,0.2835251638542664,1.4675145698197396,5.17595881039346,-0.11457688530587748,0.1010180337708937,0.10050651883612939,0.13020826746442715,11.329003180569403,3.7260682071459534,true
2.34375,2.102176248690665,0.27047672366241804,1.589098096642036,11.362579245369606,-0.0004312869226864742,-0.0032100948604270423,0.3529273600806385,-0.7046185793070937,0.3516912192264552,0.1286651030477981,0.282715742772609,1.4642711493184146,5.1793053155025115,-0.12637729449089233,0.1037713088768993,0.10321705139823255,0.12802216263301613,11.198557225452332,3.683397079904351,true
2.40625,2.102176248690665,0.26588352009240696,1.6125943290005593,11.236997285070366,-0.0004421737840548832,-0.0032016778474168728,0.35016530842188226,-0.6990401249948865,0.3488748165730043,0.12648012756209753,0.28188701238011266,1.4609586757450514,5.1827810845538735,-0.13849990435991774,0.10652339134879002,0.10592411379407249,0.1258151510989797,11.066184659862397,3.6400921468617464,true
2.46875,2.102176248690665,0.26125023149150145,1.6348381590805658,11.109581189284555,-0.0004529569345146162,-0.003192668013646611,0.3473547443348225,-0.6933643348976273,0.3460095905628048,0.12427608372714727,0.28103916973285165,1.457578548605889,5.186389320717907,-0.15094497836168433,0.10927424333950236,0.10862761435623153,0.12358959400827604,10.931992620206033,3.5961882713111684,true
2.53125,2.102176248690665,0.2565816802214336,1.655824777465941,10.980427385966555,-0.00046362787276501655,-0.003183045487083744,0.3444973249923613,-0.6875945924176705,0.3430972674253092,0.12205526552839935,0.28017241602796716,1.454132192814859,5.190133323723438,-0.16371278741645456,0.11202382632746359,0.11132746129430618,0.1213478365036255,10.79608861714387,3.5517204454431868,true
2.59375,2.102176248690665,0.2518826512438934,1.6755509843662693,10.84963268162798,-0.00047417793105884157,-0.0031727909661392294,0.3415947226388624,-0.6817343118823022,0.34013958924343973,0.11981994916019904,0.2792869564991272,1.4506210579022127,5.194016491445944,-0.17680360986690608,0.11477210132319889,0.11402356291264171,0.1190922037479274,10.65858038854998,3.506723742723714,true
2.65625,2.102176248690665,0.24715788425589363,1.6940151735205171,10.717294139507395,-0.0004845982801615854,-0.0031618857859869766,0.33864862356103853,-0.6757869353859826,0.337138311824944,0.11757238928459747,0.27838300032592195,1.4470466171694871,5.198042321101974,-0.19021773157310878,0.11751902886792082,0.11671582762313928,0.1168249970597727,10.519575756524901,3.461233271590472,true
2.71875,2.102176248690665,0.24241206611658037,1.7112173107490634,10.583508963835687,-0.000494879923303737,-0.003150311984067934,0.33566072751396236,-0.6697559299251847,0.33409520241122237,0.11531481542880435,0.2774607605795657,1.4434103668159464,5.202214409709399,-0.20395544604522836,0.12026456878919001,0.11940416372025234,0.11454849019904781,10.379182491903299,3.4152841316014704,true
2.78125,2.102176248690665,0.2376498235276085,1.7271589120215538,10.448374383670686,-0.0005050137252691121,-0.0031380523651023846,0.3326327456364409,-0.6636447838080974,0.33101203817165653,0.11304942850326088,0.2765204541531823,1.4397138250816435,5.206536454927469,-0.21801705448147488,0.1230086801261227,0.12208847932309626,0.11226492578498015,10.237508178554053,3.368911369473107,true
2.84375,2.102176248690665,0.23287571592879852,1.7418430215057734,10.31198753315762,-0.0005149904568574386,-0.003125090565389111,0.3295663976943102,-0.6574570026765866,0.3278906049822764,0.11077839742212127,0.2755623016511997,1.4359585313906906,5.211012256706628,-0.23240286579683006,0.12575132130780758,0.1247686825653135,0.10997651182590942,10.094660074130225,3.322149933901172,true
2.90625,2.102176248690665,0.22809422867519985,1.7552741851688385,10.174445334887526,-0.0005248008083961251,-0.003111411115656923,0.3264634107282226,-0.6511961062124185,0.3247326954841959,0.10850385585759888,0.27458652728865945,1.4321460454500776,5.215645718642751,-0.24711319677600505,0.12849245017999367,0.12744468163582476,0.107685418391977,9.950744975176612,3.2750346317907475,true
2.96875,2.102176248690665,0.22330976656556806,1.7674584192984018,10.035844390334784,-0.0005344353874616013,-0.0030969995022300037,0.32332551848068236,-0.6448656253034715,0.3215401068227891,0.10622789916147896,0.27359335883038793,1.4282779463189346,5.220440848508988,-0.2621483722692588,0.13123202376019977,0.13011638455465477,0.10539377446693615,9.805869090966684,3.227600087339291,true
3.03125,2.102176248690665,0.21852664768815597,1.7784031783763956,9.896280871447711,-0.0005438847462257075,-0.0030818422268256568,0.3201544595187958,-0.6384690986092875,0.3183146390904917,0.10395258143757675,0.27258302752100955,1.4243558314984188,5.225401759060863,-0.2775087252846322,0.13396999812113822,0.13278369907516108,0.10310366496346816,9.660137918977629,3.179880701613436,true
3.09375,2.102176248690665,0.21374909753568033,1.788117323498477,9.755850409377492,-0.0005531394268923787,-0.003065926864842309,0.316951974510984,-0.6320100686749601,0.3150580941639761,0.10167991274224195,0.2715557679718733,1.4203813160339527,5.230532669742703,-0.29319459704606204,0.13670632856043466,0.13544653286545769,0.10081712787630936,9.513656117555172,3.131910611145674,true
3.15625,2.102176248690665,0.2089812434376668,1.796611087339714,9.614647986197628,-0.0005621899802565898,-0.0030492421214117216,0.31371980475273,-0.6254920786592131,0.3117722739064831,0.09941185643583891,0.27051181805186897,1.4163560315770578,5.235837908218414,-0.309206337177121,0.13944096966518146,0.13810479358659009,0.09853615159532308,9.366527382827176,3.083723647897075,true
3.21875,2.102176248690665,0.20422710937561295,1.803896034357702,9.472767834281953,-0.0005710269647427578,-0.0030317778848979633,0.31045969165854415,-0.6189186696201725,0.30845897796162836,0.09715032671633278,0.269451418820093,1.4122816254085566,5.241321910987995,-0.32554430396230755,0.14217387507527335,0.1407583886779421,0.09626267241239805,9.218854335145664,3.035353302333806,true
3.28125,2.102176248690665,0.19949061115278838,1.8099850201996248,9.330303338221686,-0.0005796409695113331,-0.00301352527813804,0.3071733751363957,-0.6122933773121083,0.3051200021757126,0.09489718632157536,0.2683748144557063,1.4081597594776951,5.246989224132667,-0.34220886452615534,0.1449049973246228,0.14340722521966132,0.09399857220955815,9.070738408788333,2.9868326875309985,true
3.34375,2.102176248690665,0.19477555186622672,1.8148921521444454,9.187346934607724,-0.000588022657829429,-0.0029944767073504693,0.30386259095908164,-0.6056197284742184,0.3017571375151368,0.09265424437534302,0.26728225214352935,1.4039921094618861,5.252844505021414,-0.35920039496882894,0.14763428799308287,0.14605121009698668,0.09174567630048222,8.922279739594277,2.9381945025383414,true
3.40625,2.102176248690665,0.1900856177153724,1.818632747124055,9.043990014619348,-0.0005961627885764054,-0.0029746259080199525,0.30052906919211225,-0.5989012376456616,0.29837216845354936,0.0904232543935204,0.26617398195712977,1.399780363792676,5.258892523981273,-0.37651928062399975,0.15036169780550449,0.14869025011243642,0.08950575144040973,8.773577056589506,2.8894709970213572,true
3.46875,2.102176248690665,0.18542437420905356,1.8212232854745305,8.90032283460654,-0.0006040522162402211,-0.0029539679873790796,0.29717453373345454,-0.5921414046137057,0.29496687088025114,0.08820591247976693,0.2650502567847054,1.3955262226389509,5.265138164995277,-0.3941659164130179,0.15308717640871958,0.15132425178620929,0.08728050403629847,8.624727583599809,2.8406939391661306,true
3.53125,2.102176248690665,0.18079526274833949,1.822681363826086,8.756434430448913,-0.0006116819096024645,-0.002932499463754925,0.29380070095431177,-0.5853437114970301,0.29154301054271836,0.0860038556999906,0.2639113322591212,1.3912313969045376,5.271586426378075,-0.4121407071245733,0.15581067217085343,0.1539531211796673,0.08507157854758873,8.475826945575205,2.7918945850910837,true
3.59375,2.102176248690665,0.17620159752797948,1.823025649452466,8.612412530529207,-0.0006190429915639774,-0.0029102183027899485,0.29040927722951837,-0.5785116192882549,0.2881023420587365,0.08381866060837011,0.2627574666437343,1.3868976072562513,5.2782424224568585,-0.4304440676355779,0.1585321323069108,0.1565767640346216,0.08288055604734604,8.326969073589519,2.7431036477637876,true
3.65625,2.102176248690665,0.17164656277414703,1.8222758332322742,8.468343471249586,-0.00062612676150872,-0.0028871239499058537,0.28700195730935335,-0.5716485648238125,0.2846466075144592,0.08165184193335676,0.26158892070901524,1.3825265831242086,5.2851113853636615,-0.4490764232574887,0.1612515030091518,0.15919508591634757,0.08070895295026076,8.178246113418957,2.6943512670557417,true
3.71875,2.102176248690665,0.1671332103723317,1.8204525789704875,8.324312120592605,-0.0006329246945590235,-0.002863217358590551,0.28358042389861293,-0.5647579584354944,0.28117753453688143,0.07950485144926843,0.2604059576516359,1.3781200616494704,5.2921986657965885,-0.46803821022243003,0.1639687292451585,0.16180799203628451,0.07855821993531882,8.02974834419605,2.645666983090626,true
3.78125,2.102176248690665,0.16266445786878858,1.8175774718598676,8.180401806481484,-0.0006394284539748034,-0.0028385010147470233,0.28014634657351395,-0.5578431813666941,0.27769683479318014,0.07737907702558418,0.25920884302487235,1.3736797866358628,5.299509733562799,-0.48732987613395656,0.16668375451857995,0.16441538704039887,0.07642974105660193,7.881564102974433,2.597079711498982,true
3.84375,2.102176248690665,0.15824308678875282,1.8136729687305868,8.036694244500424,-0.0006456299249920736,-0.0028129789571999277,0.2767013795338425,-0.5509075826395826,0.2742062031057401,0.07527584182692298,0.2579978446261662,1.3692075075383094,5.307050179129458,-0.50695188035856,0.1693965209599975,0.16701717511578165,0.0743248330122849,7.733779708684024,2.5486177184157297,true
3.90625,2.102176248690665,0.1538717412773944,1.8087623478886803,7.8932694678455455,-0.0006515212363882675,-0.0027866567938204106,0.27324715996848364,-0.5439544762444419,0.2707073162759583,0.07319640366654936,0.25677323236900446,1.3647049784342231,5.314825715450857,-0.526904694533528,0.17210696948242926,0.1696132601584589,0.07224474457248779,7.586479389173356,2.500308596452941,true
3.96875,2.102176248690665,0.14955292710983376,1.8028696560459725,7.750205765103228,-0.0006570947591894143,-0.00275954171284026,0.26978530766535347,-0.5369871390286197,0.26720183136326625,0.07114195453544031,0.25553527819536276,1.360173956939572,5.322842178760488,-0.5471888032365049,0.17481503960672543,0.17220354562446,0.07019065618963616,7.439745218039101,2.4521792438727537,true
4.03125,2.102176248690665,0.14528901105734468,1.79601965446727,7.60757962359285,-0.0006623431134252606,-0.0027316424895813783,0.2663174241949198,-0.5300088084752169,0.2636913842802971,0.0691136203007895,0.25428425600628546,1.3556162031208985,5.331105528953354,-0.5678047046512097,0.17752066918981899,0.17478793428951053,0.06816367978678224,7.293657058251219,2.404255845963763,true
4.09375,2.102176248690665,0.14108222055242226,1.7882377671469931,7.4654656727690405,-0.000667259195166774,-0.0027029694887868785,0.26284509092566655,-0.5230226799470563,0.26017758902138977,0.06711246054668106,0.2530204415524872,1.3510334784471303,5.339621850935979,-0.5887529111831374,0.18022379447553294,0.17736632831836296,0.06616485869399805,7.148292505856387,2.3565638563916544,true
4.15625,2.102176248690665,0.1369346436467575,1.779550029454939,7.323936629510799,-0.0006718361954868847,-0.002673534662130949,0.25936986743075735,-0.516031904150004,0.25666203671924664,0.0651394685540981,0.25174411230284544,1.3464275447320357,5.348397356408868,-0.6100339502010608,0.1829243502704828,0.17993862945283023,0.06419516772736561,7.003726836174868,2.309127979331294,true
4.21875,2.102176248690665,0.13284822930075824,1.7699830346439325,7.183063250796255,-0.0006760675975474321,-0.0026433515405059164,0.2558932911323071,-0.5090395852906132,0.25314629415830614,0.06319557143864717,0.25045554735048614,1.341800163016192,5.357438384618745,-0.631648364978812,0.18562226980286728,0.18250473889699317,0.062255513430366644,6.860032959213856,2.261972154614252,true
4.28125,2.102176248690665,0.12882478799706287,1.7595638796935846,7.042914292465903,-0.0006799471775117252,-0.0026124352213014457,0.2524168767520938,-0.5020487792437385,0.24963190249164469,0.06128163044240513,0.24915502734361206,1.3371530924337678,5.366751402490014,-0.6535967156771374,0.18831748442273596,0.18506455705310154,0.0603467344757257,6.717281382471621,2.215119545282894,true
4.34375,2.102176248690665,0.12486599262379192,1.7483201133251267,6.903556468698955,-0.0006834690243801212,-0.002580802350956677,0.2489421146357525,-0.49506249121962764,0.24612037658387514,0.05939844135407979,0.24784283438065635,1.3324880891219377,5.376343005646064,-0.6758795802858856,0.191009923603447,0.18761798354541373,0.05846960219968263,6.575540174453649,2.1685925253339593,true
4.40625,2.102176248690665,0.12097337961132287,1.7362796852542606,6.765054413010123,-0.0006866275557328789,-0.0025484711025094663,0.24547046924523405,-0.4880836735467045,0.24261320430147046,0.05754673504977084,0.24651925187748833,1.3278069051314247,5.386219920021904,-0.6984975556965805,0.1936995151278754,0.19016491741888478,0.05662482125815243,6.434874930056705,2.1224126680408504,true
4.46875,2.102176248690665,0.11714835035093732,1.7234708941094332,6.627470645954158,-0.0006894175130956693,-0.00251546114780141,0.24200337882268197,-0.4811152241122344,0.23911184528955243,0.05572717816781674,0.2451845644674229,1.3231112872706399,5.3963890024832235,-0.7214512590284325,0.19638618498727525,0.19270525706479116,0.05481303041911829,6.2953487442708225,2.0766007369995685,true
4.53125,2.102176248690665,0.11339217289023396,1.7099223348611559,6.49086554915349,-0.000691833956957503,-0.002481793624554897,0.23854225507592242,-0.47415998492033595,0.23561772984441354,0.05394037391529848,0.24383905793154398,1.3184029759142821,5.406857240583721,-0.7447413290806755,0.19906985706562308,0.1952388999448315,0.053034803490637626,6.157022193514539,2.031176679669491,true
4.59375,2.102176248690665,0.10970598385624741,1.6956628484623653,6.355297340626629,-0.0006938722785167445,-0.0024474910986955235,0.23508848183390524,-0.46722074020760307,0.23213225837369783,0.0521868629828624,0.24248301909924658,1.3136837038451934,5.417631753040455,-0.7683684278054483,0.20175045308863074,0.1977657425672649,0.05129065035947112,6.019953318267835,1.986159621305291,true
4.65625,2.102176248690665,0.10609079058607956,1.6807214733309674,6.220822051311206,-0.0006955282115286307,-0.002412577521814896,0.2316434136777949,-0.4603002145851249,0.22865680090732998,0.05046712455825621,0.241116735716247,1.30895519510626,5.428719790925983,-0.7923332419304441,0.20442789280937168,0.20028568068604785,0.049581018127940975,5.884197606993164,1.9415678592812393,true
4.71875,2.102176248690665,0.10254747348859229,1.6651273962691335,6.087493507468606,-0.0006967978276675598,-0.002377078183521994,0.22820837563374544,-0.4534010717795367,0.22519269614579127,0.0487815774497803,0.2397404963392946,1.3042191637944556,5.440128737986132,-0.8166364848451139,0.2071020939489914,0.20279860926837015,0.04790629236081207,5.749807987262889,1.8974188597764416,true
4.78125,2.102176248690665,0.09907678863655676,1.6489099031099819,5.955363319376012,-0.000697677529815308,-0.0023410196589238735,0.22478466306868658,-0.44652591357881405,0.22174125051012747,0.04713058131936677,0.23835459026556366,1.2994773128181771,5.451866109943004,-0.84127889862918,0.20977297187456936,0.20530442221628314,0.046266798443635675,5.616834824444992,1.8537292569371293,true
4.84375,2.102176248690665,0.09567937054400835,1.6320983315395006,5.824480871805061,-0.0006981640598410083,-0.0023044297516987278,0.22137354068571724,-0.4396772784069292,0.21830373772121198,0.04551443800376015,0.23695930743915697,1.2947313326917747,5.463939554365119,-0.8662612561058878,0.21244043949270724,0.20780301229311965,0.04466280302977115,5.485325922166678,1.81051485259671,true
4.90625,2.102176248690665,0.09235573509964537,1.6147220262064734,5.694893315402102,-0.0006982545087203188,-0.002267337432824701,0.21797624133053012,-0.43285763984835807,0.21488139851782795,0.04393339290992794,0.2355549383219093,1.2899829003499375,5.47635685135604,-0.89158436306291,0.21510440742269274,0.21029427131213024,0.04309451555953669,5.355326523544712,1.7677906162224928,true
4.96875,2.102176248690665,0.08910628266803064,1.5968102939832587,5.5666455630068175,-0.0006979463124459763,-0.002229772774826798,0.21459396571283465,-0.4260694056935419,0.21147543998070725,0.04238763649029441,0.23414177378353881,1.2852336778976912,5.48912591345564,-0.9172490608226862,0.21776478398147955,0.2127780901479736,0.04156208985705758,5.226879318340513,1.7255706868065717,true
5.03125,2.102176248690665,0.08593130135949946,1.578392359195386,5.4397802919661125,-0.0006972372435943166,-0.0021917668818031213,0.21122788247716512,-0.41931491725613107,0.20808703477896595,0.040877305798227695,0.23272010502937612,1.2804853112970662,5.502254784284458,-0.9432562290878331,0.22042147486882435,0.21525435846905014,0.040065625807206254,5.1000244572921964,1.6838683771169465,true
5.09375,2.102176248690665,0.0828309704334122,1.5594973209158727,5.3143379486117714,-0.0006961254153110166,-0.0021533518157611023,0.20787912753545248,-0.4125964484031557,0.2047173208677032,0.03940248610695857,0.23129022351323172,1.2757394290744302,5.515751637472248,-0.9696067889040726,0.2230743830054776,0.21772296461502763,0.03860517109519588,4.974799568610886,1.6426961786436107,true
5.15625,2.102176248690665,0.07980536380838489,1.540154112821523,5.190356753406107,-0.0006946092912645846,-0.0021145605194895986,0.20454880308461962,-0.40591620447650606,0.20136740139188644,0.03796321257938836,0.22985242081304455,1.2709976410617194,5.529624776480005,-0.9963017057999342,0.22572340868033008,0.2201837957626302,0.03718072299393224,4.851239774805335,1.6020657666329017,true
5.21875,2.102176248690665,0.07685445368770154,1.520391463828609,5.067872710023995,-0.0006926876865730834,-0.0020754267359628584,0.20123797736357316,-0.3992763216424175,0.19803834427884434,0.036559471992688594,0.22840698851770266,1.2662615370994381,5.543882633877013,-1.0233419932439851,0.2283684495782228,0.22263673797942468,0.035792230202899886,4.729377714086153,1.5619880066259477,true
5.28125,2.102176248690665,0.07397811430213833,1.5002378589583245,4.946919619909282,-0.0006903597646240881,-0.0020359849245681766,0.19794768486223102,-0.3926788665555307,0.19473118169329967,0.03519120451875308,0.2269542181520145,1.2615326856863502,5.5585337693145345,-1.0507287163701173,0.23100940048796553,0.22508167598146564,0.03443959474114256,4.609243568266085,1.5224729631388099,true
5.34375,2.102176248690665,0.0711761257391478,1.479721502101854,4.827529099254196,-0.0006876250441242096,-0.0019962701747405914,0.1946789259759883,-0.386125835827296,0.1914469098513077,0.03385830554573132,0.22549440109559296,1.2568126326534745,5.573586867554547,-1.0784629958214882,0.2336461530896036,0.22751849296683574,0.03312267387952448,4.4908650931087575,1.4835299091400052,true
5.40625,2.102176248690665,0.06844817782902077,1.458870281452457,4.70973059648718,-0.0006844834137649132,-0.0019563181173750596,0.19143266626301786,-0.37961915534758417,0.1881864890845663,0.03256062752666601,0.22402782846527505,1.2521028998880475,5.5890507374271445,-1.1065460117620043,0.23627859606072416,0.22994707074525117,0.031841282096218546,4.37426764869485,1.4451673355208479,true
5.46875,2.102176248690665,0.06579387408941678,1.4377117362346286,4.593551412686961,-0.0006809351419349357,-0.0019161648341419688,0.18820983624631307,-0.37316067993173746,0.1849508436854244,0.0312979818558964,0.2225547910000328,1.2474049840417103,5.604934310497618,-1.1349790081951212,0.2389066151422467,0.2323672898292762,0.030595193055804423,4.2594742330090485,1.4073929616263927,true
5.53125,2.102176248690665,0.0632127357324973,1.416273023932315,4.4790167267455825,-0.0006769808831476841,-0.0018758467650185143,0.18501133172123524,-0.3667521932986782,0.18174086157744296,0.030070140775241463,0.2210755789820925,1.2427203551971502,5.621246638453054,-1.1637632975449084,0.24153009288676966,0.23477902923321187,0.029384141615343785,4.146505521085752,1.3702137476249199,true
5.59375,2.102176248690665,0.060704205712656015,1.3945808892165665,4.366149623077382,-0.0006726216932370179,-0.0018354006146251503,0.18183801370239022,-0.3603954079467458,0.17855739424435557,0.02887683929949521,0.2195904821609743,1.2380504555706398,5.63799689033456,-1.1929002653099234,0.24414890840486056,0.2371821662724426,0.028207825847385282,4.035379906760218,1.3336359077347955,true
5.65625,2.102176248690665,0.05826765278795689,1.3726616354877579,4.254971119757975,-0.0006678590538747941,-0.001794863257833991,0.1786907079395058,-0.3540919648672288,0.17540125692772301,0.027717777148442594,0.21809978964434606,1.2333966983014857,5.655194350773001,-1.222391374761354,0.24676293741661406,0.2395765766445391,0.027065909065503168,3.9261135442674355,1.2976649233946786,true
5.71875,2.102176248690665,0.05590237559148383,1.3505410981034447,4.14550019863147,-0.000662694896447126,-0.0017542716448682785,0.1755702047779956,-0.3478434334781905,0.17227322870019493,0.02659262068359039,0.21660378978268927,1.2287604662813543,5.6728484183685115,-1.2522381717825462,0.2493720523464855,0.24196213454923862,0.025958021850078436,3.8187203917711683,1.262305557072227,true
5.78125,2.102176248690665,0.053607606716349454,1.3282446183710364,4.037753839284626,-0.0006571316240807463,-0.001713662706202039,0.1724772595287018,-0.3416513118798751,0.16917405235117328,0.025501004851395698,0.21510277008551204,1.224143110988851,5.690968603064501,-1.282442289801683,0.2519761221298492,0.2443387125444452,0.02488376407721701,3.713212259322539,1.22756186754333,true
5.84375,2.102176248690665,0.05138251679916339,1.305797019025226,3.931747055546892,-0.0006511721407706766,-0.0016730732578127266,0.16941259266908915,-0.33551702709758946,0.1661044344285003,0.024442535125761628,0.2135970171490057,1.219545951397011,5.709564523301622,-1.3130054546002563,0.2545750119344558,0.2467061813265207,0.02384270694421241,3.6095988594321926,1.1934372260387471,true
5.90625,2.102176248690665,0.049226218577960376,1.2832225821295027,3.8274929324184153,-0.0006448198901719985,-0.0016325399072994531,0.16637688962790004,-0.3294419351692827,0.16306504554138268,0.02341678943838358,0.21208681655653525,1.2149702730268086,5.728645904319745,-1.343929488880852,0.257168583144752,0.24906440975197766,0.02283439497907398,3.5078878574590484,1.159934332330376,true
5.96875,2.102176248690665,0.047137770916353065,1.260545028911624,3.7250026641067677,-0.0006380788968273954,-0.001592098961165453,0.1633708007210226,-0.3234273213518938,0.16005652063087117,0.02242332009302869,0.21057245276514386,1.210417327126021,5.748222577223937,-1.3752163166231293,0.25975669347165037,0.2514132649728534,0.021858348029556805,3.4080849227839862,1.1270552310818092,true
6.03125,2.102176248690665,0.04511618279638049,1.2377875006135646,3.6242855949396517,-0.0006309538064808076,-0.001551786333557896,0.160394941551628,-0.3174744006151486,0.15707945906352058,0.0214616556649239,0.2090542090161332,1.2058883299363696,5.768304477635791,-1.4068679671545532,0.2623391968336848,0.25375261236380403,0.020914063233590623,3.310193783150759,1.0948013292566785,true
6.09375,2.102176248690665,0.043160417271089574,1.2149725406165346,3.5253492626363414,-0.0006234499308781004,-0.0015116374569444924,0.1574498934200147,-0.311584318203428,0.15413442478341333,0.02053130288098913,0.20753236726409044,1.2013844621036176,5.788901644314711,-1.4388865786722618,0.2649159430770671,0.25608231530460585,0.020001016967567113,3.2142162814495157,1.0631734143444758,true
6.15625,2.102176248690665,0.041269395356751865,1.1921220786877376,3.428199442070807,-0.0006155733003433692,-0.001471687195225252,0.1545362033771929,-0.3057581500706446,0.1512219466934517,0.019631748471355053,0.20600720808794484,1.1969068683180428,5.810024219186938,-1.4712744010033192,0.2674867778825049,0.2584022351336035,0.019118666762246387,3.1201524324335526,1.032171672571204,true
6.21875,2.102176248690665,0.03944199985250593,1.1692574172651802,3.3328401894234796,-0.0006073307193111796,-0.0014319697596003461,0.15165438425520641,-0.29999690334233925,0.14834251908713283,0.018762460986357483,0.20447901058204704,1.1924566571952147,5.831682448975576,-1.504033797549034,0.27005154286840544,0.2607122312785012,0.018266453179734264,3.0280004792798603,1.001795707067729,true
6.28125,2.102176248690665,0.03767707908691717,1.1463992189774732,3.239273888162862,-0.0005987298199270191,-0.0013925186274326706,0.14880491507296717,-0.29430151700949186,0.1454966019365247,0.017922892578766524,0.20294805226067394,1.1880349013592792,5.853886687384038,-1.5371672463257804,0.27261007556051847,0.2630121612657613,0.017443801651459506,2.9377569519593583,0.9720445566513779,true
6.34375,2.102176248690665,0.0359734505871729,1.1235674952511054,3.1475012970744434,-0.0005897791154315633,-0.0013533664644538451,0.14598824160486273,-0.2886728627568331,0.1426846211519704,0.01711248074921352,0.201414608986349,1.1836426377552642,5.876647397684477,-1.5706773398258171,0.27516220913795103,0.2653018805294649,0.016650124275760122,2.8494167277387277,0.9429167153286915,true
6.40625,2.102176248690665,0.034329904655597376,1.100781596657125,3.05752159889218,-0.0005804880562744237,-0.001314545050727603,0.14320477669327614,-0.283111745710932,0.13990696901765587,0.016330650047530346,0.19987895489217417,1.1792808682783587,5.899975157037059,-1.6045667834047617,0.27770777225523724,0.26758124229042723,0.015884821567390562,2.762973091827066,0.9144101518600448,true
6.46875,2.102176248690665,0.03274520783872858,1.0780602052608876,2.9693324487672177,-0.0005708670860848029,-0.0012760852106636633,0.14045490039320432,-0.2776189051394118,0.13716400474620746,0.015576813722980577,0.1983413622808242,1.1749505607565016,5.923880663343094,-1.6388383920811884,0.2802465891104227,0.2698500976563568,0.015147284151041314,2.678417797159802,0.88652232905353,true
6.53125,2.102176248690665,0.03121810628483232,1.0554213283861873,2.8829300235197675,-0.0005609276916164011,-0.0012380167472416659,0.13773896036727948,-0.27219501530884854,0.13445605494156906,0.01485037532142057,0.19680210152422437,1.1706526502423038,5.948374743844939,-1.673495085707491,0.2827784795068635,0.2721082957151878,0.014436894396484004,2.5957411246554534,0.8592502232345471,true
6.59375,2.102176248690665,0.02974732898908207,1.0328822933145583,2.798309072489224,-0.0005506824448761056,-0.0012003683806362797,0.13505727256255226,-0.26684068652563775,0.1317834139630855,0.01415073022902343,0.19526144098915862,1.1663880405932459,5.973468364693706,-1.7085398823072142,0.2853032586573816,0.27435568339809113,0.01375302799535699,2.514931945104807,0.8325903442778644,true
6.65625,2.102176248690665,0.028331590917149003,1.010459743291687,2.715462969131333,-0.0005401450395488939,-0.0011631676915236644,0.1324101217578877,-0.26155646615533595,0.12914634439744826,0.013477267158163005,0.19371964697191793,1.1621576063989816,5.999172642346652,-1.7439758892911512,0.28782073691578847,0.2765921052795097,0.013095055474980915,2.43597778150499,0.806538755808212,true
6.71875,2.102176248690665,0.026969595991861443,0.9881696353904674,2.63438376204214,-0.0005293303206466746,-0.0011264410692962135,0.12979776184131817,-0.25634283953857123,0.12654507769725307,0.012829369568160323,0.19217698360911878,1.1579621953059016,6.025498858183537,-1.779806292463156,0.29033071977725317,0.27881740361753665,0.012462343640938208,2.3588648700429626,0.7810910949743735,true
6.78125,2.102176248690665,0.025660039936502788,0.966027239888693,2.555062225838265,-0.0005182543016555175,-0.0010902136652508887,0.12722041618818344,-0.2512002309819111,0.12397981479372763,0.012206417017833341,0.19063371277626412,1.153802630676864,6.052458475857396,-1.8160343429362256,0.29283300801578455,0.2810314185148167,0.011854256944592455,2.2835782203656043,0.7562425920110384,true
6.84375,2.102176248690665,0.024401612976758198,0.9440471405056583,2.4774879130299086,-0.0005069341651914148,-0.001054509350774016,0.12467827838737869,-0.24612900495337933,0.12145072656600064,0.011607786450806243,0.1890900940094058,1.1496797144951973,6.080063159934806,-1.8526633419907068,0.29532739758447846,0.2832339878679843,0.0112701587764936,2.210101676769875,0.7319880901329109,true
6.90625,2.102176248690665,0.02319300239918371,0.9222432354958128,2.401649206731753,-0.0004953882484683901,-0.0010193506806348007,0.12217151300033317,-0.24112946733138557,0.1189579543310524,0.011032853412566816,0.18754638445190516,1.1455942305017774,6.108324795755028,-1.8896966237656647,0.2978136792664042,0.28542494709787813,0.010709412684827762,2.1384179801135095,0.7083220656951106,true
6.96875,2.102176248690665,0.022032894956541038,0.9006287403063337,2.327533372715175,-0.00048363601526043686,-0.0009847588615219671,0.11970025598066397,-0.23620186651294245,0.11650161053227848,0.010480993194678215,0.18600283878509327,1.1415469476191962,6.137255512202874,-1.9271375357607239,0.3002916385388704,0.28760412907015315,0.010171383513681125,2.0685088283316664,0.6852386479172621,true
7.03125,2.102176248690665,0.020919979111829162,0.8792161918687056,2.255126610319336,-0.0004716980103660958,-0.0009507537258033466,0.11726461502079169,-0.23134639450177766,0.11408177948098597,0.009951581902259202,0.18445970912798815,1.1375386235953138,6.166867707711866,-1.9649894175708087,0.3027610557913032,0.2897713643265186,0.009655438456198972,2.00035493495523,0.6627316379721451,true
7.09375,2.102176248690665,0.019852947127312906,0.8580174536496121,2.1844141037397957,-0.0004595957917129123,-0.0009173537103674689,0.11486467028845848,-0.22656318821089777,0.11169851792243929,0.009443997447729828,0.1829172449548331,1.1335700086751583,6.197174077026283,-2.0032555783098664,0.3052217063496166,0.291926481143407,0.00916094802571782,1.933936087831766,0.640794528171796,true
7.15625,2.102176248690665,0.01883049700706652,0.8370437211527488,2.115380074274333,-0.0004473518421290453,-0.0008845758404995158,0.11250047534487814,-0.2218523308861045,0.10935185554122637,0.008957620474874571,0.1813756930558544,1.129641849210902,6.228187637375589,-2.0419392728387633,0.30767336005083873,0.29406930519672103,0.008687286949587376,1.8692312088750311,0.6194205215247269,true
7.21875,2.102176248690665,0.01785133429016399,0.816305528648978,2.048007831845598,-0.00043498946572308997,-0.0008524357188313403,0.1101720577076453,-0.21721385337755023,0.10704179566990493,0.008491835211858496,0.17983529748761712,1.1257548912802604,6.2599217562268406,-2.0810436768983513,0.3101157809875983,0.29619965937815435,0.008233834984221913,1.8062184123112668,0.598602550821033,true
7.28125,2.102176248690665,0.01691417369030756,0.7958127575252155,1.9822798246897273,-0.00042253266815125843,-0.0008209475192817312,0.10787941917484192,-0.21264773530219322,0.1047683161273513,0.00804603025119445,0.17829629949387554,1.1219098842188275,6.29239018085939,-2.1205718618639073,0.31254872760252156,0.29831736391745756,0.00779997764970556,1.7448750606929215,0.5783332970032362,true
7.34375,2.102176248690665,0.016017740591745093,0.7755746453961875,1.9181776886760127,-0.0004100060169198272,-0.0007901239857377451,0.10562253651438863,-0.20815390639779385,0.10253136988340522,0.007619599261347235,0.17675893739891058,1.11810758393621,6.325607069094665,-2.1605267698681225,0.3149719531159936,0.300422236791814,0.007385106886294574,1.685177818907073,0.5586052068979899,true
7.40625,2.102176248690665,0.015160772418983653,0.7555997952974561,1.855682297617701,-0.00039743448461619185,-0.0007599764352912985,0.1034013624918917,-0.20373224806822787,0.10033088557633617,0.007211941638302926,0.1752234465917938,1.1143487556716622,6.359587015016803,-2.2009111898521394,0.3173852049252125,0.3025140932386116,0.006988621646051885,1.6271027106920102,0.5394105118081812,true
7.46875,2.102176248690665,0.014342019886991011,0.7358961856934938,1.7947738130206294,-0.00038484328342487564,-0.000730514765999557,0.10121582657320563,-0.19938259478855108,0.09816676821534545,0.00682246310028662,0.17369005950450023,1.110634176414905,6.394345074112483,-2.241727734424587,0.3197882241424125,0.3045927453937153,0.006609928421190551,1.5706251734954848,0.520741245575857,true
7.53125,2.102176248690665,0.013560248131433007,0.716471182045122,1.7354317314395185,-0.00037225769376883933,-0.0007017474690647479,0.09906583523051271,-0.19510473531728373,0.09603890008677102,0.006450576225413532,0.17215900553194255,1.106964637007871,6.429896789816689,-2.2829788182019026,0.32218074585092504,0.30665800255241343,0.0062484417097469856,1.5157201098671955,0.502589261513384,true
7.59375,2.102176248690665,0.012814237730105218,0.6973315491620051,1.6776349307303988,-0.0003597028842717319,-0.0006736816451302363,0.09695127255089658,-0.19089841405957234,0.09394714150867575,0.006095700937581486,0.1706305109370902,1.1033409436699542,6.466258218477381,-2.324666638760111,0.32456249953606425,0.3087096715766373,0.005903584424151092,1.462361937208568,0.48494624880858284,true
7.65625,2.102176248690665,0.012102785637175161,0.6784834633392025,1.6213617172439228,-0.0003472037259469206,-0.0006463230244161955,0.09487200132013912,-0.18676333268159095,0.09189133136145183,0.00575726495088761,0.16910479882827534,1.0997639186954964,6.503445947813098,-2.3667931606774824,0.3269332086799851,0.3107475565781613,0.005574788254951208,1.4105246388325774,0.46780374938330965,true
7.71875,2.102176248690665,0.011424706042681133,0.6599325248667581,1.5665898727470169,-0.00033478461059854354,-0.0006196759906136745,0.09282786385715569,-0.18269915161912226,0.08987128776196657,0.005434704178489782,0.16758208916810777,1.0962344004977504,6.541477110946369,-2.409360102303161,0.32929259004855554,0.31277145834073955,0.005261493997320177,1.3601818145379547,0.4511531746037365,true
7.78125,2.102176248690665,0.010778831157978994,0.6416837719620834,1.5132966986157115,-0.00032246927847381354,-0.0005937436084439279,0.0908186823188304,-0.17870549132356123,0.08788680900473082,0.005127463106241716,0.16606259870888448,1.0927532432571831,6.5803694013775536,-2.4523689253878262,0.3316403539183798,0.31478117455227106,0.004963151840786223,1.3113067271863552,0.43498582067161207,true
7.84375,2.102176248690665,0.010164011934589772,0.6237416955348785,1.4614590581968865,-0.00031028065213176587,-0.0005685276545744633,0.08884425920896047,-0.174781933602012,0.08593767439305153,0.0048349951346469645,0.16454654088635917,1.0893213159731856,6.6201410865604515,-2.4958208286520076,0.3339762048039933,0.3167765004596362,0.004679221625964355,1.263872346694587,0.41929288316588514,true
7.90625,2.102176248690665,0.009579118735037662,0.6061102535083733,1.4110534199920095,-0.00029824067740899686,-0.0005440286515583093,0.08690437847494276,-0.1709280232568019,0.08402364478185914,0.004556762897974892,0.16303412579439786,1.0859395005863455,6.660811013001183,-2.539716745780118,0.3362998411983492,0.318757228673748,0.00440917307904727,1.2178513953129384,0.4040654720208268,true
7.96875,2.102176248690665,0.009023041967295592,0.5887928850727926,1.3620559009384854,-0.00028637018057320134,-0.0005202459046756008,0.08499880646518954,-0.1671432696706309,0.08214446320544136,0.004292238566064844,0.16152556021891273,1.0826086893977722,6.702398604471836,-2.5840573469396717,0.33861095465154334,0.3207231484132605,0.004152486031507554,1.1732163930746125,0.3892946265658162,true
8.03125,2.102176248690665,0.008494692680872107,0.571792526154598,1.3144423068413993,-0.0002746887469066106,-0.000497177541602209,0.08312729225947059,-0.16342714807865022,0.08029985581917963,0.00404090412788319,0.1600210475911662,1.0793297822834498,6.74492386177225,-2.628843043143363,0.34090922992161,0.322674045665326,0.00390865062412293,1.1299396991458985,0.37497132920355347,true
8.09375,2.102176248690665,0.007993003124840558,0.5551116257697097,1.2681881703127418,-0.00026321461624615854,-0.0004748205546145079,0.08128956807721252,-0.15977910086621655,0.07848953278900403,0.003802251656976421,0.1585207878671276,1.0761036836214193,6.78840736347722,-2.6740739942189244,0.3431943460465495,0.3246097041222644,0.0036771674950852925,1.0879935497168067,0.3610865179402056,true
8.15625,2.102176248690665,0.007516927278340767,0.5387521617904745,1.223268789314599,-0.0002519645928955091,-0.0004531708449602642,0.0794853503513664,-0.1561985391977156,0.07671318884634919,0.0035757835638294674,0.15702497748997582,1.072931298474622,6.832870258128939,-2.7197501209808568,0.3454659763483387,0.3265299052028989,0.003457547958518467,1.0473500969972984,0.3476310992868304,true
8.21875,2.102176248690665,0.007065441359955193,0.522715656223681,1.1796592662081808,-0.00024095397634893345,-0.0004322232692271222,0.07771434079774225,-0.15268484465480894,0.07497050385706669,0.00336101283817467,0.15553380944531106,1.069813528214532,6.878334247903192,-2.7658711203671156,0.34772378731813175,0.3284344271290171,0.0032493141781722965,1.0079814491049883,0.33459596145868314,true
8.28125,2.102176248690665,0.006637544309914272,0.507003191444409,1.137334544029997,-0.00023019651727373456,-0.0004119716876394286,0.07597622679883373,-0.1492373705317966,0.07326114373296286,0.003157463278375659,0.1540474732361662,1.0667512663079932,6.924821575441127,-2.8124364820174907,0.34996743861975427,0.3303230449518248,0.003051999333212727,0.9698597060317871,0.32197198626935075,true
8.34375,2.102176248690665,0.006232258239297347,0.491615427356196,1.0962694397078536,-0.00021970439293962887,-0.00039240901401804,0.07427068172201798,-0.14585544308170037,0.07158476135968239,0.0029646697051111163,0.1525661547477768,1.06374539434122,6.97235501608997,-2.8594455066393882,0.3521965845234573,0.3321955317762155,0.0028651477722452688,0.9329569913878704,0.30975005962093005,true
8.40625,2.102176248690665,0.005848628849298808,0.4765526179068946,1.0564386775661827,-0.0002094881962813295,-0.00037352726700762284,0.07259736593880328,-0.14253836310497692,0.06994099716617364,0.0027821781608186333,0.15109003618977537,1.0607967776509923,7.020957863287474,-2.9068973270835023,0.3544108742921846,0.3340516590904612,0.0026883151575659288,0.8972454849104812,0.29792108225223096,true
8.46875,2.102176248690665,0.0054857258218367665,0.4618146267471165,1.0178169237316022,-0.00019955694219157317,-0.0003553176223525731,0.07095592798580652,-0.1392854076169932,0.06832947963118668,0.0026095460955062816,0.14961929616891462,1.0579062605694753,7.070653903993363,-2.954790931053554,0.3566099509007194,0.3358911956964428,0.0025210686016426,0.8626974565634061,0.2864759810195092,true
8.53125,2.102176248690665,0.005142643173266393,0.4474009435436894,0.980378818018597,-0.00018991809494853644,-0.00033777046614629283,0.06934600502305363,-0.13609583116394688,0.06674982614089325,0.002446342535013168,0.1481541096919553,1.0550746621642575,7.121467398764622,-3.0031251833704733,0.3587934507920601,0.33771390751581515,0.00236298679157981,0.8292852971481949,0.27540571901841493,true
8.59375,2.102176248690665,0.004818499563580318,0.43331070124753024,0.9440990023046121,-0.00018057761089910608,-0.00032087544881945207,0.0677672230759861,-0.13296886701269475,0.06520164393670866,0.002292148228095293,0.14669464801960616,1.0523027727478182,7.173423072716156,-3.0518988476821987,0.3609610056514152,0.33951955907515513,0.002213660096393813,0.7969815440745043,0.2647013040985827,true
8.65625,2.102176248690665,0.004512438561472528,0.4195426927369818,0.9089521488030006,-0.00017153998881898745,-0.0003046215394703726,0.06621919797043062,-0.12990372867399244,0.06368453070356182,0.0021465557725157862,0.14524107858268834,1.0495913503486443,7.226546102458839,-3.1011106089723097,0.36311224328986497,0.3413079142307967,0.002072690657169984,0.7657589074141689,0.2543537974793851,true
8.71875,2.102176248690665,0.0042236288646265,0.4060953863086765,0.8749129895737859,-0.0001628083295031977,-0.00028899708028101365,0.06470153655347442,-0.12689961157228544,0.062198075018811014,0.002009169719835421,0.14379356506866006,1.046941116848119,7.280862091069337,-3.1507590964557393,0.36524678624412926,0.3430787349893514,0.001939692460948873,0.7355902981539928,0.24435432310497956,true
8.78125,2.102176248690665,0.0039512644675442354,0.39296694150421974,0.841956343912884,-0.00015438440859664047,-0.00027398984094000045,0.0632138372352957,-0.12395569437537676,0.06074185714008107,0.0018796066552484694,0.14235226745989027,1.044352754734551,7.336397047759088,-3.2008429046894804,0.3673642511725733,0.34483178099861583,0.001814291394469929,0.706448853600404,0.2346940760579287,true
8.84375,2.102176248690665,0.0036945647715648706,0.38015522589435724,0.8100571419271326,-0.00014626875807147272,-0.0002595870728849155,0.06175569016956968,-0.12107114012496713,0.05931544995539745,0.001757495249918279,0.1409173418842652,1.0418269050053568,7.393177383809899,-3.2513606123151173,0.36946425090705004,0.34656681123396854,0.0016961252735733048,0.6783079575149966,0.22536432922628288,true
8.90625,2.102176248690665,0.003452774639592545,0.3676578313245655,0.7791904475637947,-0.00013846074861094884,-0.0002457755629997095,0.060326678077369515,-0.11824509767151356,0.057918419594144045,0.0016424762870111851,0.1394889405016654,1.039364165298413,7.4512299079797195,-3.3023108000170622,0.3715463959468396,0.3482835852017675,0.001584843848949946,0.6511412599425683,0.21635643987804057,true
8.96875,2.102176248690665,0.003225164396352994,0.3554720887993786,0.7493314831340572,-0.00013095867326051695,-0.00023254168650359286,0.058926377488342535,-0.11547670331632268,0.05655032582798014,0.0015342026618185697,0.1380672115997172,1.0369650875848824,7.51058180700599,-3.3536920681612874,0.373610293018059,0.3499818617130441,0.0014801087896230494,0.6249226997090264,0.20766185713506288,true
9.03125,2.102176248690665,0.003011029768380395,0.34359508338331235,0.7204556522226404,-0.00012375983673596026,-0.00021987145896438555,0.05755435936403909,-0.11276508214279987,0.05521072277876078,0.0014323393532087556,0.13665229967472953,1.0346301763479133,7.571260628695023,-3.405503052343768,0.3756555439972236,0.3516613979679342,0.0013815936414451097,0.5996265248651561,0.19927212877290115,true
9.09375,2.102176248690665,0.002809691761757913,0.332023670030441,0.6925385586444543,-0.00011686064773461248,-0.00020775058731392453,0.05621018923172838,-0.1101093490843935,0.05389915985266512,0.0013365633654684862,0.13524434528892873,1.0323598880828355,7.633294285815481,-3.457742435871336,0.3776817481413946,0.353321951355309,0.001288983758179858,0.5752273076531478,0.19117890620659786,true
9.15625,2.102176248690665,0.002620496484404512,0.32075448900909004,0.6655560243954999,-0.00011025670739330011,-0.00019616451956889526,0.05489342787734659,-0.1075086102509728,0.05261518237362621,0.0012465636437652083,0.1338434849252905,1.0301546312078491,7.6967110635446065,-3.5104089605438156,0.3796885042978255,0.354963281211027,0.0012019762076845009,0.5516999585136675,0.18337394916760363,true
9.21875,2.102176248690665,0.002442814917023077,0.3097839798460297,0.639484109255154,-0.00010394289357832634,-0.00018509849301934396,0.05360363256493851,-0.1049619645113741,0.05135833194643559,0.0011620409651876612,0.13244985108623641,1.028014765345264,7.761539608496326,-3.563501436837648,0.3816754095409249,0.35658514763890803,0.0011202796560012779,0.5290197430655895,0.17584913138152736,true
9.28125,2.102176248690665,0.0022760426285273775,0.29910839498521125,0.6142991293489543,-9.791344555603477e-5,-0.00017453758084606634,0.05234035773045134,-0.10246850480855937,0.05012814707810803,0.001082707803375195,0.13106357242266792,1.0259406007771088,7.827808916031566,-3.617018752503506,0.3836420575268497,0.35818731011303445,0.0010436142276729445,0.5071622979169743,0.16859644586695627,true
9.34375,2.102176248690665,0.0021195994356964574,0.28872381431128613,0.5899776717897729,-9.216204822817211e-5,-0.00016446673712087675,0.05110315508435172,-0.10002731916029672,0.048924164075945006,0.0010082881666162123,0.1296847736091376,1.023932399222572,7.895548341770985,-3.670959878545713,0.38558804076617853,0.35976952927606415,0.0009717113409650733,0.48610364102421144,0.16160800842823383,true
9.40625,2.102176248690665,0.001972929017317818,0.27862615942799496,0.5664966078705285,-8.668191038702237e-5,-0.0001548708399817609,0.04989157416261672,-0.09763749185973568,0.04774591769711896,0.0009385174142970419,0.1283135751667133,1.0219903751609132,7.964787621520772,-3.725323873316021,0.3875129536350145,0.36133156931210353,0.0009043135220823623,0.46582018043300694,0.15487606061854517,true
9.46875,2.102176248690665,0.0018354984905203757,0.26881120642279127,0.543833107957449,-8.146583625548524e-5,-0.00014573473279531034,0.04870516348417692,-0.09529810496598298,0.046592941481806066,0.0008731420553645829,0.12695009355643558,1.020114696346487,8.035556869385022,-3.7801098857810627,0.389416391245053,0.362873196938604,0.0008411742027256844,0.4462887261098881,0.1483929737411809,true
9.53125,2.102176248690665,0.0017067979460578485,0.2592745980766714,0.5219646559399713,-7.650629459908519e-5,-0.00013704326330393757,0.047543471297050555,-0.0930082395803843,0.04546476828333375,0.0008119195272617713,0.12559444135908707,1.0183054841253099,8.107886568115484,-3.835317157846798,0.39129794715863275,0.3643941794745543,0.0007820574999286345,0.4274865015152279,0.14215125277309204,true
9.59375,2.102176248690665,0.0015863399414684553,0.2500118568397731,0.500869059949199,-7.179548591723651e-5,-0.00012878132078517936,0.046406045663827555,-0.09076697677262809,0.04436093110880053,0.000754617954824912,0.12424672718015871,1.0165628149676598,8.181807585914402,-3.890945025307207,0.39315721553040517,0.36589428649616795,0.0007267379767849944,0.4093911499752284,0.13614353856379302,true
9.65625,2.102176248690665,0.0014736589633764616,0.24101839772850234,0.48052446123380776,-6.732540349720324e-5,-0.00012093387110803221,0.0452924348682434,-0.08857339864039425,0.04328096377215085,0.000701015894501865,0.1229070554423618,1.0148867226607083,8.25735120744673,-3.946992917479739,0.39499379497001513,0.367373292855636,0.0006750003886426033,0.39198073882149864,0.13036260929731885,true
9.71875,2.102176248690665,0.0013683108696011552,0.23228953975168254,0.4609093446785395,-6.308788734315364e-5,-0.00011348598955746372,0.044202188474712224,-0.08642658967595393,0.042224401201241706,0.0006509020689646761,0.1215755264643584,1.0132771995872853,8.334549140400737,-4.003460355611986,0.39680728782801755,0.36883097798824255,0.0006266394203352149,0.37523376655548746,0.12480138296738164,true
9.78125,2.102176248690665,0.001269872308686481,0.2238205165574525,0.44200254945136064,-5.907467467530898e-5,-0.00010642289145883568,0.043134858102433365,-0.08432563797604144,0.04119077987360807,0.0006040750909812713,0.12025223669065079,1.0117341974759149,8.413433507092295,-4.060346950386879,0.3985972972335242,0.37026712342313417,0.0005814594138640975,0.35912917062255245,0.11945292006088998,true
9.84375,2.102176248690665,0.0011779401132181633,0.21560648771825974,0.42378327624620726,-5.5277448237948636e-5,-9.972996068876618e-5,0.04208999750393344,-0.08226963608225876,0.04017963857832532,0.0005603431748179251,0.11893727863810483,1.0102576292248013,8.494036863738511,-4.117652399508461,0.40036342889664317,0.37168151413180633,0.0005392740842105376,0.3436463304344441,0.11431042466371427,true
9.90625,2.102176248690665,0.0010921306765086323,0.20764255009349653,0.4062310923629461,-5.1687879344277097e-5,-9.339277603884807e-5,0.04106716283123266,-0.08025768188596015,0.039190519054727486,0.0005195238397298338,0.11763074066212313,1.0088473714785338,8.576392240666905,-4.17537648540554,0.40210529581943716,0.3730739421825736,0.0004999062271298503,0.3287650676347231,0.10936724465194099,true
9.96875,2.102176248690665,0.0010120793251748726,0.1999237478266495,0.3893259382751409,-4.8297664571366595e-5,-8.739713535916172e-5,0.040065913567010766,-0.07828887984002911,0.03822296627301834,0.0004814436114979625,0.11633270701068286,1.0075032662534837,8.660533156517749,-4.233519071307179,0.4038225181940523,0.3744442065169758,0.00046318742521073207,0.31446564915629116,0.1046168728156985,true
10.03125,2.102176248690665,0.0009374396866831055,0.19244508139255836,0.3730481348365099,-4.5098559077360546e-5,-8.172907753825794e-5,0.039085813297453434,-0.07636234207116137,0.037276528773707934,0.0004459377215716272,0.115043258100412,1.0062251218030938,8.746493609602407,-4.292080095349264,0.40551471976435194,0.37579210991318907,0.00042895775228322307,0.300728791657585,0.10005294844433674,true
10.09375,2.102176248690665,0.0008678830454410535,0.18520151713533953,0.3573783875159585,-4.2082408037212005e-5,-7.637490244536294e-5,0.03812642978832497,-0.07447718911933102,0.036350759331006045,0.0004128498007631911,0.11376247051570039,1.00501271444537,8.83430809729706,-4.351059565696727,0.4071815290521382,0.37711745984509404,0.000397065472756278,0.28753566181442164,0.09566925753338497,true
10.15625,2.102176248690665,0.0008030976933399386,0.1781879970170911,0.3422977882413819,-3.924117401210765e-5,-7.13211888638569e-5,0.03718733511887751,-0.07263255067485709,0.035445215555979584,0.00038203157030251194,0.11249041675512114,1.0038657912050404,8.924011663947713,-4.410457558131262,0.4088225848466511,0.378420072712181,0.0003673667381055333,0.27486787345373653,0.0914597319410971,true
10.21875,2.102176248690665,0.0007427882877285633,0.1713994471534489,0.32778781850039085,-3.65669591971207e-5,-6.655481038806126e-5,0.03626810646065281,-0.07082756660688724,0.034559460146234434,0.00035334253642681343,0.11122716525141207,1.0027840714782683,9.015639922240467,-4.470274212220106,0.41043753690686186,0.3796997742351206,0.00033972528688015513,0.2627074871122019,0.08741844935284938,true
10.28125,2.102176248690665,0.000686675218157761,0.16483078528680473,0.31383035349885235,-3.4052024837761004e-5,-6.206294935395774e-5,0.035368326817004,-0.06906138794519413,0.033693061128190135,0.0003266496891425992,0.1099727806866291,1.0017672478061257,9.109229043327485,-4.5305097232523766,0.4120260416923146,0.3809563959182714,0.0003140121493079807,0.2510370115996128,0.08353963391283502,true
10.34375,2.102176248690665,0.0006344939737571397,0.15847692859407309,0.30040766385090945,-3.1688809270930094e-5,-5.783310894869574e-5,0.034487585094884976,-0.06733317750020804,0.03284559240532306,0.00030182720128834706,0.108727324053275,1.0008149875926886,9.204815774756877,-4.591164334760204,0.4135877627612051,0.3821897752309387,0.00029010535241441154,0.23983940213225136,0.07981765571317985,true
10.40625,2.102176248690665,0.0005859945125705711,0.15233280180771364,0.28750241475288474,-2.946994303575103e-5,-5.385312356969785e-5,0.03362547611700284,-0.06564211042033953,0.03201663430333669,0.0002787561285289738,0.10749085239013438,0.9999269356819966,9.302437495358172,-4.652238336551703,0.4151223768936588,0.3833997602971804,0.0002678896258364777,0.22909805505440922,0.0762470291464669,true
10.46875,2.102176248690665,0.000540940644735366,0.14639334430571427,0.27509766613164355,-2.738826010971887e-5,-5.011116743801119e-5,0.032781601231563026,-0.06398737501275881,0.03120577378119578,0.00025732411593570685,0.10626341876027233,0.9991027158635567,9.40213224381109,-4.713732063020251,0.4166295757682248,0.3845862110430135,0.0002472561140987047,0.2187968045231937,0.07282241191087144,true
10.53125,2.102176248690665,0.000499109433529698,0.1406535160850853,0.2631768741628764,-2.5436807010259825e-5,-4.659576154037717e-5,0.03195556898653103,-0.06236817356298622,0.030412604576455192,0.0002374251130658369,0.10504507259531157,0.9983419314010987,9.503938706837138,-4.775645884234379,0.41810906115393,0.385748995242352,0.00022810209760282455,0.2089199216557507,0.06953860483324074,true
10.59375,2.102176248690665,0.0004602906061665445,0.1351083039160909,0.2517238908567281,-2.360885103890067e-5,-4.329577904731239e-5,0.031146995189942565,-0.060783722815836674,0.02963672762589411,0.00021895909367886508,0.10383585982560149,0.9976441666386086,9.607896234636197,-4.8379801949454455,0.41956054423082706,0.38688798783951267,0.00021033071833655962,0.199452111014222,0.06639055080357464,true
10.65625,2.102176248690665,0.0004242859712763732,0.12975272787846415,0.24072296110765498,-2.1897886528000198e-5,-4.020044930118545e-5,0.030355502812087622,-0.059233254343421304,0.028877751531333682,0.0002018317786344692,0.10263582261665194,0.997008989549179,9.714044902948158,-4.9007354121329385,0.4209837521284806,0.38800307593039396,0.0001938507085280471,0.1903785035804515,0.06337333253902225,true
10.71875,2.102176248690665,0.0003909088524072336,0.12458184706209266,0.23015872041299484,-2.029763827728068e-5,-3.7299360399818465e-5,0.029580722417698085,-0.057716015140062187,0.028135292722364102,0.0001859543664099098,0.10144499929947219,0.9964359529811917,9.822425549431454,-4.963911976895527,0.4223784307067368,0.38909416076287173,0.0001785761267675265,0.1816846511840814,0.06048217082996035,true
10.78125,2.102176248690665,0.0003599835439844817,0.11959076415092111,0.22001619416128915,-1.8802063515907856e-5,-3.458246044631412e-5,0.028822292746409676,-0.05623126825259033,0.027408975506180655,0.00017124327430142764,0.10026342473174865,0.9959245947811374,9.933079759101581,-5.027510346544606,0.4237443393462604,0.39016115348609237,0.00016442610489816363,0.17335652367388246,0.057712423696584664,true
10.84375,2.102176248690665,0.0003313447833634454,0.11477463004632237,0.21028079552172357,-1.7405353464257623e-5,-3.204005760310772e-5,0.02807986075105854,-0.054778293104405934,0.026698432353347394,0.00015761988728101302,0.09909113050086568,0.9954744393078339,10.046049876271592,-5.091530979029031,0.4250812489670323,0.3912039734572659,0.00015132460254035834,0.16538050419551462,0.055059584911719944,true
10.90625,2.102176248690665,0.0003048372326004762,0.11012864890793259,0.2009383208761773,-1.6101933615235364e-5,-2.966281905259936e-5,0.02735308140253811,-0.053356385668794803,0.026003304266256695,0.00014501031147618723,0.09792814467330543,0.9950850001248945,10.16137907487742,-5.155974327498333,0.42638894869909044,0.3922225533006939,0.00013920016600324432,0.1577433810099524,0.05251928136935472,true
10.96875,2.102176248690665,0.0002803149756187924,0.10564808255371794,0.19197494561817746,-1.4886462030709832e-5,-2.7441768901154562e-5,0.026641617944556314,-0.051964858828317376,0.02532324088376106,0.00013334513497304797,0.09677449167440107,0.9947557809944769,10.279111404080991,-5.220840846216205,0.4276672498440398,0.393216841821844,0.00012798569437910104,0.1504323402518711,0.05008727076410429,true
11.03125,2.102176248690665,0.0002576410386911798,0.10132825378893026,0.18337722161396422,-1.3753826700663621e-5,-2.5368285088593146e-5,0.025945142358228264,-0.050603042796892934,0.02465790043866467,0.0001225591997110855,0.09563019265261466,0.9944862753856266,10.399291769683954,-5.286130986378934,0.42891598044288776,0.39418679961127984,0.00011761821675108405,0.14343496154270627,0.04775944021803883,true
11.09375,2.102176248690665,0.00023668693089409293,0.09716454965354251,0.1751320737663003,-1.26991428721576e-5,-2.3434095424678487e-5,0.02526333536716,-0.049270285274448045,0.024006949907288043,0.00011259138287834465,0.09449526575546838,0.9942759678486804,10.521965940829606,-5.351845175609273,0.4301349818147565,0.39513239621805907,0.0001080386788003063,0.13673921243424766,0.04553180451417547,true
11.15625,2.102176248690665,0.0002173321964542058,0.09315242509340126,0.16722679428307496,-1.1717749637765625e-5,-2.1631272852718755e-5,0.024595886158605952,-0.04796595142657694,0.023370065267970988,0.00010338438396379495,0.09336972590446281,0.9941243371168996,10.647180630412274,-5.417983805593682,0.4313241150311489,0.3960536150423104,9.919173482267702e-5,0.13033343957487534,0.04340050323576176,true
11.21875,2.102176248690665,0.00019946398048694143,0.0892874061728158,0.15964903703741895,-1.0805205144139447e-5,-1.9952229981027442e-5,0.02394249246964142,-0.046689424009280486,0.022746931539639068,9.488451818023206e-5,0.09225358462430235,0.9940308569954726,10.774983552602412,-5.484547240793504,0.43248326607091836,0.39695045717474836,9.102554600040308e-5,0.12420636033717233,0.04136179805723616,true
11.28125,2.102176248690665,0.00018297661615617773,0.08556509229784579,0.1523868135886407,-9.957281250622377e-6,-1.8389712933429038e-5,0.02330286092244329,-0.04544010357499634,0.022137242652553048,8.704152007717918e-5,0.09114685039596977,0.9939949949928705,10.905423398336339,-5.5515358216865325,0.4336123403753363,0.39782293702834043,8.349158886989114e-5,0.1183470572636106,0.039412070970625136,true
11.34375,2.102176248690665,0.00016777123348484294,0.08198115826308269,0.14542848875038922,-9.169958432977032e-6,-1.6936794619964177e-5,0.022676706985444148,-0.04421740845276325,0.021540701467319102,7.980835745306267e-5,0.09004952900126498,0.9940162133468335,11.038549833313064,-5.618949840882106,0.4347112578083175,0.39867107832245335,7.654447393703673e-5,0.11274497198352232,0.03754782233171672,true
11.40625,2.102176248690665,0.00015375538184064926,0.07853135670862788,0.138762774085448,-8.439420358307744e-6,-1.5586867518982373e-5,0.022063754622434966,-0.043020774541557255,0.02095701991912229,7.314105177261679e-5,0.08896162333256466,0.9940939728513773,11.174413591073561,-5.686789518862503,0.4357799586483747,0.39949491860114994,7.014177052566555e-5,0.10738989612949691,0.035765667903782765,true
11.46875,2.102176248690665,0.0001408426635576701,0.0752115202769471,0.1323787212411977,-7.762047518366676e-6,-1.4333636016021153e-5,0.021463736230690138,-0.04184965521848555,0.02038591898779541,6.699850388158156e-5,0.087883133167574,0.9942277340392308,11.31306654877057,-5.755055011481801,0.43681840999401256,0.4002945140438471,6.424383682715399e-5,0.10227196228143823,0.034062335908746744,true
11.53125,2.102176248690665,0.00012895238530947798,0.07201756287875918,0.12626571690255872,-7.134410522212629e-6,-1.3171108318757148e-5,0.020876392879110202,-0.04070352134601182,0.01982712846690162,6.134232816577375e-5,0.08681405550076575,0.9944169546149733,11.454561693713318,-5.82374642526137,0.4378266003729303,0.401069935183596,5.881365841120899e-5,0.09738163762669427,0.03243466498044167,true
11.59375,2.102176248690665,0.00011800923100302228,0.06894548062141245,0.12041347791647031,-6.553263722654254e-6,-1.2093588051604503e-5,0.020301474300139927,-0.039581861124680484,0.019280386824540557,5.613669694751999e-5,0.08575438504472388,0.9946610890061167,11.598953085458739,-5.892863796181753,0.4388045308691843,0.4018212599890059,5.381669679351467e-5,0.09270971802262687,0.030879602247948685,true
11.65625,2.102176248690665,0.00010794294994362293,0.0659913531254262,0.1148120450406094,-6.01553876867104e-6,-1.1095665595728193e-5,0.019738738159026055,-0.038484179551465665,0.01874544139243961,5.134819214652192e-5,0.08470411431191863,0.9949595915132905,11.746295910130197,-5.962407051762842,0.4397522169100465,0.40254857517415527,4.922074493673007e-5,0.08824731986615458,0.029394200685229813,true
11.71875,2.102176248690665,9.868805335253695e-5,0.06315134588653351,0.10945177520560406,-5.518338182803519e-6,-1.0172209273792113e-5,0.0191879470086346,-0.03740999671321381,0.018222049704579208,4.6945660914019244e-5,0.08366323290512666,0.9953119207626326,11.896646665463038,-6.032376011690571,0.4406697171311241,0.4032519982550071,4.4995786575428555e-5,0.08398586878436631,0.027975615399815305,true
11.78125,2.102176248690665,9.018351834413579e-5,0.06042171779484207,0.10432332513183329,-5.058931711579131e-6,-9.318356643680105e-6,0.01864885711566111,-0.03635884214186232,0.017709985026201212,4.2900074815471044e-5,0.08263172234862448,0.9957175706291459,12.050064337618409,-6.102770401460095,0.4415572958793359,0.40393180178526417,4.1113858926007065e-5,0.07991707179600202,0.02662109441051401,true
11.84375,2.102176248690665,8.237249335060995e-5,0.057798845574004484,0.09941760005986841,-4.634759878604754e-6,-8.529506490190459e-6,0.018121188477023056,-0.035330240319185295,0.01720905184216224,3.918438970182231e-5,0.08160953338218631,0.9961762193545173,12.206615796825059,-6.173589772729385,0.4424160630186012,0.404588901941388,3.754891500930162e-5,0.0760328285956021,0.025327949132653328,true
11.90625,2.102176248690665,7.52019842280166e-5,0.055279281669793845,0.09472562531915144,-4.243445619030285e-6,-7.801312296650876e-6,0.01760456834324176,-0.034323684344888916,0.016719116001647157,3.577339639093343e-5,0.08059652221951427,0.9966881524393248,12.366391563704516,-6.244833321589796,0.4432496885282748,0.4052261657196226,3.427667386342592e-5,0.07232501396436589,0.024093481910209196,true
11.96875,2.102176248690665,6.862250870146762e-5,0.052859849017386745,0.09023832171249695,-3.88280347687268e-6,-7.129677448799131e-6,0.017098462441935303,-0.033338605852730685,0.016240143410795382,3.2643556288017704e-5,0.07959232823408897,0.99725507023445,12.529537611984706,-6.316499855198694,0.4440676202730961,0.40585085884205707,3.127445097035995e-5,0.06878510659052908,0.022914862359084045,true
12.03125,2.102176248690665,6.258776492451854e-5,0.050537731792116736,0.08594626809418078,-3.5508213734438913e-6,-6.510750696206197e-6,0.016602147954369186,-0.032374368206851085,0.0157722202524819,2.977284372016912e-5,0.07859622305907309,0.9978810838612897,12.696298181037022,-6.388588364625571,0.4448890166308119,0.4064776261191607,2.8520991729218717e-5,0.06540381084587427,0.02178900136144996,true
12.09375,2.102176248690665,5.705443545561379e-5,0.04831046254620259,0.08183968901324386,-3.2455920322882875e-6,-5.940918155742259e-6,0.016114805505515355,-0.03143031908206948,0.015315513576554127,2.7140652688446077e-5,0.07760704912400893,0.9985731322846411,12.867041635470677,-6.46109951834562,0.4457443940080597,0.40712971324680186,2.5996373980882988e-5,0.06217106424998804,0.020712553595266567,true
12.15625,2.102176248690665,5.1982242281041697e-5,0.046175706179488386,0.07790893476548326,-2.9652116147135533e-6,-5.416787903396068e-6,0.01563575350757198,-0.03050590895774819,0.014870155450176212,2.4727823042153913e-5,0.07662341243226355,0.999339743770057,13.04222445918199,-6.534037578560412,0.44667084420566927,0.40783528030147603,2.3682049741276972e-5,0.05907685269265298,0.019682189260850417,true
12.21875,2.102176248690665,4.7334199305090014e-5,0.04413087874490404,0.07414540025041555,-2.707721609079879e-6,-4.935167343950023e-6,0.015164708339708406,-0.02960081283184201,0.014436104492133603,2.2516760587782303e-5,0.07564416157118208,1.000187934757223,13.222275374366255,-6.607410999888575,0.4477000194734915,0.4086182250919934,2.1561008487870914e-5,0.05611271890592289,0.018695096841642826,true
12.28125,2.102176248690665,4.3076762901927076e-5,0.042172853069455445,0.07054227013498902,-2.4711692183572142e-6,-4.493040802551387e-6,0.014701854355009647,-0.02871494935378227,0.014013094998772624,2.0491508706159785e-5,0.07466887354388241,1.0011200916191965,13.40746209370421,-6.681229871341437,0.4488458524733338,0.4094888571852189,1.9617899700054335e-5,0.05327295672733756,0.017749381144081675,true
12.34375,2.102176248690665,3.917954131713115e-5,0.04029803688118108,0.06709432014119159,-2.253757420424342e-6,-4.087556697100043e-6,0.014247619722608126,-0.027848352981425344,0.013600733258817218,1.8637610115485807e-5,0.07369789144693556,1.0021338163451254,13.597862797291675,-6.755501058172762,0.4501033303062494,0.4104430338051538,1.7838910590481833e-5,0.05055427162728764,0.016843950189541632,true
12.40625,2.102176248690665,3.561457629376423e-5,0.03850281142414684,0.06379678800343372,-2.0539494653987815e-6,-3.7160234869060673e-6,0.01380233674811516,-0.027000985153435665,0.013198648405320505,1.6941765142645236e-5,0.07273179278193108,1.0032254499275357,13.79349266056823,-6.830225559844568,0.45146153658049715,0.411472130976496,1.6211385442337343e-5,0.047953954138153815,0.015977906511472892,true
12.46875,2.102176248690665,3.235570635767764e-5,0.03678391234614086,0.06064434393349015,-1.8704421024424203e-6,-3.3759133099262907e-6,0.013366097473502671,-0.026172631261610423,0.012806533788107751,1.539152883961576e-5,0.07177078964137328,1.004393989218819,13.99446758545655,-6.905399999883547,0.45291844499277384,0.41257426681588266,1.4723469150863367e-5,0.045468248266661355,0.015150003438481559,true
12.53125,2.102176248690665,2.937848225837545e-5,0.03513843230269856,0.05763103188417214,-1.702068652849053e-6,-3.0648579543838574e-6,0.012938874985296132,-0.025362855890059665,0.012423980904763533,1.3975270758897481e-5,0.07081462184891851,1.005641952860243,14.201049537562435,-6.981016550430212,0.45448340634744044,0.41375612842328024,1.3364048074686423e-5,0.04309229017574401,0.014358624679703986,true
12.59375,2.102176248690665,2.6660684253851725e-5,0.0335635389921784,0.05475079106475224,-1.5477550503948252e-6,-2.7806393982090453e-6,0.012520719725573792,-0.024570817552839488,0.012050097827265696,1.2682421024620207e-5,0.06986285234027134,1.0069745798009841,14.41359100107239,-7.057046823649642,0.45616873916914447,0.41502655941387834,1.2123009145261533e-5,0.04082103095507484,0.013602091802198592,true
12.65625,2.102176248690665,2.418298623029081e-5,0.032056177786364035,0.05199749885223773,-1.4065428500774245e-6,-2.5211790998214112e-6,0.012111867388043773,-0.023794615801083777,0.011682748413040005,1.1503786252628969e-5,0.06891498377202294,1.0084016961440372,14.632546377431098,-7.133402301627392,0.4579833817957263,0.41639175708693243,1.099155846598818e-5,0.03864957065828251,0.012878775429070932,true
12.71875,2.102176248690665,2.1928952133192382e-5,0.030612845925697872,0.049364341226149244,-1.2775900870300567e-6,-2.28452706661688e-6,0.011712830210927406,-0.02302958136440868,0.011316751153481274,1.0431547852779124e-5,0.06797019080722516,1.0099420075195444,14.858601918360197,-7.209895789028194,0.4599332182779745,0.4178555315861614,9.962210091660822e-6,0.03657259421850152,0.012186907206949081,true
12.78125,2.102176248690665,1.9883671159964596e-5,0.029229274468161676,0.0468431496045863,-1.160105226659068e-6,-2.068848173895194e-6,0.011324597852832538,-0.02226384420593064,0.0109392463530981,9.458612793455871e-6,0.06702701409179261,1.011623910175721,15.092778991919815,-7.286257584970956,0.462019233558387,0.41941794275271854,9.028168879432832e-6,0.03458386743899538,0.011524412082451441,true
12.84375,2.102176248690665,1.8031250899339384e-5,0.027899216890939584,0.04442326532210954,-1.0532267722740989e-6,-1.87240394555093e-6,0.010948690296294382,-0.021465335686013505,0.010516645389719123,8.577421094244644e-6,0.06608307311215748,1.013480659475713,15.336463813594351,-7.362238431293242,0.46422203001845264,0.4210637857638771,8.18223326197705e-6,0.03267591543816299,0.010888801624868149,true
12.90625,2.102176248690665,1.6353061251939865e-5,0.02661320499715443,0.042091458482265975,-9.558185360828442e-7,-1.6935445608887178e-6,0.010586556145448463,-0.020544283148192947,0.009957727002744485,7.77911046332358e-6,0.06513536964732412,1.0155386411683036,15.591201012091343,-7.437761717709066,0.46647364837321886,0.42274181898410607,7.4160035984655085e-6,0.030840943792772035,0.010277481455494796,true
12.96875,2.102176248690665,1.4828723465643551e-5,0.025364566312185588,0.03984406779607181,-8.667418543165879e-7,-1.5307274506484053e-6,0.010238062229305959,-0.019386883237669624,0.009148821008363665,7.053986779119773e-6,0.06418545321054811,1.017769481472674,15.856700086452236,-7.5130811485502935,0.46864862380285743,0.42435861563490057,6.720393447985656e-6,0.029080395549653144,0.00969093679834517,true
13.03125,2.102176248690665,1.3440179845497239e-5,0.02415481530605479,0.037686292258502264,-7.851836236928763e-7,-1.3825628021234488e-6,0.009901550929197157,-0.018266160524389632,0.008364609595192475,6.393460041168489e-6,0.06323718729833334,1.0201199532375411,16.131646532995422,-7.588573547690133,0.4707016708798725,0.42588106075557924,6.087222859700089e-6,0.027399213893604554,0.0091308192259615,true
13.09375,2.102176248690665,1.2175251759385377e-5,0.0229881649422993,0.03562295173760195,-7.105774368878072e-7,-1.247797011310665e-6,0.009575362759029163,-0.0171996808129499,0.007624318053920737,5.79173690453819e-6,0.062293382073336144,1.0225607492422384,16.415238909944048,-7.664365537187989,0.4726601958420903,0.4273300491427708,5.510814057544382e-6,0.025799418083107102,0.008597804474110762,true
13.15625,2.102176248690665,1.1024705608196866e-5,0.021867741804798092,0.03365701931778155,-6.42463972731893e-7,-1.125289408510354e-6,0.009258392587796392,-0.016187953353387723,0.006929560765591331,5.244424969154502e-6,0.06135653957415533,1.0250745246711337,16.706850350193424,-7.7404214550736326,0.4745501073478863,0.428725159948852,4.986839443144301e-6,0.0242817682147993,0.008092147919669272,true
13.21875,2.102176248690665,9.979506536059591e-6,0.020794777456469488,0.03178853689528423,-5.804112528152715e-7,-1.0139968813150302e-6,0.00894996888352228,-0.015230217891216289,0.0062802490076940085,4.747226376606291e-6,0.060428307544559884,1.0276500426579778,17.006103338244046,-7.816700095294097,0.476389324197584,0.4300799102476461,4.511109961252169e-6,0.02284512087318604,0.007613470355542616,true
13.28125,2.102176248690665,9.030535385218557e-6,0.019768958263118357,0.030015288602319157,-5.239814483060573e-7,-9.1296222475866e-7,0.00864968589176306,-0.014324781807575444,0.005675095915812384,4.295803166286938e-6,0.059509583156292685,1.0302788718346965,17.312822862980386,-7.893201451800694,0.4781870187149836,0.4314012737851359,4.079432372371006e-6,0.021486934826204698,0.007160926627460083,true
13.34375,2.102176248690665,8.16909777305942e-6,0.01878907625370343,0.02833382042084793,-4.7273547019535255e-7,-8.213057511993402e-7,0.008357271325595548,-0.013469467765604145,0.005112196440008597,3.886019442065108e-6,0.05860079275496399,1.03295472027379,17.626975194568335,-7.9699481486391175,0.4799463290808873,0.43269174127565785,3.6878187404720132e-6,0.020203942299671887,0.0067334293006285325,true
13.40625,2.102176248690665,7.387237129908544e-6,0.017853551113373202,0.026740213365644312,-4.2624667468580377e-7,-7.382187420487988e-7,0.008072512160837169,-0.012661938145693571,0.0045894259848564024,3.5140902835857203e-6,0.057702135432501786,1.035673026688527,17.948608295442135,-8.046963423990238,0.4816674786201,0.4339516490828179,3.332617574401487e-6,0.01899263541801162,0.0063298107499651975,true
13.46875,2.102176248690665,6.677764769336877e-6,0.016960717113421238,0.025230495916921072,-3.841108598667291e-7,-6.629577671842348e-7,0.007795223512374869,-0.01189986372013521,0.004104640207760342,3.1765960506385253e-6,0.05681372609976455,1.0384303265643207,18.277807104938752,-8.124263362434032,0.4833498368218629,0.43518070546623255,3.0105256626919746e-6,0.017849519078289213,0.0059489074482417725,true
13.53125,2.102176248690665,6.0341772144462605e-6,0.016108932023692842,0.02380079825910546,-3.459507940830816e-7,-5.948395589415478e-7,0.007525238882968445,-0.011180986020300642,0.003655747137332197,2.8704430554786415e-6,0.05593565435099402,1.0412237345190556,18.614669777266176,-8.20185748792964,0.48499279998409806,0.4363786381418853,2.7185520416619517e-6,0.01677120444068616,0.005589591147071862,true
13.59375,2.102176248690665,5.450562916035235e-6,0.015296599048001111,0.022447383817865305,-3.1141705322003684e-7,-5.332362768038573e-7,0.0072624070129435475,-0.010503130321722875,0.0032407233087793277,2.59281918889061e-6,0.05506799840060069,1.0440506496622495,18.959299048190225,-8.27975164488232,0.4865959737983028,0.4375453266212234,2.45397723203942e-6,0.01575442839121377,0.0052507753833613505,true
13.65625,2.102176248690665,4.921527652367584e-6,0.014522162992006595,0.021166645279251994,-2.801871186694144e-7,-4.775711631076841e-7,0.0070065894460827356,-0.0098642045878027,0.0028576151417199647,2.3411584330443007e-6,0.054210824573602864,1.046908597596517,19.311799918761857,-8.357950759231006,0.48815910108873223,0.438680748148695,2.2143202153987787e-6,0.014796051953181252,0.004931414964829523,true
13.71875,2.102176248690665,4.442143305951676e-6,0.0137841058729214,0.019955098844352495,-2.519639661829987e-7,-4.273145746700927e-7,0.006757657758509068,-0.00926219728144843,0.002504539522939362,2.1131164947365634e-6,0.05336418525670576,1.0497951863022714,19.67227984934622,-8.436459987762216,0.48968198649547323,0.4397849220987462,1.9973152916572044e-6,0.01389305691682891,0.004630504856960172,true
13.78125,2.102176248690665,4.0079116302018135e-6,0.013080946292653437,0.01880938282006151,-2.264746027419728e-7,-3.8198035426910025e-7,0.006515490961969515,-0.008695176243849795,0.00217968528188028,1.9065535692823715e-6,0.05252811861708445,1.0527081427330782,20.040849938049966,-8.515284176224862,0.49116446340785286,0.4408578855712454,1.800895352836502e-6,0.013042544496211301,0.004347079742753466,true
13.84375,2.102176248690665,3.614728861046738e-6,0.012411240613153043,0.017726258492541534,-2.0346854464134497e-7,-3.411224998537012e-7,0.006279973411244056,-0.008161289034368559,0.0018813156231245031,1.719517506345228e-6,0.05170264999043913,1.055645317715331,20.417624974939223,-8.594427604133234,0.492606370393621,0.4418996761200425,1.623175547702677e-6,0.012241735285341287,0.004080214015454406,true
13.90625,2.102176248690665,3.2588482325077087e-6,0.01177358441168401,0.01670261088210058,-1.8271623085420363e-7,-3.043320967207041e-7,0.006050993178458635,-0.007658762423159785,0.0016077692447011502,1.5502259786911177e-6,0.05088779365927671,1.0586046165095468,20.80272183929841,-8.673895088591406,0.49400753193021246,0.44291031776777934,1.4624360861861833e-6,0.011487968869055837,0.003829021656646829,true
13.96875,2.102176248690665,2.9368487216587545e-6,0.0111666138070869,0.015735448507498216,-1.6400752261544928e-7,-2.712344857364491e-7,0.005828440805794704,-0.007185901473472846,0.0013574606676781415,1.3970516142440308e-6,0.05008355416751006,1.0615839572209862,21.196258429871005,-8.753692705447426,0.4953677540132269,0.44388981786356135,1.3171077921309875e-6,0.010778702338517687,0.003592655747954003,true
14.03125,2.102176248690665,2.645611992189346e-6,0.010589006425706794,0.014821902159171365,-1.4715036652371253e-7,-2.414866443122091e-7,0.0056122083210182055,-0.006741087954251248,0.0011288796332330426,1.2585110281962127e-6,0.0492899271196457,1.064581323503091,21.598354587113523,-8.833826745979552,0.4966868302746328,0.4448381715137117,1.185761268914143e-6,0.010111507902613026,0.0033703076796798284,true
14.09375,2.102176248690665,2.382299064287761e-6,0.010039482595973741,0.013959222605214969,-1.3196951481166362e-7,-2.1477476098988248e-7,0.005402188377924388,-0.006322777690493031,0.0009205893125686431,1.133253724929853e-6,0.04850689831658866,1.0675948238907984,22.00913397766553,-8.914302730449482,0.49796461209026993,0.4457554118618205,1.0670959979223334e-6,0.009484068905767118,0.0031612058282925294,true
14.15625,2.102176248690665,2.1443227702230794e-6,0.009516806421503108,0.013144773919157866,-1.1830520896055725e-7,-1.908119779726891e-7,0.0051982756323588186,-0.005929494514748345,0.0007312188823895265,1.020048995206118e-6,0.047734436097938406,1.070622712612915,22.42872861043715,-8.995126422068056,0.49920121046509824,0.44664175429896,9.599276482792278e-7,0.008894170904508681,0.00296461258760851,true
14.21875,2.102176248690665,1.9293274680236847e-6,0.009019779421075225,0.012376055323108835,-1.0601187879833179e-7,-1.6933621019738247e-7,0.005000376860231154,-0.005559854561183166,0.0005594777009520126,9.177762660125959e-7,0.04697254482813932,1.0736628767085028,22.8572431116254,-9.076304570070816,0.5003951536908826,0.44749627742698483,8.631791252408547e-7,0.008339737707478938,0.002779836386951589,true
14.28125,2.102176248690665,1.7352005465446197e-6,0.008547213576293396,0.011650934117914975,-9.495679333640165e-8,-1.5010735026541294e-7,0.004808335349037547,-0.0052127729994759205,0.00040443765043837385,8.254305734951505e-7,0.046221740548171755,1.0767086836120043,23.29442099848817,-9.157840258024175,0.5015321831545149,0.4483089286440651,7.758871929839089e-7,0.007819142052832401,0.0026063352536997613,true
14.34375,2.102176248690665,1.5600122119952673e-6,0.008097905929808882,0.010967402852046951,-8.501977252482905e-8,-1.3290911186153388e-7,0.004620760261993416,-0.004887110279744125,0.0002663500177507083,7.420939195592743e-7,0.0454823462876364,1.0797548693829213,23.740087253951415,-9.239741678219339,0.5026350088901217,0.4490960734703104,6.971636803550146e-7,0.0073306651895364335,0.002443536681369318,true
14.40625,2.102176248690665,1.4017308492609256e-6,0.00768041248217482,0.010326067510692871,-7.609926762289845e-8,-1.1757102069044774e-7,0.004426404612119069,-0.004576303524928946,0.00014989891280987704,6.667998699604707e-7,0.044741227686771294,1.0829172900377113,24.204013748105062,-9.322111428909407,0.5049085189516245,0.4507155019185422,6.258483891853572e-7,0.00686438663854708,0.002288134198267443,true
14.46875,2.102176248690665,1.2494132758844318e-6,0.0073392257991622524,0.009656122665219435,-6.809801330396137e-8,-1.0410515206279525e-7,0.004174623744468527,-0.004182231790623738,7.608046155210824e-6,5.943427800892649e-7,0.04374488313814339,1.0885032643765942,24.88298484966057,-9.40673985398308,0.5194348156571719,0.460957888519562,5.552893226479059e-7,0.006273048637469325,0.0020910416105248022,true
14.53125,2.102176248690665,1.0815740188569254e-6,0.007064271220740615,0.008746827821984224,-6.08413636726954e-8,-9.273854953755162e-8,0.003439880101954542,-0.003439880101954542,0.0,5.145020640065651e-7,0.04165628197494169,1.1043479232538462,26.510957553008833,-9.498017057407043,0.5897669742581774,0.5079999645590125,4.697923177428333e-7,0.0051581782922128765,0.0017194314948954393,true
14.59375,2.102176248690665,9.63306696662709e-7,0.006926298667955728,0.008251374177127329,-5.395431611974726e-8,-8.26698211709039e-8,0.002990693454240948,-0.002990693454240948,0.0,4.5824259372291074e-7,0.04022480460034835,1.1145684243818983,27.70848573301077,-9.58193779802137,0.6479757059998601,0.5437935439380878,4.0918859907710935e-7,0.004484897678107265,0.0014950155879553807,true
14.65625,2.102176248690665,8.969540638660018e-7,0.0064912564359413324,0.008036374123234213,-4.673152619546218e-8,-7.309309352787392e-8,0.0030452821714859984,-0.003049923512508137,4.641341022138586e-6,4.266788117431482e-7,0.04071067314480181,1.1068652162422796,27.188575642198906,-9.656798902818393,0.5978482786686302,0.5131371421109228,3.8680317347222623e-7,0.00470546934698632,0.0015685563092998295,true
14.71875,2.102176248690665,8.113731518393087e-7,0.006005932373091069,0.007537179896147436,-4.29938835340178e-8,-6.453843920466536e-8,0.002983010393622391,-0.003007724596047934,2.4714202425542807e-5,3.859681852768865e-7,0.04034709321689766,1.107253304146224,27.44319889896054,-9.73420052201656,0.5759738538269197,0.49910519258880065,3.5305206678550853e-7,0.004539587862400568,0.0015132741456710262,true
14.78125,2.102176248690665,7.218726942178868e-7,0.005746829325214895,0.007057142609190567,-3.8902860682924836e-8,-5.7105111614687005e-8,0.0027311526987969974,-0.0027311526987969974,0.0,3.433930407440876e-7,0.03932347945552328,1.1138560106333544,28.32546931390388,-9.819680117660818,0.6011803563403215,0.5152394001136954,3.1148261673106386e-7,0.004096149715111222,0.0013654688388346175,true
14.84375,2.102176248690665,6.475437834187018e-7,0.005528742815313898,0.00668215485031191,-3.496456293573701e-8,-5.047080698382026e-8,0.0025022719296150303,-0.0025022719296150303,0.0,3.0803496320635474e-7,0.03847272248581799,1.1189931041867478,29.08536313226174,-9.903299563832554,0.6246785009464868,0.5298028485001239,2.769617344840678e-7,0.00375301115813442,0.0012510957366904853,true
14.90625,2.102176248690665,5.860613184178799e-7,0.005154168328376337,0.006303136018372403,-3.1339436374678566e-8,-4.4450604427162234e-8,0.0024188488722672484,-0.0024188488722672484,0.0,2.7878790790396696e-7,0.038148989140945735,1.1191259870805823,29.335665564973304,-9.983855968299338,0.6071360771850239,0.5189738997288345,2.522077445376498e-7,0.003628257181136261,0.0012095191787806097,true
14.96875,2.102176248690665,5.268091733046393e-7,0.004881633810029382,0.005950987206812881,-2.8078035515151446e-8,-3.910582555920314e-8,0.0022692286647919787,-0.0022692286647919787,0.0,2.5060181021109007e-7,0.03754423881810119,1.1220175799693546,29.885213158946684,-10.067654370672948,0.6117248204662857,0.5218311299813023,2.262744411061304e-7,0.0034035987195705233,0.0011346384791530025,true
15.03125,2.102176248690665,4.7089801959941856e-7,0.004627874950627177,0.005587621759971775,-2.513825647128648e-8,-3.439195682614351e-8,0.0020877287503789947,-0.0020877287503789947,0.0,2.240050138006821e-7,0.036769646645003616,1.1266738569900598,30.6414110493813,-10.153106626622124,0.6262639417357881,0.5307690307209164,2.0115602828608225e-7,0.0031312890581301303,0.0010438718574781066,true
15.09375,2.102176248690665,4.2390531303236553e-7,0.004349956488166698,0.005269018663453858,-2.2494897973493822e-8,-3.016482086434208e-8,0.0019823378567943397,-0.0019823378567943397,0.0,2.0165070045691642e-7,0.03629699923682942,1.1284390867780922,31.089046216060215,-10.236684051966936,0.6213104595348637,0.527743470419741,1.8136660038256234e-7,0.0029733575302141775,0.0009912322587169431,true
15.15625,2.102176248690665,3.803783401919749e-7,0.0041100810259566455,0.0049671695884073615,-2.012665189424011e-8,-2.641978060992687e-8,0.0018597210995572905,-0.0018597210995572905,0.0,1.8094502800556927e-7,0.03572195059904562,1.1312826576434818,31.669117690166285,-10.321870339476064,0.6247892469616187,0.5298704052704699,1.624999595677241e-7,0.0027893592894895395,0.0009299022639241186,true
15.21875,2.102176248690665,3.4088871036973836e-7,0.0038891655314527603,0.004681904697846094,-1.7998947062760474e-8,-2.310485603141611e-8,0.0017379702294811493,-0.0017379702294811493,0.0,1.6215990956137003e-7,0.03512235854620569,1.1344523447137487,32.30000466003172,-10.407833369315167,0.6308875195879453,0.5335748974173371,1.4526962980108655e-7,0.0026067435983625183,0.0008690321754030943,true
15.28125,2.102176248690665,3.057021604450058e-7,0.0036625280954804716,0.004409363660885042,-1.6085505370675025e-8,-2.016078613574813e-8,0.0016370214558934274,-0.0016370214558934274,0.0,1.4542175549524526e-7,0.034600947879615374,1.136902551758163,32.85755510842384,-10.493858419865727,0.630783910693437,0.5335122132504113,1.302550423186445e-7,0.0024553601905737883,0.0008185727240028397,true
15.34375,2.102176248690665,2.7352844379401573e-7,0.0034535380103723175,0.004147960368094923,-1.4368116716359466e-8,-1.7561347182804238e-8,0.0015318840660691884,-0.0015318840660691884,0.0,1.301167987053332e-7,0.0340313395142573,1.1399135496714008,33.49599416131823,-10.581024886714859,0.6345403485526461,0.5357792720374158,1.1636515665173308e-7,0.002297626286944455,0.0007659954846613571,true
15.40625,2.102176248690665,2.449232303176648e-7,0.0032524509173268486,0.00390527965968344,-1.282664611080025e-8,-1.5262498918888236e-8,0.0014412759497733755,-0.0014412759497733755,0.0,1.1650936997799998e-7,0.033516637634591825,1.1424327050977912,34.0855403681278,-10.668352201688963,0.6350190220892402,0.5360673289742333,1.041588274169168e-7,0.0021617469838125947,0.0007207029665831962,true
15.46875,2.102176248690665,2.1877472402704224e-7,0.0030640003337047313,0.0036702307462177534,-1.1444324079710898e-8,-1.3239756140923353e-8,0.001347201649711353,-0.001347201649711353,0.0,1.0407059073343899e-7,0.03295565817909552,1.1455017959706064,34.75888084969951,-10.756823672065496,0.6388845586151526,0.5383866857297946,9.289232923336983e-8,0.0020206137614798775,0.0006736583071400358,true
15.53125,2.102176248690665,1.9566322433725944e-7,0.002885905072670374,0.003455507957139071,-1.0204740434249535e-8,-1.1455876194822918e-8,0.001267196035560639,-0.001267196035560639,0.0,9.307650795651781e-8,0.0324551714052627,1.1480129577553555,35.37226605339085,-10.845329942936882,0.6395440897015745,0.5387811939768389,8.304377728735414e-8,0.0019006365763823043,0.0006336656748818485,true
15.59375,2.102176248690665,1.7501031692824235e-7,0.0027151262404500076,0.0032544882741252987,-9.09482698057232e-9,-9.886655071892855e-9,0.0011963925715516145,-0.0011963925715516145,0.0,8.325197139737787e-8,0.03199206976217249,1.1501899300006055,35.95234502022102,-10.934274418625169,0.6378047768893592,0.5377400334204505,7.431398959754416e-8,0.001794456198845318,0.0005982718826958766,true
15.65625,2.102176248690665,1.5552779787750794e-7,0.00255750683579279,0.0030478252645459673,-8.100435970838298e-9,-8.51948606473763e-9,0.0011054267788883833,-0.0011054267788883833,0.0,7.398418566206236e-8,0.031365382376845025,1.1541808463361178,36.79792047388438,-11.025504153240531,0.6474047655758026,0.543455956333749,6.580051128545947e-8,0.0016579329412705621,0.0005527621900125247,true
15.71875,2.102176248690665,1.3913688284881453e-7,0.002395876689535747,0.0028684211449302903,-7.209649659235111e-9,-7.314232065986278e-9,0.0010515969012968793,-0.0010515969012968793,0.0,6.618706825152057e-8,0.030976818601436223,1.155693796212117,37.30834373541942,-11.11496336076034,0.6397373939121365,0.5388967546255963,5.902695218457954e-8,0.0015772909724566973,0.0005258811182911609,true
15.78125,2.102176248690665,1.2388905445844842e-7,0.0022558879405646637,0.00269505601376596,-6.414271786088426e-9,-6.264623684306423e-9,0.0009831987132295674,-0.0009831987132295674,0.0,5.893371430469372e-8,0.030460012032457167,1.1586470525914665,38.03829924153842,-11.206592664664717,0.6432509591093678,0.5409919285945245,5.2483315798258334e-8,0.001474638846107108,0.0004916620692423137,true
15.84375,2.102176248690665,1.1021577340647979e-7,0.002124853789339502,0.0025314016114531893,-5.702620429624149e-9,-5.35098252706651e-9,0.0009173991744532887,-0.0009173991744532887,0.0,5.2429368600814225e-8,0.029937041506613252,1.161746940867706,38.80633764732797,-11.29881384763996,0.6479534965960062,0.5437804168174903,4.6602592055116354e-8,0.0013759477322103353,0.0004587630641025849,true
15.90625,2.102176248690665,9.830729746706373e-8,0.001990842817133612,0.002379832056774096,-5.066700205137126e-9,-4.553868943327755e-9,0.0008693807378632677,-0.0008693807378632677,0.0,4.676453628866475e-8,0.029537592411419435,1.1635523884678762,39.39225554544652,-11.390488664270784,0.6422664251152375,0.5404058531421233,4.165171888372532e-8,0.0013039689457094365,0.00043476891373132095,true
15.96875,2.102176248690665,8.730489304790862e-8,0.0018719161740128982,0.0022327078654726866,-4.4995162655564824e-9,-3.864716660094037e-9,0.0008114369092020764,-0.0008114369092020764,0.0,4.15307199395323e-8,0.02903231858136674,1.166588914444271,40.18242329405273,-11.484135675257985,0.6459534875820397,0.5425966515451356,3.69363083960789e-8,0.0012170124174804308,0.000405781179834013,true
16.03125,2.102176248690665,7.759082487737329e-8,0.0017598152990040653,0.002097167049892028,-3.992998293029983e-9,-3.2680953400054046e-9,0.0007605916733513663,-0.0007605916733513663,0.0,3.6909761931569976e-8,0.02856646550811681,1.1692597054674012,40.93119973610912,-11.577921477146797,0.647426057810226,0.5434685508152989,3.280476407143251e-8,0.0011407627796400153,0.00038036254885408645,true
16.09375,2.102176248690665,6.901783455605183e-8,0.00165048945106968,0.0019707975838095778,-3.5412059180109334e-9,-2.752430544097353e-9,0.0007181158448911584,-0.0007181158448911584,0.0,3.283161181134998e-8,0.0281590827920559,1.1713325772180512,41.59697195636293,-11.671808531869896,0.6440919164260425,0.5414919121298285,2.9213814251332526e-8,0.0010770708950000102,0.0003591301422487727,true
16.15625,2.102176248690665,6.128503467914048e-8,0.0015511278889136213,0.001852089307584742,-3.1388683107096176e-9,-2.3093098847010916e-9,0.000674816959277976,-0.000674816959277976,0.0,2.9153138190630642e-8,0.02772457525324456,1.1737677776233906,42.33672714196141,-11.76689703617483,0.6441440446700929,0.5415228856105884,2.5937607408187478e-8,0.0010121180572294232,0.00033747708733060063,true
16.21875,2.102176248690665,5.3976931577757046e-8,0.0014541832844087255,0.001724083167243666,-2.779127667531137e-9,-1.931187635264211e-9,0.0006176344537513181,-0.0006176344537513181,0.0,2.567669176710394e-8,0.0271169903062281,1.178273541362142,43.45148661617959,-11.86438668173162,0.6562036431847166,0.5486293507421954,2.2742159539502757e-8,0.0009262755360587334,0.0003088593886884723,true
16.28125,2.102176248690665,4.852224250501576e-8,0.0013553796024629462,0.0016367448367072544,-2.4606150509856066e-9,-1.6037771776166191e-9,0.0006090281361421968,-0.0006108063045702491,1.7781684280523437e-6,2.3081909775756298e-8,0.02704695903982337,1.1766188184926012,43.50281363461868,-11.956286140384922,0.6270029061237531,0.5312186567510039,2.0663237707164647e-8,0.0009167419048992865,0.00030568194537376314,true
16.34375,2.102176248690665,4.2410326895370674e-8,0.0012924254570601825,0.0015270022966810078,-2.17936262639247e-9,-1.3333254837514917e-9,0.0005423586858021506,-0.0005423586858021506,0.0,2.017448675951212e-8,0.026249702275621338,1.183473722625064,45.08522459411593,-12.058280663583021,0.6623113159640149,0.5521837889931285,1.782323061372706e-8,0.000813345910810771,0.00027121152084479545,true
16.40625,2.102176248690665,3.7838476620138335e-8,0.0012015782851575476,0.0014376389736882316,-1.9253380522685243e-9,-1.0975316984162723e-9,0.0005262573312810286,-0.0005262573312810286,0.0,1.7999668982896144e-8,0.026053987575758202,1.1833693377619945,45.41989337797391,-12.152867629852286,0.6407865365376194,0.5395234200545052,1.6029801522732965e-8,0.0007893593478169686,0.00026321531361472666,true
16.46875,2.102176248690665,3.350465785239321e-8,0.0011207920854587835,0.0013471982533830203,-1.700715769111757e-9,-8.995030365679593e-10,0.0004984316295296876,-0.0004984316295296876,0.0,1.5938082200891337e-8,0.025702042406281076,1.1851280678892115,46.110268170734535,-12.250852563912972,0.6332583711030684,0.5350068793866649,1.4233974508657071e-8,0.0007475667773005592,0.0002492825563141452,true
16.53125,2.102176248690665,2.944521041939256e-8,0.0010563652849588773,0.0012592962777677407,-1.5025634244389034e-9,-7.357992477145732e-10,0.00045714626689819876,-0.00045714626689819876,0.0,1.4007013178715358e-8,0.025151809511387912,1.18932703280365,47.2859430755931,-12.3519131717218,0.6468062474634553,0.5431017791814648,1.2446430797900094e-8,0.0006855824120412255,0.00022861770935275343,true
16.59375,2.102176248690665,2.5967705676318545e-8,0.0009920211693751663,0.0011794393450474008,-1.3249976557675798e-9,-5.979842231609262e-10,0.00042540916325944147,-0.00042540916325944147,0.0,1.2352772843139324e-8,0.024703609123973333,1.1923936769166619,48.26799480726552,-12.451877842611472,0.6513523645666451,0.5457847166869062,1.0956659688984604e-8,0.0006380093521727723,0.00021275734509200572,true
16.65625,2.102176248690665,2.3229713573542686e-8,0.0009223040234231444,0.0011174262426523912,-1.1685297322674753e-9,-4.831085524632239e-10,0.00041900344163221413,-0.00042014578704455065,1.1423454123365203e-6,1.1050316826674857e-8,0.024629746359700135,1.1909487363931746,48.35408042779675,-12.54788657152002,0.6217951763613114,0.528040424400691,9.908136148875782e-9,0.0006304124346976328,0.00021022499574440583,true
16.71875,2.102176248690665,2.0236330765278898e-8,0.0008773818853693535,0.00104195336197696,-1.0307226752776994e-9,-3.9117465486276015e-10,0.0003748201237006067,-0.0003748201237006067,0.0,9.62637208839318e-9,0.023933425077406655,1.19715451011105,50.020191687531316,-12.653662771186005,0.6532859655529817,0.546920791215614,8.530988761025582e-9,0.0005620949670327034,0.00018744802757069144,true
16.78125,2.102176248690665,1.800123648996018e-8,0.0008133560338857223,0.000981196234932376,-9.076283369289797e-10,-3.146624226447225e-10,0.0003659274506554027,-0.0003659274506554027,0.0,8.563143314539969e-9,0.023791237972670017,1.1966141223234927,50.29642104787035,-12.752000464415481,0.6275485460901457,0.5315503659246251,7.661859085044827e-9,0.000548856537493487,0.00018303460849938187,true
16.84375,2.102176248690665,1.5787199350038107e-8,0.000767091626910714,0.0009187367878935106,-7.990666808523638e-10,-2.5397766818368027e-10,0.000337176098851815,-0.000337176098851815,0.0,7.509931367491723e-9,0.023308744598623903,1.2003379856611798,51.497324559128984,-12.85620566439737,0.6390405452836326,0.53848002343898,6.690727236253959e-9,0.000505673270654886,0.00016863719920510298,true
16.90625,2.102176248690665,1.3931119994699697e-8,0.0007174288776801114,0.0008629615837721393,-7.026733881833393e-10,-2.0547589674623412e-10,0.00031979334615524956,-0.00031979334615524956,0.0,6.626999046048902e-9,0.02300261135115868,1.2019197172846707,52.25144653953074,-12.958541018009873,0.6321112947155019,0.5343146256075288,5.919068778116879e-9,0.00047962884159453507,0.0001599539406245498,true
16.96875,2.102176248690665,1.2255217062730252e-8,0.000671657785685084,0.0008090502959110779,-6.175359776916923e-10,-1.678780735099258e-10,0.00030077116795368294,-0.00030077116795368294,0.0,5.829776199956299e-9,0.02265247573429458,1.2041032147088926,53.15547972912947,-13.062447953233486,0.62985827659624,0.5329518073655068,5.211320290893059e-9,0.00045108906509916185,0.0001504385931864319,true
17.03125,2.102176248690665,1.0766525767879641e-8,0.0006288504678627408,0.0007579990428531147,-5.424005602636237e-10,-1.3945788971884396e-10,0.0002822186496276521,-0.0002822186496276521,0.0,5.121609462853338e-9,0.022294677318763133,1.2064408625532739,54.11340318157181,-13.167229704628541,0.6287874435625138,0.5323026177011861,4.5801378895454425e-9,0.0004232602926672166,0.00014116019518075463,true
17.09375,2.102176248690665,9.441693786123567e-9,0.000589148040607865,0.000709441477435597,-4.759973258757717e-10,-1.1847932188100877e-10,0.0002635678688255516,-0.0002635678688255516,0.0,4.491390192427634e-9,0.02191671234659105,1.209099707203969,55.167932492942256,-13.27298949749997,0.6303377927083673,0.5332422080429634,4.0142720053345004e-9,0.00039528287539772995,0.00013183212146182277,true
17.15625,2.102176248690665,8.34156103304815e-9,0.0005508433024306706,0.0006692929122065097,-4.1762032103239423e-10,-1.0388493501035673e-10,0.00025349981829522235,-0.00025349981829522235,0.0,3.968059784827114e-9,0.021704595361763508,1.2096566659955688,55.73274441810573,-13.377044315505762,0.6165458780795792,0.5248142107088264,3.5642429682792347e-9,0.00038020251921714454,0.00012680414723328953,true
17.21875,2.102176248690665,7.284034428196238e-9,0.0005190570317855521,0.0006263041555383193,-3.6627623996155766e-10,-9.46379125400752e-11,0.00023373242839592014,-0.00023373242839592014,0.0,3.4649970157036453e-9,0.02126801026552589,1.2131909753990704,57.04299369112008,-13.485465777954275,0.6271462467033099,0.5313058210066375,3.100341751997379e-9,0.00035052613311627103,0.00011690938869558283,true
17.28125,2.102176248690665,6.41171695361824e-9,0.0004853144415027768,0.0005894609084563188,-3.2084966445071313e-10,-8.942445298980344e-11,0.00022310143928634484,-0.00022310143928634484,0.0,3.05003776805668e-9,0.021022222265749815,1.2142735413618075,57.76142626653449,-13.59163912483737,0.617073703799591,0.5251396406393956,2.739019656377906e-9,0.0003346031469010914,0.00011160032074458417,true
17.34375,2.102176248690665,5.6122483426262165e-9,0.0004545312865910148,0.0005524400791327309,-2.808599554957773e-10,-8.781400681211107e-11,0.00020939074817963717,-0.00020939074817963717,0.0,2.669732543178428e-9,0.0206913234801674,1.2165243955596041,58.793938276864736,-13.700216166071097,0.616063492010554,0.5245165951069284,2.3984355502589957e-9,0.0003140309586558858,0.00010474098970141004,true
17.40625,2.102176248690665,4.913067353215588e-9,0.00042567122864651955,0.0005181694401185379,-2.456850501108971e-10,-8.89534488358335e-11,0.00019704096376214,-0.00019704096376214,0.0,2.3371338898323486e-9,0.020379180844397864,1.2185792047028903,59.7952986436092,-13.809229990442471,0.6137425086792849,0.5230819373628441,2.1014278282680293e-9,0.00029550858246846776,9.85650577872124e-5,true
17.46875,2.102176248690665,4.300967179885584e-9,0.0003987058846329967,0.0004864526162997617,-2.147746055537869e-10,-9.22784638195199e-11,0.00018585225601940963,-0.00018585225601940963,0.0,2.0459593635711706e-9,0.020083455020551234,1.2204627670509307,60.769562099849914,-13.918782035412788,0.610382433419039,0.5209970866757584,1.8418565211455046e-9,0.0002787280757614413,9.296986080212744e-5,true
17.53125,2.102176248690665,3.762505890372135e-9,0.00037356322327885107,0.00045678676181744044,-1.8762252625266226e-10,-9.728854766070938e-11,0.00017530666415571251,-0.00017530666415571251,0.0,1.7898146707325809e-9,0.019792224363512904,1.222332741679294,61.758229859836895,-14.02910826094855,0.607161305905424,0.5189896564686077,1.6131322618972299e-9,0.00026291136857980817,8.769596899379369e-5,true
17.59375,2.102176248690665,3.2898156302778916e-9,0.00034980872890416365,0.0004289811096586689,-1.637910030366919e-10,-1.0361348734346133e-10,0.0001655938295897688,-0.0001655938295897688,0.0,1.5649570925972286e-9,0.019512127080254488,1.224095838808023,62.735130504903296,-14.140137569685127,0.6030084513010789,0.5163888381917898,1.4125879518357706e-9,0.0002483438340998005,8.283854628752549e-5,true
17.65625,2.102176248690665,2.871120359857724e-9,0.0003279543961606413,0.00040258696381015205,-1.428952570615541e-10,-1.1085251719258616e-10,0.0001557189409930607,-0.0001557189409930607,0.0,1.3657847964203733e-9,0.01921438338070344,1.2261507259534845,63.81421155491668,-14.252306130288625,0.6015709697580025,0.5154852373345776,1.2334583816401674e-9,0.0002335313572465935,7.789938626488009e-5,true
17.71875,2.102176248690665,2.508333620506663e-9,0.00030724544605052544,0.00037846955842397523,-1.245585700623239e-10,-1.1869689204455433e-10,0.0001473792533632168,-0.0001473792533632168,0.0,1.1932080490724659e-9,0.01895177754874842,1.2277631920142067,64.78353752602422,-14.364711029640166,0.5967402080967802,0.5124359892809468,1.0794490798674888e-9,0.0002210259706209424,7.372947362606599e-5,true
17.78125,2.102176248690665,2.187589101913149e-9,0.00028755060025736055,0.0003553081368890917,-1.0850556948752874e-10,-1.2702752909288736e-10,0.00013918579729316552,-0.00013918579729316552,0.0,1.040630681312132e-9,0.018682588724447422,1.2295098852217468,65.81046681249533,-14.478192437234288,0.5924766057047056,0.5097285354585515,9.428750687201259e-10,0.0002087354213941948,6.963114847624712e-5,true
17.84375,2.102176248690665,1.9043007401933106e-9,0.00026979644333377663,0.0003334928567235921,-9.444941152207933e-11,-1.3546843401303612e-10,0.00013073335948026905,-0.00013073335948026905,0.0,9.058711139845668e-10,0.018392142322897594,1.2316066148552958,66.96373882024538,-14.5928288522737,0.5919702440846292,0.5094059768421152,8.209285296720486e-10,0.0001960569645691491,6.540341659152858e-5,true
17.90625,2.102176248690665,1.663175097523946e-9,0.0002524439378057855,0.00031413231229343087,-8.216138432995044e-11,-1.4400824202291632e-10,0.0001246773848246044,-0.0001246773848246044,0.0,7.911682469820741e-10,0.018175374471524425,1.232694115649964,67.82221282875027,-14.707035872566328,0.5830581311298774,0.5036936320228286,7.192273453000066e-10,0.00018697793019578163,6.237591490544239e-5,true
17.96875,2.102176248690665,1.4447096758991259e-9,0.00023712393125092094,0.00029485966632420606,-7.142200050171094e-11,-1.5250106550950617e-10,0.00011688138571394221,-0.00011688138571394221,0.0,6.87244790630167e-10,0.017884146909586757,1.2348930567695118,69.04959252529682,-14.82357221570229,0.5839788112046805,0.50428684621978,6.245628976828916e-10,0.0001752812078081021,5.847545509523886e-5,true
18.03125,2.102176248690665,1.2584652983956479e-9,0.00022218560720069648,0.0002776113261313288,-6.203037694490624e-11,-1.6073597591281073e-10,0.0001109983935573932,-0.0001109983935573932,0.0,5.986488046278135e-10,0.01765476082943425,1.2362418064197767,70.0231409738895,-14.939777215247359,0.5777441974128902,0.5002557984238589,5.452257325978325e-10,0.00016646170477620302,5.553441858612782e-5,true
18.09375,2.102176248690665,1.0934567375495124e-9,0.00020806483451693542,0.0002608352877740608,-5.383349289904121e-11,-1.687784456003647e-10,0.00010490808220464219,-0.00010490808220464219,0.0,5.201546436606203e-10,0.017407315329375228,1.2378921315002074,71.11332839540381,-15.05734017798137,0.5734922695970575,0.4974878730434405,4.744512169975842e-10,0.00015732557018264715,5.248775428253962e-5,true
18.15625,2.102176248690665,9.495027368630617e-10,0.00019508920627504716,0.0002452590518670049,-4.6687132718643266e-11,-1.7649332102186334e-10,9.912817297090999e-5,-9.912817297090999e-5,0.0,4.5167608446459093e-10,0.01716234856604201,1.239549293228464,72.22492239092948,-15.17570312532123,0.5699503519199622,0.4951704872089884,4.1249919969090357e-10,0.00014865664695281298,4.959685437591517e-5,true
18.21875,2.102176248690665,8.244153490110533e-10,0.0001828490196265815,0.00023078188099317777,-4.045795428900633e-11,-1.8386283491394317e-10,9.390798326106468e-5,-9.390798326106468e-5,0.0,3.9217232595246866e-10,0.016931732710805145,1.2410341727739618,73.29634798581388,-15.294703244445664,0.5650676264461005,0.4919584350214246,3.5876103099133745e-10,0.0001408277738032633,4.698605936546223e-5,true
18.28125,2.102176248690665,7.148990216283638e-10,0.0001715211067797896,0.00021713018234885049,-3.503411145644345e-11,-1.9082842726691346e-10,8.879525449979122e-5,-8.879525449979122e-5,0.0,3.400756820811941e-10,0.01669632605280572,1.2426311489684743,74.42542419442374,-15.414699630178605,0.5614493010880919,0.4895651169409287,3.1149020438509897e-10,0.00013315944055301485,4.442876632059688e-5,true
18.34375,2.102176248690665,6.200678655905929e-10,0.00016074186767716923,0.00020448188773497365,-3.031262130654821e-11,-1.9741336908280225e-10,8.429542068798052e-5,-8.429542068798052e-5,0.0,2.949647376031389e-10,0.01648059534555541,1.2439697424115113,75.48087410246333,-15.53525538490553,0.5556267237476269,0.4856904685301046,2.707072185746996e-10,0.00012641110195741494,4.217825053054105e-5,true
18.40625,2.102176248690665,5.367385064770211e-10,0.00015082921172783497,0.00019241296108915546,-2.6209070285009192e-11,-2.0359810720529798e-10,7.968083807476007e-5,-7.968083807476007e-5,0.0,2.5532516924369556e-10,0.01625015728663896,1.245570652098042,76.64975976092013,-15.657039092855566,0.5523294040138583,0.4834834715288248,2.345919538456719e-10,0.00011948953646950206,3.986993152155973e-5,true
18.46875,2.102176248690665,4.6481402875100766e-10,0.00014145230028410593,0.000181305367138288,-2.2641590353561175e-11,-2.0934675677781134e-10,7.564172035962556e-5,-7.564172035962556e-5,0.0,2.2111087452373028e-10,0.016040130161937956,1.246897648417642,77.73613030749826,-15.779320306449335,0.5469010835455513,0.47982995803209916,2.0352592517827783e-10,0.00011343232097814999,3.784984249282855e-5,true
18.53125,2.102176248690665,4.0203603710369856e-10,0.0001326747865928548,0.00017079094510487043,-1.954454014541794e-11,-2.147267397228371e-10,7.173089945521516e-5,-7.173089945521516e-5,0.0,1.912475404258352e-10,0.01582856863981108,1.2482844377459934,78.86274913111109,-15.902610525433518,0.5420381392550986,0.47653562723453036,1.7632442328151018e-10,0.00010756668673739764,3.5893618020749204e-5,true
18.59375,2.102176248690665,3.4741040759465247e-10,0.00012453458321931197,0.00016092044911440907,-1.685839212221238e-11,-2.196905523966378e-10,6.797295197066945e-5,-6.797295197066945e-5,0.0,1.652622646702607e-10,0.015616968745926404,1.2497098520828755,80.0225621511124,-16.026807249800715,0.5378509001774425,0.4736828620944823,1.5257855301818876e-10,0.0001019305549235594,3.401390610752875e-5,true
18.65625,2.102176248690665,3.0021444128802885e-10,0.00011681818487663668,0.00015176014653354037,-1.4529194136245029e-11,-2.242752688663438e-10,6.461180057960614e-5,-6.461180057960614e-5,0.0,1.4281126117518291e-10,0.015420154208961423,1.2509391185909235,81.12364517495813,-16.15164660703164,0.5320512509899362,0.46970680165689743,1.3210177895704383e-10,9.688985347135605e-5,3.233275239606448e-5,true
18.71875,2.102176248690665,2.5904554213562285e-10,0.00010967027496704368,0.00014306903369265756,-1.2512274289757082e-11,-2.2850501844983273e-10,6.127868333035616e-5,-6.127868333035616e-5,0.0,1.2322731849766103e-10,0.015217223673577952,1.2523005271973895,82.29494118377127,-16.277573236483164,0.5276299549601551,0.46665635975189484,1.1415118935488135e-10,9.18907048626503e-5,3.066543184312537e-5,true
18.78125,2.102176248690665,2.2348178190614028e-10,0.00010294005086048892,0.00013499083307925113,-1.07662622226252e-11,-2.323758087284585e-10,5.824451400120483e-5,-5.824451400120483e-5,0.0,1.0630972643009135e-10,0.015025179254637594,1.2535237844806066,83.42820829200427,-16.404211313706444,0.5222121703281652,0.4628955650203615,9.865188078168476e-11,8.734034208164338e-5,2.914776768559107e-5,true
18.84375,2.102176248690665,1.9261078734458278e-10,9.665673725240331e-5,0.00012738034611024142,-9.256449425642463e-12,-2.359219682596484e-10,5.533633388911771e-5,-5.533633388911771e-5,0.0,9.162447128995483e-11,0.014833921137160387,1.2547685323426232,84.58778503273207,-16.53180338427502,0.5171722207838918,0.4593744545338361,8.516173340714089e-11,8.297871181252731e-5,2.7693028159234182e-5,true
18.90625,2.102176248690665,1.6590938771482125e-10,9.076653396830573e-5,0.00012026047126793858,-7.951761863909536e-12,-2.3915358578157493e-10,5.262025722561538e-5,-5.262025722561538e-5,0.0,7.892268206253281e-11,0.01464836640902007,1.2559548289243598,85.7402657644457,-16.660231199935286,0.511834045726618,0.4556212291027489,7.347999142779087e-11,7.890531285171546e-5,2.6334401417763527e-5,true
18.96875,2.102176248690665,1.427994320711957e-10,8.525372507469235e-5,0.00011357360894252949,-6.825340311021505e-12,-2.420974756923707e-10,5.005010655863954e-5,-5.005010655863954e-5,0.0,6.792933378451876e-11,0.014466040017235837,1.2571216632554028,86.90157512059841,-16.789552389957116,0.5065212857505595,0.4518615901700574,6.335024444101706e-11,7.505072626597517e-5,2.5048736073252132e-5,true
19.03125,2.102176248690665,1.2282190845051507e-10,8.009564382894789e-5,0.00010730070888160226,-5.853641699606811e-12,-2.447674141629949e-10,4.762447962973021e-5,-4.762447962973021e-5,0.0,5.842607560950913e-11,0.014287406731245091,1.2582607373602395,88.06781811625426,-16.91974388263908,0.5011861025364964,0.44806169739705193,5.4577849252036943e-11,7.141291965293295e-5,2.3835356237893362e-5,true
19.09375,2.102176248690665,1.0557191678152068e-10,7.526036036197215e-5,0.00010142041590905865,-5.016073795833457e-12,-2.4718518000315516e-10,4.534633872236111e-5,-4.534633872236111e-5,0.0,5.022029758317166e-11,0.014113308135579037,1.2593569308621728,89.23187382888557,-17.050791127501597,0.49567776368284655,0.4441128344964123,4.699188023893099e-11,6.799632467235766e-5,2.2695742229242144e-5,true
19.15625,2.102176248690665,9.067306379668102e-11,7.073684254310653e-5,9.589435590968524e-5,-4.29474365561692e-12,-2.4937289744428905e-10,4.318609983604479e-5,-4.318609983604479e-5,0.0,4.3132950366629105e-11,0.013942048355010974,1.2604372755136413,90.40545861115321,-17.18274950611948,0.4902446461810563,0.44019237707112435,4.042672513275542e-11,6.475653763532344e-5,2.161508497827536e-5,true
19.21875,2.102176248690665,7.781937435576786e-11,6.650172889556574e-5,9.070855600256986e-5,-3.673994272860759e-12,-2.513430236224984e-10,4.114764623039444e-5,-4.114764623039444e-5,0.0,3.701848234858397e-11,0.0137744460710873,1.261486813274134,91.58167281383513,-17.315628192592634,0.4847698739011228,0.4362162319904067,3.475291748468935e-11,6.169942288145096e-5,2.0595342317826224e-5,true
19.28125,2.102176248690665,6.674014231422235e-11,6.253239447105114e-5,8.584489420235288e-5,-3.14020006350774e-12,-2.53104450055977e-10,3.9229902486640954e-5,-3.9229902486640954e-5,0.0,3.1748119291040074e-11,0.013610982976434465,1.2624959587233529,92.75567833044755,-17.449440770578626,0.4791672196493335,0.432120585999998,2.9854671270913704e-11,5.882335964516301e-5,1.963597548585384e-5,true
19.34375,2.102176248690665,5.720733832494934e-11,5.880360923348714e-5,8.129486918747336e-5,-2.6815223859975216e-12,-2.5465191311141937e-10,3.744258253126061e-5,-3.744258253126061e-5,0.0,2.7213388202145648e-11,0.013453149613985882,1.2634381087604514,93.91392685077867,-17.584126990873504,0.47319857594100573,0.42772778676941187,2.563513562567828e-11,5.6142931863093416e-5,1.8741851329334365e-5,true
19.40625,2.102176248690665,4.9029053986719765e-11,5.5279894358465295e-5,7.706330484508257e-5,-2.287642586931599e-12,-2.5596729027719693e-10,3.58144375860425e-5,-3.58144375860425e-5,0.0,2.33229987339346e-11,0.01330437754923127,1.2642524933653938,95.02530191188407,-17.71954424491116,0.4663012572602757,0.42261349666926235,2.2014077413236933e-11,5.3701275632525145e-5,1.7927361674277183e-5,true
19.46875,2.102176248690665,4.202909711307833e-11,5.192470224963711e-5,7.315287179737863e-5,-1.949568331054962e-12,-2.570348539771528e-10,3.437094033316103e-5,-3.437094033316103e-5,0.0,1.999313670262236e-11,0.013168175580232856,1.2648742985433123,96.05539437384577,-17.855601941520426,0.45786238254172995,0.4163008139889907,1.8916233395966672e-11,5.153657616045763e-5,1.7205247795028405e-5,true
19.53125,2.102176248690665,3.6037558210745546e-11,4.871221678678006e-5,6.955116835967571e-5,-1.6594798007435487e-12,-2.5786130473826113e-10,3.3113766992764764e-5,-3.3113766992764764e-5,0.0,1.7142976585903034e-11,0.013046013366909186,1.2652707568816661,96.98524149078267,-17.992411667591682,0.4475694851707962,0.4085189710447267,1.6266028510554383e-11,4.9651303803138404e-5,1.657633745445193e-5,true
19.59375,2.102176248690665,3.089255689447195e-11,4.564057149914169e-5,6.622035779689709e-5,-1.4106622469986865e-12,-2.5848677416279955e-10,3.200405183487033e-5,-3.200405183487033e-5,0.0,1.4695512288141063e-11,0.012935251554309623,1.2654796615704331,97.83185555048713,-18.130326839405917,0.4357816024813328,0.39949618505483014,1.3988518124429226e-11,4.7987123680542716e-5,1.602117376654754e-5,true
19.65625,2.102176248690665,2.645441310044344e-11,4.272969049337888e-5,6.310761405932134e-5,-1.1973818926364628e-12,-2.589701661872815e-10,3.097739245238824e-5,-3.097739245238824e-5,0.0,1.258429835125409e-11,0.012830179417089528,1.2655955517531927,98.64207744962991,-18.269771655304016,0.4234058602941027,0.389896893537197,1.2018266192248292e-11,4.644744052678107e-5,1.5507534874113376e-5,true
19.71875,2.102176248690665,2.261693625564777e-11,4.000166514267325e-5,6.016984818186445e-5,-1.0147641480060252e-12,-2.5935619004292944e-10,2.998138718190089e-5,-2.998138718190089e-5,0.0,1.0758820184432523e-11,0.012725715102150505,1.265707112397584,99.4605884414066,-18.41098010773658,0.41130708152578427,0.3803879075905944,1.0307034687138762e-11,4.49536985122566e-5,1.5009215283649553e-5,true
19.78125,2.102176248690665,1.9304178556826693e-11,3.745849443610743e-5,5.739157915181224e-5,-8.586306677678691e-13,-2.59657319216334e-10,2.900369111234098e-5,-2.900369111234098e-5,0.0,9.182949607032356e-12,0.01262060770012566,1.2658386097152992,100.29933896944563,-18.55389184487284,0.39974724121396765,0.3711883390086257,8.82284167106668e-12,4.3487422842739507e-5,1.4520051881046854e-5,true
19.84375,2.102176248690665,1.6454536873697205e-11,3.508329925119737e-5,5.477369820422065e-5,-7.253545777663942e-13,-2.5986839196822986e-10,2.8057652157824582e-5,-2.8057652157824582e-5,0.0,7.827382163577326e-12,0.012516343218160862,1.265965457147075,101.1449937958073,-18.698316175394375,0.38851023046354966,0.3621396519410387,7.540939571874197e-12,4.206864443927048e-5,1.4046727376692587e-5,true
19.90625,2.102176248690665,1.4009503715010972e-11,3.2857291006631336e-5,5.2313474018209794e-5,-6.117647600316378e-13,-2.599881219567962e-10,2.7153329883655652e-5,-2.7153329883655652e-5,0.0,6.6642859863613986e-12,0.012414181717314253,1.2660652393934677,101.9853960754954,-18.844154688041968,0.3773781044629422,0.3530733156576918,6.437163642356627e-12,4.0712441348749064e-5,1.359427248044748e-5,true
19.96875,2.102176248690665,1.1913673304754949e-11,3.07685284024138e-5,5.000073002332861e-5,-5.150956814482438e-13,-2.600185590512109e-10,2.628980935849015e-5,-2.628980935849015e-5,0.0,5.667304685882238e-12,0.012314218998812151,1.2661350968116785,102.81895237804459,-18.99145233740609,0.36631670028286145,0.3439649647292497,5.487863922245238e-12,3.941743424306091e-5,1.3162227590875654e-5,true
20.03125,2.102176248690665,1.0119191348599774e-11,2.8804284223925995e-5,4.783084525308557e-5,-4.329365164201584e-13,-2.5994821021462546e-10,2.5470928296481905e-5,-2.5470928296481905e-5,0.0,4.813674093645804e-12,0.012217122313903272,1.2661607376693107,103.63821406849635,-19.1402898589774,0.3552132018505196,0.33472325313706797,4.672559189754216e-12,3.818938153758492e-5,1.275251447109998e-5,true
20.09375,2.102176248690665,8.58619074486882e-12,2.6943400913534202e-5,4.581090835501829e-5,-3.631872026092113e-13,-2.5975258812602834e-10,2.471369876381096e-5,-2.471369876381096e-5,0.0,4.0844295287879435e-12,0.012125229771435207,1.2660957490279434,104.41828921136243,-19.29070668195432,0.3436778345127049,0.32501873256151836,3.9743097812976436e-12,3.7053798341915815e-5,1.2373646542973376e-5,true
20.15625,2.102176248690665,7.27897789718676e-12,2.5165961413198646e-5,4.394441440995508e-5,-3.0403438720283186e-13,-2.594231370826492e-10,2.402993988901002e-5,-2.402993988901002e-5,0.0,3.4625916365102366e-12,0.012040420470153,1.2659010504290307,105.13761156157902,-19.442755354871306,0.3313728236597626,0.3145523781899197,3.377611224625808e-12,3.602840139968983e-5,1.203153584685443e-5,true
20.21875,2.102176248690665,6.1638829871747765e-12,2.3469918745501628e-5,4.2213517723122386e-5,-2.5393829983659523e-13,-2.589891557381402e-10,2.3404827276353346e-5,-2.3404827276353346e-5,0.0,2.9321437681611783e-12,0.011961285553138083,1.2655998636118373,105.80801352742583,-19.596567220708735,0.3184972087607057,0.3034765340479015,2.8672905577126788e-12,3.509094812889026e-5,1.171876251619653e-5,true
20.28125,2.102176248690665,5.2111102840689014e-12,2.1870312311943822e-5,4.058540844545364e-5,-2.1159238130643495e-13,-2.5849682902118935e-10,2.2805164335929836e-5,-2.2805164335929836e-5,0.0,2.478912168908115e-12,0.011883867237470279,1.2652662621781028,106.46923572056332,-19.752302270911688,0.30570421309124024,0.29234855632571194,2.4297692724695192e-12,3.4191654215295095e-5,1.1418717052959327e-5,true
20.34375,2.102176248690665,4.397174064796095e-12,2.0377547105075116e-5,3.90388355425589e-5,-1.7587740659351005e-13,-2.5796528605012696e-10,2.2211368389020408e-5,-2.2211368389020408e-5,0.0,2.091724738843788e-12,0.011805686502385771,1.2649486284677307,107.14740123008531,-19.910012982706984,0.29344075613425663,0.2815684766827876,2.054613881989353e-12,3.3301160646043416e-5,1.11216040913075e-5,true
20.40625,2.102176248690665,3.703531330184525e-12,1.8981989664250703e-5,3.757635512575486e-5,-1.458205150037759e-13,-2.573755468176145e-10,2.163171148723539e-5,-2.163171148723539e-5,0.0,1.761760619496705e-12,0.011727851242011828,1.2646252147945847,107.83093924865024,-20.069728064272283,0.28155536202177384,0.2710179534456946,1.7338667509879266e-12,3.2431997771419226e-5,1.083160442901029e-5,true
20.46875,2.102176248690665,3.11436351388735e-12,1.7664718130631857e-5,3.6207943716620435e-5,-1.2057515163734513e-13,-2.5670319204659714e-10,2.1082839877451046e-5,-2.1082839877451046e-5,0.0,1.4814949582972042e-12,0.011652681584806115,1.2642497042522178,108.49431481082156,-20.23142004113251,0.26965861918009243,0.2603586275436969,1.4607114737015385e-12,3.160886219967544e-5,1.0556958478594199e-5,true
20.53125,2.102176248690665,2.6150511097102103e-12,1.6415310406845157e-5,3.4930298411984555e-5,-9.941914111621986e-14,-2.5594651037243817e-10,2.0566764260973483e-5,-2.0566764260973483e-5,0.0,1.2439732926004602e-12,0.011580652543051287,1.2638122094872253,109.13134685536764,-20.3950329771783,0.25763637298878705,0.24948928215914545,1.2286556240553113e-12,3.083491702776183e-5,1.0298722100771786e-5,true
20.59375,2.102176248690665,2.1942339781974754e-12,1.5235586929524234e-5,3.373253917763861e-5,-8.174719315189528e-14,-2.5511288499435066e-10,2.0075197248399614e-5,-2.0075197248399614e-5,0.0,1.0437916323924544e-12,0.011510772385988861,1.2633417738852013,109.75299758537193,-20.559717296022963,0.24567077007669302,0.23857669696839673,1.0325906519368344e-12,3.0097732111609732e-5,1.0052748234122952e-5,true
20.65625,2.102176248690665,1.8422028188492728e-12,1.4120269634666457e-5,3.260096204154118e-5,-6.703278161591032e-14,-2.5420350958980975e-10,1.9600616698325102e-5,-1.9600616698325102e-5,0.0,8.763312876342713e-13,0.0114420785711519,1.2628733864506965,110.37097661911616,-20.724085407624628,0.2338265184015137,0.22768502630291185,8.681758615491981e-13,2.938602643146198e-5,9.815273050193956e-6,true
20.71875,2.102176248690665,1.5443851323431736e-12,1.3078668251033598e-5,3.1551885951862007e-5,-5.4773442715017663e-14,-2.531790789036699e-10,1.915320209027154e-5,-1.915320209027154e-5,0.0,7.346601567328571e-13,0.011376164947739303,1.2623476231692676,110.96425104315354,-20.890377198509167,0.22219664878588927,0.21690666796578423,7.287675396069117e-13,2.8715065822969066e-5,9.591390610093221e-6,true
20.78125,2.102176248690665,1.272587852628679e-12,1.2054294141559261e-5,3.052466148401662e-5,-4.4459837553730694e-14,-2.520633047273933e-10,1.8706385158802902e-5,-1.8706385158802902e-5,0.0,6.053668684637204e-13,0.011309176299100988,1.2616751762784884,111.56207516004362,-21.073579314565734,0.2102050244957429,0.205709395502199,6.013701963695344e-13,2.8045003596661343e-5,9.367805245711977e-6,true
20.84375,2.102176248690665,1.0105856202773508e-12,1.1203947721349123e-5,2.9707012967869812e-5,-3.5780380873919044e-14,-2.5057298085073534e-10,1.8352558234086177e-5,-1.8352558234086177e-5,0.0,4.807330598025695e-13,0.011255272822249716,1.2603154817207278,111.97556039950479,-21.29530950200137,0.1995605411566587,0.1957017318264019,4.783042490335473e-13,2.7514400121346406e-5,9.190752312530902e-6,true
20.90625,2.102176248690665,7.976437820480281e-13,9.986279806174428e-6,2.8484065421399723e-5,-2.885750968551405e-14,-2.492933030548842e-10,1.7794216619772785e-5,-1.7794216619772785e-5,0.0,3.794371582995662e-13,0.011168604663424994,1.2596723802543437,112.78690742627192,-21.518141879681934,0.18398249590163232,0.18094551910927395,3.783092894274624e-13,2.667710684438747e-5,8.911358735761723e-6,true
20.96875,2.102176248690665,7.557351457964327e-13,9.029693116271935e-6,2.762695339357618e-5,-2.4755514331021803e-14,-2.4968684271958227e-10,1.7416360507676307e-5,-1.7416360507676307e-5,0.0,3.5950132452839784e-13,0.011108786471676024,1.260452199845917,113.46443673750333,-21.56381354208724,0.1703661256812976,0.16794627085202643,3.5849357144132983e-13,2.611046088602209e-5,8.722273886470456e-6,true
