r,tau,Dtau,Sr,E,nur,Pi,piR,piEta,piPhi,D,T,mu,alpha,phi,ur,v,n,e,P,ok
0.03125,3.8021779486924,0.3008419759600852,0.0,4.863751868808974,-8.668275905455486e-6,-0.004738805387642063,0.07266707014483681,-0.1589549841525485,0.08628791400771169,0.0791235917991548,0.22904130286654525,1.4461970550523038,6.314132154124859,-0.23490498994867054,0.0,0.0,0.07912359179915476,4.863751868809007,1.5892678686068715,true
0.09375,3.8021779486924,0.299418673243811,0.05135669001153908,4.832153673684297,-2.6040058374346645e-5,-0.004748564414647959,0.06735046858746449,-0.1521553088508524,0.08480484026338792,0.07874925300294888,0.2286609449254681,1.4458591795691231,6.323157546822874,-0.2367733608750897,0.007933626648800507,0.007933376979709385,0.07874698136429234,4.831746241702038,1.5787411616633,true
0.15625,3.8021779486924,0.2992564882673845,0.0851043216023975,4.835828317275272,-4.3288947569088464e-5,-0.004749395733808948,0.07293825390296646,-0.15227839969223123,0.07934014578926477,0.07870659719393229,0.22869814665500324,1.4456500326182058,6.321214464404927,-0.23764935648465252,0.013126884368089075,0.01312575353408006,0.07870038505397181,4.834711258925275,1.5797493665238738,true
0.21875,3.8021779486924,0.29877870161153164,0.12103445303506516,4.831094039608177,-6.0724685359596884e-5,-0.004749786371776268,0.07447897269670532,-0.15205370986090574,0.07757473716420042,0.078580935885519,0.22862956985961544,1.4454021954389784,6.322026482954472,-0.23880465066065634,0.018685267206320626,0.018682006180488906,0.07856835589454833,4.8288328732085475,1.577841424197496,true
0.28125,3.8021779486924,0.2983386429144538,0.15536086741803873,4.826681653878589,-7.808123717829788e-5,-0.0047492923154165805,0.07547399985374872,-0.152099510328999,0.07662551047525026,0.07846519730015658,0.22856072381444803,1.445178163429281,6.322950589719505,-0.23985676828370925,0.024007039043441817,0.0240001239488543,0.07844446925439079,4.8229529738037975,1.5759296825596942,true
0.34375,3.8021779486924,0.2978062941179124,0.18982382915883167,4.821170580306597,-9.545723413998482e-5,-0.004748569079699835,0.07577334307447549,-0.1520097715555375,0.076236428481062,0.07832518575842311,0.22847440462723448,1.4449115545592102,6.3241725344098985,-0.24111429694135295,0.029371105681235417,0.029358445205762532,0.07829422479407855,4.815597647819524,1.573536322850083,true
0.40625,3.8021779486924,0.2971872014098781,0.2239828236750892,4.8153045577558,-0.0001127624707224088,-0.0047475718982473505,0.07589760014910277,-0.15190081881835496,0.07600321866925219,0.07816235994743044,0.22837991565417787,1.444588284239243,6.3253735780632185,-0.24262954823340793,0.03470726131545325,0.03468637610305067,0.07811923444962114,4.807535405293224,1.5709171212489594,true
0.46875,3.8021779486924,0.2964569848723008,0.2580222098095687,4.808652362848756,-0.00013008425951513888,-0.0047463748044889904,0.07589573642784367,-0.15174594648003353,0.07585021005218986,0.0779703077743257,0.22827199556287067,1.4441995784340556,6.3266612046430115,-0.2444470747642625,0.040049608688849686,0.04001752806741339,0.07791305331574798,4.7983269518257385,1.567928114684308,true
0.53125,3.8021779486924,0.29562208436887843,0.29186209724382434,4.8012104876809865,-0.00014740146673591825,-0.004744973326393502,0.07585298357631721,-0.15156658590053362,0.07571360232421641,0.07775072296933006,0.2281506019822772,1.443750138810315,6.328057547367181,-0.24654706453088557,0.04538878932044524,0.04534210775601898,0.07767743434971802,4.787976845017907,1.5645701181490643,true
0.59375,3.8021779486924,0.2946858826735078,0.32550004285938716,4.79289508044102,-0.00016474743639212917,-0.004743377196338761,0.07578394459935342,-0.15136199047406113,0.0755780458747077,0.07750449522617758,0.22801465359957213,1.443244258990738,6.329611874530182,-0.24891269097526356,0.050728592102166854,0.05066344558353782,0.07741329859232199,4.776404126732262,1.5608157505312432,true
0.65625,3.8021779486924,0.29365154252416875,0.35890367080163543,4.7836970383085475,-0.00018210477511056334,-0.004741584993340268,0.07570144659160692,-0.1511352893670212,0.07543384277541428,0.07723245636758214,0.22786401357620756,1.4426841921529363,6.331338457138343,-0.25153514566658336,0.056067598957606254,0.055979679819238064,0.07712152697291227,4.763605725731218,1.5566636356965868,true
0.71875,3.8021779486924,0.2925188879127393,0.39205106939463896,4.773605352820143,-0.00019944903954587193,-0.0047395948983806335,0.07560798615002255,-0.15088645680431778,0.07527847065429523,0.07693456010214854,0.22769852793993323,1.4420695808571138,6.333240684092306,-0.2544171877921329,0.06140612291083126,0.06129067689354382,0.07680212137349934,4.749576277400211,1.5521119891145654,true
0.78125,3.8021779486924,0.29128742885496695,0.4249176192118217,4.762621535514169,-0.0002167072817911615,-0.004737402659649229,0.07550524922809643,-0.15061584753787804,0.07511059830978162,0.0766106775605132,0.2275182007322939,1.4413994445010005,6.335314888486671,-0.257564253366925,0.06674390505619415,0.06659573624640404,0.07645500465191062,4.734323833818789,1.5471635355929692,true
0.84375,3.8021779486924,0.28995826824317805,0.45748067700116984,4.750748880633285,-0.00023377639092422517,-0.004735003795258055,0.07539366394879501,-0.1503235265651273,0.07492986261633228,0.07626109881124765,0.2273230440643529,1.4406739554343198,6.337562306382274,-0.2609768174179721,0.07208094966461744,0.07189442202925407,0.07608051771136846,4.717858571770867,1.541821539974539,true
0.90625,3.8021779486924,0.28853420030990695,0.48971763608721475,4.737993246211536,-0.0002506673449171246,-0.00473239361327376,0.07527360516057029,-0.1500096820783273,0.07473607691775701,0.07588655875749745,0.22711308984582382,1.4398945486505945,6.339989252174192,-0.26464987724929545,0.07741718667598105,0.07718622744771772,0.0756794562075637,4.700193789367499,1.536090124635975,true
0.96875,3.8021779486924,0.28701721928315965,0.5216062302940268,4.724360672333729,-0.0002675152759283632,-0.004729567077052573,0.07514520086809773,-0.14967445174992722,0.07452925088182949,0.07548758189549419,0.22688837517285015,1.4390620211243446,6.342599174717635,-0.2685813181447975,0.08275254459715713,0.08247064755781486,0.07525241999831891,4.681343468751382,1.5299737199766967,true
1.03125,3.8021779486924,0.2854082726220043,0.553124360839466,4.709857279957524,-0.0002842489126697006,-0.00472651857908751,0.07500840861177643,-0.14931792226122256,0.07430951364944613,0.0750644174137506,0.22664894364878083,1.4381762459635314,6.3453913475641635,-0.27277318411980656,0.0880869207794582,0.08774715012473182,0.07479972324783427,4.661322193629523,1.5234770734210574,true
1.09375,3.8021779486924,0.28370873181353906,0.5842502658814146,4.694489546974326,-0.00030086400425627635,-0.004723242071388682,0.07486306204824517,-0.14894013346663373,0.07407707141838857,0.07461742602318464,0.22639483906318256,1.4372373991276135,6.348366442781443,-0.2772262880730715,0.09342020235668,0.09301519673771459,0.07432179988608706,4.640145393549571,1.5166051664627094,true
1.15625,3.8021779486924,0.2819202054090145,0.6149626744083053,4.678264602750637,-0.00031735450659868027,-0.00471973105243105,0.07470896178282055,-0.14854111716111665,0.0738321553782961,0.07414703078428225,0.22612611013751235,1.4362457922250926,6.351525665707863,-0.2819409387802983,0.09875227994965051,0.09827425664037404,0.07381914920703281,4.617829603061916,1.5093633231511094,true
1.21875,3.8021779486924,0.2800444118192004,0.6452410129729034,4.661190272563962,-0.00033371181973714187,-0.004715978544966307,0.07454595790662669,-0.14812093724804706,0.07357497934142038,0.0736536836513688,0.22584281146168453,1.4352017717467207,6.354870285478228,-0.28691738220002044,0.10408307395118771,0.10352383281703083,0.0732923019474093,4.594392449810605,1.5017572198381397,true
1.28125,3.8021779486924,0.2780831483656504,0.6750654372999398,4.643275063778167,-0.0003499288771462688,-0.004711977105708542,0.07437400985314457,-0.1476797214748405,0.07330571162169591,0.07313785733287036,0.22554500343146006,1.4341056975478537,6.358401541728935,-0.29215589549591015,0.10941253421963698,0.10876346168719468,0.07274181227072897,4.569852609952475,1.4937928735180657,true
1.34375,3.8021779486924,0.2760382831317962,0.7044167742289014,4.62452802689077,-0.00036600122677566896,-0.004707718882454026,0.07419318097742669,-0.1472176609032114,0.0730244799257847,0.07260004314809305,0.22523275067945933,1.4329579419934921,6.362120684805784,-0.29765679193750544,0.1147406292841752,0.11399270247886693,0.07216825559691084,4.544229655125505,1.4854765916103594,true
1.40625,3.8021779486924,0.2739117527534519,0.7332764254242493,4.60495861361305,-0.0003819260433327932,-0.004703195687432878,0.07400359696765826,-0.1467349902066916,0.07273139323903333,0.07204075044611008,0.22490612056291975,1.431758893367796,6.366029033732975,-0.3034204069742638,0.12006733070995325,0.11921112194294782,0.07157222783124649,4.51754390824454,1.4768149241197408,true
1.46875,3.8021779486924,0.2717055623526524,0.7616262997251759,4.584576583196814,-0.0003977007945322502,-0.0046983990622122135,0.07380539728045259,-0.14623196312903436,0.07242656584858177,0.07146050658836053,0.22456518221802477,1.43050895976375,6.370128020891967,-0.3094470814660082,0.12539260178720568,0.12441828344272526,0.07095434506559083,4.489816346360913,1.4678146313071734,true
1.53125,3.8021779486924,0.26942178547203366,0.7894487945875032,4.563391973808374,-0.00041332233071287233,-0.004693320320786988,0.07359870209138884,-0.14570883480101315,0.07211013270962431,0.07085985693139113,0.2242100063397965,1.4292085715812066,6.3744192104218635,-0.3157371500695067,0.13071639282563277,0.12961374260806616,0.07031524324708026,4.461068560945344,1.4584826705328715,true
1.59375,3.8021779486924,0.2670625626811725,0.8167268187303673,4.541415117174965,-0.00042878657608719315,-0.004687950571656784,0.07338360009962054,-0.14516585420284273,0.07178225410322218,0.07023936446031347,0.2238406654187343,1.4278581821718292,6.378904295610287,-0.322290937141455,0.13603864192664866,0.13479704838083048,0.06965557750366916,4.431322752677698,1.448826194751241,true
1.65625,3.8021779486924,0.264630098718045,0.8434438346318297,4.518656668877121,-0.00044408863856418507,-0.0046822807266153794,0.07316015204283643,-0.14460326464752346,0.07144311260468703,0.0695996090369872,0.2234572341264775,1.4264582671308683,6.383585086010187,-0.32910875835645054,0.14135927836556406,0.13996774659335295,0.06897602110492332,4.400601735966986,1.4388525543998707,true
1.71875,3.8021779486924,0.26212665864327167,0.8695839024513641,4.495127634176956,-0.00045922308573936383,-0.004676301504796962,0.07292840133173516,-0.1440213081778037,0.07109290684606855,0.06894118638855899,0.2230597896361286,1.425009323013862,6.388463493749551,-0.33619092490165164,0.146678226203734,0.14512538373321965,0.06827726418160318,4.368928936646999,1.428569297109195,true
1.78125,3.8021779486924,0.25955456357658657,0.8951317152981002,4.4708393812104,-0.0004741842034940013,-0.004670003437773046,0.0726883849778032,-0.14342023045585287,0.07073184547804967,0.06826470698612344,0.22264841179862968,1.42351186605914,6.393541523874014,-0.3435377478014008,0.1519954068531467,0.15026950965062558,0.06756001234535765,4.336328377281634,1.4179841633186185,true
1.84375,3.8021779486924,0.25691618640790753,0.9200726234841219,4.44580364180565,-0.0004889661585161248,-0.004663376878196658,0.07244014128736326,-0.14280028428155428,0.07036014299419102,0.06757079491670376,0.22222318318653345,1.4219664311871838,6.398821269667394,-0.35114954116787656,0.15731074031990971,0.15539967895590914,0.0668249853041297,4.3028246515023,1.4071050782350791,true
1.90625,3.8021779486924,0.2542139476704365,0.9443926498468588,4.420032504089807,-0.0005035630578120199,-0.004656412012106904,0.07218371358963392,-0.142161731259144,0.06997801766951008,0.06686008679784772,0.22178418905504155,1.420373571316423,6.404304911762308,-0.3590266241378265,0.16262414541387127,0.1605154514015795,0.0660729155179496,4.268442891601898,1.3959401415255768,true
1.96875,3.8021779486924,0.25145031161065945,0.9680784996968593,4.393538401528531,-0.0005179689363410833,-0.004649098873874269,0.0719191508187347,-0.14150484193775614,0.06958569111902144,0.06613323074400956,0.22133151727170172,1.4187338569165844,6.409994719256263,-0.36716932177198736,0.1679355393900946,0.16561639171135528,0.0653045469031594,4.233208733518392,1.384497616119515,true
2.03125,3.8021779486924,0.24862778241057593,0.9911175685852845,4.366334101871909,-0.000532177711676924,-0.004641427362556488,0.07164650627678149,-0.14082989503915788,0.0691833887623764,0.0653908853729692,0.22086525825123995,1.4170478756896814,6.415893051308924,-0.3755779653491652,0.17324483743352223,0.1707020692593144,0.06452063357467869,4.197148282038714,1.3727859170696661,true
2.09375,3.8021779486924,0.2457489004988297,1.013497949985201,4.338432697877415,-0.0005461831339722424,-0.004633387258707433,0.07136583579627397,-0.14013717636323927,0.06877134056696531,0.06463371883563333,0.22038550491381392,1.4153162322883348,6.422002358284961,-0.3842528924249462,0.17855195225396148,0.17577205785721006,0.06372193861151186,4.160288077578871,1.3608136009302547,true
2.15625,3.8021779486924,0.2428162388931683,1.0352084438085245,4.309847600301335,-0.0005599787491569076,-0.004624968241112491,0.07107719611869392,-0.13942697777930785,0.06834978166061392,0.06386240785407606,0.2198923526701935,1.4135395480156154,6.428325182075426,-0.3931944468940339,0.18385679390908952,0.1808259357604353,0.06290923283288448,4.1226550647475095,1.3485893557265665,true
2.21875,3.8021779486924,0.23983239953379737,1.0562385657746465,4.2805925327430625,-0.0005735578812650309,-0.004616159903316708,0.07078064387981274,-0.1386995965061818,0.06791895262636906,0.06307763675718484,0.21938589942829403,1.4117184604806285,6.434864155624763,-0.4024029791770011,0.18915926985910506,0.18586328589211734,0.0620832935764993,4.084276562228234,1.33612199136459,true
2.28125,3.8021779486924,0.23680000958809766,1.0765785571345106,4.250681527520539,-0.0005869136321681756,-0.004606951770065419,0.0704762352549848,-0.13795533471666113,0.06747909946167634,0.06228009650877469,0.2188662456116853,1.4098536232070917,6.441622001907358,-0.4118788465574855,0.19445928519326772,0.19088369622437554,0.06124490347531428,4.045180233265973,1.3234204302438464,true
2.34375,3.8021779486924,0.2337217177236971,1.0962193941005132,4.220128921751311,-0.0006000388933957945,-0.004597333313887043,0.07016402612305742,-0.13719449940230846,0.06703047327925105,0.061470483727379434,0.21833349418147183,1.407945705203964,6.448601532633946,-0.421622413643614,0.19975674294942877,0.195886760238686,0.06039484923332919,4.005394056138839,1.3104936978669395,true
2.40625,3.8021779486924,0.23060019035578877,1.1151527964266776,4.188949353025283,-0.0006129263645555349,-0.004587293972044229,0.06984407254743343,-0.1364174024010738,0.06657332985364038,0.06064949969926948,0.21778775065525863,1.405995390508352,6.455805646911406,-0.4316340529199465,0.20505154446022034,0.20087207740066682,0.059533920402607673,3.9649462941981035,1.2973509133058048,true
2.46875,3.8021779486924,0.22743810787682592,1.133371234775432,4.157157754315001,-0.0006255685746245236,-0.004576823164014414,0.06951643140473068,-0.13562436050338886,0.06610792909865817,0.059817849386834654,0.2172291231199399,1.4040033777074963,6.463237329979444,-0.4419141453676107,0.21034358968309158,0.20583925360808392,0.05866290816454929,3.9238654652998095,1.2840012794646787,true
2.53125,3.8021779486924,0.22423816087490267,1.1508679366874843,4.124769347966234,-0.0006379579045535187,-0.004565910309580742,0.06918116106176546,-0.13481569558568296,0.0656345345239175,0.05897624043399126,0.21665772223689267,1.4019703794404064,6.470899652067318,-0.4524630811562232,0.2156327774942743,0.2107879015932865,0.05778260411774434,3.882180310594691,1.2704540731278324,true
2.59375,3.8021779486924,0.2210030463448982,1.1676368910793058,4.091799638712816,-0.0006500866112135419,-0.004554544847561688,0.06883832206687127,-0.133991734752188,0.06515341268531674,0.058125382169685914,0.21607366123918467,1.3998971218764804,6.478795767369591,-0.46328126042493356,0.22091900593938732,0.21571764127358725,0.0568937990744824,3.839919762721762,1.2567186348064847,true
2.65625,3.8021779486924,0.21773546389568454,1.1836728512337955,4.0582644056787425,-0.000661946853368802,-0.004542716255184556,0.06848797786012184,-0.13315281048517297,0.06466483262505113,0.05726598461036405,0.2154770559203692,1.3977843441672797,6.486928913136065,-0.4743690941762945,0.22620217243855745,0.22062810004817046,0.05599728186770033,3.7971129134517647,1.2428043583996935,true
2.71875,3.8021779486924,0.21443811195893175,1.198971336242093,4.024179693317599,-0.0006735307201291954,-0.004530414068107322,0.06813019551658728,-0.1322992608089427,0.06416906529235542,0.05639875746285856,0.2148680246143817,1.3956327978698082,6.495302408883386,-0.48572700529777296,0.23148217394156312,0.22551891303806784,0.05509383817074769,3.753788980827548,1.2287206806840683,true
2.78125,3.8021779486924,0.2111136840088247,1.213528630831818,3.989561801219619,-0.0006848302615942944,-0.004517627901113076,0.06776504652328418,-0.1314314294667266,0.06366638294344241,0.055524409130148264,0.21424668816551115,1.393443246343646,6.503919655771643,-0.4973554297093088,0.23675890702533048,0.23038972326302856,0.054184249333058036,3.709977275817202,1.2144770706364245,true
2.84375,3.8021779486924,0.20776486480747186,1.2273417835022,3.9544272727222376,-0.0006958375204388426,-0.0045043474695130314,0.06739260756564994,-0.1305496660976624,0.06315705853201245,0.05464364572387357,0.2136131698879348,1.3912164641286653,6.512784136195918,-0.5092548176144966,0.24203226792203955,0.23524018174566935,0.05326929123610184,3.665707168538963,1.2000830186073785,true
2.90625,3.8021779486924,0.20439432669549382,1.2404086028954002,3.9187928822991425,-0.000706544562339042,-0.004490562611298703,0.06701296127314281,-0.12965432638838706,0.06264136511524425,0.05375717008873472,0.21296759551424604,1.3889532363142996,6.521899413666378,-0.5214256348134061,0.24730215246662832,0.2400699475341922,0.05234973317475565,3.621008054118336,1.1855480253640265,true
2.96875,3.8021779486924,0.20100472595127405,1.2527276523754565,3.882675621777076,-0.0007169435026893773,-0.00447626331007072,0.06662619685449289,-0.12874577216453484,0.06211957531004195,0.05286568084494867,0.2123100931338749,1.386654357912534,6.531269133013668,-0.5338683640254179,0.25256845595455896,0.24487868763726817,0.051426336769937235,3.575909318339527,1.1708815910534676,true
3.03125,3.8021779486924,0.1975986992433028,1.2642982428586507,3.846092685523965,-0.0007270265271466042,-0.004461439718738594,0.06623241054893075,-0.12782437138557565,0.06159196083664489,0.051969871455190206,0.21164079312279657,1.3843206332478695,6.540897020947515,-0.5465835061627838,0.2578310729099713,0.2496660768734618,0.05049985491838577,3.53044030328211,1.156093204148508,true
3.09375,3.8021779486924,0.19417886019822067,1.2751204240304521,3.809061454851536,-0.0007367859042002198,-0.004446082183938993,0.06583170583478039,-0.12689049801412652,0.061058792179346136,0.05107042932196278,0.2109598280672015,1.381952875373687,6.550786886939745,-0.5595715815084424,0.26308989677502626,0.2544317976473496,0.04957103078469131,3.4846302732080106,1.1411923304619271,true
3.15625,3.8021779486924,0.19074779610199913,1.2851949741692992,3.771599481954399,-0.0007462139890997629,-0.0044301812710647315,0.06542419336853124,-0.12594453174686057,0.06052033837832933,0.05016803491998549,0.21026733268473882,1.3795519055198096,6.560942624350593,-0.5728331307687367,0.26834481954056116,0.2591755396726867,0.048640596839580046,3.43850838100794,1.1261884023308164,true
3.21875,3.8021779486924,0.18730806474458678,1.2945233888555867,3.733724473736241,-0.000755303219810451,-0.004413727789747794,0.06500999066730395,-0.12498685761412462,0.05997686694682067,0.049263360966312356,0.209563443746962,1.3771185525694891,6.571368211682448,-0.5863687160003175,0.2735957313473394,0.2638969996707083,0.04770927394653566,3.3921036354944234,1.1110908080659345,true
3.28125,3.8021779486924,0.18386219141025123,1.303107868859457,3.6954542758460245,-0.0007640461068653632,-0.004396712819609766,0.06458922158544382,-0.12401786547432733,0.05942864388888351,0.0483570716287708,0.2088483000060288,1.3746536525590423,6.582067713835163,-0.6001789214340715,0.27884252009084376,0.2685958810741375,0.046777770497160816,3.3454448697688934,1.0959088817417901,true
3.34375,3.8021779486924,0.1804126660089848,1.3109513074669992,3.6568068571660532,-0.0007724352197831831,-0.004379127736084322,0.06416201566202057,-0.12303794944219262,0.05887593378017206,0.047449821771500776,0.20812204212628296,1.372158048190139,6.593045283293683,-0.614264354240239,0.28408507108019343,0.2732718937822127,0.0458467815936388,3.298560710718278,1.080651893346604,true
3.40625,3.8021779486924,0.17696194034005974,1.318057277435073,3.6178002948838963,-0.0007804631729213642,-0.004360964236134322,0.06372850742542366,-0.12204750729465004,0.05831899986922638,0.04654225623525022,0.20738481263398506,1.3696325883291427,6.6043051606986145,-0.6286256453163891,0.2893232666402389,0.2779247538673496,0.04491698827985006,3.251479550469684,1.0653290395679038,true
3.46875,3.8021779486924,0.17351242547709989,1.324430017674465,3.578452760167358,-0.0007881226133081202,-0.004342214363722431,0.0632888357335471,-0.12104693989427343,0.057758104160726326,0.04563500914963021,0.206636755854516,1.367078127513563,6.615851675856079,-0.6432634500902709,0.2945569859950364,0.28255418353373607,0.04398905681026816,3.2042295178757816,1.0499494345752238,true
3.53125,3.8021779486924,0.1700664892656102,1.3300744196776177,3.538782504369321,-0.000795406212324292,-0.004322870534939634,0.062843143207123,-0.12003665065967667,0.057193507452553666,0.04472870327494731,0.20587801787588178,1.3644955254138271,6.627689247700277,-0.6581784494732449,0.29978610500817066,0.28715991094762805,0.04306363796606278,3.1568384524609767,1.0345221016066697,true
3.59375,3.8021779486924,0.16662645392663433,1.3349960136416037,3.498807845628293,-0.0008023066622700827,-0.004302925562741436,0.062391575787023694,-0.11901704509885491,0.05662546931183122,0.04382394937194839,0.2051087465076051,1.3618856462759796,6.63982238429546,-0.6733713509330979,0.30501049608324105,0.29174167020867564,0.04214136640899646,3.1093338788865674,1.0190559647154112,true
3.65625,3.8021779486924,0.16319459376407894,1.3392009542004146,3.4585471557071603,-0.0008088166780802717,-0.00428237268127539,0.06193428242090452,-0.11798853040867213,0.05605424798776761,0.042921345598830506,0.20432909124448756,1.359249358331459,6.652255682501251,-0.6888428897289391,0.3102300280907279,0.2962992013415998,0.04122286007595033,3.0617429825416673,1.0035598408773156,true
3.71875,3.8021779486924,0.15977313297653412,1.3426960056709119,3.418018846922994,-0.0008149290038542318,-0.004261205569808205,0.06147141486557238,-0.11695151513413403,0.05548010026856165,0.042021476935734006,0.2035392032316563,1.3565875331771469,6.664993827420848,-0.704593830308108,0.315444566326139,0.30083225031181837,0.04030871961385162,3.0140925860523247,0.9880424323905309,true
3.78125,3.8021779486924,0.1563642435770956,1.3454885267271628,3.3772413590517676,-0.0008206364235262578,-0.004239418376264008,0.061003127579955366,-0.1159064088752708,0.05490328129531544,0.04112491463764092,0.20273923522954773,1.3539010451290048,6.678041591683403,-0.7206249678587245,0.32065397248481453,0.305340569051586,0.03939952785581083,2.966409126648513,0.9725123195465142,true
3.84375,3.8021779486924,0.15297004342602658,1.3475864544420981,3.3362331461281283,-0.0008259317749107712,-0.004217005740384326,0.06052957767889827,-0.11485362202706352,0.05432404434816525,0.04023221571695092,0.2019293415778818,1.3511907705535422,6.691403834605203,-0.7369371300062592,0.32585810464130294,0.30982391548582655,0.038495849339481567,2.9187186343572145,0.9569779535614311,true
3.90625,3.8021779486924,0.1495925943816646,1.3489982876656377,3.2950126630975047,-0.0008308079664224784,-0.004193962816506386,0.06005092491936252,-0.1137935655384578,0.05374264061909528,0.03934392245715662,0.20110967815805073,1.3484575871817401,6.705085501265615,-0.7535311786395665,0.3310568172248658,0.31428205355032857,0.03759822986869516,2.871046711014071,0.9414476497649177,true
3.96875,3.8021779486924,0.14623390057448357,1.3497330697359566,3.253598352309905,-0.0008352579959340791,-0.004170285295942287,0.05956733169599538,-0.11272665067914595,0.053159318983150565,0.038460561958909525,0.20028040235368375,1.345702373409466,6.719091621520874,-0.7704080118535673,0.3362499609858355,0.3187147531979417,0.03670719611923665,2.823418510105909,0.9259295810498852,true
4.03125,3.8021779486924,0.14289590680868264,1.349800370541814,3.212008629868233,-0.0008392749714190567,-0.004145969428923153,0.05907896302988204,-0.11165328880618579,0.05257432577630375,0.03758264571962648,0.19944167300939109,1.3429260075881075,6.733427308970043,-0.7875685659962165,0.34143738294987197,0.3231217903905568,0.03582325528945457,2.7758587174689247,0.9104317715912666,true
4.09375,3.8021779486924,0.13958049709462794,1.3492102679706082,3.1702618718601103,-0.0008428521332083105,-0.004121012046059171,0.05858598654049256,-0.11057389112561435,0.051987904585121786,0.03671066924751137,0.1985936503878545,1.3401293673084147,6.7480977598787,-0.805013817810172,0.3466189263591267,0.3275029470764146,0.03494689479611358,2.7283915328739794,0.8949620908439467,true
4.15625,3.8021779486924,0.13628949331463638,1.3479733287875855,3.1283764005097514,-0.00084598287785519,-0.004095410579256019,0.05808857239546396,-0.10948886844651366,0.051400296051049704,0.035845111710646645,0.19773649612548447,1.3373133286803436,6.763108252063284,-0.8227447866599938,0.35179443060084425,0.33185801115360725,0.03407858201567983,2.681040652530198,0.8795282478301093,true
4.21875,3.8021779486924,0.13302465402355063,1.346100588997285,3.086370470285527,-0.0008486607836999929,-0.0040691630820194405,0.057586893236609205,-0.10839863092685036,0.05081173769024115,0.03498643562153604,0.19687037318679737,1.3344787656113963,6.778464143739886,-0.840762536837127,0.3569637311252203,0.33618677642170963,0.03321876407094902,2.633829252531164,0.8641377857240397,true
4.28125,3.8021779486924,0.1297876733850164,1.3436035337407066,3.044262254002488,-0.0008508796382743818,-0.004042268249075047,0.057081124083531096,-0.1073035878119061,0.05022246372837501,0.034135086557337865,0.195995445817725,1.3316265490860295,6.794170872339744,-0.8590681799339213,0.3621266593542753,0.3404890425233741,0.032367867662782865,2.586779973268094,0.8487980767425181,true
4.34375,3.8021779486924,0.12658018024362414,1.3404940767795397,3.002069828954993,-0.0008526334676933741,-0.004014725435227795,0.05657144221779746,-0.10620414716691773,0.04963270494912027,0.03329149291583159,0.19511187949802145,1.328757546448679,6.81023395329526,-0.8776628772778419,0.36728304258312544,0.3447646148773589,0.031526298946515305,2.5399149048287155,0.8335163173471138,true
4.40625,3.8021779486924,0.12340373733270157,1.336784539618207,2.959811163114753,-0.0008539165681876166,-0.003986534673384112,0.0560580270507638,-0.10510071560562971,0.04904268855486591,0.03245606570706169,0.1942198408929569,1.3258726206932832,6.826658978801397,-0.8965478424147515,0.3724327038747166,0.34901330460416025,0.030694443452482494,2.4932555733988515,0.818299523764172,true
4.46875,3.8021779486924,0.12025984061702957,1.332487630312723,2.91750410142291,-0.0008547235399240204,-0.003957696691661863,0.055541059977526674,-0.10399369801615886,0.04845263803863219,0.03162919838046715,0.1933194978043659,1.3229726297626416,6.843451616564068,-0.9157243436277974,0.377575461949503,0.3532349284457232,0.02987266604997838,2.4468229286745844,0.8031545278252896,true
4.53125,3.8021779486924,0.11714991876929805,1.3276164220139546,2.8751663522012336,-0.0008550493232113743,-0.003928212929512287,0.05502072421952497,-0.10288349728558105,0.04786277306605608,0.03081126668718566,0.19241101912105757,1.320058425861288,6.8606176085516095,-0.9351937064763415,0.3827111310717047,0.3574293086807833,0.029061310953796247,2.400637332287531,0.7880879731293505,true
4.59375,3.8021779486924,0.11407533277886259,1.3221843312903165,2.832815473709177,-0.0008548892371344903,-0.0038980855527808445,0.05449720465854334,-0.10177051402477791,0.04727330936623457,0.030002628577153793,0.1914945747686698,1.3171308547858978,6.878162769765277,-0.9549573163365735,0.3878395209327263,0.36159627303648384,0.028260701772429432,2.3547185472473653,0.7731063115277689,true
4.65625,3.8021779486924,0.11103737569096225,1.3162050962715264,2.79046886086996,-0.0008542390206034673,-0.003867317467634218,0.0539706876644097,-0.10065514629485886,0.04668445863044916,0.029203624130519433,0.19057033565901932,1.3141907552776497,6.896092987048542,-0.9750166209226399,0.39296043653171403,0.3657356545964035,0.027471141596882822,2.3090857284019712,0.7582157999333717,true
4.71875,3.8021779486924,0.10803727247420053,1.3096927546560024,2.7481437321898117,-0.0008530948757660633,-0.003835912333284036,0.0534413609176282,-0.09953778933595439,0.04609642841832619,0.028414575522788307,0.1896384736390174,1.3112389584012532,6.914414217956828,-0.9953731327645002,0.39807367805351274,0.3698472917053572,0.02669291312892954,2.263757413914162,0.7434224974529298,true
4.78125,3.8021779486924,0.10507618001364037,1.3026616216231273,2.7058571168886134,-0.0008514535136833095,-0.0038038745734391838,0.052909413227637946,-0.09841883529888336,0.04550942207124541,0.027635787023007938,0.18869916143909518,1.3082762869558429,6.933132489717523,-1.016028431615676,0.4031790407449619,0.3739310278718604,0.025926278847506624,2.2187515177458508,0.7287322628407102,true
4.84375,3.8021779486924,0.10215518722648878,1.2951262676906352,2.6636258422612684,-0.0008493122020831004,-0.003771209386421226,0.05237503434782272,-0.09729867298040662,0.0449236386325839,0.02686754502419351,0.18775257262112607,1.3053035549230365,6.952253898310434,-1.0369841667621233,0.40827631479007315,0.37798671166880005,0.025171481211818232,2.174085323140999,0.7141507522706273,true
4.90625,3.8021779486924,0.0992753152969624,1.2871014965554735,2.6214665212903965,-0.0008466688149300278,-0.0037379227538782006,0.05183841478870414,-0.09617768756293621,0.044339272774232066,0.02611011810509921,0.1867988815258965,1.3023215669574622,6.971784607698079,-1.0582420592016932,0.4133652851837343,0.38201419663212344,0.024428742899596786,2.1297754770997543,0.6996834174249775,true
4.96875,3.8021779486924,0.0964375180266201,1.278602322955721,2.579395540531232,-0.0008435218834904408,-0.0037040214480362488,0.05129974563022534,-0.09505626035931429,0.04375651472908895,0.025363757122358183,0.18583826322021282,1.299331117925218,6.991730849236087,-1.0798039036610845,0.41844573160326615,0.3860133411571152,0.023698267078872723,2.085837985835847,0.6853355038976784,true
5.03125,3.8021779486924,0.0936426822959808,1.26964395059142,2.537429048286623,-0.0008398706485251203,-0.0036695130374303636,0.05075921833314458,-0.09393476856282068,0.0431755502296761,0.024628695331891364,0.18487089344365365,1.2963329924957991,7.012098921298854,-1.1016715704155777,0.4235174282780371,0.3899840083925389,0.022980237711464253,2.042288211203642,0.6711120499080934,true
5.09375,3.8021779486924,0.09089162863291311,1.2602417501415575,2.4955829430864362,-0.0008357151131610648,-0.0036344058910600385,0.050217024549773545,-0.09281358500265321,0.04259656045287967,0.02390514853839797,0.18389694855489377,1.293327964793149,7.032895189161265,-1.1238470068749333,0.4285801438580368,0.3939260661334481,0.02227481988628015,1.9991408680760419,0.6570178853198453,true
5.15625,3.8021779486924,0.08818511188296331,1.2504112374137573,2.453872862490523,-0.0008310560959028532,-0.003598709180915982,0.0496733559351353,-0.09169307790554322,0.042019721970407924,0.023193315271656575,0.18291660547767083,1.2903167981109915,7.054126085171116,-1.1463322388989179,0.4336336412811706,0.3978393867125603,0.021582160180431686,1.9564100226593402,0.6430576309606983,true
5.21875,3.8021779486924,0.08552382197653416,1.2401680516599747,2.4123141722322483,-0.000825895283169204,-0.0035624328828308682,0.04912840395965841,-0.09057361066419303,0.04144520670453462,0.02249337698829864,0.1819300416464858,1.2873002446973851,7.075798109246741,-1.169129371805008,0.43867767763812526,0.40172384688938617,0.020902387046066347,1.9141090917300878,0.6292356982392908,true
5.28125,3.8021779486924,0.08290838478754559,1.2295279340926313,2.3709219557212937,-0.0008202352806914925,-0.00352558777560788,0.04858235972368865,-0.0894555416128078,0.040873181889119155,0.021805498297642396,0.18093743495216666,1.2842790456129938,7.097917829732199,-1.1922405910310108,0.44371200403391536,0.40557932773654587,0.02023561122075158,1.8722508427787,0.6155562890544112,true
5.34375,3.8021779486924,0.08033936307783984,1.2185067066349307,2.329711003918119,-0.0008140796630594496,-0.0034881854383876643,0.048035413773609925,-0.08833922380972324,0.040303810036113316,0.02112982721007816,0.17993896368726953,1.2812539306671773,7.120491884648019,-1.215668162416447,0.4487363654466279,0.4094057145237953,0.019581926159122465,1.8308473950362072,0.6020233959898058,true
5.40625,3.8021779486924,0.07781725752137272,1.2071202509386167,2.2886958055934885,-0.0008074330206288938,-0.0034502382462175685,0.047487755920008826,-0.08722500482743972,0.0397372489074309,0.020466495406437964,0.1789348064913292,1.2782256184351855,7.143526983371598,-1.2394144320689293,0.4537505005837217,0.4132028966001437,0.018941408483439746,1.7899102213609608,0.5886408027876657,true
5.46875,3.8021779486924,0.07534250780207134,1.195384487699483,2.2478905379873675,-0.0008003010029403771,-0.003411759363791414,0.046939575059066034,-0.08611322655074055,0.03917365149167452,0.01981561852673998,0.17792514229607065,1.2751948163586364,7.167029908773035,-1.263481825785384,0.45875414173473134,0.4169707672732947,0.01831411845065869,1.7494501509647187,0.57541208509484,true
5.53125,3.8021779486924,0.0729154937791438,1.1833153563003433,2.207309057884107,-0.0007926903577761169,-0.003372762737332391,0.04639105899801785,-0.08500422498341595,0.0386131659853981,0.019177296476673333,0.17691015027081153,1.2721622209302914,7.191007519822258,-1.2878728480018686,0.4637470146183215,0.42070922368500396,0.017700100433595357,1.7094773729604464,0.5623406114768084,true
5.59375,3.8021779486924,0.07053653671351214,1.1709287948101346,2.166964893114966,-0.0007846089649946277,-0.0033332630845990946,0.04584239428447438,-0.08389833006356807,0.03805593577909369,0.0185516137501587,0.17589000976813887,1.2691285179633711,7.215466754685825,-1.3125900802493984,0.46872883822290073,0.424418166681949,0.017099383413756386,1.6700014407065433,0.5494295446919164,true
5.65625,3.8021779486924,0.06820590054896272,1.1582407203685348,2.126871234497133,-0.0007760658642888487,-0.0032932758829978676,0.045293766039231374,-0.0827958654873755,0.03750209944814412,0.01793863976630007,0.17486490026987508,1.2660943829444546,7.240414634328828,-1.3376361790991256,0.47369932464132886,0.4280975006827056,0.01651198148339108,1.6310312769184268,0.536681843217126,true
5.71875,3.8021779486924,0.06592379324171109,1.1452670099830287,2.087040928217687,-0.0007670712760154371,-0.003252817355792581,0.04474535779323567,-0.08169714854168586,0.03695179074845019,0.017338429219069775,0.17383500133337323,1.2630604814677189,7.265858266629953,-1.3630138735863027,0.4786581788994963,0.43174713354084676,0.015937894354373042,1.592575179518619,0.5241002630165984,true
5.78125,3.8021779486924,0.06369036813225717,1.132023481762987,2.047486468674835,-0.0007576366142705218,-0.0032119044564065807,0.04419735132986904,-0.0806024899460636,0.036405138616194564,0.016751022438116242,0.17280049253838797,1.260027469746532,7.291804850999567,-1.3887259621100774,0.483605098776255,0.4353669764025057,0.015377107871606033,1.554640828203047,0.5116873595465784,true
5.84375,3.8021779486924,0.0615057253536227,1.1185258766141768,2.008219991787147,-0.0007477744914814766,-0.003170554850818519,0.04364992653274709,-0.07951219370443639,0.035862267171689305,0.016176445759140498,0.17176155343476057,1.256995995197254,7.318261683483744,-1.414775308812313,0.4885397746121855,0.43895694355682363,0.014829594528755761,1.5172352916993712,0.49944548998938587,true
5.90625,3.8021779486924,0.059369913270268825,1.104789840417419,1.9692532687762372,-0.0007374987138962537,-0.0031287868980622996,0.04310326123828939,-0.07842655696598738,0.03532329572769799,0.01561471190234182,0.1707183634909731,1.2539666970891763,7.345236162338687,-1.4411648394452476,0.49346188910700123,0.4425169522794543,0.014295313984212885,1.480365035685416,0.4873768157067012,true
5.96875,3.8021779486924,0.057282929942234787,1.090830906714096,1.9305977004252954,-0.0007268242674520268,-0.003086619628845641,0.04255753109269516,-0.07734586989509931,0.03478833880240415,0.015065820357496642,0.16967110204352973,1.2509402072532931,7.372735794056197,-1.467897536746179,0.49837111710643844,0.4460469226700431,0.013774213575312772,1.4440359313321023,0.47548330490105895,true
6.03125,3.8021779486924,0.05524472460952539,1.076664479918982,1.892264311818935,-0.0007157672936116782,-0.0030440727223100678,0.04201290941404494,-0.07627041555068473,0.03425750613663979,0.014529757774363113,0.16861994824727966,1.2479171508412616,7.400768199805175,-1.4949764353447736,0.5032671253775961,0.44954677748321853,0.013266228829036221,1.4082532644407117,0.4637667354762043,true
6.09375,3.8021779486924,0.053255199192240046,1.0623058190777144,1.8542637475712747,-0.0007043450549014082,-0.003001166480961416,0.04146956706036667,-0.07520046977530027,0.033730902714933605,0.014006498357225743,0.16756508102694767,1.2448981471246423,7.429341122237985,-1.52240461623584,0.5081495723694041,0.4530164419510388,0.012771283967623687,1.3730217451488054,0.4522286980883756,true
6.15625,3.8021779486924,0.05131420980237769,1.0477700221864872,1.8166062675471715,-0.000692575890077888,-0.002957921803807849,0.040927672303216846,-0.07413630109379155,0.0332086287905747,0.013496004262510929,0.16650667903005878,1.2418838103239311,7.458462432607516,-1.55018520085595,0.5130181079562637,0.4564558435958977,0.012289292407742503,1.3383455181755481,0.4408705993793142,true
6.21875,3.8021779486924,0.049421568263696924,1.0330720110909026,1.7793017430742357,-0.0006804791590468256,-0.002914360157750373,0.04038739070555232,-0.0730781706207917,0.032690779915239374,0.012998225998521032,0.16544492058116095,1.2388747504569533,7.488140138150743,-1.5783213448064044,0.5178723731661357,0.45986491203520796,0.011820157252047473,1.3042281735678851,0.429693665378606,true
6.28125,3.8021779486924,0.047577043636524874,1.0182265169801337,1.742359653643085,-0.0006680751778121398,-0.0028705035472792115,0.03984888500358352,-0.0720263319768236,0.03217744697324007,0.012513102826470024,0.16437998363721823,1.235871574195841,7.518382389691515,-1.6068162312698766,0.5227119998949455,0.46324357877953704,0.011363771772197703,1.2706727579089867,0.418698945062874,true
6.34375,3.8021779486924,0.04578036374494929,1.003248066488777,1.705789084096454,-0.0006553851438862749,-0.0028263744825351225,0.03931231499356712,-0.07098103121338116,0.03166871621981404,0.01204056316214593,0.1633120457442631,1.2328748857211351,7.549197489398567,-1.6356730641729074,0.5275366106059124,0.4665917770235357,0.010920019882634253,1.237681785958032,0.4078873140617843,true
6.40625,3.8021779486924,0.04403121670445992,0.9881509684168814,1.6695987223106585,-0.000642431052779431,-0.0027819959458037433,0.03877783742404771,-0.06994250674715122,0.031164669323103508,0.011580524977691435,0.16224128399557172,1.2298852875617248,7.580593898623816,-1.664895061146384,0.5323458180102948,0.469909441427577,0.010488776604691746,1.2052572526957648,0.3972594785025115,true
6.46875,3.8021779486924,0.04232925244845065,0.9729493010785508,1.6337968573668222,-0.000629235606390324,-0.0027373913565195973,0.03824560589244943,-0.0689109893027175,0.030665383410268067,0.011132896203084872,0.16116787499135762,1.2269033814102719,7.612580245759663,-1.6944854463358314,0.5371392247295258,0.4731965078904977,0.010069908520804003,1.173400645741953,0.38681597898146053,true
6.53125,3.8021779486924,0.04067408425238815,0.9576569002894075,1.5983913782030519,-0.0006158221142798731,-0.00269258453486413,0.037715770744628674,-0.06788670186290421,0.03017093111827554,0.010697575127007482,0.16009199479964978,1.2239297689052346,7.645165334075231,-1.7244474431108112,0.5419164229429906,0.4764529133167297,0.009663274218743707,1.142112958102299,0.37655719464910864,true
6.59375,3.8021779486924,0.039065290254837494,0.9422873480013425,1.563389772740578,-0.000602214388904606,-0.0026475996640506205,0.03718847897759171,-0.06686985962668919,0.029681380649097477,0.010274450796884023,0.15901381891809332,1.2209650523711757,7.678358149489413,-1.7547842667218303,0.5466769940248238,0.47967859538035323,0.009268724726011753,1.1113947012066203,0.3664833473951779,true
6.65625,3.8021779486924,0.03750241497493363,0.9268539615886131,1.5287991274824795,-0.0005884366359660591,-0.0026024612513936562,0.03666387414681773,-0.06586066997524455,0.029196795828426818,0.009863403417988633,0.15793352223678905,1.2180098355092792,7.712167868219404,-1.7854991169508279,0.5514205081675595,0.4828734922847586,0.008886103934676173,1.081245918212227,0.35659450612531246,true
6.71875,3.8021779486924,0.035984970826186555,0.9113697837883017,1.4946261275854877,-0.0005745133411440851,-0.0025571940882702093,0.036142096278487794,-0.06485933244611154,0.02871723616762375,0.009464304751586411,0.1568512790024108,1.215064724031257,7.746603864241244,-1.8165951707946446,0.5561465239892127,0.4860375425158113,0.008515249017112465,1.051666197549861,0.34689059112151477,true
6.78125,3.8021779486924,0.03451243962655241,0.8958475732986224,1.4608770573958,-0.0005604691545786786,-0.0025118232090861684,0.035623281785003624,-0.06386603871453836,0.028242756929534735,0.009077018512092923,0.1557672627833376,1.2121303262323098,7.781675716535549,-1.8480755752131224,0.5608545881271895,0.48917068459103635,0.008155990833156039,1.0226546866761017,0.337371378474081,true
6.84375,3.8021779486924,0.03308427410470551,0.880299796038331,1.4275578014344457,-0.0005463287744775855,-0.002466373849369846,0.035107563382609064,-0.06288097258118566,0.0277734091985766,0.00870140076323452,0.15468164643518723,1.2092072535007587,7.817393216120347,-1.8799434399677508,0.5655442348273017,0.49227285681041977,0.007808154329205526,0.9942101059890348,0.328036504570395,true
6.90625,3.8021779486924,0.03169989940255326,0.8647386170675134,1.394673845823671,-0.0005321168311639134,-0.002420871403117992,0.034595070012451226,-0.061904309966660284,0.027309239954209058,0.00833730031322051,0.1535946020664737,1.2062961207623453,7.853766372859095,-1.9122018305730795,0.5702149855315742,0.4953439970111393,0.007471558929862431,0.9663307628755745,0.3188854706297856,true
6.96875,3.8021779486924,0.030358714574081236,0.8491758931656428,1.3622302801546273,-0.0005178577728262096,-0.002375341379524245,0.034085926767222316,-0.0609362189137753,0.026850292146552983,0.007984559108950134,0.15250630100474297,1.2033975468570044,7.890805421997473,-1.9448537613784969,0.5748663484594534,0.49838404232248507,0.0071460189227371155,0.9390145658759375,0.3099176472793358,true
7.03125,3.8021779486924,0.029060094080489277,0.8336231660626834,1.3302317997935869,-0.000503575754227059,-0.002329809359226054,0.033580254823122935,-0.0599768595972585,0.026396604774135565,0.007643012629244057,0.1514169137634215,1.2005121548476507,7.928520830396584,-1.9779021887890174,0.5794978181791329,0.501392928918755,0.006831343837030534,0.912259038946902,0.3011322791642552,true
7.09375,3.8021779486924,0.027803389281242527,0.8180916563207983,1.298682708610928,-0.0004892945295837373,-0.00228430095021092,0.03307817137486712,-0.059026384339592106,0.025948212964724986,0.007312490277001459,0.15032661000878517,1.1976405722633696,7.96692330249035,-2.011350004626329,0.5841088751777239,0.5043705917757255,0.006527338816394145,0.8860613357856335,0.2925284895798493,true
7.15625,3.8021779486924,0.026587929920414505,0.802592257863453,1.2675869221139973,-0.0004750373506822223,-0.002238841743525625,0.03257978957336228,-0.058084937632585425,0.025505148059223146,0.006992815770118889,0.14923555852620157,1.1947834312803352,8.006023786017224,-2.045200029630186,0.5886989854427507,0.5073169644384142,0.006233804986466828,0.8604182541729511,0.28410528511119804,true
7.21875,3.8021779486924,0.02541302560760443,0.7871355331440506,1.2369479709785738,-0.00046082687109211197,-0.0021934572689324763,0.03208521846900439,-0.057152656165959055,0.025067437696954666,0.0066838075309821245,0.14814392718573685,1.191941368841625,8.045833477515533,-2.0794550071036233,0.5932676000538404,0.5102319787987954,0.00595053981744206,0.8353262503196496,0.27586156027492326,true
7.28125,3.8021779486924,0.024277967292597895,0.7717317089427232,1.206769004982124,-0.00044668505723381236,-0.0021481729506567585,0.03159456296285259,-0.05622966886393857,0.02463510590108598,0.00638527907431247,0.14705188290796883,1.189115026715807,8.086363827520689,-2.114117596703999,0.5978141547725624,0.5131155648752601,0.005677337481976528,0.8107814532158472,0.26779610216289945,true
7.34375,3.8021779486924,0.023182028732556762,0.756390672781637,1.177052797330074,-0.0004326331069942736,-0.002103014063372634,0.031107923763850465,-0.05531609692881953,0.024208173164969066,0.0060970393930482,0.14595959163010538,1.1863050514963127,8.127626545452923,-2.1491903683771687,0.6023380696295444,0.5159676505929949,0.005413989208618765,0.7867796789644989,0.25990759508153766,true
7.40625,3.8021779486924,0.0221244679501124,0.7411219699525885,1.1478017493501096,-0.0004186913764600774,-0.002058005688575051,0.030625397349170816,-0.05441205388986731,0.02378665654069649,0.00581889334183351,0.14486721827127477,1.1835120945461688,8.169633604270313,-2.1846757964330052,0.6068387485272058,0.5187881615764737,0.005160283630758509,0.7633164450544921,0.2521946251717765,true
7.46875,3.8021779486924,0.021104528680568627,0.7259348011473324,1.1190178955347414,-0.000404879315095882,-0.002013172671482759,0.030147075929056966,-0.053517645658035434,0.02337056972897847,0.005550642017643242,0.14377492669618688,1.180736811890462,8.212397244934758,-2.22057625377322,0.611315578870865,0.5215770209612274,0.0049160071309872185,0.740386984540265,0.24465568499880622,true
7.53125,3.8021779486924,0.020121441806507816,0.7108380206754468,1.0907029089347222,-0.0003912154094963951,-0.0019685395786116534,0.029673047420584596,-0.05263297058857067,0.022959923167986077,0.005292083137094555,0.14268287967816923,1.1779798640534753,8.25592998060095,-2.2568940062946767,0.6157679312138407,0.5243341492149329,0.004680944180756529,0.7179862601342663,0.2372891781136828,true
7.59375,3.8021779486924,0.01917442677798139,0.6958401352532304,1.0628581069068197,-0.00037771713578862694,-0.0019241306561555479,0.029203395431105145,-0.05175811955180443,0.022554724120699282,0.005043011409967182,0.14159123886291755,1.1752419158363578,8.300244600403389,-2.2936312074934153,0.6201951588972413,0.5270594639552679,0.0044548776751759025,0.6961089782217239,0.23009342359006288,true
7.65625,3.8021779486924,0.018262693016144922,0.680949303351938,1.0354844571942141,-0.00036440092073915557,-0.0018799697893105306,0.028738199246958085,-0.0508931760098141,0.022154976762856014,0.004803218908369507,0.14050016473233823,1.1725236360358555,8.345354172855155,-2.3307898932930637,0.6245965976956105,0.5297528797711417,0.00423758926264532,0.6747496027654133,0.22306666052542432,true
7.71875,3.8021779486924,0.01738544129799815,0.6661733350959951,1.0085825843044445,-0.0003512821114597801,-0.001836080462674864,0.02827753382496728,-0.05003821609752242,0.021760682272555138,0.004572495430935089,0.13940981656659304,1.1698256971061056,8.391272048961525,-2.368371977135321,0.6289715654999258,0.5324143080659013,0.004028859668882545,0.6539023690473987,0.2162070524892926,true
7.78125,3.8021779486924,0.016541865120134218,0.6515196926958671,0.9821527761730408,-0.0003383749533728413,-0.0017924857218468634,0.027821469790945973,-0.04919330871016292,0.021371838919216946,0.004350628861498474,0.1383203524043492,1.1671487747585478,8.4380118649976,-2.406379245394305,0.6333193620393929,0.5350436569220933,0.003828469014923055,0.6335612972363386,0.20951269191486427,true
7.84375,3.8021779486924,0.01573115203970392,0.6369954913940112,0.9561949911252307,-0.00032569257601730074,-0.0017492081363344562,0.02737007344986328,-0.04835851559934734,0.02098844214948406,0.004137405521778377,0.13723192900361514,1.1644935474881606,8.485587544699484,-2.44481335318839,0.6376392686053849,0.5376408309645112,0.0036361971287564732,0.6137202058115656,0.20298160444459404,true
7.90625,3.8021779486924,0.014952484990751663,0.6226075009058389,0.9307088651304312,-0.00031324698636028424,-0.0017062697638860654,0.026923406804737704,-0.04753389147621183,0.020610484671474125,0.003932610517583467,0.13614470180428961,1.1618606960184417,8.534013300705867,-2.483675820654699,0.6419305477614466,0.5402057312115676,0.0034518238502376144,0.5943727248458605,0.19661175323055854,true
7.96875,3.8021779486924,0.014205043573846575,0.6083621473443683,0.9056937193076642,-0.0003010490692809148,-0.0016636921163493239,0.02648152757765424,-0.04671948411819375,0.02023795654053951,0.0037360280779945624,0.13505882489008356,1.1592509026666367,8.583303635360984,-2.5229680297505848,0.6461924430795984,0.5427382549388433,0.0032751293287746185,0.5755123090872095,0.1904010431699242,true
8.03125,3.8021779486924,0.013488005317104864,0.5942655156159053,0.8811485676453206,-0.0002891085947046954,-0.0016214961271538387,0.026044489233384205,-0.0459153344794562,0.019870845246071994,0.0035474418870225415,0.13397445094765234,1.1566648506284736,8.63347334097615,-2.562691221669401,0.650424178940599,0.5452382955760174,0.0031058943132783795,0.5571322507913898,0.18434732505970966,true
8.09375,3.8021779486924,0.012800546907237156,0.5803233522647424,0.8570721249421736,-0.0002774342307189434,-0.001579702120500479,0.025612341013012924,-0.04512147680850596,0.019509135795493033,0.0033666354073825944,0.13289173122496237,1.1541032231691788,8.684537499293201,-2.6028464949807804,0.6546249603663299,0.5477057426166837,0.0029439004340077826,0.5392256923323111,0.17844839968000564,true
8.15625,3.8021779486924,0.012141845389531253,0.5665410687421409,0.8334628149869002,-0.0002660335621014409,-0.0015383297823302897,0.02518512797957993,-0.0443379387739579,0.01915281079437797,0.0031933921960982737,0.13181081549252832,1.1515667027053407,8.736511479747405,-2.6434348045924216,0.6587939728254384,0.5501404815057278,0.0027889304760622935,0.5217856386364452,0.17270202182123343,true
8.21875,3.8021779486924,0.011511079335436677,0.5529237450834367,0.8103187789468074,-0.00025491311386484497,-0.001497398133143672,0.024762891067703137,-0.04356474159434711,0.018801850526643973,0.0030274962115845816,0.13073185200660387,1.1490559697780451,8.789410936517607,-2.684456961599741,0.6629303820300795,0.552542393514942,0.00264076864418302,0.5048049694072836,0.16710590424426153,true
8.28125,3.8021779486924,0.010907429976267967,0.5394761339827794,0.7876378839057672,-0.00024407837935611356,-0.0014569255027336771,0.02434566713135003,-0.04280190016884952,0.018456233037499492,0.002868732111820048,0.1296549874697546,1.146571701928265,8.84325180468459,-2.7259136340912553,0.6670333338040957,0.5549113556530372,0.00249920081840647,0.48827645105507067,0.16165772154535304,true
8.34375,3.8021779486924,0.010330082301966127,0.52620266524744,0.7654177315328905,-0.0002335338522419737,-0.0014169295068823008,0.023933488996040614,-0.04204942321181239,0.018115934215771776,0.0027168855433288507,0.12858036698820066,1.1441145724728763,8.898050295484593,-2.7678053490062133,0.6711019540351336,0.5572472406152714,0.0023640148002156227,0.4721927483195109,0.1563551139220314,true
8.40625,3.8021779486924,0.009778226124365066,0.5131074506037793,0.7436556669135167,-0.00022328306171897868,-0.0013774270260531515,0.023526385523833203,-0.04130731339516301,0.01778092787132981,0.0025717434208274966,0.12750813403129735,1.1416852491644878,8.953822890108775,-2.8101324951360556,0.6751353486200605,0.5595499167189536,0.002235000549042048,0.45654643566048675,0.1511956908649797,true
8.46875,3.8021779486924,0.009251057104247982,0.5001942888312031,0.7223487875451817,-0.00021332861054080575,-0.0013384341861092507,0.023124381686600533,-0.04057556749641062,0.017451185809810088,0.002433094197347995,0.12643843039599237,1.1392843927314829,9.010586331729677,-2.852895327305095,0.6791326033552899,0.5618192477973722,0.0021119504089729493,0.4413300084416761,0.1461770347843702,true
8.53125,3.8021779486924,0.008747777740984095,0.48746667121262066,0.7014939524338317,-0.00020367221557180074,-0.0012999663410834064,0.022727498636002513,-0.03985417654628211,0.017126677910279595,0.0023007281245194027,0.12537139617111162,1.1369126553225073,9.068357616204624,-2.8960939717217267,0.683092783866169,0.5640550931061515,0.00199465932533138,0.4265358938170522,0.1412967045407942,true
8.59375,3.8021779486924,0.008267598323547763,0.4749277872891269,0.6810877912326117,-0.00019431475038073713,-0.0012620380580178757,0.022335753770280683,-0.039143125975764956,0.016807372205484273,0.002174437502692649,0.12430716969605773,1.1345706788791698,9.127153981973025,-2.939728432513892,0.6870149356741154,0.5662573072961912,0.0018829250507429614,0.41215646124235666,0.13655223885502699,true
8.65625,3.8021779486924,0.00780973784226122,0.4625805308935347,0.6611267134452554,-0.00018525628922647978,-0.0012246631038710463,0.021949160810226957,-0.038442395768527475,0.016493234958300518,0.0020540169207354042,0.1232458875182175,1.1322590934301495,9.18699289875117,-2.9837985994907386,0.6908980843272097,0.5684257404086452,0.0017765483405075947,0.39818403267374375,0.1319411596174855,true
8.71875,3.8021779486924,0.007373424860466062,0.4504275064323564,0.6416069177364204,-0.00017649615182954186,-0.0011878544344781665,0.021567729887775826,-0.03775196062039204,0.01618423073261621,0.0019392634852879104,0.12218768435701914,1.1299785152849369,9.247892054188231,-3.0283042571942076,0.694741235451929,0.570560237811659,0.0016753331371016282,0.38461089254976755,0.12746097512955926,true
8.78125,3.8021779486924,0.006957898345367531,0.4384710354119924,0.6225244013381881,-0.00016803295798585582,-0.0011516241855959982,0.02119146749961508,-0.03707179003167928,0.015880322532064197,0.0018299770392809756,0.1211326930700946,1.127729545490644,9.309869341698466,-3.073245092420575,0.6985433749523126,0.5726606402050958,0.0015790867478840426,0.3714292974880923,0.12310918325216487,true
8.84375,3.8021779486924,0.006562408399378882,0.4267131609565675,0.603874963630435,-0.00015986451390811668,-0.0011159831741192304,0.020820365105775104,-0.03640183604320292,0.015581470937427816,0.0017259603542847718,0.12008104380236294,1.1255127636952325,9.372942873045586,-3.118620761834171,0.7023034919949538,0.5747267960967827,0.0014876199056525772,0.3586314757819128,0.1188832712051816,true
8.90625,3.8021779486924,0.0061862077134057555,0.41515580341786873,0.5856542858643033,-0.00015198519122475854,-0.0010809276115807949,0.020454267906691123,-0.03574178956355984,0.015287521656868718,0.0016270168826614869,0.11903285300906201,1.1233284748098942,9.437129720182165,-3.1644333112088785,0.7060210948572997,0.5767588425635268,0.0014007433645040217,0.34620950520186416,0.11478067634069304,true
8.96875,3.8021779486924,0.005828574790330246,0.40380042547547046,0.5678577770514368,-0.0001443942189535722,-0.0010464764887819981,0.020093279431598894,-0.03509178722128054,0.014998507789681648,0.001532956865507765,0.11798824992000584,1.12117735159752,9.502449204540795,-3.210681136971823,0.7096949353844529,0.5787565057221783,0.0013182775709121878,0.3341556537945481,0.11079889544449298,true
9.03125,3.8021779486924,0.005488805885678351,0.3926481892314623,0.5504807194914711,-0.00013708927137854498,-0.0010126454270449345,0.01973747219463911,-0.0344519099528684,0.014714437758229289,0.0014435952129925945,0.11694737182124862,1.1190600818768632,9.568920313894022,-3.2573619414499944,0.7133235129657219,0.5807193829917773,0.0012400474763256115,0.32246230530859044,0.10693546217129267,true
9.09375,3.8021779486924,0.005166203056297655,0.3817000942012445,0.5335182314541915,-0.00013006607958975227,-0.0009794427951985833,0.01938683936624997,-0.0338221096402782,0.01443527027402823,0.0013587483610740404,0.11591034180468614,1.1169771719677188,9.636561799204017,-3.304475011191762,0.7169056941895553,0.5826472786760977,0.0011658794106287867,0.3111217102979398,0.10318786545603112,true
9.15625,3.8021779486924,0.0048600824877222636,0.37095691184417895,0.5169652967209517,-0.00012331985832536203,-0.000946875665662825,0.019041366864413205,-0.03320232570061141,0.014160958836198202,0.0012782364616557953,0.11487728089073813,1.1149290907658176,9.705392416332058,-3.352019705275148,0.7204403467923735,0.5845400028692354,0.0010956037411760816,0.3001261424077468,0.09955360042481048,true
9.21875,3.8021779486924,0.004569775267116964,0.360419181663873,0.5008167624298391,-0.00011684545352014765,-0.000914950339337989,0.01870103816301203,-0.032592494688304385,0.013891456525292355,0.0012018835858770226,0.11384830793049344,1.1129162781379485,9.775430995578828,-3.3999953877081204,0.7239263216611467,0.5863973614057314,0.001029055080335296,0.28946790530272415,0.09603017060354709,true
9.28125,3.8021779486924,0.004294627991734088,0.3500872185767765,0.4850673468449999,-0.00011063737154138513,-0.00088367228364941,0.018365833287852292,-0.03199254897754517,0.01362671568969288,0.0011295178841408634,0.11282353936321884,1.110939147009568,9.846696472028432,-3.4484014168169965,0.7273624580233005,0.5882191583552292,0.0009660723875705274,0.27913933778349637,0.09261508956918178,true
9.34375,3.8021779486924,0.004034002671369576,0.3399611230728401,0.46971164764518303,-0.00010468979312447572,-0.0008530461222733263,0.018035731060986233,-0.03140241778594315,0.01336668672495692,0.001060971560459684,0.11180308881529522,1.1089980692572665,9.919207787625544,-3.4972372846396933,0.7307475922182936,0.5900052003106943,0.0009064989122260915,0.2691328171294392,0.08930588208079801,true
9.40625,3.8021779486924,0.0037872781702694546,0.3300407860365605,0.45474417296852415,-9.899666501161659e-5,-0.0008230756604135912,0.017710707202204683,-0.03082202656203973,0.013111319359835047,0.0009960812516867945,0.11078707090361321,1.1070933880657818,9.992983649048483,-3.5465023917461824,0.7340804850581223,0.5917552578901643,0.0008501825305083269,0.25944080251392265,0.08610009839276639,true
9.46875,3.8021779486924,0.0035538496310055885,0.3203258945533673,0.44015930020582117,-9.355171577513988e-5,-0.0007937639272977419,0.01739073404351941,-0.030251297251389274,0.012860563207869866,0.0009346878759916501,0.10977559359285245,1.1052254272725404,10.068043279016276,-3.5961962017863653,0.7373599603359517,0.5934691383944615,0.0007969755342504342,0.2500557675606071,0.08299529185579779,true
9.53125,3.8021779486924,0.0033331288008809357,0.3108159430730856,0.4259513294855066,-8.834845548340955e-5,-0.0007651131779466678,0.017075783017124556,-0.029690149561871357,0.012614366544746802,0.000876636718706768,0.10876876489207118,1.1033944602375232,10.14440553161008,-3.6463183171751523,0.740584783323326,0.595146621470296,0.0007467347057340734,0.2409702710673269,0.0799890424514692,true
9.59375,3.8021779486924,0.003124544407119737,0.3015102430353368,0.41211448069810147,-8.338025215088594e-5,-0.0007371248836291139,0.0167658228595806,-0.029138499893335744,0.012372677033755143,0.0008217775310054316,0.10776669077216056,1.1016007243903474,10.222089186345553,-3.696868417830005,0.7437537045787648,0.5967874819396551,0.0006993213732501019,0.23217694197898103,0.07707895174774473,true
9.65625,3.8021779486924,0.002927542528304082,0.29240792880100264,0.3986428947328012,-7.864036510293514e-5,-0.0007097997450265067,0.01646081918472315,-0.028596261186795206,0.012135442002072054,0.000769964627592164,0.10676947414669383,1.0998444332511976,10.301113141571607,-3.747846188687007,0.7468654777645664,0.5983914986107115,0.0006546014577932994,0.2236684760129133,0.07426264174302806,true
9.71875,3.8021779486924,0.002741586211444568,0.2835079624307281,0.38553063533705156,-7.412193391822455e-5,-0.0006831377197115606,0.016160736905747847,-0.02806334435820553,0.011902607452457685,0.0007210567859895726,0.1057772141909976,1.0981257613559943,10.381496334107961,-3.7992514901967245,0.7499188648802615,0.5999584563919008,0.0006124453444099227,0.2154376358233817,0.07153775496908747,true
9.78125,3.8021779486924,0.0025661558478017434,0.27480914501907316,0.37277172790237234,-6.981803788607876e-5,-0.0006571380422515181,0.015865538787148192,-0.027539657750020367,0.011674118962872175,0.0006749173453820764,0.10479001144468185,1.096444832941076,10.46325711606477,-3.8510842922462967,0.7529125448984632,0.6014880990869546,0.000572727971759614,0.2074772976542902,0.06890196999335392,true
9.84375,3.8021779486924,0.0024007490852792574,0.26631012536943216,0.3603601283968143,-6.572173433293223e-5,-0.0006317992413083088,0.015575184583950432,-0.027025106740410035,0.011449922156459603,0.0006314141835746784,0.10380796030510646,1.0948017538906782,10.54641426989702,-3.9033446463872914,0.755845265745279,0.6029802069217282,0.0005353287487803054,0.19978039389741242,0.06635298229722104,true
9.90625,3.8021779486924,0.002244880876976418,0.2580094049684261,0.3482897549997464,-6.182605382270709e-5,-0.000607119157464179,0.015289633124636041,-0.026519594873981988,0.011229961749345947,0.0005904197297626353,0.10283115402567901,1.0931965913217698,10.630986316158396,-3.956032707526001,0.7587157382160103,0.604434541611148,0.0005001315499996836,0.19233995857756983,0.06388851943163883,true
9.96875,3.8021779486924,0.002098083210344107,0.2499053451470266,0.3365544881105875,-5.812403418019037e-5,-0.0005830949668381504,0.015008841524952153,-0.02602302359979619,0.011014182074844038,0.0005518108932975256,0.10185968336170366,1.0916293735657492,10.716991625522477,-4.009148791324306,0.7615226635314661,0.605850860076952,0.00046702462590442727,0.18514911981678567,0.06150633853557297,true
10.03125,3.8021779486924,0.0019599050324508754,0.24199617663033773,0.3251481790344707,-5.46087428697076e-5,-0.0005597232037678721,0.014732765165626962,-0.025535292371327525,0.010802527205700563,0.0005154690440316984,0.10089363646545318,1.0901000925795832,10.804448434692334,-4.06269336481662,0.7642647407498905,0.60722891770055,0.0004359005559442145,0.17820110261298835,0.05920422727389615,true
10.09375,3.8021779486924,0.00182991214958972,0.2342800073978274,0.31406465761197366,-5.12732975802158e-5,-0.000536999780532127,0.01446135780052913,-0.025056298765058757,0.010594940964529627,0.00048127998591413683,0.09993309890062918,1.0886087075632715,10.893374863174763,-4.116667019861008,0.7669406687246147,0.6085684687543546,0.00040665619742460886,0.17148923225160778,0.05698000498823495,true
10.15625,3.8021779486924,0.0017076870166572815,0.22675482913100747,0.30329773760030154,-4.8110884583035244e-5,-0.000514920007164208,0.014194571599430305,-0.024585938553675933,0.010391366954245628,0.0004491339015956812,0.09897815345908717,1.0871551469353327,10.983788936663792,-4.171070469963027,0.7695491495457756,0.6098692675451227,0.00037919261085053133,0.16500693604742558,0.05483152330200601,true
10.21875,3.8021779486924,0.0015928284835146737,0.21941852397273676,0.29284122226236287,-4.511477051938392e-5,-0.0004934786140233439,0.013932357572816825,-0.0241241059935165,0.010191748420699677,0.0004189252857201122,0.09802887998658417,1.0857393092687055,11.075708601560024,-4.225904557799583,0.7720888919019202,0.6111310694765777,0.0003534149741933818,0.15874774504555808,0.052756666717055416,true
10.28125,3.8021779486924,0.001484951458490207,0.21226887065504646,0.2826889133363235,-4.2278311138579396e-5,-0.0004726697764026392,0.013674666063024372,-0.023670694166921108,0.009996028103896736,0.00039055285642295985,0.0970853562065663,1.0843610556587433,11.169151538689038,-4.281170308083447,0.7745585911664612,0.6123536205745962,0.0003292324828714347,0.15270530185712333,0.05075335526208321,true
10.34375,3.8021779486924,0.0013836866986886402,0.20530355341495987,0.27283462117538193,-3.959498240431096e-5,-0.0004524871398238877,0.01342144515415685,-0.023225594284373055,0.009804149130216206,0.0003639195001813372,0.0961476582364517,1.0830202148078558,11.264135129993825,-4.336868862335515,0.7769569278440877,0.6135366562604345,0.0003065582843087538,0.14687336549654087,0.048819546126007606,true
10.40625,3.8021779486924,0.0012886804171112194,0.19852016879315187,0.26327215201824905,-3.705838072646109e-5,-0.0004329238460742528,0.013172641797881982,-0.02278869632403793,0.009616054526155948,0.0003389321684836995,0.09521585584531025,1.0817166024341276,11.360677198464801,-4.393001500143261,0.7792826712589503,0.614679951771927,0.0002853093474901584,0.14124578424056006,0.04695322466089645,true
10.46875,3.8021779486924,0.001199594060195381,0.19191623128900182,0.2539953400656507,-3.4662224948566306e-5,-0.0004139725564401548,0.012928202925922961,-0.022359889660886374,0.009431686734963413,0.00031550181932119486,0.09429001940940158,1.0804499946433515,11.458794911814607,-4.44956961494501,0.7815345236684308,0.6157832445989214,0.0002654064053004806,0.13581654047320046,0.04515241934923896,true
10.53125,3.8021779486924,0.0011161038266938924,0.18548917944244492,0.24499803681033402,-3.240038198856851e-5,-0.000395625477302133,0.012688073623764147,-0.02193906222418783,0.009250988600423683,0.00029354329064943676,0.09337021582826353,1.0792201445233356,11.558505407209859,-4.506574733109835,0.7837112147000487,0.6168462804954202,0.000246773820681283,0.13057972640105037,0.04341519376110905,true
10.59375,3.8021779486924,0.0010379002704871926,0.17923638270874054,0.23627411260533504,-3.0266862876188037e-5,-0.00037787438638323606,0.01245219825556054,-0.021526101134143376,0.009073902878582837,0.0002729751959253077,0.09245650725410094,1.0780267862750885,11.659825990531047,-4.564018545121871,0.7858115317738035,0.6178688274666985,0.00022933946838583514,0.1255295389837529,0.04173964491017516,true
10.65625,3.8021779486924,0.0009646880109404319,0.1731551481673283,0.22781747733166383,-2.825582869968821e-5,-0.00036071065766245746,0.012220520824663962,-0.021120892953236055,0.008900372128572092,0.0002537198479287893,0.09154895534768935,1.0768696218585372,11.762773455674575,-4.6219028555211406,0.7878342264370398,0.6188506293711761,0.00021303465762535095,0.12066030491152255,0.040123911607698626,true
10.71875,3.8021779486924,0.000896185287837199,0.16724272665999904,0.21962207440643128,-2.6361606216087553e-5,-0.0003441252870228818,0.0119929837640914,-0.020723323142608736,0.008730339378517336,0.00023570314170734814,0.09064761814033828,1.0757483375820662,11.867364632974919,-4.680229565007637,0.7897780919198041,0.6197914430906626,0.0001977940096397719,0.11596646350552849,0.0385661688106592,true
10.78125,3.8021779486924,0.000832123528872361,0.1614963183161518,0.21168188178215197,-2.4578683184325234e-5,-0.0003281089175787156,0.01176952904126961,-0.020333276668074926,0.008563747626805316,0.00021885444082345883,0.08975254891961035,1.0746626082118387,11.97361658413059,-4.739000695892525,0.79164198874002,0.6206910500123387,0.00018355533665304438,0.11144256239551201,0.03706462622899764,true
10.84375,3.8021779486924,0.0007722469815048724,0.1559130776901153,0.20399092894102158,-2.2901708786281782e-5,-0.0003126518638167271,0.011550098792822826,-0.019950638365716356,0.00840053957289353,0.00020310648052925939,0.08886380030012762,1.073612080560593,12.081545881839258,-4.79821837462869,0.7934247481398606,0.621549208617738,0.00017025954759852333,0.10708327889176543,0.03561753548624545,true
10.90625,3.8021779486924,0.0007163122633051268,0.15049011944336949,0.19654329507574675,-2.1325505857036177e-5,-0.00029774413681241124,0.01133463393888887,-0.0195752923011473,0.00824065836225843,0.0001883952495046878,0.08798142234583162,1.072596384388079,12.191168951235948,-4.85788481495458,0.7951252227710528,0.6223656784296309,0.00015785053044959995,0.10288340979363125,0.034223186769283806,true
10.96875,3.8021779486924,0.0006640878910316681,0.1452245237415462,0.18933310410251902,-1.984506787805085e-5,-0.0002833754702559484,0.011123074632903716,-0.019207122052402784,0.008084047419499068,0.00017465986600128836,0.08710545948631426,1.0716151442682382,12.302502628283673,-4.918002364697569,0.7967423631197004,0.6231402558953547,0.00014627502418824965,0.09883785721819686,0.03287990415653963,true
11.03125,3.8021779486924,0.0006153539391194451,0.1401133421364147,0.18235454179831506,-1.8455557279043328e-5,-0.00026953534505857026,0.010915360909227978,-0.01884601108365699,0.007930650174429012,0.0001618424880221796,0.08623595475154965,1.0706679658183609,12.415563425986434,-4.97857344327627,0.7982751201427567,0.6238727268344707,0.00013548253169601344,0.09494164897606232,0.031586052444109426,true
11.09375,3.8021779486924,0.0005699016029784803,0.13515360218762668,0.1756018531979824,-1.7152309561450412e-5,-0.00025621301416575926,0.010711432086475625,-0.018491842494982737,0.007780410408507112,0.00014988819846648002,0.08537294778040085,1.0697544482023604,12.53036794458613,-5.039600517301237,0.7997224973691661,0.6245628907535142,0.00012542520594672904,0.0911899287222353,0.030340033908827602,true
11.15625,3.8021779486924,0.0005275327527088937,0.1303423117196834,0.1690693437802449,-1.5930832637061707e-5,-0.00024339752703937765,0.010511226336782094,-0.01814449884998357,0.007633272513201478,0.00013874488775316698,0.0845164740599309,1.0688741868168696,12.646933023482825,-5.101086125261421,0.8010835739637807,0.6252105710532821,0.00011605773597848968,0.08757795263988062,0.029140287249513147,true
11.21875,3.8021779486924,0.0004880594998107967,0.12567646328576865,0.16275137881331986,-1.4786807255847574e-5,-0.00023107775422811415,0.010314679599416572,-0.01780386167912839,0.0074891820797118175,0.00012836313986267905,0.08366656316535272,1.0680267823704181,12.765276138564998,-5.16303289255303,0.8023575591273775,0.625815640023229,0.00010733723619919159,0.08410108250858538,0.02798528532176819,true
11.28125,3.8021779486924,0.0004513037675292296,0.12115303859306746,0.1566423784822733,-1.3716088306687082e-5,-0.00021924241252232413,0.010121723115034294,-0.017469810305668486,0.007348087190634192,0.00011869611933456104,0.08282323482104191,1.0672118622811573,12.885416327762455,-5.225443544362619,0.8035439133041349,0.6263780752744729,9.922313609407273e-5,0.08075477135700734,0.02687353040090158,true
11.34375,3.8021779486924,0.00041709686368900816,0.11676901405698373,0.15073680506155096,-1.2714714759343084e-5,-0.00020788009160542238,0.009932277366758724,-0.017142218903361105,0.0072099415366023815,0.00010969945891997274,0.0819864900337454,1.0664291338856393,13.007376379287614,-5.288320867693009,0.8046426298204711,0.6268980916027371,9.167707139888032e-5,0.07753453299320757,0.02580354407011706,true
11.40625,3.8021779486924,0.000385278975282664,0.11252136643915951,0.14502912124971368,-1.1778917119425753e-5,-0.0001969792845212364,0.009746243863531042,-0.016820952553785372,0.00707470869025433,0.00010133112665470183,0.08115628773493859,1.0656785096197203,13.131188468110958,-5.3516677820306455,0.8056549278782634,0.6273764661416072,8.46627483558034e-5,0.074435864009997,0.024773841279022234,true
11.46875,3.8021779486924,0.0003556987127558978,0.1084070795986008,0.13951375369632923,-1.090511807602304e-5,-0.00018652842113062754,0.009563496340978668,-0.016505863114778425,0.006942366773799757,9.355130600297797e-5,0.08033251903112189,1.064960252669418,13.256901009874198,-5.415487433700938,0.8065840651590823,0.6278149177372917,7.8145822148455e-5,0.07145417193828588,0.02378290644550241,true
11.53125,3.8021779486924,0.00032821267433332055,0.10442315343982211,0.13418504822467725,-1.0089931920738464e-5,-0.00017651590530684392,0.009383872221242675,-0.016196785380398607,0.006812913159155932,8.632228127202609e-5,0.07951497236311957,1.0642751822911372,13.38458847009254,-5.479783300672562,0.807436456757492,0.6282166288061848,7.209377970967983e-5,0.06858468680367077,0.02282916402345299,true
11.59375,3.8021779486924,0.0003026850438886351,0.10056661363449626,0.12903723458911548,-9.330137606219397e-6,-0.0001669301540767101,0.009207174264126459,-0.015893538532699824,0.006686364268573365,7.960833184904746e-5,0.07870329857793923,1.0636248770774814,13.514362120720804,-5.544559514114645,0.8082228133780902,0.6285867742360276,6.647582824434155e-5,0.06582239133100376,0.021910955284548228,true
11.65625,3.8021779486924,0.0002789874254494379,0.09683451970373536,0.12406448213394154,-8.622621480338036e-6,-0.00015775962911075198,0.009033190605521851,-0.015595936846304025,0.006562746240782173,7.337568867479859e-5,0.0778970190866148,1.0630116510499439,13.646371369717835,-5.609821198217644,0.808958059659427,0.628932475595747,6.126285918671727e-5,0.06316210793574979,0.021026567330074103,true
11.71875,3.8021779486924,0.0002569989016155396,0.09322396762413095,0.11926105161655842,-7.964315836562643e-6,-0.00014899285111894667,0.008861731283266092,-0.015303808462022587,0.006442077178756495,6.759254960802757e-5,0.07709559146575568,1.0624382238065317,13.780790880610153,-5.67557454161078,0.809659528665601,0.6292619480362203,5.6427489254719156e-5,0.0605987561478958,0.020174318880360007,true
11.78125,3.8021779486924,0.00023660614439794945,0.08973208068537522,0.1146215113872876,-7.352154136505978e-6,-0.00014061839101154155,0.008692672568594014,-0.015017017597407086,0.006324345028813072,6.222910857691977e-5,0.07629852994009567,1.0619070682135658,13.91779198167123,-5.741826639784468,0.8103433852301819,0.629582821846243,5.194413280029323e-5,0.058127734821392475,0.019352687646279555,true
11.84375,3.8021779486924,0.00021770349220650383,0.08635599298644499,0.11014096451529941,-6.78308679914873e-6,-0.00013262483896717006,0.008525985094544372,-0.014735477954781695,0.006209492860237323,5.725757582739488e-5,0.07550555675020296,1.0614195860955011,14.057502941234164,-5.808584596700163,0.8110200023235429,0.6298999820606012,4.778907828646858e-5,0.05574532608441702,0.018560444945515387,true
11.90625,3.8021779486924,0.00020019258179717253,0.08309283021802216,0.10581509936165914,-6.25416323737526e-6,-0.00012500077046876968,0.008361724789968016,-0.014459147049831554,0.006097422259863539,5.265208112261563e-5,0.07471667789637314,1.0609756801464953,14.199984662299832,-5.875854390399972,0.811691392335336,0.6302143809466043,4.394042624837934e-5,0.0534488028068035,0.01779669155077323,true
11.96875,3.8021779486924,0.00018398161011051533,0.07993970417506349,0.10164003913087367,-5.7626399301781085e-6,-0.00011773473037215469,0.008199986074304179,-0.014188001677517024,0.005988015603212845,4.8388479601221216e-5,0.07393214032713778,1.0605739933315173,14.345235896575543,-5.943639731300807,0.8123522049755233,0.6305235242289023,4.037789166829266e-5,0.0512361751306399,0.017060773283830398,true
12.03125,3.8021779486924,0.0001689842949047346,0.07689372336210154,0.09761201275372514,-5.30604794304038e-6,-0.00011081525089259774,0.008040843295732167,-0.013922008158966652,0.005881164863234485,4.444407841638492e-5,0.07315225865145894,1.0602128669881599,14.493234884785272,-6.011941956669427,0.8129947485513869,0.6308238333568484,3.7082485265083055e-5,0.049105619423375296,0.016352090803154674,true
12.09375,3.8021779486924,0.00015511906634803764,0.07395201806284454,0.09372708708344019,-4.882178764599606e-6,-0.00010423089531478737,0.007884316724260433,-0.013661105668901526,0.0057767889446410925,4.0797424118822306e-5,0.07237723845151578,1.0598913278943853,14.643986846837043,-6.080760768462251,0.813614386008568,0.6311131684733176,3.403624934023704e-5,0.04705499465078212,0.015669938508640402,true
12.15625,3.8021779486924,0.00014230866346960392,0.07111176067806241,0.08998109262142752,-4.48900664555021e-6,-9.797030621027877e-5,0.007730379880186198,-0.013405210670246769,0.00567483079006057,3.742819652050873e-5,0.07160709793848291,1.0596095048079455,14.79754850166177,-6.150095561342124,0.8142120729093943,0.6313920045744349,3.122212712752471e-5,0.04508169550004469,0.0150134556398416,true
12.21875,3.8021779486924,0.00013048020363125496,0.06837017582032695,0.08636978438021412,-4.124612969423614e-6,-9.202223615379053e-5,0.007578990345287641,-0.013154232821877023,0.005575242476589382,3.431722696622555e-5,0.07084174193346171,1.0593681996367292,14.954011162398343,-6.219945872832084,0.8147923156175858,0.6316624684348571,2.862399902969254e-5,0.04318291035614045,0.014381712253399116,true
12.28125,3.8021779486924,0.00011956522390234055,0.06572453307433462,0.08288900822210062,-3.7871520527002524e-6,-8.637556075346768e-5,0.007430115290193197,-0.012908087770712959,0.005477972480519762,3.1446509215451106e-5,0.07008106687754288,1.0591682671662066,15.1134723593315,-6.290311384729442,0.8153599686359435,0.631926840958558,2.6226725964937334e-5,0.0413559116648518,0.013773805992818876,true
12.34375,3.8021779486924,0.00010949963179880424,0.06317214044076852,0.0795348011911379,-3.4748613231415095e-6,-8.101928218174454e-5,0.007283733359157893,-0.012666697738067244,0.005382964378909351,2.879918648638264e-5,0.06932503668810569,1.0590101942411896,15.276013469790016,-6.361191090930535,0.8159179044543301,0.6321864731197444,2.401616411224327e-5,0.03959822852832771,0.013188919613904922,true
12.40625,3.8021779486924,0.00010022334419131632,0.06071034001762483,0.07630330823422646,-3.186078985400383e-6,-7.5942539548708e-5,0.007139822557255855,-0.012429985327861687,0.005290162770605832,2.6359456486192064e-5,0.06857363539083988,1.0588943817186116,15.441712776103737,-6.43258324817225,0.8164683872075649,0.6324424285051603,2.1979071990531328e-5,0.03790751335991923,0.012626276575993743,true
12.46875,3.8021779486924,9.168000105138395e-5,0.05833651236898548,0.07319072839588656,-2.9192425292108163e-6,-7.113462343587318e-5,0.006998354364683376,-0.012197870645794768,0.0051995162811113915,2.4112496124205194e-5,0.06782682676557139,1.0588213882754922,15.610657888140294,-6.504485507619946,0.8170143424299601,0.6326960742988318,2.010303392383083e-5,0.03628144603353464,0.01208510912449437,true
12.53125,3.8021779486924,8.381675177569622e-5,0.05604808049499506,0.07019330491606338,-2.6728785329282294e-6,-6.658499054549468e-5,0.006859296009786872,-0.011970272575135235,0.005110976565348363,2.2044405313675937e-5,0.06708454183432352,1.0587920027514943,15.782950495009088,-6.576895141329913,0.8175597722411807,0.6329492728186628,1.8376407698493975e-5,0.03471771312562993,0.011564651394212892,true
12.59375,3.8021779486924,7.658410799793011e-5,0.053842510828175524,0.06730735815304328,-2.4455936075184135e-6,-6.228327498363464e-5,0.006722615483373946,-0.011747111321769338,0.005024495838395392,2.014216826023832e-5,0.06634670146057317,1.0588071029952877,15.958699975830578,-6.649809068004582,0.8181090551835184,0.6332040549384362,1.6788295971586614e-5,0.03321406197029883,0.011064157440395994,true
12.65625,3.8021779486924,6.993578934603518e-5,0.051717312984542914,0.06452930682423122,-2.23607278189296e-6,-5.821929766076952e-5,0.006588281538132224,-0.011528308378767466,0.004940026840635242,1.8393612894968963e-5,0.06561323402837461,1.0588675509098657,16.138017986614646,-6.723223685321857,0.818666397283586,0.6334623650321392,1.5328515628641353e-5,0.03176833542962662,0.010582912842289766,true
12.71875,3.8021779486924,6.382852119094214e-5,0.04967004009638896,0.06185564631887673,-2.0430788444166715e-6,-5.4383077239185206e-5,0.0064562610111891265,-0.01131378526682465,0.004857524255635524,1.67873576808506e-5,0.06488405865346242,1.058974298506382,16.32102430833173,-6.797134930308241,0.8192363660717091,0.6337263083318664,1.3987549387727014e-5,0.03037843517556317,0.010120222484626157,true
12.78125,3.8021779486924,5.822185646887413e-5,0.04769829015634247,0.05928293780939034,-1.8654477061055113e-6,-5.0764841268025705e-5,0.006326519392838167,-0.01110346397368106,0.004776944580842894,1.531276475076531e-5,0.06415907439666084,1.0591284548348536,16.507851224393224,-6.871538427120631,0.8198242400931262,0.6339983115719074,1.275650363881847e-5,0.02904230238704741,0.009675404141616656,true
12.84375,3.8021779486924,5.307803888502812e-5,0.04579970744596659,0.056807823530562296,-1.7020840996601404e-6,-4.7355035264109744e-5,0.006199022473608038,-0.010897267879545921,0.0046982454059378825,1.3959903929084143e-5,0.0634381717358051,1.0593312183323602,16.698640413914447,-6.946429406932643,0.8204356592574367,0.6342809594992866,1.162707956509655e-5,0.027757941148573443,0.009247796289207499,true
12.90625,3.8021779486924,4.836185545761843e-5,0.043971982731201675,0.05442702914000788,-1.5519589862407806e-6,-4.4144330600971406e-5,0.0060737364087111965,-0.010695121882564381,0.0046213854738531845,1.2719513949695719e-5,0.06272123495381823,1.0595838661620582,16.89354278407037,-7.021802650445595,0.8210765514029308,0.6345769594676663,1.059154058840609e-5,0.026523422038271096,0.008836759315366744,true
12.96875,3.8021779486924,4.404048880567479e-5,0.04221285355431441,0.05213735970885211,-1.4141068871491352e-6,-4.112363158437427e-5,0.005950627334326235,-0.01049695231930992,0.004546324984983684,1.1582963606640417e-5,0.06200813855849249,1.05988778238685,17.09272052066285,-7.097652466990129,0.8217532547471732,0.634889196260418,9.642678847423907e-6,0.025336875045476853,0.008441673173918862,true
13.03125,3.8021779486924,4.00833739954095e-5,0.04052010455775664,0.04993569648545295,-1.2876228103807099e-6,-3.828408160700993e-5,0.005829661369659126,-0.01030268709482712,0.004473025725167994,1.054221410368089e-5,0.06129874383362891,1.0602444817877448,17.296349247634783,-7.173972755555919,0.8224726382453577,0.6352207852614038,8.773782861893506e-6,0.024196483850964855,0.008061935492135965,true
13.09375,3.8021779486924,3.6462058480212796e-5,0.03889156790098544,0.047818997227827155,-1.171659024071012e-6,-3.5617068194967165e-5,0.0057108050219353635,-0.010112256014818544,0.0044014509928831805,9.58978221751888e-6,0.06059289855075672,1.0606556012633603,17.50461896743367,-7.250757254476199,0.8232421202082815,0.6355750780008343,7.978606460080936e-6,0.02310048592713394,0.007696961617874677,true
13.15625,3.8021779486924,3.315006205069102e-5,0.03732512317139472,0.045784297386405104,-1.0654219185905974e-6,-3.311422697123789e-5,0.005594025600141454,-0.009925591115546232,0.004331565515404778,8.718703463653404e-6,0.05989043818383982,1.0611228620387485,17.717734152846294,-7.328000116046459,0.8240696299235124,0.6359556408800748,7.251338020719376e-6,0.022047174760554428,0.0073461853741204385,true
13.21875,3.8021779486924,3.012275964944642e-5,0.03581869833714814,0.043828711957722664,-9.681696429853802e-7,-3.076744473720733e-5,0.005479290822257901,-0.009742626590186704,0.004263335767928803,7.922501275829524e-6,0.059191186924598564,1.0616480511382334,17.93591421794983,-7.405696213190771,0.8249636032174704,0.6363662489522569,6.58657462675377e-6,0.0210349012560924,0.007009059538466962,true
13.28125,3.8021779486924,2.735732343773891e-5,0.03437026911485344,0.04194942615512688,-8.792102050041973e-7,-2.8568862272706146e-5,0.005366569613366202,-0.009563299370616063,0.004196729757249861,7.195171769155969e-6,0.058494947852447084,1.0622331987004907,18.15940072944356,-7.483839500186779,0.8259332963921897,0.6368110249169984,5.97930769211636e-6,0.020062059854956443,0.006685051221652933,true
13.34375,3.8021779486924,2.4832808334509614e-5,0.032977859283820986,0.04014370926089293,-7.979014885474425e-7,-2.651087549352391e-5,0.005255832959531998,-0.009387549646452973,0.004131716686920975,6.531206237480236e-6,0.05780151840679054,1.0628809135941029,18.388460076668768,-7.5624152869061,0.8269882712500508,0.6372941966132541,5.424941084245271e-6,0.019127110924124707,0.0063736493217781895,true
13.40625,3.8021779486924,2.2530323885323278e-5,0.03163954007553696,0.038408908432602765,-7.236531008575076e-7,-2.4586136331380306e-5,0.005147053718542258,-0.009215320897774597,0.004068267179232339,5.925636356149937e-6,0.05711068465765962,1.0635953281293373,18.623403562833825,-7.6413839982240965,0.8281385766406305,0.6378201739082009,4.919325284773583e-6,0.01822857148078666,0.00607436141545773,true
13.46875,3.8021779486924,2.043318920677541e-5,0.03035343123353874,0.03674244961100105,-6.559279146254566e-7,-2.2787552943308962e-5,0.005040207792073236,-0.009046560596811628,0.004006352804738393,5.374074933500298e-6,0.05642222216723582,1.0643833552942663,18.864612459598405,-7.720657357566726,0.8293947151000726,0.6383935258175677,4.4587885214667395e-6,0.017365015626720087,0.005786713887141525,true
13.53125,3.8021779486924,1.8526864996157223e-5,0.02911769802186248,0.03514184312798983,-5.942413466325279e-7,-2.1108288661059067e-5,0.0049352745227307995,-0.00888122038263985,0.003945945859909051,4.8726980289096575e-6,0.055735908384178044,1.06525571976701,19.112556889256837,-7.800075262726002,0.8307671435806094,0.6390187446660885,4.040122265436103e-6,0.01653508829206077,0.005510256516666637,true
13.59375,3.8021779486924,1.679850692699332e-5,0.027930539383414436,0.03360466039261199,-5.381566228851992e-7,-1.9541760881604753e-5,0.00483223113562101,-0.008719253070644566,0.003887021935023556,4.418127492631023e-6,0.055051505815882196,1.066227353953809,19.367814524815515,-7.879396569040786,0.8322667060336485,0.6397004352389566,3.6604861237643707e-6,0.015737482194177088,0.005244554842828322,true
13.65625,3.8021779486924,1.5236205182906462e-5,0.026790170630045105,0.03212845024058389,-4.872740050678379e-7,-1.808164274602431e-5,0.004731048932342815,-0.0085606095933612,0.003829560661018386,4.007230957758386e-6,0.0543686598337872,1.0673171640109933,19.631110409451605,-7.958313434831395,0.8339079065479881,0.6404447872639605,3.31724295217167e-6,0.014970825112290025,0.004989152663958153,true
13.71875,3.8021779486924,1.3828338167050054e-5,0.025694885458110682,0.03071082695740044,-4.4121878475959137e-7,-1.672186341626911e-5,0.004631687996309065,-0.008405223826019626,0.0037735358297105604,3.6369518611841228e-6,0.05368692518502817,1.0685460392611499,19.90328251391716,-8.03648112183506,0.8357095818701302,0.6412598482393856,3.0078231476767052e-6,0.014233728609675207,0.0047435883433291845,true
13.78125,3.8021779486924,1.2563170715311934e-5,0.024643103926350617,0.02934940630068099,-3.9963221265344454e-7,-1.5456611803191898e-5,0.004534058973494903,-0.008252890276032588,0.0037188313025376847,3.304203770797343e-6,0.05300556134147213,1.0699366777430908,20.185366415617235,-8.113550943953932,0.8377047347561151,0.6421599108298176,2.7296291642860214e-6,0.013524592882498887,0.004507329800510409,true
13.84375,3.8021779486924,1.1427988580252055e-5,0.02363308256333911,0.02804083577058039,-3.621644025825185e-7,-1.4280360432784664e-5,0.004437845665121842,-0.00810231520137903,0.003664469536257188,3.005642748567892e-6,0.05232221043447273,1.071520619948657,20.479268957694508,-8.189244615113532,0.8399870607185206,0.6431862774613352,2.4798137357392123e-6,0.012840361373534231,0.004279359465820359,true
13.90625,3.8021779486924,1.0408100294652392e-5,0.02266024313573341,0.02677523874237938,-3.2845171986045513e-7,-1.3187977178934186e-5,0.004341792420449295,-0.007942990169248066,0.003601197748798771,2.737404833519647e-6,0.05162675900157186,1.0733873116709054,20.79129762219287,-8.263402479247354,0.8428879531943568,0.6444858292917637,2.2549200936228506e-6,0.012171033155018168,0.0040563451455655,true
13.96875,3.8021779486924,9.47658678620226e-6,0.021718050495997284,0.02553040593056749,-2.9803650899610654e-7,-1.2175167008256567e-5,0.004241769213384365,-0.007658884376124762,0.0034171151627403968,2.492410117064967e-6,0.05088654223705858,1.0757617348513078,21.140397589598347,-8.336944239055349,0.8476080742195672,0.6465884883808303,2.0483120147882236e-6,0.011487764491932942,0.003828674868242515,true
14.03125,3.8021779486924,8.609018453266596e-6,0.020796447901792622,0.024254193398488957,-2.7037670182925337e-7,-1.1239683994402118e-5,0.004127472658926915,-0.007143030978931163,0.0030155583200042486,2.26423343921273e-6,0.05000716155635956,1.079420458844826,21.585317487542,-8.410386194008801,0.8578129521216789,0.6510845211000816,1.8521788614677368e-6,0.010713948078591837,0.003570815088136132,true
14.09375,3.8021779486924,7.682400444382401e-6,0.019855719318694787,0.022814986218485666,-2.4432130907773766e-7,-1.0383676895172318e-5,0.003968149948521902,-0.006448198882522987,0.0024800489340010843,2.020526274164638e-6,0.048743946116097205,1.0859319138758563,22.27829300667223,-8.494759228929187,0.8831097596641269,0.661940533209796,1.6357211952294716e-6,0.009671680790996263,0.0032234757506001913,true
14.15625,3.8021779486924,6.806473347487756e-6,0.01899100845802966,0.021103968056650758,-2.2002154568975722e-7,-9.623789578754456e-6,0.0036076233419248312,-0.005275015656395736,0.0016673923144709044,1.7901511815954217e-6,0.046356718888957794,1.1025461159953074,23.783954999842205,-8.573813969809809,0.9656699226787003,0.6946513531791675,1.397682807316031e-6,0.007911838377072636,0.00263693895388725,true
14.21875,3.8021779486924,5.012810355105795e-6,0.01874899282090882,0.018938376586776585,-1.9327472564079059e-7,-9.050784421083322e-6,0.0017608468456613237,-0.0017608468456613237,0.0,1.3184049833411246e-6,0.03523728899193415,1.1902076240118515,33.77693511791702,-8.79160641611959,1.7577904759851715,0.8691897960442728,7.349917256609542e-7,0.002641943340735362,0.0008804818928400124,true
14.28125,3.8021779486924,4.418325140259001e-6,0.01766419626918299,0.01784262249412423,-1.6981146557395043e-7,-8.510388563805224e-6,0.0016583100850979843,-0.0016583100850979843,0.0,1.1620511190904412e-6,0.034714203148560135,1.1912085054037171,34.31472991921826,-8.895249396185285,1.758080106560598,0.8692248071523129,6.475160080810426e-7,0.0024884648985430834,0.0008293589226223534,true
14.34375,3.8021779486924,3.987803168774487e-6,0.016583886385411372,0.016751400389304415,-1.496892768932314e-7,-8.001100841233142e-6,0.0015554377430267408,-0.0015554377430267408,0.0,1.0488207607815738e-6,0.03416558042901916,1.193324992917724,34.927695591091194,-8.976139238126214,1.758809548519361,0.8693129256150931,5.827091251955533e-7,0.002334813597534169,0.0007781672287162089,true
14.40625,3.8021779486924,3.6329994511987025e-6,0.01588234279613492,0.01605273709913538,-1.3053689244360453e-7,-7.5196422728203895e-6,0.0015194174152508052,-0.0015206115963199065,1.1941810691012706e-6,9.555048449134583e-7,0.03399878459287903,1.1920658655797685,35.062014123570876,-9.057210076995743,1.7364603515101396,0.8665750217916612,5.332938390946292e-7,0.002289495544472154,0.0007630833250922946,true
14.46875,3.8021779486924,3.2879525012770332e-6,0.015239959151543202,0.015432781139631379,-1.142163562017335e-7,-7.063476018421869e-6,0.0014867576210462132,-0.0014886186418537868,1.861020807573683e-6,8.647550287349877e-7,0.03401547193494438,1.1888733579190023,34.95095879289162,-9.14662135736458,1.7015204826748678,0.8621321965343681,4.880499363385246e-7,0.0022939216812174036,0.0007645807547804568,true
14.53125,3.8021779486924,3.0294724512493225e-6,0.014238356435752044,0.014450751676125239,-1.0235489959061181e-7,-6.630071978657232e-6,0.0014527152940909224,-0.0014576682768313658,4.952982740443401e-6,7.967729264989248e-7,0.03396237596626909,1.187347399285532,34.96066943210296,-9.205851823352697,1.6472546150716918,0.8548148795334503,4.588755977298121e-7,0.002279592734743534,0.0007598179830196016,true
14.59375,3.8021779486924,2.8469489387863694e-6,0.013624240701272026,0.013761950575076023,-9.278608477788483e-8,-6.228438412519613e-6,0.0012792268810278102,-0.0012792268810278102,0.0,7.487679370097494e-7,0.03253595758566593,1.1989774892248755,36.85084374935066,-9.25199481166472,1.7576470284753256,0.8691724509879393,4.101532881786843e-7,0.001920135891901812,0.0006400078746792627,true
14.65625,3.8021779486924,2.80938569919827e-6,0.013057978067262128,0.013195702415403389,-8.51081315361844e-8,-5.8491378868069e-6,0.001252298013047451,-0.0012525090715994039,2.1105855195296085e-7,7.388885362833796e-7,0.032365712233027165,1.2004507966853633,37.09020175555967,-9.255140166789399,1.7362846005488632,0.8665531758328917,4.055758655954296e-7,0.0018802700512611681,0.0006267197625151881,true
14.71875,3.8021779486924,2.755905411103092e-6,0.012561176811676192,0.012709272429450535,-7.80446770148904e-8,-5.490888220652026e-6,0.0012277281976821757,-0.0012299885778438427,2.2603801616669257e-6,7.248228379344713e-7,0.032313686102891266,1.2005754638395703,37.15377626733054,-9.266183226730012,1.7086973243377155,0.8630613856374127,4.001294544212801e-7,0.0018682057651287502,0.0006227004490447952,true
14.78125,3.8021779486924,2.6003442271117392e-6,0.01224224293167599,0.012404957946261385,-7.089556961858142e-8,-5.152815343321243e-6,0.0012071559950252702,-0.0012097967556451796,2.6407606199094387e-6,6.839091337126971e-7,0.03233881801261751,1.1986214241525126,37.06447847552286,-9.319406037966498,1.6869263781646326,0.860215501849482,3.798446049157146e-7,0.0018739907990264527,0.0006246388688892447,true
14.84375,3.8021779486924,2.311011875559358e-6,0.011930553463185473,0.012148398367383642,-6.401934956187402e-8,-4.830713962576281e-6,0.0011989093079236898,-0.0011968201499255179,-2.089157998171878e-6,6.078126554687251e-7,0.032804536120602475,1.1905758533901687,36.293025117414864,-9.43235854554582,1.6270055189185622,0.8519466401318811,3.468273613144819e-7,0.0019842034500956534,0.0006613971032974833,true
14.90625,3.8021779486924,2.384981542141191e-6,0.01206548095226551,0.012673153448751851,-5.794072731836515e-8,-4.510561443518795e-6,0.0012153518410162284,-0.0011982232583572724,-1.7128582658955957e-5,6.272672069337011e-7,0.03595175638310859,1.1602620512019337,32.27275014989437,-9.449828964620133,1.3970043592767203,0.8131439822147233,3.9253216463719837e-7,0.00286218022003115,0.0009540674305425906,true
14.96875,3.8021779486924,2.3691554973462916e-6,0.011431745420620566,0.01242101620283723,-5.340878879033433e-8,-4.1915703687362375e-6,0.0012264738937435922,-0.0011990558622578219,-2.7418031485770345e-5,6.231048439384757e-7,0.03812879632182085,1.139162419119149,29.876695018227316,-9.463649936264739,1.2060467991919912,0.7698007284077358,4.2396053459919515e-7,0.003620850251072494,0.0012069672617481784,true
15.03125,3.8021779486924,2.2380603570493167e-6,0.010502874462479828,0.011459964496419933,-5.161235608891608e-8,-3.889023632895613e-6,0.0012136593642257422,-0.001188463500671432,-2.51958635543103e-5,5.886258842301171e-7,0.03776471690474645,1.1417657342063412,30.23366326526967,-9.485951309981466,1.1670328348651486,0.7593575016593509,4.085046969583021e-7,0.003484527984349706,0.0011615296721661258,true
15.09375,3.8021779486924,2.148705639620471e-6,0.009908746935471682,0.01082041563751189,-4.938766809519879e-8,-3.604638215602745e-6,0.00120022060296731,-0.0011779616512209855,-2.225895174632459e-5,5.651249543329314e-7,0.037376702138754485,1.1448147768854944,30.629100786783415,-9.502850781108041,1.1498916330308548,0.7545749026490918,3.9529778892030815e-7,0.003343523883304038,0.0011145301561316472,true
15.15625,3.8021779486924,2.0679468650236722e-6,0.0093623545850318,0.010274620344949442,-4.6979294756042e-8,-3.3358655069227278e-6,0.0011861303517883548,-0.0011674621168584565,-1.8668234929898348e-5,5.438848188930389e-7,0.03723506536706167,1.1454662200923353,30.76310485292234,-9.521502820330404,1.119190588374018,0.7456983934348997,3.857230690457037e-7,0.0032931275721234396,0.0010977343650897767,true
15.21875,3.8021779486924,1.956837194149868e-6,0.008940094729899149,0.009826533941187973,-4.4650342882486156e-8,-3.0841279326003955e-6,0.001165259217923472,-0.0011535498298474046,-1.170938807606753e-5,5.146621806122569e-7,0.03695733713151083,1.1467427463780626,31.0288250015805,-9.558514791390115,1.1056965201412106,0.7416666098893101,3.674322319692507e-7,0.0031959641907744253,0.001065352201580992,true
15.28125,3.8021779486924,1.8102772813402471e-6,0.008566297803983939,0.009378592355453871,-4.22271626594177e-8,-2.8505399170376886e-6,0.0011395429686656613,-0.0011367468229777715,-2.7961456878897086e-6,4.7611587510332497e-7,0.036399911541218834,1.150021840216844,31.594083378872302,-9.61480797520194,1.1126140846349588,0.7437435888791312,3.392607383185004e-7,0.003007463283311471,0.001002525832348695,true
15.34375,3.8021779486924,1.6537869076922514e-6,0.008213519159829874,0.008926155348112686,-3.971314251035833e-8,-2.6348483539828243e-6,0.0011149258782923873,-0.0011198166298962144,4.890751603827152e-6,4.349577873547455e-7,0.035666583024671426,1.1547204168146459,32.375414712867176,-9.680758679532492,1.131240376148603,0.749230747184731,3.077830294488921e-7,0.002772334250977332,0.0009241565192439602,true
15.40625,3.8021779486924,1.5084485953139134e-6,0.007785373096998107,0.008424055193198438,-3.717102396569892e-8,-2.434539469063746e-6,0.0010935800692551609,-0.001103918016882417,1.0337947627256198e-5,3.9673277149815704e-7,0.03503986176152474,1.158519740617928,33.06290842420024,-9.74547963990634,1.1349920088908545,0.7503176491584675,2.807085985688887e-7,0.0025825523532373522,0.0008609021258954179,true
15.46875,3.8021779486924,1.377140654599868e-6,0.007284969972482177,0.007857629765453192,-3.462562409622483e-8,-2.248020436998588e-6,0.0010751213825852986,-0.001088993930761231,1.387254817593244e-5,3.6219784375780677e-7,0.03441935280815541,1.1625250326699696,33.77533096422771,-9.804802815759748,1.1289211049043986,0.7485557784878386,2.5734948421747517e-7,0.0024044233964413586,0.0008015304520451239,true
15.53125,3.8021779486924,1.2940121436200219e-6,0.007056896198747177,0.00764278410384371,-3.1182300887810825e-8,-2.0734771861394146e-6,0.0010623911063970828,-0.0010769486841899854,1.455757779290261e-5,3.4033445069688103e-7,0.03441432698525706,1.160675264635435,33.72651352829486,-9.85998463691968,1.1084827509003534,0.7425057468559364,2.434783480017343e-7,0.0024029981213081687,0.0008010620106320021,true
15.59375,3.8021779486924,1.1966747334146877e-6,0.006550993655754928,0.007162849978799985,-2.8496472797411356e-8,-1.9083872619415555e-6,0.001044679391369916,-0.0010624554085616185,1.7776017191702435e-5,3.1473401549399705e-7,0.03439265094449894,1.1589879384135482,33.69870907258246,-9.915259574981853,1.0603631304378598,0.7275109626366916,2.3016156489433606e-7,0.002396930278074873,0.0007990456024757157,true
15.65625,3.8021779486924,1.106748052802283e-6,0.006305864956223312,0.00686227717978166,-2.665766216946453e-8,-1.7570196870258102e-6,0.000985142693426212,-0.0010270233148852808,4.1880621459068883e-5,2.910826551879043e-7,0.03378988682784637,1.1629407214876646,34.41682795247721,-9.975152631602294,1.0810200416284137,0.7340803269618719,2.109518426989752e-7,0.002233265770939862,0.0007444937337307282,true
15.71875,3.8021779486924,8.654475470715597e-7,0.005904474767649203,0.006036556753888105,-2.4428002458889042e-8,-1.632710728300676e-6,0.000823724676373477,-0.000823724676373477,0.0,2.2761889599859315e-7,0.02918606930893882,1.2043960433508387,41.2661270211528,-10.128255145293807,1.3903433957232563,0.8118241991161618,1.444866152957646e-7,0.001243161254626071,0.0004144465811934242,true
15.78125,3.8021779486924,7.337106872843666e-7,0.005954580297929802,0.006014727573666466,-2.2143455426679107e-8,-1.523400838390331e-6,0.0005589849962743746,-0.0005589849962743746,0.0,1.9297115947366316e-7,0.026463397370261873,1.2275027318698863,46.3849261187185,-10.297138508615348,1.756097605294931,0.8689848967474642,1.0501142717201897e-7,0.0008402872282954684,0.0002801512112853856,true
15.84375,3.8021779486924,5.881426145155275e-7,0.004990784756858639,0.005041196724099636,-1.9646038300707292e-8,-1.4202819123522147e-6,0.00046892253656077246,-0.00046892253656077246,0.0,1.5468571499074485e-7,0.025323130323165553,1.235601600460407,48.793398947604864,-10.440984039707047,1.7556307378776406,0.8689283099530757,8.500891894159032e-8,0.0007045625599828972,0.00023491036127696303,true
15.90625,3.8021779486924,5.103767700649355e-7,0.0046563802856639455,0.004708276972999342,-1.722021605325247e-8,-1.322751380638571e-6,0.00045221488670324473,-0.00045251161023485327,2.967235316085398e-7,1.3423274158971392e-7,0.025131450856390937,1.2347423125694683,49.131358138659664,-10.554809944968879,1.718885984544798,0.8643656310667559,7.498570246715163e-8,0.0006834618888946302,0.00022788021236573388,true
15.96875,3.8021779486924,4.3913612480097545e-7,0.004455659781431143,0.004516681225041199,-1.4950720813105422e-8,-1.2305599910152787e-6,0.0004415871932637008,-0.0004414684327545344,-1.1876050916639902e-7,1.1549594225383321e-7,0.025183273375172056,1.2307861031238372,48.873158178763894,-10.690186810328564,1.678096440585931,0.8590378448948445,6.569837564005053e-8,0.0006891008675873177,0.00022976479988160415,true
16.03125,3.8021779486924,4.2464975854921135e-7,0.004232971705513705,0.004338878328081978,-1.3164358879582345e-8,-1.1417236653650265e-6,0.00044037803222909554,-0.00043711688114720406,-3.261151081891472e-6,1.1168592429905913e-7,0.026002164284425713,1.2211117623454038,46.961927822169876,-10.725577863594973,1.5481490202041395,0.8400013546578846,6.65989694501089e-8,0.0007831763629549464,0.00026112926643237234,true
16.09375,3.8021779486924,4.5374974562537377e-7,0.004237341509048518,0.004535251517452971,-1.1743584492908452e-8,-1.0524976592422317e-6,0.00044730385171532633,-0.00043856619352266365,-8.73765819266268e-6,1.1933942907154623e-7,0.028921297521892098,1.1901161082410168,41.15016303608624,-10.71472991571057,1.2775287649627043,0.7874466975377755,7.925873260110188e-8,0.001198570939815303,0.0003996124754688164,true
16.15625,3.8021779486924,4.2863959518072355e-7,0.003741206460090204,0.0040732949328411115,-1.0801792662477218e-8,-9.66761136450624e-7,0.0004427472791293103,-0.0004347378791318883,-8.009399997421969e-6,1.1273527987508744e-7,0.029119613076628786,1.187468288644492,40.77898581686672,-10.7326876402195,1.167618449268261,0.7595187565561663,7.86693428731845e-8,0.0012317784542536076,0.00041068369309247345,true
16.21875,3.8021779486924,4.065916207538428e-7,0.0037088855472425354,0.00401456883708938,-1.0030159225083962e-8,-8.882363627035886e-7,0.0004330051638925531,-0.00042828570770640285,-4.71945618615025e-6,1.0693650487707261e-7,0.028751684539256642,1.1900561593501942,41.39083251714622,-10.780023696580919,1.1945010647639658,0.7667726501951506,7.358145139803548e-8,0.0011706968367599336,0.00039032237110201736,true
16.28125,3.8021779486924,3.6782658841055294e-7,0.003436116483684643,0.0036928320610311732,-9.278484597851037e-9,-8.157055374626966e-7,0.00042600107789641866,-0.00042305593146017763,-2.9451464362410286e-6,9.674102405886907e-8,0.027982933139078573,1.1966343163228035,42.76300523520482,-10.841096684519535,1.2030030391711561,0.769007446290647,6.640183395525533e-8,0.0010504328987559761,0.000350231216553171,true
16.34375,3.8021779486924,3.419630180339e-7,0.003347474712958878,0.003607912063345038,-8.362928874762183e-9,-7.480855932476405e-7,0.0004222881722578534,-0.00041969279618862056,-2.595376069232814e-6,8.993872003058244e-8,0.027974223012413153,1.1948726814494204,42.713346530454594,-10.907445701536869,1.1855711435206573,0.7643949583874116,6.210944066263723e-8,0.0010491192694301091,0.0003497953531669167,true
16.40625,3.8021779486924,3.121207028595904e-7,0.0031275275909112155,0.003399479073944567,-7.612762837301854e-9,-6.843386441248535e-7,0.00041862511272666215,-0.0004165791886709756,-2.0459240556865675e-6,8.208997765791873e-8,0.02799989654275459,1.1926595759542171,42.5951422403679,-10.976484272950358,1.134849200813,0.7502763866149892,5.804780718305281e-8,0.0010529689739970547,0.0003510807828159233,true
16.46875,3.8021779486924,2.8219963417826483e-7,0.002989077558758056,0.0032519918380046944,-7.041932738298579e-9,-6.252822688483554e-7,0.0004120526350531955,-0.00041209295699232054,4.032193912502325e-8,7.42205225495339e-8,0.027780665406538153,1.1928082474746233,42.93663344701229,-11.05775358617146,1.1222144847628719,0.7465908068969566,5.287538048412118e-8,0.0010203740115339607,0.0003402164435439152,true
16.53125,3.8021779486924,2.5004364140237787e-7,0.0028402245023905716,0.003071701897635043,-6.460314964721041e-9,-5.711200433224624e-7,0.0004047381568855975,-0.0004071424185740735,2.404261688476023e-6,6.576326641638904e-8,0.027241902077389853,1.1962330772156253,43.91151079749571,-11.150723687407062,1.1315101274705543,0.7493091006969153,4.6755435805417974e-8,0.0009434958299714513,0.00031458883488507435,true
16.59375,3.8021779486924,2.18668126712485e-7,0.002668527490702661,0.0028652368187589245,-5.875991374020873e-9,-5.21430407935052e-7,0.0003986068435549713,-0.00040263870685806826,4.031863303096967e-6,5.751128160313663e-8,0.02661190021434387,1.200612543609206,45.115626240101165,-11.25013448793196,1.1399257434171015,0.7517378177316809,4.083948940760498e-8,0.0008592037863411551,0.00028648918872305266,true
16.65625,3.8021779486924,1.9089196755046916e-7,0.0024880245187489,0.002663985903858904,-5.283527471006011e-9,-4.754777552235356e-7,0.00039436851305694293,-0.00039899512841742564,4.626615360482709e-6,5.0205953042286844e-8,0.026161637619083536,1.2030149029612651,45.98392961775944,-11.35193069191127,1.1276064052575112,0.7481721300300956,3.593471098815419e-8,0.0008025153000994755,0.00026759178994660733,true
16.71875,3.8021779486924,1.6896013480658179e-7,0.0023630933759606477,0.002546280779236439,-4.640806737643033e-9,-4.3257756985875265e-7,0.00039142313657774457,-0.00039602350451629675,4.600367938552188e-6,4.443772413773757e-8,0.026175099480390512,1.2000794797260537,45.84813443116471,-11.458238028804303,1.091120574767508,0.7372193807858417,3.2336109822828317e-8,0.000804162543871621,0.00026814273190898136,true
16.78125,3.8021779486924,1.4856618226629946e-7,0.002217010996628577,0.002405096410457692,-4.126970016378325e-9,-3.9248920589208024e-7,0.0003887174271023595,-0.00039315243814638665,4.435011044027137e-6,3.907396872821078e-8,0.02613065097471814,1.1978030211718231,45.83900425330844,-11.564846934757105,1.0513280184614435,0.724573110242331,2.8990601799926434e-8,0.0007987098899712646,0.0002663264559571338,true
16.84375,3.8021779486924,1.3153123279407595e-7,0.0020757093765989484,0.002268389241288216,-3.681116589631689e-9,-3.5504421318380516e-7,0.00038676295648078343,-0.0003906084483395434,3.845491858759981e-6,3.4593655154754294e-8,0.026078491483666307,1.1958096087213856,45.85424772250936,-11.664416688715962,1.011396802350347,0.7111019135708718,2.6162856750614536e-8,0.0007923483455300349,0.0002642069036295455,true
16.90625,3.8021779486924,1.1660883298055322e-7,0.0018830679295748025,0.0020818814775858227,-3.2819041056493496e-9,-3.198408678518583e-7,0.00038260274981032235,-0.0003868653282914277,4.262578481105351e-6,3.066895725400121e-8,0.025978894066871056,1.194667623256835,45.98608471098488,-11.753093721280946,0.9564527634437032,0.6911966151492341,2.3802762738470324e-8,0.0007803113024283545,0.0002601949153971358,true
16.96875,3.8021779486924,1.0394922509217349e-7,0.0017954629325293097,0.001982414758603163,-2.9178572726616262e-9,-2.876778669937134e-7,0.0003728725934545854,-0.0003802224929836405,7.349899529055111e-6,2.7339389816808144e-8,0.02567130185275826,1.1958417931401573,46.582826223582025,-11.848180065210148,0.9526105009276924,0.6897423216850973,2.1252430720373605e-8,0.000744007990480872,0.0002480926323720417,true
17.03125,3.8021779486924,9.143601051903117e-8,0.00169014168831357,0.0018333636170253663,-2.590297770514735e-9,-2.590458552643814e-7,0.00034550399872395276,-0.0003645112018355306,1.9007203111577825e-5,2.4048324868770743e-8,0.024712947855519994,1.2049536021331557,48.75798747999268,-11.938939846099396,0.9987747154853258,0.7066731793498389,1.8310302527130054e-8,0.0006389858265600051,0.00021307931906301722,true
17.09375,3.8021779486924,6.690678726046705e-8,0.0016730729299738326,0.0016899726565392248,-2.27737187107377e-9,-2.3746915952074007e-7,0.00015835792662803914,-0.00015835792662803914,0.0,1.759696367800903e-8,0.01929799086751919,1.2646644070873334,65.5334752601585,-12.194823519621638,1.7485515040054842,0.8680660766708035,9.717423299301604e-9,0.00023763482200056893,7.926353667763586e-5,true
17.15625,3.8021779486924,5.447939218671317e-8,0.001484730124081734,0.0014997273980623576,-1.9769688415806374e-9,-2.175105077626398e-7,0.00014033372787961002,-0.00014033372787961002,0.0,1.4328469872234432e-8,0.018725752699212575,1.26876970745532,67.75533821445117,-12.348250895912098,1.749664593901469,0.8682021712699045,7.961639299311924e-9,0.00021068149835568457,7.027664195696274e-5,true
17.21875,3.8021779486924,4.756918526122466e-8,0.0013888069022982485,0.0014028352548467156,-1.7122486610612287e-9,-1.990184263644561e-7,0.0001316170577131718,-0.0001316170577131718,0.0,1.2511036017549912e-8,0.01842401406532287,1.270452696259639,68.95634641589028,-12.459136370960989,1.747554851985672,0.8679440523289105,6.951863198194188e-9,0.00019742858039562423,6.58577906707812e-5,true
17.28125,3.8021779486924,4.3382484260765915e-8,0.0013331527378939137,0.0013491595580326968,-1.497355364928198e-9,-1.817957374611061e-7,0.00013139352026553093,-0.00013148961951571695,9.609925018602564e-8,1.1409903704187623e-8,0.018494723765799137,1.2680658625786627,68.56365516113297,-12.540556991190924,1.697668303030761,0.8616298381538724,6.445758012529208e-9,0.00020047538807400252,6.687403933474867e-5,true
17.34375,3.8021779486924,3.9950355245967755e-8,0.001254642874866381,0.0012715768099725547,-1.3276263954628721e-9,-1.657914975434821e-7,0.00013031903260547292,-0.0001305575615811803,2.385289757073734e-7,1.0507229221006609e-8,0.018471760865857622,1.267209911223204,68.60255069485326,-12.602484975164158,1.6450231429887074,0.8545025805213801,6.047242364100067e-9,0.00019948123927376543,6.654272273328092e-5,true
17.40625,3.8021779486924,3.737734747866624e-8,0.0011998461361558829,0.0012177429029957495,-1.18201654803488e-9,-1.509762163990527e-7,0.00012854444948172527,-0.0001288942961422721,3.498466605468401e-7,9.83050977177978e-9,0.018446821823755493,1.2665206635138029,68.6579333618759,-12.656886845707293,1.610540546477217,0.8495564518233935,5.715279217365561e-9,0.0001984058787937734,6.618429196426089e-5,true
17.46875,3.8021779486924,3.433360674731413e-8,0.0011579846681219839,0.0011798162977918625,-1.0517675296571733e-9,-1.371953849708e-7,0.00012752944785158576,-0.0001274703421983183,-5.910565326747359e-8,9.029984185543376e-9,0.018598720745163357,1.2631449008877331,67.9156872236074,-12.73502099190675,1.5595234702396146,0.8418042174522549,5.352146037468666e-9,0.00020501992117537653,6.839000809760549e-5,true
17.53125,3.8021779486924,3.488875684344078e-8,0.0011036763262266317,0.0011551657213222874,-9.46868627742194e-10,-1.2383363183395868e-7,0.00012918223918080118,-0.00012751438212184733,-1.667857058953846e-6,9.175992632180538e-9,0.019896189098121672,1.2465729344781726,62.65385438037765,-12.737467676448276,1.3492011086868154,0.8033886212308422,5.916855937066205e-9,0.000268484719315846,8.95522710738684e-5,true
17.59375,3.8021779486924,3.722382273370705e-8,0.001162223249627086,0.0012806269880358404,-8.601243975609803e-10,-1.1072156775835246e-7,0.0001332010751269781,-0.0001291907027977184,-4.010372329259692e-6,9.790131665591461e-9,0.022108310564907654,1.2182555264332124,55.10396295802628,-12.743826478265522,1.1329121415736199,0.7497158314100741,6.90545180598616e-9,0.00040928986596283054,0.00013650098863253392,true
17.65625,3.8021779486924,3.384814966143101e-8,0.000998480509133688,0.0011264186801392935,-7.934592457994089e-10,-9.828461777303218e-8,0.0001336631834403384,-0.00012919744019011177,-4.465743250226629e-6,8.902305499160465e-9,0.022160540634819488,1.2165963565547109,54.89921823672245,-12.788661076255265,1.0207611511976604,0.7143338449176264,6.626524550410685e-9,0.0004131702643697376,0.00013779494337349987,true
17.71875,3.8021779486924,3.041381550560228e-8,0.0009495170455025659,0.001067288863209543,-7.289230330109276e-10,-8.707354673138282e-8,0.00013124346188869043,-0.00012771277146175726,-3.53069042693317e-6,7.999051048113578e-9,0.021820227601329636,1.2191385580798442,55.87194507565791,-12.871609180787889,1.0227450751794405,0.7150127521108218,5.956597230183699e-9,0.0003883720728593734,0.00012952692763604446,true
17.78125,3.8021779486924,2.617098325176363e-8,0.0008765194871270712,0.0009760817758766011,-6.628403444406081e-10,-7.705092833927264e-8,0.00012721997301941122,-0.000125302486497408,-1.9174865220032288e-6,6.88315581356839e-9,0.02119206612661403,1.2249306910673607,57.801381127677445,-12.979824963229696,1.03558585726314,0.7193584181560913,5.112526763401972e-9,0.000345550111229114,0.00011524923856730047,true
17.84375,3.8021779486924,2.152607961677244e-8,0.0008008639709545236,0.0008692376134965764,-5.940882844842786e-10,-6.834679203777106e-8,0.00011841705210926645,-0.00012028577911317142,1.8687270039049694e-6,5.661512929497535e-9,0.020015569612578225,1.2374831678228184,61.82602802596019,-13.115631343921894,1.1068598199239799,0.742017388466434,4.0908884233970626e-9,0.00027498264931700544,9.171986846534053e-5,true
17.90625,3.8021779486924,1.575448703229534e-8,0.0007578345349658597,0.0007654894292584442,-5.239407327662938e-10,-6.158631951399018e-8,7.172850371249901e-5,-7.172850371249901e-5,0.0,4.1435427917605586e-9,0.01583326552788452,1.2887534562936478,81.39530370560506,-13.341944107128027,1.7479196877747731,0.8679887389723583,2.283450320214117e-9,0.00010769759580788962,3.5936239918398566e-5,true
17.96875,3.8021779486924,1.2352193306195362e-8,0.0006477115064296609,0.0006542540468986475,-4.526888030481251e-10,-5.545129793518957e-8,6.138332237128232e-5,-6.138332237128232e-5,0.0,3.2487152029387213e-9,0.015226853278235418,1.294202072463291,84.99471616457784,-13.515460074135431,1.7469334204013054,0.8678678881786778,1.809123556742863e-9,9.212603719570252e-5,3.074308584207229e-5,true
18.03125,3.8021779486924,1.0719738792755832e-8,0.0006239810735341707,0.0006308956816976474,-3.9010108928507645e-10,-4.9877790910902247e-8,6.0286919852106294e-5,-6.0336767553082405e-5,4.9847700976111194e-8,2.8193679878771686e-9,0.015194152185149768,1.2926893852040862,85.07808592752647,-13.64410546042391,1.7215472969140608,0.8647034577574324,1.5855507132536304e-9,9.133709496674598e-5,3.0480063731860785e-5,true
18.09375,3.8021779486924,9.104117795413127e-9,0.000602219514372494,0.0006103348758037255,-3.349982492485071e-10,-4.479938190803166e-8,5.9858404289644516e-5,-5.966420669929207e-5,-1.941975903524442e-7,2.3944481079703562e-9,0.01526894528240501,1.2893693828649455,84.44390617803413,-13.794706395193662,1.67633554757431,0.8588013489262539,1.3740863500522927e-9,9.3147947029499e-5,3.108413214833593e-5,true
18.15625,3.8021779486924,9.767207803956702e-9,0.0005950175463303026,0.0006247385697179541,-2.9549402787121357e-10,-3.988136968502085e-8,6.248672726948815e-5,-6.067932603596172e-5,-1.8074012335264297e-6,2.5688455237387623e-9,0.01699564971546255,1.2658719313481714,74.4821146905898,-13.77576453807589,1.379629167405018,0.8096749037503722,1.6480137163953198e-9,0.00014296779516830097,4.769909614403002e-5,true
18.21875,3.8021779486924,1.0250717428715907e-8,0.0005640941263056655,0.0006484211060874747,-2.6158373244350033e-10,-3.481074208021092e-8,6.762269969483306e-5,-6.335685406500045e-5,-4.265845629832611e-6,2.696012013914607e-9,0.019553221016167913,1.2306521466293299,62.93858927957415,-13.775114245778498,0.995518337630528,0.7055169363959447,2.0414355505948944e-9,0.00025044314785766127,8.353825359062617e-5,true
18.28125,3.8021779486924,9.11751757743373e-9,0.0004969952319218071,0.0005784739660781997,-2.342362714233151e-10,-3.019889900920002e-8,6.744298647428019e-5,-6.339575192499086e-5,-4.04723454928933e-6,2.397972346499279e-9,0.019303434148501532,1.2327085944007736,63.85954876824159,-13.846831788735136,0.9409681113685924,0.685284229287465,1.8632867087689676e-9,0.00023789097205175432,7.935280450814773e-5,true
18.34375,3.8021779486924,7.838185079791298e-9,0.00046246439223999655,0.0005348494014227481,-2.084411160566559e-10,-2.6142443423673137e-8,6.601888258909774e-5,-6.278696343220583e-5,-3.231919156891912e-6,2.061498747707722e-9,0.018869139423591922,1.2365291695299196,65.53182642680025,-13.963054941481065,0.9450800791759907,0.686867666664681,1.602315737167066e-9,0.00021719756388105435,7.245260560995586e-5,true
18.40625,3.8021779486924,6.61351571722975e-9,0.0004298271932780641,0.000491879725544256,-1.8404116217155098e-10,-2.260247152475022e-8,6.413541832795186e-5,-6.19146874380343e-5,-2.2207308899175606e-6,1.739401944484001e-9,0.018350272255152518,1.2413681979061963,67.64848938726979,-14.094167023662726,0.959577526392631,0.6923731772684747,1.3469896715074617e-9,0.0001942789067047133,6.481023813730615e-5,true
18.46875,3.8021779486924,5.513343668772662e-9,0.0004069395079380152,0.00045749716660367103,-1.6128996598048238e-10,-1.955679191962648e-8,6.142428246146736e-5,-6.057354116028559e-5,-8.50741301181769e-7,1.4500488254813916e-9,0.017741749230249203,1.2473592015900832,70.30643852542846,-14.239903581726377,0.9998649349032391,0.7070590236260157,1.1060535868270876e-9,0.00016976691702656069,5.663634927197646e-5,true
18.53125,3.8021779486924,4.318382371194647e-9,0.00037150614832767226,0.0004011347900824342,-1.3920065103391884e-10,-1.701224459537433e-8,5.72648870741857e-5,-5.834326466455844e-5,1.0783775903727385e-6,1.1357654558697794e-9,0.01644044520867084,1.2630672619199566,76.8268283424468,-14.411576759191593,1.1094189269055885,0.7427869154877683,8.296534465348627e-10,0.0001251848986854879,4.176903993315501e-5,true
18.59375,3.8021779486924,3.0999372038663004e-9,0.0003532099369297017,0.00035677771407040574,-1.1872121984997832e-10,-1.5062349784274345e-8,3.354820176959128e-5,-3.354820176959128e-5,0.0,8.153056605181759e-10,0.013090707099047545,1.3080542018795505,99.92234888325643,-14.662752490613373,1.744686626533783,0.8675920042660801,4.56652793488153e-10,5.033560097233548e-5,1.6804397007015984e-5,true
18.65625,3.8021779486924,2.4647382323496467e-9,0.0003184244037214088,0.00032164081183980685,-9.982559777080698e-11,-1.3318923990314156e-8,3.027680729201661e-5,-3.027680729201661e-5,0.0,6.482437870108869e-10,0.012758045193108797,1.3105911270430013,102.72664089251788,-14.846229974111322,1.7438119266181928,0.8674843827036992,3.655572172351714e-10,4.5412618119908514e-5,1.5162138532250919e-5,true
18.71875,3.8021779486924,2.073095328889838e-9,0.00031294571676255477,0.00031681047366074685,-8.397853525160207e-11,-1.1752109448289127e-8,3.0414970688005568e-5,-3.0268182812536243e-5,-1.4678787546932505e-7,5.45238901720208e-10,0.012863297008585675,1.306858834164168,101.5959464585089,-15.014903699022023,1.7035072048101303,0.8623902929961802,3.126872613356547e-10,4.692912723245563e-5,1.5668078229554487e-5,true
18.78125,3.8021779486924,2.3400495062660584e-9,0.00032052903451230546,0.0003394201897156238,-7.350054418124956e-11,-1.0234995321316357e-8,3.2503573066741654e-5,-3.136031381835281e-5,-1.1432592483888416e-6,6.154497600699674e-10,0.014796257985986485,1.2784198809465863,86.40156735286557,-14.975416031760997,1.345823681584518,0.802673818571336,4.0225234078435774e-10,8.213992562168159e-5,2.7413106638872832e-5,true
18.84375,3.8021779486924,2.3563142773675967e-9,0.000284188538301596,0.0003281191406814966,-6.450299134365764e-11,-8.706032365478076e-9,3.5022969296797345e-5,-3.284581809573234e-5,-2.1771512010650043e-6,6.197275112223383e-10,0.016575113235038026,1.2516817839352559,75.51573049222576,-14.981388817291808,0.9787630548572933,0.6994775203254283,4.751351841580255e-10,0.00012933564717318316,4.315347405481536e-5,true
18.90625,3.8021779486924,2.103407617569433e-9,0.0002623409436130555,0.00030196593017778176,-5.7117709659131505e-11,-7.379152759990887e-9,3.4296306549806845e-5,-3.260606250529782e-5,-1.6902440445090266e-6,5.532112504867933e-10,0.016229720278481536,1.25555768041616,77.36163401909418,-15.061400651984021,0.9743323247719917,0.6978549352592268,4.247807467141008e-10,0.00011889000845319213,3.966989422032961e-5,true
18.96875,3.8021779486924,1.7234659819115903e-9,0.0002404792612582477,0.0002713518109647914,-5.001891093321373e-11,-6.258623573505242e-9,3.311104775374339e-5,-3.201640360142252e-5,-1.0946441523208727e-6,4.5328388233494023e-10,0.015550333280912057,1.2634949526560408,81.25195324314839,-15.209001831122663,1.0131197646120518,0.7116999746419849,3.4343180489709263e-10,0.00010020272796212052,3.3437553642686484e-5,true
19.03125,3.8021779486924,1.3383064960113107e-9,0.00021579500000422263,0.00023735586473946533,-4.293782221228272e-11,-5.309945520351925e-9,3.276014238357858e-5,-3.1761769126809194e-5,-9.983732567693846e-7,3.5198418224259207e-10,0.014724652197285693,1.2733591178667976,86.47804381427261,-15.391934498458367,1.0575135907106405,0.7265886961525406,2.632741029633744e-10,8.05616599925315e-5,2.6886764746495218e-5,true
19.09375,3.8021779486924,1.1577325256031887e-9,0.00021084665811468113,0.00023905948360612662,-3.626489870667703e-11,-4.449100944286234e-9,3.419733337728334e-5,-3.247021048869553e-5,-1.727122888587807e-6,3.0449193626020117e-10,0.015260987248874742,1.262712167772799,82.74118490374234,-15.548655428219247,0.9611282030320644,0.6929550086923892,2.376510560229881e-10,9.29522361594341e-5,3.101941785379603e-5,true
19.15625,3.8021779486924,9.989237759485965e-10,0.0001899530529384958,0.0002330197721957893,-3.0125975646392024e-11,-3.637344264265702e-9,3.552495343468862e-5,-3.32758377058864e-5,-2.2491157288022246e-6,2.627240990370097e-10,0.01611351402641121,1.2469605409212225,77.38600896597505,-15.70355533026673,0.787240340609575,0.6185626615170107,2.210736705511435e-10,0.00011552190620974736,3.854672149362917e-5,true
19.21875,3.8021779486924,8.271293514454111e-10,0.00018168899057452242,0.00021975769801693462,-2.5349036411166464e-11,-2.9689376051640538e-9,3.465209557786822e-5,-3.295452011979441e-5,-1.6975754580738056e-6,2.1754093643351637e-10,0.015763736533568374,1.2498983307135692,79.28947099895704,-15.865633681065864,0.8051267379383389,0.627126951693986,1.8182884095359489e-10,0.00010581563520652636,3.530961964645729e-5,true
19.28125,3.8021779486924,6.956782187807978e-10,0.00016928690524137502,0.00019984718513542979,-2.1468502936954203e-11,-2.4223027306715616e-9,3.3762919393068574e-5,-3.256280882225629e-5,-1.2001105708122806e-6,1.8296834818581996e-10,0.015193915507545102,1.2569652508139302,82.72819802043374,-15.99553117597514,0.835200751718992,0.641029877837721,1.5099363825832342e-10,9.13292209609868e-5,3.0478144485028144e-5,true
19.34375,3.8021779486924,5.745891010797486e-10,0.00015386257644562333,0.00017684926881406495,-1.8187459083222733e-11,-1.9772576311353904e-9,3.264559185707713e-5,-3.198854338977686e-5,-6.570484673002727e-7,1.5112104399988815e-10,0.014514326575566797,1.2658894934732619,87.21655027414373,-16.129615473916395,0.8670039737395118,0.6550760662775693,1.2318336401489208e-10,7.605757751842031e-5,2.5384536709154594e-5,true
19.40625,3.8021779486924,4.840128195687558e-10,0.00014214854726338577,0.00015721344846531232,-1.5496339242775663e-11,-1.6297082975439287e-9,2.9818609159107655e-5,-3.0487986460805153e-5,6.693773016974974e-7,1.2729883401044176e-10,0.013653231420251096,1.2782314731797506,93.62116804698844,-16.242933265696514,0.9454329052999609,0.6870030793624231,1.0023825885365362e-10,5.955695900160748e-5,1.9880649248441683e-5,true
19.46875,3.8021779486924,2.7791560328238507e-10,0.00012686180660112967,0.00012814323899104006,-1.2698020378283365e-11,-1.3904170929406555e-9,1.2070268422796773e-5,-1.2070268422796773e-5,0.0,7.309379177741076e-11,0.010137252389870132,1.3310613344706095,131.30395528089062,-16.665133611372458,1.7426820943023853,0.8673451895888289,4.1860826669298074e-11,1.8110262707298655e-5,6.052378209563499e-6,true
19.53125,3.8021779486924,3.172101525201857e-10,0.0001292265836151425,0.0001364047936091288,-1.0920328926414474e-11,-1.1548063704098873e-9,1.3660547979253433e-5,-1.2837878187155753e-5,-8.226697920976801e-7,8.342853932685524e-11,0.011748753975177178,1.3047835017555374,111.05718142641254,-16.615932094323956,1.3463417121372672,0.8027836803509601,5.497326736682812e-11,3.266380121586097e-5,1.090892064147556e-5,true
19.59375,3.8021779486924,3.954004281231883e-10,0.00012514142674819847,0.0001744541786518429,-9.44286280968693e-12,-8.923737582397891e-10,1.9895427773345526e-5,-1.6421331026556614e-5,-3.4740967467889123e-6,1.0399314115720695e-10,0.015782261050099906,1.2387446175281884,78.48967987513721,-16.55373597246117,0.6491865336395917,0.5445086134878447,9.153744283642326e-11,0.00010631363055441255,3.547575150455942e-5,true
19.65625,3.8021779486924,3.2877465416857833e-10,0.00012137229820964211,0.000157944900547798,-8.300802412730616e-12,-7.121949100295692e-10,1.9888248500236346e-5,-1.6765813643678775e-5,-3.1224348565575706e-6,8.647008598891238e-11,0.014997517880696861,1.249697045652793,83.32692486809862,-16.689625332560478,0.7250652682999914,0.5870022060788053,7.394969013782303e-11,8.669909374211489e-5,2.893390397594194e-5,true
19.71875,3.8021779486924,2.78752419200698e-10,0.00011495136588616154,0.00015409515029049764,-7.101225340331024e-12,-5.597397515501318e-10,2.1410076777468762e-5,-1.7927820233670433e-5,-3.4822565437983287e-6,7.331388035022485e-11,0.015129234192040646,1.2451257189890512,82.29932217217582,-16.846476019588344,0.6749812102722862,0.5594621557863276,6.405958149834273e-11,8.978426543311449e-5,2.9962903528866822e-5,true
19.78125,3.8021779486924,2.1323160904236958e-10,0.00010353511857192068,0.00013956541404349363,-5.945834198918174e-12,-4.4344128187132055e-10,2.24560888758978e-5,-1.879852712072482e-5,-3.65756175517298e-6,5.608143856488928e-11,0.014838051167754671,1.2467076637322325,84.02098426790148,-17.07045847221568,0.6511304588624114,0.5456541444922661,4.9715650713356147e-11,8.307107936791669e-5,2.7723853464151987e-5,true
19.84375,3.8021779486924,1.5854105945297455e-10,9.013411230034101e-5,0.0001222049783141119,-4.816210876980243e-12,-3.571648033521138e-10,2.3066128558974422e-5,-1.938116280203342e-5,-3.684965756941002e-6,4.1697432785200944e-11,0.014436960352868823,1.2500948937921679,86.58989588093984,-17.31009160513297,0.6247232058459007,0.5298301203893804,3.752792081231823e-11,7.444922758491729e-5,2.4848121283512008e-5,true
19.90625,3.8021779486924,1.2093728253269322e-10,7.933565406690921e-5,0.00010818808424696849,-3.841207542488135e-12,-2.96172099098891e-10,2.327915839154489e-5,-1.970662741300861e-5,-3.5725309785362816e-6,3.180737045047682e-11,0.014076942153797534,1.2532150491517002,89.02608503037861,-17.531147613739723,0.6014373396773821,0.5154011499647028,2.895385180530353e-11,6.729840619429577e-5,2.2462955558758313e-5,true
19.96875,3.8021779486924,9.514875194583038e-11,7.127317241424521e-5,9.812770096340955e-5,-3.049116803297212e-12,-2.549244687665224e-10,2.331390719529462e-5,-1.9910347702696615e-5,-3.4035594925980043e-6,2.5024802423714232e-11,0.013814725430443141,1.255014115017521,90.84611354286346,-17.733677460039143,0.5788013295719117,0.5009416032619155,2.2980454694855552e-11,6.242400886132241e-5,2.0837045963819594e-5,true
20.03125,3.8021779486924,7.436147173936734e-11,6.463376084604741e-5,8.999519579633769e-5,-2.402352397708182e-12,-2.287449641864574e-10,2.333754016828894e-5,-2.0102185445911833e-5,-3.235354722377108e-6,1.9557599024248947e-11,0.013595531585973361,1.2559922063702549,92.38272136898817,-17.947646407698414,0.5567025752025233,0.4864085670914228,1.8109067005724123e-11,5.85567836497228e-5,1.954705861624464e-5,true
20.09375,3.8021779486924,5.671892753507849e-11,5.8520489100199755e-5,8.297645593296677e-5,-1.8664784239764717e-12,-2.1415690483255774e-10,2.3385576445624192e-5,-2.0336881000938512e-5,-3.04869544468568e-6,1.4917483689732246e-11,0.013418038580083875,1.2559455195722973,93.6012750355683,-18.18853619857286,0.5303064749278533,0.46850500510982934,1.3951559038395035e-11,5.5559315274580295e-5,1.854717459640006e-5,true
20.15625,3.8021779486924,4.2667735962812924e-11,5.287844762821e-5,7.61351165700681e-5,-1.4329397888079172e-12,-2.0893826948991024e-10,2.3358378321804503e-5,-2.05978931241417e-5,-2.760485197662803e-6,1.1221919788758626e-11,0.01321173852424959,1.2563620232548365,95.09437542597719,-18.441023208109687,0.5070465975745702,0.4522344129045989,1.0586793013766834e-11,5.2221663554393175e-5,1.743378932166382e-5,true
20.21875,3.8021779486924,3.2624451568959095e-11,4.770377112987766e-5,6.89788882102981e-5,-1.099180212095728e-12,-2.1079460344839528e-10,2.3277006787559346e-5,-2.091905533607497e-5,-2.357951451484376e-6,8.580464146918454e-12,0.012933436064571703,1.2585084942615816,97.30658488419702,-18.671875326304903,0.4908199751553776,0.44060872562045034,8.1374395540705e-12,4.796019081938315e-5,1.6012191884440905e-5,true
20.28125,3.8021779486924,2.605519274491919e-11,4.3080849808791954e-5,6.257788687846183e-5,-8.529605496748755e-13,-2.1750791922731968e-10,2.3233597669273928e-5,-2.1367289299909858e-5,-1.8663083693640696e-6,6.852702081942214e-12,0.012666152425019494,1.261097133996265,99.56434216796694,-18.861518319630296,0.4742271895370466,0.42848700250835736,6.521975855951605e-12,4.41183029160458e-5,1.4730521705667409e-5,true
20.34375,3.8021779486924,2.1639735250653356e-11,3.9155464520862965e-5,5.76284812716735e-5,-6.738304341667576e-13,-2.2754191588144922e-10,2.3226805594931686e-5,-2.19452958898966e-5,-1.281509705035086e-6,5.6914051742621455e-12,0.012469106565224644,1.2628383464983717,101.27737219123047,-19.01993958116081,0.4541531458283693,0.4135068888988688,5.435726148748719e-12,4.143742707698805e-5,1.3836142951562584e-5,true
20.40625,3.8021779486924,1.8328580658095677e-11,3.6480751055291266e-5,5.4700451175774084e-5,-5.414587113007436e-13,-2.3964763082558796e-10,2.3225807364268165e-5,-2.2611118959456127e-5,-6.146884048120379e-7,4.820547829540442e-12,0.012369357845089524,1.262868250128515,102.09650864210847,-19.170902228010437,0.4357340786257246,0.3994595704593635,4.617525963757912e-12,4.012786609632086e-5,1.3399245839842375e-5,true
20.46875,3.8021779486924,1.5519824089409523e-11,3.5093413894776e-5,5.31405044199528e-5,-4.4131080121916595e-13,-2.524072977918119e-10,2.3247137279488676e-5,-2.331327202489931e-5,6.61347454106325e-8,4.081824759082335e-12,0.012311779497814127,1.2620251879371696,102.50550606118584,-19.32903461315899,0.42601766622896636,0.3919335042398161,3.914378656235337e-12,3.9386219784749054e-5,1.3151814402793172e-5,true
20.53125,3.8021779486924,1.3097199043826443e-11,3.4955334412731346e-5,5.2750856800420605e-5,-3.6441934807324034e-13,-2.643739114860778e-10,2.338022139706083e-5,-2.4030245073097123e-5,6.500236760362924e-7,3.444657041454537e-12,0.012285256309064964,1.260481879544458,102.6011869703021,-19.496387737454697,0.4261141366907289,0.39200861913069807,3.3003736006100227e-12,3.904806447411697e-5,1.3038996949512085e-5,true
20.59375,3.8021779486924,1.0925095755827147e-11,3.506713072090122e-5,5.256135786424199e-5,-3.0116258310840274e-13,-2.7440823978300085e-10,2.371522543196392e-5,-2.4746283052905262e-5,1.031057620941341e-6,2.873378338219119e-12,0.01226406129077531,1.2586942585852348,102.63274365172897,-19.675842748459583,0.4274090793712633,0.393016142586021,2.750999472366418e-12,3.877940946657843e-5,1.2949366338047399e-5,true
20.65625,3.8021779486924,9.063792622628029e-12,3.518017025882451e-5,5.2889695045952583e-5,-2.4911222334810104e-13,-2.823210867787391e-10,2.420992950258887e-5,-2.539709836269039e-5,1.1871688601015207e-6,2.3838422990552404e-12,0.012294458977242363,1.255765187450879,102.14074403561483,-19.865437999444413,0.42369393164263625,0.39012180490646853,2.284437960027704e-12,3.9165143572306654e-5,1.3078058253729994e-5,true
20.71875,3.8021779486924,7.458771595261836e-12,3.529313634912126e-5,5.3345823849252204e-5,-2.0533536576857133e-13,-2.883732181055167e-10,2.4734830832282324e-5,-2.5893465855372793e-5,1.158635023090469e-6,1.9617102870808475e-12,0.012336920494486828,1.2524699838620106,101.52209252071611,-20.064165627768016,0.41893058520838966,0.386393870058643,1.8825301219734594e-12,3.97087723476058e-5,1.3259427268873468e-5,true
20.78125,3.8021779486924,6.100559002436483e-12,3.509900431988993e-5,5.321583187070746e-5,-1.6948229895812108e-13,-2.929324642409239e-10,2.51562344991586e-5,-2.6173988854205132e-5,1.0177543550465313e-6,1.6044906589746844e-12,0.012342024775612246,1.249898206983611,101.27173050676426,-20.264243312052677,0.41455772577010797,0.3829547833716079,1.5421318965839671e-12,3.977450030847796e-5,1.328135593460065e-5,true
20.84375,3.8021779486924,4.89745360840878e-12,3.488584212538759e-5,5.270084665419339e-5,-1.3749347544018087e-13,-2.955649505221868e-10,2.5529058251931716e-5,-2.626491155785435e-5,7.358533059226344e-7,1.2880653337366953e-12,0.012311498869446044,1.2478686862670858,101.35798244387392,-20.479335327613025,0.4130505861851754,0.38176576652295396,1.2390207567837346e-12,3.9382626426077585e-5,1.3150616885974963e-5,true
20.90625,3.8021779486924,3.358222513066703e-12,3.3690724012531525e-5,5.1961990016826195e-5,-1.0729680836872105e-13,-2.9665903186045587e-10,2.577883167814768e-5,-2.621983695492035e-5,4.410052767726725e-7,8.832365445235469e-13,0.012318963975158196,1.243167440859881,100.91493435379712,-20.848551847219838,0.398939245660746,0.3705411712649755,8.572920331463029e-13,3.947818970029151e-5,1.3182499491328944e-5,true
20.96875,3.8021779486924,2.856646070537572e-12,3.2146054295766586e-5,5.0436837743669116e-5,-8.700783703137536e-14,-2.979244983736549e-10,2.564906090590689e-5,-2.58996728198466e-5,2.5061191393971116e-7,7.513183520303135e-13,0.012268285243098217,1.2423278884334057,101.26336841836176,-21.003107317834267,0.38707630203488674,0.360977498669802,7.299505363398803e-13,3.883283548492222e-5,1.2967191784642144e-5,true
