r,tau,Dtau,Sr,E,nur,Pi,piR,piEta,piPhi,D,T,mu,alpha,phi,ur,v,n,e,P,ok
0.03125,4.402178548693012,0.27098488310312496,0.0,3.473599059022418,-8.453524273703757e-6,-0.00520012747291216,0.04053959014367177,-0.09313723556702411,0.05259764542335234,0.061556995043642475,0.2104398285824886,1.4287143132949178,6.7891820807812895,-0.33874617359868964,0.0,0.0,0.06155699504364241,3.473599059022441,1.1325813890015015,true
0.09375,4.402178548693012,0.26953642447357024,0.0421244099072801,3.448240118544405,-2.5391865626076554e-5,-0.0052108012372956355,0.036315301556861905,-0.08758120992245831,0.051265908365596406,0.06122796281254754,0.21004589015217648,1.4283945566028058,6.80039278829948,-0.34090380604598675,0.009150956765017433,0.009150573638475327,0.06122563169885214,3.447854656029599,1.1241274225123707,true
0.15625,4.402178548693012,0.2694526297217912,0.06936370716659676,3.4523137219353774,-4.221775996909547e-5,-0.005211457749901019,0.04116510109185025,-0.08777933052225505,0.046614229430404795,0.06120892797539766,0.2101002523443837,1.4282031231835777,6.797722074329321,-0.3417267519447678,0.015036498133201364,0.015034798573277237,0.06120264425697483,3.451270852569856,1.1252767955255614,true
0.21875,4.402178548693012,0.2690187849068968,0.09851181646998819,3.449053474084858,-5.921809556242704e-5,-0.005211813365890085,0.042490984066347166,-0.08762409068728232,0.04513310662093515,0.06111037567678106,0.2100353897724663,1.4279769174618047,6.798744340221655,-0.34290927170044416,0.02137306256487383,0.021368182545852158,0.06109768770291953,3.446948455607628,1.1238777115981153,true
0.28125,4.402178548693012,0.2686480341423508,0.12642298460571674,3.4464195074581694,-7.613494353050362e-5,-0.005211236801565808,0.04334614828130344,-0.08769181026566683,0.04434566198436339,0.06102615583870655,0.20997520354110444,1.4277837230515387,6.7997730159220335,-0.3439276435054122,0.02745102516286207,0.027440688024176627,0.06100526383637415,3.442950373778549,1.1225816883754163,true
0.34375,4.402178548693012,0.26821748294781017,0.15447296741692274,3.443149416797708,-9.308642324974535e-5,-0.005210402725652999,0.04363412190224157,-0.08766263304139878,0.044028511139157206,0.06092835171972813,0.2098998711190297,1.4275675254083935,6.80118342997386,-0.3450810817817588,0.03358149738112117,0.03356257816907934,0.060897148241702434,3.437964905753802,1.1209626596583555,true
0.40625,4.402178548693012,0.2677342182983262,0.182293887398346,3.439842815711808,-0.00010998011430064901,-0.005209247695596039,0.043779969312941244,-0.08762893936913749,0.04384897005619624,0.06081857319890293,0.2098191176193652,1.4273140548772345,6.802592971849868,-0.34642193689245104,0.039680639515266125,0.039649436720261624,0.06077510585076091,3.432614965758959,1.119227752872822,true
0.46875,4.402178548693012,0.2671665898206551,0.21003606799466504,3.4361470209614247,-0.0001268871882903534,-0.005207847303048824,0.043823586865501786,-0.08756721888539137,0.04374363201988959,0.06068963056938609,0.20972744410028038,1.427009522589383,6.804114400531501,-0.34802539898267587,0.04578725893552806,0.04573933839257267,0.060631910997101746,3.4265401101728163,1.1172596730307167,true
0.53125,4.402178548693012,0.2665148124597046,0.23763589479719768,3.4320584313783877,-0.00014377990786942316,-0.0052061948418932885,0.043835606286260875,-0.08749419350141979,0.04365858721515892,0.06054157265811758,0.20962486232689523,1.426653898670835,6.805747576096525,-0.3498921860460754,0.05189025595368021,0.05182053689930508,0.06046767055153555,3.4197440117235174,1.115059604351054,true
0.59375,4.402178548693012,0.26577949290248815,0.26509405270704656,3.4275047125794,-0.000160689853179067,-0.005204302852724177,0.04382901918665652,-0.08740905143742414,0.04358003225076762,0.060374537280273866,0.20951020918377128,1.4262497478670413,6.807542951837781,-0.3520126891204089,0.057994088068057954,0.057896807217517686,0.060282551223523724,3.4121566133153736,1.1126041048901754,true
0.65625,4.402178548693012,0.2649640640860691,0.2923866578456932,3.422475304822166,-0.00017760635074406142,-0.005202173906513494,0.0438152224433416,-0.08731436221251805,0.04349913976917645,0.06018930426271233,0.2093833152173002,1.425799818945637,6.809519743566611,-0.35437485062913143,0.06409713183690395,0.06396586648661257,0.0600773792816602,3.4037725389040108,1.1098910440175012,true
0.71875,4.402178548693012,0.26406920465989214,0.3194984470197082,3.416957795673077,-0.00019451029238797546,-0.005199810982943524,0.04379684821594268,-0.08721014799098521,0.04341329977504253,0.059986027767613644,0.20924398566692906,1.4253046957534325,6.811687758721093,-0.35697706678874935,0.07019981325626058,0.07002747712785486,0.059852353466682155,3.3945841254821154,1.1069177867530584,true
0.78125,4.402178548693012,0.26309471649895744,0.34641168111688636,3.4109499258507743,-0.0002113299589619056,-0.005197214165642498,0.04377560738235179,-0.0870967089654432,0.043321101583091416,0.05976466278885238,0.20909219847714727,1.4247638667098532,6.814046038477962,-0.3598227664068954,0.07630184645116979,0.07608069802586206,0.05960747621724187,3.3845946833472103,1.1036854408674004,true
0.84375,4.402178548693012,0.2620416673580383,0.37311002417089767,3.404450671115626,-0.0002279647079078279,-0.005194382837573529,0.04375194518308441,-0.0869740404234985,0.04322209524041409,0.05952545187787473,0.20892794091117226,1.4241777500245758,6.816597836620037,-0.36291100962728945,0.08240322582438302,0.08212487163737932,0.05934303605756003,3.373809058274096,1.1001955089843958,true
0.90625,4.402178548693012,0.2609128842479058,0.39957704119283655,3.397461175950185,-0.0002444386391908824,-0.00519131578538401,0.04372612397210684,-0.08684219008904435,0.04311606611693752,0.05926903721916726,0.20875122412056274,1.423548122335498,6.81935221377834,-0.3662343920931826,0.08850384552257748,0.08815924637909782,0.05905973253460745,3.362234765128422,1.096450215260853,true
0.96875,4.402178548693012,0.2597101477429756,0.4257966246002062,3.389982806231601,-0.0002608891975115201,-0.005188011087799933,0.04369817133338061,-0.08670115634236587,0.043002985008985264,0.05899582328846757,0.20856206987163392,1.4228759285340553,6.822313997026444,-0.36978953801816944,0.0946036242503293,0.09418310094761291,0.0587580426288471,3.34987995975395,1.0924520896522922,true
1.03125,4.402178548693012,0.258433832331905,0.45175292541872847,3.382016998125099,-0.00027723938823919056,-0.0051844659213918995,0.04366803893942791,-0.08655093125132521,0.0428828923118973,0.05870589515471445,0.20836051160159552,1.4221608736123366,6.825481770421255,-0.3735790711461633,0.1007024867549158,0.10019572630613156,0.05843811061897551,3.336753285652086,1.0882039622047752,true
1.09375,4.402178548693012,0.2570847141877675,0.47743038667478266,3.3735653733808295,-0.00029348387519618515,-0.005180676896781325,0.043635664142172736,-0.08639151516795104,0.04275585102577831,0.058399429133580885,0.2081465832478807,1.4214029709142222,6.828855649393392,-0.3776042241931832,0.1068003673559238,0.10619642950218335,0.058100181022632424,3.322863970980433,1.0837088170174956,true
1.15625,4.402178548693012,0.25566381331287813,0.5028136841437244,3.3646297950129993,-0.00030962219261705334,-0.005176640225874031,0.04360098317415876,-0.08622291713418306,0.042621933960024304,0.058076656929052464,0.20792032155338946,1.420602396449366,6.832436511428662,-0.3818655288595563,0.11289719045304661,0.11218451483693384,0.057744557355205395,3.3082218858043926,1.0789698283080011,true
1.21875,4.402178548693012,0.254172241639297,0.5278877835017253,3.355212273364914,-0.0003256514158527962,-0.005172351807389064,0.04356392070246197,-0.08604514648797747,0.0424812257855155,0.05773783112789909,0.20768176539940733,1.41975936742026,6.836225436979609,-0.38636339798741426,0.11899288258077453,0.11815929613874296,0.05737156676658497,3.2928374244266023,1.073990335700591,true
1.28125,4.402178548693012,0.2526111722359642,0.552637950945295,3.345314984208448,-0.0003415674393683672,-0.005167807261585604,0.043524401285236755,-0.08585821706811729,0.042333815782880535,0.05738321820475986,0.207430956254937,1.4188741179030793,6.840223578583195,-0.39109824088751405,0.12508737062136668,0.12412009536307098,0.056981552968998976,3.276721509036474,1.068773848338862,true
1.34375,4.402178548693012,0.2509818376854791,0.5770497724078896,3.33494026291205,-0.00035736592451119737,-0.005163001958236393,0.043482352225452735,-0.08566214802345357,0.04217979579800083,0.05701309815341191,0.20716793800068703,1.4179468992710593,6.844432169162957,-0.3960704610993838,0.13118058307310743,0.1300662441809075,0.056574875738856965,3.2598855663102024,1.0633240372622506,true
1.40625,4.402178548693012,0.2492855299872908,0.6011091584897856,3.3240905997120667,-0.0003730423008115913,-0.0051579310394644085,0.04343770306612043,-0.08545696329556032,0.04201926022943989,0.05662776446477906,0.20689275681323208,1.4169779815559502,6.8488525329820815,-0.40128044946008473,0.13727244823806956,0.13599708254254608,0.0561519106814549,3.2423415078687503,1.0576447289606927,true
1.46875,4.402178548693012,0.24752359898131926,0.6248023465699621,3.3127686292578877,-0.00038859154847994086,-0.005152589440939541,0.043390379750270644,-0.08524268848890636,0.04185230873863571,0.056227523768841214,0.20660546097827717,1.4159676537335169,6.85348609387626,-0.40672858243238036,0.1433628922802246,0.14191195712859742,0.055713048628398945,3.2241017054386605,1.051739897312654,true
1.53125,4.402178548693012,0.24569745019306444,0.648115906366469,3.300977128605779,-0.0004040080253087026,-0.005146971908876544,0.043340298312684974,-0.08501934744376177,0.0416790491310768,0.055812695345128824,0.20630610083711948,1.414916223296621,6.858334375742529,-0.4124152235834915,0.1494518379304893,0.1478102204451468,0.055258694896286036,3.2051789736130836,1.0456136581158848,true
1.59375,4.402178548693012,0.24380854222702789,0.6710367557350707,3.288719026787086,-0.00041928549084481096,-0.00514107301113003,0.04328736227956908,-0.0847869606290267,0.04149959834945762,0.055383610530611846,0.20599472888538617,1.4138240152086494,6.86339899500676,-0.4183407277343403,0.15553920509145808,0.15369123176324276,0.05478926845036488,3.185586561241374,1.0392702665360818,true
1.65625,4.402178548693012,0.2418583836956896,0.6935521851962184,3.2759974226118587,-0.00043441732621581015,-0.005134887142722783,0.04323146594841119,-0.08454554653788873,0.041314080589477546,0.05494061202208536,0.20567139996914569,1.4126913703492605,6.8686816473325365,-0.4245054473487189,0.16162491298362897,0.15955435952402294,0.05430520097909751,3.1653381479083813,1.0327141162902973,true
1.71875,4.402178548693012,0.23984852981475507,0.7156498842958496,3.262815601447456,-0.00044939684952626375,-0.005128408528924301,0.04317250202327698,-0.08429512540421351,0.04112262338093653,0.05448405310274502,0.20533617144889799,1.4115186438168705,6.874184094584403,-0.43090973966634916,0.1677088826378563,0.16539898403099826,0.05380693590961635,3.144447837665419,1.0259497379375666,true
1.78125,4.402178548693012,0.23778057897757832,0.737317962010296,3.2491770431640616,-0.00046421758851843223,-0.005121631229835243,0.04311036993397731,-0.08403572341692883,0.040925353482951524,0.05401429686403209,0.20498910323381833,1.41030620351978,6.879908157416208,-0.4375539727002556,0.17379103840777949,0.17122449914972415,0.05329492742696599,3.122930144407627,1.01898179438065,true
1.84375,4.402178548693012,0.23565616963254168,0.7585449572191028,3.2350854188920146,-0.00047887341409455633,-0.005114549149126291,0.043044981355084805,-0.08376737563708052,0.040722394281995714,0.0535317154962983,0.20463025766669057,1.4090544293342666,6.885855715577446,-0.44443852880187906,0.17987130786268923,0.17703031242082554,0.05276963955923725,3.1007999681337717,1.0118150732984674,true
1.90625,4.402178548693012,0.23347697764586625,0.7793198403074152,3.2205445798846974,-0.0004933585162283892,-0.005107156047160735,0.04297626137092724,-0.08349012675746162,0.04051386538653438,0.05303668968974113,0.20425969931385973,1.4077637128499905,6.892028714322448,-0.4515638055859557,0.1859496202754018,0.18281584382230429,0.052231545361236205,3.078072565675762,1.0044544776927509,true
1.96875,4.402178548693012,0.23124471412884412,0.7996320102388494,3.2055585443740533,-0.0005076672704608958,-0.005099445556745762,0.04290414588055749,-0.0832040299300489,0.040299884049491405,0.052529608140837375,0.20387749474262282,1.4064344575143106,6.898429173312183,-0.4589302149499509,0.1920259044589243,0.18858052392631502,0.051681126189677996,3.0547635209401025,0.9969050162342408,true
2.03125,4.402178548693012,0.22896112355808917,0.819471291839075,3.190131487502182,-0.0005217940679436906,-0.005091411199021401,0.042828577139615714,-0.08290914457379728,0.04008056743418156,0.052010867125338825,0.20348371235136664,1.405067078908303,6.905059194527057,-0.46653818133498065,0.19810008675066815,0.19432379222177568,0.051118871034346695,3.0308887184616777,0.9891717946911538,true
2.09375,4.402178548693012,0.22662798197401343,0.8388279363412254,3.1742677367385195,-0.0005357331710696237,-0.005083046397545955,0.042749499392361355,-0.08260553414168423,0.03985603474932287,0.05148087008903769,0.20307842227861317,1.4036620049360524,6.911920967212854,-0.4743881402218932,0.20417208964754574,0.20004509607646476,0.050545275863123636,3.0064643216292763,0.9812600089109229,true
2.15625,4.402178548693012,0.22424709509333407,0.8576926259688995,3.157971772540396,-0.0005494786258952064,-0.005074344489779899,0.04266685583807659,-0.08229326449459227,0.039626408656515684,0.05094002721900321,0.20266169638227505,1.4022196758184229,6.919016769569793,-0.48248053740326363,0.21024183120980655,0.20574389043681116,0.049960842950025466,2.9815067548840664,0.9731749391348409,true
2.21875,4.402178548693012,0.22182029626276523,0.8760564816442686,3.14124823247469,-0.000563024231097922,-0.005065298736214814,0.04258058730720693,-0.0819724031026794,0.039391815795472476,0.05038875497874177,0.20223360826197068,1.4007405438883183,6.92634896804006,-0.49081582910345145,0.2163092250708329,0.21141963809670516,0.04936608017354989,2.9560326881843992,0.9649219450815008,true
2.28125,4.402178548693012,0.21934944425986663,0.8939110722158192,3.12410191672877,-0.0005763635477233476,-0.005055902328036245,0.0424906323242231,-0.081643018940057,0.0391523866158339,0.04982747560863712,0.20179423329646098,1.3992250732476812,6.93392001540522,-0.4993944827167971,0.22237418077993223,0.21707181026705635,0.04876150028840558,2.9300590220790417,0.9565064612446723,true
2.34375,4.402178548693012,0.21683642099266226,0.9112484237335998,3.1065377934623077,-0.0005894899274062433,-0.005046148394303646,0.04239692796808003,-0.08130518279368273,0.03890825482560271,0.04925661660339517,0.20134364867671906,1.3976737393627883,6.941732448719642,-0.5082169778372726,0.22843660423151987,0.22269988720887643,0.048147620181839955,2.9036028722941514,0.9479339920358137,true
2.40625,4.402178548693012,0.21428312916375952,0.9280610278507893,3.0885610032321975,-0.0006023965408450328,-0.005036030009401664,0.042299410972601856,-0.08095896771345698,0.038659556740855125,0.04867661018142466,0.20088193342657534,1.3960870286621159,6.949788887672179,-0.5172838072860619,0.23449639802736574,0.2283033587853824,0.047524960128041936,2.8766815534364074,0.939210106633059,true
2.46875,4.402178548693012,0.21169148994283388,0.944341849002264,3.0701768623717935,-0.0006150763984484949,-0.005025540201175564,0.042198018686820056,-0.08060444941160631,0.03840643072478626,0.04808789275611826,0.20040916841083045,1.3944654381694563,6.958092033548387,-0.5265954779783438,0.2405534617166622,0.2338817248832687,0.046894043049839025,2.849312561872516,0.9303404335530305,true
2.53125,4.402178548693012,0.20906344066772425,0.9600843304146844,3.05139086556204,-0.0006275223604146583,-0.00501467195984167,0.042092689739096995,-0.08024170652765811,0.03814901678856111,0.04749090441363272,0.1999254363353975,1.3928094751753894,6.966644668659341,-0.5361525116033077,0.2466076919237064,0.23943449571470296,0.04625539379180233,2.8215135580951096,0.9213306550472661,true
2.59375,4.402178548693012,0.2064009325803151,0.9752823992023021,3.032208687940949,-0.0006397271379710436,-0.0050034182475659494,0.04198336441295507,-0.07987082075747728,0.037887456344522216,0.046886088398571356,0.19943082174441498,1.3911196569392865,6.97544965603214,-0.5459554451430356,0.25265898240832324,0.24496119204378364,0.045609538406310504,2.7933023488888202,0.9121865014273659,true
2.65625,4.402178548693012,0.20370592858788739,0.9899304708175496,3.0126361870333023,-0.0006516832900668421,-0.004991772008526636,0.041869984824113214,-0.07949187688665572,0.03762189206254251,0.04627389060545189,0.19892541101798153,1.3893965104044734,6.984509939149409,-0.5560048313059851,0.2587072241063635,0.250461345382016,0.044957003451251254,2.7646968695205283,0.9029137453941984,true
2.71875,4.402178548693012,0.20098040103610346,1.0040234530445362,2.992679404643116,-0.0006633832193555125,-0.00497972617928661,0.0417524950103282,-0.07910496278125331,0.037352467770925116,0.04565475907281718,0.1984092923724978,1.3876405719087157,6.993828541576218,-0.566301238957792,0.26475230518312676,0.25593449818290936,0.04429831529728645,2.735715166075485,0.8935181964126693,true
2.78125,4.402178548693012,0.19822632948116933,1.0175567496142346,2.9723445687177223,-0.0006748191702871041,-0.004967273699356206,0.04163084102526597,-0.07871016938013833,0.03707932835487236,0.04502914347715903,0.197882555863297,1.3858523868773756,7.003408566416347,-0.5768452536133651,0.2707941111170322,0.2613802040508239,0.0436339994428585,2.7063753779318627,0.8840056951303886,true
2.84375,4.402178548693012,0.1954456984526362,1.0305262634249512,2.951638095098178,-0.0006859832307977398,-0.00495440752189235,0.04150497109177535,-0.07830759071617724,0.036802619624401886,0.044397494624715574,0.19734529338843962,1.3840325094918045,7.013253195593467,-0.587637478031634,0.276832524812847,0.26679802796249974,0.042964579836099574,2.676695720326278,0.8743821078247863,true
2.90625,4.402178548693012,0.1926404952029904,1.042928399292128,2.9305665890246746,-0.0006968673380038486,-0.004941120624534633,0.04137483583552252,-0.07789732397675918,0.03652248814123666,0.04376026394026761,0.1967975986920555,1.3821815023292456,7.023365688989186,-0.5986785329383726,0.28286742673533194,0.27218754649217697,0.042290578203528745,2.6466944669417565,0.8646533208559223,true
2.96875,4.402178548693012,0.1898127074439993,1.0547600661261018,2.909136846258325,-0.000707463287644207,-0.004927406020412556,0.041240388595357155,-0.07747946960193448,0.03623908100657733,0.043117902952926314,0.19623956736288514,1.3802999359771189,7.0337493836025216,-0.6099690578787937,0.2888986950773339,0.2775483480520519,0.041612513385583444,2.616389932313752,0.8548252350568243,true
3.03125,4.402178548693012,0.18696432107268388,1.0660186784361998,2.8873558536956803,-0.0007177627467172246,-0.004913256769375339,0.041101585793534796,-0.07705413141171522,0.03595254561818042,0.042470862779564626,0.19567129684115472,1.3783883886078168,7.044407692185879,-0.621509712233916,0.2949262057826045,0.28288003298837455,0.04093090068413248,2.5858004547734246,0.8449037602992051,true
3.09375,4.402178548693012,0.18409731789168493,1.0767021570733897,2.865230789379596,-0.0007277572687043516,-0.004898665989496835,0.04095838734445075,-0.07662141675169644,0.03566302940724569,0.041819593606975035,0.19509288639769806,1.3764474455526068,7.055344102842941,-0.6333011763203429,0.3009498328098438,0.28818221387689735,0.04024625121392335,2.554944378068155,0.8348948096174,true
3.15625,4.402178548693012,0.1812136733300159,1.0868089291422058,2.842769021836001,-0.0007374383108381503,-0.0048836268689050055,0.04081075708085034,-0.07618143664617338,0.03537067956532304,0.04116454417411521,0.19450443712979684,1.3744776988302683,7.066562177772072,-0.6453441526681888,0.30696944811176524,0.2934545155506353,0.03955907127205115,2.523840034038471,0.824804293678464,true
3.21875,4.402178548693012,0.17831535417151584,1.0963379270329465,2.8199781086931983,-0.0007467972529237384,-0.004868132677979989,0.04065866317857353,-0.0757343059489015,0.03507564277032797,0.040506161256102825,0.1939060519404473,1.372479746667878,7.078065552535699,-0.6576393673947125,0.31298492169630054,0.298696575187801,0.03886986171837088,2.492505724639966,0.8146381150304253,true
3.28125,4.402178548693012,0.17540431629942177,1.1052885865435307,2.7968657945646647,-0.000755825417251845,-0.004852176781954778,0.04050207856252519,-0.0752801434824557,0.034778064919930504,0.03984488915187199,0.1932978355137287,1.3704541930041851,7.089857935356191,-0.6701875716896688,0.3189961216187069,0.3039080423267589,0.03817911737241159,2.4609597040221107,0.8044021623639315,true
3.34375,4.402178548693012,0.17248250246667873,1.1136608440799953,2.773440008199324,-0.000764514089119736,-0.004835752653948144,0.04034098127764998,-0.07481907215772247,0.0344780908800725,0.03918116917767637,0.19267989428435806,1.3684016469823022,7.101943106543371,-0.6829895433899515,0.32500291392514613,0.30908857882802926,0.03748732642843114,2.4292201606062136,0.7941023047673552,true
3.40625,4.402178548693012,0.16955184010267918,1.1214551329446718,2.749708858930936,-0.0007728545374398998,-0.004818853888448119,0.040175354809456464,-0.07435121906552634,0.03417586425606988,0.038515439168867516,0.19205233640195346,1.3663227224368781,7.1143249180642645,-0.696046088621092,0.3310051625469093,0.31423785878441496,0.03679496989093204,2.397305199231612,0.7837443859974685,true
3.46875,4.402178548693012,0.1666142391675184,1.1286723787421602,2.7256806324808576,-0.0007808380349337451,-0.004801474215253579,0.040005188339790484,-0.07387671553305743,0.03387152719326694,0.03784813299246698,0.19141527169078354,1.3642180373811863,7.127007293258054,-0.7093580434802448,0.33700272914755414,0.3193555683830513,0.03610252103291863,2.3652328234494053,0.7733342187911953,true
3.53125,4.402178548693012,0.16367159006471838,1.1353139939553945,2.701363786193977,-0.0007884558774666493,-0.004783607513865626,0.039830476926305654,-0.07339569713924313,0.03356522021293747,0.03717968007302016,0.1907688116061073,1.3620882134993042,7.139994226685731,-0.72292627573448,0.3429954729281686,0.32444140572564706,0.03541044487905319,2.3330209180550887,0.7628775792480282,true
3.59375,4.402178548693012,0.16072576162224533,1.1413818717632809,2.676766943804709,-0.0007956994022484353,-0.0047652478283030375,0.039651221598482986,-0.07290830368550216,0.03325708208701918,0.03651050493396369,0.19011306918839593,1.359933875647704,7.153289784091872,-0.7367516865108049,0.34898325039898026,0.3294950806155672,0.03471919771555768,2.3006872319549214,0.7523802013139758,true
3.65625,4.402178548693012,0.15777859914966946,1.1468783791860169,2.6518988898388836,-0.0008025600048510948,-0.004746389382296004,0.03946742936906104,-0.0724146791214015,0.03294724975234046,0.0358410267562894,0.18944815901679782,1.3577556513691682,7.166898102444901,-0.7508352119601194,0.3549659151281111,0.33451631432229045,0.03402922662826175,2.2682493614576553,0.7418477713970023,true
3.71875,4.402178548693012,0.15483192257684142,1.151806349650447,2.626768563756723,-0.000809029155248223,-0.004727026594795819,0.039279113166569825,-0.07191497142821952,0.0326358582616497,0.035171658955725535,0.18877419716317317,1.3555541704202445,7.180823390013026,-0.7651778248851404,0.3609433174794259,0.3395048393343387,0.03334096906968572,2.2357247340743767,0.7312859231411873,true
3.78125,4.402178548693012,0.15188752467669042,1.156169075065429,2.6013850539296355,-0.0008150984133519643,-0.004707154095722713,0.03908629170088347,-0.07140933246658089,0.03232304076569742,0.034502808779027186,0.18809130114781242,1.3533300643117756,7.195069926430329,-0.779780536330934,0.3669153043515259,0.34446039911141213,0.0326548524555103,2.2031305928923266,0.7207002323813999,true
3.84375,4.402178548693012,0.14894716937227254,1.1599702974856623,2.57575759152083,-0.0008207594447177026,-0.004686766741867618,0.038888989278317736,-0.07089791779666173,0.03200892851834399,0.0338348769194049,0.18739958989761135,1.3510839658607987,7.209642062712006,-0.7946443971438991,0.3728817189287312,0.34938274784499473,0.03197129379032304,2.1704839815667127,0.7100962122931919,true
3.90625,4.402178548693012,0.14601259012614787,1.1632142004250325,2.549895544314132,-0.0008260040371965491,-0.004665859632861188,0.03868723558514198,-0.07038088648065592,0.031693650895513945,0.03316825715065519,0.1866991837071206,1.3488165087511401,7.224544221184493,-0.8097704995112618,0.378842400452422,0.3542716502342388,0.031290699322160345,2.1378017299536562,0.6994793087457982,true
3.96875,4.402178548693012,0.1430854884091617,1.1659053998594209,2.5238084105072423,-0.0008308241193324274,-0.004644428127129938,0.038481065458130716,-0.0698584008770736,0.03137733541894288,0.032503335979328495,0.18599020420249462,1.3465283271001545,7.239780895310689,-0.8251599784941097,0.3847971840180681,0.35912688128110987,0.030613464225202794,2.1051004403869245,0.688854895859366,true
4.03125,4.402178548693012,0.14016753224518927,1.1680489349381569,2.4975058124615837,-0.0008352117812075665,-0.004622467857769472,0.03827051865827512,-0.06933062643518705,0.031060107776911927,0.03184049231415305,0.18527277430805225,1.344220055029307,7.25535664940321,-0.8408140135672512,0.39074590040000345,0.36394822610589583,0.029939972309889713,2.07239647458596,0.6782282717625134,true
4.09375,4.402178548693012,0.13726035482896903,1.1696502584062172,2.4709974903840273,-0.0008391592982895551,-0.004599974748279043,0.0380556396597478,-0.06879773149591648,0.030742091836168675,0.031180097152061458,0.18454701821494868,1.3418923262374873,7.271276118233112,-0.8567338301741557,0.3966883759030578,0.3687354797817058,0.02927059575982872,2.039705941173815,0.6676046545433054,true
4.15625,4.402178548693012,0.13436555321486127,1.170715226726494,2.4442932959046955,-0.0008426591586389849,-0.0045769450281155505,0.03783647746137972,-0.06825988710301573,0.030423409641636007,0.030522513280328855,0.18381306135132558,1.339545773577048,7.287544006553198,-0.8729207013002883,0.4026244322378876,0.37348844718478297,0.028605694894985448,2.0070446837790366,0.6569891783851667,true
4.21875,4.402178548693012,0.13148468707547678,1.171250089886191,2.4174031855135665,-0.0008457040936424275,-0.004553375248038852,0.03761308542335576,-0.06771726682612403,0.03010418140276827,0.02986809499458263,0.18307103035329667,1.3371810286338854,7.30416508856343,-0.8893759490614163,0.40855388641571616,0.3782069428566584,0.027945617960808685,1.9744282696971225,0.6463868898796971,true
4.28125,4.402178548693012,0.1286192775301051,1.1712614808685595,2.390337213819623,-0.000848287112254459,-0.004529262295229819,0.03738552112811544,-0.06717004659537096,0.029784525467255518,0.0292171878326679,0.18232105303615012,1.3347987213140775,7.321144207352824,-0.9061009462970073,0.41447655065733235,0.38289079087364597,0.02729070094308059,1.941871979090022,0.635802744509256,true
4.34375,4.402178548693012,0.12577080604373372,1.1707564047754637,2.3631055266060597,-0.0008504015385859172,-0.004504603408169161,0.037153846261766044,-0.06661840454586526,0.029464558284099218,0.02857012832454843,0.18156325836529907,1.332399479440432,7.338486274352324,-0.9230971181535064,0.4203922323113408,0.3875398247194856,0.02664126740838147,1.9093907947101616,0.6252416032948002,true
4.40625,4.402178548693012,0.12294071339787994,1.1697422275902514,2.3357183536612496,-0.000852041052568216,-0.004479396191268137,0.03691812651083565,-0.06606252086964054,0.029144394358804893,0.027927243758520542,0.18079777642658332,1.3299839283629298,7.356196268835183,-0.9403659436381884,0.4263007337771285,0.39215388715749594,0.025997628370074143,1.8769993921394643,0.6147082296057915,true
4.46875,4.402178548693012,0.12013039873479572,1.1682266645785848,2.3081860013779805,-0.0008531997333595588,-0.004453638629241363,0.03667843146858958,-0.06550257767231875,0.028824146203729167,0.027288851964094443,0.18002473839571548,1.327552690587388,7.374279237497191,-0.9579089571209518,0.4322018524287407,0.3967328300993404,0.025360082179716862,1.8447121305422058,0.6042072861317699,true
4.53125,4.402178548693012,0.11734121867647146,1.1662177683304364,2.2805188451178475,-0.0008538721051188055,-0.004427329101209507,0.03643483454538417,-0.06493875883185901,0.028503924286474844,0.026655261111866887,0.17924427650667654,1.3251063854268843,7.392740294151185,-0.9757277497594251,0.4380953805371034,0.4012765144686111,0.02472891444372288,1.8125430439308459,0.5937433320153286,true
4.59375,4.402178548693012,0.11457448651959054,1.1637239164542499,2.2527273213487042,-0.0008540531847440344,-0.004400466394514538,0.036187412878511224,-0.06437124985724287,0.02818383697873164,0.02602676953064687,0.17845652401903453,1.322645628680162,7.411584619563059,-0.9938239708228377,0.4439811051887161,0.40578481005806266,0.02410439796497742,1.780505832950292,0.5833208201483783,true
4.65625,4.402178548693012,0.11183147150729866,1.1607537989380772,2.224821919566452,-0.0008537385311619541,-0.00437304971822601,0.03593624723805056,-0.0638002377454726,0.027863990507422033,0.025403665542030537,0.17766161518418652,1.3201710323412714,7.430817461456798,-1.0121993288887703,0.44985880819948426,0.4102575953798123,0.023486792709019617,1.7486138571861345,0.572944094633651,true
4.71875,4.402178548693012,0.10911339817807701,1.1573164051973648,2.19681317401784,-0.0008529242957423643,-0.004345078716309861,0.03568142192627448,-0.06322591083576984,0.02754448890949536,0.024786227312491065,0.17685968521060075,1.3176832043441649,7.450444134711061,-1.030855592888431,0.4557282660229376,0.4146947575083102,0.022876345794242275,1.7168801280041297,0.5626173884140464,true
4.78125,4.402178548693012,0.106421445791617,1.1534210108319969,2.168711655242509,-0.00085160727340001,-0.004316553480427948,0.03542302466913811,-0.06264845866035593,0.027225433991217816,0.02417472272296022,0.17605087022812607,1.3151827483458245,7.470470021770501,-1.0497945929758257,0.4615892496527551,0.4190961919164131,0.022273291505445096,1.6853173019264394,0.5523448210718722,true
4.84375,4.402178548693012,0.1037567478310038,1.1490771641171782,2.1405279614544876,-0.0008497849539264225,-0.004287474562331681,0.035161146499195904,-0.06206807179159603,0.026906925292400123,0.023569409255744234,0.17523530725146858,1.3126702635508796,7.490900573291166,-1.0690182211984023,0.46744152451965165,0.4234618023049964,0.021677851329926574,1.6539376745499148,0.5421303968000304,true
4.90625,4.402178548693012,0.1011203915801685,1.144294672253749,2.1122727097834346,-0.0008474555730652217,-0.004257842985809279,0.0348958816300567,-0.06148494168567699,0.02658906005562029,0.02297053389853774,0.17441313414292153,1.3101463445804045,7.511741309039346,-1.088528431947226,0.47328485038289614,0.4277915004266892,0.021090234015198075,1.622753175009738,0.531978002546573,true
4.96875,4.402178548693012,0.09851341777514244,1.1390835874040353,2.083956527397176,-0.0008446181628106387,-0.004227660258143903,0.03462732732302068,-0.06089926052325821,0.026271933200237532,0.022378333065202604,0.17358448957447595,1.307611581386979,7.532997819058896,-1.1083272421668595,0.4791189812163668,0.43208520590403415,0.02051063564729451,1.5917753609917986,0.5218914063341314,true
5.03125,4.402178548693012,0.09593682032728576,1.133454192539547,2.05559004252654,-0.000841272600379203,-0.004196928381038065,0.03435558374670737,-0.06031122104762085,0.02595563730091348,0.021793032532896467,0.17274951298942567,1.3050665592175403,7.554675765120252,-1.128416731307323,0.4849436650891035,0.43634284604241,0.019939239748554993,1.5610154142951322,0.5118742557550735,true
5.09375,4.402178548693012,0.09339154611640546,1.127416987126753,2.027183875412681,-0.0008374196552786837,-0.00416564986095809,0.0340807538305119,-0.059721016400856454,0.025640262570344553,0.02121484739507738,0.17190834456356405,1.302511858625124,7.576780882463289,-1.1487990410020708,0.4907586440403827,0.4405643556380978,0.01937621739368012,1.5304841369437383,0.5019300766426048,true
5.15625,4.402178548693012,0.09087849485143343,1.1209826726771341,1.998748629196532,-0.0008330610338674293,-0.004133827718852512,0.03380294311282607,-0.059128839958683885,0.025325896845857815,0.02064398202985539,0.1710611251660555,1.299948055529962,7.59931898184379,-1.1694763744587786,0.4965636539493821,0.4447496767818913,0.018821727342800854,1.5001919478452774,0.49206227191745994,true
5.21875,4.402178548693012,0.0883985189961284,1.1141621381871425,1.9702948807696754,-0.0008281994207694872,-0.004101465499196988,0.03352225958508999,-0.05853488516454978,0.02501262557945979,0.020080630083114993,0.17020799632007583,1.297375721329693,7.622295951889242,-1.1904509955529492,0.5023584243991831,0.4488987586584137,0.018275916190243387,1.470148879993264,0.48227412060955105,true
5.28125,4.402178548693012,0.08595242375719654,1.1069664454933186,1.9418331716063875,-0.0008228385164977415,-0.0040685672783184815,0.0332388135327365,-0.057939345363668,0.024700531830931502,0.019524974465816577,0.1693491001633486,1.2947954230577836,7.6457177617647005,-1.2117252276172874,0.5081426785343286,0.45301155734092863,0.01773891852765536,1.4403645782093095,0.47256877705393535,true
5.34375,4.402178548693012,0.08354096713213585,1.0994068145675069,1.913373998596041,-0.0008169830706399844,-0.004035137671952169,0.032952717373829585,-0.057342413637523446,0.02438969626369386,0.01897718736486479,0.16848457940870226,1.292207723588571,7.669590464145635,-1.2333014519232408,0.5139161329110941,0.45708803558141087,0.01721085712014467,1.4108482974205636,0.4629492702600038,true
5.40625,4.402178548693012,0.08116486001402545,1.0914946087766162,1.8849278048929614,-0.000810638909975048,-0.0040011818419853,0.03266408549596654,-0.056744282639245046,0.024080197143278505,0.018437430266912493,0.16761457730471488,1.2896131818866607,7.69392019849329,-1.255182105855069,0.5196784973400128,0.46112816259593353,0.016691843094069604,1.3816089014644353,0.4534185034517711,true
5.46875,4.402178548693012,0.07882476635051694,1.083241320132048,1.856504970802145,-0.0008038129609052262,-0.003966705502342113,0.03237303409205604,-0.05614514443026903,0.02377211033821299,0.017905853994477274,0.1667392375965432,1.2870123532976288,7.718713194621869,-1.2773696807810453,0.5254294747201894,0.4651319138454316,0.01618197613514095,1.3526548624126766,0.4439792537771509,true
5.53125,4.402178548693012,0.07652130335432487,1.0746585545523264,1.82811580471778,-0.0007965132656269335,-0.003931714923965206,0.0320796809956224,-0.05554519031872971,0.023465509323107307,0.01738259875375653,0.16585870448703158,1.2844057898762449,7.743975776542207,-1.2998667196306983,0.5311687608643713,0.4690992708115163,0.01568134469553132,1.3239942604059272,0.4346341721837513,true
5.59375,4.402178548693012,0.07425504176263623,1.0657580171627163,1.7997705341323293,-0.0007887489915086864,-0.00389621693885063,0.031784145516264906,-0.05494461070000068,0.023160465183735775,0.01686779419355497,0.16497312259822283,1.2817940407477022,7.769714366560158,-1.3226758141913744,0.5368960443135842,0.47303022076693235,0.01519002620874186,1.2956347839897249,0.4253857834586781,true
5.65625,4.402178548693012,0.072026506142959,1.0565514976550265,1.7714792967336912,-0.0007805304332185015,-0.00386021894309415,0.03148654827562586,-0.054343594899668696,0.022857046624042837,0.016361559474761277,0.16408263693340852,1.2791776524965865,7.795935489601678,-1.3457996021421343,0.5426110061397987,0.4769247565400523,0.014708087311040693,1.267583730942543,0.41623648642966254,true
5.71875,4.402178548693012,0.0698361752431153,1.0470508557308955,1.7432521316057952,-0.0007718690072291262,-0.00382372889890939,0.031187011043991,-0.05374233101909803,0.022555319975107034,0.015864003349852624,0.1631873928397657,1.2765571695779914,7.822645777737546,-1.36924076384631,0.5483133197362152,0.48078287627360006,0.01423558406836905,1.239848009582764,0.4071885543235739,true
5.78125,4.402178548693012,0.06768448238328342,1.0372680066516786,1.7150989705483375,-0.0007627772384161848,-0.0037867553355796363,0.030885656577734052,-0.05314100578377644,0.022255349206042385,0.015375224251951038,0.1622875359716363,1.273933134744609,7.849851974875383,-1.3930020189283154,0.5540026505946574,0.4846045831777339,0.013772562207704031,1.2124341405413062,0.3982441352782844,true
5.84375,4.402178548693012,0.06557181588820539,1.0272149069167078,1.687029629530728,-0.0007532687385601705,-0.003749307349307611,0.030582608457993474,-0.05253980439471549,0.021957195936722018,0.014895310393003796,0.16138321225452398,1.2713060894831336,7.87756094158112,-1.4170861226642582,0.559678656068943,0.4883898852772017,0.013319057351973064,1.185348258986651,0.38940525300381423,true
5.90625,4.402178548693012,0.06349851955804206,1.0169035400919586,1.659053800296482,-0.0007433581766740358,-0.003711394601930443,0.030277990930953846,-0.051938910383166025,0.021660919452212178,0.014424339870742976,0.16047456784991979,1.2686765744531718,7.90577965998745,-1.4414958622176703,0.5653409851228764,0.49213879515216585,0.012875095257755568,1.1585961172896615,0.3806738075888453,true
5.96875,4.402178548693012,0.06146489317653611,1.0063459028102058,1.6311810421328206,-0.000733061241202846,-0.0036730273184697113,0.02997192874978989,-0.05133850546874454,0.021366576718954654,0.013962380784119894,0.15956174912103305,1.2660451299216413,7.9345152387449875,-1.4662340527546858,0.5709892780616879,0.49585132967243767,0.012440692055115296,1.1321830881139803,0.3720515764481141,true
6.03125,4.402178548693012,0.05947119305545649,0.9955539909637341,1.603420773818683,-0.0007223945942684145,-0.0036342162834907404,0.029664547018135565,-0.05073876942095668,0.021074222402821117,0.013509491356981247,0.15864490259941974,1.263412296185954,7.963774917975682,-1.4913035334733242,0.5766231662468977,0.4995275097256401,0.012015854489040342,1.1061141679151578,0.36354021540525505,true
6.09375,4.402178548693012,0.05751763261454654,0.9845397861100788,1.5757822657635927,-0.0007113758182457408,-0.0035949728362484473,0.029355971035094193,-0.050139879924167685,0.020783908889073492,0.013065720069810272,0.15772417495246394,1.2607786139794794,7.993566074189085,-1.5167071635823668,0.5822422717949784,0.5031673599400456,0.011600580162089917,1.0803939808306606,0.35514125990528683,true
6.15625,4.402178548693012,0.055604382996475944,0.9733152421103209,1.5482746323505605,-0.000700023355065456,-0.0035553088646014114,0.02904632614211365,-0.049542012446217434,0.020495686304103783,0.012631105799419392,0.15679971295172385,1.2581446248529478,8.023896225118158,-1.5424478182655583,0.5878462072593607,0.5067709084022698,0.011194857777975872,1.0550267829445552,0.3468561263514227,true
6.21875,4.402178548693012,0.05373157371655968,0.9618922720185956,1.5209068244966564,-0.0006883564387482373,-0.0035152367976796564,0.028735737572047882,-0.04894534011087122,0.020209602538823337,0.012205677966540533,0.15587166344219902,1.2555108715258996,8.054773034429529,-1.5685283846653943,0.5934345752946087,0.5103381863695367,0.010798667385936508,1.030016466911836,0.33868611356123063,true
6.28125,4.402178548693012,0.05189929334719351,0.9502827352409688,1.4936876224436326,-0.0006763950217915636,-0.0034747695972973565,0.02842433030033969,-0.04835003357409949,0.019925703273759802,0.01178945669130167,0.15494017331251717,1.2528778982030464,8.086204316268375,-1.5949517579182244,0.5990069683024383,0.513869227976782,0.010411980625867531,1.0053665669257137,0.33063240433656244,true
6.34375,4.402178548693012,0.05010759023708817,0.9384984249811119,1.4666256287881878,-0.0006641596961273578,-0.0034339207481062367,0.02811222889804275,-0.04775626090405722,0.01964403200601447,0.011382452956608245,0.15400538946590223,1.2502462508514236,8.118198039609752,-1.6217208372689675,0.6045629680609028,0.5173640699398858,0.01003476097426117,0.9810802640078088,0.32269606714051896,true
6.40625,4.402178548693012,0.048356473265510236,0.9265510559902632,1.4397292617621353,-0.0006516716094378188,-0.003392704246491147,0.02779955738670905,-0.047164187464776734,0.019364630078067685,0.010984668779476714,0.15306745879178138,1.2476164774350174,8.150762332392006,-1.6488385222903683,0.6101021453385894,0.5208227512565664,0.009666963991084358,0.9571603916016492,0.3148780578748314,true
6.46875,4.402178548693012,0.04664591263182054,0.9144522526365999,1.4130067487723057,-0.0006389523776663062,-0.003351134588213966,0.027486439095597982,-0.04657397580379881,0.019087536708200827,0.010596097390386292,0.1521265281379391,1.244989128104367,8.183905485409399,-1.676307709227444,0.6156240594943074,0.5242453129055354,0.0093085375677976,0.9336094414517042,0.3071792217516201,true
6.53125,4.402178548693012,0.044975840680659365,0.902213537308947,1.3864661202123507,-0.0006260239946064857,-0.0033092267548177623,0.02717299652165696,-0.04598578554396479,0.018812789022307833,0.010216723420728244,0.151182744283271,1.242364755339328,8.21763595593628,-1.7041312874830545,0.6211282580612172,0.527631797543531,0.008959422176775535,0.9104295697539724,0.29960029525472925,true
6.59375,4.402178548693012,0.04334615276305702,0.8898463191685162,1.3601152035558237,-0.0006129087394973205,-0.003266996198809064,0.026859351192227043,-0.045399773279341936,0.018540422087114893,0.009846523098415966,0.1502362539110469,1.2397439140445918,8.251962371070764,-1.7323121362537615,0.6266142763160388,0.5309822492008841,0.008619551122412545,0.8876226035606607,0.29214190818466684,true
6.65625,4.402178548693012,0.04175670813361744,0.8773618832621947,1.3339616177374998,-0.0005996290835704397,-0.0032244588276420204,0.026545623530122214,-0.04481609247509068,0.018270468944968463,0.009485464451689454,0.14928720358245695,1.23712716159884,8.286893530801038,-1.7608531213190384,0.6320816368362885,0.5342967129776195,0.00828885079419335,0.8651900474187347,0.2848045857802571,true
6.71875,4.402178548693012,0.04020733088376903,0.8647713800101371,1.3080127678292186,-0.0005862075964759598,-0.003181630986534255,0.026231932721211264,-0.04423489337131334,0.018002960650102075,0.009133507521112794,0.1483357397101676,1.2345150578594644,8.32243841080765,-1.7897570919811046,0.6375298490492436,0.5375752347424132,0.00796724092199311,0.8431330902218281,0.27758875091002605,true
6.78125,4.402178548693012,0.03869781091092686,0.8520858150784292,1.282275840018648,-0.0005726668534685211,-0.003138529440148422,0.025918396585287613,-0.04365632289125352,0.017737926305965906,0.008790604579729296,0.14738200853181704,1.2319081651251524,8.358606165006947,-1.8190268781482342,0.6429584087732464,0.5408178608347327,0.0076546348338517554,0.8214526122604217,0.27049472632815613,true
6.84375,4.402178548693012,0.037227904923220465,0.8393160396467136,1.256757796901083,-0.0005590293441998528,-0.003095171353179573,0.025605131450912297,-0.04308052455417475,0.017475393103262453,0.00845670036129572,0.14642615608352233,1.2293070480593273,8.395406127837731,-1.8486652875478602,0.6483667977499472,0.5440246377692578,0.00735093971644201,0.8001491924584704,0.2635227369909431,true
6.90625,4.402178548693012,0.03579733747910849,0.8264727410797581,1.231465373091417,-0.0005453173839355585,-0.0030515742698939523,0.02529225203413265,-0.042507638392856255,0.017215386358723606,0.008131732296441398,0.14546832817338895,1.2267122735783507,8.432847816303958,-1.8786751030499769,0.6537544831674434,0.547195611942504,0.007056056878384706,0.779223115782615,0.25667291242904183,true
6.96875,4.402178548693012,0.034405802060867435,0.8135664340120123,1.2064050711593484,-0.0005315530279593765,-0.003007756092670377,0.02497987132058902,-0.04193780087543808,0.01695792955484906,0.007815630756522215,0.1445086703546418,1.2241244107099254,8.470940931819355,-1.9090590800748666,0.659120917180282,0.5503308293450492,0.0067698820164746485,0.7586743808023863,0.2499452891682457,true
7.03125,4.402178548693012,0.0330529621806015,0.8006074518528415,1.1815831578901872,-0.000517757989831284,-0.002963735059599907,0.024668100451246254,-0.04137114483170142,0.016703044380455168,0.007508319304862085,0.14354732789806662,1.2215440304272285,8.50969536189939,-1.9398199440570842,0.6644655364309039,0.5534303352817397,0.006492305484795947,0.7385027073824055,0.24333981319244846,true
7.09375,4.402178548693012,0.031738452517186225,0.7876059387188152,1.1570056608783523,-0.0005039535640551833,-0.0029195297212028116,0.024357048612947265,-0.040807799384357774,0.01645075077141051,0.007209714955021358,0.14258444576379115,1.2189717054638234,8.54912118172554,-1.970960387935546,0.6697877615727537,0.556494174099578,0.0062232125666437585,0.7187075444953254,0.23685634244504594,true
7.15625,4.402178548693012,0.03046188008224805,0.7745718417972549,1.1326783654621013,-0.0004901605536366064,-0.002875158916326087,0.024046822934671964,-0.040247889885779264,0.0162010669511073,0.006919728435661032,0.14162016857274123,1.216408010113757,8.589228655584929,-2.002483069638346,0.6750869967895665,0.5595223889197332,0.0059624837490969244,0.6992880781500288,0.23049464936699418,true
7.21875,4.402178548693012,0.029222825412941956,0.7615149041456185,1.1086068120033454,-0.00047639920297353643,-0.0028306417472889686,0.023737528389051514,-0.039691537859937835,0.01595400947088632,0.006638264461494432,0.14065464057774751,1.2138535200226366,8.630028238219936,-2.034390609524146,0.680362629311889,0.5625150213739811,0.005709995000002354,0.680243239421595,0.2242544234671048,true
7.28125,4.402178548693012,0.028020843789066267,0.748444657931397,1.0847962935105113,-0.0004626891360116875,-0.002785997554347953,0.023429267698516193,-0.03913886094921969,0.0157095932507035,0.006365222009767309,0.13968800563390052,1.211308811971767,8.671530576121258,-2.066685587772264,0.6856140289382787,0.5654721113494238,0.005465618046849799,0.6615717125622123,0.21813527391784276,true
7.34375,4.402178548693012,0.0268554664627392,0.7353704180984701,1.0612518535909945,-0.00044904930011976436,-0.002741245889561218,0.02312214123530115,-0.03858997286066268,0.015467831625361531,0.006100494599591485,0.13872040716792258,1.208774463618264,8.713746508507787,-2.099370541993899,0.6908405475620304,0.5683936967413993,0.005229220655546029,0.6432719431741696,0.2121367321711858,true
7.40625,4.402178548693012,0.025726201974024115,0.7223012763001665,1.0379782845254115,-0.00043549800928800546,-0.00269640648994012,0.022816245667713408,-0.03804498267588447,0.015228737008171064,0.005843970590802618,0.13775198810933525,1.2062510548574144,8.75668708243978,-2.1324479535600886,0.696041519840111,0.5712798138424637,0.005000666964262003,0.6253421458629774,0.20625825437628703,true
7.46875,4.402178548693012,0.024632535241423295,0.709246095771282,1.0149801021856095,-0.0004220507942439139,-0.0026514940605421337,0.02251161595344322,-0.03750392181429924,0.014992305860856023,0.005595532977356539,0.13678288786338916,1.2037391346970399,8.800363506722164,-2.165920532390341,0.7012163431443145,0.5741305412242472,0.004779816205462662,0.6077802573598604,0.20049920632082113,true
7.53125,4.402178548693012,0.02357387402910081,0.6962138462667575,0.992261695100437,-0.00040871299910325167,-0.0026064859137199326,0.022208061006479672,-0.03696640308369353,0.014758342077213861,0.0053550472268099605,0.13581322800357373,1.2012388288401132,8.844785198747388,-2.199794346630398,0.7063650647360943,0.5769463180928278,0.0045665082174669415,0.5905836798922645,0.19485878423927352,true
7.59375,4.402178548693012,0.022549712639217234,0.6832126616530466,0.9698269852735798,-0.00039551445846277157,-0.002561446668258135,0.021906005263260593,-0.03643307948616987,0.014527074222909275,0.005122398464712919,0.1348431625808163,1.198751112549104,8.889965865571046,-2.2340686890249026,0.7114864016635515,0.5797268600079527,0.0043606142689336875,0.5737502542165868,0.18933631695927963,true
7.65625,4.402178548693012,0.021559501745394036,0.6702506211442839,0.9476798272812688,-0.000382470837765132,-0.0025163992692019254,0.021605569447507342,-0.035904082293542985,0.014298512846035644,0.004897461905945401,0.13387284436603858,1.196276655609618,8.935917222605113,-2.268744985801107,0.7165793541376807,0.5824720512330958,0.004161991212273789,0.5572775731440136,0.18393105711750865,true
7.71875,4.402178548693012,0.02060265794784759,0.6573355973503601,0.9258237122416483,-0.00036959643871525594,-0.0024713653937070354,0.021306845388900937,-0.035379513457247797,0.01407266806834686,0.004680105025264009,0.13290241322665156,1.1938160633461001,8.98265151371005,-2.3038252596040847,0.7216431316413447,0.5851818992886101,0.003970489614197438,0.5411628189151849,0.1786421233859599,true
7.78125,4.402178548693012,0.01967858016557391,0.6444752449507607,0.9042619121494475,-0.00035690434586184465,-0.002426365561898118,0.021009914037418545,-0.03485945721699758,0.013849543179579038,0.004470191280954834,0.13193200900956206,1.1913699185121707,9.030180980764293,-2.3393116181946465,0.7266769417414084,0.5878564186843309,0.003785957361325612,0.5254030027232431,0.1734685787661176,true
7.84375,4.402178548693012,0.01878665342998309,0.631676966442773,0.8829974379302725,-0.0003444067094904844,-0.0023814201795304794,0.02071485253657181,-0.03434399229888586,0.013629139762314047,0.00426758097659641,0.13096177013312565,1.1889388047330478,9.07851813185225,-2.375206099846935,0.7316799824180665,0.5904956265387622,0.0036082405543155604,0.5099949518619461,0.16840942591823896,true
7.90625,4.402178548693012,0.0179262497118295,0.6189479106310176,0.8620330512352818,-0.000332114729355436,-0.0023365496516910556,0.02042173645150422,-0.03383319438325233,0.01341145793174811,0.004072131448905389,0.12999183453492652,1.1865232998594515,9.127675627507616,-2.411510701899686,0.7366514256594364,0.5930995338134367,0.0034371837163594274,0.4949353339867926,0.16346361516604996,true
7.96875,4.402178548693012,0.01709673006738668,0.6062949713967003,0.8413712722410303,-0.00032003872599346573,-0.002291774293233099,0.02013063808824585,-0.03332713481994651,0.013196496731700657,0.003883697555262184,0.12902234020799733,1.1841239806164083,9.177666276301284,-2.448227329270008,0.7415904090416455,0.5956681410458275,0.003272630262310717,0.4802206737055409,0.15863004982781204,true
8.03125,4.402178548693012,0.01629744586247628,0.5937247855489778,0.8210143615747145,-0.0003081881451572759,-0.002247114311580359,0.019841626058460182,-0.03282588046524655,0.012984254406786369,0.0037021319517616842,0.12805342320983715,1.1817414288779833,9.228503223545227,-2.485357776031464,0.7464960669523184,0.5982014546532229,0.0031144227043334687,0.4658473311977229,0.15390757900216281,true
8.09375,4.402178548693012,0.015527739408110551,0.5812437291942829,0.8009643317522922,-0.0002965714765407711,-0.002202589792552263,0.01955476753740064,-0.032329494928786486,0.012774727391385847,0.0035272852376059738,0.12708521883598659,1.17937622201752,9.280199796796174,-2.522903772123729,0.7513675070065695,0.6006994745381238,0.0029624027892005914,0.4518115290490628,0.14929500645988134,true
8.15625,4.402178548693012,0.014786945471057147,0.5688579189296175,0.781222962535908,-0.0002851963430825289,-0.0021582206762073247,0.019270126364373634,-0.03183803768869819,0.012567911324324554,0.0033590062982446107,0.12611786281199824,1.1770289318408855,9.33276940789476,-2.5608669617289817,0.7562037917985321,0.6031621849055433,0.002816411857033024,0.4381093772561614,0.14479109882671853,true
8.21875,4.402178548693012,0.014074392353265564,0.5565732132262577,0.7617917778564133,-0.00027406952923893555,-0.00211402672494801,0.01898776270794333,-0.031351563885327706,0.012363801177384375,0.003197142550577416,0.12515148828513462,1.1747001331919313,9.386225839484972,-2.599248888410602,0.7610039904065063,0.6055895806017487,0.00267629099961153,0.4247368390875692,0.14039457413440867,true
8.28125,4.402178548693012,0.013389403528616672,0.5443952113121919,0.7426720699944287,-0.00026319694622455037,-0.0020700274892946203,0.018707734706377894,-0.03087012514403926,0.012162390437661368,0.0030415403147589118,0.12418622825408994,1.172390398670712,9.44058302722549,-2.6380509814581514,0.7657671342401312,0.6079816444828043,0.0025418814110420196,0.4116897741756504,0.13610411603621914,true
8.34375,4.402178548693012,0.012731298341103736,0.532329252099159,0.723864894562515,-0.00025258367587480487,-0.0020262422815159418,0.018430097634476113,-0.03039376918371157,0.011963671549235458,0.002892044972797299,0.12322221479744395,1.17010029766903,9.495855106909682,-2.6772745715800363,0.7704922281554648,0.6103383531678793,0.002413024527687773,0.39896393549704146,0.1319183727405551,true
8.40625,4.402178548693012,0.0120993930350538,0.520380415533072,0.7053710730322271,-0.00024223399539392948,-0.0019826901539603484,0.018154903718187183,-0.029922539771478164,0.01176763605329098,0.002748501202579813,0.12225957887141038,1.1678303955619975,9.552056422427995,-2.7169208949048507,0.7751782537250809,0.6126596786732526,0.002289562227920421,0.3865549748681077,0.12783595875660136,true
8.46875,4.402178548693012,0.01149300200487069,0.5085535248378161,0.687191197806662,-0.00023215140840802836,-0.0019393898774914381,0.017882202092449395,-0.02945647675058074,0.011574274658131344,0.002610753261764658,0.12129845030985337,1.165581254526686,9.609201531835259,-2.7569910795978934,0.7798241695775829,0.6149455885298907,0.0021713370747742998,0.3744584511810984,0.1238554575340345,true
8.53125,4.402178548693012,0.010911438963986317,0.4968531484078881,0.6693256359327356,-0.00022233867245917267,-0.0018963599177016935,0.01761203892352317,-0.028995616136556497,0.011383577213033326,0.002478645253320285,0.1203389577079613,1.163353434472664,9.667305223765451,-2.7974861336618044,0.7844289130724678,0.6171960465327584,0.0020581925374223795,0.36266983703332756,0.11997542357565133,true
8.59375,4.402178548693012,0.010354017876322364,0.4852836006434548,0.6517745330387007,-0.00021279780954558836,-0.0018536184098359519,0.017344458012165453,-0.028539990447844176,0.011195532435678723,0.0023520213371164664,0.11938122848681022,1.1611474909101913,9.726382494367448,-2.838406953797151,0.7889913967227726,0.6194110109044394,0.0019499731634186653,0.3511845273947077,0.11619438525087639,true
8.65625,4.402178548693012,0.009820053963395239,0.4738489438089175,0.6345378221802211,-0.00020353014702130032,-0.0018111831351528785,0.017079500359475988,-0.028089628528494948,0.01101012816901896,0.002230725958698511,0.11842538949817474,1.1589639724592997,9.786448475030454,-2.879754324523092,0.7935104962069851,0.621590428473362,0.001846524781960458,0.3399978541729394,0.11251084956114056,true
8.71875,4.402178548693012,0.009308864485735393,0.4625529906962911,0.6176152197674114,-0.00019453636063683372,-0.0017690715004218417,0.016817203648162495,-0.027644555322637286,0.010827351674474791,0.0021146040267946776,0.1174715657930649,1.1568034225185995,9.847518543818481,-2.9215289262932562,0.7979850730029133,0.6237342455974741,0.001747694634972382,0.32910507907379766,0.10892329970033408,true
8.78125,4.402178548693012,0.008819769751528678,0.4513993078433223,0.6010062338078888,-0.00018581648616872547,-0.001727300518484874,0.016557603060810486,-0.027204792329859936,0.01064718926904945,0.002003501142439402,0.1165198809852225,1.1546663770995091,9.909608277457377,-2.9637313390689735,0.8024139669201444,0.6258424043646769,0.0016533315587437204,0.31850140566669816,0.10543019899538723,true
8.84375,4.402178548693012,0.008352094115750247,0.44039121841800966,0.5847101736913769,-0.0001773699504812301,-0.0016858867894231587,0.01630073149995787,-0.026770357771407946,0.010469626271450077,0.0018972638259368076,0.11557045794962106,1.152553362289876,9.972733367486454,-3.006362039869923,0.8067959815799887,0.6279148355984592,0.0015632861731460664,0.3081819941883468,0.10202999575568966,true
8.90625,4.402178548693012,0.007905166905763712,0.4295318061165537,0.5687261536041472,-0.00016919563046170993,-0.0016448464826127032,0.016046618591798227,-0.026341266141079143,0.010294647549280916,0.0017957397271200467,0.11462341846980602,1.1504648960273773,10.03690965935056,-3.0494213890915915,0.8111298920519155,0.6299514624910358,0.0014774110505488712,0.29814196416429295,0.09872112406945861,true
8.96875,4.402178548693012,0.007478322986205667,0.41882391804406666,0.5530530883271997,-0.00016129186762712773,-0.0016041953192006452,0.015795291231034396,-0.02591752851199934,0.010122237280964945,0.0016987777536706114,0.11367888184954797,1.1484014879896145,10.102153269852742,-3.0929096617586374,0.8154144699289956,0.6319522121971002,0.001395560787921388,0.2883763868088216,0.09550200123516207,true
9.03125,4.402178548693012,0.007070903714878458,0.40827016862380805,0.5376897117308769,-0.00015365649061270352,-0.0015639485542174117,0.015546774198068328,-0.025499152899171047,0.009952378701102719,0.00160622828825918,0.11273696687611183,1.1463636325823996,10.16848035163261,-3.136827051646832,0.8196484440612516,0.633916997210542,0.001317592192841183,0.27888031239793487,0.09237103680144197,true
9.09375,4.402178548693012,0.006682257663401893,0.397872943400694,0.522634575754646,-0.00014628686624605156,-0.0015241209609924066,0.015301089567325076,-0.025086144011615512,0.009785054444290436,0.001517943352249042,0.11179779080862204,1.1443518112273445,10.23590719414368,-3.1811736725769655,0.823830519862986,0.6358457243418351,0.0012433643986589909,0.26964876587464726,0.08932663104699799,true
9.15625,4.402178548693012,0.006311741389887002,0.3876344038237718,0.5078860565151047,-0.0001391799286572666,-0.0014847268167916387,0.01505825675988145,-0.024678503328686874,0.009620246568805424,0.001433776781216866,0.11086146932085872,1.1423664916345642,10.30445021730942,-3.2259495617035507,0.827959380779852,0.6377382951914423,0.001172738989382662,0.2606767526768292,0.086367176863898,true
9.21875,4.402178548693012,0.005958720094088255,0.37755649181638695,0.4934423603570826,-0.00013233221055943448,-0.001445779889714885,0.01481829263923962,-0.024276229200562903,0.009457936561323283,0.0013535843737772458,0.10992811648330289,1.140408125800323,10.374125949602174,-3.27115469366107,0.8320336884933174,0.6395946060115003,0.0011055801038122733,0.251959264741753,0.08349106170871284,true
9.28125,4.402178548693012,0.00562256824172522,0.36764093431707934,0.47930152965631123,-0.00012573987170253793,-0.0014072934265728623,0.014581211787295947,-0.023879317040351525,0.009298105253055577,0.0012772240334037648,0.10899784473289378,1.1384771478663183,10.444951004822432,-3.316788997246842,0.8360520827830017,0.641414547396496,0.0010417545312253669,0.24349128618325402,0.08069666944794243,true
9.34375,4.402178548693012,0.005302670149663456,0.3578892474156974,0.46546144991678223,-0.0001193987243919594,-0.0013692801414204206,0.014347026850428869,-0.023487759553806935,0.009140732703378066,0.0012045559013588389,0.10807076517828336,1.1365739703139086,10.516942009607435,-3.3628523781297446,0.8400131732048276,0.6431980002886938,0.0009811318006397965,0.23526780167181835,0.07798238310710884,true
9.40625,4.402178548693012,0.004998420715656355,0.34830274225555974,0.451919858665937,-0.0001133042864982945,-0.0013317522052143712,0.014115747670122913,-0.023101546362788532,0.008985798692665619,0.001135442522462058,0.10714698793875196,1.1346989846929605,10.590115564812557,-3.4093446986662395,0.8439155342264241,0.6449448336419019,0.0009235843044029706,0.2272838045239844,0.07534658750711584,true
9.46875,4.402178548693012,0.004709225784979168,0.33888252967346,0.4386743394579078,-0.00010745180126111356,-0.0012947212372025497,0.013887381639257967,-0.022720664229898657,0.00883328259064069,0.001069748928374865,0.10622661989478357,1.1328525654180615,10.664488492057272,-3.4562658112024507,0.8477577515438616,0.6466549248535868,0.0008689873201110117,0.21953428271820366,0.07278766458716705,true
9.53125,4.402178548693012,0.004434502779565748,0.32962952619532554,0.4257223426080122,-0.00010183625232804808,-0.0012581982956660807,0.013661934507311834,-0.02234509752297345,0.008683163015661617,0.0010073427805154184,0.10530976733358352,1.131035059358024,10.740077468553427,-3.503615571319491,0.8515383660832103,0.6483281343281876,0.0008172191189646451,0.21201424689230328,0.07030400268449406,true
9.59375,4.402178548693012,0.004173681075173314,0.3205444587100808,0.413061185386847,-9.645241152320704e-5,-0.001222193870619131,0.013439409659215605,-0.021974827911093404,0.0085354182518778,0.0009480944557354363,0.10439653490484044,1.1292467878731034,10.81689913273879,-3.551393851001335,0.855255895886156,0.6499643150507854,0.0007681610103162812,0.20471872586154172,0.06789399501444288,true
9.65625,4.402178548693012,0.003926202433265073,0.3116278700689464,0.4006880550373199,-9.129486435165068e-5,-0.0011867178775777326,0.013219808216964989,-0.02160983446856609,0.008390026251601101,0.0008918771444267626,0.10348702488798751,1.1274880485931995,10.894970164748404,-3.599600547121735,0.8589088524624915,0.6515633194007109,0.0007216973887411031,0.19764276562264305,0.0655560393114575,true
9.71875,4.402178548693012,0.0036915213914093387,0.30288012457324043,0.3886000180294049,-8.635802379702085e-5,-0.0011517796517087932,0.013003129751220859,-0.021250094087954353,0.008246964336733494,0.0008385669392045299,0.10258133781885607,1.1257591110816785,10.974307169493223,-3.648235603820816,0.8624957259729388,0.6531249921867308,0.0006777157787743596,0.19078143906091222,0.06328854103913077,true
9.78125,4.402178548693012,0.003469105672541096,0.29430141431304535,0.37679403132998923,-8.163616882017803e-5,-0.0011173879427639785,0.012789371764411629,-0.020895581282273326,0.008106209517861698,0.0007880429278751219,0.10167957345243994,1.1240602143267755,11.054926532048725,-3.6972990042003695,0.8660149659747937,0.6546491619630754,0.0006361068937092637,0.18412985711397872,0.06108991707926854,true
9.84375,4.402178548693012,0.0032584363372583523,0.28589176416391404,0.36526693754149264,-7.712347157067243e-5,-0.0010835509120659507,0.012578529492067031,-0.020546268137962634,0.007967738645895603,0.0007401872280318498,0.10078182840703784,1.1223915725010765,11.13684470942479,-3.746790800161294,0.869465033872504,0.6561356634003149,0.0005967646226427522,0.1776831552314081,0.05895859121754184,true
9.90625,4.402178548693012,0.0030590080887185943,0.2776510379613761,0.3540154779981094,-7.28140091013703e-5,-0.0010502761294244164,0.012370596609376193,-0.020202124725492907,0.007831528116116714,0.0006948850563153102,0.09988819759616274,1.1207533685507307,11.220078002426435,-3.7967111288014497,0.8728443709949529,0.657584322867908,0.000559586062724298,0.17143650823873552,0.05689299907797383,true
9.96875,4.402178548693012,0.0028703294838727795,0.2695789440832389,0.34303629923800916,-6.87017906607506e-5,-0.0010175705710939549,0.012165565147454054,-0.019863119115769816,0.007697553968315762,0.0006520247763973518,0.09899877436139982,1.1191457533314475,11.304642512501738,-3.847060219939952,0.8761513955430356,0.6589949567133646,0.0005244715323646818,0.16538513468480437,0.0548915895599048,true
10.03125,4.402178548693012,0.0026919230851218633,0.2616750412396626,0.3323259570070539,-6.478078150116947e-5,-0.00098544061889538,0.01196342536224167,-0.019529217371190392,0.007565792008948722,0.0006114979334314106,0.09811364995882646,1.1175688471021115,11.390554194763938,-3.89783840534295,0.8793845152509215,0.6603673762165477,0.0004913245686330123,0.15952429663789058,0.05295282476482887,true
10.09375,4.402178548693012,0.0025233255902500197,0.2539387445533574,0.3218809223731149,-6.1044922161305e-5,-0.0009538920601891583,0.011764165807437218,-0.019200383638474608,0.00743621783103739,0.0005731992835681743,0.09723291348297879,1.11602273968958,11.477828851492212,-3.9490461260079126,0.8825421305653507,0.6617013883770084,0.00046005192182080475,0.1538493025768546,0.05107518095629863,true
10.15625,4.402178548693012,0.0023640879229260966,0.24636933154140797,0.3116975879924765,-5.7488146650781385e-5,-0.0009229300886632605,0.011567773463595103,-0.018876580269638146,0.007308806806043042,0.0005370268145139148,0.09635665187515792,1.1145074906300525,11.566482115568276,-4.0006839368952045,0.8856226356497822,0.662996795742308,0.00043056354343031514,0.14835551065053806,0.0492571496455674,true
10.21875,4.402178548693012,0.0022137752714406697,0.23896594795373838,0.3017722743703524,-5.410439811217602e-5,-0.0008925593058663402,0.011374233940972645,-0.018557767979713025,0.007183534038740381,0.0005028817543300078,0.09548495000305399,1.1130231286740058,11.6565294178654,-4.05275251559138,0.8886244171645431,0.6642533952886456,0.0004027725647041992,0.14303833212470618,0.04749723874406271,true
10.28125,4.402178548693012,0.0020719670713211426,0.23172761343132942,0.2921012365114485,-5.0887645052946444e-5,-0.0008627837234129986,0.01118353152950904,-0.018243905927366542,0.007060374397857502,0.0004706685674837748,0.09461789093047224,1.1115696499689598,11.74798591511378,-4.105252676964331,0.891545848285164,0.6654709753272795,0.0003765952668884976,0.13789323563378286,0.04579397398794504,true
10.34375,4.402178548693012,0.001938256967644701,0.2246532273927601,0.28268066871958153,-4.7831902028013816e-5,-0.0008336067661796672,0.01099564887595659,-0.017934951607574055,0.006939302731617464,0.00044029494628748336,0.09375555560619105,1.1101470202316632,11.840866528429553,-4.158185370964761,0.8943852986869191,0.6666493190769269,0.0003519510477178728,0.1329157476942231,0.0441458991181927,true
10.40625,4.402178548693012,0.0018122527095658899,0.2177415743992226,0.2735067061934733,-4.49312394386452e-5,-0.0008050312766114181,0.010810567276894643,-0.01763086105098747,0.006820293774092826,0.0004116717869392053,0.09289802173942661,1.1087551784957417,11.935186107684117,-4.2115517013018495,0.8971411624504304,0.6677882155106073,0.0003287623695309625,0.12810144882915386,0.04255157460611151,true
10.46875,4.402178548693012,0.0016935760970093173,0.2109913303790154,0.2645754368149956,-4.2179792528359424e-5,-0.0007770595189603343,0.010628267064510531,-0.01733158907010296,0.006703322005592429,0.00038471317741351786,0.09204536549308727,1.107394031355149,12.03095914088489,-4.265352921808283,0.8998118179619607,0.6688874419863476,0.0003069547275510895,0.1234459856041646,0.04100958167395652,true
10.53125,4.402178548693012,0.0015818628414491385,0.20440106827316395,0.2558829049282336,-3.957177907619484e-5,-0.0007496931846538848,0.010448727264031957,-0.017037089140360184,0.006588361876328226,0.0003593363658361351,0.09119766099910616,1.1060634566386018,12.128199830140847,-4.319590426395466,0.9023956424002856,0.6699467696119236,0.0002864565989744662,0.11894506958285568,0.039518521963891814,true
10.59375,4.402178548693012,0.0014767623678819655,0.19796926347991803,0.24742511345880772,-3.710150782153138e-5,-0.0007229333987743969,0.010271925716992689,-0.01674731351319203,0.006475387796199342,0.0003354617155000244,0.09035497935694166,1.1047633072509784,12.226922247269632,-4.374265763347297,0.9048910385925322,0.6709659735010626,0.0002671993776710464,0.11459447391569996,0.038077016424709884,true
10.65625,4.402178548693012,0.0013779376406309253,0.19169429972686453,0.23919803283388114,-3.476338577990985e-5,-0.0006967807267929055,0.01009783931580701,-0.016462213383641587,0.006364374067834577,0.0003130126652950115,0.08951738970949775,1.1034934074303695,12.32714013457532,-4.429380636057145,0.9072964100500103,0.6719448217374825,0.00024911732039428096,0.11039004082809746,0.03668370782681374,true
10.71875,4.402178548693012,0.0012850649458731886,0.1855744743787392,0.23119760465225994,-3.2551930231733406e-5,-0.0006712351823124657,0.009926443806410485,-0.016181738841205814,0.006255295034795329,0.0002919156803066788,0.08868495880692885,1.1022535564733533,12.428866983780294,-4.484936892089657,0.9096101746571648,0.6728830802126821,0.00023214748345460514,0.10632768077705408,0.03533726050432529,true
10.78125,4.402178548693012,0.0011978336401208883,0.17960800361296342,0.22341974447647717,-3.0461773852146058e-5,-0.000646296235748722,0.009757713998086726,-0.015905839023775552,0.006148125025688827,0.00027210019468122665,0.08785775028230784,1.101043532502836,12.532116164651626,-4.540936527685059,0.9118307850593642,0.6737805200499618,0.00021622965114238412,0.10240337045185034,0.034036359715778154,true
10.84375,4.402178548693012,0.001115945903595012,0.17379302799792595,0.21586035026706546,-2.8487668731413977e-5,-0.0006219628231747662,0.009591624051612773,-0.01563446230870732,0.006042838257094545,0.00025349855560182394,0.08703582582914406,1.0998630880906273,12.636900697072914,-4.597381688488402,0.913956700093742,0.6746369051870756,0.00020130627065144288,0.09861315977145094,0.03277971400114907,true
10.90625,4.402178548693012,0.0010391164576292397,0.1681276176814247,0.2085153066975412,-2.6624495567706755e-5,-0.000598233355972226,0.009428147204903559,-0.015367556221184776,0.005939409016281217,0.000236045959093992,0.0862192450869361,1.0987119523170397,12.743233267806888,-4.654274660817731,0.9159863911433545,0.6754519941942944,0.00018732238028884874,0.09495317211229556,0.0315660552854056,true
10.96875,4.402178548693012,0.0009670722481056073,0.16260977714043498,0.20138048583899953,-2.4867268437743656e-5,-0.000575105731603637,0.009267255720723858,-0.01510506745359437,0.005837811732870513,0.0002196803781147693,0.08540806425623157,1.0975898374371393,12.851126494850357,-4.711617879028325,0.9179183816733255,0.6762255553115274,0.0001742255284486775,0.09141959905093089,0.03039413715796737,true
11.03125,4.402178548693012,0.0008995521551781493,0.15723745039872783,0.1944517536310818,-2.321113626466439e-5,-0.0005525773446738002,0.009108921129200236,-0.014846942030052452,0.005738020900852216,0.00020434249661346028,0.08460233673604052,1.0964964373970199,12.960592812206727,-4.769413921295249,0.9197512335210866,0.6769573599969699,0.00016196570166114843,0.08800870437497146,0.029262736237866568,true
11.09375,4.402178548693012,0.0008363066842052784,0.15200852588219996,0.1877249745736398,-2.165138702762333e-5,-0.0005306450985825857,0.008953114086338324,-0.014593125277481609,0.0056400111911432856,0.0001899756393237558,0.08380211324545685,1.0954314293306855,13.071644459873713,-4.827665496743871,0.9214835476563598,0.6776471823528393,0.00015049525028512485,0.0847168253751531,0.028170652633795975,true
11.15625,4.402178548693012,0.0007770976274019321,0.14692084092486657,0.18119601312236483,-2.018345219944621e-5,-0.0005093054182480085,0.008799803857571158,-0.01434356160962538,0.005543757752054221,0.0001765256949045488,0.08300744063426743,1.094394480695542,13.184293749249148,-4.886375440625434,0.9231140031318771,0.6782948137223996,0.00013976880797286526,0.08154036875481664,0.027116708612903294,true
11.21875,4.402178548693012,0.000721697707950415,0.14197218603275452,0.1748607334031686,-1.8802910652040044e-5,-0.0004885542641616729,0.008648957351533574,-0.014098194088553286,0.005449236737019712,0.00016394103509606258,0.08221835978077364,1.0933852604237457,13.298553551045522,-4.945546720470324,0.9246414264695766,0.6789000891471455,0.00012974320821291358,0.07847580370896706,0.026099746327612108,true
11.28125,4.402178548693012,0.000669890201132533,0.13716030844407606,0.16871499463340195,-1.750549451551024e-5,-0.00046838714847264614,0.008500537098386513,-0.013856963465833854,0.005356426367447341,0.00015217242865612994,0.08143490129473845,1.0924034609274005,13.414438325081893,-5.0051824536187475,0.9260649320310587,0.679462941572176,0.00012037739673548679,0.0755196480510572,0.02511862322700945,true
11.34375,4.402178548693012,0.0006214685315108848,0.13248291496801756,0.16275463758401093,-1.6287099608159562e-5,-0.0004487991546436105,0.008354497383284643,-0.013619806321497965,0.005265308938213323,0.0001411729498557927,0.0806570762484153,1.0914488471032047,13.531966417201353,-5.065285922818487,0.9273842237428235,0.6799835191295354,0.00011163233794359398,0.0726684388995304,0.024172202324183486,true
11.40625,4.402178548693012,0.0005762358276473591,0.12793767402119693,0.156975456876914,-1.5143795831395825e-5,-0.00042978496295646007,0.008210778785443774,-0.013386652450965784,0.00517587366552201,0.00013089787732904225,0.0798848584665199,1.090521349078576,13.651164563752946,-5.125860629684141,0.9286001693088202,0.6804624086062485,0.00010347090822795096,0.06991867912068607,0.02325933438821855,true
11.46875,4.402178548693012,0.0005340044725148068,0.1235222181137305,0.15137316734505163,-1.4071831255728975e-5,-0.000411338882845083,0.008069302362090492,-0.013157422145081902,0.00508811978299141,0.00012130459194422054,0.07911816056552297,1.0896211894400296,13.772074346162817,-5.1869104087690285,0.9297155979160435,0.6809009449921981,9.585778672679673e-5,0.0672667723632729,0.02237883633476827,true
11.53125,4.402178548693012,0.0004945956948486663,0.11923414804222734,0.14594337266678162,-1.3067626383733169e-5,-0.0003934548916511609,0.007929965498431404,-0.012932024397104737,0.005002058898673332,0.00011235248397535115,0.07835680677033385,1.088749032858516,13.89476010743613,-5.248439594365717,0.9307362373080661,0.6813015738749617,8.87593552014268e-5,0.0647089600049969,0.021529470250127986,true
11.59375,4.402178548693012,0.0004578392575232711,0.11507104003047539,0.14068155252538184,-1.212774694842538e-5,-0.0003761266762596088,0.007792643911139859,-0.012710358282903336,0.004917714371763477,0.0001040028823136221,0.07760051116925416,1.0879061123172251,14.01931631538351,-5.310453262143578,0.9316715112937166,0.6816681577309894,8.214362075091248e-5,0.062241288718159586,0.020709932611992294,true
11.65625,4.402178548693012,0.0004235733607826789,0.11103045800764011,0.1355831073123815,-1.1248849923787462e-5,-0.0003593476674270482,0.007657204459641709,-0.012492319774722269,0.00483511531508056,9.621903248527618e-5,0.07684888439955721,1.087094212511657,14.145868492502418,-5.37295746990339,0.932534463345869,0.6820059400292579,7.59801977387544e-5,0.059859675484759095,0.01991887596785843,true
11.71875,4.402178548693012,0.0003916447873707447,0.10710997011592452,0.13064348093892555,-1.04276211233168e-5,-0.000343111053281503,0.007523528542938648,-0.012277813737872227,0.004754285194933579,8.896612961939546e-5,0.07610148729643852,1.0863154117388771,14.274562171266732,-5.435959308517784,0.9333401726228874,0.6823209225012025,7.024036472200759e-5,0.05756010737754652,0.01915497550285138,true
11.78125,4.402178548693012,0.0003619091431944859,0.10330716384348562,0.1258583379105535,-9.660735615238739e-6,-0.00032740976249846587,0.007391539259836331,-0.012066767535519857,0.0046752282756835255,8.22113731170525e-5,0.07535792892350403,1.0855715856648505,14.405539021206597,-5.4994666155944465,0.9341026616442492,0.6826186589702686,6.489716353294028e-5,0.05533894032205792,0.01841702858282544,true
11.84375,4.402178548693012,0.00033423097061949106,0.0996196536318753,0.12122373226080557,-8.94487411268014e-6,-0.00031223641882496074,0.007261219345936452,-0.011859139643868557,0.0045979202979321045,7.592399238752431e-5,0.07461798038163417,1.0848638195896045,14.538906226636813,-5.563487222344784,0.9348311582010727,0.6829028048884466,5.9925479317557954e-5,0.05319319142911818,0.01770405216232412,true
11.90625,4.402178548693012,0.0003084834358451383,0.09604507470107593,0.11673616664485331,-8.276803493595665e-6,-0.00029758328607762424,0.007132607465595482,-0.01165491714883208,0.004522309683236597,7.00751758323673e-5,0.07388164342876521,1.0841920471606088,14.67471481202173,-5.6280279314617925,0.9355276593314066,0.6831741816420285,5.5302008176065815e-5,0.051120651390045006,0.017015320262156065,true
11.96875,4.402178548693012,0.0002845475044823575,0.09258106527271656,0.11239248454569856,-7.653486158650769e-6,-0.0002834422325231029,0.00700577132482024,-0.0114541016328167,0.004448330307996459,6.463788356945185e-5,0.0731491237873096,1.0835551863194155,14.81296193608539,-5.693093671107406,0.936187511893288,0.6834310182404402,5.100506967168784e-5,0.049119712890388016,0.016350306854075267,true
12.03125,4.402178548693012,0.00026231080670394846,0.08922524681272645,0.10818963245411178,-7.072156944991531e-6,-0.0002698047368212259,0.006880771191876781,-0.011256690579326824,0.004375919387450043,5.958658964021971e-5,0.0724207089733495,1.0829517796661827,14.953620242308098,-5.758687345732685,0.9368031666571374,0.6836704229485518,4.70143075752004e-5,0.047188970280978904,0.01570855254707686,true
12.09375,4.402178548693012,0.00024166664432488514,0.08597521583059231,0.10412442930067911,-6.530324025270853e-6,-0.0002566619341004961,0.0067576347748364626,-0.011062664917174714,0.004305030142338252,5.489705645779291e-5,0.07169662087066173,1.082380772985502,15.096677637542781,-5.824810457495186,0.9373689500777826,0.6838902401412689,4.331040829345782e-5,0.04532681835217312,0.015089530967811602,true
12.15625,4.402178548693012,0.00022251348359538574,0.08282855256302413,0.10019347710773048,-6.025701915335142e-6,-0.00024400467780651272,0.006636356132390591,-0.01087198888227002,0.004235632749879429,5.054621958971861e-5,0.07097693425365437,1.081841942353574,15.242162171830822,-5.891464065664354,0.9378838607525161,0.684090130599755,3.98749518332452e-5,0.043531281818598326,0.014492591987469897,true
12.21875,4.402178548693012,0.00020475495106975905,0.07978284085402379,0.09639324505394539,-5.556129585523409e-6,-0.00023182358799392805,0.006516912994404566,-0.010684619036374188,0.0041677060419696215,4.651218681953505e-5,0.07026160452983883,1.0813357360729725,15.390137235106106,-5.958649346660286,0.9383508426418704,0.6842712817261265,3.669041797505848e-5,0.041800138333042,0.013917002724320119,true
12.28125,4.402178548693012,0.00018829997886004403,0.0768356841999927,0.09272022099880234,-5.1195233781346865e-6,-0.00022010907462019911,0.006399285297883954,-0.010500513618398403,0.004101228320514449,4.277427114262539e-5,0.06955055657335728,1.080862784178772,15.540677708865639,-6.026367529915453,0.9387739517725354,0.6844353044658357,3.3740253015148e-5,0.04013116613855749,0.013362030065734717,true
12.34375,4.402178548693012,0.00017306278583609192,0.07398471049171859,0.08917100886628436,-4.713875919797477e-6,-0.0002088513451433945,0.00628346150263074,-0.010319635547369161,0.004036174044738421,3.931298649562352e-5,0.06884375489739154,1.0804235130917,15.693849278006722,-6.094619439826598,0.9391560232552799,0.6845833292871224,3.100889825243753e-5,0.038522309489491584,0.012826995796045768,true
12.40625,4.402178548693012,0.00015896258320083885,0.0712275666948802,0.08574231529461605,-4.337274787671083e-6,-0.0001980404147199648,0.006169433365810717,-0.010141949653505575,0.003972516287694858,3.610998087481803e-5,0.06814120314341258,1.0800181498226684,15.849707665854107,-6.163405264409871,0.9394986261270901,0.684715990921198,2.8481736012422044e-5,0.036971661431052925,0.012311270879495165,true
12.46875,4.402178548693012,0.00014592319653157571,0.06856191394553432,0.08243089050482869,-3.9879107545386564e-6,-0.00018766612633036838,0.006057189621250164,-0.009967419501403542,0.003910229880153378,3.3147950478950855e-5,0.06744290438414136,1.0796469428003346,16.008310327960974,-6.232724717865324,0.9398033575126687,0.684833930911749,2.6145002847908823e-5,0.03547736551250041,0.011814242735344387,true
12.53125,4.402178548693012,0.00013387279046896724,0.0659854289237127,0.0792335011712064,-3.664071103902577e-6,-0.00017771817543960677,0.005946715048608539,-0.009796006995475545,0.003849291946867006,3.0410577169504744e-5,0.06674883712343253,1.0793102955180893,16.169724328263865,-6.302577282417184,0.9400726632431005,0.6849381153561822,2.3985727306112242e-5,0.03403756588801181,0.011335298631701126,true
12.59375,4.402178548693012,0.00012274370308637748,0.06349580868499106,0.07614694624115545,-3.3641297285432636e-6,-0.00016818613214306238,0.005837993161191445,-0.009627673768028587,0.0037896806068371414,2.788249084599705e-5,0.0660589627355668,1.0790087244054547,16.33402463076378,-6.3729622470726355,0.940309609500202,0.6850297463834242,2.1991699648401243e-5,0.032650428564951685,0.010873832781401374,true
12.65625,4.402178548693012,0.0001124723008542164,0.06109077429650735,0.07316808019777044,-3.0865427183410567e-6,-0.0001590594596944723,0.005731007800961903,-0.009462381960024297,0.0037313741590623934,2.554923649964378e-5,0.0653732421072508,1.078742767759465,16.501289105253317,-6.443878545130496,0.940517326877037,0.685110047386299,2.015144907799442e-5,0.031314176967212934,0.010429258206329459,true
12.71875,4.402178548693012,0.00010299879059056928,0.05876807165384618,0.07029381392113429,-2.8298477226743412e-6,-0.0001503275330096752,0.005625742399081312,-0.009300093834887033,0.0036743514358057216,2.3397231496016712e-5,0.06469163642520331,1.078512988189922,16.671598490740024,-6.5153246246507095,0.9406989823560244,0.6851802527109468,1.8454208549260838e-5,0.030027091775476737,0.010001006699376452,true
12.78125,4.402178548693012,9.426701452888195e-5,0.05652547188491306,0.06752110465179914,-2.5926617912545357e-6,-0.00014197965870782302,0.0055221792988750795,-0.009140771462179613,0.0036185921633045334,2.1413719022566547e-5,0.06401409792142303,1.0783200327072255,16.84503988528992,-6.587298438703056,0.9408580981240113,0.6852417313125543,1.688987364725833e-5,0.02878749247456537,0.009588522691354448,true
12.84375,4.402178548693012,8.62242711194202e-5,0.05436077340040105,0.0648469572994796,-2.373677479152448e-6,-0.00013400509481545996,0.005420300265519178,-0.008984376999520989,0.003564076734001811,1.9586727381836846e-5,0.06334056897487071,1.0781646423876488,17.021707569684008,-6.659797416403178,0.9409985916970844,0.6852960025608311,1.5448968483478695e-5,0.027593736631502455,0.009191263025209015,true
12.90625,4.402178548693012,7.882114770454144e-5,0.052271804120544454,0.06226843158553451,-2.1716595510629106e-6,-0.00012639306919025003,0.0053200870330514394,-0.008830872975275716,0.0035107859422242767,1.7905031981936104e-5,0.06267098699349687,1.0780476253520292,17.20170172944451,-6.732818404340036,0.9411246142021328,0.685344674069864,1.412261541782528e-5,0.02644422906589468,0.008808700026096088,true
12.96875,4.402178548693012,7.201134686824409e-5,0.05025642264673626,0.05978264375517564,-1.985442452148029e-6,-0.00011913279741947131,0.005221521257779056,-0.008680222272086304,0.0034587010143072488,1.6358115890057196e-5,0.06200528540402185,1.0779698503559214,17.38512843432539,-6.806357666030587,0.9412405184276773,0.6853894296629816,1.2902502911065303e-5,0.025337422937833108,0.008440321878124506,true
13.03125,4.402178548693012,6.575151446617332e-5,0.0483125189321736,0.05738676446635793,-1.8139276547100957e-6,-0.00011221350065341482,0.0051245843532372465,-0.00853238806218846,0.003407803708951213,1.4936130767729687e-5,0.06134339112220791,1.0779322608134692,17.57210094019777,-6.880410936944947,0.9413509490696025,0.6854320644460081,1.178085305775417e-5,0.024271814912505168,0.008085631026801219,true
13.09375,4.402178548693012,6.000108027274689e-5,0.04643801510345694,0.055078018154762466,-1.6560807302406737e-6,-0.00010562442304724526,0.005029257590149902,-0.008387333880943263,0.0033580762907933614,1.3629860672180358e-5,0.06068522314741227,1.0779358830895935,17.762740700007768,-6.9549734683377205,0.9414608938517852,0.6854745046471651,1.0750391742304308e-5,0.023245942790399547,0.0077441434022122915,true
13.15625,4.402178548693012,5.472211056091396e-5,0.04463086632112348,0.05285368442403662,-1.5109284668357627e-6,-9.935484844591452e-5,0.004935522323634675,-0.008245023760666425,0.0033095014370317496,1.2430688568313686e-5,0.060030693305096756,1.0779818229018088,17.957177629502496,-7.030040032243986,0.9415756562669163,0.6855187970693537,9.80432143343672e-6,0.02225838666596119,0.007415388817228196,true
13.21875,4.402178548693012,4.987916828311585e-5,0.04288906169202239,0.05071109949316914,-1.3775562519444722e-6,-9.33941163405869e-5,0.004843360054203447,-0.008105422278186128,0.003262062223982681,1.1330564567383293e-5,0.059379707143865354,1.0780712627641693,18.155550349081626,-7.105604886423241,0.9417008250497901,0.6855670971406448,8.936295443226079e-6,0.02130777000366451,0.007098911337549759,true
13.28125,4.402178548693012,4.543917598224166e-5,0.04121062486904403,0.048647655272925555,-1.2551054242677885e-6,-8.773163740025113e-5,0.0047527526092824195,-0.007968494669668641,0.003215742060386222,1.0321974785809712e-5,0.05873216249591593,1.0782054748718197,18.358007419644988,-7.181661754026351,0.9418423226824247,0.685621687281411,8.14039240041786e-6,0.020392757149221626,0.006794268463366519,true
13.34375,4.402178548693012,4.13712886564035e-5,0.03959361507636714,0.04666080224752381,-1.1427706126526044e-6,-8.235690805187653e-5,0.004663682548875304,-0.007834207046534555,0.0031705244976592507,9.397912465110362e-6,0.058087952295694016,1.0783858065731322,18.564706861823247,-7.258203754208108,0.942006298002082,0.6856849349041036,7.411093132997773e-6,0.01951205690347612,0.006501032330921304,true
13.40625,4.402178548693012,3.764676621031739e-5,0.0380361279490565,0.04474805211073177,-1.0397972418293662e-6,-7.725952420024993e-5,0.004576133406176412,-0.007702526516963669,0.003126393110787257,8.551848997922756e-6,0.057446967853253074,1.0786136557816415,18.77581526212027,-7.335223423711065,0.942198997362455,0.6857592419547868,6.743257552269049e-6,0.018664425872955435,0.006218790839677272,true
13.46875,4.402178548693012,3.423883944354335e-5,0.03653629587370015,0.04290697798272406,-9.45478983950107e-7,-7.242919442060332e-5,0.004490089851770426,-0.007573421266457079,0.003083331414686653,7.777703485859e-6,0.05680910006532212,1.078890442359006,18.99150736622197,-7.41271305401388,0.9424267020468954,0.6858470198220646,6.132100194254505e-6,0.01784866837325528,0.005947147631063118,true
13.53125,4.402178548693012,3.11225806059449e-5,0.0350922879207361,0.04113521527037317,-8.591552730599893e-7,-6.785575252467085e-5,0.004405537363440546,-0.0074468603818200205,0.0030413230183794744,7.069813334851005e-6,0.05617424207932181,1.0792175554535408,19.211964692458388,-7.490665275951317,0.9426956107804333,0.685950642901441,5.573166778372161e-6,0.01706363784052045,0.005685722569513729,true
13.59375,4.402178548693012,2.827479265105967e-5,0.033702309091524954,0.039430455757076474,-7.802093946176918e-7,-6.352917057546534e-5,0.004322459922553112,-0.007322812723342034,0.0030003528007889226,6.42290909791797e-6,0.055542282405198394,1.0795963893881448,19.43737892354063,-7.569073369093456,0.9430121216695749,0.6860725558659071,5.062313244820574e-6,0.01630822644978248,0.0054341482911495,true
13.65625,4.402178548693012,2.5673959798910335e-5,0.03236459771998526,0.03779042068039245,-7.080669721428678e-7,-5.943957500905064e-5,0.0042408359011739775,-0.007201245069064877,0.0029604091678908998,5.8321032450019146e-6,0.05491306591399663,1.0800287557248665,19.66797405587185,-7.647929273023678,0.9433843924727177,0.686215872384051,4.595692999142104e-6,0.0155813200508741,0.005192055187217952,true
13.71875,4.402178548693012,2.3300254781907584e-5,0.031077413764234237,0.036212819344916734,-6.421951708904817e-7,-5.557726633319027e-5,0.004160627171134107,-0.0070821171215992235,0.0029214899504651165,5.292891808948851e-6,0.05428633361441266,1.080517662083115,19.904045643565894,-7.727218067375898,0.9438248034095692,0.6863853183020695,4.169754058658675e-6,0.014881738835185713,0.004959051626182743,true
13.78125,4.402178548693012,2.113571241225404e-5,0.02983901279665032,0.034695226097242064,-5.821043722220251e-7,-5.193275376054142e-5,0.0040817334591065815,-0.006965360038262947,0.0028836265791563655,4.8011938131244454e-6,0.053661519090113734,1.081069842070877,20.146090912101045,-7.806900830101622,0.9443588523443578,0.6865906411122964,3.7812560726321543e-6,0.0142080391995495,0.004734657896305346,true
13.84375,4.402178548693012,1.916348659409269e-5,0.028647555545991257,0.03323454702561092,-5.273510841879587e-7,-4.8496855951429436e-5,0.004003838527306886,-0.006850804859505266,0.00284696633219838,4.353182494104481e-6,0.0530368450148367,1.0817023357372668,20.395299445784676,-7.886925855897296,0.9450641111738218,0.686861536541974,3.427097299825533e-6,0.0135576430334697,0.004518016034185859,true
13.90625,4.402178548693012,1.73680428380176e-5,0.027500604997304355,0.03182501104718393,-4.775395691482911e-7,-4.52610076047017e-5,0.003925996658379193,-0.00673799463057043,0.0028119979721912365,3.9453290333201275e-6,0.05240614299747445,1.0824709038123157,20.655420183555236,-7.967178508210493,0.9462008700177647,0.6872975726833555,3.104197349814494e-6,0.012923912013697436,0.00430691459176835,true
13.96875,4.402178548693012,1.572663388284727e-5,0.02639553115840192,0.030454935953191466,-4.3226106538801603e-7,-4.2218077221706766e-5,0.0038458898180962786,-0.006625869669896374,0.0027799798518000954,3.5724661571295055e-6,0.05175093053031593,1.0835136316625857,20.937085006188603,-8.04790105355564,0.9485739940316414,0.6882054626844675,2.8077104679438223e-6,0.012289387248975488,0.004095535905506598,true
14.03125,4.402178548693012,1.4222845720847639e-5,0.02532854103791139,0.0290994415484162,-3.910843555435462e-7,-3.9363934067621124e-5,0.003758426540989801,-0.006512192620669264,0.002753766079679463,3.230865255356428e-6,0.05102456974293263,1.0852271671871856,21.26871765219538,-8.128884474724341,0.9542386703597606,0.6903596049679013,2.5327502719556334e-6,0.011613639996006895,0.0038704052730342774,true
14.09375,4.402178548693012,1.277097200985722e-5,0.0242414004640898,0.02764896873599401,-3.531169621892443e-7,-3.670066658907525e-5,0.0036474909674684263,-0.006389698494275761,0.0027422075268073347,2.901057253493016e-6,0.05009439779626264,1.0885416204100107,21.729807489396006,-8.213660562672475,0.9679033328870585,0.6954813113397889,2.2610023906587685e-6,0.010789527796771267,0.0035958151459834532,true
14.15625,4.402178548693012,1.1376104060271722e-5,0.023401300308030677,0.02628414852611869,-3.1796920331835273e-7,-3.425267000545701e-5,0.003480650034360137,-0.006232557247365762,0.002751907213005625,2.584198694905103e-6,0.04873517417675183,1.0952881421710345,22.474283937073125,-8.304307200404455,1.0087189832807222,0.7101693369817655,1.978334352558983e-6,0.009665262601853374,0.0032211729312469485,true
14.21875,4.402178548693012,9.428694161603824e-6,0.021439749111249594,0.023081810102623487,-2.812057995834892e-7,-3.2083103894787275e-5,0.003245357960564926,-0.00468757493999109,0.001442216979426164,2.1418245664758787e-6,0.045008346602289966,1.1211056051971438,24.90883780076701,-8.418314010752365,1.1291986663159144,0.748636678962516,1.5595591875484514e-6,0.007031227530188318,0.0023433049482933506,true
14.28125,4.402178548693012,7.323473639208289e-6,0.021062946413339688,0.021275703447817866,-2.4557345532244647e-7,-3.032233494323131e-5,0.0019423846469294732,-0.0019423846469294732,0.0,1.6636021365790802e-6,0.036102295061269475,1.189338649311537,32.94357456480541,-8.605030515684316,1.7804118374028017,0.8718854042145278,9.195352655446743e-7,0.002911227900274327,0.000970164068502945,true
14.34375,4.402178548693012,6.633101991138461e-6,0.020667382015772687,0.02087614345027544,-2.161418507049203e-7,-2.8658739191981516e-5,0.001904221023890884,-0.001904221023890884,0.0,1.506777137221706e-6,0.03593015492397896,1.187408196348412,33.04767816506026,-8.699984854308864,1.780644573701007,0.871912732739613,8.300904651678654e-7,0.0028559899183295974,0.0009517926080700285,true
14.40625,4.402178548693012,6.196717279404976e-6,0.020017071369644694,0.020219706677464692,-1.9236487307888794e-7,-2.7085736088931286e-5,0.001844668216448822,-0.001844668216448822,0.0,1.4076478749924294e-6,0.03565108703899928,1.1876614338170792,33.31347042848589,-8.760982963611985,1.7799323716821103,0.8718290783662986,7.716260500171316e-7,0.002768241793675003,0.000922568303174824,true
14.46875,4.402178548693012,5.803713900455475e-6,0.019034837588411315,0.019227108675162946,-1.72668390567008e-7,-2.5595749680268298e-5,0.0017514692614914065,-0.0017514692614914065,0.0,1.3183731273640804e-6,0.035193635410998785,1.189888045934229,33.809750883603314,-8.811591938264334,1.7813313196003435,0.8719933248328983,7.190716426469981e-7,0.002628857358790001,0.0008761271035803972,true
14.53125,4.402178548693012,5.447285559907255e-6,0.01813736032868566,0.018320565988571375,-1.5486543619359033e-7,-2.4178975957608252e-5,0.0016733369785329136,-0.0016733369785329136,0.0,1.2374067747716707e-6,0.03478779261116194,1.1917551395810773,34.257854555528574,-8.860719156984393,1.7791003964083054,0.8717312588643007,6.724582805431568e-7,0.002509662036770852,0.000836413386920024,true
14.59375,4.402178548693012,5.154521331646289e-6,0.017631785038791495,0.017838332045635487,-1.376357704844937e-7,-2.282548194449435e-5,0.0016606020246073322,-0.0016612986762629786,6.966516556464446e-7,1.1709023781365352e-6,0.03489781308282266,1.188975757541272,34.07020820243053,-8.912427885397202,1.7445195410288339,0.8675714557689785,6.416879707788458e-7,0.0025414986317254785,0.0008470416508522148,true
14.65625,4.402178548693012,4.815726406522641e-6,0.016754795045649966,0.01698957357017223,-1.2395536731468365e-7,-2.1528374234944013e-5,0.0016375887741529281,-0.0016394413050611917,1.852530908263636e-6,1.0939416366817765e-6,0.03497529524979512,1.1864350430663364,33.922087993618476,-8.965326945610286,1.6926881984046795,0.8609766138682486,6.107113479129753e-7,0.0025640868657120217,0.0008545868718824802,true
14.71875,4.402178548693012,4.516633207590723e-6,0.01612742295311728,0.016365280484689607,-1.1420041287378392e-7,-2.029286736559415e-5,0.0016045523386896976,-0.0016100284874435357,5.476148753838159e-6,1.0259995494575504e-6,0.034836612840843606,1.1859044574160538,34.041899045525454,-9.016248049686684,1.6723815765171826,0.8582683050442362,5.768454567888245e-7,0.0025236245219861352,0.0008411142698650494,true
14.78125,4.402178548693012,4.086239954499085e-6,0.01530296364572348,0.015457539036084322,-1.0495147999791191e-7,-1.9137365135379882e-5,0.0014119635065003764,-0.0014119635065003764,0.0,9.282313084988959e-7,0.03334697795461401,1.1968022446465343,35.88937643091404,-9.092210867387283,1.7782898653742871,0.8716358603289606,4.99815301269924e-7,0.0021189271531613825,0.0007062365437649205,true
14.84375,4.402178548693012,3.790303559027335e-6,0.014875044988464651,0.015038965278135849,-9.46998236401337e-8,-1.8038350509776103e-5,0.0013864931966886933,-0.0013871904234678172,6.972267791239325e-7,8.61006321552464e-7,0.03329860727769605,1.1949919299129372,35.88714446665048,-9.159784598299465,1.7595246834116751,0.8693992353525629,4.661131403286673e-7,0.002106612539329742,0.0007021474754686093,true
14.90625,4.402178548693012,3.500017849418886e-6,0.014326198060182682,0.014509369465688728,-8.523732264655253e-8,-1.6991281126165025e-5,0.0013643963039960828,-0.0013654721533277636,1.0758493316808445e-6,7.950649458455124e-7,0.03334213143309861,1.1922975647930247,35.75948847737536,-9.228637222079936,1.7236761463539465,0.8649728515523943,4.359764956087972e-7,0.0021175970776681494,0.0007058240189794792,true
14.96875,4.402178548693012,3.1869729071073032e-6,0.013723500395448179,0.013925036719723987,-7.667470422229411e-8,-1.599379815284853e-5,0.0013449588722186162,-0.0013464128114280627,1.4539392094465448e-6,7.239535770427807e-7,0.03337841935559738,1.189318696334934,35.63136659242349,-9.307849492668275,1.6831395850002489,0.8597121311589848,4.0344979818894185e-7,0.0021267769477920657,0.0007089000870379835,true
15.03125,4.402178548693012,2.95882426660124e-6,0.013293984143035745,0.013518089124596833,-6.913964505026986e-8,-1.5044558651962291e-5,0.0013298919040485985,-0.001330383936033693,4.920319850944179e-7,6.721272737744139e-7,0.03348228300329491,1.186132262497052,35.425668625413856,-9.374143856082364,1.6477220095666785,0.854880174929674,3.7938251779850524e-7,0.0021533256348861265,0.0007177623681558226,true
15.09375,4.402178548693012,2.952575734724976e-6,0.012656712323544851,0.012965459992677359,-6.282179113578233e-8,-1.4129429756972518e-5,0.0013243346571704226,-0.0013192486963768222,-5.085960793600438e-6,6.70707855682406e-7,0.03411584859082884,1.1802751008621026,34.59609388638771,-9.371741063003988,1.5545310179041572,0.8410163543086795,3.914432430165971e-7,0.0023209579426579953,0.0007736406074455699,true
15.15625,4.402178548693012,3.1135429991558174e-6,0.012280517258334414,0.012889691805058213,-5.730647089232889e-8,-1.3226686851607687e-5,0.0013278390783851516,-0.001312571736271479,-1.5267342113672693e-5,7.072732204558615e-7,0.036262747931036884,1.1612785188207422,32.02400769597543,-9.340756023879532,1.3731752407697255,0.8083643063907218,4.4362983327296075e-7,0.002962559989498542,0.0009875061805031879,true
15.21875,4.402178548693012,3.1983103978226857e-6,0.012318041485386795,0.013247386180112048,-5.244105899376271e-8,-1.2346618514864504e-5,0.0013238946611710961,-0.0013023254102067033,-2.156925096439286e-5,7.265290043204291e-7,0.03813624568129426,1.14374131410546,29.990925789175474,-9.341734602608879,1.251615581455269,0.7812621962621504,4.790753136211355e-7,0.0036237660355934445,0.0012079127388789123,true
15.28125,4.402178548693012,3.035886217289044e-6,0.01148253769417144,0.012440366797660089,-5.10789776489104e-8,-1.1507965964912398e-5,0.0013051306367112489,-0.001284341792237092,-2.0788844474156935e-5,6.896326861141027e-7,0.03811174903752161,1.14297476229826,29.990089438639604,-9.367852347847984,1.2015919748083068,0.7686384769591033,4.662613850472208e-7,0.003614446512787415,0.0012048121117571467,true
15.34375,4.402178548693012,2.7751812844673856e-6,0.010886164177118296,0.011804916499422089,-4.974096453323497e-8,-1.0718976263238022e-5,0.001279073510416013,-0.0012625836635376413,-1.648984687837164e-5,6.304108871938702e-7,0.03774815530134969,1.1439379174712132,30.304472055361913,-9.432569080165244,1.1873323887038074,0.7648663969542392,4.306120155795785e-7,0.003478455328617831,0.0011594946108144592,true
15.40625,4.402178548693012,2.5022525637985985e-6,0.010350210584983493,0.011193585491339359,-4.780726675330275e-8,-9.980792814330539e-6,0.001251687313665621,-0.0012401954234355435,-1.1491890230077564e-5,5.684123295138737e-7,0.03718048096752847,1.1464333563399318,30.834279883070046,-9.509469336043695,1.1884852268260178,0.7651743171447745,3.8950864952296997e-7,0.003273870174670568,0.001091312779779931,true
15.46875,4.402178548693012,2.279944947379197e-6,0.009794968126236314,0.010557830729953026,-4.5583969483529724e-8,-9.290335880554866e-6,0.0012255041617264067,-0.0012184952771031785,-7.0088846232281565e-6,5.179128747642693e-7,0.036553863507556905,1.1500253580949702,31.4611164933967,-9.574217560687623,1.1901291364795223,0.7656124948882376,3.556254261598046e-7,0.003058680745475034,0.0010195921620370547,true
15.53125,4.402178548693012,2.113723589613054e-6,0.009218629336125158,0.009902451884210645,-4.330344795507077e-8,-8.644211387599191e-6,0.001200962359586723,-0.0011976865333388894,-3.2758262478336728e-6,4.801539888109739e-7,0.03590147688222681,1.1546186540641998,32.160756446089245,-9.620254539076715,1.1894955127068423,0.7654437309867311,3.303102234327537e-7,0.002846109850583914,0.0009487401080955776,true
15.59375,4.402178548693012,1.9926149307151257e-6,0.00871121335653781,0.009337006606578963,-4.1096912568132135e-8,-8.038776935247166e-6,0.0011795107677076127,-0.0011785328916315754,-9.778760760373317e-7,4.5264291501913855e-7,0.035371828431883696,1.158544962238331,32.753324145212524,-9.653304703182545,1.184010443254961,0.7639761732169246,3.123241111848221e-7,0.002681847162375588,0.0008939887333466463,true
15.65625,4.402178548693012,1.8805790746289499e-6,0.008192526472958483,0.008797820655283155,-3.894427342896924e-8,-7.468280307383072e-6,0.0011578021863075953,-0.0011593861804339506,1.5839941263553342e-6,4.2719282142413006e-7,0.03506445222943709,1.1603397044392845,33.09162501232982,-9.686741812996754,1.161266079792496,0.7577620667250254,2.9801305104120303e-7,0.0025898348634349044,0.0008633215374948858,true
15.71875,4.402178548693012,1.773557255158556e-6,0.007899990139676558,0.008480531865544438,-3.684136560691344e-8,-6.935296023671513e-6,0.001128875767671997,-0.001136875752422017,7.99998475001988e-6,4.0288171766343226e-7,0.03475722682935168,1.161802856797999,33.426224206612574,-9.730268322684516,1.158524021252957,0.7569986463607027,2.8147258162045416e-7,0.0025002500235466137,0.0008334646062297895,true
15.78125,4.402178548693012,1.6198289018344772e-6,0.007511827115641271,0.007981329348264735,-3.4598166886584995e-8,-6.44620326819668e-6,0.0010691236965685495,-0.0010989241264867428,2.9800429918193242e-5,3.679607457801541e-7,0.03371108676808409,1.169935095459973,34.7047576219823,-9.790989736127859,1.1989904473476014,0.7679562052304874,2.5269779300531187e-7,0.002212575102190177,0.0007375758378619651,true
15.84375,4.402178548693012,1.284726185321443e-6,0.007105285609998144,0.007177056171715298,-3.1838494644938386e-8,-6.0410761580031135e-6,0.00066140021665879,-0.00066140021665879,0.0,2.9183872737348937e-7,0.02758921473648016,1.2253024773750023,44.41237233747113,-9.95669957440926,1.7677638452345903,0.8703879088343899,1.5733603304926094e-7,0.000992701487957952,0.00033093982849747493,true
15.90625,4.402178548693012,1.136654934535729e-6,0.006727039633768176,0.006794989529058763,-2.9125890460442084e-8,-5.660827948969736e-6,0.000627163947160544,-0.000627163947160544,0.0,2.5820282434323273e-7,0.027222167731935816,1.2262776262956656,45.0470233807667,-10.055127732653549,1.766453484378315,0.8702313698054663,1.3968854167318825e-7,0.0009409086138290383,0.0003136810356224407,true
15.96875,4.402178548693012,1.0462215795365838e-6,0.006502614011472782,0.006568296981285639,-2.665694798805895e-8,-5.304331226147674e-6,0.00060655493024419,-0.00060655493024419,0.0,2.3765996039556427e-7,0.026995939604949937,1.2266531954484674,45.43843309026925,-10.125478444225447,1.7658193587910627,0.8701555207832361,1.2854371744686319e-7,0.0009100114996801928,0.0003033855404558264,true
16.03125,4.402178548693012,9.625716422666593e-7,0.006167074399282825,0.006229368080083662,-2.4399807764300197e-8,-4.970280680351093e-6,0.0005746816597121054,-0.0005746816597121054,0.0,2.186580193464535e-7,0.0266367642084895,1.228597316558957,46.12412029263623,-10.189026013698138,1.7665192358673856,0.8702392309325314,1.1817768805244265e-7,0.0008625379977480911,0.00028756313303055,true
16.09375,4.402178548693012,8.940704341488135e-7,0.005874904909676917,0.0059361441733733564,-2.2258538348327797e-8,-4.656055575712314e-6,0.0005578225045839736,-0.0005578225045839736,0.0,2.0309726746868527e-7,0.02643483602796801,1.2291732955842418,46.498237941925524,-10.245068444125168,1.7480837028896798,0.8680088213750076,1.1044132343566139e-7,0.0008366748870344626,0.0002789442213543208,true
16.15625,4.402178548693012,8.323179913317676e-7,0.005675758926220986,0.005744744191749394,-2.0107849482947593e-8,-4.359690359224042e-6,0.0005492752260279695,-0.0005494763010887615,2.0107506079202093e-7,1.8906956683501154e-7,0.02647476145420197,1.2271103364083307,46.35019426071424,-10.307540034448822,1.7148558975548172,0.8638518149081043,1.0399320984616589e-7,0.000841729542352528,0.00028063257071723986,true
16.21875,4.402178548693012,7.70777118258224e-7,0.005454696593304444,0.0055438437623641056,-1.8172604564669607e-8,-4.077638414282841e-6,0.0005419966985025377,-0.0005409547302012656,-1.0419683012720827e-6,1.7508992643814151e-7,0.0267376586542311,1.222576197132118,45.72487864185713,-10.375770236859577,1.6544269612336178,0.8558124088627966,9.861663378974186e-8,0.0008756467460811204,0.0002919430660905062,true
16.28125,4.402178548693012,7.358295509981384e-7,0.005279396317903678,0.005463949648253438,-1.6406664305514287e-8,-3.8021972447913934e-6,0.0005406462832958977,-0.000535965015941514,-4.681267354383727e-6,1.671512281610211e-7,0.028195696453959064,1.2057868288531675,42.76492445654267,-10.434683591776324,1.4872757921975992,0.829859300131779,1.0086274610474145e-7,0.0010827935153017265,0.0003610031593207802,true
16.34375,4.402178548693012,6.946466738950073e-7,0.005149788677039216,0.005463449420672279,-1.4778460813664832e-8,-3.5314243920547274e-6,0.0005410630958533234,-0.0005327482202505929,-8.314875602730446e-6,1.5779611531232528e-7,0.029811562059157602,1.1867588070306003,39.808675730430174,-10.507372688080173,1.3248504819079168,0.7981564606728901,1.0217051993686971e-7,0.0013531123170032395,0.0004511231390265068,true
16.40625,4.402178548693012,5.988290329383195e-7,0.004591422613370646,0.004909904769165037,-1.3552888581591792e-8,-3.2713938278614527e-6,0.00053595887523841,-0.0005270336573768811,-8.925217861528853e-6,1.360301555955992e-7,0.029671853585547938,1.1852374082915471,39.94483879729147,-10.60812027805914,1.2470511511175606,0.7801483753123695,9.171429697673506e-8,0.0013279138769727433,0.0004427274638079487,true
16.46875,4.402178548693012,5.173378570567535e-7,0.004188882337028637,0.004477418019623569,-1.2305714136970665e-8,-3.0265401140269977e-6,0.0005278031312542216,-0.0005196561224070065,-8.147008847215077e-6,1.1751859933312994e-7,0.02914890510618082,1.1877777887957492,40.74862450129866,-10.711284354143588,1.2209615007227408,0.7736368772714511,8.049546571464539e-8,0.0012367441691478658,0.0004123383052500413,true
16.53125,4.402178548693012,4.6435674898442145e-7,0.0038899767696524644,0.00416149697024747,-1.1141442676836869e-8,-2.7965244735261315e-6,0.0005191431678525845,-0.0005117362200087712,-7.40694784381326e-6,1.0548339733341505e-7,0.028790736947779554,1.1894016067963582,41.3119542217237,-10.788136259485233,1.1961559726713304,0.7672098536293666,7.313918844330419e-8,0.0011770684621810934,0.0003924468046344451,true
16.59375,4.402178548693012,4.275163658405873e-7,0.0036146729369949246,0.0038761169778784325,-1.0110146105017214e-8,-2.5806367064091036e-6,0.0005087948037220271,-0.0005026506282992949,-6.144175422732249e-6,9.711472651819519e-8,0.028503664791107233,1.1909317169542546,41.781705113435436,-10.843106853479789,1.167502734182308,0.7594869043227087,6.817037662638197e-8,0.0011308202188212192,0.00037703062477117787,true
16.65625,4.402178548693012,3.974927968937584e-7,0.003411844024037205,0.003655277611268358,-9.21675645060176e-9,-2.380062382277741e-6,0.000496428916519989,-0.0004923282626255656,-4.100653894423354e-6,9.029456495165837e-8,0.028128236539273068,1.1936032708159807,42.43434419180363,-10.892852410289693,1.158632755572755,0.757028978412241,6.355565156605594e-8,0.0010724128152496642,0.00035756048520054097,true
16.71875,4.402178548693012,3.6854209291458606e-7,0.003257700991958448,0.003481337369506514,-8.42917942086956e-9,-2.194633261250798e-6,0.00048380711551353385,-0.000481773278417899,-2.03383709563486e-6,8.371811566434638e-8,0.027736119430471662,1.1963286760982068,43.132518198774676,-10.94858726228917,1.1600736845679451,0.757430471894002,5.882943536096283e-8,0.0010138553698780003,0.0003380402890422846,true
16.78125,4.402178548693012,3.3660438074211266e-7,0.0030758256438515735,0.0032780812709877543,-7.706287880885471e-9,-2.0229462994953737e-6,0.0004722434499252399,-0.0004717153875815655,-5.280623436744046e-7,7.646313683529466e-8,0.02729537560644238,1.1993908924715624,43.941175595637404,-11.013188162814162,1.1570689813051203,0.7565922834509278,5.381074524468879e-8,0.0009509353236092847,0.0003170656777510144,true
16.84375,4.402178548693012,3.089608390221808e-7,0.0029579210335162675,0.0031608391437961425,-6.884710900547653e-9,-1.8630983374570594e-6,0.00046244994325845174,-0.00046263489786973425,1.8495461128251569e-7,7.018362285962025e-8,0.027192458457492255,1.198510147685236,44.075093451324705,-11.087259829266943,1.1406188463973426,0.7519364928440664,4.9680312925285006e-8,0.0009366703757442917,0.0003123118490734497,true
16.90625,4.402178548693012,2.8323615170825544e-7,0.002846712156740765,0.003064676238255134,-6.148299395249991e-9,-1.7131968022235506e-6,0.0004545809174486768,-0.0004546684808127952,8.756336411839096e-8,6.433999633939134e-8,0.027299148899390148,1.1951613470794507,43.78016880614729,-11.166599150911965,1.1079298056793443,0.742339492160844,4.616741107176815e-8,0.0009514493814921217,0.00031724078150658513,true
16.96875,4.402178548693012,2.525365588790644e-7,0.002641744730568685,0.002870124176382159,-5.543127480213103e-9,-1.571836895772209e-6,0.00044417784268668673,-0.00044555846054493447,1.3806178582477361e-6,5.7366269015608516e-8,0.02726533950158776,1.1930703149142556,43.757764866444404,-11.257137842272998,1.0621079882547437,0.7280737542196365,4.209104878664278e-8,0.000946739218362473,0.0003156724293837338,true
17.03125,4.402178548693012,2.2592745482158875e-7,0.002540964019513898,0.0027474054871216612,-5.051513199782495e-9,-1.4424699536292996e-6,0.0004134659507610006,-0.0004264336842870944,1.2967733526093829e-5,5.1321738162725283e-8,0.02674834774474624,1.1964099735102711,44.72836920348709,-11.349860910543843,1.0875633664335893,0.736119270609156,3.7254097696762075e-8,0.0008769529064329931,0.0002924084189813672,true
17.09375,4.402178548693012,1.7042472892802583e-7,0.002503151156668305,0.0025284355117861667,-4.535494253570299e-9,-1.3400581928922595e-6,0.00023478410080476905,-0.00023478410080476905,0.0,3.871372481668745e-8,0.021295416212720845,1.2536009029104849,58.867170774602876,-11.570522718514809,1.7589756946704638,0.869332984913945,2.108202618138469e-8,0.0003523636450689197,0.0001175132675780984,true
17.15625,4.402178548693012,1.416750611881223e-7,0.0022823208672526963,0.002305374613386562,-4.021192808953666e-9,-1.2443437342382004e-6,0.00021398093176649586,-0.00021398093176649586,0.0,3.218294297267543e-8,0.020807533640559123,1.2562615833351292,60.37532391087231,-11.713950383324782,1.7593757393442409,0.8693812658289896,1.763043571456315e-8,0.00032116760878650105,0.00010711314716018324,true
17.21875,4.402178548693012,1.2211646537198789e-7,0.002136656168737504,0.002158238554280307,-3.5438961742034794e-9,-1.1548888886118725e-6,0.00020031561321886708,-0.00020031561321886708,0.0,2.7740007367089585e-8,0.020467333077110197,1.2577658540039727,61.452356751383746,-11.835159230732009,1.7593587809198943,0.8693792196421861,1.523005691678383e-8,0.0003006740816596361,0.00010028100688889768,true
17.28125,4.402178548693012,1.0648072664299827e-7,0.002008619612522704,0.002028908699517883,-3.1138068741703716e-9,-1.0713012004431735e-6,0.00018830617659818292,-0.00018830617659818292,0.0,2.418818897625403e-8,0.020153747580485916,1.2592062586504205,62.48000544919301,-11.947839496746038,1.7593129168620076,0.869373685506034,1.3290428910897873e-8,0.0002826676641993226,9.427787676835824e-5,true
17.34375,4.402178548693012,9.204514407425874e-8,0.001850763652138494,0.0018694582344833273,-2.72666889422535e-9,-9.932250698312854e-7,0.00017338338994362748,-0.00017338338994362748,0.0,2.0908998364363605e-8,0.01974305975214529,1.2618776357128836,63.91499856428117,-12.06106689016336,1.7598892447348073,0.8694432037107515,1.1500929078204063e-8,0.00026032435545662896,8.682848745906411e-5,true
17.40625,4.402178548693012,8.188238628505625e-8,0.0017503273195702824,0.0017689906319314783,-2.379958075987046e-9,-9.200336978719601e-7,0.00016867517587258483,-0.00016867517587258483,0.0,1.860042371733577e-8,0.019607458246553692,1.2616183153265887,64.3437971134447,-12.157704567103206,1.731671951259234,0.8659780350900418,1.0332402564488637e-8,0.00025324563549545507,8.446867402919351e-5,true
17.46875,4.402178548693012,7.40891153385873e-8,0.001661644554768757,0.0016833037815539892,-2.0858940237585903e-9,-8.512474865960162e-7,0.00016472150156380654,-0.0001648176292119855,9.61276481789672e-8,1.6830102304819972e-8,0.01962474875202607,1.2597353522901091,64.19115822616854,-12.242941336259696,1.6859864045685058,0.8600907871299174,9.500947852287738e-9,0.0002541386165148684,8.476684542662983e-5,true
17.53125,4.402178548693012,6.723848525009742e-8,0.0015660548680767634,0.001591062484876123,-1.8355543707594248e-9,-7.865015225685025e-7,0.0001612846472369959,-0.00016139073234703043,1.0608511003454128e-7,1.5273911429617102e-8,0.019659415478517305,1.2577535604111696,63.977159533841245,-12.322158807495756,1.631151846666825,0.8525402891937108,8.800990297621243e-9,0.0002559376179617327,8.536706327213e-5,true
17.59375,4.402178548693012,6.085155352527791e-8,0.0014757369495774064,0.00150292233621336,-1.6197527776877972e-9,-7.256670320106435e-7,0.00015837756302633927,-0.0001584960333730237,1.1847034668443948e-7,1.382305439277207e-8,0.019650229416766495,1.2562903043193951,63.9326023973781,-12.402384242530031,1.5821970230467208,0.8453157468918521,8.116722394130348e-9,0.00025545865582854075,8.520768973450031e-5,true
17.65625,4.402178548693012,5.400436295861886e-8,0.0014143760732786143,0.0014450956028990128,-1.4276469935085066e-9,-6.685186845852958e-7,0.00015676887608270345,-0.00015647049509732628,-2.9838098537717395e-7,1.2267644840224058e-8,0.01973533613531542,1.2531405756830147,63.49730083596503,-12.508498594824658,1.5354540645309076,0.8379557966268978,7.347790557374635e-9,0.00025991097424336043,8.669268351081018e-5,true
17.71875,4.402178548693012,5.172186160379862e-8,0.0013518758410131458,0.0014095265363871664,-1.2667589143894595e-9,-6.131594452360156e-7,0.00015812218624568355,-0.00015613696511451337,-1.9852211311701805e-6,1.174915125129457e-8,0.0207395728388031,1.239496853022094,59.76482074418783,-12.560680444223646,1.372235572915088,0.8081724796201156,7.522553206985332e-9,0.0003169776858302707,0.00010572102664856037,true
17.78125,4.402178548693012,5.2224767806095615e-8,0.001305378448456022,0.0014226977939620542,-1.1310155677311763e-9,-5.581149601443601e-7,0.00016051710559453252,-0.0001565875946127259,-3.929510981806627e-6,1.1863391552257899e-8,0.02247030644318139,1.2173128080131719,54.174286011242415,-12.580477827555818,1.1524241114628953,0.7552891777673378,8.33503244729916e-9,0.00043675957895253055,0.0001456593185347587,true
17.84375,4.402178548693012,4.8036954163196005e-8,0.0011748473517479141,0.0012941910593732922,-1.031261037969845e-9,-5.063394397073618e-7,0.00015838518945727613,-0.00015477827947315057,-3.6069099841255607e-6,1.0912086738839334e-8,0.022368192716890382,1.2175390185076527,54.43171175775324,-12.627796311816422,1.0889053570965805,0.736534984803423,7.894695361886993e-9,0.0004288749086281611,0.0001430306129710177,true
17.90625,4.402178548693012,4.3875166839521586e-8,0.001120284950433103,0.0012265172347990087,-9.427241169033104e-10,-4.59212219373792e-7,0.0001537296100690284,-0.00015165169581082198,-2.0779142582064277e-6,9.966694070722764e-9,0.021933138156066352,1.2215563874902036,55.694555826811346,-12.695110500308568,1.1032327733442988,0.7409216837906001,7.162642811155759e-9,0.00039647385591242166,0.0001322276843712501,true
17.96875,4.402178548693012,3.8832083990061194e-8,0.0010569039514802064,0.0011384182006802144,-8.597071723770649e-10,-4.170902565323348e-7,0.00014425549196985337,-0.00014602163117516406,1.7661392053106863e-6,8.821106086573948e-9,0.02106876944324407,1.2307192124330528,58.4143851281118,-12.781040121604965,1.161113494294175,0.7577196667332574,6.181580953031093e-9,0.0003375812907956036,0.0001125916480640596,true
18.03125,4.402178548693012,3.031693626991563e-8,0.0009972654385770486,0.001008322220171559,-7.767190571045533e-10,-3.830646161855529e-7,9.769371270481017e-5,-9.769371270481017e-5,0.0,6.886802962346131e-9,0.01711448591729412,1.2783939172928644,74.69660049800575,-12.948451024357295,1.7134596203714316,0.8636731651507809,3.809442561005257e-9,0.00014701082978108186,4.90463290686896e-5,true
18.09375,4.402178548693012,2.6503874140237018e-8,0.0009393594643431413,0.0009488479437809508,-6.986107923681704e-10,-3.517198478472092e-7,8.8483069663239e-5,-8.8483069663239e-5,0.0,6.020626798089756e-9,0.01668434400167906,1.28212471314136,76.845976863839,-13.058666665990208,1.7541368110028275,0.8687470089014173,3.2823312240195876e-9,0.00013278223068297992,4.430150782647252e-5,true
18.15625,4.402178548693012,2.334460227739705e-8,0.0008778248854983991,0.0008866918035337365,-6.258822616409539e-10,-3.227501576501314e-7,8.26953850020021e-5,-8.26953850020021e-5,0.0,5.302965797315959e-9,0.016404600968411603,1.2841441376026204,78.27951073453994,-13.158251323090864,1.753985973626529,0.868728684034559,2.8957958463393637e-9,0.00012410015698268866,4.140626376574456e-5,true
18.21875,4.402178548693012,2.0833720679225043e-8,0.0008405793460972019,0.0008495387646813839,-5.579920492647241e-10,-2.9592751185812093e-7,8.104584046820719e-5,-8.10698887835427e-5,2.4048315335509045e-8,4.732593294156705e-9,0.016328428324071345,1.2835675832987092,78.60937732791317,-13.25494483643759,1.7298109069107905,0.8657450083766016,2.610367466650586e-9,0.00012181139943416674,4.064310530343657e-5,true
18.28125,4.402178548693012,1.811647749216777e-8,0.0008071857999273368,0.0008186576237563235,-4.935720047742785e-10,-2.709350638441066e-7,8.00668205791195e-5,-7.972780485389838e-5,-3.3901572522111777e-7,4.115343639922664e-9,0.016462058692993834,1.2797157704800464,77.73728634710109,-13.38132937247426,1.672647649963628,0.8583042624452469,2.3291364910298096e-9,0.00012584661419239498,4.198898247386822e-5,true
18.34375,4.402178548693012,1.8507039218466272e-8,0.0007991772161525523,0.0008399153396800183,-4.4087919869436265e-10,-2.463005339513228e-7,8.195675761543767e-5,-7.993729549102255e-5,-2.019462124415119e-6,4.204063741113121e-9,0.018294614240012524,1.2547539610853984,68.5859753380916,-13.405368142620848,1.3852635298100113,0.8108092548182639,2.669912857741612e-9,0.0001919350565909917,6.402799468272303e-5,true
18.40625,4.402178548693012,1.7828541206696887e-8,0.0007212087137575939,0.0008040870034093971,-3.9246837014384285e-10,-2.2131935325585065e-7,8.420790082559217e-5,-8.05645715165986e-5,-3.6433293089935725e-6,4.04993596000101e-9,0.019976286822330328,1.231421675077542,61.64417271487148,-13.444857260571066,1.089186220026728,0.7366218834498633,2.934511453912461e-9,0.00027282889585387814,9.100227822817786e-5,true
18.46875,4.402178548693012,1.55204510727488e-8,0.0006568239151364452,0.000735154406723942,-3.521742508229154e-10,-1.9828505353010304e-7,8.259270164520853e-5,-7.932708977239302e-5,-3.265611872815507e-6,3.5256296174894484e-9,0.019692476696582282,1.23325856480982,62.625874023446606,-13.545347256217608,1.0587344759335418,0.7269843231302517,2.5966886013890865e-9,0.00025765372468719366,8.594233910583533e-5,true
18.53125,4.402178548693012,1.3091059932969896e-8,0.0006020196065226909,0.0006680517899950878,-3.127942781360415e-10,-1.7749553143242894e-7,8.01503834431651e-5,-7.769064305106796e-5,-2.459740392097144e-6,2.9737685076078015e-9,0.019106016676808384,1.238802427243677,64.83834114660766,-13.670959110664578,1.0695088301805333,0.7304445686239427,2.1870452629136885e-9,0.0002283098470598207,7.615778278050168e-5,true
18.59375,4.402178548693012,1.1015515627312105e-8,0.0005629280991807043,0.0006166479335868308,-2.756900478070601e-10,-1.589287031181212e-7,7.699290803814699e-5,-7.568264147777794e-5,-1.3102665603690461e-6,2.5022873346612814e-9,0.018478238477448013,1.2449166995314909,67.3720442049097,-13.80452475379775,1.1021056494792127,0.7405799778551799,1.8186537005228078e-9,0.00019975467051313168,6.663597875697856e-5,true
18.65625,4.402178548693012,8.798681243598861e-9,0.0005046217327460932,0.0005357176980819885,-2.398326262664874e-10,-1.4273985807374426e-7,7.246292351039947e-5,-7.285960168121333e-5,3.9667817081385907e-7,1.998710671608527e-9,0.017156922538461766,1.2605995614907741,73.47468980318631,-13.953576929227644,1.1968821768551219,0.7674013696268748,1.399512783272749e-9,0.0001484702892292037,4.9534221624630605e-5,true
18.71875,4.402178548693012,6.844976971260002e-9,0.0005029446715297362,0.0005080249207371073,-2.0800614532439444e-10,-1.2963790079693163e-7,4.753034052647446e-5,-4.753034052647446e-5,0.0,1.5549067116535394e-9,0.01428258685679774,1.2977457198199305,90.86209191875305,-14.160899717113038,1.7504690711984585,0.8683004107932342,8.60884366994127e-10,7.131786192974311e-5,2.3803251903046774e-5,true
18.78125,4.402178548693012,5.4090939307205756e-9,0.00042689661585148327,0.00043120870288028613,-1.7764691029637994e-10,-1.176457749801515e-7,4.029891497293557e-5,-4.029891497293557e-5,0.0,1.2287311545613052e-9,0.013706018380320206,1.3036497533233105,95.11513242935357,-14.325841482791176,1.7514346722254837,0.8684181913317863,6.857377859248992e-10,6.048392108471512e-5,2.0189567694972688e-5,true
18.84375,4.402178548693012,4.733505798460222e-9,0.0004101672907506304,0.00041470297400455006,-1.5206310432064467e-10,-1.0663157059789411e-7,3.946061562990204e-5,-3.946993313858691e-5,9.317508684870653e-9,1.0752643824193773e-9,0.013666030792767347,1.3025694006064392,95.31439086876748,-14.446813591115978,1.7263454632404345,0.8653095849351705,6.049168450356098e-10,5.978128946617859e-5,1.9955230374258103e-5,true
18.90625,4.402178548693012,4.20467171630065e-9,0.0003936600181898687,0.0003995266335675004,-1.3063757404277163e-10,-9.642936171123036e-8,3.9077546348520724e-5,-3.890453459613477e-5,-1.7301175238595664e-7,9.551342976647321e-10,0.01379517506222243,1.2991815931432,94.17652094180089,-14.557148129764126,1.6646853598930795,0.8572227372670567,5.495088594419182e-10,6.207231654377836e-5,2.071947334103742e-5,true
18.96875,4.402178548693012,4.181204935544588e-9,0.00038619188465822507,0.00040607199380677974,-1.1382696612696981e-10,-8.644488325517778e-8,3.997568577126849e-5,-3.9094939936627245e-5,-8.807458346412445e-7,9.498035777730937e-10,0.015283806146874385,1.2767790948244453,83.53803251329205,-14.605059958916353,1.3779949568092897,0.8093441848697459,6.119608693790965e-10,9.350983771778811e-5,3.120520682253874e-5,true
19.03125,4.402178548693012,3.95270577965287e-9,0.00035992666955506633,0.0003972110387533344,-9.931349631095856e-11,-7.660122536054416e-8,4.093106584266237e-5,-3.945527784522654e-5,-1.4757879974358254e-6,8.978976513404736e-10,0.016522403281552817,1.2575865718481078,76.11402230159804,-14.671801917735875,1.1297498563843236,0.7487972345472954,6.444153016082707e-10,0.00012769895784431505,4.260756208060893e-5,true
19.09375,4.402178548693012,3.405223939471856e-9,0.00032676297820679614,0.00036226861609125127,-8.685210839211102e-11,-6.759505719314894e-8,4.0915133021564694e-5,-3.9359163824727507e-5,-1.5559691968371875e-6,7.735315371256017e-10,0.016322195636962078,1.258724670233801,77.11736204064256,-14.78203883427448,1.0886463213658677,0.7364548071239129,5.66553721730307e-10,0.00012162245654150765,4.058109880197811e-5,true
19.15625,4.402178548693012,3.0689790723162365e-9,0.0003124880060348179,0.0003513416884806149,-7.539515642320849e-11,-5.933420450782017e-8,4.149871181755897e-5,-3.96068061864781e-5,-1.891905631080869e-6,6.971500674881538e-10,0.01649747444357906,1.2545405102796958,76.04439786042356,-14.878610090275899,1.0319751304729419,0.7181448945359324,5.228211883965455e-10,0.00012693002447143796,4.2351185440914226e-5,true
19.21875,4.402178548693012,2.755131277415255e-9,0.0002855095139864714,0.00033015606446914266,-6.544721480259448e-11,-5.163958508479164e-8,4.182620120216366e-5,-3.97696148785023e-5,-2.0565863236613637e-6,6.258563224867928e-10,0.0167412899719718,1.249408185703443,74.63034137722941,-14.96848897044952,0.9400738832076296,0.6849385872198496,4.886606433828573e-10,0.00013459958158477497,4.490895510492109e-5,true
19.28125,4.402178548693012,2.40322399310139e-9,0.00027367089356504634,0.00031538273638937137,-5.7436749204987325e-11,-4.4835186783796145e-8,4.111415411568304e-5,-3.939457357559382e-5,-1.7195805400892152e-6,5.459169741797267e-10,0.016522537064539263,1.2507451657658015,75.69934089905333,-15.085748227440822,0.9422713364779137,0.6857871312004731,4.259872421329835e-10,0.00012770275967145816,4.260893746350271e-5,true
19.34375,4.402178548693012,1.9709139532733206e-9,0.0002518195536199508,0.00028633841708247643,-4.9844050876001004e-11,-3.88868370366515e-8,3.992438073856258e-5,-3.873549116395792e-5,-1.1888895746046556e-6,4.4771331545797395e-10,0.01598638692378795,1.2563948156107576,78.59154301721709,-15.238289023691445,0.9602649777470557,0.6926312836619273,3.4783351082177974e-10,0.00011192031681781389,3.734550804973156e-5,true
19.40625,4.402178548693012,1.5630220349154205e-9,0.00023466391176739374,0.00026052135144877643,-4.264298014620402e-11,-3.38052441780933e-8,3.656871539778712e-5,-3.6941834182992495e-5,3.7311878520537725e-7,3.5505648342670585e-10,0.015247113075849665,1.2648583244657334,82.95723381688423,-15.422045758072992,1.0242288518833258,0.7155191881922555,2.693553843040877e-10,9.261482143099075e-5,3.0906866223532206e-5,true
19.46875,4.402178548693012,1.0152963909974105e-9,0.00021051232069421683,0.00021263870777193619,-3.5629074644390815e-11,-3.003670104966913e-8,1.9937060340066354e-5,-1.9937060340066354e-5,0.0,2.3063498669286088e-10,0.01149424140932131,1.3192783137586672,114.7773277746535,-15.722802384746823,1.7475666522208329,0.8679454980019911,1.2990579072606177e-10,2.9925489225532368e-5,9.995212339898294e-6,true
19.53125,4.402178548693012,7.657841634155714e-10,0.00020019417108928434,0.000202323805424918,-2.9000763912387506e-11,-2.66370316557634e-8,1.9470074381506134e-5,-1.9467049456280246e-5,-3.024925225887919e-9,1.739557255447827e-10,0.011426147320326447,1.3174603191445446,115.30223462118853,-15.975610653183855,1.7212428504960877,0.8646648706944501,9.998338763378599e-11,2.9222940052976067e-5,9.760806463613336e-6,true
19.59375,4.402178548693012,6.329554510654844e-10,0.00019309519777612445,0.0001967157487862131,-2.3651063278007003e-11,-2.3511711184219597e-8,1.9856771841000734e-5,-1.9439774350321956e-5,-4.169974906787779e-7,1.4378232142660505e-10,0.01176390316019646,1.3098623592530554,111.34589782114293,-16.162802273847458,1.6048435292546457,0.8487170413751451,8.665446345277386e-11,3.283256406851941e-5,1.0965213497283684e-5,true
19.65625,4.402178548693012,8.187515286691397e-10,0.0002046086412280751,0.0002463510490554435,-2.005480900278501e-11,-1.9959214256328564e-8,2.52258528594915e-5,-2.2173480847717823e-5,-3.052372011773678e-6,1.85987805722288e-10,0.015940310839767106,1.2436680623772933,78.02031433883029,-16.080736454851454,0.8863285170993123,0.6632927957421703,1.49140673427807e-10,0.00011063561142543688,3.6917146742153936e-5,true
19.71875,4.402178548693012,7.160358106819056e-10,0.00016675102743081844,0.00021254987306663852,-1.7106061073763938e-11,-1.6643271872722003e-8,2.625960384957026e-5,-2.2811091092859434e-5,-3.4485127567108277e-6,1.626548770709206e-10,0.015983715167904557,1.241648867473833,77.68211923389845,-16.163396920694527,0.7577032710249524,0.6039222596037817,1.3787700718001195e-10,0.00011184521579029192,3.732056469214874e-5,true
19.78125,4.402178548693012,6.027823868794125e-10,0.0001587886186824393,0.00019922269167135917,-1.4570495551837166e-11,-1.3828505915311785e-8,2.634142323490124e-5,-2.2935515821995296e-5,-3.405907412905946e-6,1.3692820048345745e-10,0.015623667391548019,1.245226585013152,79.70129892081458,-16.30688932386473,0.7730621529199292,0.6116133767545754,1.1538207820424757e-10,0.00010210544841024749,3.407225410742542e-5,true
19.84375,4.402178548693012,5.024754251339901e-10,0.00014093329390138922,0.00017868944557410457,-1.2284943671415573e-11,-1.1349628705192151e-8,2.6739248148769653e-5,-2.319255270982503e-5,-3.546695438944624e-6,1.1414244551329544e-10,0.015340953263631565,1.247704138417888,81.33159113233143,-16.445905104229986,0.7391972585339269,0.5944258117869685,9.765999823268377e-11,9.491505793941128e-5,3.1674133271949664e-5,true
19.90625,4.402178548693012,4.1402084138613995e-10,0.00012332007782495146,0.00015856292653581612,-1.026790330374341e-11,-9.198349058528355e-9,2.6557003819131575e-5,-2.314651044589535e-5,-3.4104933732362267e-6,9.404907974690417e-11,0.01503695597242355,1.250488100144129,83.16098700012249,-16.593245355872142,0.7033886778379715,0.5753210628987453,8.175713361046055e-11,8.761438604773046e-5,2.9239177894530628e-5,true
19.96875,4.402178548693012,3.4757863219382366e-10,0.00011526552579082298,0.00015024382029738952,-8.564087757145128e-12,-7.411103745155916e-9,2.5978506143590298e-5,-2.2918939978649326e-5,-3.0595661649409714e-6,7.895605058931975e-11,0.014938232446577212,1.249791828518971,83.66396981627737,-16.749516542591955,0.6814162404576471,0.5631100558647263,6.923310485682099e-11,8.533670598480782e-5,2.8479506857709185e-5,true
20.03125,4.402178548693012,2.864324389341601e-10,0.00011168415589262254,0.00014674043917560172,-7.143343482191334e-12,-5.948512822188861e-9,2.5421790275837625e-5,-2.2722947937282293e-5,-2.698842338555332e-6,6.506606575946373e-11,0.014900722188334905,1.247664544863138,83.73181709540748,-16.934444649562277,0.6714424451806125,0.5574421269807649,5.732479991490338e-11,8.448303620346636e-5,2.819478573286562e-5,true
20.09375,4.402178548693012,2.2368018280238066e-10,0.00010838208388962061,0.00014275737606273182,-5.878738211135945e-12,-4.749292857790066e-9,2.520810510703801e-5,-2.2708850151874182e-5,-2.4992549551638273e-6,5.081124727864351e-11,0.014820989878850574,1.2455496531003,84.0395724767135,-17.168242403484694,0.6658355578158545,0.5542211730637849,4.500569315556127e-11,8.268977465220108e-5,2.7596677176022113e-5,true
20.15625,4.402178548693012,1.6499420370904365e-10,0.00010255751752409831,0.00013547825341131062,-4.692365880185877e-12,-3.755944053001584e-9,2.5493942548828867e-5,-2.2943346779502216e-5,-2.5505957693266515e-6,3.7480125325227827e-11,0.014669866862049621,1.244051047677278,84.80315870456806,-17.4472580241919,0.653586151205251,0.5470968929789349,3.352236998417561e-11,7.936938777810665e-5,2.6489208714735734e-5,true
20.21875,4.402178548693012,1.1743359121878812e-10,9.377153201499186e-5,0.00012496132121957542,-3.6081720910398604e-12,-2.9310383723135508e-9,2.6129123554065714e-5,-2.3345062237805175e-5,-2.7840613162605397e-6,2.6676244482099358e-11,0.014465429364471117,1.2432168385263345,85.94399842564154,-17.75150636761303,0.6289370343647713,0.5323933632228288,2.420745663410767e-11,7.503799912508744e-5,2.5044510294979893e-5,true
20.28125,4.402178548693012,8.219044398740152e-11,8.350717181297121e-5,0.0001124019865829808,-2.684303494318249e-12,-2.255270486750093e-9,2.678929746331426e-5,-2.3746471175526166e-5,-3.0428262877880922e-6,1.8670402183437907e-11,0.014188395053414416,1.243698752730599,87.65605609714854,-18.06414652992923,0.5996865553451665,0.5142980845976186,1.71959120667343e-11,6.945441754415854e-5,2.3182111399000992e-5,true
20.34375,4.402178548693012,5.73490070415603e-11,7.365284290770298e-5,9.994634169434316e-5,-1.95055307553603e-12,-1.7132047632254385e-9,2.7288550872388673e-5,-2.4055046581863203e-5,-3.23350429052547e-6,1.302741504171542e-11,0.013867859914841666,1.245152818875124,89.78694813195625,-18.37682113100475,0.5717337408508033,0.49633863899772845,1.214994278562238e-11,6.338959446044314e-5,2.1159137100460455e-5,true
20.40625,4.402178548693012,4.0613117838481165e-11,6.531061091890543e-5,8.948354501312469e-5,-1.402436071576174e-12,-1.2882289865002154e-9,2.7609748635191883e-5,-2.4270560677225845e-5,-3.339187957966038e-6,9.225686189066326e-12,0.013577245044248686,1.2463805076177696,91.79922020673375,-18.679746263374945,0.5447069552386292,0.4783460766571364,8.6908550188848e-12,5.8242472692494714e-5,1.944221729581635e-5,true
20.46875,4.402178548693012,2.9935738313012224e-11,5.8599544408735566e-5,8.14092044789407e-5,-1.0146985103317028e-12,-9.63043742366003e-10,2.778196406532091e-5,-2.441837961938758e-5,-3.3635844459333317e-6,6.8002099373956595e-12,0.013350434074544773,1.2469820390035218,93.40385728589442,-18.952040029837434,0.518186549765531,0.460084856401324,6.452238189068222e-12,5.444844252456362e-5,1.8176611876768606e-5,true
20.53125,4.402178548693012,2.337231862166357e-11,5.309604139227278e-5,7.495132520249378e-5,-7.506036539625977e-13,-7.210645717328638e-10,2.7826167979119066e-5,-2.45183003223889e-5,-3.307867656730166e-6,5.309261849136653e-12,0.013162565880794458,1.247622806736431,94.78568373639379,-19.17385983471607,0.49363431355547166,0.442641284347118,5.058735124071087e-12,5.1448825736643286e-5,1.7175982005364216e-5,true
20.59375,4.402178548693012,1.9161865026098284e-11,4.8305087540511575e-5,6.927660126687995e-5,-5.708561584227952e-13,-5.467037021506743e-10,2.7756427566215746e-5,-2.458726715605438e-5,-3.169160410161367e-6,4.352814138305989e-12,0.012981650307301409,1.2488168420383747,96.1986197807215,-19.34909291312135,0.4714095093992793,0.4264051246363353,4.157438581499121e-12,4.867906463724174e-5,1.6252008674321304e-5,true
20.65625,4.402178548693012,1.6018405673915484e-11,4.394509956689287e-5,6.411175040859444e-5,-4.4366784881091746e-13,-4.2599350079415e-10,2.7560216908594853e-5,-2.4632879126474706e-5,-2.9273377821201465e-6,3.6387451114792426e-12,0.012804200037942958,1.250255172324226,97.64414556312134,-19.50491455426344,0.4501714390948344,0.41049467645726195,3.484108502588262e-12,4.6072521101414625e-5,1.5382464559160132e-5,true
20.71875,4.402178548693012,1.3295341110627346e-11,4.003642406846156e-5,5.952391992090684e-5,-3.490036697566962e-13,-3.4723990574819564e-10,2.7193784314457807e-5,-2.4647987617455756e-5,-2.545796697002051e-6,3.0201730719383644e-12,0.012636145049911243,1.25147183137469,99.0390523717105,-19.66803701949082,0.43021105586232833,0.3951913663578252,2.9010235292042364e-12,4.370187085064144e-5,1.4591597216471466e-5,true
20.78125,4.402178548693012,1.0931857204996695e-11,3.6723418548915165e-5,5.561774510252558e-5,-2.7632068851663695e-13,-3.003987660703325e-10,2.6640483477464385e-5,-2.4632373229313097e-5,-2.008110248151288e-6,2.4832834661470776e-12,0.012480645826486041,1.2523592941581438,100.3441097174976,-19.84197847488955,0.4132934881381323,0.3819575258000179,2.3925411142166628e-12,4.159095904840042e-5,1.388736560812722e-5,true
20.84375,4.402178548693012,8.802927123287698e-12,3.423099489936609e-5,5.271359944393642e-5,-2.18631508882314e-13,-2.763334188337038e-10,2.599486620457587e-5,-2.462946584084455e-5,-1.3654003637313183e-6,1.9996751667197252e-12,0.012358356315921708,1.2523264279241915,101.3343842749359,-20.040980025533162,0.40055399539816083,0.37183397325070683,1.93176269342682e-12,3.998535262342352e-5,1.3351701259743476e-5,true
20.90625,4.402178548693012,6.042011598821384e-12,3.170721734383127e-5,4.985827732304547e-5,-1.6787806622702692e-13,-2.6744709511390393e-10,2.530447085016847e-5,-2.4640670987401374e-5,-6.637998627670951e-7,1.3725048932000342e-12,0.012236601251249053,1.2504445639884247,102.18887894714928,-20.394178978913924,0.3862708706362176,0.360323983380703,1.3367371064693284e-12,3.8433406480367164e-5,1.2833930282942143e-5,true
20.96875,4.402178548693012,5.205958955838119e-12,3.05209122765211e-5,4.8785483704794054e-5,-1.354473235368535e-13,-2.6718258155522923e-10,2.465943659116144e-5,-2.4641758362168984e-5,-1.767822899245502e-8,1.1825869619449547e-12,0.012199479217560535,1.2494298028370923,102.41665078937149,-20.539417518923642,0.37898021668946186,0.35438434509300454,1.1507220721784796e-12,3.796935020570183e-5,1.2679106851129141e-5,true
