r,tau,Dtau,Sr,E,nur,Pi,piR,piEta,piPhi,D,T,mu,alpha,phi,ur,v,n,e,P,ok
0.024999999999999994,1.4047980430537699,0.38996113563853874,0.0,24.837599272085043,-1.1603160098354401e-6,-0.0024348795703835434,1.0324148145364935,-2.0778268010223964,1.0454119864859028,0.2775923112697649,0.3449317746346647,1.5985169973218305,4.634299055269419,0.28561299528341516,0.0,0.0,0.27759231126976486,24.837599272085136,8.177252472821825,true
0.07499999999999998,1.4047980430537699,0.389545744671843,0.06546388511374418,24.801094491818723,-3.5152162108787623e-6,-0.002437311052474394,1.0254882196574582,-2.0692417996747516,1.0437535800172935,0.27729661683258255,0.3448039329552597,1.5983483186273026,4.635528095425459,0.2852296891870543,0.0019260188805330992,0.0019260153082125938,0.27729610928170484,24.80096840737397,8.165140580118559,true
0.125,1.4047980430537699,0.38932489519356595,0.10903004619494475,24.789685273682466,-5.819848141621646e-6,-0.002437542936556597,1.0319176228666436,-2.0691154353598296,1.037197812493186,0.27713940599407866,0.3447637904434336,1.5982143277606706,4.635679186915351,0.2848742544405485,0.0032086244075777695,0.003208607890877055,0.2771379980660208,24.789335439016046,8.161317741545338,true
0.175,1.4047980430537699,0.3889438788455557,0.15377378028456856,24.771570919143976,-8.151736606618036e-6,-0.002437838072691375,1.033004167542574,-2.0681356061538243,1.0351314386112502,0.276868180994945,0.3447002224822499,1.5979743004269502,4.635837740166346,0.28423045312074124,0.004528479021721957,0.004528432589399648,0.2768653790680015,24.770874564946084,8.155259101840679,true
0.22499999999999998,1.4047980430537699,0.38845916943159703,0.19766140654872527,24.750625844254046,-1.0432284121867112e-5,-0.0024381252354393514,1.0330543410776956,-2.0669828359758533,1.0339284948981577,0.2765231424918268,0.34462672337016875,1.5976570287238712,4.635905808754719,0.2833704472156568,0.005825751147800212,0.005825652289135992,0.27651851087358464,24.749474337628673,8.148247160762848,true
0.275,1.4047980430537699,0.3878592178420921,0.2415825938434426,24.7249994145578,-1.2741850405687291e-5,-0.0024384684101249714,1.032491639060032,-2.065491596167883,1.0329999571078508,0.27609606929616604,0.3445367221300356,1.59726222930713,4.635970933467837,0.2822985854913342,0.007127621795228167,0.007127440749868227,0.27608914712458893,24.72327754893407,8.139665353751507,true
0.325,1.4047980430537699,0.3871477592208884,0.28529024074758247,24.69466636124763,-1.5047968478525634e-5,-0.0024388586338074322,1.0316966370820875,-2.0637295867436616,1.032032949661574,0.27558962025552164,0.3444300807777905,1.5967931075523554,4.636044284943069,0.2810239667040045,0.008427517564321908,0.008427218306252126,0.2755799609768037,24.69226215810837,8.129505352679839,true
0.375,1.4047980430537699,0.38632218830463516,0.328833198156995,24.659373420416955,-1.7355716410699904e-5,-0.002439300221524658,1.0307120714044287,-2.061679612016431,1.0309675406120025,0.27500194082335316,0.3443058624753118,1.5962484065002895,4.636134845408702,0.27954332757604716,0.009727719300466103,0.009727259073275056,0.27498909904857627,24.656174774706717,8.117683313853522,true
0.42500000000000004,1.4047980430537699,0.38538186047017153,0.3721627720401184,24.619124326491836,-1.9642461977671175e-5,-0.0024397905562572146,1.0295723791890452,-2.0593457694808466,1.0297733902918014,0.2743325721271814,0.3441640315705245,1.5956271358022338,4.636240250095005,0.277853369411842,0.011027565899294706,0.011026895444683977,0.2743161098212684,24.615020526516258,8.10420112694495,true
0.475,1.4047980430537699,0.384326886513091,0.4152600747319696,24.573921793202928,-2.190973696715664e-5,-0.002440327587584102,1.0282819137599337,-2.056725843410987,1.0284439296510532,0.27358159303641666,0.34400453509539464,1.5949289317812299,4.636360190248498,0.27595255904084365,0.012327281971922116,0.012326345440181711,0.27356107846499045,24.56880315407436,8.089060023080132,true
0.525,1.4047980430537699,0.3831587326426661,0.45809841181465183,24.523794843665144,-2.4171050021760825e-5,-0.0024409080110626945,1.0268449139202476,-2.0538206047410945,1.026975690820847,0.27275004726640295,0.34382739958641184,1.5941544525949862,4.6364962609512395,0.27384220311773905,0.013626845825902607,0.01362558081125833,0.272725056502071,24.51755298673557,8.072269749908205,true
0.5750000000000001,1.4047980430537699,0.3818793579710179,0.5006532390042328,24.468773887983268,-2.646343400320308e-5,-0.002441527900624043,1.0252633059719745,-2.0506308879141675,1.025367581942193,0.27183932940345157,0.3436326462593009,1.5933047493680343,4.636651280698594,0.2715246947102568,0.014926292982986769,0.014924630514854991,0.2718094472595267,24.46130182337518,8.053840417330026,true
0.625,1.4047980430537699,0.3804904029921996,0.5428992751270649,24.408892795201982,-2.8838915258967347e-5,-0.0024421824810402677,1.0235389027780215,-2.047158046908838,1.0236191441308167,0.2708506072268468,0.3434203031746204,1.5923805229239263,4.636826967432504,0.26900134345566973,0.016225628121002006,0.016223492673908952,0.2708154285153888,24.40008507278943,8.033783424105737,true
0.675,1.4047980430537699,0.37899266921751495,0.5848114906873736,24.34418740771958,-3.135228771068576e-5,-0.0024428661437391093,1.021673277666475,-2.043403653036852,1.0217303753703768,0.2697844512892795,0.3431904027961371,1.5913816535494534,4.637022599069503,0.2662710052639093,0.017524854487604536,0.01752216398606612,0.26974358193387316,24.333940244878967,8.012111091021616,true
0.725,1.4047980430537699,0.37738650417955066,0.6263649406332827,24.274695965985273,-3.4004564260677904e-5,-0.002443572597709092,1.0196679126013841,-2.039369458266087,1.019701545664703,0.2686411089804642,0.3429429815777995,1.5903075380137395,4.637235993858544,0.2633310575368997,0.018823967983919457,0.018820633810897745,0.26859416611648557,24.262907380805757,7.988836703934709,true
0.775,1.4047980430537699,0.3756727891257353,0.6675344644912502,24.2004592913547,-3.672901973306027e-5,-0.0024442951555610874,1.0175240331324515,-2.0350572502070188,1.0175332170745672,0.2674212076129409,0.3426780754002398,1.589157988223019,4.6374661885413015,0.26018001915904454,0.02012294746896942,0.02011887448299953,0.26736781900992085,24.187029249250628,7.963974320447127,true
0.8250000000000001,1.4047980430537699,0.3738530051948946,0.7082944775777791,24.121520744559987,-3.959797508592058e-5,-0.002445026868301673,1.0152423816527991,-2.0304687069053444,1.0152263252525453,0.2661258015295976,0.34239571918674466,1.587933305223691,4.6377136635800715,0.25681777048074506,0.02142174772402447,0.02141683428844055,0.2660656090014654,24.10635131910643,7.937538741795851,true
0.8750000000000001,1.4047980430537699,0.37192876274971565,0.7486193886162755,24.037926430252675,-4.261803459713671e-5,-0.002445760477762949,1.0128232097050107,-2.0256053793484625,1.0127821696434518,0.26475603706082307,0.3420959503446805,1.5866338466555188,4.6379790379187416,0.2532442917498158,0.022720310837667894,0.022714448852584727,0.2646886961103225,24.020921953440087,7.9095457022869615,true
0.9249999999999999,1.4047980430537699,0.3699017921358217,0.7884843949699549,23.949725964925776,-4.5783780893711854e-5,-0.002446488342822257,1.0102666076202613,-2.0204688479158324,1.010202240295571,0.26331314594639094,0.34177881164274326,1.5852600173630522,4.638263003325387,0.24945963429755663,0.024018588494640572,0.024011663417863958,0.26323832611854947,23.93079314302369,7.880012116087542,true
0.975,1.4047980430537699,0.3677739272186427,0.8278661291029275,23.85697307379247,-4.908615501867869e-5,-0.002447202380747991,1.0075729396237905,-2.015060937141961,1.0074879975181705,0.2617984336162446,0.34144435355227837,1.583812253218143,4.638566245833807,0.24546387235924944,0.025316559982282497,0.025308450831384038,0.2617158188196711,23.83602106456928,7.848956267699865,true
1.025,1.4047980430537699,0.36554708743583547,0.8667428339907861,23.759725492614038,-5.252001322542983e-5,-0.0024478940537478143,1.0047431154207844,-2.009383849171616,1.0046407337508314,0.26021326641458303,0.34109263415802765,1.5822910073546366,4.638889406862899,0.2412570636647383,0.026614236799874538,0.026604816138020876,0.260122555315388,23.73666595887697,7.816397775897724,true
1.0750000000000002,1.4047980430537699,0.36322326499071855,0.9050940293402224,23.65804432317057,-5.608646721278687e-5,-0.002448554399445916,1.0017785946050006,-2.0034401625736606,1.00166156796866,0.2585590624835572,0.3407237171389627,1.5806967440465192,4.639233092781266,0.23683923362930248,0.02791165257559823,0.027900786493281274,0.2584599689841364,23.63279148790176,7.78235738246951,true
1.125,1.4047980430537699,0.3608045180317188,0.9428999782837006,23.551993241821787,-5.9790937209855264e-5,-0.0024491740848842786,0.9986811888362992,-1.9972327288602592,0.99855154002396,0.256837286908086,0.34033766921152053,1.5790299388740627,4.639597910311516,0.23221037817281834,0.029208847175608343,0.029196395279993848,0.2567295406656878,23.524463961346452,7.746856695880449,true
1.1750000000000003,1.4047980430537699,0.35829296755123674,0.9801412659698325,23.441637936734224,-6.363968853768596e-5,-0.0024497434580196473,0.9954528222833245,-1.9907645477687268,0.9953117254854023,0.25504944950832537,0.33993455836516734,1.5772910810585778,4.639984497734435,0.22737047221762482,0.030505853956068685,0.030491669372975004,0.2549327964347984,23.41175179331355,7.709918010731997,true
1.225,1.4047980430537699,0.3556907967618522,1.0167986299604115,23.327045886527436,-6.7637610993626e-5,-0.0024502525825464416,0.992095370001836,-1.9840386817853848,0.9919433117835488,0.253197104395623,0.3395144532899124,1.5754806762843903,4.64039354147637,0.22231947875260874,0.03180269424438179,0.03178662363071798,0.25307130711295345,23.29472529116878,7.671564237409622,true
1.275,1.4047980430537699,0.3530002506133792,1.0528530004830126,23.208286381881194,-7.178765539177261e-5,-0.0024506912562829684,0.9886106039853975,-1.9770582250882223,0.9884476211028248,0.2512818496287354,0.3390774236615625,1.573599248398365,4.640825777799334,0.217057354050871,0.03309937789811726,0.033081261459465265,0.2511466878749234,23.173456676493977,7.6318189091214945,true
1.3250000000000002,1.4047980430537699,0.3502236340881735,1.0882856362219864,23.085430629450244,-7.60913363025391e-5,-0.0024510490209347577,0.9850002125298138,-1.9698263097445128,0.9848260972146989,0.24930532600034977,0.33862354072692746,1.5716473395811188,4.641281985910499,0.21158404825403615,0.03439590668063915,0.034375578189452,0.24916059699146365,23.04802018147001,7.590706214417984,true
1.375,1.4047980430537699,0.3473633095420079,1.1230782616247659,22.95855183076621,-8.054947723544782e-5,-0.002451315170848678,0.9812658452509131,-1.962346125268802,0.9810802800178888,0.24726921514419584,0.3381528778108144,1.5696255098108312,4.641762980024041,0.2058995039805173,0.03569227773857918,0.03566956455090751,0.24711473389778021,22.918492118217653,7.5482510209365135,true
1.4250000000000003,1.4047980430537699,0.3444216936767266,1.1572131657125349,22.827725201143267,-8.516266423348685e-5,-0.002451478764660092,0.9774091527855164,-1.9546209359477573,0.9772117831622409,0.24517523738004207,0.3376655106189486,1.5675343363517984,4.6422696042556195,0.20000365517937088,0.036988486011750574,0.036963209082350505,0.24501083699828277,22.78495088894638,7.504478879495235,true
1.475,1.4047980430537699,0.34140125465608384,1.1906732612067774,22.693027938938204,-8.993140482854542e-5,-0.002451528640397785,0.9734318115135292,-1.9466540909688272,0.973222279455298,0.24302514966061667,0.33716151737083905,1.5653744137041523,4.642802731197878,0.19389642748655667,0.03828452552520742,0.03825649942171836,0.24285068157151238,22.647476948009576,7.459416012104081,true
1.525,1.4047980430537699,0.3383045095031756,1.2234421175545012,22.55453916688991,-9.485617159340679e-5,-0.0024514534332086627,0.9693355355983863,-1.938449028396033,0.9691134927976467,0.24082074371897932,0.33664097883839245,1.5631463540423616,4.6433632632489585,0.18757774012021144,0.03958038994763153,0.039549422864539094,0.24063607787661814,22.50615273723264,7.413089290984132,true
1.5750000000000002,1.4047980430537699,0.3351340214511417,1.2555039810304867,22.4123398607196,-9.99374003193463e-5,-0.0024512415948425882,0.9651220813787272,-1.9300092754109153,0.964887194032188,0.238563844182629,0.3361039783450239,1.5608507877396198,4.643952134768679,0.18104750809332612,0.04087607279858769,0.04084196657139503,0.23836886922732992,22.36106260909636,7.365526213546904,true
1.625,1.4047980430537699,0.33189239679120053,1.2868437897932767,22.266512771760258,-0.00010517536244871757,-0.0024508814143591427,0.9607932480130388,-1.9213384466912722,0.9605451986782334,0.23625630632978967,0.3355506017508009,1.5584883634667501,4.64457031319578,0.174305643207241,0.04217156753830402,0.042134117658049586,0.2360509297037263,22.212292744113775,7.31675487557054,true
1.6750000000000003,1.4047980430537699,0.3285822811411651,1.3174471867437285,22.117142346340028,-0.00011056996643851823,-0.0024503610396111423,0.9563508768474952,-1.9124402421155646,0.9560893652680694,0.23390001343316816,0.33498093743315654,1.5560597477435507,4.64521879861911,0.16735205344255477,0.043466867623982205,0.04342586325211888,0.23368416144795096,22.059931064966843,7.266803943449714,true
1.725,1.4047980430537699,0.32520635567468115,1.3473005301117078,21.964314643512324,-0.00011612073157745976,-0.002449668499204423,0.9517968506153882,-1.903318444336455,0.9515215937210668,0.2314968740757518,0.3343950762657105,1.5535656244706013,4.645898623328225,0.16018664230581564,0.044761966525852834,0.044717190509554604,0.23127049193867846,21.904067149033914,7.215702625917573,true
1.775,1.4047980430537699,0.32176733391215706,1.376390902184764,21.80811725206757,-0.00012182690587604408,-0.0024487917248440516,0.9471330925056417,-1.8939769162536617,0.94684382374802,0.22904881986644476,0.333793111594841,1.551006695057378,4.646610853192184,0.1528093099754858,0.0460568577139653,0.04600808660193586,0.2288118716719835,21.744792140241945,7.163480645392964,true
1.8250000000000002,1.4047980430537699,0.3182679586739953,1.4047061173955888,21.64863920626557,-0.000127687409936059,-0.0024477185741564877,0.9423615649095834,-1.884419598289821,0.9420580333802376,0.22655780327123742,0.3331751392134181,1.5483836787395604,4.647356589675589,0.14521995504762986,0.04735153465708641,0.04729853871584109,0.22631027195042047,21.582198659587796,7.1101682088446365,true
1.875,1.4047980430537699,0.31471099825951543,1.4322347294320772,21.485970899321515,-0.00013370067951330155,-0.002446436854110695,0.9374842678489176,-1.8746505054646359,0.9371662376157183,0.22402579489318777,0.3325412573330214,1.5456973121039546,4.6481369695310475,0.13741847393747977,0.04864599082520976,0.04858853405581739,0.2237676821164598,21.416380713394794,7.055795978107761,true
1.9250000000000003,1.4047980430537699,0.3110992423359953,1.4589660366146182,21.32020399609013,-0.00013986472298594375,-0.0024449343449426675,0.9325032372951614,-1.8646737243843152,0.9321704870891538,0.22145478054605156,0.3318915665572077,1.5429483482982116,4.648953163539501,0.12940475934271334,0.04994021966742946,0.04987805982280168,0.22118610659015228,21.24743360083673,7.000395040031002,true
1.975,1.4047980430537699,0.30743549839555107,1.4848900864231764,21.151431346288135,-0.00014617727528117513,-0.002443198824395691,0.9274205435382448,-1.8544934102317434,0.9270728666934986,0.21884675873212595,0.3312261698554235,1.5401375568144908,4.649806376974209,0.12117870043906982,0.05123421459163393,0.05116710319437902,0.21856756231660354,21.07545382200404,6.943996876654856,true
2.0250000000000004,1.4047980430537699,0.3037225884495708,1.5099976798932637,20.979746897419197,-0.0001526357593667137,-0.002441218092252454,0.9222382896899987,-1.8441137837890607,0.921875494099062,0.21620373828919517,0.3305451725356455,1.5372657235012617,4.650697850792194,0.1127401837860542,0.05252796897268824,0.052455651333435833,0.2159140763738117,20.900538985608723,6.886633335212282,true
2.075,1.4047980430537699,0.29996334546875136,1.534280374910713,20.80524560685184,-0.00015923718484617887,-0.002438979995104791,0.9169586103282938,-1.8335391284978542,0.9165805181695603,0.2135277358563846,0.3298486822163519,1.5343336502802447,4.651628861969671,0.10408909336713626,0.05382147615779205,0.05374369139399238,0.21322768339673234,20.722787715870975,6.828336597927481,true
2.125,1.4047980430537699,0.2961606097628904,1.557730487963986,20.628023353437804,-0.0001659781737326173,-0.002436472451396249,0.9115836700098452,-1.8227737874351986,0.9111901174253534,0.21082077329712978,0.32913680879792306,1.5313421547724622,4.652600723587392,0.09522531037148446,0.05511472945306325,0.05503121050833972,0.2105104229658271,20.54229955903961,6.769139151708807,true
2.1750000000000003,1.4047980430537699,0.29231722541878535,1.580341095038567,20.44817684893455,-0.0001728550062406633,-0.0024336834767375547,0.9061156616016227,-1.8118221601811266,0.9057064985795039,0.20808487516350893,0.32840966443315156,1.5282920699455798,4.653614785007847,0.0861487130545108,0.05640772211439289,0.05631819577844519,0.20776433703917513,20.35917488974766,6.709073757773911,true
2.225,1.4047980430537699,0.2884360368129937,1.6021060317716604,20.265803549576574,-0.0001798636478097786,-0.0024306012093578654,0.9005568046704784,-1.8006886996942764,0.900131895023798,0.2053220662138647,0.3276673634977225,1.5251842437919265,4.65467243216161,0.07685917670620121,0.05770044734575555,0.057604634274789235,0.20499146743803212,20.173514817547193,6.648173421318378,true
2.2750000000000004,1.4047980430537699,0.284519885213226,1.623019892681762,20.08100156781158,-0.00018699973889300231,-0.0024272139356590373,0.8949093439479284,-1.7893779092070616,0.8944685652591332,0.2025343689935193,0.326910022560322,1.522019539047997,4.655775087982049,0.06735657376161917,0.05899289829847463,0.05889051303615612,0.20219385339451426,19.985421093663952,6.586471361238345,true
2.325,1.4047980430537699,0.28057160537591963,1.6430780293925258,19.89386958413145,-0.00019425857109660818,-0.00242351011579069,0.8891755478351312,-1.7778943391266993,0.888718791291568,0.1997238014127704,0.32613776035227926,1.5187988328473618,4.6569242126603925,0.057640773724134814,0.06028506806862868,0.060175819067578434,0.19937352909687955,19.79499601792109,6.524000979914421,true
2.3750000000000004,1.4047980430537699,0.27659402223171714,1.6622765477900292,19.70450675923697,-0.0002016351170013635,-0.0024194784092355613,0.8833577068788048,-1.7662425839122438,0.882884877033439,0.19689237438746224,0.32535069773675984,1.5155230164102291,4.658121304034927,0.047711643215189135,0.06157694968958015,0.06146053933343695,0.19653252130169815,19.602342346088726,6.460795833116925,true
2.4250000000000003,1.4047980430537699,0.2725899476376994,1.680612304320725,19.513012646368672,-0.00020912407391308603,-0.0024151077003589302,0.8774581321235775,-1.7544272788794624,0.8769691467558849,0.19404208952707502,0.32454895767643044,1.512192994740305,4.65936789804124,0.03756904606195407,0.06286853612763665,0.06274466075368716,0.1936728469958569,19.407563197475895,6.396889599977758,true
2.475,1.4047980430537699,0.2685621771765837,1.698082901447433,19.319487104132776,-0.0002167198563761957,-0.002410387123857771,0.8714791534729166,-1.742453097000837,0.8709739435279203,0.19117493685624692,0.32373266520070004,1.5088096862913012,4.660665569092033,0.02721284330649664,0.06415982028022225,0.06402817020258873,0.19079651109034673,19.21076196310117,6.332316053147988,true
2.5250000000000004,1.4047980430537699,0.26451348698568716,1.7146866821780153,19.124030210173483,-0.00022441656796148325,-0.002405306090014405,0.8654231181583213,-1.730324745757319,0.8649016275989977,0.1882928925574839,0.32290194737380246,1.5053740225745396,4.662015930278261,0.016642893046161802,0.06545079497173435,0.06531105450514087,0.18790550413526322,19.012042214814862,6.267109029269676,true
2.575,1.4047980430537699,0.26044663069937646,1.7304227236984149,18.926742175535182,-0.00023220802856809206,-0.002399854309724319,0.8592923892053393,-1.7180469639871392,0.8587545747817998,0.18539791679465462,0.32205693326210083,1.5018869478122312,4.663420633736038,0.0058590504266385,0.06674145294854071,0.06659330043267236,0.1850018001204347,18.81150761522073,6.20130239968727,true
2.6250000000000004,1.4047980430537699,0.25636433648614476,1.7452908301426564,18.727723259615544,-0.00024008781703253862,-0.0023940218192639827,0.8530893438128812,-1.705624518689373,0.8525351748764919,0.18249195160384502,0.32119775389988614,1.4983494186092796,4.664881371107903,-0.005138832294683023,0.06803178687449458,0.0678748946989565,0.182087354346043,18.609261828300873,6.134930041372356,true
2.6750000000000003,1.4047980430537699,0.2522693041526774,1.7592915245108003,18.527073686050258,-0.00024804928283190614,-0.0023877990047077545,0.846816371731555,-1.6930622018284058,0.8462458300968508,0.179576918831899,0.32032454225495033,1.4947624035976788,4.6663998739377845,-0.016350905757800394,0.06932178932562923,0.06915582395552167,0.17916410134063387,18.405408431095115,6.068025808187519,true
2.725,1.4047980430537699,0.24816420234508266,1.772426039808465,18.324893559782513,-0.0002560855421196326,-0.0023811766259229095,0.840475873693112,-1.680364827170194,0.839888953477082,0.1766547181441254,0.31943743319444945,1.4911268830856967,4.667977914091273,-0.02777732348263008,0.07061145278532008,0.07043607478743784,0.1762339528487536,18.200050826687765,6.000623502565437,true
2.7750000000000004,1.4047980430537699,0.24405166584197258,1.784696309462983,18.12128278517004,-0.00026418948331382035,-0.002374145840097607,0.8340702598607206,-1.6675372271348845,0.8334669672741639,0.1737272250973881,0.31853656345004316,1.487443848706073,4.66961730419796,-0.03941824184304721,0.07190076964217249,0.07171563371181916,0.1732987958860972,17.993292158354237,5.932756847554826,true
2.825,1.4047980430537699,0.23993429292585167,1.7961049568987595,17.91634098520216,-0.00027235378572566517,-0.0023666982247590625,0.8276019482738158,-1.6545842496548053,0.8269823013809895,0.1707962892689394,0.31762207158241473,1.4837143030417619,4.671319898046746,-0.05127382010041578,0.07318973218522325,0.07299448717366913,0.17036049085299979,17.785235224963703,5.864459459268857,true
2.8750000000000004,1.4047980430537699,0.23581464284565,1.8066552843145791,17.710167421972336,-0.00028057094136535953,-0.002358825800211097,0.8210733632691727,-1.6415107550320749,0.8204373917629022,0.1678637324501341,0.3166940979453765,1.479939259238857,4.673087590960149,-0.06334422046792657,0.07447833259684193,0.07427262153945675,0.16742086971478198,17.57598239778858,5.795764819783163,true
2.9250000000000003,1.4047980430537699,0.23169523339493933,1.8163512607815908,17.50286091855859,-0.0002888332726400617,-0.002350521051328023,0.8144869339052483,-1.6283216128115043,0.813834678906256,0.16493134692249212,0.31575278464967793,1.4761197406340365,4.674922320231522,-0.07562960812034712,0.07576656294672057,0.07555002309178806,0.1644817342658262,17.365635538864165,5.726706250524951,true
2.975,1.4047980430537699,0.22757853860460392,1.8251975097067734,17.294519782382345,-0.00029713294500928163,-0.0023417769486349972,0.8078450924156695,-1.615021698682996,0.8071766062673265,0.16200089381523516,0.3147982755264978,1.4722567803929987,4.676826065615067,-0.0881301511598213,0.07705441518776325,0.07682667802597576,0.1615448544764009,17.15429592097066,5.657316886177648,true
3.0250000000000004,1.4047980430537699,0.22346698653795113,1.833199295640727,17.085241730065363,-0.000305461978724941,-0.0023325869686222633,0.8011502726862089,-1.6016158914122265,0.8004656187260176,0.15907410153574492,0.3138307160904917,1.4683514211421815,4.678800849814806,-0.10084602059376731,0.07834188115217787,0.07810257244682167,0.15861196691400656,16.94206414926855,5.587629649114508,true
3.075,1.4047980430537699,0.2193629571841011,1.8403625104208392,16.875123813848834,-0.00031381226192552013,-0.0023229451132363646,0.7944049087407437,-1.5881090697947904,0.7937041610540467,0.15615266426998062,0.31285025350240664,1.4644047145848929,4.680848738943495,-0.11377739035405106,0.07962895254629002,0.07937769236414524,0.1556847732364722,16.72904008465859,5.517677224385938,true
3.1250000000000004,1.4047980430537699,0.2152687804554434,1.8466936586859748,16.664262349680282,-0.00032217556491925386,-0.002312845928499379,0.787611433235006,-1.5745061096357866,0.7868946764007806,0.1532382405569765,0.3118570365314172,1.4604177211060183,4.682971842961422,-0.12692443734548886,0.08091562094413131,0.08065202368711337,0.15276493876092484,16.51532276897762,5.447492035296106,true
3.1750000000000003,1.4047980430537699,0.21118673429918378,1.8521998428201676,16.452752847056768,-0.0003305435561198368,-0.0023022845221908478,0.7807722759620087,-1.5608118807589124,0.7800396047969037,0.15033245194455358,0.3108512155172045,1.4563915093769064,4.6851723161310925,-0.140287341487587,0.08220187778085732,0.08192555221841896,0.14985409111576375,16.301010352115284,5.377106219594436,true
3.225,1.4047980430537699,0.20711904293008593,1.8568887473762092,16.240689940667103,-0.0003389078201787422,-0.002291256580542706,0.7738898623716314,-1.5470312440476452,0.7731413816760139,0.14743688173130398,0.30983294233164227,1.4523271559699087,4.6874523575203035,-0.1538662857194273,0.08348771434702072,0.08319826364932419,0.14695381898071053,16.086200021095976,5.306551606294764,true
3.2750000000000004,1.4047980430537699,0.20306787518287672,1.8607686229968836,16.02816732388865,-0.0003472598761644015,-0.0022797583838955644,0.7669666121104604,-1.5331690485230287,0.7662024364125684,0.1445530737937568,0.3088023703400809,1.4482257449798628,4.6898142115455475,-0.16766145597625678,0.08477312178320516,0.08447014355507765,0.14406567091367398,15.870987931181864,5.235859693141222,true
3.325,1.4047980430537699,0.19903534297575734,1.8638482698446484,15.815277684208233,-0.0003555911925020943,-0.0022677868212656258,0.7600049375851178,-1.519230128461726,0.7592251908766082,0.14168253149263468,0.307759654362407,1.444088367638351,4.692260168507477,-0.18167304118365532,0.08605809107402354,0.08574117738971998,0.14119115425807768,15.655469139076404,5.165061624749572,true
3.3750000000000004,1.4047980430537699,0.19502349988060694,1.8661370205731131,15.60211264061971,-0.00036389319917465865,-0.0022553394037675804,0.753007242544762,-1.505219300554337,0.752212058009575,0.13882671665505888,0.30670495063390796,1.4399161219124066,4.694792565090131,-0.19590123329737608,0.08734261304153772,0.0870113504803359,0.13833173412748978,15.439737538278871,5.094188171441974,true
3.4250000000000003,1.4047980430537699,0.19103433980667922,1.8676447228884818,15.388762683031764,-0.0003721573012581443,-0.0022424142768522025,0.7459759206797945,-1.4911413611040576,0.7451654404242631,0.1359870486375437,0.3056384167658098,1.4357101120976143,4.6974137848571,-0.21034622735808334,0.08862667833895983,0.08828064802160486,0.13548883247268934,15.22388579662163,5.023269708783712,true
3.475,1.4047980430537699,0.18706979580636618,1.8683817217311032,15.175317113738572,-0.0003803748950853438,-0.002229010231316414,0.7389133542433157,-1.4770010832703155,0.7380877290269998,0.13316490347588414,0.30456021170548037,1.4314714484194653,4.700126258789656,-0.22500822151648642,0.08991027744452589,0.08954905507054177,0.1326638272373393,15.008005296046973,4.952336197838317,true
3.5250000000000004,1.4047980430537699,0.18313173900065885,1.8683588410950946,14.961863991016603,-0.00038853738385575057,-0.0022151267130481565,0.7318219127008252,-1.4628032143619123,0.7309813016610871,0.1303616131202493,0.3034704956964314,1.4272012466399033,4.7029324658551515,-0.23988741703878505,0.09119340065473323,0.09081655654062985,0.1298580516002942,14.792186074686642,4.881417166162788,true
3.575,1.4047980430537699,0.17922197761594683,1.867587365522322,14.748490074881667,-0.0003966361912821178,-0.0022007638314586464,0.7247039514044045,-1.448552473179586,0.7238485217751816,0.12757846474953194,0.3023694302381717,1.422900627656229,4.70583493356267,-0.2549840183349255,0.09247603807712394,0.09208313719552692,0.12707279329841784,14.576516771278193,4.8105416895563895,true
3.6250000000000004,1.4047980430537699,0.17534225613148702,1.8660790213160912,14.535280775023065,-0.0004046627759263766,-0.0021859223665663223,0.7175618102889358,-1.4342535474081117,0.7166917371191759,0.1248167001644774,0.3012571780458294,1.4185707170924866,4.708836238506766,-0.27029823301048705,0.09375817962335045,0.09334878164307374,0.12430929402963958,14.361084571934068,4.7397383745683435,true
3.6750000000000003,1.4047980430537699,0.17149425454326322,1.8638459575015784,14.322320100947817,-0.0004126086470715724,-0.002170603774698781,0.7103978125937874,-1.419911091060815,0.7095132784670276,0.12207751526366493,0.3001339030095043,1.4142126448944872,4.711939006936192,-0.28583027190632376,0.09503981500230468,0.09461347432938821,0.12156874894032674,14.145975159294386,4.669035341772953,true
3.725,1.4047980430537699,0.16767958774481084,1.8609007265567592,14.109690614370777,-0.0004204653792411711,-0.0021548101927871995,0.7032142636110871,-1.405529721978567,0.7023154583674799,0.11936205960275015,0.2989997701534096,1.4098275449314983,4.71514591535689,-0.30158034911610926,0.0963209337128243,0.09587719953256633,0.1188523061970715,13.931272664101085,4.598460209824514,true
3.7750000000000004,1.4047980430537699,0.16389980501932297,1.8572562649538333,13.89747338387463,-0.0004282246242275249,-0.0021385444412296978,0.696013449461662,-1.3911140193852685,0.6951005699236065,0.11667143603292275,0.2978549455948412,1.4054165545974564,4.718459691145037,-0.31754868200577485,0.09760152503636334,0.09713994135637279,0.11616106663868755,13.717059619214016,4.528040080300283,true
3.825,1.4047980430537699,0.16015638963824225,1.8529258735465242,13.685747941865088,-0.0004358781227439204,-0.002121810025295816,0.6887976359046137,-1.3766685215040535,0.6878708855994398,0.11400670041516574,0.29669959650304445,1.4009808144061429,4.721883113149995,-0.33373549125416857,0.09888157802976194,0.09840168372405506,0.1134960835051305,13.503416916092892,4.457801523340504,true
3.8750000000000004,1.4047980430537699,0.1564507585646053,1.8479231978246209,13.474592243836167,-0.00044341771679754156,-0.00210461113505658,0.6815690671800356,-1.3621977232351448,0.6806286560551091,0.11136886140908228,0.2955338910579967,1.3965214675800275,4.72541901228502,-0.3501410009171012,0.10016108151758003,0.09966241037175384,0.11085836224218981,13.29042376375966,4.387770564090605,true
3.9250000000000003,1.4047980430537699,0.1527842622614598,1.8422622080649425,13.264082629939317,-0.00045083536193865663,-0.0020869526438262384,0.6743299648763178,-1.3477060738922098,0.673376109015892,0.10875888033651814,0.29435799840899557,1.392039659636381,4.7290702721188245,-0.36676543850394533,0.10144002408405306,0.10092210484156845,0.10824886038200889,13.078157650231962,4.317972669942194,true
3.975,1.4047980430537699,0.14915818460672003,1.835957179417382,13.054293788865259,-0.0004581231391349939,-0.0020688401051045906,0.6670825268229165,-1.3331979749987148,0.6661154481757984,0.10617767112095192,0.29317208863303007,1.3875365379772697,4.732839829490316,-0.3836090350452947,0.10271839406508684,0.1021807504746897,0.10566848750031799,12.866694306433624,4.248432738574272,true
4.0249999999999995,1.4047980430537699,0.1455737429133769,1.8290226719590692,12.845298724071306,-0.0004652732665935479,-0.0020502797480099547,0.6598289260191936,-1.3186777781506471,0.6588488521314535,0.10362610030188157,0.2919763326930942,1.383013251486313,4.7367306751538765,-0.40067202514203654,0.10399617954020876,0.10343833040451869,0.10311810524958658,12.656107672612599,4.1791750868048965,true
4.075,1.4047980430537699,0.14203208804968342,1.8214735107449331,12.637168722360201,-0.0004722781110175982,-0.002031278471198366,0.6525713096018354,-1.3041497829478574,0.651578473346022,0.10110498712037785,0.2907709023965003,1.378470950126944,4.7407458544364145,-0.4179546470139463,0.10527336832433147,0.10469482754963123,0.10059852746413009,12.446469867267297,4.110223440254854,true
4.125,1.4047980430537699,0.1385343046538746,1.813324765882489,12.429973324782395,-0.00047913019756373715,-0.002011843835275317,0.6453117978434506,-1.2896182349910965,0.6443064371476459,0.09861510367193191,0.2895559703530994,1.3739107845366103,4.74488846788824,-0.4354571425677393,0.10654994795946744,0.10595022460672446,0.09811052033319381,12.237851158552948,4.041600923815195,true
4.175,1.4047980430537699,0.13508141144113112,1.8045917326593766,12.223780299843497,-0.000485822218659175,-0.001991984053699082,0.6380524831781611,-1.2750873239433815,0.6370348407652204,0.09615717512496617,0.2883317099333199,1.3693339056174836,4.749161671930424,-0.4531797574839565,0.10782590570656687,0.10720450404371616,0.09565480264031109,12.03031993814312,3.9733300529107365,true
4.225,1.4047980430537699,0.13167436160167512,1.7952899117545238,12.018655619020926,-0.0004923470424978923,-0.0019717079821861654,0.6307954292595953,-1.2605611816591962,0.6297657523996009,0.09373188000421721,0.28709829522609365,1.3647414641270887,4.753568679508658,-0.4711227413119726,0.1091012285375249,0.10845764809304179,0.09323204606815161,11.823942697547617,3.905432725560004,true
4.2749999999999995,1.4047980430537699,0.128314043287942,1.7854349895572357,11.814663434597918,-0.0004986977216247324,-0.0019510251066326874,0.6235426700612489,-1.2460438803872411,0.6225012103259923,0.09133985053752716,0.28585590099680036,1.360134610270813,4.758112760757866,-0.48928634756696027,0.11037590312698281,0.10970963874478107,0.0908428755673825,11.618784006892074,3.837930215233694,true
4.325,1.4047980430537699,0.12500128018766538,1.775042818607488,11.611866059811856,-0.0005048675010153683,-0.00192994552957481,0.6162962090223568,-1.2315394310491727,0.6152432220268159,0.08898167306379202,0.2846047026453419,1.355514493296054,4.762797243674567,-0.5076708338301623,0.11164991584288524,0.11096045773859568,0.08848786978717416,11.41490649615438,3.7708431645107288,true
4.375,1.4047980430537699,0.12173683217858451,1.7641293981822734,11.410323951290042,-0.00051084982476282,-0.001908479955212157,0.6090580182291145,-1.217051781590117,0.6079937633610024,0.08665788849901247,0.2833448761643352,1.3508822610854088,4.76762551478757,-0.5262764618623472,0.11292325273571657,0.11221008655440756,0.08616756156412123,11.212370838827697,3.7041915795227687,true
4.425,1.4047980430537699,0.11852139606036796,1.7527108550763606,11.21009569372453,-0.0005166383415687177,-0.0018866396730218699,0.6018300376187213,-1.2025848153951317,0.6007547777764104,0.08436899285731099,0.2820765980972442,1.3462390597465603,4.7726010198210504,-0.5451034977401121,0.11419589952816549,0.11345850640353654,0.08388243846639493,11.011235737951163,3.637994825168553,true
4.475,1.4047980430537699,0.11535560636185808,1.7408034246218622,11.011237986742966,-0.0005222269106218732,-0.0018644365399932035,0.5946141742073218,-1.1881423497720403,0.5935281755647185,0.08211543782556562,0.28080004549628423,1.3415860332027876,4.777727264365919,-0.5641522120027886,0.11546784160685203,0.11470569822190006,0.08163294339186183,10.81155791445558,3.5722716210807377,true
4.5249999999999995,1.4047980430537699,0.11224003622411283,1.7284234319585579,10.81380563396005,-0.0005276096090657537,-0.0018418829615207653,0.5874123013558786,-1.1737281345075445,0.5863158331516659,0.07989763139199985,0.2795153958801342,1.336924322794271,4.7830078145949075,-0.583422879774613,0.11673906401543457,0.11595164266459942,0.07941947522056837,10.613392097805294,3.5070400383385203,true
4.575,1.4047980430537699,0.10917519835700916,1.7155872735462099,10.617851534213647,-0.0005327807399032318,-0.0018189918709973704,0.580226258086298,-1.1593458505033103,0.5791195924170123,0.07771593852713701,0.2782228271917366,1.3322550668941051,4.788446298031415,-0.602915780847464,0.11800955144660835,0.11719632009945212,0.07724238951984863,10.416791018945586,3.4423174969296513,true
4.625,1.4047980430537699,0.10616154606084138,1.7023113989251497,10.423426674978725,-0.0005377348373758096,-0.001795776708158437,0.5730578484468847,-1.144999108492563,0.5719412600456784,0.0755706819110211,0.27692251775642746,1.327579400526408,4.794046404323487,-0.6226311997684774,0.11927928823146139,0.1184397105979719,0.07510199929557568,10.221805405543494,3.3781207639599993,true
4.675,1.4047980430537699,0.10319947430164852,1.6886122927629321,10.230580127912088,-0.0005424666677799907,-0.0017722513962212423,0.5659088409140801,-1.1306914478313992,0.5647826069173191,0.07346214269868433,0.2756146462404444,1.3228984549651333,4.79981188594399,-0.6425694260107082,0.1205482583272543,0.11968179392484835,0.07299857578125263,10.02848397947165,3.3144659525968945,true
4.725,1.4047980430537699,0.1002893208339209,1.6745064572379929,10.039359046446892,-0.0005469712268251503,-0.001748430317870444,0.5587809678178148,-1.1164263353583588,0.557645367540544,0.07139056131934136,0.2742993916094839,1.318213357303737,4.80574655878369,-0.6627307542667471,0.12181644530636458,0.12092254952861253,0.07093234926044734,9.83687345643661,3.2513685217149018,true
4.775,1.4047980430537699,0.09743136737343816,1.6600103947899623,9.849808665370933,-0.0005512437375079318,-0.001724328290138459,0.5516759247930543,-1.102207164322875,0.5505312395298207,0.06935613831126962,0.27297693308702636,1.3135252300109779,4.811854302693846,-0.6831154848148765,0.12308383234775463,0.12216195653481439,0.06890350992490193,9.647018547676335,3.1888432762178076,true
4.825,1.4047980430537699,0.09462584082847979,1.6451405912321124,9.661972302376546,-0.0005552796524471305,-0.0016999605382460523,0.5445953702738389,-1.0880372533904046,0.5434418831165657,0.06735903519824159,0.2716474501125574,1.3088351905062197,4.8181390620964875,-0.7037239238379414,0.12435040222910473,0.1233999937398879,0.0669122087745618,9.458961963718384,3.1269043680313175,true
4.875,1.4047980430537699,0.09187291459318864,1.6299134992165838,9.475891361588605,-0.0005590746609223311,-0.0016753426684829459,0.5375409250391112,-1.0739198457292436,0.5363789206901324,0.06539937541020059,0.27031112229999626,1.3041443507792665,4.824604846751008,-0.7245563836007062,0.12561613731695856,0.12463663960311173,0.06495855856222536,9.272744420203576,3.0655652977668004,true
4.925,1.4047980430537699,0.08917270989436477,1.6143455220715628,9.291605339029696,-0.0005626246961956418,-0.001650490640211208,0.5305141718003543,-1.0598581081744536,0.5293439363740993,0.06347724524197078,0.2689681293964653,1.29945381704473,4.83125573264223,-0.7456131825182164,0.1268810195548257,0.12587187223661717,0.06304263477604018,9.08840464573086,3.0048389170436858,true
4.975,1.4047980430537699,0.08652529717363787,1.598452998049537,9.109151829933964,-0.0005659259376967954,-0.0016254207370669169,0.5235166548165122,-1.0458551304615344,0.5223384756450222,0.06159269483715108,0.26761865124121975,1.2947646893897091,4.838095862842777,-0.7668946452663373,0.12814503045158943,0.12710566939574258,0.06116447664632909,8.905979391620413,2.944737431441266,true
5.025,1.4047980430537699,0.08393069749096282,1.5822521850108473,8.92856653783403,-0.0005689748068872585,-0.0016001495374102018,0.5165498795363376,-1.0319139245293878,0.5153640449930502,0.05974573918718814,0.26626286772464464,1.2900780613792597,4.845129448216535,-0.7884011030701837,0.12940815107151152,0.1283380084709934,0.059324088166565134,8.725503443511997,2.88527240405601,true
5.075,1.4047980430537699,0.08138888394928187,1.5657592455432447,8.749883285386813,-0.0005717679609102841,-0.00157469388408224,0.509615312279472,-1.0180374238978567,0.5084221116183847,0.05793635914551643,0.2649009587474265,1.2853950196244406,4.8523607679729786,-0.8101328941590489,0.13067036202470875,0.12956886648050575,0.05752143912880299,8.54700963476164,2.826454759651814,true
5.125,1.4047980430537699,0.07889978314937322,1.5489902325181883,8.573134026911898,-0.0005743022889312959,-0.001549070853539572,0.5027143799615703,-1.004228483122284,0.5015141031607138,0.05616450246318663,0.2635331041799806,1.280716643350595,4.85979417020765,-0.8320903642513348,0.1319316434567951,0.13079822006174044,0.05575646618051956,8.370528861606783,2.768294789390331,true
5.175,1.4047980430537699,0.07646327667961415,1.531961075098219,8.398348862589522,-0.000576574912135182,-0.0015232977244708165,0.49584846985862735,-0.9904898773223544,0.49464140746372703,0.054430084849347596,0.2621594838220757,1.2760440039950223,4.867434072539817,-0.8542738669602119,0.13319197503794308,0.13202604546265623,0.05402907390626836,8.196090100042877,2.7108021561208577,true
5.225,1.4047980430537699,0.0740792026347719,1.5146875652110814,8.225556054251749,-0.0005785831846759944,-0.0014973919460146631,0.48901892940521646,-0.9768243017820724,0.4878053723768559,0.05273299105239176,0.2607802773625694,1.2713781648297988,4.875284962835474,-0.8766837641342886,0.1344513359520506,0.1332523185330336,0.052339135929620466,8.02372042433555,2.653985900206049,true
5.275,1.4047980430537699,0.07174735715351441,1.4971853444984613,8.054782042709318,-0.0005803246930057263,-0.0014713711056875828,0.48222706602635146,-0.9632343716202916,0.4810073055939401,0.05107307595442615,0.25939566433933414,1.266720180587306,4.883351399930178,-0.8993204262177791,0.13570970488593295,0.13447701471587045,0.05068649602769834,7.85344502710609,2.5978544458655777,true
5.325,1.4047980430537699,0.069467495968317,1.4794698917464655,7.886051466563011,-0.0005817972533006085,-0.0014452528971137107,0.47547414700451374,-0.949722621532144,0.4742484745276303,0.049450165674567406,0.25800582409947126,1.2620710970771134,4.8916380143051965,-0.9221842326751344,0.13696706001839407,0.13570010903870808,0.04907096925376612,7.685287240934877,2.5424156080209115,true
5.375,1.4047980430537699,0.06723933596608829,1.461556510807194,7.719387182442045,-0.0005829989080125866,-0.0014190550876247085,0.46876139938249034,-0.9362915056011254,0.46753010621863506,0.047864058679867226,0.25661093575978683,1.2574319507987908,4.900149508732828,-0.9452755724653795,0.1382233790093483,0.1369215761050544,0.04749234306674148,7.519268561417107,2.4876765996196153,true
5.425,1.4047980430537699,0.06506255675791174,1.4434603190167605,7.554810286607518,-0.0005839279224601985,-0.0013927954857932759,0.4620900099017751,-0.9229433971810215,0.46085338727924635,0.04631452690272677,0.25521117816750677,1.2528037685565938,4.9088906589127586,-0.9685948445454062,0.13947863898908208,0.13814139008599174,0.04595037846659259,7.355408671605802,2.433644039417794,true
5.475,1.4047980430537699,0.06293680225426085,1.4251962361116401,7.3923401378616855,-0.0005845827820795273,-0.001366491908970792,0.4554611249753054,-0.9096805888463948,0.4542194638710894,0.044801316862207424,0.2538067298612425,1.248187567074321,4.917866314091482,-0.992142458410564,0.1407328165473138,0.13935952471163665,0.04444481113307675,7.1937254677777895,2.3803239602001143,true
5.525,1.4047980430537699,0.06086168224194931,1.406778973648322,7.231994381707073,-0.0005849621907250657,-0.0013401621509191441,0.4488758506933394,-0.8965052924103851,0.4476294417170457,0.04332415078657664,0.2523977690322235,1.2435843526074652,4.927081397651726,-1.0159188346858894,0.14198588772216475,0.14057595326256236,0.04297535256521025,7.034235086458159,2.3277218174168026,true
5.575,1.4047980430537699,0.05883677396091472,1.3882230249327547,7.073788975698843,-0.0005850650697793212,-0.0013138239496446533,0.4423352528626358,-0.8834196390091492,0.4410843861465134,0.041882727735735245,0.2509844734858748,1.2389951205558702,4.9365409076812865,-1.03992440575739,0.14323782798922846,0.14179064856136583,0.04154169122006774,6.876951932647275,2.275842498219455,true
5.625,1.4047980430537699,0.05686162368003551,1.3695426554612475,6.917738215929489,-0.0005848905571568845,-0.001287494955543568,0.43584035707921326,-0.8704256792522319,0.43458532217301865,0.04047672472295655,0.24956702060365604,1.2344208550851068,4.9462499175543035,-1.064159616412885,0.1444886122508111,0.14300358296445023,0.04014349365017609,6.721888709177346,2.2246903308714763,true
5.675,1.4047980430537699,0.05493574827014759,1.350751893870549,6.763854764581718,-0.0005844380054229355,-0.00126119269995896,0.42939214883334276,-0.8575253834373593,0.42813323460401653,0.039105797834632146,0.24814558730517713,1.2298625287614957,4.956213576544372,-1.0886249244733934,0.1457382148249926,0.14421472835368157,0.038780405638073424,6.569056447135503,2.1742690945126415,true
5.725,1.4047980430537699,0.05305863677042538,1.3318645233972544,6.612149678488718,-0.000583706979220795,-0.0012349345642420836,0.4229915736452913,-0.8447206418281268,0.4217290681828355,0.03776958334529408,0.24672035001057652,1.22532110219783,4.966437110458471,-1.113320801427182,0.14698660943455838,0.14542405612797007,0.0374520533253126,6.418464537284751,2.124582029255857,true
5.775,1.4047980430537699,0.051229751943403734,1.312894073850341,6.462632438646594,-0.0005826972530981298,-0.001208737749396012,0.4166395372323154,-0.8320132649940083,0.4153737277616929,0.03646769882455116,0.24529148460326222,1.22079752370183,4.976925822257403,-1.1382477330990752,0.1482337691960625,0.14663153719502778,0.036158044332709104,6.270120762425251,2.0756318465981645,true
5.825,1.4047980430537699,0.049448531814927865,1.2938538140985902,6.315310980622066,-0.0005814088108245906,-0.0011826192463844226,0.4103369057081895,-0.8194049842123513,0.4090680785041618,0.035199744233296304,0.2438591663930153,1.216292728922056,4.9876850926399845,-1.163406220378477,0.14947966660939202,0.14783714196366055,0.034897968869345694,6.124031330628491,2.0274207401244233,true
5.875,1.4047980430537699,0.04771439119720637,1.2747567450680004,6.170191725792058,-0.000579841846516424,-0.0011565958071833513,0.40408450581443606,-0.8068974519308667,0.40281294611643065,0.033965303007885854,0.2424235700795005,1.2118076404929967,4.998720380594989,-1.1887967800016035,0.15072427354753845,0.14904084033630757,0.03367140082909573,5.980200909284224,1.9799503964840737,true
5.925,1.4047980430537699,0.0460267231943392,1.2556155932407531,6.027279613350007,-0.0005779967671003007,-0.0011306839166550509,0.39788312518004043,-0.7944922422879571,0.3966091171079167,0.03276394313184382,0.24098486971607172,1.207343167686791,5.010037223952201,-1.2144199453601265,0.15196756124622873,0.15024260170149215,0.032477898874149085,5.83863265988617,1.9332220066164734,true
5.975,1.4047980430537699,0.04438490068956146,1.2364428046502982,5.886578133019305,-0.0005758741954559912,-0.0011048997653176837,0.39173351260675904,-0.7821908516884583,0.3904573390816992,0.03159521819455054,0.23954323867388164,1.2029002060788603,5.02164123996215,-1.2402762673072838,0.1532095002931171,0.15144239492589492,0.031317007504891546,5.699328273495796,1.8872362772047984,true
6.025,1.4047980430537699,0.04278827781253284,1.2172505393722495,5.748089358420543,-0.0005734749739365655,-0.0010792592230818576,0.385636378379872,-0.7699946994337491,0.3843583210538771,0.030458668435726942,0.23809884960635622,1.1984796372311675,5.033538125919502,-1.2663663149457873,0.1544500606169089,0.15264018834640997,0.030188258114921086,5.562288006827602,1.8419934423401074,true
6.075,1.4047980430537699,0.041236191384248846,1.1980506665112747,5.611813981039829,-0.000570800168436422,-0.0010537778140224593,0.3795923946063305,-0.7579051284061284,0.37831273379979796,0.029353821773988972,0.23665187441405855,1.1940823283929527,5.0457336598303195,-1.2926906763975072,0.15568921147688788,0.15383594976263812,0.02909117002948893,5.427510718894995,1.7974932753759205,true
6.125,1.4047980430537699,0.03972796233704498,1.1788547596797627,5.477751344741076,-0.0005678510734053086,-0.001028470692248637,0.3736021955816413,-0.7459234058069291,0.37232121022528775,0.028280194817671994,0.23520248420997686,1.189709132217725,5.05823370111862,-1.319249959559369,0.15692692145307718,0.15502964643003772,0.028025251525653203,5.294993908157249,1.7537351009541502,true
6.175,1.4047980430537699,0.03826289710757083,1.1596740929592801,5.345899480761888,-0.000564629218144714,-0.0010033526189348121,0.36766637818462694,-0.7340507239467067,0.36638434576207973,0.027237293856413984,0.23375084928522974,1.1853608864964162,5.071044191373199,-1.3460447928454444,0.1581631584368417,0.15622124505354515,0.026990000832701738,5.164733750105238,1.7107178071821927,true
6.225,1.4047980430537699,0.036840289001125154,1.1405196373342625,5.216255143133617,-0.0005611363745337139,-0.0009784379405685661,0.3617855022976547,-0.7222882010850895,0.3605026987874348,0.02622461583235211,0.23229713907514032,1.1810384139086918,5.084171155145675,-1.373075825906469,0.15939788962163648,0.15741071178137786,0.025984907111737347,5.036725135221964,1.6684398579402946,true
6.275,1.4047980430537699,0.03545941952608011,1.1214020575888695,5.088813844469971,-0.0005573745661760527,-0.0009537405684672748,0.3559600912500056,-0.7106368823179421,0.3546767910679365,0.025241649290027427,0.23084152212571005,1.1767425217956753,5.097620700815051,-1.4003437303116006,0.16063108149373867,0.15859801219886302,0.025009451413543424,4.910961707262438,1.6268993053010834,true
6.325,1.4047980430537699,0.034119559697240356,1.1023317096596297,4.963569892071797,-0.0005533460788960181,-0.0009292739596096708,0.35019063228318204,-0.6990977405100651,0.3489071082268831,0.02428787530417595,0.22938416606047982,1.1724740019579125,5.111399021538287,-1.427849200174224,0.1618626998230349,0.15978311132236037,0.024063107613916643,4.787435901794878,1.5860938020422575,true
6.375,1.4047980430537699,0.032819971306987175,1.0833186384368025,4.840516424297027,-0.0005490534725076517,-0.0009050510988207194,0.3444775770378281,-0.6876716772720324,0.34319410023420427,0.02336276838458762,0.2279252375478236,1.1682336304820526,5.125512396304654,-1.4555929527037814,0.16309270965399245,0.16096597359340165,0.023145343325655775,4.666138984951064,1.5460206142354052,true
6.425,1.4047980430537699,0.03155990816305493,1.0643725760063325,4.719645447144821,-0.0005444995937931992,-0.0008810844823462921,0.33882134206211445,-0.6763595239798206,0.3375381819177061,0.02246579735721268,0.22646490226867502,1.1640221675996116,5.139967191113044,-1.483575728665401,0.16432107529698842,0.1621465628732128,0.022255620786403432,4.547061092330786,1.5066766338929498,true
6.475,1.4047980430537699,0.030338617291826867,1.045502940322899,4.6009478710029725,-0.0005396875906229858,-0.0008573861028440891,0.3332223093411114,-0.6651620428356816,0.3319397334945702,0.021596426220723053,0.225003324884711,1.1598403575808633,5.154769860290516,-1.5117982927293645,0.16554776032000892,0.1633248424376283,0.02139339772155875,4.430191268008494,1.468058391656276,true
6.525,1.4047980430537699,0.029155340106116527,1.0267188343036464,4.48441354750851,-0.0005346209271255531,-0.000833967435815805,0.3276808268462934,-0.6540799279685042,0.3263991011222108,0.02075411497779299,0.22354066900698222,1.1556889286670515,5.169926947972738,-1.5402614336910392,0.1667727275407029,0.1645007749723809,0.020558128181539955,4.3155175035887225,1.4301620695075683,true
6.575,1.4047980430537699,0.02800931353649677,1.0080290453317078,4.3700313064727005,-0.0005293033997807857,-0.0008108394274985026,0.3221972091041372,-0.643113806571807,0.32091659746766976,0.019938320440431232,0.22207709716499385,1.1515685930440624,5.1854450897676125,-1.5689659645409892,0.16799593901885518,0.16567432256882603,0.019749263352734275,4.203026777259533,1.392983513488757,true
6.625,1.4047980430537699,0.026899771125336418,0.9894420451584678,4.257788992823241,-0.0005237391542662432,-0.0007880124842261915,0.3167717377827656,-0.6322642400774969,0.31549250229473136,0.019148497008766693,0.22061277077627567,1.1474800468605906,5.201331014623151,-1.5979127223641163,0.1692173560491254,0.1668454467199519,0.018966252341537867,4.09270509279726,1.3565182464123018,true
6.675,1.4047980430537699,0.025825944082796218,0.9709659901933188,4.147673503517856,-0.0005179327028430807,-0.0007654964632692746,0.31140466229566083,-0.621531725363542,0.3101270630678811,0.0183840974227551,0.21914785011640314,1.1434239702939066,5.217591546923972,-1.6271025680456985,0.17043693915421645,0.16801410831682925,0.018208542930940427,3.984537518471464,1.3207614805470587,true
6.725,1.4047980430537699,0.02478706230412399,0.952608722169425,4.039670824384938,-0.0005118889420239502,-0.0007433006651525187,0.3060962004215159,-0.6109166959937238,0.30482049557220786,0.017644573486336527,0.2176824942895472,1.139401027665873,5.234233608837261,-1.6565363857622906,0.17165464807833808,0.16918026764537042,0.017475582309176337,3.8785082258090884,1.2857081302658326,true
6.775,1.4047980430537699,0.023782355347673978,0.9343777691737396,3.9337660668482233,-0.000505613170222105,-0.0007214338274471321,0.30084653893932084,-0.6004195234876288,0.299572984548308,0.01692937676363469,0.21621686119948405,1.135411867611762,5.25126422293319,-1.6862150822357238,0.1728704417811499,0.17034388438357068,0.01676681776999576,3.7746005281675337,1.2513528246380978,true
6.825,1.4047980430537699,0.02281105337316108,0.9162803470292435,3.8299435044938477,-0.000499111105039301,-0.0006999041200259903,0.2956558342777629,-0.5900405186190268,0.29438468434126397,0.016237959246849527,0.21475110752117715,1.131457123303677,5.26869051509828,-1.716139585729401,0.17408427843201826,0.17150491759907133,0.01608169738418821,3.672796919081,1.217689919956236,true
6.875,1.4047980430537699,0.021872388039748086,0.8983233610171291,3.728186609439569,-0.0004923888998106128,-0.0006787191417669675,0.2905242131780109,-0.5797799327407551,0.2892557195627442,0.015569773995557097,0.21328538867285057,1.1275374127300983,5.28651971776454,-1.7463108447677411,0.17529611540472376,0.1726633257471721,0.01541967064201473,3.57307911033204,1.1847135121794947,true
6.925,1.4047980430537699,0.02096559336365473,0.8805134079264756,3.6284780884673626,-0.000485453158988783,-0.0006578859186846947,0.28545177336893407,-0.5696379591342277,0.2841861857652936,0.014924275747195253,0.21181985878864254,1.123653339032104,5.304759173469681,-1.7767298265618294,0.17650590927257348,0.17381906666924668,0.014780189066286163,3.4754280697139524,1.1524174492843993,true
6.975,1.4047980430537699,0.02008990653507111,0.8628567784187549,3.5307999188820984,-0.00047831095192016365,-0.0006374109034631426,0.28043858425380314,-0.5596147343816604,0.2791761501278573,0.014300921498580242,0.21035467069181438,1.1198054908961979,5.3234163387643445,-1.8073975151272779,0.17771361580393585,0.17497209759157434,0.01416270679586787,3.379824058443166,1.1207953435081812,true
7.025,1.4047980430537699,0.019244568694257266,0.8453594596944363,3.435133384060493,-0.00047096982454080777,-0.0006172999763597586,0.27548468760750583,-0.5497103397591077,0.27422565215160183,0.013699171058370176,0.20888997586856128,1.1159944430025632,5.34249878847597,-1.8383149090843043,0.17891918995816752,0.17612237512455672,0.013566681139459823,3.286246668187206,1.0898405834739153,true
7.075,1.4047980430537699,0.01842882566681385,0.8280271384487962,3.341459108656022,-0.0004634378085063033,-0.000597558447446328,0.2705900982833101,-0.5399248026483837,0.2693347043650736,0.013118487570464583,0.20742592444241986,1.1122207565267248,5.362014220336621,-1.869483019133996,0.18012258588196534,0.17726985526234715,0.012991573099569508,3.194674857672062,1.0595463461854258,true
7.125,1.4047980430537699,0.017641928658218117,0.810865204103997,3.2497570934270024,-0.00045572342726419576,-0.000578191060146574,0.26575480492820425,-0.5302580979659558,0.26450329303775155,0.012558338008407131,0.20596266514930955,1.1084849796912162,5.3819704599745615,-1.9009028652108424,0.18132375690616293,0.17841449338290796,0.012436847866660519,3.105086988837114,1.0299056088814624,true
7.175,1.4047980430537699,0.01688313490783383,0.7938787523044434,3.160006749656617,-0.0004478356985849803,-0.0005592019960280609,0.2609787707058316,-0.5207101496068688,0.2597313789010372,0.01201819364094004,0.20450034531323075,1.104787648362863,5.402375466264728,-1.932575473316659,0.18252265554286454,0.17955624424839126,0.011901975283548662,3.0174608625064296,1.0009111607388161,true
7.225,1.4047980430537699,0.016151708302722837,0.7770725886624088,3.072186933135127,-0.0004397841330879248,-0.0005405948808004241,0.2562619340260439,-0.511280831901779,0.25501889787573506,0.01149753046894344,0.203039110822624,1.1011292866899929,5.42323733702688,-1.9645018720480047,0.18371923348306018,0.1806950620059754,0.011386430280192835,2.931773753545806,0.9725556144142146,true
7.275,1.4047980430537699,0.015446919951710006,0.7604512327409197,2.9862759776760823,-0.00043157872833217295,-0.0005223727914712845,0.25160420928009114,-0.5019699710851607,0.2503657618050696,0.010995829634081262,0.2015791061074372,1.0975104077725388,5.444564315051531,-1.9966830888363158,0.18491344159459233,0.18183090018903184,0.010889693279121359,2.848002445479141,0.9448314174161961,true
7.325,1.4047980430537699,0.014768048720281115,0.7440189222609126,2.9022517281398965,-0.00042322995809258943,-0.0005045382646057806,0.2470054875804691,-0.49277734677276547,0.24577185919229635,0.010512577799566207,0.20012047411689535,1.0939315143569954,5.466364794428794,-2.0291201459267474,0.1861052299205526,0.18296371171869233,0.010411250571830484,2.766123264536317,0.9177308632976569,true
7.375,1.4047980430537699,0.014114381727022158,0.727779617519737,2.820091572939619,-0.0004147487565034116,-0.0004870933056343729,0.24246563750443695,-0.4837026934463927,0.24123705594195577,0.010047267503548136,0.19866335629801804,1.0903930995467996,5.4886473271451415,-2.0618140561299216,0.1872945476780568,0.18409344890576512,0.009950594666587567,2.686112113109382,0.8912461026612616,true
7.425,1.4047980430537699,0.013485214802438826,0.7117370060081498,2.739772476005334,-0.00040614649683059313,-0.0004700393991506624,0.23798450584023473,-0.4747457019440702,0.23676119610383545,0.009599397485722912,0.19720789257488427,1.0868956475179443,5.511420629908235,-2.094765818387267,0.1884813432574546,0.18522006345304898,0.009507224608179422,2.6079445025929497,0.8653691539695781,true
7.475,1.4047980430537699,0.012879852911122591,0.6958945072130203,2.661271008185087,-0.0003974349647245698,-0.0004533775201405049,0.23356191833502526,-0.465906020953724,0.23234410261869876,0.009168472987849688,0.19575422132867987,1.0834396342286388,5.534693591151204,-2.127976413197947,0.18966556422193565,0.1863435064580056,0.009080646270249867,2.531595585588427,0.8400919141529741,true
7.525,1.4047980430537699,0.012297610538353196,0.6802552775931028,2.5845633780617576,-0.00038862632590733957,-0.0004371081460801396,0.2291976804435839,-0.4571832585084368,0.22798557806485287,0.008754006028952372,0.1943024793785359,1.0800255281111486,5.558475278161872,-2.1614467979621925,0.19084715730754276,0.1874637284157976,0.008670372620968042,2.457040187451911,0.8154061690083603,true
7.575,1.4047980430537699,0.011737812042343346,0.6648222157153507,2.509625462166801,-0.00037973308835879634,-0.0004212312698421983,0.2248915780767833,-0.4485769834814145,0.2236854054046312,0.008355515656063645,0.19285280196316293,1.0766537907337137,5.582774944277796,-2.195177902300586,0.19202606842365566,0.18858067922274704,0.008275923962878542,2.3842528371671987,0.7913036033823386,true
7.625,1.4047980430537699,0.011199791973437245,0.649597967539387,2.4364328345732367,-0.0003707680591841338,-0.0004057464133457034,0.22064337834891642,-0.4400867270787874,0.21944334872987095,0.007972528171445184,0.19140532272330338,1.0733248774203443,5.6076020360831285,-2.2291706234129114,0.19320224265394736,0.189694308180214,0.007896828147883499,2.3132077975279834,0.7677758111331632,true
7.675,1.4047980430537699,0.010682895361667352,0.6345849318379119,2.3649607958517636,-0.0003617442964638085,-0.0003906526418877565,0.2164528303229194,-0.43171198432839947,0.21525915400548007,0.007604577337283815,0.18996017368501578,1.0700392378161072,5.6329662005384495,-2.26342582154529,0.1943756242577949,0.19080456399887238,0.007532620768377302,2.243879094614514,0.744814304866271,true
7.725,1.4047980430537699,0.01018647797415052,0.6197852657410083,2.2951844013752587,-0.00035267505650578263,-0.0003759485790933159,0.21231966575256367,-0.42345221556275414,0.21113254981019047,0.007251204558917957,0.18851748524378234,1.0667973163866982,5.6588772919772605,-2.297944315632598,0.195546156672227,0.19191139480345876,0.0071828453256588395,2.1762405465506083,0.7224105254383156,true
7.775,1.4047980430537699,0.00970990654386307,0.6052008903924648,2.2270784889584436,-0.0003435737370331951,-0.0003616324224191003,0.20824359982072083,-0.4153068478943268,0.207063248073606,0.006911959047690256,0.18707738614943475,1.063599552841377,5.685345378899986,-2.332726879185881,0.1967137825144641,0.1930147481380402,0.00684705337678736,2.110265791528836,0.7005558512252452,true
7.825,1.4047980430537699,0.009252558971372355,0.5908334967065265,2.160617705820664,-0.0003344538169407834,-0.0003477019591507924,0.20422433187312755,-0.40727527668163177,0.20305094480850422,0.006586397964549418,0.18564000349190962,1.0604463824698287,5.712380750499415,-2.3677742364906145,0.19787844358507714,0.19411457097182314,0.006524804661115488,2.0459283150941054,0.6792416071507444,true
7.875,1.4047980430537699,0.008813824501116833,0.5766845512140635,2.0957765348603488,-0.0003253287933594956,-0.0003341545828309811,0.20026154614535635,-0.3993568669836074,0.19909532083825104,0.006274086545534486,0.18420546268779972,1.057338236384923,5.739993922856407,-2.403087059178703,0.19904008087208988,0.1952108097058033,0.006215667207756797,1.9832014766754094,0.658459073471187,true
7.925000000000001,1.4047980430537699,0.008393103873857236,0.5627553019822835,2.0325293202435706,-0.00031621211681895226,-0.00032098731005686387,0.19635491248385545,-0.39155095500141357,0.19519604251755812,0.005974598210296611,0.18277388746800222,1.054275541664455,5.768195644736311,-2.438665963230535,0.20019863455329737,0.19630341017768052,0.005919217425286916,1.9220585353713435,0.6381994943185068,true
7.975,1.4047980430537699,0.007989809456737908,0.5490467846141416,1.9708502922570668,-0.000307117125372459,-0.00030819679758981033,0.19250408705981747,-0.3838568495058553,0.19135276244603783,0.005687514654682709,0.18134539986526746,1.0512587213896711,5.796996902985768,-2.4745115064607432,0.20135404400709156,0.1973923176747384,0.0056350401748616425,1.862472674932647,0.6184540859816505,true
8.025,1.4047980430537699,0.007603365352635978,0.535559828285205,1.9107135914877662,-0.0002980569785714747,-0.00029577935971691893,0.18870871307574705,-0.3762738332490876,0.18756512017334054,0.005412425928575238,0.17992012020363085,1.048288194573888,5.82640892740318,-2.5106241865271737,0.20250624781378437,0.1984774769376934,0.005362728828134214,1.804417028022969,0.5992140449531768,true
8.075,1.4047980430537699,0.007233207490189467,0.5222950618377574,1.8520932922749664,-0.00028904459220492195,-0.0002837309858097492,0.1849684214620971,-0.36880116435817717,0.18383274289608006,0.0051489304999783585,0.17849816708822483,1.0453643759859041,5.856443195123793,-2.5470044394875315,0.20365518376296224,0.19955883217016912,0.005101885311130463,1.747864699688811,0.5804705557175648,true
8.125,1.4047980430537699,0.006878783695730082,0.5092529199076568,1.7949634254310327,-0.000280092574711588,-0.0002720473580253291,0.18128283156173308,-0.3614380777081598,0.1801552461464267,0.00489663530622301,0.1770796573955869,1.0424876758672563,5.8871114344794115,-2.583652638940251,0.20480078886227723,0.20063632704944528,0.004852120135160738,1.6927887900439884,0.5622147982826209,true
8.175,1.4047980430537699,0.006539553748489861,0.49643364908074844,1.7392980002374352,-0.0002712131660813288,-0.00026072386909525846,0.17765155180801281,-0.35418378627632097,0.17653223446830815,0.004655155793265548,0.17566470626457642,1.0396584995491274,5.918425628328843,-2.6205690957495573,0.2059429993490748,0.20170990473978961,0.004613052415921295,1.6391624161741805,0.5444379554554225,true
8.225,1.4047980430537699,0.006214989420235264,0.4838373140543114,1.6850710257354642,-0.0002624181800960988,-0.00024975564015330964,0.17407418038946165,-0.3470374824733198,0.17296330208385813,0.004424115943901112,0.17425342708864439,1.036877246972777,5.950398016822404,-2.657754058355639,0.2070817506965167,0.20277950790052474,0.004384309881803353,1.5869587332900694,0.5271312198719216,true
8.275,1.4047980430537699,0.005904574500259836,0.47146380381712183,1.632256531268849,-0.0002537189506261293,-0.00023913753855153708,0.17055030590263348,-0.33999833945066316,0.16944803354802968,0.004203148295554561,0.17284593150804375,1.0341443121252634,5.983041099680944,-2.69520771365716,0.20821697762865585,0.2038450787024174,0.004165528872250118,1.5361509550768697,0.5102858007625075,true
8.325,1.4047980430537699,0.0056078048066938915,0.45931283781669446,1.5808285863176856,-0.00024512628262304234,-0.00022886419561696236,0.1670795079930973,-0.333065512383718,0.16598600439062072,0.003991893948331225,0.17144232940327608,1.0314600823961042,6.01636763794691,-2.7329301884470456,0.20934861413018055,0.20490655883895537,0.003956354327011205,1.4867123732925949,0.49389293047067445,true
8.375,1.4047980430537699,0.005324188184852384,0.4473839721223828,1.5307613195941996,-0.00023665040835658052,-0.0002189300243051473,0.16366135798294318,-0.3262381397283296,0.16257678174538642,0.003790002563840841,0.17004272888869076,1.0288249378692438,6.050390655296459,-2.7709215513659826,0.21047659346249806,0.20596388954346964,0.003756439766965117,1.438616376578978,0.47794387071252187,true
8.425,1.4047980430537699,0.005053244493326423,0.4356766055620737,1.4820289374296753,-0.00022830094931898566,-0.00020932923670580195,0.16029541948498408,-0.3195153444503944,0.15921992496541035,0.0035971323552968573,0.16864723630716688,1.0262392505596578,6.085123438907172,-2.8091818153334844,0.21160084817632083,0.20701701160285857,0.0035654472671455273,1.3918364685234448,0.462429918589672,true
8.475,1.4047980430537699,0.004794505578305538,0.4241899858369816,1.4346057414295277,-0.00022008688411995081,-0.00020005586135861397,0.1569812490011091,-0.312896235226118,0.15591498622500888,0.0034129500692378343,0.16725595622492495,1.0237033836098195,6.120579539978525,-2.84771094040836,0.21272131013027307,0.20806586537683558,0.0033830474224358573,1.3463462849446095,0.4473424123462671,true
8.525,1.4047980430537699,0.004547515236610972,0.4129232155965394,1.3884661454219338,-0.00021201652254539865,-0.00019110376034235654,0.15371839650799266,-0.30637990761382405,0.1526615111058314,0.0032371309592128415,0.1658689914272245,1.0212176904567272,6.15677277392013,-2.886508837025997,0.2138379105077075,0.20911039081536673,0.0032089193063683102,1.3021196104342645,0.43267273688089775,true
8.575,1.4047980430537699,0.004311829167790545,0.4018752584702327,1.34358469169584,-0.00020409748587660477,-0.00018246664609697372,0.1505064060263081,-0.2999654451946448,0.1494590391683367,0.0030693587516803693,0.16448644291459263,1.0187825139839044,6.193717220287227,-2.925575369551649,0.21495057983496993,0.2101505274773297,0.0030427504233501187,1.2591303941507117,0.418412329011646,true
8.625,1.4047980430537699,0.004087014915547273,0.39104494505082943,1.2999360665310615,-0.00019633669342439744,-0.00017413809794512847,0.14734481617426298,-0.2936519206817434,0.1463071045074804,0.0029093256043145267,0.16310840989947753,1.0163981856711155,6.231427222529567,-2.9649103600907187,0.2160592480025634,0.2111862145517418,0.002884236654562424,1.2173527648686244,0.4045526824959072,true
8.675,1.4047980430537699,0.003872651798757133,0.38043097881813126,1.2574951150359035,-0.00018874035514260736,-0.0001661115782796846,0.14423316070514947,-0.28743839699732904,0.14320523629217957,0.0027567320569002983,0.16173498980365172,1.014065024753257,6.2699173876002,-3.0045135924927195,0.21716384428549373,0.21221739087807154,0.002733082197740967,1.176761045304429,0.3910853528112692,true
8.725,1.4047980430537699,0.0036683308322460967,0.37003194200104406,1.2162368552903389,-0.00018131397009082275,-0.00015838044838548115,0.14117096902814635,-0.28132392831642605,0.1401529592882797,0.0026112869749389937,0.1603662782559638,1.0117833374007708,6.309202585507679,-3.0443848164885194,0.21826429736678435,0.2132439949693554,0.002588999500967822,1.137329765714267,0.3780019616964511,true
8.775,1.4047980430537699,0.0034736546375144523,0.3598463013681331,1.176136491810815,-0.00017406233043378496,-0.00015093798386704715,0.13815776671230753,-0.275307561076879,0.13714979436457145,0.0024727074860976975,0.15900236909083001,1.0095534159309494,6.349297948851583,-3.0845237519000945,0.2193605353603324,0.21426596503453524,0.0024517091905989917,1.0990336767864863,0.3652942014596017,true
8.825,1.4047980430537699,0.00328823734355609,0.349872413944163,1.1371694283383917,-0.00016698953059988427,-0.00014377738965497266,0.13519307597315106,-0.26938833495477366,0.1341952589816226,0.0023407189096078702,0.15764335434712284,1.0073755380602534,6.390218872417941,-3.124930092866535,0.2204524858364339,0.21528323900311766,0.0023209399934023853,1.0618477618291315,0.3529538390541149,true
8.875,1.4047980430537699,0.0031117044779474,0.34010853264460184,1.0993112799659244,-0.00016009898116519077,-0.00013689181456669197,0.1322764161418573,-0.263565283804888,0.13128886766303066,0.0022150546787374024,0.15628932426771902,1.0052499662048875,6.431981012874071,-3.1656035120327237,0.22154007584708138,0.21629575454944533,0.0021964286529899605,1.0257472482713006,0.3409727199282555,true
8.925,1.4047980430537699,0.002943692848382299,0.33055281182490426,1.062537884608463,-0.00015339342699270726,-0.00013027436539908566,0.12940730411650817,-0.2578374365654963,0.12843013244898813,0.0020954562564617883,0.15494036729954902,1.0031769468365288,6.47460028861987,-3.206543664653603,0.2226232319530081,0.21730344911841606,0.0020779198406102903,0.9907076184855623,0.3293427716509939,true
8.975,1.4047980430537699,0.002783850414863841,0.321203312738887,1.0268253138320245,-0.00014687496912772362,-0.00012391812053281354,0.1265852547953344,-0.25220381812721676,0.12561856333188237,0.0019816730444842216,0.15359657009424676,1.0011567098983165,6.518092879834539,-3.247750192570013,0.22370188025126375,0.21830625995151126,0.001965166060388112,0.9567046199463998,0.31805600731903766,true
9.025,1.4047980430537699,0.0026318361527882025,0.3120580089023196,0.9921498830477432,-0.0001405450899382276,-0.00011781614303044835,0.12380978149170122,-0.24666345016550412,0.1228536686738029,0.0018734622857724658,0.152258017509316,0.9991894682850204,6.562475228760182,-3.2892227280204613,0.2247759464039217,0.21930412411368688,0.001857927549102338,0.9237142747351845,0.3071045287485555,true
9.075,1.4047980430537699,0.0024873199072059176,0.30311479135742037,0.9584881610865513,-0.00013440468098711042,-0.00011196149321286014,0.12108039633082304,-0.24121535193660676,0.12013495560578372,0.001770588960815283,0.15092479260993932,0.9972754173897139,6.607764040247137,-3.330960897256708,0.22584535566722475,0.22029697852047803,0.0017559721706257357,0.8917128884080409,0.29648052945702363,true
9.125,1.4047980430537699,0.0023499822385733686,0.2943714738347223,0.9258169791628788,-0.0001284540731311193,-0.00010634724070061885,0.11839661062804754,-0.23585854103675818,0.11746193040871064,0.0016728256778212362,0.14959697667130462,0.99541473471853,6.65397628259334,-3.372964323939165,0.22691003292173614,0.22128475996583974,0.0016590753051653234,0.8606770582369719,0.2861762974386241,true
9.175,1.4047980430537699,0.0022195142603637155,0.28582579780861145,0.8941134392427843,-0.00012269306835820213,-0.00010096647590911861,0.11575793524866351,-0.2305920341245281,0.1148340988758646,0.0015799525571226624,0.1482746491815798,0.9936075795734344,6.701129188689867,-3.415232632291906,0.22796990270252795,0.22226740514982127,0.0015670197334807677,0.8305836808413858,0.2761842177388619,true
9.225,1.4047980430537699,0.0020956174689367203,0.27747543744398073,0.8633549218266754,-0.0001171209729004974,-9.581232098879178e-5,0.11316388094907989,-0.22541484760623218,0.11225096665715228,0.0014917571100691721,0.14695788784544409,0.9918540928024192,6.749240257491685,-3.457765450004282,0.22902488923033168,0.22324485070693015,0.0014795955162803358,0.8014099592220553,0.2664967748323528,true
9.275,1.4047980430537699,0.0019780035661153125,0.2693180044309254,0.833519093161085,-0.00011173663118871314,-9.087794020387618e-5,0.11061395869954765,-0.2203259982845384,0.10971203958499073,0.0014080341127294712,0.14564676858822478,0.9901543966153501,6.798327255819405,-3.5005624108701974,0.23007491644298805,0.2242170332345671,0.0013965998690289652,0.7731334092132921,0.2571065548089699,true
9.325,1.4047980430537699,0.0018663942749479923,0.2613510527051795,0.8045839118923879,-0.00010653846024862306,-8.61565497452324e-5,0.10810767998847923,-0.21532450397040093,0.1072168239819217,0.0013285854747425458,0.14434136556064442,0.9885085944628929,6.848408220494319,-3.5436231571621524,0.23111990802725618,0.22518388932158606,0.0013178370324289945,0.7457318653683033,0.2480062473732493,true
9.375,1.4047980430537699,0.0017605211491727155,0.25357208305189194,0.7765276351762843,-0.00010152448417773982,-8.164142697496615e-5,0.10564455710841587,-0.21040938405851356,0.10476482695009769,0.0012532201036852741,0.14304175114416284,0.9869167709756678,6.899501460807873,-3.5869473417395996,0.23215978745086213,0.22614535557686644,0.0012431181388633205,0.7191834862925106,0.23918864766188327,true
9.425,1.4047980430537699,0.0016601253769211748,0.24597854759104038,0.7493288242563034,-9.66923683780743e-5,-7.732591910246042e-5,0.10322410342386529,-0.20557966006661382,0.10235555664274854,0.0011817537653400845,0.14174799595691406,0.9853789919600355,6.951625561320478,-3.63053462989621,0.23319447799481283,0.2271013686579209,0.0011722610751129271,0.6934667594402462,0.23064665788432206,true
9.475,1.4047980430537699,0.0015649575792277173,0.2385678541425346,0.7229663495268812,-9.20394532606868e-5,-7.320345129383649e-5,0.10084583362122856,-0.2008343561390349,0.09998852251780632,0.0011140089402643175,0.1404601688603053,0.9838953044462642,7.004799384975804,-3.674384700954104,0.23422390278518593,0.22805186529880833,0.001105090341682078,0.6685605053916764,0.22237328879198187,true
9.525,1.4047980430537699,0.001474777603920402,0.23133737047018096,0.6974193950937362,-8.756278717806512e-5,-6.926753421840695e-5,0.09850926394075113,-0.1961724995148059,0.09766323557405476,0.001049814677072378,0.13917833696618448,0.9824657367854561,7.059042076527767,-3.718497249613543,0.23524798482541426,0.2289967823382953,0.0010414369090815142,0.6444438816237389,0.21436166098051776,true
9.575000000000001,1.4047980430537699,0.0013893543154814261,0.2242844284033363,0.6726674628458055,-8.325915837544694e-5,-6.551177103748113e-5,0.09621391239099075,-0.19159312096093212,0.09537920856994136,0.0009890064428487017,0.1379025656445723,0.9810902987908467,7.114373066266889,-3.7628719870708007,0.23626664702882896,0.22993605674804568,0.0009811380714315014,0.6210963857909767,0.2066050060303166,true
9.625,1.4047980430537699,0.001308465381471319,0.21740632783496294,0.6486903760548433,-7.912512578914311e-5,-6.192986384282242e-5,0.09395929894623639,-0.18709525517152276,0.09313595622528636,0.000931425971114651,0.13663291853203585,0.9797689819187223,7.170812074024454,-3.807508641918535,0.23727981225056372,0.2308696256600122,0.0009240372977565537,0.5984978585336789,0.19909666749086694,true
9.675,1.4047980430537699,0.0012318970561079154,0.21070034059565101,0.6254682825162787,-7.515704855479788e-5,-5.851561955331e-5,0.09174494572701626,-0.1826779411333348,0.09093299540631854,0.0008769211077700536,0.1353694575406501,0.9785017594850202,7.228379113443561,-3.8524069608418063,0.2382874033190869,0.2317974263932787,0.0008699840813489475,0.5766284858282347,0.19183010171382328,true
9.725,1.4047980430537699,0.0011594439615847042,0.20416371420337814,0.6029816572458868,-7.135111411845175e-5,-5.5262955280421105e-5,0.0895703771640361,-0.17834022245844727,0.08876984529441118,0.0008253456554255219,0.13411224286753,0.9772885869133234,7.287094496500552,-3.897566709125782,0.23928934306761895,0.23271939648059245,0.0008188337875772021,0.5554688008954559,0.184798878539863,true
9.775,1.4047980430537699,0.001090908867702366,0.19779367548887672,0.581211304747284,-6.770336487179705e-5,-5.2165903173514994e-5,0.08743512014603366,-0.1740811476849089,0.08664602753887524,0.0007765592165340242,0.13286133300493147,0.9761294020102146,7.34697883825976,-3.94298767099033,0.24028555436520171,0.23363547369437418,0.0007704475005144266,0.5349996856828981,0.17799668184452605,true
9.825000000000001,1.4047980430537699,0.0010261024703725752,0.19158743409643358,0.5601383608650394,-6.420972325873656e-5,-4.921861475847e-5,0.0853387041520485,-0.16989977054625005,0.08456106639420155,0.0007304270357196818,0.13161678475091776,0.9750241252639511,7.408053061842876,-3.9886696497681178,0.2412759601473165,0.23454559607211325,0.0007246918687543083,0.5152023719371422,0.17141730994820414,true
9.875,1.4047980430537699,0.0009648431695339391,0.1855421858603599,0.5397442942381693,-6.0866015322937854e-5,-4.641536478302774e-5,0.08328066136854806,-0.1657951502107668,0.08251448884221874,0.0006868198416880973,0.13037865322059763,0.9739726601628513,7.470338403595199,-4.034612467940765,0.24226048344538523,0.2354497019405412,0.0006814389507752676,0.4960584418820684,0.16505467589547182,true
9.925,1.4047980430537699,0.0009069568469989071,0.17965511605772577,0.5200109073685271,-5.766799268627026e-5,-4.3750554584227885e-5,0.08126052679179352,-0.1617663514914997,0.08050582469970619,0.0006456136890875441,0.12914699185790005,0.9729748935301459,7.533856418434481,-4.080815967047362,0.24323904741594435,0.23634772993931386,0.0006405660602010599,0.47754982851841477,0.15890280760870787,true
9.975,1.4047980430537699,0.00085227664472473,0.17392340253810504,0.5009203373182884,-5.461135296443208e-5,-4.121871499349235e-5,0.07927783831600246,-0.1578124450279514,0.07853460671194892,0.0006066898006720161,0.127921852447815,0.9720306958723322,7.5986289853711,-4.127280007479957,0.24421157536934243,0.23723961904406857,0.0006019556112915589,0.4596588155593791,0.15295584792078318,true
10.025,1.4047980430537699,0.0008006427439766165,0.16834421873090288,0.4824550560518146,-5.169175864056359e-5,-3.881450879614223e-5,0.07733213680795537,-0.15393250744067546,0.0766003706327201,0.000569934410099382,0.12670328512920323,0.971139921737679,7.6646783131737894,-4.174004468179543,0.24517799079747116,0.23812530858841247,0.0005654949649838546,0.4423680370195052,0.14720805449242233,true
10.075000000000001,1.4047980430537699,0.0007519021458225414,0.1629147365311967,0.4645978704359274,-4.8904854430203054e-5,-3.6532732762472805e-5,0.07542296616860732,-0.15012562145985497,0.07470265529124766,0.0005352386056774722,0.12549133840806073,0.9703024100828118,7.73202694617596,-4.2209892462439775,0.24613821740052047,0.23900473828483812,0.0005310762757857393,0.42566047647062727,0.14165379961869662,true
10.125,1.4047980430537699,0.0007059084533705393,0.15763212906531104,0.4473319219132338,-4.624628318063546e-5,-3.436831926830093e-5,0.07354987338225878,-0.14639087602901885,0.07284100264676006,0.0005024981753505475,0.12428605917128437,0.9695179846446312,7.800697770201996,-4.26823425646063,0.24709217911244757,0.2398778482442896,0.0004985963398056623,0.40951946598090305,0.1362875699298654,true
10.175,1.4047980430537699,0.0006625216561303416,0.1524935733374201,0.4306406858621761,-4.3711700355794126e-5,-3.231633752302787e-5,0.07171240855384586,-0.1427273663850767,0.07101495783123082,0.0004716134531979719,0.12308749270091081,0.9687864543158221,7.87071401860356,-4.315739430771971,0.24803980012560764,0.24074457899479673,0.00046795644418592947,0.3939286847516489,0.1311039659913489,true
10.225,1.4047980430537699,0.0006216079168506554,0.14749625275871397,0.4145079706580001,-4.129678716359222e-5,-3.0371994423900386e-5,0.06991012493503704,-0.13913419411593492,0.06922406918089788,0.00044248916769516235,0.1218956826887251,0.968107613522473,7.942099278402248,-4.363504717683698,0.24898100491452907,0.2416048714991666,0.0004390622181846794,0.37887215746557207,0.1260977018072522,true
10.275,1.4047980430537699,0.0005830393611543419,0.14263735956041693,0.39891791644867874,-3.8997262387220003e-5,-2.8530635055082007e-5,0.06814257893980574,-0.13561046719697567,0.06746788825716993,0.00041503429196621227,0.12071067125136571,0.9674812426015527,8.014877496513025,-4.411530081624183,0.2499157182580463,0.2424586671710211,0.00041182348613430655,0.3643342523628106,0.12126360423280381,true
10.325000000000001,1.4047980430537699,0.0005466938702641564,0.13791409709246782,0.3838549936592087,-3.680889298528843e-5,-2.6787742850493262e-5,0.06640933015010121,-0.13215530000767306,0.06574596985757185,0.0003891618962365192,0.11953249894577354,0.9669071081776356,8.08907298605275,-4.4598155022610575,0.2508438652602787,0.24330590788963477,0.0003861541224835688,0.3502996790572589,0.11659661229977078,true
10.375,1.4047980430537699,0.0005124548770827422,0.13332368200967204,0.36930400123782214,-3.4727503527591355e-5,-2.51389394393493e-5,0.06470994131227634,-0.12876781332965256,0.06405787201737623,0.00036478900267312487,0.11836120478507213,0.9663849635372688,8.164710432713933,-4.508360973781094,0.2517653713700888,0.24414653601324646,0.0003619719091121716,0.3367534861085184,0.11209177645987176,true
10.425,1.4047980430537699,0.00048021116586340285,0.12886334634721802,0.3552500646572627,-3.274898453421388e-5,-2.3579984193163733e-5,0.06304397832494307,-0.1254471343275183,0.06240315600257523,0.0003418364427811367,0.11719682625477319,0.9659145490004182,8.241814901204105,-4.557166504138414,0.2526801623992197,0.24498049439103517,0.00033919839508664713,0.32368105836211863,0.10774425775032015,true
10.475,1.4047980430537699,0.00044985667568059676,0.12453033948748446,0.3416786336839689,-3.0869299785713864e-5,-2.2106773493110743e-5,0.061411010218940354,-0.12219239651378672,0.06078138629484636,0.0003202287175049674,0.11603939932931875,0.965495592288213,8.320411841741315,-4.606232114274121,0.2535881645389475,0.24580772637362008,0.00031775875900900714,0.3110681140718698,0.10354932688604225,true
10.525,1.4047980430537699,0.0004212903078838999,0.12032193002036201,0.3285754799282513,-2.908449267158907e-5,-2.0715339736192447e-5,0.05981060913009932,-0.11900273969927172,0.0591921305691724,0.0002998938601651901,0.11488895848896234,0.9651278088863969,8.40052709659753,-4.655557837309401,0.25448930437508915,0.24662817582194668,0.000297581674091629,0.29890070181774264,0.09950236328296583,true
10.575000000000001,1.4047980430537699,0.00039441573769352775,0.11623540749909592,0.3159266941876302,-2.7390691642954325e-5,-1.9401850098577957e-5,0.05824235026548308,-0.11587730993026157,0.057634959664778496,0.0002807633023435463,0.11374553673694612,0.9648109024040309,8.48218690668543,-4.705143717715056,0.2553835089011726,0.24744178711439388,0.0002785991760738949,0.28716519723185796,0.09559885401651191,true
10.625,1.4047980430537699,0.00036914123007264753,0.1122680840940064,0.3037186835957494,-2.5784114833696787e-5,-1.8162605074156096e-5,0.05670581186379181,-0.11281525941383419,0.05610944755004238,0.00026277174281237115,0.11260916561692155,0.9645445649273758,8.565417918187963,-4.754989810457865,0.2562707055301846,0.24824850515248922,0.0002607465340803826,0.27584829954483153,0.09183439271931673,true
10.675,1.4047980430537699,0.0003453794599894038,0.10841729614630824,0.2919381685888597,-2.4261073912424402e-5,-1.699403680583203e-5,0.055200575150609096,-0.10981574643264194,0.054615171282032846,0.00024585701958881797,0.11147987523068582,0.9643284773683614,8.650247189215738,-4.805096180123732,0.2571508221039041,0.24904827536433982,0.0002439621245051957,0.26493702796566354,0.08820467842253106,true
10.725,1.4047980430537699,0.00032304733716079,0.10468040562450463,0.2805721797013781,-2.2817977225145577e-5,-1.5892707226901163e-5,0.053726224289125706,-0.10687793525046968,0.053151710961343974,0.00022995998517946759,0.11035769425613108,0.9641623098079029,8.736702196497165,-4.8554629000173035,0.25802378690056826,0.24984104370646884,0.0002281873079914292,0.25441871790621046,0.08470551434433432,true
10.775,1.4047980430537699,0.0003020658353508106,0.1010548014857592,0.2696080542020285,-2.1451332286084517e-5,-1.485530602921524e-5,0.05228234632698284,-0.10400099600985951,0.05171864968287668,0.00021502438506689235,0.10924264996539788,0.9640457218341221,8.824810842097653,-4.906090051235841,0.2588895286406896,0.25062675666390294,0.00021336630956168883,0.2442810170619905,0.08133280662954288,true
10.825000000000001,1.4047980430537699,0.0002823598262772037,0.0975379009447483,0.25903343258140765,-2.0157747671358453e-5,-1.387864847442015e-5,0.050868531139881205,-0.10118410462308265,0.050315573483201446,0.00020099673947680474,0.10813476824321172,0.9639783628755669,8.914601460165258,-4.956977721715165,0.2597479764909189,0.2514053612484236,0.00019944610194230756,0.234511881360602,0.07808256304404221,true
10.875,1.4047980430537699,0.00026385791816383006,0.09412715065254222,0.2488362549020789,-1.8933934367414142e-5,-1.2959673064080052e-5,0.049484371372624514,-0.09842644265773132,0.0489420712851068,0.00018782622845220655,0.10703407360539478,0.9639598725294126,9.006102823697692,-5.0081260052459555,0.2605990600662807,0.2521768049952901,0.00018637629211164803,0.2250995707888104,0.07495089162770144,true
10.925,1.4047980430537699,0.0002464922989602721,0.09082002778789763,0.23900475702158308,-1.7776706623392853e-5,-1.2095439083828052e-5,0.04812946237823274,-0.09572719721816428,0.04759773483993154,0.00017546458024987252,0.10594058921752046,0.9639898808849497,9.099344151330481,-5.059535000456698,0.26144270942975706,0.2529410359575134,0.0001741090110919137,0.2160326451087966,0.07193399930924714,true
10.975,1.4047980430537699,0.00023019858423563186,0.08761404106362206,0.22952746669870427,-1.6682982353816738e-5,-1.1283124036242168e-5,0.04680340215571211,-0.09308556082399251,0.0462821586682804,0.00016386596306414473,0.10485433691371805,0.9640680088423016,9.194355114139041,-5.1112048097610225,0.26227885508991977,0.25369800269832826,0.00016259880699323213,0.2072999594740539,0.06902819048657585,true
11.025,1.4047980430537699,0.00021491566974043015,0.08450673165060507,0.22039319959278736,-1.564978313526276e-5,-1.0520020976472703e-5,0.045505791287040964,-0.09050073128674901,0.04499493999970805,0.00015298688007369616,0.1037753372156079,0.9641938684268004,9.291165842453989,-5.163135538263651,0.26310742799582515,0.2544476542811614,0.0001518025413096931,0.19889065995482388,0.06622986557578915,true
11.075000000000001,1.4047980430537699,0.0002005855886180842,0.0814956740221782,0.21159105516557491,-1.4674233837912477e-5,-9.8035357640751e-6,0.04423623287391276,-0.08797191158584805,0.04373567871193529,0.00014278606779807894,0.10270360935126736,0.9643670630995785,9.389806932697427,-5.215327292621695,0.26392835953043475,0.25518994025825065,0.0001416792884574803,0.19079417898202186,0.0635355195319275,true
11.125,1.4047980430537699,0.00018715337323654,0.07857847672139318,0.20311041249489625,-1.3753561930118738e-5,-9.131184243885669e-6,0.042994332474798946,-0.0854983097449184,0.04250397727011945,0.0001332243977431114,0.10163917127430629,0.9645871880643171,9.490309454226713,-5.267780179855045,0.264741581501522,0.25592481065698186,0.0001321902385381206,0.18300023071970015,0.060941740344746906,true
11.175,1.4047980430537699,0.0001745669216003804,0.07575278305378175,0.19494092600924645,-1.2885096491633222e-5,-8.500589368162174e-6,0.04177969804286248,-0.08307913870954382,0.04129944066668134,0.00012426478130685912,0.10058203968297127,0.9648538305705534,9.592704956190156,-5.320494306102721,0.26554702613021725,0.25665221596409205,0.0001232986033016023,0.17549880637445386,0.05844520751233918,true
11.225,1.4047980430537699,0.00016277686829459055,0.0730162717082741,0.18707252115195283,-1.2066266968670221e-5,-7.909478271579846e-6,0.04059193986520676,-0.08071361622738461,0.04012167636217785,0.00011587207791145828,0.09953223003929428,0.9651665702136826,9.697025474387994,-5.373469775319721,0.26634462603735837,0.25737210710790037,0.00011496952527812975,0.16828016945060034,0.05604269049554121,true
11.275,1.4047980430537699,0.00015173645990296806,0.07036665730881049,0.17949538998316866,-1.1294601701609865e-5,-7.35567931003326e-6,0.03943067050390166,-0.07840096473159394,0.038970294227692284,0.00010801300632019759,0.09848975658826296,0.9655249792316998,9.803303538134253,-5.426706687911478,0.2671343142271358,0.25808443543811416,0.0001071699900408869,0.1613348509593134,0.05373104715586531,true
11.325000000000001,1.4047980430537699,0.00014140143483707188,0.06780169089934002,0.17219998672769593,-1.0567726253884758e-5,-6.837119073618142e-6,0.0382955047392064,-0.07614041122839207,0.037844906489185676,0.00010065605909422499,0.09745463237694617,0.965928622799231,9.911572177124448,-5.480205139300375,0.26791602406883064,0.25878915270394026,9.986874155717008e-5,0.15465364458928693,0.05150722217948254,true
11.375,1.4047980430537699,0.0001317299075051541,0.06531916036479057,0.16517702327641015,-9.883361568432585e-6,-6.35181938349761e-6,0.037186059515393007,-0.07393118718961125,0.036745127674218246,9.377142013865407e-5,0.096426869273625,0.96637705931863,10.02186492829501,-5.533965218419969,0.2686896892763759,0.25948621103026603,9.30362005805494e-5,0.14822760184696895,0.0493682454899492,true
11.425,1.4047980430537699,0.00012268225674465008,0.06291689079054184,0.1584174646485551,-9.239321976005495e-6,-5.897894281790481e-6,0.03610195388955606,-0.07177252845097151,0.03567057456141545,8.733088528366801e-5,0.09540647798680954,0.9668698407086306,10.134215842684242,-5.587987006134715,0.2694552438862814,0.2601755628924045,8.664438603204543e-5,0.14204802717295095,0.04731123065188326,true
11.475,1.4047980430537699,0.00011422101843682733,0.06059274476291311,0.15191252442221473,-8.633513077684617e-6,-5.47354702297464e-6,0.035042808983807294,-0.06966367511681117,0.03462086613300387,8.130778584267677e-5,0.09439346808420891,0.9674065126902216,10.248659492277508,-5.642270573580885,0.2702126222332802,0.26085716108883134,8.066683931524094e-5,0.13610647304201368,0.04533337326810475,true
11.525,1.4047980430537699,0.00010631078221794178,0.05834462261303177,0.1456536601398917,-8.06392952213258e-6,-5.077067074744012e-6,0.03400824794123473,-0.06760387147193843,0.0335956235307037,7.567691508655713e-5,0.09338784801164696,0.9679866150692882,10.365230976824359,-5.69681598042993,0.27096175892296,0.2615309587112584,7.507855150644464e-5,0.13039473505345442,0.043431949372464036,true
11.575000000000001,1.4047980430537699,9.891809219769816e-5,0.056170462606502214,0.13963256869593169,-7.528652696455352e-6,-4.706827135654177e-6,0.032997895885905855,-0.06559236590117563,0.03259447001526978,7.041445757047654e-5,0.0923896251119798,0.9686096820155453,10.483965930606958,-5.751623273071939,0.2717025888003822,0.2621969091111585,6.985589335880683e-5,0.12490484701834093,0.04160431382058999,true
11.625,1.4047980430537699,9.20113515925182e-5,0.054068241081405954,0.13384118171181214,-7.025848348010188e-6,-4.3612801763606625e-6,0.032011379887041114,-0.06362841081704632,0.0316170309300052,6.549792124745748e-5,0.0913988056439335,0.9692752423379128,10.604900529159677,-5.806692482718601,0.27243504691536025,0.2628549658633554,6.497654805663554e-5,0.11962907604920833,0.03984789868041498,true
11.675,1.4047980430537699,8.556073117826797e-5,0.052035972537305575,0.12827166090475772,-6.5537641529233365e-6,-4.038956510664989e-6,0.031048328927434896,-0.06171126259598346,0.030662933668548564,6.0906072300809046e-5,0.09041539480078699,0.969982819756102,10.728071495935769,-5.862023623429278,0.27315906848692656,0.26350508272896167,6.041944665406247e-5,0.11455991765754918,0.038160211624279836,true
11.725,1.4047980430537699,7.953808146478117e-5,0.05007170967774621,0.12291639345505119,-6.110727245550021e-6,-3.7384609020776633e-6,0.03010837387634891,-0.05984018152346958,0.02973180764712067,5.66188726259044e-5,0.08943939672869326,0.9707319331685778,10.853516108938098,-5.917616690069048,0.27387458886937277,0.2641472136198021,5.6164706130379646e-5,0.10969009086357717,0.036538834324133,true
11.775,1.4047980430537699,7.391684849363262e-5,0.048173543408246894,0.11776798737780955,-5.695141721723829e-6,-3.458469711092524e-6,0.029191147467259537,-0.05801443174854421,0.028823284281284674,5.261741989115469e-5,0.08847081454480611,0.9715220969147866,10.981272207262865,-5.97347165621003,0.27458154351714764,0.26478131256188087,5.219356999368933e-5,0.1050125333244704,0.034981420851913914,true
11.825000000000001,1.4047980430537699,6.867199316041206e-5,0.04633960279172279,0.11281926690512084,-5.305486127597234e-6,-3.197728087858372e-6,0.02829628428071069,-0.056233281248005446,0.027936996967294757,4.8883890107884764e-5,0.08750965035533544,0.9723528210310346,11.111378197521853,-6.029588471973536,0.2752798679454225,0.26540733365503405,4.848835136430741e-5,0.10052039648655904,0.03348569608696383,true
11.875,1.4047980430537699,6.377991396129658e-5,0.04456805496361284,0.10806326788314634,-4.940310944772239e-6,-2.9550472144623894e-6,0.027423420732391013,-0.054496001800520444,0.02707258106812943,4.540148263778251e-5,0.08655590527353621,0.973223611499779,11.243873060124235,-6.085967061813849,0.27596949768618756,0.266025231028657,4.503237846813715e-5,0.09620704076595327,0.03204945413198572,true
11.925,1.4047980430537699,5.921837306124031e-5,0.042857105008370415,0.10349323318967804,-4.598236080531946e-6,-2.729301600569098e-6,0.026572195067003396,-0.05280186897103607,0.026229673904032677,4.2154367564828444e-5,0.08560957943791819,0.9741339704871496,11.378796355302338,-6.142607322282135,0.27665036823208844,0.26663495878654236,4.180994246834016e-5,0.09206603076303474,0.030670556739384455,true
11.975,1.4047980430537699,5.496642558233843e-5,0.041204995797476725,0.09910260818409637,-4.2779483703952985e-6,-2.5194264357515997e-6,0.02574224735658184,-0.05115016210487758,0.025407914748295738,3.912763535949384e-5,0.08467067203303942,0.9750833965479812,11.51618822828633,-6.199509119842472,0.27732241493306914,0.2672364709096063,3.880624756436564e-5,0.0880911305242847,0.029346931752502546,true
12.025,1.4047980430537699,5.1004352014303836e-5,0.03961000780043629,0.09488503618816996,-3.9781991077190096e-6,-2.3244150015684292e-6,0.02493321948711879,-0.049540164323568836,0.024606944836450047,3.63072487654025e-5,0.08373918131038327,0.976071384822222,11.656089414158073,-6.256672288636446,0.277985572955757,0.26782972121496806,3.600736329085691e-5,0.08427629884257319,0.02807657155881525,true
12.075000000000001,1.4047980430537699,4.731359362790504e-5,0.03807045892807417,0.09083435386195773,-3.6978016406442562e-6,-2.1433161462823536e-6,0.02414475510959613,-0.04797116251052256,0.02382640740092643,3.3679996823638844e-5,0.08281510456138166,0.9770974275806134,11.798541253502847,-6.314096627527855,0.2786397782573937,0.2684146642219934,3.3400178937016326e-5,0.08061568441289459,0.026857531494106513,true
12.125,1.4047980430537699,4.387669071641129e-5,0.03658470442513759,0.08694458619745044,-3.4356290375570944e-6,-1.975231823181183e-6,0.02337649973014362,-0.04644244736957194,0.02306594763942832,3.1233450910161806e-5,0.08189843795006042,0.9781610157238406,11.94358574116271,-6.371781896430838,0.2792849704750297,0.26899125772686455,3.097235996223568e-5,0.07710362054143227,0.025687928096966503,true
12.175,1.4047980430537699,4.067722366944602e-5,0.03515113605315165,0.08320994228608936,-3.1906114224415986e-6,-1.8193146859671891e-6,0.022628101747027195,-0.044953313913658484,0.02232521216663129,2.8955922789457548e-5,0.08098917665273964,0.9792616376967762,12.091265502001502,-6.429727820743424,0.27992108587023856,0.26955945648898344,2.8712306364876504e-5,0.0737346211574745,0.02456593779681481,true
12.225,1.4047980430537699,3.7699757917639307e-5,0.033768178405142214,0.07962481869020044,-2.9617319810681703e-6,-1.6747657341692262e-6,0.02189921412030353,-0.04350306188205452,0.02160384776175099,2.6836425423605403e-5,0.08008731785138198,0.9803987571252251,12.241623061276078,-6.487934130082853,0.28054799497350513,0.2701191565764458,2.6609113625830264e-5,0.07050338682109664,0.023489798932882076,true
12.275,1.4047980430537699,3.492979406138182e-5,0.03243428709612885,0.07618381625141443,-2.7480229981221087e-6,-1.5408320896869365e-6,0.02118948318320131,-0.04209098690141004,0.02090150371820873,2.4864637471626126e-5,0.07919286808942802,0.981571759908984,12.394698962039746,-6.546400611549822,0.281165429228547,0.2706701300585691,2.4652537176001537e-5,0.06740482354554599,0.02245781804337771,true
12.325000000000001,1.4047980430537699,3.2353713286401095e-5,0.031147995386657825,0.07288171139397473,-2.5485744799807412e-6,-1.4168054257561067e-6,0.020498474409402286,-0.040716321529825295,0.02021784712042301,2.3030864433773082e-5,0.07830582723272773,0.9827800767829221,12.550535656331991,-6.605126865972332,0.28177372250215627,0.27121268651126446,2.283295376874674e-5,0.06443397988648429,0.021468348910981715,true
12.375,1.4047980430537699,2.995866851063307e-5,0.029908133846355232,0.06971313516128894,-2.362577913136739e-6,-1.3020219752682936e-6,0.019825465842690716,-0.03937798718837962,0.019552521345688904,2.13259611648579e-5,0.07742603411808255,0.9840243008346793,12.709217410437715,-6.6641111745231,0.2823780925764312,0.2717514878291738,2.1141283777846287e-5,0.06158555529109384,0.020519628708744533,true
12.425,1.4047980430537699,2.7732339837354497e-5,0.028714298421066084,0.06667164727852881,-2.189393835399605e-6,-1.1958640612946868e-6,0.019169208190996313,-0.03807362478673123,0.018904416595734917,1.9741157794517954e-5,0.07655271668293362,0.9853093491614695,12.870991283593868,-6.723349257091404,0.2829993417524122,0.2723050707890476,1.9568812429838715e-5,0.05885259821505214,0.019609344107142636,true
12.475,1.4047980430537699,2.566265747828817e-5,0.027567041714675597,0.06374851934624903,-2.0285204933376454e-6,-1.0977589232653026e-6,0.01852817486282816,-0.036795490310403224,0.018267315447575063,1.826786249111105e-5,0.0756839053996856,0.9866485414674458,13.036438014885322,-6.78283521207782,0.2836837990216613,0.27291466431651384,1.8106979251034484e-5,0.05622506941119515,0.018734152451615867,true
12.525,1.4047980430537699,2.3738380038833416e-5,0.026466856461797816,0.06093337866178712,-1.8793872261351231e-6,-1.0071661321267448e-6,0.017901994169259396,-0.03551393120937201,0.017611937040112616,1.6898073111798042e-5,0.07481671188090414,0.9880629761429542,13.206447480822032,-6.842549090796252,0.28448896565365217,0.27363134378517634,1.6747784548513e-5,0.053691217163058934,0.017890139997472382,true
12.575000000000001,1.4047980430537699,2.195085363788948e-5,0.025409947763734543,0.058216343219286135,-1.7408772010829755e-6,-9.235600969946132e-7,0.017292672877712235,-0.03412853052720031,0.016835857649488074,1.562562942511822e-5,0.07394892495535026,0.9895743468216345,13.381862514149208,-6.902408026709736,0.285417525597053,0.2744572901673632,1.5485042888913824e-5,0.05124239781342898,0.017074428218178204,true
12.625,1.4047980430537699,2.0293120288591005e-5,0.02438848857375759,0.0555956818567611,-1.6116432004961783e-6,-8.464287298070661e-7,0.016702255135117566,-0.032570917455180495,0.01586866232006293,1.4445578415298425e-5,0.07308221381169737,0.991177057569479,13.562493606492714,-6.962336194981,0.28637886856689504,0.2753117572361868,1.4313886407863925e-5,0.04888124421183647,0.01628789693673651,true
12.675,1.4047980430537699,1.875643195267922e-5,0.023399368990351596,0.05307551621911864,-1.4909930253543207e-6,-7.752995802917315e-7,0.016130273024935513,-0.031062229739784775,0.014931956714849263,1.335169282547278e-5,0.0722198998670588,0.9928444536896751,13.747519112007726,-7.022379527580188,0.2873102434066738,0.2761389660365472,1.3228261175300685e-5,0.046614038660857,0.015532643061331668,true
12.725,1.4047980430537699,1.7331414226385283e-5,0.02244345797793615,0.05065369759320846,-1.378516372436752e-6,-7.097413144957878e-7,0.015575478811134743,-0.029613801712619077,0.014038322901484334,1.2337299522933566e-5,0.07136207307991967,0.994571821406343,13.936980506332883,-7.0825882262083235,0.2882309509485949,0.2769560978786215,1.2221550045463155e-5,0.0444378450493601,0.01480769087040791,true
12.775,1.4047980430537699,1.6010287244736288e-5,0.02152066161660072,0.04832946227835312,-1.2737357694349453e-6,-6.49349591047327e-7,0.015037184727977448,-0.02822525804359268,0.013188073315615233,1.1396860441186906e-5,0.07050967908623962,0.9963504999845751,14.130691174554201,-7.142983864660859,0.289139737090372,0.27776206062185027,1.1288266472665993e-5,0.04235183896239547,0.014112768046657358,true
12.825000000000001,1.4047980430537699,1.4785861332323148e-5,0.020630677650223,0.046100884386656764,-1.1762327689640583e-6,-5.937475073513319e-7,0.01451482181795535,-0.026895309833725636,0.012380488015770286,1.0525257637874718e-5,0.06966326555945113,0.9981754562974948,14.32857688024465,-7.2035747918570445,0.2900382298349864,0.27855831841688744,1.0423341579183314e-5,0.040354037513209096,0.013447215916696446,true
12.875,1.4047980430537699,1.3651404461645174e-5,0.01977293017428644,0.04396547543445374,-1.0855921380554024e-6,-5.425834386442625e-7,0.014007928812204598,-0.025622350062877115,0.011614421250672517,9.717698945515013e-6,0.0688232111155704,1.000042970515397,14.530606089217331,-7.264366503403296,0.29092702530700626,0.2793454176088038,9.622026742410397e-6,0.038441997998152025,0.012810222387974836,true
12.925,1.4047980430537699,1.2600602240921105e-5,0.018946686957996783,0.04192043061316893,-1.0014051516554917e-6,-4.955294839161721e-7,0.013516096966889721,-0.024404595482921974,0.010888498516032253,8.969689488981446e-6,0.06798978204893487,1.0019500944332358,14.736774618752177,-7.325364055562033,0.29180619494085175,0.28012343874173345,8.879865167374805e-6,0.03661301951029716,0.012200889167965159,true
12.975,1.4047980430537699,1.1627554185366113e-5,0.018151144784377723,0.03996280478688101,-9.23274094111861e-7,-4.522799987836685e-7,0.013038947304894473,-0.023240183877448237,0.010201236572553764,8.277029031226418e-6,0.0671631775696307,1.0038943632037824,14.947094517125933,-7.386571850057056,0.2926756691720777,0.28089233740903363,8.192689302286235e-6,0.03486428730230371,0.011618279887190313,true
13.025,1.4047980430537699,1.0726756414217197e-5,0.017385467692613434,0.038089600368868534,-8.508161306880514e-7,-4.1255019481763883e-7,0.01257612270009168,-0.022127225255720175,0.009551102555628495,7.635799656226187e-6,0.06634355278184474,1.005873651491685,15.161588569114851,-7.447993479232773,0.2935353648268861,0.2816520572247193,7.556609487584256e-6,0.03319294762796808,0.011061445051880156,true
13.075000000000001,1.4047980430537699,9.893079375659408e-6,0.01664879959587218,0.03629780813232342,-7.836651434633828e-7,-3.760748158757824e-7,0.012127284849848033,-0.02106317372541014,0.008935888875562107,7.042349912556607e-6,0.0655310290657444,1.0078861142782536,15.380288218381033,-7.509631585794726,0.2943851476210071,0.2824024967528655,6.9679989874097326e-6,0.03159614555903529,0.010529434656387492,true
13.125,1.4047980430537699,9.12174358541548e-6,0.01594026914330712,0.03458444981616728,-7.214724871919598e-7,-3.4260690168669327e-7,0.01169210853139606,-0.02004654424957409,0.00835443571817803,6.493277543002911e-6,0.06472571115058055,1.009930047855985,15.603228298356463,-7.571488106231791,0.2952246167237897,0.2831433195994333,6.423477586491816e-6,0.030071069096133548,0.010021312894461636,true
13.175,1.4047980430537699,8.408288764255974e-6,0.01525900829467398,0.03294659589239845,-6.639077353989055e-7,-3.119166627929982e-7,0.011270272675686754,-0.019075883568656308,0.0078056108929695535,5.985407515216861e-6,0.0639276888261577,1.0120038227396861,15.83044595107587,-7.6335651455717475,0.2960533526140505,0.2838741737042378,5.919890117664474e-6,0.02861495752169381,0.009536160953207405,true
13.225,1.4047980430537699,7.748553639083894e-6,0.014604163524171036,0.03138135981078023,-6.106584273147785e-7,-2.837904189323024e-7,0.010861460681702944,-0.01814937746052231,0.007287916778819365,5.515777643197721e-6,0.06313702712195345,1.0141059688344267,16.061984782330857,-7.695864903918204,0.29687121552743584,0.28459495430033804,5.454292117754275e-6,0.027225088560502885,0.009073072739364144,true
13.275,1.4047980430537699,7.138664845406592e-6,0.013974889169302968,0.0298859295899602,-5.614297218533223e-7,-2.580295609908045e-7,0.010465362410298145,-0.01726526339325317,0.006799900982955024,5.081630687560228e-6,0.062353785873797224,1.016235063765197,16.2978887251856,-7.75838915721867,0.2976779447028253,0.28530545023665554,5.023942445333405e-6,0.02589881754396996,0.00863116793756346,true
13.325000000000001,1.4047980430537699,6.575016414416027e-6,0.013370353226002114,0.028457561293036317,-5.159440777554401e-7,-2.344495978144883e-7,0.010081672825989627,-0.016421823433880482,0.006340150607890855,4.6803997534927965e-6,0.06157801317312413,1.0183897851398782,16.538204671799267,-7.8211392352996825,0.2984733329326968,0.28600549789095264,4.6262888298895744e-6,0.024633566762109742,0.008209588467242734,true
13.375,1.4047980430537699,6.05425057440052e-6,0.01278973755719149,0.02709358284894909,-4.7394047717349766e-7,-2.1287924505607961e-7,0.00971009231614877,-0.015617387062272888,0.005907294746124118,4.30969462431746e-6,0.060809747065960366,1.0205688842571519,16.782981898446973,-7.88411626219739,0.2992571909255346,0.2866949496610953,4.258954447335618e-6,0.02342682968425323,0.007807499895537522,true
13.425,1.4047980430537699,5.57324060171548e-6,0.012232238571031699,0.02579139616021122,-4.3517367215233843e-7,-1.9315956795862158e-7,0.009350326611953046,-0.01485033251736631,0.005500005905413264,3.96728955402037e-6,0.060049016394101054,1.0227711704776548,17.03227183215156,-7.947321341457077,0.30002933322773406,0.28737366152625543,3.919725883406103e-6,0.022276172973820074,0.007424092114217312,true
13.475,1.4047980430537699,5.129076459861673e-6,0.011697067629016705,0.024548480701867714,-3.9941347757265644e-7,-1.751431747235054e-7,0.009002086349501153,-0.01411908933696876,0.005117002987467607,3.6511130444857496e-6,0.05929584327815995,1.0249954956002814,17.286127305618592,-8.010755529210494,0.3007895376688617,0.2880414574055181,3.6065430361913637e-6,0.02117924029504866,0.007058580613085069,true
13.525,1.4047980430537699,4.7190508724049266e-6,0.011183452658809684,0.023362394469577566,-3.664440951507164e-7,-1.5869346006768328e-7,0.008665086209504926,-0.01342213843321093,0.004757052223706005,3.359237931558181e-6,0.05855024365699955,1.0272407526298815,17.544602523734795,-8.074419811805535,0.3015375644044773,0.2886981459531203,3.317489285926524e-6,0.02013375242202443,0.006710206520665197,true
13.575000000000001,1.4047980430537699,4.340645499007137e-6,0.01069063980038099,0.022230773654319573,-3.3606341021868415e-7,-1.4368389337899548e-7,0.008339044504118775,-0.012758011225306402,0.004418966721187627,3.0898715445042764e-6,0.05781222699446379,1.029505873442482,17.807753255052248,-8.138315214921118,0.3022731946394965,0.2893435545491496,3.050781734955967e-6,0.01913750593446218,0.0063782361737839115,true
13.625,1.4047980430537699,3.991518385302501e-6,0.010217893890735158,0.021151333242636565,-3.080822930399373e-7,-1.2999734679960072e-7,0.008023683413232154,-0.012125289949350158,0.004101606536118005,2.84134677225609e-6,0.057081797394825225,1.0317898167495434,18.075636434725876,-8.202442891066047,0.30299622379765784,0.2899775232343192,2.804762362041794e-6,0.018188373679906774,0.006061961275574389,true
13.675,1.4047980430537699,3.6694928591950385e-6,0.009764498247800051,0.02012186761135435,-2.823239389484498e-7,-1.1752546193240124e-7,0.007718729397381996,-0.01152260825358646,0.0038038788562044634,2.6121141592838803e-6,0.05635895541897476,1.034091558436398,18.34830952328551,-8.266804061573172,0.3037064250800465,0.2905998727277868,2.577890193738356e-6,0.01728430566365953,0.005760699195608534,true
13.725,1.4047980430537699,3.372546989434415e-6,0.00932975429049237,0.019140249980974907,-2.5862323015032044e-7,-1.061680536993358e-7,0.007423913746457381,-0.010948651020317769,0.0035247372738603875,2.4007344017244816e-6,0.05564369940619517,1.036410087041948,18.62583002392105,-8.331399923176884,0.30440351041567393,0.2912103702745325,2.3687338655727893e-6,0.0164233287798217,0.005473792883557266,true
13.775,1.4047980430537699,3.0988032384239103e-6,0.008912980265228732,0.01820443190223223,-2.3682609526751157e-7,-9.583254707907943e-8,0.00713897433745678,-0.010402154641569482,0.003263180304112702,2.2058709817730726e-6,0.05493602772474865,1.0387443848748492,18.908254344114063,-8.396231657596813,0.305087031452718,0.2918086431403515,2.1759643402312064e-6,0.015603547225038856,0.005200611010376291,true
13.825000000000001,1.4047980430537699,2.846519093923312e-6,0.008513506281147148,0.01731244707605359,-2.1678886762412468e-7,-8.643343816502414e-8,0.006863661402039891,-0.009881912242706167,0.0030182508406662763,2.0262834988974704e-6,0.0542359483323757,1.0410933444000732,19.19563271983208,-8.461300478929513,0.3057559841770765,0.2923938331995392,1.9983483947337266e-6,0.014823150340869236,0.00494055058547717,true
13.875,1.4047980430537699,2.614080219492637e-6,0.008130659055487169,0.01646242953961862,-1.9837765784858953e-7,-7.789176376758592e-8,0.006597752923173893,-0.009386794347842967,0.0027890414246690733,1.8608227940082492e-6,0.05354351255745042,1.0434554867673775,19.487990924162553,-8.526607453008715,0.3064074925795239,0.29296344766742954,1.8347440890874298e-6,0.01408044363123067,0.004693047298400247,true
13.925,1.4047980430537699,2.3999982425088128e-6,0.007763724268465898,0.015652667581640772,-1.8146777071387776e-7,-7.013455378807845e-8,0.006341088634862535,-0.008915806415624249,0.0025747177807617138,1.708429374867054e-6,0.05285891124949481,1.0458281641583207,19.785276303213983,-8.592152677870754,0.30703321954120155,0.2935102278940588,1.6840999404370477e-6,0.013373935102605372,0.004457604300657636,true
13.975,1.4047980430537699,2.2029147638232622e-6,0.007411868261602344,0.014881722247415189,-1.6594321323715183e-7,-6.309423646811882e-8,0.006093629997802438,-0.008468212764902353,0.002374582767099915,1.5681362703456897e-6,0.052182694949117356,1.048205697742358,20.08722812734086,-8.657933491134957,0.3076112557689391,0.29401507860382753,1.5454592079404884e-6,0.01270252121817322,0.004233854191705245,true
14.025,1.4047980430537699,2.021616159434717e-6,0.007074004776005187,0.014148679718671123,-1.5169566837225144e-7,-5.670799618838311e-8,0.005855530326291806,-0.008043783676774576,0.00218825335048277,1.439079566939102e-6,0.051516240016731885,1.0505753638442226,20.3930908681031,-8.723940955508583,0.30809025227786335,0.2944332427258118,1.417972491645806e-6,0.012065857553697313,0.004021682571898621,true
14.075000000000001,1.4047980430537699,1.8551387101868924e-6,0.006749089811329672,0.013454487679907836,-1.3862997692212836e-7,-5.0917241257774975e-8,0.0056271232324067,-0.007643673363686313,0.002016550131279613,1.320573244930044e-6,0.05086336517380409,1.052904055970806,20.70063693923811,-8.790136918810468,0.3083713404933111,0.294678554139147,1.3009724258965574e-6,0.011465675652820587,0.003821666983538076,true
14.125,1.4047980430537699,1.7020688554071702e-6,0.00643325181133275,0.012793774493455742,-1.2664815924841293e-7,-4.566717565120939e-8,0.005409294016916596,-0.007265497606059523,0.001856203589142927,1.2116110666748857e-6,0.050222277420083984,1.0552030719360561,21.01065754365967,-8.856566267265068,0.30830612821675063,0.2946216472443217,1.1934895785869045e-6,0.010898399247919724,0.003632615750783171,true
14.175,1.4047980430537699,1.5624898118920005e-6,0.006127603500735836,0.012179219524727385,-1.156656228193436e-7,-4.090426315145183e-8,0.005203758794298178,-0.0069183624566773565,0.0017146036623791787,1.1122522697251471e-6,0.04961139475728886,1.057315017660513,21.311938977590895,-8.923050531137266,0.3075967096856617,0.2940023772248032,1.0955989976971232e-6,0.010377689529055049,0.0034590828384264776,true
14.225,1.4047980430537699,1.4354507791158448e-6,0.0058240236672098405,0.011609244130893277,-1.0560728394644457e-7,-3.657864114966873e-8,0.005011703114813804,-0.006604392173831354,0.0015926890590175508,1.0218200304404194e-6,0.04903875129593211,1.0591632993108253,21.5984965220492,-8.989558033989809,0.30567847454088853,0.29232604571077686,1.0067088591397756e-6,0.009906730322340079,0.0033021298985927965,true
14.275,1.4047980430537699,1.32017666253554e-6,0.0055224610417529164,0.011086862882826653,-9.639935705218669e-8,-3.2645459442054805e-8,0.004833266120519404,-0.006325709216838367,0.0014924430963189636,9.397626007975647e-7,0.04851310553924021,1.0606629003993955,21.863430275381358,-9.056049797621041,0.3023295361257597,0.2893929697611088,9.262540964596233e-7,0.009488701481741033,0.0031628172533662044,true
14.325000000000001,1.4047980430537699,1.2155552411810493e-6,0.005221905944423488,0.010610320962150666,-8.796693162809474e-8,-2.9065312237845815e-8,0.004667704227068116,-0.00608108414335843,0.0014133799162903138,8.652882506432442e-7,0.04803718861269831,1.0617769049334886,22.103227428526385,-9.122579978601621,0.2974008578369477,0.2850614695123014,8.534223425997282e-7,0.009121756780120574,0.0030405298883222527,true
14.375,1.4047980430537699,1.1202768906841776e-6,0.004923708919526218,0.010174497951204684,-8.024906293450575e-8,-2.580542947254775e-8,0.004513106949242243,-0.005865692508890824,0.0013525855596485808,7.974647289861708e-7,0.04760610528479229,1.0625345685838448,22.31929207876768,-9.18927160285685,0.29102455906494784,0.2794317572758441,7.872290477446145e-7,0.008798657315614836,0.002932855201596595,true
14.425,1.4047980430537699,1.032949716021874e-6,0.004631091626321115,0.009771141884403194,-7.320498767495478e-8,-2.2838886550930393e-8,0.004367109361932225,-0.005671684183091356,0.0013045748211591313,7.353012207907361e-7,0.047207528622114504,1.063033280074718,22.518299752229286,-9.256293067639717,0.2835919432430387,0.27283287450537236,7.266199452539718e-7,0.008507627843976944,0.002835868407946767,true
14.475,1.4047980430537699,9.523806721413529e-7,0.004347089672855624,0.00939214555489904,-6.679123398228827e-8,-2.0142874874193393e-8,0.004227933140507295,-0.0054915967135298685,0.0012636635730225738,6.779484615959845e-7,0.04682828772907196,1.0633815764871164,22.708102902232476,-9.323817817960103,0.2755158109996364,0.26561877176114146,6.706990103982585e-7,0.008237476935317949,0.0027458392490463035,true
14.525,1.4047980430537699,8.777483138376655e-7,0.004072971431334142,0.009032924490207511,-6.094392419156149e-8,-1.7696775023444715e-8,0.004094929533873688,-0.005321441589399682,0.0012265120555259943,6.248217088412252e-7,0.046461290859451755,1.0636351992307933,22.8929325801204,-9.392007684186755,0.26700626097200025,0.2579689551583389,6.188630107324786e-7,0.007982224305717862,0.0026607744720494367,true
14.575000000000001,1.4047980430537699,8.085477709995538e-7,0.0038082502626131873,0.00869241039498445,-5.559525412068579e-8,-1.548126579871672e-8,0.003968222961902053,-0.005160534374656197,0.001192311412754144,5.755615727097122e-7,0.04610605069847143,1.0637912384327444,23.07270352409543,-9.46098733157636,0.2580552508318007,0.24986960778031966,5.707553854656364e-7,0.007740844395565421,0.002580332380103925,true
14.625,1.4047980430537699,7.444923869549762e-7,0.0035518681148320745,0.008370339821039765,-5.0694226031893725e-8,-1.3478337479111099e-8,0.0038479467148387334,-0.005008953665339901,0.0011610069505011678,5.299639977690943e-7,0.04576371725166485,1.0638391862326195,23.246345579453948,-9.530712100348739,0.24859167805787696,0.24124908274836457,5.26179275598693e-7,0.007513454896313264,0.0025045523076685813,true
14.675,1.4047980430537699,6.854642663933748e-7,0.0033035437362993777,0.0080657381442052,-4.6210539232858944e-8,-1.1671726626020411e-8,0.0037339830518577314,-0.004865968205540557,0.0011319851536828254,4.879450607030337e-7,0.045433596117448384,1.0637994203907495,23.41437859421844,-9.6008376374533,0.2386249978158797,0.23210814576106495,4.850521938795323e-7,0.007298958733145763,0.002433068586315243,true
14.725,1.4047980430537699,6.309564801535886e-7,0.0030625555048126958,0.007775401128671358,-4.208769436478056e-8,-1.004695991196024e-8,0.0036258862228671753,-0.004729387861738326,0.001103501638871151,4.491439059681536e-7,0.04511139371876775,1.0637082243708047,23.57959124477834,-9.671431974571965,0.2281900299089892,0.2224714085632475,4.4701666375552296e-7,0.007094070091721674,0.002364786049747511,true
14.775,1.4047980430537699,5.790737420449581e-7,0.002831598257450479,0.007499944109674015,-3.826196646917025e-8,-8.591471796688156e-9,0.003524324269455352,-0.004598796225855852,0.0010744719564005,4.1221138149235986e-7,0.044796726274069686,1.0634476429243105,23.739405339980852,-9.745184378091155,0.21749082510218812,0.2125225022743975,4.107406695365756e-7,0.006898165762570966,0.002299497589296771,true
14.825000000000001,1.4047980430537699,5.255607188602601e-7,0.0026002231567367716,0.007220949000184445,-3.447942696382342e-8,-7.296741540534766e-9,0.003428004923453652,-0.004464073757710335,0.001036068834256683,3.741183449528366e-7,0.044464992620432124,1.062936226876341,23.90501300539766,-9.829390434281187,0.2061066045535302,0.20186361987311457,3.7323346811815696e-7,0.006696058541291395,0.0022321418940027507,true
14.875,1.4047980430537699,4.7040743277266254e-7,0.0024030821728579592,0.006974988445732791,-3.122691643893681e-8,-6.165194549072794e-9,0.0033504629158378494,-0.004341957504997572,0.0009914945891597226,3.348576936725255e-7,0.044157783640090986,1.0615934499726223,24.04091334440976,-9.928182845421324,0.19595709084313415,0.1922997921342267,3.3450084050598335e-7,0.006512876243413381,0.0021710954716410874,true
14.925,1.4047980430537699,4.197277772500416e-7,0.0021014716113651483,0.0065718663076588316,-2.818775225197288e-8,-5.2213994325439215e-9,0.0032680099642106606,-0.004134031195496656,0.0008660212312859954,2.9878157883650765e-7,0.0436193757541921,1.0628744075878247,24.367024727209117,-10.021362865793987,0.1793049502002708,0.17649028945157283,2.9898819054846226e-7,0.0062009769746961835,0.0020671387793319445,true
14.975,1.4047980430537699,4.076683893424993e-7,0.0018952422775527604,0.0063360501214565134,-2.6073551121943712e-8,-4.5978463711316645e-9,0.0031638211079385212,-0.004016024143965276,0.0008522030360267551,2.9019715065683316e-7,0.04330461469946329,1.0652640704332355,24.599319906809797,-10.039020843017743,0.16696916803234782,0.1646892869677907,2.9047005432441406e-7,0.006023924022136042,0.002008121000476328,true
