r,tau,Dtau,Sr,E,nur,Pi,piR,piEta,piPhi,D,T,mu,alpha,phi,ur,v,n,e,P,ok
0.024999999999999994,8.104804743060336,0.11421458331931961,0.0,0.47131689062647497,-2.3604945855339533e-6,-0.007230408880832475,-0.0017288741572946975,0.0002432480699593679,0.0014856260873353296,0.014092206652740743,0.127119449130837,1.3774917000174902,10.83619941272491,-0.9637258564298747,0.0,0.0,0.01409220665274074,0.4713168906264797,0.15087042955949984,true
0.07499999999999998,8.104804743060336,0.1136300318822697,0.006632644478953605,0.46811832597215774,-7.087544927696861e-6,-0.00723763802600752,-0.002161832035149745,0.0010806626609415576,0.0010811693742081873,0.014020082591078379,0.12689568167387447,1.3774173885032281,10.854722322570678,-0.9660108987145258,0.01090010150245938,0.010899454027565323,0.014019327032551581,0.468046033768583,0.1498111183591225,true
0.125,8.104804743060336,0.11392649096484658,0.010378958968802535,0.4697295820501412,-1.1784479036979197e-5,-0.007236594195183268,-0.0010598874397604447,0.0009305282681173282,0.0001293591716431165,0.01405666078043337,0.1269987238735849,1.3774694537189898,10.846325157488424,-0.9648171457453201,0.016968967393935674,0.016966524849506018,0.014054837351659563,0.4695534871848904,0.15029847460461468,true
0.175,8.104804743060336,0.11386276073611341,0.014698090876467479,0.46946000092606577,-1.654721527936466e-5,-0.00723648102510391,-0.0008023292842695606,0.0009520344620209004,-0.00014970517775133977,0.01404879751527726,0.1269681137533304,1.377461705694284,10.84887902147127,-0.9651107721721341,0.024040126742320148,0.02403318302439714,0.014045137246857452,0.46910675901792787,0.15015368323770478,true
0.22499999999999998,8.104804743060336,0.11385244236293876,0.018832512592580508,0.46953036155762695,-2.125732953935027e-5,-0.007235759285123469,-0.0006182734922686332,0.0009326007279453978,-0.00031432723567676455,0.014047524397231637,0.12695743846035204,1.3774568877453646,10.849753306699986,-0.9652298734186011,0.030797765343813562,0.03078316984948444,0.014041521135639015,0.46895063712380464,0.1501031820583128,true
0.275,8.104804743060336,0.11381920497623452,0.023034767255981678,0.4695601570646931,-2.5994561813938113e-5,-0.0072349343751034415,-0.0005403991433342175,0.0009279176129765589,-0.0003875184696423414,0.014043423448750095,0.12693994284945934,1.377438576192827,10.851104429961493,-0.9655071607564937,0.037677211941156134,0.03765049761678003,0.014034444235542811,0.4686928866150263,0.15002029760867872,true
0.325,8.104804743060336,0.11378923756716541,0.027211133579388126,0.4696915317928966,-3.071077273297619e-5,-0.007233868187419999,-0.00048482893214821135,0.0009165418575230269,-0.0004317129253748155,0.014039725961886546,0.12692576448460233,1.37741008842994,10.852092118752115,-0.9658394579528542,0.04451205915853771,0.04446802818501334,0.014027202273681672,0.46848150633795166,0.14995296212990417,true
0.375,8.104804743060336,0.11375260858669087,0.03139623213011316,0.4698639261950833,-3.5437710093864575e-5,-0.007232638633192552,-0.00045075890033965444,0.0009062327859475477,-0.00045547388560789325,0.014035206546350236,0.1269105635217311,1.3773714338334424,10.853087368078645,-0.9662597246726409,0.051363522586836644,0.05129590243788308,0.014018544593574265,0.4682534281348306,0.14988068164907284,true
0.42500000000000004,8.104804743060336,0.1137135348930543,0.035578316564364,0.47008964342086,-4.015904339901806e-5,-0.007231232398384471,-0.00042395276781731283,0.0008942887823511355,-0.0004703360145338227,0.014030385493298955,0.12689523516068194,1.3773250935246537,10.854033185569234,-0.9667416299753759,0.05820987760907726,0.05811150864364574,0.014009005281245199,0.468022133770321,0.14980771880755325,true
0.475,8.104804743060336,0.11367101131735927,0.039761997269399475,0.47035632030509833,-4.488584063585967e-5,-0.007229660103030472,-0.0004019168533289713,0.0008816085702511315,-0.00047969171692216017,0.014025138781373975,0.12687888541655679,1.3772722466140865,10.855015332869266,-0.9672827199181746,0.06505961179479275,0.06492235673019477,0.013998458151177978,0.46777487773408793,0.1497298758609677,true
0.525,8.104804743060336,0.11362484664699073,0.04394576162174595,0.47066268439703995,-4.96099228127751e-5,-0.007227919800032735,-0.0003814701406380452,0.0008677784459824482,-0.000486308305344403,0.014019442818074173,0.12686144587015658,1.3772128851548293,10.85603964000548,-0.9678836150964574,0.07190995332822364,0.07172474663069937,0.013986884328441834,0.4675106857792453,0.1496468360578911,true
0.5750000000000001,8.104804743060336,0.11357334296618629,0.04813018824920555,0.47100503901977575,-5.4324623316427156e-5,-0.007226012258237415,-0.00036148838697700446,0.0008528638392032378,-0.0004913754522262333,0.014013088108437455,0.12684267958740533,1.377145731013545,10.857116354630266,-0.9685562413698295,0.0787621745700168,0.07851900556454476,0.01397407668336942,0.4672259045008416,0.1495574719829411,true
0.625,8.104804743060336,0.11351536141282347,0.052315059757175195,0.4713818204682827,-5.900618384962869e-5,-0.007223936525045902,-0.0003410901041285843,0.0008367767076375005,-0.0004956866035089162,0.01400593413555335,0.12682250194934366,1.3770697287547828,10.858244456530448,-0.9693096205775756,0.08561603763696383,0.08530396492597776,0.013959897251268238,0.4669191384456894,0.14946137913383759,true
0.675,8.104804743060336,0.11345160376907851,0.05650044362846934,0.4717917818243616,-6.363104949491647e-5,-0.0072216918209573825,-0.00031982685855380655,0.000819490156523724,-0.0004996632979699174,0.013998067487834347,0.1268008209012909,1.3769858879039152,10.85943985312083,-0.9701365592250077,0.09247183896777049,0.09207899137869045,0.013944433768858285,0.46658927796264416,0.14935814831213856,true
0.725,8.104804743060336,0.11338418714530797,0.06068628076741102,0.4722343856819173,-6.823608550878561e-5,-0.007219277179761609,-0.0002973925659113843,0.0008009633539739948,-0.0005035707880626105,0.013989749381981364,0.1267775755285771,1.3768967714769675,10.860728056489764,-0.9710173744037532,0.09932959883690756,0.09884318400570564,0.013927953534571757,0.4662359604654521,0.14924754001778023,true
0.775,8.104804743060336,0.11331397334791492,0.06487252314566924,0.4727091362786642,-7.288100085922154e-5,-0.007216692113665388,-0.00027364091098009704,0.0007811873806288997,-0.0005075464696488027,0.01398108615077235,0.12675272694109824,1.376803516842391,10.862121471218439,-0.9719434534521539,0.10618938052668855,0.1055956912223317,0.013910572834681324,0.46585887735582926,0.1491293997330917,true
0.8250000000000001,8.104804743060336,0.1132403434106344,0.06905913069259459,0.4732155056175049,-7.75351243559769e-5,-0.00721393657300284,-0.00024850944449828004,0.0007601693733475782,-0.0005116599288492982,0.013972001423920223,0.12672625774589366,1.376705474148705,10.863616575100156,-0.9729201196686494,0.11305128811608046,0.11233570871144632,0.013892217843139888,0.46545769922823793,0.14900365030712404,true
0.8750000000000001,8.104804743060336,0.11316281968125988,0.07324607593294229,0.4737530254791338,-8.219175377631857e-5,-0.0072110106934921096,-0.00022196748857556477,0.0007379178952839876,-0.0005159504067084228,0.0139624362669754,0.1266981529032148,1.3766021637610426,10.865210993349164,-0.9739513434992338,0.11991546030719354,0.11906247341633788,0.013872834515506478,0.4650321665106199,0.14887022912813624,true
0.9249999999999999,8.104804743060336,0.1130811690849928,0.07743331430801992,0.474321317410348,-8.685097463794774e-5,-0.0072079146990917595,-0.00019399893261265845,0.0007144403038940964,-0.000520441371281438,0.013952361922329775,0.12666840100738455,1.3764933772526486,10.866904186880841,-0.9750389344549406,0.12678200728733133,0.12577520191679134,0.013852399926499935,0.4645821266682925,0.14872909551098717,true
0.975,8.104804743060336,0.11299526224622938,0.08162079812607184,0.47492003485765033,-9.151365574141512e-5,-0.0072046488992634754,-0.00016460276055423333,0.0006897465140091636,-0.0005251437534549302,0.013941762427155389,0.1266369920900557,1.3763790203215889,10.868696402255045,-0.9761837962046683,0.13365104372902417,0.13247312332207486,0.013830904321127515,0.4641074728020054,0.14858021816392114,true
1.025,8.104804743060336,0.11290500061978967,0.0858084721492287,0.47554884857017926,-9.618016564212642e-5,-0.007201213666173281,-0.00013378682541508914,0.0006638480488429097,-0.0005300612234278206,0.013930625622593009,0.12660391776157945,1.376259029688622,10.870588004080517,-0.9773865809145587,0.14052268182393207,0.1391554728620797,0.013808342019546154,0.4636081300528933,0.14842357468464523,true
1.0750000000000002,8.104804743060336,0.11281029551814414,0.0899962742726165,0.47620743237671437,-0.00010085060712596787,-0.007197609423268932,-0.00010156508941171498,0.0006367579239976608,-0.0005351928345859458,0.013918940566055821,0.12656917048286695,1.3761333516309446,10.872579368111014,-0.9786478642192143,0.14739703489817071,0.1458214958223126,0.013784708851875226,0.4630840410440977,0.14825914783917926,true
1.125,8.104804743060336,0.11271106444017633,0.0941841340049496,0.4768954579580277,-0.00010552498905674555,-0.007193836633648162,-6.795524863021079e-5,0.0006084902071137903,-0.0005405349584835795,0.013906697078258933,0.12653274327025152,1.376001938805111,10.87467088156158,-0.9799681725863724,0.15427421561372878,0.15247044618158243,0.013760001724301769,0.46253516102338027,0.14808692413314445,true
1.1750000000000003,8.104804743060336,0.11260722983491495,0.098371971904411,0.477612590448912,-0.0001102032998560019,-0.0071898957924147085,-3.297754538753549e-5,0.0005790598599844979,-0.0005460823145969624,0.013893885590684198,0.12649462940603992,1.3758647496700942,10.876862963514867,-0.98134799013039,0.16115433611407726,0.1591015871392328,0.013734218471719984,0.46196145358929697,0.14790689245074012,true
1.225,8.104804743060336,0.11249871778159656,0.10255969882667933,0.47835848587265584,-0.00011488551116665,-0.0071857874207263365,3.346019527246131e-6,0.0005484826007262313,-0.0005518286202534775,0.013880496982721582,0.1264548222889589,1.3757217473796508,10.879156069161379,-0.9827877685547168,0.16803750757355024,0.16571419105628027,0.01370735769305382,0.4613628883471079,0.14771904334543953,true
1.275,8.104804743060336,0.11238545668338062,0.10674721536007378,0.4791327892035119,-0.00011957157279443403,-0.007181512061548836,4.099213274824664e-5,0.000516774829603499,-0.0005577669623517456,0.01386652242049503,0.12641331532643785,1.375572898559387,10.881550689555423,-0.9842879377010583,0.17492384007466935,0.172307539706765,0.01367941858683383,0.46073943915489607,0.14752336852755965,true
1.3250000000000002,8.104804743060336,0.11226737626483083,0.11093441127154936,0.479935133084567,-0.00012426140711837316,-0.007177070276457445,7.993645458214424e-5,0.00048395357117686803,-0.0005638900257590123,0.013851953233168107,0.1263701018703686,1.3754181723057712,10.884047349401408,-0.9858489140257697,0.18181344241358943,0.17888092445140763,0.013650400824181915,0.4600910830436335,0.1473198605601701,true
1.375,8.104804743060336,0.11214440687962073,0.11512116500908298,0.48076513690725176,-0.00012895490620223353,-0.007172462643266858,0.00012015379315153025,0.0004500364344612774,-0.0005701902276128077,0.013836780827526207,0.12632517517368455,1.3752575394770572,10.886646605367575,-0.987471106621735,0.18870642196401788,0.18543364645894242,0.013620304460107679,0.4594177994959999,0.1471085126577447,true
1.4250000000000003,8.104804743060336,0.11201647905373771,0.11930734323120415,0.4816224061638543,-0.0001336519297645843,-0.007167689754246637,0.00016161821596781718,0.00041504158172378394,-0.0005766597976916011,0.013820996631615436,0.12627852836317865,1.375090972203945,10.889349044749444,-0.9891549213878625,0.1956028845421737,0.19196501691944234,0.013589129873741466,0.4587195700031288,0.14688931856473644,true
1.475,8.104804743060336,0.11188352318423475,0.12349280036596001,0.4825065319701429,-0.00013835230358406664,-0.007162752214780904,0.00020430312132140352,0.00037898770392842446,-0.000583290825249828,0.013804592057573499,0.12623015442211555,1.3749184435466941,10.892155284457198,-0.9909007639730144,0.20250293429109956,0.19847435726681278,0.013556877727553308,0.45799637779201124,0.14666227248268818,true
1.525,8.104804743060336,0.11174546934075784,0.12767737819187308,0.48341709070647365,-0.00014305581799367456,-0.007157650642356229,0.0002481812864449768,0.0003418939999160614,-0.0005900752863610382,0.013787558477141458,0.12618004617986942,1.3747399272467056,10.895065970153604,-0.9927090419251903,0.20940667357419682,0.2049609994004065,0.01352354893902991,0.45724820767341356,0.14642736903203818,true
1.5750000000000002,8.104804743060336,0.1116022471365205,0.13186090543883675,0.4843536437378094,-0.00014776222647019943,-0.007152385665797033,0.0002932249018189238,0.00030378015797626805,-0.0005970050597951919,0.013769887205744085,0.12612819630613767,1.3745553975418179,10.898081775509613,-0.9945801663071726,0.21631420287911518,0.2114242859064989,0.01348914466071336,0.4564750459689351,0.14618460323662913,true
1.625,8.104804743060336,0.11145378564839642,0.13604319740614945,0.48531573718896287,-0.00015247124430394028,-0.007146957924686418,0.0003394055978228199,0.00026466633871548957,-0.0006040719365383094,0.013751569492630613,0.12607459730833712,1.3743648290260224,10.901203401544697,-0.9965145529413444,0.2232256207292094,0.2178635702766719,0.013453666266070507,0.45567688049327193,0.14593397052405438,true
1.6750000000000003,8.104804743060336,0.11130001337262793,0.14022405559630452,0.4863029017590531,-0.00015718254736294394,-0.007141368068926988,0.00038669446733174224,0.00022457315861328694,-0.0006112676259450292,0.013732596515409892,0.1260192415312791,1.3741681965413997,10.904431576032925,-0.9985126233867053,0.2301410236013279,0.2242782171216657,0.01341711533958351,0.45485370057618374,0.1456754667373821,true
1.725,8.104804743060336,0.111140858207318,0.14440326736330955,0.48731465256431683,-0.00016189577094902183,-0.0071356167584072806,0.0004350620864489697,0.0001835216738705754,-0.0006185837603195451,0.013712959377890174,0.12596212115829586,1.3739654750940844,10.907767052981189,-1.0005748057190047,0.23706050584915214,0.23066760237971426,0.013379493669916132,0.4540054971105813,0.1454090881542307,true
1.775,8.104804743060336,0.11097624745522283,0.14858060557505492,0.4883504890027237,-0.00016661050873564208,-0.0071297046627480185,0.00048447853465870543,0.00014153336430938399,-0.0006260118989680894,0.013692649110423692,0.12590322821358096,1.3737566397881145,10.911210612151164,-1.0027015351641944,0.24398415963103118,0.23703111351815234,0.013340803245405717,0.453132262622002,0.1451348315119503,true
1.8250000000000002,8.104804743060336,0.11080610784257572,0.15275582828922535,0.48940989463560025,-0.00017132631178854907,-0.007123632461108651,0.000534913415112372,9.863011718871473e-5,-0.0006335435323010868,0.0136716566722292,0.12584255456529006,1.373541665773283,10.914763058633378,-1.0048932546192662,0.2509120748417003,0.24336814972752813,0.013301046251317944,0.45223399135212167,0.14485269403670417,true
1.875,8.104804743060336,0.11063036555073694,0.1569286784426702,0.49049233708337436,-0.00017604268765908495,-0.007117400842039343,0.0005863358754269887,5.483421086236286e-5,-0.0006411700862893516,0.01364997295529706,0.12578009192929948,1.3733205282039993,10.918425222458398,-1.0071504150848192,0.2578443390474387,0.24967812210763218,0.01326022506849913,0.45131067935413144,0.1445626734758894,true
1.9250000000000003,8.104804743060336,0.11044894625831508,0.16109888355422947,0.4915972679336437,-0.00018075909954610065,-0.007111010503367064,0.000638714629180819,1.0168298237301352e-5,-0.0006488829274181203,0.013627588789586321,0.12571583187343088,1.3730932022068052,10.922197958242986,-1.0094734760293593,0.26478103742431197,0.2559604538449603,0.013218342273107453,0.45036232459668074,0.14426476813293504,true
1.975,8.104804743060336,0.11026177519227548,0.16526615544119555,0.49272412266044585,-0.00018547496552706217,-0.00710446215210718,0.0006920179781431942,-3.534460996961104e-5,-0.0006566733681735832,0.013604494949330654,0.1256497658220224,1.3728596628552083,10.926082144870897,-1.0118629056967812,0.2717222526992432,0.26221458038123735,0.01317540063723434,0.44938892707431066,0.14395897690386977,true
2.0250000000000004,8.104804743060336,0.11006877718658174,0.16943018994954864,0.4938723205539334,-0.00019018965785302805,-0.0070977565043937145,0.0007462138352497997,-8.168116218689435e-5,-0.0006645326730629053,0.01358068216027377,0.12558188506093143,1.372619885150616,10.930078685191186,-1.0143191813658485,0.2786680650931095,0.2684399495721609,0.013131403130299221,0.4483904889252242,0.14364529931599315,true
2.075,8.104804743060336,0.10986987674761485,0.17359066669828943,0.4950412646603416,-0.00019490250230567137,-0.00709089428542325,0.0008012697482574704,-0.000128817683136696,-0.0006724520651207744,0.013556141107741048,0.12551218074266646,1.3723738440083348,10.93418850575203,-1.0168427895722163,0.2856185522668479,0.274636021837155,0.013086352921012342,0.4473670145518007,0.14332373556720804,true
2.125,8.104804743060336,0.10966499812545152,0.17774724883825602,0.49623034173214875,-0.0001996127776178548,-0.007083876229408357,0.000857152924016152,-0.0001767301911633981,-0.0006804227328527539,0.01353086244543413,0.12544064389176968,1.3721215142481031,10.938412556555203,-1.0194342262961482,0.29257378926952515,0.28080227029910315,0.013040253379873249,0.4463185107453616,0.14299428656653146,true
2.1750000000000003,8.104804743060336,0.10945406539052549,0.18189958282564056,0.4974389221883188,-0.00020431971495578545,-0.00707670307953744,0.0009138302532945979,-0.0002253944157309197,-0.0006884358375636782,0.013504836804889656,0.12536726541052634,1.3718628705885325,10.942751810819551,-1.0220939971201493,0.2995338484881067,0.2869381809137709,0.012993108082149523,0.44524498681599867,0.14265695397607986,true
2.225,8.104804743060336,0.10923700251511567,0.186047298210761,0.4986663600851887,-0.00020902249746455163,-0.007069375587938623,0.0009712683360720382,-0.0002747858150634833,-0.0006964825210085549,0.013478054805533574,0.12529203608465606,1.3715978876450472,10.94720726478018,-1.0248226173624904,0.30649879959960313,0.29304325258947606,0.012944920811186951,0.4441464547224305,0.14231174025291332,true
2.2750000000000004,8.104804743060336,0.10901373345927826,0.19019000744229536,0.4999119930979171,-0.00021372025987785248,-0.007061894515645719,0.0010294335072250859,-0.0003248795939121711,-0.0007045539133129148,0.013450507065283744,0.1252149465892481,1.3713265399310024,10.951779937497932,-1.027620612186936,0.3134687095254706,0.2991169972968549,0.01289569556208022,0.4430229292053859,0.14195864869189442,true
2.325,8.104804743060336,0.10878418226093717,0.1943273056875489,0.5011751425131752,-0.00021841208818989028,-0.007054260632564958,0.0010882918625416556,-0.00037565072142809825,-0.0007126411411135574,0.013422184211665631,0.12513598749497626,1.371048801861398,10.956470870671321,-1.0304885166929212,0.32044364238619405,0.30515894016690764,0.012845436545643043,0.4418744279247653,0.14159768346967144,true
2.3750000000000004,8.104804743060336,0.10854827312958967,0.19845877066917222,0.502455113233197,-0.0002230970193983283,-0.0070464747174413,0.0011478092849975833,-0.0004270739491235195,-0.0007207353358740638,0.013393076893374035,0.12505514927415362,1.3707646477596986,10.961281128493347,-1.0334268759855993,0.3274236594603867,0.31116861958110525,0.0127941481925988,0.4407009715944037,0.14122884968775995,true
2.4250000000000003,8.104804743060336,0.10830593054371246,0.20258396251853933,0.5037511937917647,-0.00022777404131695868,-0.007038537557823429,0.0012079514712230038,-0.0004791238288954107,-0.0007288276423275931,0.013363175792291406,0.12497242230722727,1.3704740518662808,10.966211797488901,-1.03643624523255,0.3344088191422936,0.31714558724826164,0.012741835157994394,0.4395025841224246,0.14085215341738846,true
2.475,8.104804743060336,0.10805707935130632,0.2067024236464548,0.5050626563823739,-0.00023244209245462948,-0.007030449950027042,0.00126868395812099,-0.0005317747311018559,-0.0007369092270191341,0.013332471635893411,0.12488779687841117,1.3701769883641348,10.971263987450415,-1.0395171896759365,0.34139917709999784,0.3230894084397924,0.012688502324333665,0.4382792926033696,0.1404676016954426,true
2.5250000000000004,8.104804743060336,0.1078016448734069,0.21081367863154676,0.5063887568995017,-0.0002371000619740737,-0.00702221269909576,0.0013299721495749408,-0.0005850008626673612,-0.0007449712869075796,0.013300955210020459,0.12480126322256209,1.3698734313382621,10.97643882734843,-1.042670284752479,0.3483947854997755,0.32899966142037285,0.012634154811863143,0.43703112800693983,0.1400752027497044,true
2.575,8.104804743060336,0.10753955301053589,0.21491723412654046,0.5077287349925595,-0.0002417467897279671,-0.00701382661875961,0.0013917813431841932,-0.0006387762851924924,-0.0007530050579917008,0.01326861737201203,0.1247128114745852,1.3695633548668598,10.981737470860871,-1.045896115971385,0.35539569401862076,0.3348759383872092,0.012578797975572579,0.435758124538851,0.1396749657868423,true
2.6250000000000004,8.104804743060336,0.10727073035163062,0.21901257878321803,0.5090818141339779,-0.0002463810663734014,-0.007005292531390863,0.001454076756988156,-0.0006930749330528224,-0.0007610018239353337,0.013235449064146818,0.1246224317124782,1.36924673298986,10.987161092706877,-1.049195278999261,0.3624019491451765,0.3407178449407591,0.012522437415169493,0.43446032027604137,0.13926690119991506,true
2.6750000000000003,8.104804743060336,0.10699510428540975,0.22309918319612876,0.5104472017011619,-0.0002510016335716144,-0.006996611267957163,0.0015168235561323793,-0.00074787063146735,-0.0007689529246650294,0.013201441327383403,0.12453011395547907,1.368923539738999,10.992710889419122,-1.052568379627938,0.3694135943057375,0.34652500024703964,0.012465078978943056,0.433137757189009,0.13885102057405724,true
2.725,8.104804743060336,0.10671260311388853,0.227176499865555,0.5118240890729484,-0.0002556071842741396,-0.006987783667972027,0.0015799868794362684,-0.0008031371145186345,-0.0007768497649176339,0.013166585315366196,0.12443584817095127,1.3685937491579119,10.998388079275383,-1.0560160337522742,0.37643066983308865,0.3522970370544805,0.012406728768872525,0.431790481281906,0.13842733673090493,true
2.7750000000000004,8.104804743060336,0.10642315616790107,0.2312439631801692,0.5132116517412568,-0.00026019636310004653,-0.006978810579442796,0.0016435318658264734,-0.000858848043108744,-0.0007846838227177294,0.013130872308678985,0.12433962428135431,1.368257335323707,11.004193902240123,-1.059538867337954,0.38345321293671203,0.3580336017006773,0.01234739314577202,0.43041854273232155,0.13799586377289716,true
2.825,8.104804743060336,0.10612669392452523,0.2353009894197578,0.5146090494380885,-0.00026476776680718384,-0.006969692858816324,0.0017074236805630495,-0.0009149770228149683,-0.0007924466577480812,0.013094293729333236,0.12424143217126826,1.3679142723700934,11.010129619919446,-1.0631375163787942,0.3904812576745953,0.3637343541093717,0.012287078734460156,0.42902199603019686,0.13755661712727216,true
2.8750000000000004,8.104804743060336,0.10582314812589062,0.23934697677826233,0.516015426278236,-0.0002693199448577745,-0.006960431370922436,0.0017716275412731307,-0.0009714976216534355,-0.0008001299196196952,0.013056841155427058,0.1241412616944717,1.367564534511587,11.01619651552557,-1.0668126268472642,0.39751483492641415,0.3693989677776185,0.012225792428895736,0.42760090011565277,0.13710961358971038,true
2.9250000000000003,8.104804743060336,0.10551245189971288,0.24338130540757497,0.5174299109185494,-0.0002738514000872622,-0.006951026988915521,0.00183610874372232,-0.0010283833877153242,-0.0008077253560069958,0.013018506336017154,0.12403910268109568,1.3672080960693052,11.022395893852883,-1.0705648546338054,0.40455397236784213,0.37502712975310326,0.012163541397325152,0.42615531851598276,0.13665487136768928,true
2.975,8.104804743060336,0.10519453988084167,0.2474033374824599,0.5188516167336084,-0.0002783605894723357,-0.006941480594214561,0.0019008326872817164,-0.0010856078666539462,-0.0008152248206277702,0.012979281206115856,0.12393494494480498,1.3668449314977429,11.028729081264965,-1.074394865480098,0.41159869444655117,0.3806185406022414,0.012100333087357229,0.42468531948091093,0.13619241012328573,true
3.0250000000000004,8.104804743060336,0.10486934833403617,0.25141241728688807,0.5202796420087348,-0.0002828459250079579,-0.006931793076441852,0.0019657649000814946,-0.001143144619017177,-0.0008226202810643177,0.012939157901839594,0.12382877829004667,1.366475015412866,11.035197425691658,-1.0783033349031008,0.4186490223592537,0.3861729143687187,0.012036175230998062,0.42319097611657286,0.13572225101556512,true
3.075,8.104804743060336,0.10453681527758048,0.2554078713220755,0.5217130701501839,-0.00028730577468919996,-0.006921965333360577,0.002030871063813643,-0.0012009672374050312,-0.0008299038264086116,0.012898128775661023,0.12372059251931981,1.3660983226213097,11.041802296638567,-1.0822909481118161,0.4257049740302423,0.391689978523035,0.011971075849601446,0.42167236651742634,0.1352444167423113,true
3.1250000000000004,8.104804743060336,0.10419688060746307,0.2593890084364884,0.5231509699132875,-0.0002917384635995857,-0.006911998270811735,0.0020961170381518573,-0.0012590493634350173,-0.0008370676747168401,0.01285618641173073,0.12361037744050159,1.3657148281504354,11.04854508520376,-1.0863583999183335,0.4327665640909042,0.397169473902847,0.011905043258709112,0.4201295738963861,0.13475893158120758,true
3.1750000000000003,8.104804743060336,0.10384948622216586,0.26335511997817196,0.5245923956486171,-0.00029614227512055535,-0.006901892802650785,0.0021614688847261298,-0.0013173647044818172,-0.0008441041802443126,0.012813323641274148,0.12349812287419368,1.3653245072795848,11.055427204107607,-1.0905063946405715,0.4398338038606702,0.4026111546446885,0.01183808607279308,0.41856268671261504,0.13426582143027327,true
3.225,8.104804743060336,0.10349457614790425,0.2673054799697503,0.5260363875667726,-0.00030051545224462955,-0.006891649850683943,0.0022268928906858084,-0.0013758870502060508,-0.0008510058404797576,0.012769533558044137,0.12338381866110536,1.3649273355724056,11.062450087733229,-1.0947356459974253,0.4469067013292091,0.4080147881071444,0.011770213209880673,0.4169717987970366,0.13376511384758594,true
3.2750000000000004,8.104804743060336,0.10313209666369347,0.2712393453060533,0.5274819720218498,-0.00030485619900417436,-0.006881270344604645,0.0022923555918052613,-0.0014345902888474571,-0.0008577653029578042,0.012724809533752107,0.123267454669473,1.364523288909742,11.069615192173382,-1.0990468770002804,0.4539852611394671,0.4133801547854084,0.011701433896002237,0.4153570094753409,0.1332568380902406,true
3.325,8.104804743060336,0.1027619964266463,0.27515595597483933,0.5289281618138464,-0.0003091626820170222,-0.006870755221930523,0.002357823795080123,-0.0014934484232536922,-0.0008643753718264309,0.012679145233527717,0.12314902080248384,1.3641123435237965,11.076923995292402,-1.10344081983527,0.46106948457215513,0.4187070482179328,0.011631757669510214,0.4137184236880376,0.13274102515237446,true
3.3750000000000004,8.104804743060336,0.10238422659676548,0.2790545353006404,0.5303739565104095,-0.0003134330321446613,-0.006860105427940893,0.0024232646008136936,-0.0015524355866422907,-0.0008708290141714028,0.012632534631316198,0.12302850700573602,1.363694476032801,11.084377996794034,-1.1079182157420153,0.4681593695310546,0.42399527488494304,0.011561194385193704,0.4120561521077243,0.13221770780234665,true
3.4250000000000003,8.104804743060336,0.10199874096149117,0.2829342902121338,0.5318183427881852,-0.0003176653462627043,-0.006849321915615202,0.0024886454241722727,-0.001611526058082524,-0.0008771193660897486,0.012584972025245474,0.12290590327471186,1.363269663476717,11.091978718301421,-1.1124798148846573,0.475254910529608,0.42924465409943036,0.01148975421822132,0.4103703112532101,0.1316869206189397,true
3.475,8.104804743060336,0.10160549605941208,0.28679441153292495,0.5332602947937669,-0.0003218576891434734,-0.006838405645572458,0.002553934016185493,-0.001670694277682549,-0.000883239738502944,0.012536452052890088,0.12278119966226642,1.362837883353461,11.099727703444923,-1.1171263762190808,0.48235609867838414,0.4344550178905813,0.011417447667854274,0.4086610236003112,0.13114870002654536,true
3.5250000000000004,8.104804743060336,0.10120445130327832,0.29063407429605254,0.534698774524642,-0.00032600809545754576,-0.0068273575860118875,0.00261909848416594,-0.0017299148614664775,-0.0008891836226994623,0.012486969706448966,0.12265438628613115,1.3623991136560303,11.107626517960739,-1.121858667353086,0.4894629216735662,0.43962621088002884,0.011344285560954695,0.40692841768924387,0.13060308432930032,true
3.575,8.104804743060336,0.1007955691018238,0.29445243808212324,0.5361327322297942,-0.0003301145718751049,-0.006816178712654845,0.002684107311567603,-0.0017891626159483721,-0.000894944695619231,0.012436520347776307,0.12252545333640087,1.361953332910137,11.115676749800008,-1.1266774644028268,0.4965753637865558,0.4447580901512708,0.01127027905523342,0.4051726282280044,0.130050113743992,true
3.6250000000000004,8.104804743060336,0.10037881498047546,0.2982486473815723,0.537561106831348,-0.00033417509927924827,-0.006804870008688236,0.0027489293772189807,-0.0018484125523685244,-0.0009005168248504562,0.01238509972327512,0.12239439108309168,1.361500520212472,11.123880009241356,-1.1315835518435065,0.5036934058540767,0.4498505251120917,0.01119543964226146,0.4033937961927777,0.12948983043207157,true
3.6750000000000003,8.104804743060336,0.09995415770047136,0.30202183198033716,0.5389828263652052,-0.0003381876350878336,-0.0067934324647094604,0.0028135339739253805,-0.0019076399005864314,-0.000905894073338949,0.012332703978594447,0.12226118988361273,1.361040655269604,11.132237929021096,-1.1365777223555507,0.5108170252697158,0.4549033973509569,0.011119779150195035,0.40159206892319077,0.1289222785300674,true
3.725,8.104804743060336,0.09952156937631436,0.30577110736987834,0.5403968084430189,-0.0003421501156657267,-0.0067818670786727485,0.0028778908264913807,-0.001966820122653338,-0.0009110707038380425,0.012279329673121215,0.12212584019031104,1.360573718437148,11.140752164463636,-1.141660776667586,0.5179461959760041,0.4599166004870188,0.011043309746211935,0.3997676002143141,0.12834750417903565,true
3.7750000000000004,8.104804743060336,0.09908102559139034,0.3094955751806806,0.5418019607339597,-0.0003460604588467192,-0.006770174855837153,0.002941970109059334,-0.002025928926009819,-0.000916041183049515,0.012224973794245635,0.12198833255798867,1.3600996907595555,11.149424393623999,-1.14683352339406,0.5250808884571145,0.4648900400140968,0.010966043938656678,0.39792055040402835,0.12776555555258692,true
3.825,8.104804743060336,0.09863250551154537,0.3131943236397059,0.5431971814666952,-0.000349916566541532,-0.006758356808716031,0.0030057424618024128,-0.0020849422763246153,-0.0009208001854777974,0.012169633771374755,0.12184865765139605,1.3596185540103456,11.158256317440589,-1.1520967788687495,0.5322210697328007,0.4698236331393645,0.010887994578869627,0.3960510864556626,0.1271764828834696,true
3.8750000000000004,8.104804743060336,0.09817599199602801,0.31686642805171783,0.5445813599520367,-0.0003537163274353195,-0.0067464139570279375,0.0030691790069986543,-0.0021438364099857325,-0.0009253425970129217,0.01211330748962093,0.12170680625275691,1.3591302907321563,11.167249659888016,-1.1574513669785227,0.5393667033527696,0.47471730861647726,0.010809174862650123,0.3941593820364105,0.1265803384889004,true
3.9250000000000003,8.104804743060336,0.09771147170657571,0.3205109513038734,0.5459533771253142,-0.00035745761977196963,-0.0067343473276488,0.0031322513644147483,-0.0022025878462055377,-0.0009296635182092106,0.012055993303261283,0.1215627692692526,1.3586348842779596,11.176406168147448,-1.162898118986801,0.5465177493915753,0.47957100657350993,0.010729598331447782,0.39224561759068377,0.12597717679432013,true
3.975,8.104804743060336,0.09723893521302182,0.3241269443938917,0.5473121061087755,-0.0003611383142139235,-0.006722157954565534,0.0031949316659967185,-0.0022611733987357684,-0.0009337582672609502,0.011997690048767893,0.12141653774049752,1.35813231885151,11.185727612775732,-1.1684378733620502,0.5536741644444648,0.4843846783363047,0.010649278873109652,0.39030998040841297,0.12536705435565493,true
4.0249999999999995,8.104804743060336,0.09675837709639194,0.3277134469816041,0.5486564127941517,-0.0003647562767740485,-0.006709846878830562,0.0032571925699260255,-0.002319570187219014,-0.0009376223827070114,0.011938397057528178,0.12126810284601176,1.3576225795483978,11.195215787883887,-1.1740714755997739,0.5608359016236827,0.4891582862471918,0.01056823072230072,0.38835266468847357,0.12475002988008983,true
4.075,8.104804743060336,0.09626979604876472,0.33126948796322936,0.5499851564444788,-0.00036830937181096286,-0.006697415148517292,0.003319007273984857,-0.0023777556481467356,-0.0009412516258381215,0.01187811416816609,0.12111745591265928,1.3571056523970917,11.204872511322673,-1.1797997780431655,0.5680029105551765,0.4938918034793546,0.010486468460528165,0.3863738715966414,0.12412616424518681,true
4.125,8.104804743060336,0.09577319496955844,0.33479408606860594,0.551297190315419,-0.00037179546509626533,-0.006684863818676343,0.0033803495282152905,-0.0024357075454130767,-0.0009446419828022137,0.011816841738422304,0.12096458842205879,1.356581524399741,11.214699624872681,-1.185623639704011,0.5751751373762073,0.49858521384747667,0.010404007015746009,0.3843738093180387,0.12349552051634591,true
4.175,8.104804743060336,0.09526858105871802,0.3382862504806524,0.5525913622957219,-0.0003752124269236091,-0.006672193951292012,0.003441193646939759,-0.0024934039804961955,-0.0009477896664435636,0.011754580656651952,0.12080949201798225,1.3560501835734091,11.224698994442951,-1.1915439260779628,0.5823525247328214,0.5032385116142832,0.010320861661596506,0.3823526931042697,0.12285816396264891,true
4.225,8.104804743060336,0.09475596590551665,0.34174498147680893,0.5538665155662479,-0.000378558135259172,-0.006659406615238943,0.0035015145200958018,-0.0025508234022414513,-0.0009506911178543504,0.0116913323527813,0.12065215851372024,1.3555116189903584,11.234872510268545,-1.1975615089655502,0.5895350117777375,0.5078517012936573,0.010237048016159576,0.38031074531468884,0.12221416207095939,true
4.2749999999999995,8.104804743060336,0.09423536557383283,0.34516927109254397,0.5551214892779267,-0.00038183047894290595,-0.0066465028862388465,0.0035612876238534786,-0.002607944616228022,-0.0009533430076254568,0.011627098808829539,0.12049257989943263,1.3549658208186648,11.245222087115797,-1.203677266287981,0.5967225341687479,0.5124247974506914,0.010152582040321725,0.3782481954521396,0.12156358455834117,true
4.325,8.104804743060336,0.0937068006830429,0.34855810380552477,0.5563551192466957,-0.00038502736092035575,-0.006633483846816586,0.003620489030565107,-0.0026647467937417017,-0.0009557422368234054,0.011561882568889582,0.12033074834940108,1.3544127803624044,11.25574966449667,-1.2098920819046017,0.6039150240675428,0.5169578244989091,0.010067480035675572,0.3761652801919388,0.12090650338242617,true
4.375,8.104804743060336,0.09317029648462472,0.35191045724081926,0.5575662386665825,-0.0003881467014869594,-0.0066203505862554805,0.0036790954180393803,-0.0027212094803476944,-0.0009578859376916859,0.011495686748579714,0.12016665622929362,1.353852490101384,11.26645720688156,-1.2162068454309618,0.6111124101382981,0.5214508164945365,0.009981758641972316,0.3740622434054083,0.12024299275015723,true
4.425,8.104804743060336,0.09262588293387163,0.35522530289641896,0.5587536788398529,-0.0003911864415537286,-0.006607104200551422,0.0037370840781684772,-0.0027773126040757457,-0.0009597714740927315,0.011428515043891918,0.12000029610338141,1.353284943729997,11.277346703912539,-1.22262245206134,0.6183146175465649,0.5259038169284641,0.009895434834077075,0.37193933617707986,0.1195731291246356,true
4.475,8.104804743060336,0.09207359475731824,0.35850160688782484,0.5599162699229818,-0.0003941445459266582,-0.006593745792365246,0.0037944329248726285,-0.0028330364831979514,-0.0009613964416746771,0.01136037173951111,0.11983166074168662,1.3527101361962408,11.28842017062745,-1.2291398023871374,0.6255215679576096,0.5303168785156687,0.009808525918507826,0.3697968168154075,0.11889699122998297,true
4.5249999999999995,8.104804743060336,0.09151347151518488,0.3617383307125813,0.5610528416894665,-0.00039701900658413274,-0.006580276470972787,0.003851120501500253,-0.0028883618336665567,-0.0009627586678336965,0.011291261716519752,0.1196607431271125,1.3521280637399256,11.299679647681906,-1.2357598022184597,0.632733179535264,0.5346900629830428,0.009721049529488603,0.3676349508574205,0.11821466005439356,true
4.575,8.104804743060336,0.0909455576586262,0.36493443203248466,0.5621622243080038,-0.0003998078459713668,-0.006566697352206996,0.0039071259889182355,-0.002943269776833471,-0.0009638562120847646,0.011221190459461407,0.11948753646263234,1.3515387239300702,11.31112720156165,-1.2424833624079148,0.6399493669362962,0.5390234408529165,0.009633023624536092,0.3654540110681932,0.1175262188516601,true
4.625,8.104804743060336,0.09036990258388083,0.3680888654735888,0.5632432491441777,-0.0004025091203684199,-0.006553009558362933,0.003962429221473604,-0.0029977418510807067,-0.0009646873703928974,0.011150164063021903,0.1193120341797221,1.3509421157027532,11.32276492468314,-1.2493113986533655,0.6471700412735507,0.5433170912069013,0.00954446647995601,0.36325427744948935,0.11683175314579683,true
4.675,8.104804743060336,0.08978656069608663,0.37120058344512497,0.5642947496395805,-0.00040512092308038066,-0.006539214217896303,0.004017010753134311,-0.0030517600487561173,-0.0009652507043781933,0.011078189239903101,0.11913422995561415,1.3503382394018304,11.33459493467936,-1.2562448311784875,0.6543951098746944,0.5475711013301482,0.009455396688167216,0.36103603734822143,0.11613135076814772,true
4.725,8.104804743060336,0.08919559153393579,0.37426853697418055,0.5653155625703797,-0.00040764138318436145,-0.0065253124640439475,0.004070852193704287,-0.003105306989661167,-0.0009655452040431196,0.011005273336203278,0.11895411778379214,1.3497270967887351,11.346619368334633,-1.263284584098189,0.6616244748313707,0.5517855656614868,0.009365833164245118,0.3587995861868843,0.11542510209790625,true
4.775,8.104804743060336,0.08859706013433291,0.37729167639306205,0.5663045311090404,-0.000410068656195682,-0.006511305428378432,0.004123937825623944,-0.0031583667425745658,-0.0009655710830493778,0.010931424376409971,0.11877169232476209,1.3491086908508483,11.358840346923133,-1.2704315834497306,0.6688580250603919,0.555960581067151,0.009275795199572317,0.35654523146988637,0.11471310137464526,true
4.825,8.104804743060336,0.08799104075388017,0.38026895357200946,0.5672605195257571,-0.00041240088829516333,-0.006497194211465055,0.0041762620023098945,-0.0032109285734646473,-0.0009653334288452472,0.010856651522570199,0.11858695070973108,1.3484830272377804,11.371259815411761,-1.2776867256928834,0.6760955981718109,0.5600962252208993,0.009185302967334686,0.3542733140615579,0.11399545357193834,true
4.875,8.104804743060336,0.08737762670371793,0.38319930685470205,0.5681824489354422,-0.00041463321846714067,-0.006482979785514577,0.004227854079803149,-0.0032629995885470903,-0.0009648544912560586,0.010780966287748536,0.11839989969583951,1.3478500974533976,11.383878710336104,-1.2850509412378233,0.683336806312723,0.5641924597279825,0.009094377807490093,0.3519842894352553,0.11327230137936763,true
4.925,8.104804743060336,0.08675689917851329,0.38608173429676224,0.5690695765103384,-0.00041675099735653446,-0.006468662663340974,0.004278855404363108,-0.00331464389530331,-0.0009642115090597978,0.010704378690035448,0.11821058768469117,1.3472097294978456,11.396692596532244,-1.2925261052732377,0.6905804963017717,0.5682488354055999,0.009003037970455104,0.34967908062509273,0.11254394487023878,true
4.975,8.104804743060336,0.08612912544244264,0.3889145723379167,0.5699211808598729,-0.00041876148164887744,-0.006454195331890246,0.004329344744750337,-0.0033659752896496482,-0.0009633694551006884,0.010626921705447611,0.11801913661120682,1.3465620309679902,11.409692272228705,-1.300110926395641,0.6978232438507683,0.5722636830215759,0.008911339391004075,0.34735949531337246,0.11181096244265214,true
5.025,8.104804743060336,0.085494220154855,0.3916972933032601,0.5707352141253004,-0.00042068790432382355,-0.006439623518784767,0.004378799963996589,-0.0034166459668884897,-0.0009621539971080995,0.01054858480434814,0.11782535310147076,1.3459072459651114,11.422900169932197,-1.3078064268747367,0.7050695065377603,0.5762397187877,0.00881927786329726,0.34502367598275474,0.11107273641852129,true
5.075,8.104804743060336,0.08485211138090645,0.39442912688014353,0.5715091714669941,-0.00042253175257118134,-0.0064249528468188,0.004427134037066986,-0.003466595543240756,-0.0009605384938262298,0.010469359111156908,0.11762901814979888,1.345245589936393,11.436341228515925,-1.3156142293607294,0.7123234640519446,0.5801794143078651,0.008726841924675635,0.3426695116482641,0.11032856780982297,true
5.125,8.104804743060336,0.08420297580725838,0.39710899031958735,0.5722428272390329,-0.0004242728196846231,-0.006410183752356033,0.00447450560583808,-0.003515895159876775,-0.0009586104459613056,0.010389266426110561,0.11743025236517476,1.34457682466347,11.450003705026687,-1.323536075296918,0.7195825896768571,0.5840815676548774,0.008634061363627073,0.34029878564405786,0.10957903857371683,true
5.175,8.104804743060336,0.08354693036355632,0.39973577210346656,0.5729355024627845,-0.00042590569086714444,-0.006395317089645682,0.004520969675606706,-0.0035645652132935885,-0.0009564044623131172,0.010308321176409906,0.1172291195817482,1.3439008293036694,11.463882302438668,-1.3315733433234298,0.7268453763358971,0.5879455784193155,0.008540962272429474,0.33791262271942807,0.10882451256254395,true
5.225,8.104804743060336,0.0828840865828516,0.4023084363955927,0.5735861625258554,-0.00042742955005548814,-0.006380353991731697,0.004566523092222214,-0.0036125973492924773,-0.0009539257429297364,0.010226537123404524,0.11702562613800468,1.3432176071545578,11.477978383730612,-1.3397270155218273,0.7341114838283052,0.5917714958017031,0.008447567377065784,0.3355114973475241,0.10806513815519486,true
5.275,8.104804743060336,0.08221457259465825,0.40482598938525666,0.5741937531253499,-0.0004288434165929809,-0.006365295704215626,0.004611156487922066,-0.0036599801772124047,-0.0009511763107096618,0.010143930076175334,0.11681977020059162,1.3425271920920565,11.492294410327967,-1.3479979256725674,0.7413807695887222,0.5955594836819398,0.00835389985185918,0.3330957959074544,0.10730103413052405,true
5.325,8.104804743060336,0.08153851475693544,0.4072874369233239,0.5747572225265971,-0.00043014616336496447,-0.006350143549216412,0.0046548623527267975,-0.0037067033044605254,-0.0009481590482662721,0.010060515625222437,0.11661155017465653,1.3418296100704252,11.506832797100131,-1.3563869933353336,0.748653074840823,0.5993097052089592,0.008259982322942566,0.33066590877057095,0.10653232083830964,true
5.375,8.104804743060336,0.08085603679585959,0.40969177935816553,0.5752755143042732,-0.0004313367412944948,-0.00633489888380788,0.004697633359272485,-0.0037527565502133873,-0.0009448768090590974,0.009976309036327102,0.11640096426156551,1.3411248803930802,11.521595967018177,-1.364895218994151,0.7559282266569936,0.6030223239768384,0.008165836882744928,0.32822222540372165,0.10575911855898969,true
5.425,8.104804743060336,0.08016726919074718,0.4120380305644573,0.5757475879593523,-0.00043241418759303637,-0.006319563047247864,0.004739461344397329,-0.0037981294793619043,-0.0009413318650354245,0.009891326408497337,0.116188010806094,1.3404130268054644,11.536586412882803,-1.3735235855003154,0.7632060557097441,0.6066975130119031,0.008071485950780692,0.32576513955232367,0.10498154884770855,true
5.475,8.104804743060336,0.07947235182110451,0.4143252300452202,0.5761724331120615,-0.00043337760924521963,-0.00630413732663763,0.004780337873021627,-0.003842811702244522,-0.0009375261707771053,0.00980558500057043,0.1159726887626567,1.3396940796255348,11.551806670338381,-1.3822730341497769,0.770486401560171,0.6103354569989756,0.007976952494239863,0.3232950544896407,0.10419973618659627,true
5.525,8.104804743060336,0.07877143010254276,0.4165524374056149,0.5765490626839735,-0.000434226214833628,-0.006288622955955343,0.004820255167830343,-0.0038867933323930015,-0.0009334618354373417,0.009719102754448225,0.1157549975022338,1.3389680716174164,11.567259302058018,-1.3911445022447182,0.7777691070292249,0.6139363489784849,0.0078822596735333,0.3208123801093074,0.10341380717293874,true
5.575,8.104804743060336,0.07806465213194572,0.4187187225548814,0.5768765014313451,-0.00043495933517391305,-0.006273021140887396,0.004859206377403021,-0.003930065099586495,-0.0009291412778165255,0.009631897942857643,0.11553493645101201,1.3382350356787802,11.582946914470373,-1.4001389474932526,0.7850540107800711,0.6175003863580073,0.007787430594187609,0.3183175284836405,0.10262388914804349,true
5.625,8.104804743060336,0.07735216924369703,0.42082316483990057,0.577153785252734,-0.0004355763992669785,-0.006257333089890812,0.004897185251922967,-0.003972618165945992,-0.0009245670859769749,0.00954398923797999,0.11531250506933395,1.337495005670147,11.598872167992113,-1.4092573414491665,0.7923409458551626,0.6210277700266005,0.007692488350186069,0.31581091362311786,0.10183011009739203,true
5.675,8.104804743060336,0.07663413759259681,0.42286485941326746,0.5773799688830492,-0.00043607690503623446,-0.006241560034615476,0.004934185858437252,-0.004014443970396003,-0.000919741888041249,0.009455395906756925,0.11508770310818446,1.3367480176594084,11.615037763007937,-1.418500655861833,0.7996297424219261,0.6245187055209994,0.007597456147386229,0.313292954279855,0.10103259953048215,true
5.725,8.104804743060336,0.07591071860790947,0.4248429220295033,0.5775541313249657,-0.0004364604200549252,-0.006225703233981685,0.004970202630150979,-0.004055534251630409,-0.0009146683785205703,0.009366137866912502,0.11486053077229504,1.335994110132223,11.631446425933389,-1.427869858906625,0.8069202297696391,0.6279734037567626,0.007502357333157203,0.31076407552589524,0.10023148899383465,true
5.775,8.104804743060336,0.07518207835535398,0.42675648875804373,0.5776753752171353,-0.00043672659820660124,-0.006209763966382196,0.0050052305592382836,-0.0040958811514941245,-0.000909349407744159,0.009276235608233244,0.11463098867913696,1.3352333235296183,11.648100909842656,-1.437365919712856,0.8142122352834091,0.6313920802927774,0.00740721533959116,0.3082247080134948,0.09942691184933793,true
5.825,8.104804743060336,0.07444838689354778,0.4286047141342276,0.5777428244604439,-0.0004368751868982623,-0.006193743518252296,0.0050392652745632985,-0.004135477263993681,-0.0009037880105696172,0.009185710113163863,0.11439907776167618,1.33446569990901,11.6650040019471,-1.4469898125913396,0.8215055825933261,0.6347749542503625,0.007312053625779014,0.3056752866687395,0.09861900286398961,true
5.875,8.104804743060336,0.07370981819121816,0.4303867715008965,0.5777556244701032,-0.0004369060218063974,-0.006177643175226466,0.005072302990717147,-0.004174315618478387,-0.00089798737223876,0.009094582846592512,0.11416479925784082,1.333691282990037,11.682158525745749,-1.4567425168799657,0.8288000911246302,0.6381222479305152,0.007216895663637935,0.30311625037783446,0.09780789811133658,true
5.925,8.104804743060336,0.07296655029954341,0.4321018551413655,0.577712944492234,-0.0004368190215585174,-0.006161464218160562,0.005104340453401547,-0.00421238965752028,-0.000891950795881267,0.009002875777114845,0.11392815476670493,1.3329101183265124,11.699567337467757,-1.4666250148231048,0.8360955767320365,0.6414341869366944,0.007121764944439802,0.3005480423869822,0.09699373510171262,true
5.975,8.104804743060336,0.07221876537940425,0.4337491821087577,0.5776139795118711,-0.000436614188748028,-0.006145207923328165,0.005135374943003743,-0.0042496932407877,-0.0008856817022160424,0.008910611380396411,0.1136891462888682,1.3321222533865549,11.717233323239308,-1.4766382904036528,0.8433918521589331,0.6447110002035403,0.007026684975368791,0.2979711105027307,0.09617665285037011,true
6.025,8.104804743060336,0.07146664951240733,0.43532799292902025,0.5774579508371294,-0.0004362916134089166,-0.006128875564830298,0.005165404301707041,-0.004286220658965228,-0.0008791836427418124,0.008817812615856043,0.11344777622341276,1.3313277375060153,11.735159399548131,-1.4867833298188087,0.8506887268393418,0.6479529197250151,0.006931679259342222,0.2953859068115884,0.09535679179273547,true
6.075,8.104804743060336,0.07071039247801374,0.4368375519449522,0.5772441062843183,-0.00043585147419301635,-0.00611246841725664,0.005194426938787723,-0.004321966636323758,-0.0008724603024639656,0.00872450289916717,0.11320404735291463,1.330526621823956,11.75334851479318,-1.497061122273387,0.8579860065124965,0.6511601802097094,0.006836771271727468,0.29279288727457026,0.09453429365934489,true
6.125,8.104804743060336,0.0699501876180598,0.4382771480689599,0.5769717208484393,-0.00043529403728523997,-0.006095987757317161,0.005222441813135476,-0.004356926322201002,-0.0008655154909344744,0.008630706085541912,0.11295796284479848,1.3297189592724965,11.771803649641756,-1.5074726600856423,0.8652834930971492,0.6543330188626987,0.006741984443809664,0.29019251149851155,0.09370930140673954,true
6.175,8.104804743060336,0.06918623175046348,0.4396460958764463,0.5766400977622288,-0.00043461965541377113,-0.006079434864065258,0.005249448415646229,-0.004391095282948415,-0.0008583531326978137,0.00853644645908386,0.11270952626516305,1.3289048046002168,11.790527816378223,-1.5180189383216882,0.8725809847840196,0.6574716752673642,0.0066473421506272196,0.28758524263486956,0.09288195918894245,true
6.225,8.104804743060336,0.06841872505492139,0.44094373662326647,0.5762485694552377,-0.00043382876789120205,-0.006062811018059941,0.00527544676179741,-0.004424469499395044,-0.0008509772624023665,0.008441748718684961,0.11245874158913181,1.3280842143824656,11.809524058473135,-1.5287009545743362,0.8798782760928112,0.6605763912527456,0.006552867697227101,0.2849715472348377,0.09205241231507826,true
6.275,8.104804743060336,0.06764787091750393,0.4421694390478723,0.5757964982630777,-0.00043292190092305194,-0.006046117500110331,0.005300437388443685,-0.004457045366590675,-0.00084339202185301,0.008346637958851112,0.11220561320330938,1.3272572470078412,11.828795450749297,-1.539519709046641,0.8871751578162755,0.6636474107152248,0.006458584302032117,0.28235189501739905,0.09122080717925443,true
6.325,8.104804743060336,0.06687387576560562,0.44332260010152263,0.5752832770571437,-0.0004318996674572021,-0.006029355590133155,0.005324421347510376,-0.004488819691913182,-0.0008356016555971938,0.008251139649337729,0.11195014590643874,1.326423962659112,11.848345099680872,-1.550476204702336,0.8944714169332841,0.6666849794321401,0.006364515079682276,0.27972675861668295,0.09038729118378652,true
6.375,8.104804743060336,0.06609694891249984,0.44440264572806665,0.5747083299340314,-0.00043076276660566063,-0.006012526566353159,0.005347400196379283,-0.00451978969128196,-0.0008276105050973228,0.00815527961597036,0.11169234491244702,1.3255844233018224,11.868176143503089,-1.5615714473082096,0.901766836564947,0.6696893448985914,0.00627068302490663,0.27709661335222713,0.08955201266961509,true
6.425,8.104804743060336,0.06531730240496325,0.44540903167164136,0.5740711129398988,-0.0004295119829529905,-0.0059956317048148735,0.005369375988121057,-0.004549952985018305,-0.0008194230031027521,0.008059084021844028,0.11143221583082807,1.3247386927106115,11.888291755068181,-1.572806445448982,0.9090611965550549,0.6726607564215352,0.006177110994591834,0.274461936778669,0.08871512077396185,true
6.475,8.104804743060336,0.06453515086298914,0.4463412442464607,0.5733711147529876,-0.0004281481859100961,-0.005978672279054571,0.0053903512623703145,-0.004579307593791194,-0.0008110436685791209,0.007962579347546498,0.11116976476319786,1.323886836325642,11.908695130781705,-1.5841822104193148,0.9163542711804152,0.6755994640515479,0.006083821701190588,0.2718232093559777,0.08787676565672337,true
6.525,8.104804743060336,0.0637507113104214,0.4471988010520835,0.5726078573033331,-0.00042667232905087044,-0.005961649559780715,0.005410329035843234,-0.004607851934210013,-0.0008024771016332212,0.007865792370261276,0.1109049981734508,1.3230289214265158,11.929389506479714,-1.5956997564411728,0.9236458323424351,0.6785057197506541,0.0059908376836303795,0.2691809129238598,0.08703709800444359,true
6.575,8.104804743060336,0.06296420300118358,0.4479812516562788,0.5717808963564223,-0.00042508544925620164,-0.005944564814468678,0.005429312792385345,-0.004635584814057598,-0.0007937279783277471,0.007768750142327129,0.1106379229736919,1.322165016995525,11.95037814755359,-1.6073601006298859,0.9309356474755084,0.6813797764082414,0.005898181299594559,0.2665355312677831,0.08619626922247842,true
6.625,8.104804743060336,0.06217584724381488,0.4486881782601524,0.5708898220823642,-0.00042338866564165645,-0.005927419306845555,0.005447306472975773,-0.00466250542740553,-0.0007848010455702428,0.007671479969588702,0.1103685465062369,1.3212951937286264,11.97166435143694,-1.6191642630835505,0.9382234799988426,0.6842218879010291,0.005805874707706374,0.2638875496743289,0.08535443129454255,true
6.675,8.104804743060336,0.06138586722355789,0.4493191963401917,0.5699342596041654,-0.0004215831783936439,-0.005910214296288489,0.00546431446552962,-0.004688613349539195,-0.0007757011159904249,0.007574009389445065,0.11009687654628192,1.320419524016288,11.993251447612296,-1.6311132669437813,0.9455090892661454,0.6870323089517305,0.005713939851958686,0.2612374546862276,0.08451173670787844,true
6.725,8.104804743060336,0.06059448782073128,0.4498739552580095,0.5689138695105063,-0.0004196702675560056,-0.005892951037174145,0.0054803415943603315,-0.004713908531615825,-0.0007664330627445062,0.00747636614843988,0.1098229213038989,1.3195380819238058,12.015142797671691,-1.6432081384615969,0.9527922305201414,0.6898112949938585,0.005622398446250797,0.2585857338499695,0.08366833837591482,true
6.775,8.104804743060336,0.059801935425705846,0.450352138836118,0.5678283483315689,-0.0004176512917066399,-0.005875630778208039,0.005495393109522024,-0.004738391295155968,-0.0007570018143660557,0.007378578179432478,0.10954668942535237,1.3186509431706854,12.037341795429104,-1.6554499070726367,0.9600726548512719,0.6925591020422283,0.005531271959034702,0.2559328754564301,0.08282438955856132,true
6.825,8.104804743060336,0.05900843775146545,0.4507534659022421,0.5666774289848395,-0.00041552768647597297,-0.0058582547617469,0.0055094746762365775,-0.004762062326466414,-0.0007474123497701636,0.007280673578470952,0.10926818999458879,1.317758185107837,12.059851866980642,-1.66783960548068,0.9673501091455889,0.6952759865634168,0.005440581598173589,0.2532793682827787,0.08198004378285126,true
6.875,8.104804743060336,0.058214223644177804,0.4510776908026772,0.565460881191521,-0.000413300962968561,-0.005840824223114825,0.005522592364117019,-0.0047849226708503445,-0.0007376696932666748,0.007182680581419705,0.10898743253492472,1.316859886693275,12.082676470714096,-1.6803782697425982,0.9746243360232228,0.6979622053469372,0.005350348296071822,0.250625701336081,0.08113545476404344,true
6.925,8.104804743060336,0.05741952289173977,0.4513246038827552,0.56417851185819,-0.0004109727061244857,-0.005823340389906646,0.0055347526360130465,-0.00480697372651845,-0.0007277789094945961,0.007084627540337071,0.10870442701023345,1.31595612846768,12.105819097356502,-1.6930669393528393,0.9818950737824242,0.700618015382768,0.00526059269504675,0.2479723635924402,0.08029077632514293,true
6.975,8.104804743060336,0.05662456603060213,0.4514940319331934,0.5628301654228758,-0.0004085445729924971,-0.005805804481269649,0.00554596233670893,-0.004828217238318808,-0.0007177450983901212,0.00698654289964066,0.10841918382567521,1.3150469925295987,12.129283270053328,-1.7059066573290493,0.9891620563475105,0.7032436737444077,0.005171335132957207,0.24531984373250215,0.07944616231510945,true
7.025,8.104804743060336,0.05582958415137908,0.45158583860223467,0.5614157241681899,-0.00040601829088096137,-0.005788217707158623,0.005556228681668228,-0.004848655291387194,-0.0007075733902810336,0.006888455172122763,0.1081317138285029,1.3141325625092368,12.153072544410547,-1.7188984703002976,0.9964250132087538,0.7058394374730194,0.0050825956291417305,0.2426686298784071,0.07860176652742587,true
7.075,8.104804743060336,0.055034808703448394,0.45159992477330513,0.5599351085008439,-0.00040339565543959157,-0.005770581267564358,0.005565559245498051,-0.004868290304557819,-0.000697268940940232,0.006790392914841217,0.10784202830884318,1.313212923541406,12.177190508514583,-1.7320434285941297,1.003683669357612,0.7084055634640044,0.0049943938706940106,0.24001920933150872,0.07775774261878707,true
7.125,8.104804743060336,0.05424047129852674,0.45153622890726586,0.5583882771934396,-0.0004006785287299716,-0.005752896351717089,0.005573961949847304,-0.004887125023391421,-0.0006868369264558831,0.0066923847048838084,0.10755013899974919,1.3122881622392162,12.20164078302378,-1.7453425863189407,1.0109377452346713,0.7109423083620885,0.004906749199054777,0.23737206830499558,0.0769142440259627,true
7.175,8.104804743060336,0.05344680351341186,0.4513947273485258,0.5567752275874038,-0.00039786883722786354,-0.005735164137265044,0.005581445051185739,-0.004905162513044097,-0.0006762825381416418,0.006594459115029907,0.10725605807640898,1.3113583666680886,12.226427021342513,-1.758797001447914,1.0181869566930182,0.7134499284654323,0.004819680596898765,0.23472769165092466,0.07607142388067997,true
7.225,8.104804743060336,0.05265403669245031,0.4511754345951112,0.5550959957614447,-0.00039496856966691714,-0.005717385789427645,0.005588017129147294,-0.0049224061513224344,-0.0006656109778248598,0.006496644689378215,0.10695979815541257,1.3104236263177413,12.251552909754897,-1.772407735912181,1.0254310149550725,0.7159286796308132,0.004733206675366955,0.23208656258990837,0.07522943492525305,true
7.275,8.104804743060336,0.05186240175022624,0.450878403532792,0.5533506566698787,-0.0003919797747192292,-0.005699562460124893,0.005593687075563406,-0.004938859621994911,-0.0006548274535684954,0.006398969919001804,0.10666137229501312,1.3094840320704095,12.277022167392774,-1.7861758557038359,1.0326696265396484,0.7183788171721582,0.004647345661725754,0.22944916245152078,0.0743884294316126,true
7.325,8.104804743060336,0.051072128974634375,0.4505037256325847,0.5515393242495459,-0.00038890455858120866,-0.005681695287085202,0.005598464083721737,-0.004954526908132653,-0.0006439371755890839,0.006301463217650544,0.10636079399628738,1.3085396761659132,12.30283854604911,-1.800102430983826,1.0399024931606904,0.7208005957536,0.004562115387479923,0.22681597042436266,0.07354855912336968,true
7.375,8.104804743060336,0.050283447830314215,0.45005153111043744,0.5496621514889948,-0.0003857450825859501,-0.0056637853929350085,0.00560235763701986,-0.004969412285065375,-0.0006329453519544849,0.006204152897498111,0.10605807720404348,1.3075906521667537,12.329005829995396,-1.8141885361835566,1.0471293116262406,0.7231942692870748,0.00447753327691847,0.22418746330605263,0.0727099750976764,true
7.425,8.104804743060336,0.049496586762405134,0.4495219890478322,0.5477193304536694,-0.0003825035608891761,-0.005645833884269976,0.005605377496710469,-0.004983520312796858,-0.0006218571839136109,0.006107067144928584,0.10575323630628256,1.3066370549258304,12.355527835966624,-1.8284352500962884,1.0543497737678988,0.7255600908441928,0.004393616336040033,0.22156411524366237,0.07187282774374457,true
7.475,8.104804743060336,0.048711773000988,0.44891530747304087,0.545711092266808,-0.00037918225814084853,-0.005627841850706066,0.005607533689341237,-0.004996855828179192,-0.0006106778611620458,0.006010233996407748,0.10544628613212792,1.3056789805562836,12.382408413324503,-1.8428436559655148,1.0615635664037126,0.7278983125824626,0.004310381141837446,0.2189463974647443,0.07103726665808122,true
7.525,8.104804743060336,0.04792923236683429,0.448231733403862,0.5436377070524329,-0.0003757834870463407,-0.0056098103639082835,0.00560883649469558,-0.0050094239372517795,-0.0005994125574438009,0.0059136813145157195,0.10513724194944726,1.3047165264004286,12.40965144423106,-1.8574148415788654,1.0687703713043695,0.7302091856753504,0.004227843832005799,0.21633477800974832,0.07020344056001324,true
7.575,8.104804743060336,0.04714918907893206,0.4474715528525024,0.5414994838471752,-0.0003723096057395727,-0.00559174047659702,0.005609296434796246,-0.0050212300080337245,-0.0005880664267625211,0.005817436764198806,0.10482611946361868,1.3037497909939906,12.437260843624708,-1.8721498993780907,1.0759698651247627,0.7324929602340682,0.00414602009513862,0.21372972147771074,0.06937149721143547,true
7.625,8.104804743060336,0.04637186556403369,0.44663509079254876,0.5392967704818833,-0.0003687630150492519,-0.005573633221535564,0.005608924263488192,-0.005032279663536272,-0.00057664459995192,0.005721527789270824,0.1045129348177298,1.302778874025709,12.465240558958092,-1.887049926578409,1.0831617192926435,0.7347498852192563,0.004064925161467255,0.21113168878716637,0.06854158334140766,true
7.675,8.104804743060336,0.04559748226802296,0.44572271108652073,0.5370299534264202,-0.0003651461557992011,-0.0055554896105023234,0.005607730955708417,-0.005042578774551346,-0.0005651521811570713,0.005625981589138885,0.10419770459301216,1.3018038762955653,12.493594569864149,-1.9021160252864766,1.0903455998839016,0.736980208352594,0.003984573794114778,0.20854113694239343,0.0677138445723139,true
7.725,8.104804743060336,0.04482625746914971,0.44473481637256396,0.5346994575898614,-0.0003614615062000564,-0.0055373106332496196,0.005605727695990592,-0.005052133451987727,-0.0005535942440028649,0.00553082509575962,0.10388044580792304,1.3008248996754717,12.522326887975838,-1.9173493026089528,1.0975211675256304,0.7391841760410892,0.0039049802808041618,0.20595851879272298,0.0668884253435195,true
7.775,8.104804743060336,0.04405840709358362,0.4436718479103184,0.532305746075241,-0.0003577115792853348,-0.005519097256447844,0.005602925866536505,-0.005060950038917779,-0.0005419758276187254,0.00543608495088154,0.10356117591555773,1.2998420470730865,12.551441556949475,-1.9327508707521763,1.1046880773365446,0.7413620333161688,0.003826158426011687,0.20338428278330564,0.06606546883199241,true
7.825,8.104804743060336,0.043294144533832846,0.4425342853869424,0.5298493198940426,-0.0003538989202815368,-0.005500850422613642,0.005599337035601844,-0.005069035102709874,-0.0005303019328919698,0.0053417874836408676,0.10323991280037187,1.298855422395892,12.58094265255146,-1.9483218471236792,1.1118459788798736,0.7435140237791753,0.003748121543596788,0.20081887270575527,0.06524511687268462,true
7.875,8.104804743060336,0.04253368047048993,0.44132264668456356,0.5273307176465678,-0.00035002610387878483,-0.00548257104902278,0.005594972946528093,-0.0050763954274177115,-0.0005185775191103815,0.005247958688567913,0.10291667477541895,1.297865130512784,12.6108342826363,-1.9640633544399626,1.11899451609728,0.7456403895436082,0.003670882449973362,0.19826272745827467,0.0644275098818462,true
7.925000000000001,8.104804743060336,0.04177722269740025,0.44003748760953276,0.5247505151701908,-0.00034609573141636496,-0.0054642600266095655,0.005589845507368618,-0.005083038006406728,-0.0005068075009618898,0.005154624204015724,0.10259148058056339,1.296871277211843,12.641120586942222,-1.9799765208441793,1.1261333272105338,0.7477413711705718,0.0035944534578398408,0.19571628081858589,0.06361278678437285,true
7.975,8.104804743060336,0.04102497595025409,0.4386794015828236,0.5221093251521502,-0.00034211042807832584,-0.005445918218856141,0.0055839667805457,-0.005088970034939777,-0.0004949967456059235,0.005061809291011155,0.10226434938099448,1.29587396915641,12.671805736802002,-1.996062480025186,1.1332620446080435,0.749817207602995,0.003518846370462668,0.1931799612243654,0.06280108494342047,true
8.025,8.104804743060336,0.04027714173873327,0.4372490192909654,0.5194077967029012,-0.0003380728401298106,-0.005427546460673151,0.005577348972354398,-0.005094198902630482,-0.0004831500697239158,0.004969538812544522,0.10193530076514472,1.2948733138416941,12.702893934899313,-2.0123223713334637,1.1403802947398214,0.7518681361055941,0.0034440724764813707,0.19065419155460522,0.06199254009010671,true
8.075,8.104804743060336,0.039533918182512756,0.43574700829779744,0.516646614889825,-0.00033398563215675123,-0.005409145557272189,0.005570004422521709,-0.005098732185869555,-0.0004712722366521545,0.0048778372133348805,0.10160435474185303,1.2938694195519351,12.734389415092288,-2.028757339897315,1.1474876980254007,0.7538943922115614,0.0033701425452203433,0.1881393889111517,0.06118728625305619,true
8.125,8.104804743060336,0.038795499851704086,0.4341740726183374,0.5138265002351841,-0.00032985148428739066,-0.005390716283030947,0.005561945594025813,-0.005102577640328855,-0.00045936795369695867,0.004786728500143372,0.10127153173741972,1.2928623953171916,12.766296442216055,-2.0453685367362846,1.1545838687579102,0.7558962096708838,0.0032970668225585976,0.18563596440561383,0.060385455689497144,true
8.175,8.104804743060336,0.038062077612100564,0.4325309522559217,0.5109482081815223,-0.00032567308936747014,-0.00537225938035211,0.0055531850633513055,-0.005105743193635271,-0.00044744186971603424,0.004696236222679006,0.10093685259312551,1.2918523508683117,12.798619311776477,-2.0621571188743855,1.1616684149883127,0.7578738203958313,0.0032248550273789767,0.18314432295588284,0.05958717881931439,true
8.225,8.104804743060336,0.03733383847490748,0.43081842270257065,0.5080125285237185,-0.0003214531501513032,-0.005353775558518992,0.00554373551085102,-0.005108236938052987,-0.0004354985727980324,0.004606383455057845,0.10060033856301656,1.290839396590112,12.831362349556345,-2.0791242494563655,1.1687409383947787,0.7598274544052805,0.0031535163485733914,0.18066486309072863,0.05879258416155636,true
8.275,8.104804743060336,0.036610965451429195,0.42903729440250293,0.5050202848051464,-0.0003171943765393387,-0.005335265492549641,0.005533609710994012,-0.005110067123065057,-0.00042354258792895536,0.004517192777873766,0.1002620113112448,1.2898236434755432,12.864529911249488,-2.096271097853835,1.1758010341566145,0.7617573397733371,0.00308305944260856,0.17819797675754864,0.05800179827175148,true
8.325,8.104804743060336,0.03589363741235819,0.4271884121787284,0.5019723336769149,-0.00031289948287263,-0.005316729822051063,0.005522820522438436,-0.005111242147823852,-0.0004115783746145834,0.00442868626083704,0.09992189290864426,1.2888052030804416,12.898126382160909,-2.1135988397722594,1.182848290841857,0.7636637025844951,0.0030134924316002724,0.17574404913132127,0.05721494567940704,true
8.375,8.104804743060336,0.035182028952340245,0.4252726546234628,0.4988695642199562,-0.00030857118526790486,-0.005298169150074503,0.005511380878084572,-0.0051117705535484986,-0.00039961032453607326,0.004340885446063896,0.09958000582819822,1.2877841874807474,12.932156177039344,-2.1311086573481512,1.1898822903191535,0.7655467668977755,0.002944822901914833,0.17330345842293424,0.05643214882507139,true
8.425,8.104804743060336,0.03447631026042254,0.4232909334546763,0.49571289723519746,-0.0003042121989553318,-0.005279584041972229,0.005499303775452772,-0.0051116610160443,-0.00038764275940847154,0.004253811332091937,0.09923637294020572,1.2867607092308666,12.966623739928469,-2.1488017392334506,1.19690260767281,0.7674067547137038,0.0028770579033440993,0.1708765756930142,0.05565352799898126,true
8.475,8.104804743060336,0.03377664699551674,0.4212441928395484,0.49250328450563985,-0.00029982523545735276,-0.005260975024256881,0.005486602267983382,-0.005110922338647564,-0.0003756799293358178,0.0041674843585143345,0.0988910175081204,1.285734881315386,13.001533543830796,-2.166679280724559,1.2039088110907739,0.7692438859360999,0.002810203948729765,0.168463764677735,0.05487920128351015,true
8.525,8.104804743060336,0.033083200168739786,0.4191334086864508,0.4892417080317856,-0.00029541299985703234,-0.00524234258346899,0.005473289456289597,-0.00510956344511959,-0.0003637260111700076,0.0040819243914626034,0.09854396318491468,1.2847068171028484,13.036890090285247,-2.184742483851199,1.2109004617318866,0.7710583783307366,0.0027442670142752653,0.16606538162578177,0.05410928449903438,true
8.575,8.104804743060336,0.03239612603107332,0.41695958790541005,0.4859291792409858,-0.0002909781884231315,-0.005223687165054057,0.005459378478726247,-0.0051075933721630665,-0.00035178510656318045,0.003997150709745624,0.09819523401013072,1.283676630301529,13.072697908832247,-2.2029925574203846,1.2178771135669735,0.7728504474797634,0.0026792525405378203,0.1636817751473213,0.05334389115350305,true
8.625,8.104804743060336,0.031715575966716904,0.41472376763679875,0.48256673816690904,-0.00028652348571366515,-0.005205009172243581,0.0054448825039596985,-0.005105021262908323,-0.00033986124105137537,0.003913181991691172,0.0978448544070006,1.2826444349042272,13.108961556311097,-2.22143071716014,1.2248383132025034,0.7746203067344704,0.0026151654336659057,0.16131328607002499,0.05258313239425645,true
8.675,8.104804743060336,0.03104169639382353,0.4124270144503821,0.4791554525987629,-0.00028205156186632713,-0.0051863089649547695,0.005429814723063507,-0.005101856360153599,-0.00032795836290990844,0.003830036302898314,0.09749284917847373,1.2816103451409337,13.14568561633453,-2.240058185798578,1.2317835997301971,0.7763681671774352,0.0025520100672912476,0.15896024729547065,0.05182711695968076,true
8.725,8.104804743060336,0.03037462867071048,0.41007042351408396,0.47569641719984634,-0.00027756507035256873,-0.005167586858705746,0.005414188340089301,-0.005098107998810159,-0.00031608034127914193,0.0037477310846653613,0.09713924350194289,1.2805744754398503,13.182874698980308,-2.2588761930780428,1.2387125046115322,0.7780942375956712,0.002489790285038517,0.15662298365513425,0.05107595113045166,true
8.775,8.104804743060336,0.02971450900815301,0.40765511773364443,0.472190752597608,-0.0002730666454918548,-0.0051488431235448195,0.005398016563613941,-0.005093785598810446,-0.00030423096480349573,0.003666283143168351,0.09678406292330893,1.279536940384355,13.220533440492696,-2.2778859758175107,1.2456245515723317,0.7797987244579614,0.0024285094033766963,0.15430181177016633,0.050329738681891015,true
8.825,8.104804743060336,0.02906146838862706,0.4051822468665239,0.4686396044517175,-0.0002685589000081653,-0.00513007798299673,0.005381312598763876,-0.005088898658234321,-0.00029241394052955533,0.0035857086394969198,0.09642733335121925,1.2784978546708619,13.258666502931932,-2.297088777954238,1.2525192564862275,0.781481831890966,0.002368170215026182,0.15199703992079014,0.049588580839285294,true
8.875,8.104804743060336,0.028415632492492175,0.40265298661223015,0.465044142504895,-0.00026404442256985845,-0.005111291613028719,0.005364089639865869,-0.005083456746733443,-0.00028063289313242593,0.0035060230805464866,0.09606908105240997,1.2774573330639347,13.297278573602934,-2.3164858505793173,1.2593961272183027,0.7831437616473085,0.002308774992905569,0.1497089679308907,0.048852576238029195,true
8.925,8.104804743060336,0.027777121631055772,0.4000685376797958,0.46140555961714336,-0.00025952577535722063,-0.005092484141039234,0.005346360863504818,-0.005077469499148614,-0.00026889136435620346,0.0034272413107594817,0.0957093326482333,1.2764154903488116,13.336374364244124,-2.3360784519618685,1.2662546634240408,0.7847847130650655,0.002250325494615282,0.14743788706776953,0.048121820888586825,true
8.975,8.104804743060336,0.027146050686427288,0.39743012483221507,0.4577250707803064,-0.00025500549172364546,-0.0050736556448725345,0.005328139421566129,-0.005070946609111168,-0.0002571928124549608,0.003349377504704335,0.09534811511138382,1.2753724412846952,13.375958610139591,-2.3558678475489447,1.2730943563325297,0.786404883026109,0.002192822967429294,0.1451840799506094,0.04739640814412928,true
9.025,8.104804743060336,0.026522529058026892,0.3947389959074147,0.45400391210885094,-0.00025048607399373444,-0.005054806151861714,0.005309438433946532,-0.005063897822469863,-0.0002455406114766686,0.0032724451604755267,0.09498545576157857,1.2743283005625614,13.416036069366577,-2.3758553099318003,1.2799146885517931,0.7880044659222558,0.002136268153749955,0.1429478204601811,0.046676428668378143,true
9.075,8.104804743060336,0.025906660615684127,0.391996420816435,0.4502433398057979,-0.0002459699913712804,-0.0050359356379012675,0.0052902709810356595,-0.005056332930593353,-0.0002339380504423061,0.0031964570939067303,0.0946213822594761,1.2732831827688202,13.456611522300015,-2.3960421187830896,1.2867151339201135,0.7895836536342352,0.002080661296974876,0.1407293736460588,0.045961970402432224,true
9.125,8.104804743060336,0.025298543659355105,0.38920369052109816,0.4464446291076929,-0.00024145967791086524,-0.005017044026550726,0.005270650096279988,-0.005048261763704609,-0.00022238833257537914,0.003121425433600575,0.09425592259929677,1.2722372023529698,13.49768977129997,-2.4164295607746724,1.2934951573915872,0.7911426355199283,0.002026002147761871,0.138528995634801,0.045253118531736275,true
9.175,8.104804743060336,0.024698270885512186,0.38636211599441483,0.4426090732157018,-0.0002369575304866888,-0.004998131188170959,0.005250588759289241,-0.005039694184480684,-0.0002108945748085572,0.0030473616167816815,0.09388910510149695,1.271190473594435,13.539275640344425,-2.4370189294936293,1.300254214914738,0.7926815984019159,0.0019722899706933303,0.13634693354736044,0.0445499554559462,true
9.225,8.104804743060336,0.02410592936026445,0.3834730271665421,0.43873798221883137,-0.0002324659067558474,-0.004979196939096273,0.005230099889612455,-0.00503064008198672,-0.0001994598076257353,0.002974276385980171,0.09352095840674175,1.270143110565293,13.581373974389582,-2.4578115253589736,1.3069917532640332,0.7942007265453674,0.001919523551365441,0.13418342543268694,0.04385256076400077,true
9.275,8.104804743060336,0.023521600499226462,0.38053777185761717,0.4348326820109262,-0.00022798712315352633,-0.004960241040845794,0.00520919634101685,-0.005021109365865679,-0.00018808697515117125,0.002902179786547802,0.09315151147136672,1.2690952270890228,13.62398963841958,-2.478808655530551,1.3137072098160605,0.7957002016250788,0.0018677012039070115,0.13203870021794173,0.04316101121453618,true
9.325,8.104804743060336,0.022945360054180304,0.37755771469743304,0.4308945131988653,-0.00022352345298375196,-0.004941263199377448,0.005187890895891501,-0.005011111960597677,-0.000176778935293824,0.002831081165012279,0.09278079356354917,1.2680469366989493,13.667127516326046,-2.5000116337890237,1.3204000122924868,0.7971802026872553,0.0018168207789203026,0.12991297767031637,0.04247538071997669,true
9.375,8.104804743060336,0.02237727810660124,0.37453423603164215,0.42692482999820003,-0.00021907712464726796,-0.004922263064387089,0.005166196259473036,-0.005000657799677781,-0.00016553845979525462,0.002760989168278431,0.09240883425877587,1.2669983526017927,13.710792509878118,-2.5214217803648964,1.3270695785155684,0.7986409061163707,0.0017668796718148356,0.12780646836239984,0.04179574033162653,true
9.425,8.104804743060336,0.02181741906804343,0.37146873081494736,0.4229249991146255,-0.0002146503199992271,-0.0049032402286545715,0.005144125053872276,-0.004989756819701337,-0.00015436823417093893,0.002691911743675798,0.09203566343381843,1.2659495876490918,13.754989537935137,-2.543040421707946,1.3337153162015467,0.8000824856122357,0.0017178748315011105,0.12571937363710636,0.04112215822444843,true
9.475,8.104804743060336,0.02126584168727879,0.3683626074931201,0.41889639861354844,-0.0002102451728056306,-0.004884194227437967,0.005121689812067192,-0.0049784189544394,-0.00014327085762779173,0.0026238561398394538,0.0916613112592993,1.264900754315811,13.799723535893484,-2.5648688902029804,1.340336622792839,0.8015051121767869,0.0016698027694143386,0.12365188557318273,0.040454699681881125,true
9.525,8.104804743060336,0.020722599063939764,0.36521728687659516,0.4148404167828892,-0.0002058637672480252,-0.0048651245379182076,0.005098902972189317,-0.00496665412906977,-0.000132248843119547,0.0025568289083932956,0.09128580819166313,1.2638519646824258,13.844999455214877,-2.586908523850271,1.3469328853034168,0.80290895410451,0.001622659568841451,0.12160418695606953,0.03979342708229972,true
9.575000000000001,8.104804743060336,0.020187738668378315,0.3620342010085382,0.4107584509947435,-0.00020150813645155438,-0.004846030578696729,0.005075776872322246,-0.004954472254676543,-0.00012130461764570371,0.002490835906400321,0.09090918496576018,1.2628033304156387,13.890822262802795,-2.6091606659293936,1.3535034801382426,0.8042941769680169,0.0015764408945376064,0.11957645126049381,0.039138399889251434,true
9.625,8.104804743060336,0.01966130236750969,0.35881479202956656,0.40665190656961814,-0.0001971802610426005,-0.004826911709349534,0.005052323745832733,-0.004941883223032588,-0.00011044052280014503,0.0024258822995513246,0.0905314725887283,1.2617549627452387,13.93719694008749,-2.6316266646525777,1.3600477728611091,0.8056609435937216,0.0015311420026240677,0.11756884264790213,0.038489674646506274,true
9.675,8.104804743060336,0.01914332645654731,0.3555605110401722,0.40252219564374453,-0.00019288206777436808,-0.004807767230041485,0.00502855571703064,-0.0049288969015666125,-9.965881546402777e-5,0.0023619725660804602,0.09015270233512272,1.2607069724377906,13.98412848182178,-2.6543078727988707,1.3665651179121885,0.8070094140284894,0.00148675775076029,0.11558151597779447,0.03784730497761191,true
9.725,8.104804743060336,0.01863384169661346,0.35227281696084545,0.39837073603708506,-0.00018861542826578072,-0.004788596381203922,0.005004484796857071,-0.004915523128365969,-8.896166849110213e-5,0.002299110501405788,0.0897729057422676,1.2596594697716872,14.031621894785168,-2.677205647306499,1.3730548583063231,0.8083397455041406,0.0014432826085755458,0.11361461682719841,0.03721134158803792,true
9.775,8.104804743060336,0.01813287335822924,0.34895317538965254,0.3941989501188872,-0.00018438215787753293,-0.0047693983432780685,0.004980122878397313,-0.004901771707113539,-7.835117128377443e-5,0.0022372992234952166,0.08939211460472618,1.258612564518124,14.07968219661716,-2.7003213488039997,1.3795163253505827,0.8096520924077026,0.0014007106683371457,0.11166828151265983,0.03658183226804364,true
9.825000000000001,8.104804743060336,0.017640441270627704,0.34560305745774655,0.3900082636696336,-0.0001801840147167819,-0.004750172236526328,0.004955481732212979,-0.004887652401955343,-6.782933025763563e-5,0.0021765411789509384,0.0890103609668733,1.2575663659315366,14.128314414987722,-2.7236563410712282,1.3859488384172822,0.8109466062642555,0.00135903565582011,0.10974263711007178,0.03595882189472558,true
9.875,8.104804743060336,0.017156559876769128,0.34222393868476075,0.3858001047420534,-0.00017602269873681704,-0.004730917120913092,0.0049305730016937655,-0.004873174932399197,-5.739806929456852e-5,0.0021168381497974117,0.08862767711404951,1.2565209827477763,14.177523587026169,-2.747211990436187,1.3923517047582668,0.8122234357287074,0.0013182509413624097,0.10783780147532299,0.03534235243424511,true
9.925,8.104804743060336,0.01668123829382468,0.3388172978372644,0.38157590252714857,-0.0001718998508782044,-0.004711631996057397,0.0049054081987887745,-0.004858348968426511,-4.7059230362263456e-5,0.002058191260944051,0.08824409556317808,1.2554765231858698,14.22731475883296,-2.7709896651279564,1.3987242193324139,0.8134827265803606,0.0012783495510811198,0.10595388327036387,0.03473246294578062,true
9.975,8.104804743060336,0.016214480378866303,0.33538461579365775,0.3773370862316273,-0.00016781705223717778,-0.004692315801260558,0.004879998700280183,-0.004843184125902285,-3.681457437789814e-5,0.0020006009882902855,0.08785964905461693,1.2544330949469116,14.27769298471825,-2.7949907346025773,1.4050656645840434,0.8147246217078785,0.0012393241782518978,0.10409098200301782,0.034129189589979424,true
10.025,8.104804743060336,0.015756284799456302,0.3319273744178737,0.3730850839704333,-0.00016377582327419064,-0.00467296741561238,0.004854355744568105,-0.004827689962271413,-2.6665782296692205e-5,0.001944067167435153,0.08747437054570324,1.253390805208133,14.328663326056935,-2.819216568846524,1.4113753101547082,0.8159492610817872,0.001201167194836968,0.10224918808193444,0.03353256564238138,true
10.075000000000001,8.104804743060336,0.015306645108824363,0.32844705544249686,0.36882132167370263,-0.00015977762309521922,-0.004653585658179587,0.0048284904287510194,-0.004811875972436422,-1.6614456314597084e-5,0.0018885890029529133,0.08708829320579553,1.2523497606122964,14.380230849775746,-2.8436685376585498,1.4176524125321126,0.817156781715934,0.0011638706631370553,0.10042858288489442,0.03294262151122789,true
10.125,8.104804743060336,0.014865549825399484,0.32494513936076014,0.36454722200462886,-0.00015582384885657284,-0.004634169288280056,0.004802413705647653,-0.004795751584640405,-6.662121007248653e-6,0.001834165078205983,0.08670145041136484,1.2513100672579915,14.432400626760097,-2.868348009889926,1.4238962146870093,0.8183473176281569,0.001127426347541768,0.09862923883318522,0.03235938475723961,true
10.175,8.104804743060336,0.014432982516507206,0.3214231043268229,0.3602642032849403,-0.00015191583529445193,-0.0046147170058452565,0.004776136380668469,-0.004779326156308817,3.189775640347753e-6,0.0017807933656718026,0.08631387573988707,1.2502718306942353,14.485177730426766,-2.8932563526441344,1.4301059457421528,0.8195209998084387,0.001091825726335458,0.09685121946632724,0.03178288011347489,true
10.225,8.104804743060336,0.014008921886148336,0.31788242506481423,0.35597367842764344,-0.00014805485436348523,-0.004595227451873042,0.004749669108599949,-0.004762608969881456,1.2939861281507058e-5,0.0017284712377732905,0.08592560296196028,1.2492351559213044,14.53856723559272,-2.9183949304343026,1.4362808206973496,0.8206779561984912,0.001057060003538215,0.09509457951497559,0.03121312950455273,true
10.275,8.104804743060336,0.013593341866831605,0.31432457178852724,0.35167705388019066,-0.0001442421149607074,-0.004575699208973159,0.0047230223904648335,-0.004745609228716561,2.2586838251727366e-5,0.0016771954782094877,0.08553666603225388,1.2482001473963047,14.592574217536578,-2.9437651042974653,1.4424200401868275,0.8218183116775963,0.001023120120785651,0.09335936497518942,0.03065015206630275,true
10.325000000000001,8.104804743060336,0.01318621171539586,0.31075100913432874,0.34737572858280175,-0.00014047876270288702,-0.004556130802007443,0.004696206570688388,-0.004728336053183738,3.212948249535063e-5,0.0016269622937784443,0.08514709908033966,1.2471669090391777,14.647203751033565,-2.9693682308808227,1.4485227902357554,0.8229421880481507,0.000989996769240559,0.09164561318881045,0.03009396416742602,true
10.375,8.104804743060336,0.0127874961127155,0.30716319510973,0.3430710929459995,-0.00013676587975845292,-0.004536520698827521,0.004669231834615944,-0.004710798476970632,4.1566642354687496e-5,0.0015777673266792363,0.0847569364020575,1.246135544237837,14.702460909235821,-2.995205661492035,1.4545882419887732,0.8240497040158852,0.0009576804015441452,0.08995335293255166,0.029544579434030244,true
10.425,8.104804743060336,0.012397155267102614,0.3035625800594217,0.33876452784941724,-0.0001331044847414973,-0.0045168673111126035,0.0046421082063434465,-0.004693005443586342,5.0897237242895736e-5,0.0015296056672700921,0.0843662124522154,1.2451061558493985,14.758350762215626,-3.021278741118929,1.4606155513800427,0.8251409751594704,0.0009261612438001466,0.08828260451867416,0.02900200877800161,true
10.475,8.104804743060336,0.012015145021107284,0.2999506056497986,0.3344574036620737,-0.00012949553268112944,-0.004497168995309856,0.004614845546747212,-0.004674965803006342,6.012025625912968e-5,0.0014824718672458014,0.08397496183769507,1.2440788462005172,14.814878375354848,-3.0475888074128745,1.4666038587821373,0.8262161138966803,0.0008954293075642001,0.08663337990271881,0.028466260427714007,true
10.525,8.104804743060336,0.011641416961310571,0.2963287038724125,0.33015107928328213,-0.00012593991507929306,-0.004477424053680033,0.00458745355158446,-0.004656688308395551,6.923475681109084e-5,0.0014363599531843658,0.08358321931072178,1.2430537170856095,14.872048807602637,-3.0741371896575207,1.4725522886392854,0.8272752294481724,0.000865474401801378,0.08500568279692854,0.027937339960637724,true
10.575000000000001,8.104804743060336,0.011275918530690831,0.29269829606652864,0.32584690120330495,-0.0001224384600535375,-0.004457630735450548,0.0045599417496359545,-0.004638181612895755,7.823986325980036e-5,0.0013912634404111624,0.08319101976166128,1.2420308697634272,14.929867109716803,-3.1009252077404903,1.4784599491131407,0.8283184278038467,0.0008362861447783042,0.08339950878655283,0.027415250336926315,true
10.625,8.104804743060336,0.010918593143212692,0.28906079196099027,0.3215462025834299,-0.00011899193256393214,-0.0044377872380783456,0.004532319500874815,-0.0046194542664697155,8.713476559490084e-5,0.001347175347137343,0.08279839821116952,1.2410104049506585,14.988338322506895,-3.1279541711521146,1.4843259317446171,0.8293458116921194,0.0008078539758645768,0.08181484544832388,0.026899991933756265,true
10.675,8.104804743060336,0.01056938030046083,0.28541758873605094,0.3172503023562362,-0.0001156010347153681,-0.004417891708624629,0.004504595994717501,-0.004600514712830487,9.591871811298613e-5,0.0013040882088505294,0.08240538980138142,1.2399924228121648,15.047467475135686,-3.155225378030752,1.4901493111450712,0.830357480554104,0.0007801671672249745,0.08025167246993704,0.026391562580038847,true
10.725,8.104804743060336,0.010228215710359177,0.2817700701065678,0.31296050434822464,-0.00011226640612167562,-0.00439794224524309,0.0044767802484722225,-0.004581371286514431,0.0001045910380422085,0.0012619940929628182,0.08201202978687366,1.2389770229454309,15.107259583321932,-3.1827401142600036,1.4959291446900616,0.8313535305176786,0.0007532148354142432,0.07870996177351151,0.025889957592490687,true
10.775,8.104804743060336,0.00989503140810415,0.2781196054284583,0.3086780964278125,-0.00010898862432710193,-0.004377936898783089,0.00444888110605195,-0.004562032210132823,0.00011315110408087296,0.0012208846137319567,0.08161835352615855,1.2379643043577502,15.167719647284782,-3.210499652608991,1.5016644721841133,0.8323340543659161,0.0007269859528937388,0.07718967764576518,0.025395169813965782,true
10.825000000000001,8.104804743060336,0.00956975587941282,0.274467548830248,0.30440434968121566,-0.00010576820528837512,-0.004357873674508819,0.004420907236939449,-0.004542505591797057,0.00012159835485760825,0.0011807509474681464,0.08122439647367849,1.2369543654374175,15.22885264944091,-3.238505251902054,1.507354315498035,0.8332991415002848,0.0007014693594758787,0.07569077687439636,0.024907189653876834,true
10.875,8.104804743060336,0.009252314185968922,0.2708152383706916,0.30014051761686744,-0.00010260560392719731,-0.0043377505339351734,0.004392867135313181,-0.004522799422672816,0.00012993228735963536,0.001141583848012024,0.0808301941730048,1.2359473039172653,15.290663551690931,-3.266758156210412,1.5129976781524994,0.8342488778943268,0.0006766537737044238,0.07421320889284179,0.02442600513142547,true
10.925,8.104804743060336,0.008942628092717663,0.2671639952222997,0.295887835396789,-9.950121476190467e-5,-0.004317565396780985,0.004364769119213453,-0.004502921574603381,0.00013815245538992878,0.0011033736624407521,0.08043578224964572,1.2349432168341936,15.353157292625609,-3.295259594084122,1.518593544911255,0.8351833460486874,0.0006525278041276311,0.0727569159270092,0.02395160191952656,true
10.975,8.104804743060336,0.008640616196589544,0.2635151228802929,0.2916475190928008,-9.64553726230991e-5,-0.004297316143039879,0.0043366213296475884,-0.004482879797751422,0.00014625846810383328,0.0010661103469504296,0.08004119640321164,1.233942200483639,15.41633878468772,-3.3240107778509613,1.5241408813912758,0.8361026249484395,0.0006290799604413542,0.07132183314301706,0.02348396338911461,true
11.025,8.104804743060336,0.00834619405631042,0.2598699063972187,0.2874207649672875,-9.346835344156751e-5,-0.004277000615169033,0.004308431729684427,-0.004462681718284508,0.00015424998860008067,0.0010297834828725233,0.07964647239798177,1.2329443503691706,15.480212911481228,-3.3530129030246485,1.5296386337394443,0.8370067900305079,0.0006062986644657581,0.0699078887926149,0.023023070652740073,true
11.075000000000001,8.104804743060336,0.008059274323167314,0.2562296116445899,0.2832087487809127,-9.054037508839478e-5,-0.004256616620395442,0.004280208103710351,-0.004442334836191019,0.00016212673248066842,0.000994382292808225,0.07925164605281124,1.23194976114234,15.54478452499776,-3.382267147852529,1.5350857283312223,0.8378959131532151,0.0005841722609578151,0.068515004359866,0.022568902608648755,true
11.125,8.104804743060336,0.007779766872811544,0.252595484603637,0.2790126251313013,-8.767159825672935e-5,-0.004236161933139287,0.004251958056979084,-0.004421846523293543,0.00016988846631445925,0.0009598956568907964,0.07885675323141009,1.2309585265292067,15.61005844251388,-3.411774673010874,1.5404810714559747,0.8387700625619224,0.0005626890282751672,0.06714309471260321,0.022121435986507787,true
11.175,8.104804743060336,0.007507578938208689,0.24896875068653232,0.2748335268252857,-8.48621273905871e-5,-0.004215634297553076,0.004223689015455439,-0.004401224021460972,0.00017753500600553324,0.0009263121291894149,0.0784618298344494,1.2299707392400965,15.67603944281282,-3.4415366214330203,1.5458235489182783,0.8396293028394284,0.0005418371889198926,0.06579206826316826,0.021680645396268867,true
11.225,8.104804743060336,0.007242615243745741,0.24535061408791556,0.270672564284021,-8.21120116748718e-5,-0.0041950314301749765,0.0041954082258339595,-0.004380474440960306,0.00018506621512634665,0.0008936199542557966,0.07806691179232172,1.2289864908683268,15.742732262008138,-3.4715541182497343,1.5511120256105955,0.8404736948504739,0.0005216049199570582,0.06446182713374853,0.021246503378608467,true
11.275,8.104804743060336,0.006984778140317105,0.24174225716530495,0.2665308249775508,-7.942124609923504e-5,-0.004174351022693983,0.004167122755563649,-0.004359604758863766,0.00019248200330011702,0.0008618070837915936,0.07767203505866141,1.228005871777926,15.810141588931987,-3.501828270839714,1.5563453450427014,0.8413032956780971,0.0005019803633055042,0.06315226732622192,0.02081898045691677,true
11.325000000000001,8.104804743060336,0.00673396774107843,0.23814483984714488,0.26240937288556826,-7.678977259718714e-5,-0.004153590744824386,0.004138839492777987,-0.004338621817460588,0.00019978232468260103,0.000830861193398191,0.077277235601861,1.2270289709887525,15.878272060746477,-3.532360169010416,1.561522328949577,0.8421181585710715,0.00048295163585726985,0.06186327888725054,0.020398045187768152,true
11.375,8.104804743060336,0.006490082057537382,0.2345594990687037,0.2583092479841105,-7.421748124621543e-5,-0.004132748247286682,0.004110565146192357,-0.0043175323227043596,0.00020696717651200267,0.000800769699368076,0.07688254939529461,1.2260558760540965,15.947128258589379,-3.5631508853512277,1.5666417769530252,0.8429183328977583,0.0004645068394147295,0.06059474607131437,0.01998366421077595,true
11.425,8.104804743060336,0.006253017135757662,0.2309873482377025,0.2542314657613999,-7.170421150935901e-5,-0.004111821164891888,0.004082306245129138,-0.004296342842776479,0.00021403659764734038,0.0007715197754901806,0.07648801240600468,1.2250866729286687,16.01671470328981,-3.5942014758086365,1.5717024662938166,0.8437038641083899,0.000446634070424614,0.05934654750113682,0.01957580229765855,true
11.475,8.104804743060336,0.006022667192594524,0.22742947673208447,0.250177016767204,-6.924975350972199e-5,-0.004090807119725703,0.004054069139783906,-0.004275059806823054,0.00022099066703914778,0.0007430983698591107,0.07609366058477716,1.2241214458157692,16.087035850403804,-3.6255129805047304,1.5767031515017964,0.8444747936847369,0.00042932142953405603,0.05811855633466834,0.019174422403561292,true
11.525,8.104804743060336,0.005798924751971182,0.22388694943122384,0.2461468661980448,-6.685384934243502e-5,-0.004069703724428615,0.004025860001727219,-0.0042536895038631254,0.00022782950213590634,0.0007154922216894192,0.07569952985672465,1.2231602769971832,16.158096084774108,-3.657086424800618,1.5816425640568634,0.8452311590855404,0.00041255703096192397,0.05691064043531941,0.018779485719534528,true
11.575000000000001,8.104804743060336,0.005581680781250858,0.2203608062801214,0.24214195351707388,-6.451619443532413e-5,-0.00404850858556714,0.0039976848245313655,-0.00423223808181312,0.00023455325728175425,0.0006886878781416813,0.0753056561138223,1.2222032466447181,16.229899714271045,-3.688922820556801,1.586519411959862,0.8459729936753354,0.00039632901171801713,0.055722662549348725,0.018390951727454835,true
11.625,8.104804743060336,0.005370824827682788,0.2168520618849113,0.2381631921052014,-6.223643896731538e-5,-0.004027219307090684,0.003969549424391713,-0.004210711546562312,0.00024116212217059878,0.0006626717111576941,0.0749120752064902,1.2212504326257354,16.302450963472033,-3.721023167572248,1.591332379353149,0.846700326658154,0.0003806255406447945,0.05455448048116611,0.018008778254320595,true
11.675,8.104804743060336,0.005166245154798325,0.2133617051381872,0.2342114689405781,-6.001418934164843e-5,-0.0040058334938681975,0.0039414594407094945,-0.00418911576108268,0.0002476563203731852,0.0006374299342895182,0.0745188229344098,1.2203019103045485,16.375753967271297,-3.753388455177788,1.5960801261795095,0.8474131830138565,0.0003654348272862129,0.05340594726721194,0.01763292152614071,true
11.725,8.104804743060336,0.004967828878521211,0.2098906988739957,0.23028764430637458,-5.7849009700171135e-5,-0.003984348755298361,0.0039134203367243246,-0.004167456444617351,0.00025403610789302613,0.0006129486194932541,0.0741259350361099,1.2193577523406707,16.449812764542795,-3.7860196640031125,1.6007612878919864,0.8481115834384994,0.00035074513056374636,0.05227691134713665,0.01726333622100022,true
11.775,8.104804743060336,0.004775462102664127,0.2064399795534062,0.2263925515290665,-5.5740423467274984e-5,-0.003962762708986852,0.003885437400302172,-0.004145739172000704,0.00026030177169853244,0.0005892137138470944,0.07373344717757285,1.2184180284817903,16.524631291786267,-3.8189177679442223,1.6053744752291084,0.8487955442903489,0.00033654476724503143,0.051167216733133146,0.016899975521594425,true
11.825000000000001,8.104804743060336,0.0045890300534946055,0.2030104569817919,0.22252699674965942,-5.368791491858411e-5,-0.003941072984484357,0.0038575157449232157,-0.004123969373132495,0.00026645362820927956,0.0005662110561545508,0.07334139494305275,1.2174828053368796,16.600213375846153,-3.8520837363740625,1.6099182738856967,0.8494650775160021,0.0003228221202077697,0.05007670318615119,0.016542791170140528,true
11.875,8.104804743060336,0.0044084172131035795,0.19960301405793923,0.21869175872808044,-5.169093077757697e-5,-0.00391927722707847,0.0038296603108099927,-0.004102152332576082,0.000272492021766089,0.0005439263933999453,0.07294981382575008,1.2165521461382593,16.676562726316877,-3.8855185366036977,1.6143912441961523,0.8501201905741583,0.0003095656464724055,0.04900520639180819,0.01619173352328392,true
11.925,8.104804743060336,0.004233507451430347,0.19621850655390544,0.21488758867835936,-4.97488818479279e-5,-0.003897373101632373,0.0038018758660546565,-0.004080293189210095,0.0002784173231554386,0.0005223453970381271,0.07255873921935187,1.2156261104913584,16.75368292737842,-3.9192231365673638,1.6187919207942838,0.8507608863515336,0.00029676388501391623,0.047952558138514935,0.015846751607834123,true
11.975,8.104804743060336,0.004064184156885085,0.19285776292407736,0.21111521013130768,-4.786114468258321e-5,-0.003875358296462943,0.003774167007646284,-0.004058396935883937,0.00028422992823765297,0.0005014536791111476,0.0721682064084708,1.2147047541213045,16.831577429624573,-3.953198507718611,1.6231188123298224,0.8513871630823948,0.00028440546433505803,0.046918586492288326,0.015507793175496021,true
12.025,8.104804743060336,0.003900330365505428,0.1895215841423022,0.20737531882259846,-4.602706328414377e-5,-0.0038532305272504005,0.0037465381623761115,-0.0040364684190663976,0.0002899302566902861,0.0004812368081840651,0.0717782505559166,1.2137881286299101,16.910249542573435,-3.9874456280753936,1.6273704013546317,0.8519990142873652,0.0002724791097985266,0.045903115963163245,0.015174804754901615,true
12.075000000000001,8.104804743060336,0.00374182888847623,0.1862107435665425,0.20366858260586948,-4.4245950826596745e-5,-0.0038309875409718603,0.0037189935876376485,-0.004014512338496359,0.00029551875085871053,0.00046168032507879186,0.0713889066888304,1.2128762812575522,16.98970242735655,-4.021965485393427,1.631545144286862,0.8525964287172226,0.0002609736507261568,0.04490596766901427,0.014847731702876163,true
12.125,8.104804743060336,0.0035885624376146017,0.18292598682973085,0.19999564138972864,-4.251709139414211e-5,-0.0038086271198513526,0.003691537371986769,-0.0039925332467687785,0.0003009958747820095,0.00044276975835689006,0.07100020968107613,1.2119692546569056,17.06993909033391,-4.056759080527954,1.6356414715751297,0.8531793903184248,0.0002498780272221012,0.04392695949044463,0.014526518252844626,true
12.175,8.104804743060336,0.003440413748114701,0.17966803175179522,0.1963571070911298,-4.083974174956623e-5,-0.0037861470853202852,0.0036641734348646505,-0.0039705355485585726,0.000306362113693922,0.00042449063946426634,0.07061219423133648,1.2110670866802111,17.150962377865895,-4.091827431012835,1.6396577881142744,0.8537478782264224,0.000239181296705909,0.04296590621622243,0.014211107560212023,true
12.225,8.104804743060336,0.0032972656974595924,0.1764375682593302,0.1927535635823696,-3.921313316708555e-5,-0.003763545301985198,0.0036369055240288895,-0.003948523498758655,0.00031161797472976536,0.0004068285174029449,0.07022489482504614,1.2101698102143352,17.232774975730127,-4.127171575090705,1.6435924745011994,0.85430186686802,0.0002288726400393066,0.042022619651856906,0.01390144173563535,true
12.275,8.104804743060336,0.0031590014188181354,0.17323525828369069,0.1891855665806714,-3.7636473397156846e-5,-0.0037408196816060154,0.0036097372077840287,-0.003926501198088199,0.00031676399030417055,0.00038976897272238433,0.06983834565700493,1.2092774531455694,17.315379420421255,-4.162792576477225,1.6474438903250614,0.8548413263354246,0.00021894136710062738,0.04109690864115276,0.013597461849532796,true
12.325000000000001,8.104804743060336,0.0030255044063588936,0.17006173558300752,0.18565364338338314,-3.610894886904194e-5,-0.003717968187100255,0.0035826718569383683,-0.0039044725836617235,0.00032180072672335523,0.0003732976305134869,0.06945258046435933,1.2083900386319626,17.3987781383021,-4.1986915305138535,1.6512103821485098,0.855366223391697,0.00020937692150596425,0.040188578894904806,0.013299107872687751,true
12.375,8.104804743060336,0.002896658608617806,0.16691760539747785,0.18215829228524671,-3.462972726663368e-5,-0.003694988836611228,0.003555712608683187,-0.0038824414106781897,0.0003267288019950026,0.00035740017192863817,0.0690676321802292,1.2075075860121005,17.482973541950276,-4.234869572836265,1.654890300974593,0.8558765237497905,0.00020016888401269936,0.039297432446392624,0.013006318493044717,true
12.425,8.104804743060336,0.0027723485046449474,0.1638034438036531,0.17869998143243698,-3.319796062069251e-5,-0.003671879707714687,0.003528862301865256,-0.003860411220088216,0.00033154891822296,0.00034206234357696833,0.06868353226908366,1.206630112865302,17.56796823055123,-4.271327892475788,1.6584820367593078,0.8563721966254765,0.00019130697395734712,0.03842326646951424,0.012719030720937996,true
12.475,8.104804743060336,0.0026524591569106674,0.16071979659754831,0.17527914679759143,-3.181278898325525e-5,-0.003648638941891396,0.003502123372369825,-0.0038383852868192347,0.0003362619144494099,0.0003272699640521027,0.06830030954437781,1.2057576389723272,17.653765363814227,-4.308067752408796,1.6619840811517028,0.8568532230275399,0.00018278104789869746,0.037565871101408736,0.012437179163747083,true
12.525,8.104804743060336,0.002536876237439173,0.15766717754911413,0.17189618896775494,-3.0473344500467634e-5,-0.0036252647494545275,0.0034754977012693335,-0.0038163665452405236,0.00034086884397119006,0.0003130089271566165,0.06791798824239838,1.2048901930684295,17.74036929315681,-4.345090521208132,1.6653951316079727,0.8573196094709187,0.00017458109480042032,0.03672502590846344,0.012160694849915017,true
12.575000000000001,8.104804743060336,0.00242548602930695,0.15464606597441496,0.16855146860808573,-2.917875550910002e-5,-0.0036017554151767093,0.0034489864180128078,-0.0037943574935002814,0.0003453710754874736,0.0002992652020869164,0.06753658517692693,1.2040278231715935,17.82778652514601,-4.382397718999892,1.6687142482604376,0.8577714085114762,0.00016669722775056295,0.035900494800578865,0.01188950353729156,true
12.625,8.104804743060336,0.002318175415483037,0.15165690380041508,0.1652453008726087,-2.7928149564886254e-5,-0.003578109304887655,0.0034225896846391693,-0.003772360090328334,0.00034977040568916467,0.00028602483205631237,0.06715610599144797,1.2031706105583448,17.91602703574807,-4.419991079879692,1.6719410653048576,0.8582087461703283,0.00015911967332831242,0.035092019638846096,0.01162352358702256,true
12.675,8.104804743060336,0.002214831882528028,0.14870009267563988,0.16197794972071822,-2.672065404287888e-5,-0.0035543248732217373,0.0033963065141175406,-0.003750375671372036,0.0003540691572544953,0.0002732739347514149,0.06677654089789142,1.2023186861563222,18.00510583491885,-4.4578726277371095,1.6750760390455564,0.8586318536923186,0.0001518387617372056,0.0342993135278615,0.011362663731983955,true
12.725,8.104804743060336,0.0021153435809410084,0.14577599212877082,0.15874962393945002,-2.5555393018765005e-5,-0.0035304006725048738,0.003370134700595732,-0.0037284049241653136,0.00035827022356958163,0.00026099870977795627,0.06639786082488398,1.2014722461341836,18.09504449703456,-4.496044754410777,1.6781206851168309,0.8590410972126947,0.00014484492298067,0.033522055739914014,0.011106821386447124,true
12.775,8.104804743060336,0.002019599488605043,0.14288492009821807,0.15556047732050732,-2.443147961860441e-5,-0.003506335362409441,0.003344070951403879,-0.0037064479661876215,0.00036237701478374247,0.00024918545882728467,0.06602001542024243,1.2006315613478296,18.18587217384538,-4.534510280656205,1.6810777263122656,0.8594369949621403,0.00013812869548501079,0.032759890992454084,0.010855882401202943,true
12.825000000000001,8.104804743060336,0.0019274897118342605,0.14002715709868513,0.15241061542565632,-2.3348004567719488e-5,-0.0034821277195593034,0.003318111286313348,-0.0036845045573600356,0.0003663932710466877,0.0002378206228206368,0.065642934597355,1.199796974152792,18.277625482653793,-4.573272473094222,1.6839510545063987,0.8598202095508899,0.00013168075282967584,0.03201243589334202,0.01060972319972964,true
12.875,8.104804743060336,0.0018389059250929235,0.1372029546378661,0.14930011026637752,-2.2304023580294085e-5,-0.003457776645862786,0.0032922517053852003,-0.003662574445286012,0.0003703227399008118,0.00022689083616326102,0.06526653495000156,1.1989688771583686,18.370346734001693,-4.612334990240265,1.6867454242654547,0.8601915050643809,0.00012549195046351842,0.03127929424488806,0.010368215858200464,true
12.925,8.104804743060336,0.001753741900269758,0.13441254723187437,0.14622902194994497,-2.129854786326609e-5,-0.0034332811741898386,0.0032664890315224192,-0.003640657793382733,0.0003741687618603138,0.00021638299204819006,0.0648907312178764,1.1981476725693265,18.46408030981249,-4.65170174176613,1.6894658537675808,0.860551666590206,0.00011955338781751669,0.030560080447070925,0.010131235878183044,true
12.975,8.104804743060336,0.00167189402539642,0.13165616580887013,0.1431974234400031,-2.0330542350654076e-5,-0.0034086404702785727,0.0032408217388464025,-0.0036187555948532305,0.0003779338560068279,0.00020628430645759402,0.06451545122377639,1.197333717363948,18.558867599188165,-4.691376668609705,1.6921168049633164,0.8609013924620871,0.00011385647382638384,0.029854446997576497,0.009898671323331392,true
13.025,8.104804743060336,0.0015932616834952512,0.12893404905352648,0.14020542215742177,-1.9398934678336196e-5,-0.00338385383052376,0.003215250527805527,-0.0035968699517349052,0.0003816194239293783,0.00019658236490638058,0.064140650876523,1.1965272667063203,18.654741577377376,-4.731363482386456,1.6947013214773465,0.8612411831464492,0.00010839297859566468,0.029162109231816304,0.009670431042291263,true
13.075000000000001,8.104804743060336,0.0015177473755018562,0.12624644904004803,0.13725317153904298,-1.8502634526792624e-5,-0.003358920676419653,0.0031897784422376574,-0.003575004117695165,0.0003852256754575075,0.00018726513760882558,0.06376632481362252,1.1957284323222372,18.751722571704363,-4.7716654294738445,1.6972203712912242,0.8615712589957233,0.00010315505406625523,0.02848285952537559,0.009446449393112077,true
13.125,8.104804743060336,0.001445256534813358,0.12359362879149362,0.13434086781881574,-1.764055898798494e-5,-0.003333840547520128,0.00316441045247942,-0.003553162270100361,0.0003887518176209407,0.0001783209565968687,0.0633925088262209,1.194937170974295,18.849816691274977,-4.8122851528400545,1.699672624338405,0.8618915360634805,9.813521375488491e-5,0.02781656528193689,0.00922668558140103,true
13.175,8.104804743060336,0.001375697079382948,0.12097585200348042,0.13146873198945863,-1.6811656946648077e-5,-0.003308613095346197,0.003139152610420903,-0.003531349069268423,0.0003921964588475199,0.00016973846045592597,0.06301927263250197,1.1941533093703491,18.949017649474882,-4.853224701801961,1.7020547712551224,0.8622016723918005,9.332627470302355e-5,0.027163150103221744,0.009011117409701794,true
13.225,8.104804743060336,0.0013089788382668844,0.11839336801122934,0.12863698226370338,-1.6014925759840145e-5,-0.003283238080388989,0.003114011029189871,-0.0035095691359257972,0.00039555810673592637,0.00016150652357019277,0.06264670499993331,1.1933765988134886,19.049311513107654,-4.8944856906175325,1.7043622985258464,0.8625011722302987,8.872127822297028e-5,0.026522563600163508,0.00879973125034393,true
13.275,8.104804743060336,0.0012450130233175832,0.11584639661172597,0.12584580546887594,-1.524941683901718e-5,-0.0032577153733442847,0.0030889909725139867,-0.003487826592130502,0.0003988356196165154,0.000153614190938235,0.06227489583767448,1.1926067826122098,19.15068289669812,-4.936069555042537,1.7065904778436223,0.8627895157528102,8.431341254064066e-5,0.025894749065290188,0.008592511304605215,true
13.325000000000001,8.104804743060336,0.0011837118766622836,0.11333511676737595,0.12309533497241065,-1.451423100088621e-5,-0.003232044960482507,0.003064096260179869,-0.0034661247690535323,0.0004020285088736633,0.00014605063467763686,0.061903920220309105,1.1918436575292515,19.253120857089723,-4.9779778303870685,1.7087352916598688,0.863066278114786,8.009595642176852e-5,0.025279617595192014,0.008389431002446527,true
13.375,8.104804743060336,0.0011249885506757341,0.1108596614179386,0.12038563945991805,-1.3808506930894469e-5,-0.003206226952033198,0.0030393290954709197,-0.003444466132553249,0.00040513703708232925,0.00013880513921559864,0.061533827846204224,1.1910871156928249,19.35662313532309,-5.020212379429126,1.7107940843121998,0.8633312112472423,7.606225291347493e-5,0.02467703372064486,0.008190448224480534,true
13.425,8.104804743060336,0.0010687572264968964,0.10842011932925495,0.1177167244678664,-1.3131406171474762e-5,-0.0031802615916084807,0.0030146903618370373,-0.003422852446289304,0.00040816208445226647,0.00013186711591195454,0.06116464022324996,1.190337157453553,19.4611977297478,-5.06277550912067,1.7127657865610701,0.8635842698280365,7.220571492845635e-5,0.024086814913513256,0.007995505135054736,true
13.475,8.104804743060336,0.0010149334508192695,0.10601654426768237,0.11508854757944881,-1.2482097841266098e-5,-0.003154149263882639,0.0029901803552161888,-0.0034012851497940144,0.00041110479457782565,0.0001252261446135759,0.06079635758673449,1.1895938659091858,19.566860797738816,-5.105669918596299,1.7146505699777805,0.8638255642408206,6.85198612386257e-5,0.02350874643998906,0.00780453311692757,true
13.525,8.104804743060336,0.0009634346093245854,0.10364896982539391,0.11250104488010745,-1.1859747537896058e-5,-0.003127890497613742,0.002965799710231122,-0.0033797658241747617,0.00041396611394363967,0.00011887203206832556,0.06042897554225624,1.1888573412211414,19.673630581240083,-5.148898454538345,1.716448901213346,0.8640552379702136,6.499837429719308e-5,0.022942609623743126,0.007617462165954805,true
13.575000000000001,8.104804743060336,0.0009141803403643032,0.1013174239219996,0.10995415824007959,-1.1263515577304339e-5,-0.0031014859628839047,0.0029415500248641474,-0.0033582964948254447,0.00041674646996129727,0.00011279486296657073,0.06006250528559877,1.188127618000616,19.781519474604636,-5.1924637594856025,1.718160336113089,0.8642733137822878,6.163515567257009e-5,0.02238821255455907,0.007434231101985585,true
13.625,8.104804743060336,0.0008670926295783336,0.09902193359545525,0.10744784603672738,-1.0692566126826001e-5,-0.0030749364652470474,0.002917433699115924,-0.0033368795342199704,0.0004194458351040463,0.00010698501161558192,0.05969698454580608,1.1874046179901234,19.890529262479184,-5.236368040834945,1.7197828191319948,0.8644796060958386,5.8424343743878524e-5,0.02184540391866722,0.007254792170793845,true
13.675,8.104804743060336,0.0008220954627071658,0.09676251396898912,0.10498206523039497,-1.014608137889154e-5,-0.0030482429427630027,0.0028934529802377576,-0.0033155171739592095,0.00042206419372145185,0.0001014330991022427,0.05933246809438025,1.1866881855033808,20.000654340144994,-5.2806132048684296,1.7213131900205212,0.8646737872377195,5.536027343814797e-5,0.02131405584547409,0.007079105344502335,true
13.725,8.104804743060336,0.0007791142455484348,0.09453914737007857,0.10255673393784549,-9.623270182325188e-6,-0.003021406471001063,0.002869608870807032,-0.0032942109656833936,0.0004246020948763616,9.612992172520185e-5,0.05896900083024687,1.185978196385264,20.1118923449173,-5.325201363318086,1.7227487788646796,0.864855590291828,5.24374004448239e-5,0.02079402386458786,0.006907125008287748,true
13.775,8.104804743060336,0.000738075474033854,0.0923517715478697,0.10017170601643406,-9.123364535623134e-6,-0.002994428275276603,0.0028459007895711877,-0.003272961634886201,0.00042706084531501324,9.106641028777705e-5,0.058606593307117566,1.1852746620848251,20.22425456251315,-5.3701353406759536,1.7240889544326596,0.8650250036626023,4.965024906193169e-5,0.02028511452603199,0.006738789190733789,true
13.825000000000001,8.104804743060336,0.0006989070080950226,0.09020029192079962,0.09782678468682027,-8.645607785868734e-6,-0.0029673097428343947,0.0028223273578934895,-0.0032517694985422134,0.00042944214064872394,8.623366388850455e-5,0.05824522150315941,1.1845777400412203,20.337766935558225,-5.415418669867539,1.7253352920592337,0.8651822897801963,4.6993431268759856e-5,0.019787089614698463,0.006574020959807896,true
13.875,8.104804743060336,0.000661538718661381,0.08808460319052,0.09552176028463404,-8.189245308845413e-6,-0.002940052426322756,0.0027988877824642057,-0.003230635162477717,0.00043174738001351123,8.162302975007724e-5,0.057884853159942413,1.1838876338750444,20.45245982751012,-5.461054988798215,1.7264900150437597,0.8653277867248651,4.446172168097559e-5,0.019299705591883248,0.006412741535757374,true
13.925,8.104804743060336,0.0006259027981611587,0.0860045838562896,0.0932564222083686,-7.753524564746187e-6,-0.0029126580359137553,0.002775582742427772,-0.003209559945482088,0.00043397720305431587,7.722614153006982e-5,0.057525478768222345,1.1832044580458245,20.56835481218869,-5.507047463795756,1.7275537765709872,0.8654616290677833,4.205011614429484e-5,0.0188227549871102,0.006254884061713808,true
13.975,8.104804743060336,0.000591933429669638,0.08396007141632031,0.09103053938308917,-7.337701620487481e-6,-0.002885128427095888,0.0027524139581799594,-0.003188545633706806,0.00043613167552684646,7.303487849926001e-5,0.05716712270666048,1.1825281622290487,20.68545881339719,-5.553398924762799,1.7285245461192846,0.8655836096590358,3.975382166294966e-5,0.018356077729290203,0.006100397385557097,true
14.025,8.104804743060336,0.0005595665636294598,0.08195090713759791,0.08884389827261505,-6.941047751044581e-6,-0.0028574655967211365,0.0027293826925528365,-0.0031675937203947072,0.0004382110278418707,6.904133799257576e-5,0.05680983376527601,1.1818585495066016,20.80376708000493,-5.600112329282269,1.7293987473938657,0.8656933244173267,3.756821251472061e-5,0.017899545063255917,0.005949240718808295,true
14.075000000000001,8.104804743060336,0.0005287406073825247,0.07997709033176767,0.08669644860691814,-6.562855310704449e-6,-0.0028296716938767653,0.0027064886515545,-0.0031467048817616166,0.0004402162302071166,6.523792048602453e-5,0.056453673388040276,1.1811953614080712,20.923268416724635,-5.647190332515502,1.7301740042247544,0.8657905170996363,3.5488826337749105e-5,0.017453042241722932,0.005801377868474227,true
14.125,8.104804743060336,0.0004993970713520171,0.07803883875335546,0.08458835670580009,-6.202444640060066e-6,-0.002801749035007966,0.0026837308160047547,-0.003125879429846774,0.00044214861384201916,6.16174093249589e-5,0.056098704937764324,1.1805384045560579,21.043951119116606,-5.69463405257486,1.7308508676855112,0.8658752943230238,3.351138710728965e-5,0.017016454260458995,0.005656772470694195,true
14.175,8.104804743060336,0.00047147908160176546,0.07613625699301557,0.0825196607650161,-5.859166048448468e-6,-0.00277370010052251,0.0026611098483307616,-0.003105118508008253,0.00044400865967749153,5.817278719829309e-5,0.05574496336664216,1.1798877005645314,21.165817130495725,-5.742443444263237,1.7314309418547595,0.8659478893640644,3.1631749733771054e-5,0.016589629746204634,0.00551537597850449,true
14.225,8.104804743060336,0.000444928110223498,0.07426874718037973,0.08048966505820557,-5.532386692988165e-6,-0.002745527503721843,0.002638629239209552,-0.0030844245886131293,0.0004457953494035774,5.489683272190654e-5,0.05539240842403436,1.1792435691718457,21.28890226517359,-5.790620771942828,1.7319122651940322,0.866008084429111,2.9845752617326686e-5,0.016172329607538935,0.005377110613888672,true
14.275,8.104804743060336,0.000419683224863491,0.07243495089826371,0.07849688693240471,-5.22146803779865e-6,-0.00271723396084612,0.0026162930315238014,-0.003063800263651828,0.00044750723212802664,5.1782027842538814e-5,0.05504092466449591,1.1786064802460532,21.413275438781138,-5.839173700533076,1.7322876392008757,0.8660550031851318,2.8149166410672142e-5,0.015764235328891475,0.005241872157057328,true
14.325000000000001,8.104804743060336,0.000395685680301059,0.07063367511532043,0.07654002714756981,-4.925760977819805e-6,-0.002688822301644606,0.002594101859194917,-0.003043246292544043,0.00044914443334912596,4.882112436328107e-5,0.05469042265739957,1.177976647534461,21.538993306263684,-5.888112338842374,1.7325492533789781,0.8660876893445392,2.6537904689393485e-5,0.015365070703811809,0.005109570427623719,true
14.375,8.104804743060336,0.00037288370166620925,0.06886467179570524,0.07461879226456153,-4.644616220505951e-6,-0.002660295525344283,0.002572046266621095,-0.0030227583871071514,0.0004507121204860563,4.600773411419781e-5,0.05434094304488252,1.1773537918128214,21.666053731169043,-5.9374421956698695,1.732692758101272,0.8661056141539625,2.5008279214421673e-5,0.014974713431680909,0.004980166365141817,true
14.425,8.104804743060336,0.00035123494869777026,0.0671292972808344,0.07273457127857198,-4.377424454742554e-6,-0.00263165696977043,0.0025501140498187256,-0.0030023312725543155,0.00045221722273558994,4.333663300137019e-5,0.053992727871861435,1.1767370066493725,21.79436107473715,-5.987158013534958,1.732722793453757,0.8661093653705721,2.3557125717903967e-5,0.014593258238566456,0.004853693010827286,true
14.475,8.104804743060336,0.00033071295857692827,0.06543383597835978,0.07089377736023042,-4.1236780375120025e-6,-0.002602910225801912,0.002528322414054398,-0.002981974593294256,0.0004536521792398579,4.080455594690275e-5,0.053646385436862204,1.1761239179234522,21.923637694242462,-6.037239591057366,1.7326920239358188,0.8661055224597273,2.218188894662584e-5,0.01422117068872026,0.004730306740934467,true
14.525,8.104804743060336,0.0003112521565344871,0.0637716976130003,0.06908971739710812,-3.882851575958803e-6,-0.002574058555515789,0.0025066928129735154,-0.002961698993516066,0.0004550061805425505,3.8403412099593624e-5,0.05330175767065546,1.1755152427332056,22.05396771334558,-6.087693379114118,1.7325193903078804,0.8660839588043893,2.087890726670024e-5,0.013858073093127293,0.004609883352650691,true
14.575000000000001,8.104804743060336,0.0002927998132510966,0.062140493715781696,0.06731989755055966,-3.6543773996179173e-6,-0.002545105300498893,0.0024852288657737434,-0.0029415060471452287,0.00045627718137148526,3.612669552610798e-5,0.05295874479698418,1.174911271130365,22.18540631267515,-6.138527831727378,1.7321779254189122,0.8660412922038382,1.9644687306111157e-5,0.013503664098441701,0.004492324013049441,true
14.625,8.104804743060336,0.0002753164760976496,0.060541691438607326,0.06558590673089976,-3.4376953751788544e-6,-0.002516053863308658,0.002463941878856731,-0.002921400970031888,0.00045745909117515674,3.396953841897138e-5,0.052617864838475206,1.174309028329074,22.317686814809644,-6.18974131068835,1.731653480875603,0.8659757251277587,1.8476428319441703e-5,0.01315827160985156,0.0043777393310526725,true
14.675,8.104804743060336,0.0002587777036856969,0.05897704375713499,0.0638898071855458,-3.2323282606593986e-6,-0.0024869074988539902,0.002442858076665654,-0.0029013958104883815,0.0004585377338227276,3.192892511164725e-5,0.05228013921060424,1.173704983477395,22.45030333123762,-6.241280559873127,1.7308996366500544,0.8658813997616192,1.7372528012589532e-5,0.012822682005587473,0.004266392183494018,true
14.725,8.104804743060336,0.000243102911276216,0.05744267310582332,0.06222778732201024,-3.037639323827291e-6,-0.0024576690951990826,0.0024220040663067263,-0.002881501662942495,0.0004594975966357687,2.9994912768795647e-5,0.05194593951595002,1.1730907119197687,22.58291452327223,-6.293259706658183,1.7298246943316442,0.8657467368123339,1.632810626202277e-5,0.012496980548252363,0.004158313283178458,true
14.775,8.104804743060336,0.0002284412035221191,0.055956118594396656,0.060618936885346135,-2.853733129261151e-6,-0.0024283411695291846,0.0024014597985946994,-0.0028617554620270717,0.0004602956634323723,2.8185898459518073e-5,0.05161990448050768,1.172469796891792,22.713521241298135,-6.345036985333581,1.7283769247585945,0.8655650704454332,1.5352411805372058e-5,0.01218527517284505,0.004054867618577148,true
14.825000000000001,8.104804743060336,0.0002140361581433027,0.054445659025440574,0.05898761533059733,-2.677401016049596e-6,-0.002398924657233862,0.002381143362802723,-0.0028421088179760314,0.0004609654551733086,2.6408552078514806e-5,0.05129084613155248,1.1717831797413454,22.84585395093535,-6.3991305469368385,1.7261459242215305,0.8652844535958676,1.4399434814108588e-5,0.011876633029558329,0.003952432487222132,true
14.875,8.104804743060336,0.00020278165924249937,0.053213178065773234,0.05765572081676696,-2.516443225404905e-6,-0.0023694228576021186,0.0023617436832914646,-0.0028229065246698224,0.0004611628413783578,2.501993146918552e-5,0.05101840825945212,1.1712086297312319,22.95658899774168,-6.44456347200627,1.7240000921444008,0.8650137796126351,1.3645887445398906e-5,0.01162558855143818,0.003869103289886944,true
14.925,8.104804743060336,0.00018278056663331477,0.05097419488139038,0.05525637279179603,-2.35151390973512e-6,-0.0023398212743702632,0.002342948637794172,-0.0028039487691873845,0.0004610001313932123,2.255212462580532e-5,0.05055650655155852,1.169953608227679,23.14150419065323,-6.528267364275521,1.7168850266219409,0.8641108565260255,1.2373211726470738e-5,0.0112090176082887,0.0037308417456155974,true
14.975,8.104804743060336,0.00017181710953523488,0.04964757204374686,0.05383835912047987,-2.1847032709783407e-6,-0.0023101250123818843,0.0023231819157678787,-0.0027844523152223176,0.0004612703994544389,2.1199413802331473e-5,0.05029028355510308,1.1690697161654913,23.246433177982407,-6.580402026803216,1.7111107543657185,0.863371898300005,1.1648270000385106e-5,0.01097404061368906,0.0036528554590030205,true
