r,tau,Dtau,Sr,E,nur,Pi,piR,piEta,piPhi,D,T,mu,alpha,phi,ur,v,n,e,P,ok
0.024999999999999994,11.504808143063565,0.04694932358795252,0.0,0.09175250734290565,-1.5908004175927944e-7,-0.002909444169417547,-0.0011577036983355976,0.0015797496839772382,-0.0004220459856416406,0.004080843678932537,0.08395359541584126,1.3715152275987734,16.336587144425994,-1.530426085563248,0.0,0.0,0.004080843678932564,0.09175250734290709,0.028704785064337032,true
0.07499999999999998,11.504808143063565,0.04674782919947471,0.0012179868345075706,0.09124185023293035,-4.781859838849006e-7,-0.002913194255866211,-0.0012057677922851287,0.001723830828396355,-0.0005180630361112262,0.00406332975032354,0.08383155174504511,1.3715319339229175,16.360569563284773,-1.5324548264093851,0.01053123341861063,0.010530649474076401,0.0040631094787871155,0.09122902404051378,0.02853824340123058,true
0.125,11.504808143063565,0.04690231030321781,0.0018546249800653434,0.09162498516724363,-7.88468122914239e-7,-0.002912467515828423,-0.0009668671555271824,0.0016794680994025814,-0.0007126009438753989,0.004076757275739184,0.08391673784599071,1.3715360989204053,16.344011148735724,-1.5308495584678203,0.015935209687246123,0.015933186851352643,0.004076252328173012,0.09159543508089883,0.02865447694675624,true
0.175,11.504808143063565,0.046884072245737145,0.0026197471478121475,0.09158943314186097,-1.11685815253017e-6,-0.002912777408047859,-0.0009202833639647138,0.0016843140492892093,-0.0007640306853244956,0.004075172020491651,0.08390155464201911,1.3715406410582853,16.34702297126921,-1.5310724513962746,0.022514031563814575,0.022508327757723837,0.0040741647303104995,0.09153046701441751,0.02863375558679339,true
0.22499999999999998,11.504808143063565,0.046897775844224006,0.00336026166822516,0.0916399058886534,-1.431956715576865e-6,-0.002912885697430325,-0.0008858458886866265,0.0016825489064494696,-0.0007967030177628431,0.004076363139745136,0.08390441948920238,1.3715428567841934,16.34649122339374,-1.5309937664527633,0.028860696902407782,0.028848684793986123,0.004074707809832876,0.09154296675896359,0.028637677063497877,true
0.275,11.504808143063565,0.04690422013026623,0.004111755512995335,0.09167668476367456,-1.7559360966903522e-6,-0.002913006919764515,-0.0008687575501159936,0.0016825887401025876,-0.0008138311899865939,0.004076923278250889,0.08390172068074682,1.3715459221040591,16.34705356428753,-1.5310064782189576,0.035307264770218075,0.03528527825429457,0.00407444641946856,0.09153160032628722,0.028634003847359504,true
0.325,11.504808143063565,0.04691488628750762,0.004859848743786147,0.09172766535462622,-2.075467277481978e-6,-0.0029130926981827928,-0.0008558745645684132,0.001681123874594595,-0.0008252493100261817,0.004077850382563169,0.08390013658264685,1.3715497743685856,16.34740812391317,-1.5309894699025066,0.04171929889190848,0.041683039998724,0.004074392695807719,0.09152509208505409,0.02863185633825823,true
0.375,11.504808143063565,0.046925733166824316,0.0056099714484127705,0.09178653514785702,-2.397964041018627e-6,-0.0029132133637840402,-0.0008470806163378135,0.0016795205178403074,-0.0008324399015024939,0.004078793195270849,0.08389816052519948,1.3715517698166528,16.347816939379694,-1.5310017452023483,0.048145815303447685,0.048090110657994095,0.004074189221801516,0.09151675100011761,0.028629166184261173,true
0.42500000000000004,11.504808143063565,0.04693703482568145,0.006360371363876937,0.09185700384020187,-2.7189575211431055e-6,-0.002913395457285174,-0.0008400192255965842,0.0016774508460776555,-0.0008374316204810713,0.004079775537498254,0.08389673562034944,1.371549507262249,16.34806762290254,-1.5310547161097754,0.05456858026228163,0.05448751601007488,0.004073862763748243,0.0915104430036868,0.028627211393368792,true
0.475,11.504808143063565,0.0469476389315496,0.007111966225266978,0.09193800117713716,-3.0382856618397325e-6,-0.0029136705819059307,-0.000834223809520787,0.0016751504338489052,-0.0008409266243281182,0.004080697248293974,0.08389561726232213,1.371541666878122,16.3481920943454,-1.5311685796436618,0.060995054552201576,0.06088190726986053,0.004073312090969038,0.09150501110890912,0.028625652512695964,true
0.525,11.504808143063565,0.04695750206252816,0.007864656627471555,0.09202992156708857,-3.3623034302382385e-6,-0.0029140555731737264,-0.0008290782416562355,0.0016725998931123205,-0.000843521651456085,0.0040815545534185725,0.08389490746421854,1.3715278750925113,16.348166015648477,-1.5313459277880783,0.06742294708721586,0.06727022016619161,0.004072534658660731,0.09150086438423262,0.028624627254829244,true
0.5750000000000001,11.504808143063565,0.04696626814011015,0.008618679148928313,0.09213251903482782,-3.6743189352243747e-6,-0.0029145616987720953,-0.0008243304439053068,0.0016698490620785827,-0.0008455186181732759,0.004082316502463961,0.08389455159915363,1.37150764340906,16.347994205417464,-1.531593579579204,0.07385338073771791,0.07365279087303159,0.00407149859398836,0.0914977292618769,0.028624059019862164,true
0.625,11.504808143063565,0.04697407327732808,0.009374268676714178,0.09224562218055934,-3.980865863681656e-6,-0.0029151908720888636,-0.0008197867367187552,0.0016669138221795429,-0.0008471270854607877,0.0040829949263994905,0.0838944939770652,1.3714813939481656,16.347692547297523,-1.5319075181139827,0.08028746717170185,0.08002994191265722,0.0040702161236051805,0.09149540000289652,0.028623873493238146,true
0.675,11.504808143063565,0.046981875012916785,0.010131499496536307,0.0923691618778003,-4.266540749579352e-6,-0.0029159347591316137,-0.0008152604218332884,0.0016637719926184075,-0.0008485115707851191,0.004083673054664794,0.08389468128331946,1.3714509810934807,16.347293536547024,-1.5322666102323974,0.08672486455722726,0.08640055519399628,0.004068769330695476,0.09149379469636142,0.028624005448835872,true
0.725,11.504808143063565,0.046991392704060955,0.010890519977110342,0.09250325212169971,-4.546871356548378e-6,-0.002916778364953565,-0.0008106303566706098,0.0016604070756726882,-0.0008497767190020784,0.004084500334096647,0.08389507523392697,1.371419619429491,16.34684295360036,-1.5326332351688674,0.09316573922356303,0.09276401993690687,0.004067308434982851,0.0914930037094331,0.02862441571448403,true
0.775,11.504808143063565,0.04700337592156935,0.011651474570404156,0.0926477337117072,-4.845703284209856e-6,-0.0029177081927339093,-0.0008058660465891529,0.0016568325184453476,-0.0008509664718561947,0.004085541917525017,0.08389560246667241,1.3713889230765086,16.34637433614347,-1.532989491011549,0.09961054042822301,0.09912000699615513,0.0040659005528467865,0.0914928394707901,0.028625010705181284,true
0.8250000000000001,11.504808143063565,0.047017590954221325,0.01241449169825765,0.09280257323056296,-5.153358443876491e-6,-0.0029187149501451446,-0.0008009168067771271,0.0016530424521414308,-0.0008521256453643037,0.00408677749072843,0.08389625679865417,1.3713584817826252,16.345884001401885,-1.5333403792508464,0.10605942437894181,0.10546789999368886,0.004064524821644476,0.09149324286167712,0.028625780317408415,true
0.8750000000000001,11.504808143063565,0.04703367562962139,0.013179711456615163,0.09296766840948252,-5.46682209904282e-6,-0.0029197929253034667,-0.0007957531815128505,0.0016490349580528172,-0.0008532817765399667,0.0040881755736169095,0.08389701802432921,1.3713277088054456,16.345368895087258,-1.5336932613891094,0.1125127587206147,0.11180729332167434,0.004063149732929995,0.09149408054478213,0.02862669458880906,true
0.9249999999999999,11.504808143063565,0.047051391803036996,0.013947260372220376,0.09314295023550836,-5.785234018420059e-6,-0.002920938431777449,-0.0007903546838066512,0.0016448083868563306,-0.0008544537030496794,0.004089715466607328,0.08389786995800672,1.3712962312544774,16.344827728532923,-1.5340528765502928,0.11897079097004261,0.11813766547728159,0.004061754783810011,0.09149525345535914,0.02862772991680495,true
0.975,11.504808143063565,0.047070600136076134,0.01471726760617405,0.09332838069962765,-6.108767313268929e-6,-0.0029221489388989576,-0.0007847070898506488,0.0016403614349019202,-0.0008556543450512714,0.004091385058381505,0.08389880006780308,1.371263843558195,16.344260495382578,-1.5344219027896286,0.12543378009461084,0.12445850899857235,0.004060328151163856,0.0914966915168671,0.028628868368260136,true
1.025,11.504808143063565,0.04709120892128098,0.01548986291525442,0.09352394051104879,-6.4376886596249365e-6,-0.0029234226350356354,-0.0007788003498985179,0.0016356930216045685,-0.0008568926717060506,0.004093176377710656,0.08389979835039177,1.3712304178213173,16.343667622353877,-1.5348020461372354,0.13190198432708955,0.13076931862097035,0.004058862170067115,0.09149834169213233,0.028630095778171355,true
1.0750000000000002,11.504808143063565,0.04711314933374133,0.016265175937438238,0.09372962164772047,-6.772163070510185e-6,-0.002924758207363383,-0.0007726280703548622,0.0016308026466158958,-0.0008581745762610336,0.004095083442321167,0.08390085639367865,1.3711958620944813,16.34304965447041,-1.535194555120455,0.1383756601025718,0.13706959040609434,0.004057351167056169,0.09150016064414837,0.02863140030007042,true
1.125,11.504808143063565,0.04713636594841727,0.017043336452796924,0.09394542522813797,-7.112304324580658e-6,-0.00292615469565698,-0.0007661863313761622,0.0016256902173604538,-0.0008595038859842916,0.004097101434658564,0.08390196717222978,1.371160104153348,16.342407101596304,-1.5356004178325853,0.14485506341589188,0.14335882323296859,0.004055790642044244,0.09150211257037177,0.02863277206074759,true
1.1750000000000003,11.504808143063565,0.04716081245661186,0.01782447467199888,0.0941713593850526,-7.458239898289816e-6,-0.0029276113874059824,-0.0007594727289526928,0.0016203558408660204,-0.0008608831119133277,0.004099226329562556,0.08390312465026999,1.3711230852270888,16.341740441041807,-1.5360204439358325,0.15134045243947172,0.1496365214863925,0.004054176903539915,0.09150416699789703,0.028634202592696632,true
1.225,11.504808143063565,0.047186449300028147,0.018608721058916214,0.0944074376877228,-7.810128003379819e-6,-0.0029291277432251087,-0.0007524857895289864,0.0016147997058941228,-0.0008623139163651364,0.0041014546886188295,0.0839043234841472,1.3710847567778202,16.341050137146645,-1.536455308486421,0.15783208624757616,0.15590219394691168,0.004052506866989744,0.09150629724819936,0.028635684414756883,true
1.275,11.504808143063565,0.04721324204301393,0.019396206224047436,0.0946536777020773,-8.168156837293922e-6,-0.0029307033450905328,-0.0007452247197508319,0.0016090220741568223,-0.0008637973544059904,0.004103783518674282,0.08390555872828549,1.3710450785284702,16.340336675051255,-1.5369055808224734,0.16433022489010024,0.16215535399434094,0.004050777914282232,0.09150847901579855,0.028637210622551482,true
1.3250000000000002,11.504808143063565,0.04724116004903245,0.020187060760300884,0.09491010006618356,-8.53253068462174e-6,-0.002932337859895957,-0.0007376892209276715,0.0016030232676479909,-0.0008653340467203194,0.004106210156795609,0.08390682566591118,1.3710040166113406,16.339600571593763,-1.5373717497343788,0.17083512858556793,0.1683955189627382,0.004048987778199354,0.09151068949328396,0.028638774649773924,true
1.375,11.504808143063565,0.04727017532435743,0.02098141499960254,0.09517672787386733,-8.903457464567603e-6,-0.0029340310146206364,-0.0007298793616586961,0.0015968036605985016,-0.0008669242989398056,0.004108732169763073,0.08390811972004994,1.370961541776988,16.338842371287164,-1.5378542464487865,0.17734705599859812,0.17462220863291752,0.004047134442138908,0.09151290684659487,0.028640370139333186,true
1.4250000000000003,11.504808143063565,0.04730026188274851,0.02177939879286937,0.09545358617519455,-9.281145165250829e-6,-0.002935782580068599,-0.0007217955894423029,0.0015903637258310086,-0.0008685681363887057,0.004111347298847969,0.0839094363758016,1.3709176285193396,16.33806265101662,-1.5383534564878338,0.18386626292296857,0.18083494414197238,0.004045216085925662,0.09151510981128523,0.02864199083360894,true
1.475,11.504808143063565,0.04733139525942485,0.022581141445389252,0.09574070154816727,-9.665799388156013e-6,-0.002937592359238915,-0.0007134387454028051,0.0015837040732482558,-0.0008702653278454507,0.004114053417567134,0.08391077110394095,1.3708722544474574,16.33726202741418,-1.538869728566682,0.19039300240160795,0.18703324828157736,0.004043231043810287,0.09151727731403148,0.028643630467507144,true
1.525,11.504808143063565,0.047363552013022496,0.023386771644690146,0.09603810181109218,-1.0057624109251601e-5,-0.0029394601793205893,-0.0007048100693780088,0.00157682547658476,-0.0008720154072067511,0.004116848488392981,0.08391211932137618,1.370825399536446,16.336441155613088,-1.5394033842575983,0.1969275246221263,0.19321664558364537,0.004041177762298509,0.09151938824325023,0.028645282711363466,true
1.5750000000000002,11.504808143063565,0.047396709239303,0.024196417722315886,0.09634581586636029,-1.045682790263079e-5,-0.0029413858843415214,-0.0006959110940651114,0.0015697288378663287,-0.0008738177438012173,0.004119730520484972,0.08391347635364224,1.3707770453762658,16.33560072757929,-1.5399547276428067,0.20347007941642137,0.19938466486001855,0.004039054758284482,0.09152142122844745,0.028646941116620743,true
1.625,11.504808143063565,0.04743084401996649,0.025010207522646967,0.09666387369998715,-1.086361937182652e-5,-0.002943369328416639,-0.0006867434549665454,0.0015624151022618205,-0.0008756716472952751,0.0041226975217803444,0.08391483747586048,1.370727174081673,16.33474145112878,-1.5405240575662724,0.21002091473861176,0.2055368379191283,0.0040368605728443975,0.09152335473064302,0.028648599167338334,true
1.6750000000000003,11.504808143063565,0.0474659335545083,0.0258282682492829,0.09699230640890136,-1.1278208743284242e-5,-0.002945410372806347,-0.0006773089446749153,0.0015548852916316715,-0.0008775763469567562,0.004125747510455121,0.08391619793959174,1.3706757684820503,16.333864046947774,-1.541111664890318,0.2165802752873652,0.21167269844930484,0.0040345937845887555,0.09152516717299863,0.02865025031763132,true
1.725,11.504808143063565,0.047501955419521555,0.026650726801768755,0.09733114601573117,-1.1700820233130063e-5,-0.0029475088828968816,-0.0006676095768855751,0.001547140542518191,-0.0008795309656326159,0.004128878537462726,0.08391755288949848,1.3706228128453235,16.33296927342652,-1.5417178254117903,0.2231484061297089,0.21779178558340612,0.004032253032003205,0.09152683663933063,0.028651887880732967,true
1.775,11.504808143063565,0.04753888686481833,0.027477709871532054,0.09768042539706626,-1.2131684831804209e-5,-0.00294966472288864,-0.0006576473362887405,0.0015391819832430537,-0.0008815346469543133,0.004132088625352722,0.08391889736747754,1.3705682915904087,16.33205791049356,-1.542342815144662,0.22972555327872707,0.2238936445591098,0.00402983695229063,0.09152834079085137,0.028653505029434017,true
1.8250000000000002,11.504808143063565,0.04757670458806336,0.028309343450861835,0.09804017828708966,-1.2571037050952311e-5,-0.0029518777546664364,-0.0006474241718635679,0.0015310107297888916,-0.0008835865579253237,0.004135375748681921,0.08392022638128149,1.370512188751681,16.331130739863866,-1.5429869154547646,0.23631195920515438,0.22997782269180586,0.00402734416624822,0.09152965711973342,0.02865509488769731,true
1.875,11.504808143063565,0.04761538506330951,0.02914575316882153,0.09841043902036901,-1.3019123644794768e-5,-0.00295414783726799,-0.0006369421185860776,0.0015226279469050773,-0.0008856858283189996,0.004138737862570754,0.08392153479618146,1.3704544888818107,16.330188576867734,-1.5436504043069985,0.24290786687822336,0.23604387328028964,0.004024773305531401,0.09153076255432038,0.02865665038630691,true
1.9250000000000003,11.504808143063565,0.0476549042964248,0.029987064106263325,0.09879124235020839,-1.3476197227111361e-5,-0.0029564748250587337,-0.0006262032508338072,0.0015140348253656606,-0.0008878315745318535,0.004142172881444938,0.08392281732371772,1.370395176660672,16.329232267961288,-1.5443335611505982,0.2495135186035125,0.2420913546591936,0.00402212299241054,0.09153163338042376,0.02865816424594474,true
1.975,11.504808143063565,0.047695237608173915,0.030833400559977575,0.09918262337297998,-1.394250229096074e-5,-0.0029588585675563222,-0.0006152096840027166,0.001505232582987036,-0.0008900228989843195,0.004145678660180886,0.08392406854640522,1.370334236415088,16.32826268017942,-1.5450366722058326,0.2561291542145809,0.24811982868962532,0.0040193918207546584,0.09153224531050318,0.02865962900906033,true
2.0250000000000004,11.504808143063565,0.047736360200682476,0.0316848861597186,0.09958461794745627,-1.4418290020309517e-5,-0.0029612989094245255,-0.000603963627198495,0.0014962224920319208,-0.0008922588648334258,0.0041492530433428826,0.08392528300399765,1.3702716529267218,16.327280693965022,-1.5457600192673615,0.2627550111851592,0.2541288610320394,0.004016578408023649,0.09153257391867727,0.02866103716107162,true
2.075,11.504808143063565,0.04777824658319226,0.032541643982537435,0.09999726195313974,-1.490382040274309e-5,-0.002963795688785533,-0.0005924673223074897,0.0014870058486004107,-0.000894538526292921,0.004152893815269622,0.08392645501122036,1.3702074109559552,16.32628723294423,-1.5465038887522708,0.26939132783180886,0.26011802419756314,0.0040136813452587945,0.09153259381984281,0.02866238087946212,true
2.125,11.504808143063565,0.047820870485392686,0.03340379612499646,0.10042059150982938,-1.5399350018519698e-5,-0.0029663487371004472,-0.0005807230142893679,0.0014775839573643438,-0.0008968609430749759,0.004156598692540967,0.08392757878256023,1.3701414947399086,16.325283233651653,-1.547268575405101,0.27603833882774603,0.2660868936240288,0.00401069919219329,0.0915322791680763,0.02866365220239268,true
2.1750000000000003,11.504808143063565,0.04786420501583591,0.034271463804517885,0.10085464275455693,-1.5905136710875687e-5,-0.002968957880102076,-0.0005687330538788461,0.0014679581831357937,-0.0008992251292569476,0.0041603653377474195,0.08392864836350612,1.3700738884828494,16.324269664738047,-1.5480543777426674,0.28269627727559493,0.2720350497159107,0.004007630490725341,0.09153160340000341,0.028664842936830658,true
2.225,11.504808143063565,0.04790822265627646,0.03514476730900973,0.10129945183334604,-1.642143642710991e-5,-0.002971622937832593,-0.0005564999076700717,0.0014581299570632304,-0.0009016300493931587,0.004164191358998116,0.08392965764507171,1.370004576299659,16.323247523458768,-1.5488615984837648,0.28936537453056926,0.27796207783195753,0.00400447376474035,0.09153053929374791,0.028665944678310715,true
2.2750000000000004,11.504808143063565,0.0479528952600418,0.03602382606003256,0.10175505500230939,-1.694850419925131e-5,-0.0029743437240934496,-0.0005440261164831729,0.00144810075660511,-0.0009040746401219372,0.004168074309779201,0.08393060039312013,1.3699335421290508,16.32221782892602,-1.5496905450662168,0.2960458605691784,0.2838675687563271,0.004001227520728313,0.09152905908931903,0.028666948850835025,true
2.325,11.504808143063565,0.047998194112583686,0.03690875860451942,0.10222148868838639,-1.748660082050813e-5,-0.002977120045063946,-0.000531314215497368,0.0014378720652145282,-0.0009065578497171602,0.004172011694216959,0.08393147027439862,1.3698607698142742,16.321181618000548,-1.5505415282284387,0.3027379636696929,0.28975111855312724,0.003997890255901302,0.09152713460800474,0.02866784674298006,true
2.3750000000000004,11.504808143063565,0.048044089689030525,0.03779968238010097,0.10269878902382215,-1.803599298023904e-5,-0.002979951698981038,-0.0005183667371101547,0.001427445372564926,-0.0009090786354547713,0.004176000946004222,0.08393226078123461,1.3697862429425656,16.32013995801742,-1.551414865338017,0.3094419099827717,0.2956123283316261,0.003994460439610657,0.09152473691704646,0.02866862940455528,true
2.4250000000000003,11.504808143063565,0.04809055152111882,0.03869671343404878,0.10318699152070686,-1.8596942149469622e-5,-0.002982838477693769,-0.0005051863202039251,0.0014168222291592856,-0.0009116359089553605,0.004180039416834029,0.08393296519776557,1.3697099446914462,16.319093951513466,-1.5523108828761156,0.31615792261464293,0.30145080359898346,0.003990936501404096,0.09152183617372259,0.028669287600079127,true
2.475,11.504808143063565,0.048137548445848305,0.03959996671270745,0.10368613149482499,-1.9169704064420262e-5,-0.0029857801671664998,-0.0004917757270869309,0.001406004256093133,-0.0009142285290062021,0.004184124398012775,0.08393357667684513,1.3696318579918947,16.31804472321191,-1.55322991310187,0.32288622322584276,0.30726615580614536,0.003987316850783817,0.09151840197040026,0.028669811914831853,true
2.5250000000000004,11.504808143063565,0.04818504876919607,0.040509556216254974,0.10419624429040084,-1.9754537978363427e-5,-0.0029887765451699112,-0.0004781376879646551,0.0013949930672063156,-0.0009168553792416605,0.004188253134690265,0.08393408828548928,1.3695519657250923,16.31699341353141,-1.5541722908957822,0.32962703245048147,0.31305800283240603,0.0039835998937796935,0.09151440354686534,0.02867019281807959,true
2.575,11.504808143063565,0.048233019746411754,0.04142559356714272,0.10471736378607846,-2.035169843557486e-5,-0.002991827385553074,-0.00046427522669201704,0.0013837904329191191,-0.0009195152062271021,0.004192422780686892,0.08393449283403584,1.3694702504875178,16.315941209001874,-1.5551383597513293,0.3363805630507811,0.318825963267697,0.003979783996638375,0.09150980903869955,0.028670420428969442,true
2.6250000000000004,11.504808143063565,0.04828142834029068,0.042348192135499015,0.10524952580941352,-2.0961456974861016e-5,-0.0029949324489442846,-0.00045019093979167444,0.001372397918274935,-0.0009222069784832606,0.004196630464402862,0.0839347831794508,1.3693866944906095,16.314889282109533,-1.5561284673857088,0.34314704450045097,0.3245696775020968,0.003975867526932356,0.09150458677622324,0.02867048493110591,true
2.6750000000000003,11.504808143063565,0.04833023936394336,0.0432774568875252,0.10579275815675276,-2.158404477360809e-5,-0.0029980914954138714,-0.0004358880761839919,0.0013608174227166898,-0.0009249293465326979,0.0042008731273873905,0.08393495110349068,1.3693012808938443,16.313839025241272,-1.5571429706917435,0.34992666829844093,0.3302887613756495,0.0039718487494962125,0.09149870056339568,0.028670375044838128,true
2.725,11.504808143063565,0.048379418668911545,0.04421349551931097,0.10634709818928417,-2.221975382729328e-5,-0.0030013042773749804,-0.00042136965664785317,0.0013490507443299894,-0.0009276810876821363,0.004205147801450325,0.08393499040006884,1.3692139894350273,16.31279139854294,-1.5581822305762183,0.356719622279698,0.3359828359300185,0.003967726081361824,0.0914921226236291,0.028670082230484048,true
2.7750000000000004,11.504808143063565,0.048428933732233455,0.04515643864754067,0.1069125984729846,-2.2868879945223846e-5,-0.0030045705233264124,-0.0004066379646450851,0.0013370993131652498,-0.0009304613485201647,0.004209451659689957,0.08393489505923195,1.3691247983113601,16.31174730539883,-1.5592466231867288,0.3635262599695093,0.3416516681740571,0.003963497909871734,0.09148482593481033,0.02866959821395652,true
2.825,11.504808143063565,0.04847873970215125,0.046106347133433714,0.10748924073106454,-2.3531571641216126e-5,-0.003007889979377258,-0.0003916969694065873,0.0013249654135647992,-0.0009332684441582118,0.0042137808035834015,0.08393465092310565,1.3690336993941499,16.310709395197833,-1.5603365137698755,0.3703465685860911,0.3472947279134383,0.003959162067439052,0.09147674951402263,0.028668903642435756,true
2.8750000000000004,11.504808143063565,0.04852880533446424,0.04706335397205288,0.10807709194382767,-2.4208100367125045e-5,-0.003011262380041504,-0.0003765500092548235,0.0013126510332069246,-0.0009361010239521011,0.0042181325173790965,0.08393425518369124,1.3689406643940503,16.309677871068317,-1.5614522976241896,0.37718088804257344,0.3529117868087444,0.003954717142434389,0.09146787967955904,0.028667994601812526,true
2.9250000000000003,11.504808143063565,0.048579091048948,0.048027554446740214,0.10867617313372938,-2.4898773600219716e-5,-0.003014687437751643,-0.0003611997925891949,0.0013001578483496322,-0.0009389580557604373,0.0042225033607567915,0.08393369848577546,1.3688456765590324,16.308654345679948,-1.5625943549144894,0.3840293926057424,0.35850248701406423,0.00395016130705897,0.09145817551441075,0.028666858279949203,true
2.975,11.504808143063565,0.04862955728123497,0.048999046566169685,0.10928651031770739,-2.560380942133927e-5,-0.0030181648677763493,-0.00034564975825703145,0.0012874879081784458,-0.0009418381499214143,0.004226889894774518,0.08393297221986835,1.3687487162887877,16.30764025254883,-1.5637630866614647,0.3908922766975837,0.36406649593280094,0.0039454927265795475,0.09144759913031386,0.028665482878907484,true
3.0250000000000004,11.504808143063565,0.048680164039460246,0.0499779276854576,0.10990813002688349,-2.6323450653313933e-5,-0.003021694376913788,-0.00032990328525674486,0.0012746432428906555,-0.0009447399576339106,0.004231288643332162,0.08393206799203705,1.3686497634752064,16.306636977002107,-1.5649588967265204,0.3977697343400693,0.3696034892158351,0.003940709591228227,0.09143611357056168,0.028663856900260375,true
3.075,11.504808143063565,0.04873087036252703,0.050964292905466155,0.11054105717534163,-2.7057939097368484e-5,-0.0030252756643550775,-0.00031396377861555615,0.0012616259055878813,-0.0009476621269723252,0.004235696046083799,0.083930977124338,1.3685487978409974,16.30564595731545,-1.5661821971197436,0.4046619589999961,0.3751131506937612,0.003935810058385158,0.09142368069069257,0.028661968464431604,true
3.1250000000000004,11.504808143063565,0.048781634441688884,0.051958235102950084,0.11118531513996859,-2.7807513213242564e-5,-0.003028908421886623,-0.00029783469654237637,0.0012484379857570873,-0.0009506032892147109,0.004240108469005641,0.08392969080998593,1.3684457988274488,16.3046686532608,-1.567433406497179,0.4115691404511357,0.3805951699500913,0.003930792271019215,0.09141026182065444,0.028659805523197895,true
3.1750000000000003,11.504808143063565,0.048832413665852684,0.052959844856618477,0.11184092571441838,-2.857240741486289e-5,-0.003032592333730791,-0.00028151954806898444,0.001235081608181791,-0.0009535620601128066,0.004244522208333786,0.08392820009484744,1.3683407456925598,16.303706550911315,-1.5687129493859249,0.4184914655032196,0.3860492430333821,0.003925654360173095,0.09139581769635556,0.02865735583570269,true
3.225,11.504808143063565,0.04888316453379635,0.05396921034918696,0.11250790897746883,-2.9352850703516633e-5,-0.0030363270766970143,-0.0002650218952480758,0.001221558934131139,-0.0009565370388830631,0.004248933482934159,0.08392649587394299,1.3682336173672827,16.302761161652214,-1.5700212580140307,0.4254291180474591,0.39147507260750997,0.0039203944383662545,0.09138030843745087,0.028654606964093467,true
3.2750000000000004,11.504808143063565,0.048933842575522295,0.05498641726351833,0.11318628316651941,-3.014906647712894e-5,-0.0030401123203807356,-0.000248345350049172,0.0012078721598958444,-0.0009595268098466724,0.004253338427466545,0.08392456889040052,1.368124392330815,16.301834020946686,-1.5713587738699621,0.43238227902228754,0.3968723680342485,0.003915010594322224,0.09136369353742768,0.028651546272653077,true
3.325,11.504808143063565,0.04898440241029706,0.05601154867475579,0.11387606458298005,-3.096127360838696e-5,-0.0030439477271489183,-0.00023149357110614603,0.0011940235152324533,-0.0009625299441263072,0.004257733097429404,0.08392240974016783,1.3680130487167086,16.30092668873801,-1.572725946406165,0.43935112620757955,0.40224084532087034,0.003909500899367431,0.09134593189631522,0.028648160935770994,true
3.3750000000000004,11.504808143063565,0.0490347978424441,0.057044684949219396,0.11457726748899627,-3.1789686344393466e-5,-0.003047832951918526,-0.0002144702616548005,0.0011800152623844206,-0.0009655450007296201,0.004262113477486191,0.08392000887210627,1.3678995644843581,16.300040751533178,-1.574123231051636,0.44633583414696226,0.40758022716793935,0.003903863416165742,0.09132698183866994,0.028644437939922263,true
3.4250000000000003,11.504808143063565,0.04908498186137517,0.05808590363514214,0.11528990400667181,-3.263451211303642e-5,-0.0030517676420030665,-0.00019727916367553858,0.0011658496931835128,-0.0009685705295079742,0.004266475481468094,0.08391735659453824,1.3677839173919153,16.29917782087213,-1.5755510894714002,0.45333657394859495,0.41289024292336196,0.0038980961991311853,0.09130680114433509,0.02864036409375092,true
3.475,11.504808143063565,0.04913490655658551,0.059135279342338365,0.11601398400718704,-3.349594931551058e-5,-0.0030557514371650158,-0.0001799240474004999,0.0011515291237684552,-0.0009716050763679553,0.004270814944985392,0.08391444308457473,1.3676660848167494,16.298339529445744,-1.5770099915919762,0.4603535129949816,0.41817062847062103,0.0038921972882008625,0.09128534707981581,0.028635926041423145,true
3.5250000000000004,11.504808143063565,0.04918452308205337,0.06019288361174167,0.11674951501511809,-3.4374185970547935e-5,-0.003059783969661724,-0.00016240869382824871,0.0011370558856955498,-0.000974647191867301,0.00427512762233306,0.08391125840335946,1.367546043654543,16.297527527006938,-1.5785004165800245,0.4673868144366005,0.423421125961907,0.0038861647072043043,0.09126257646134048,0.0286311102844348,true
3.575,11.504808143063565,0.049233781720716005,0.06125878477854971,0.1174965021492978,-3.526939839069896e-5,-0.0030638648640639986,-0.0001447368681865705,0.0011224323123547905,-0.00097769544416822,0.004279409192095033,0.08390779252194684,1.3674237703647463,16.296743475966004,-1.580022851877282,0.47443663636581,0.4286414833289392,0.0038799964706135717,0.09123844577489212,0.02862590321856533,true
3.6250000000000004,11.504808143063565,0.049282632029524584,0.06233304783045356,0.11825494811361911,-3.618174788853932e-5,-0.003067993736850356,-0.0001269122843739418,0.001107660720652015,-0.0009807484362780732,0.004283655269752402,0.08390403536324945,1.3672992410973657,16.295989044839818,-1.5815777909623425,0.4815031305720834,0.43383145351275815,0.0038736905963857138,0.09121291137145325,0.028620291193122586,true
3.6750000000000003,11.504808143063565,0.04933102287320733,0.06341573425186381,0.11902485320126771,-3.711137213119963e-5,-0.0030721701961949383,-0.00010893855615426982,0.0010927433857649122,-0.0009838048296106424,0.004287861410618116,0.08389997685868146,1.36717243154876,16.295265895622155,-1.583165734061772,0.4885864409052211,0.43899079344981246,0.003867245108392212,0.09118592970483966,0.0286142605892071,true
3.725,11.504808143063565,0.04937890209672545,0.0645069018195823,0.11980621530633426,-3.805837393554249e-5,-0.003076393842362809,-9.08191134976373e-5,0.0010776824979828667,-0.0009868633844852294,0.0042920230813667925,0.08389560703495262,1.3670433161134004,16.29457565690969,-1.5847871966789295,0.49568670074467974,0.4441192624703655,0.0038606580108924192,0.09115745764597312,0.02860779793638962,true
3.7750000000000004,11.504808143063565,0.04942621660079157,0.06560660437630371,0.12059903016087536,-3.9022816122376934e-5,-0.003080664267758581,-7.255708975096361e-5,0.0010624801042967546,-0.000989923014545791,0.00429613566659879,0.08389091616772923,1.3669118676181602,16.293919890983116,-1.5864427099085079,0.5028040286239854,0.4492166194695197,0.0038539272998757562,0.09112745312807823,0.0286008901228194,true
3.825,11.504808143063565,0.04947291319497717,0.06671489165004674,0.12140329173230033,-4.0004710644872035e-5,-0.003084981056110586,-5.415522383364754e-5,0.0010471380568501357,-0.0009929828330164881,0.00430019454299246,0.0838858949565702,1.3667780582722833,16.293300071244374,-1.5881328058392774,0.5099385232448599,0.45428261980322954,0.003847051033261288,0.0910958759736287,0.0285935246388258,true
3.8750000000000004,11.504808143063565,0.04951893830978081,0.06783180903223038,0.12221899238414694,-4.100399223437255e-5,-0.003089343783682354,-3.5615776499825936e-5,0.0010316579679076076,-0.0009960421914077817,0.004304195054277074,0.08388053468204952,1.3666418585826987,16.29271753885423,-1.5898580275244718,0.5170902590261205,0.4593170127386552,0.0038400273047315674,0.09106268849080412,0.028585689788064052,true
3.9250000000000003,11.504808143063565,0.04956423712339175,0.06895739733361703,0.12304612306659285,-4.202050759990622e-5,-0.0030937520228210367,-1.6940458689173026e-5,0.0010160411705681536,-0.0009991007118789806,0.004308132435330948,0.08387482739962496,1.3665032353237592,16.29217344094194,-1.5916189495113973,0.5242592809234361,0.4643195385580514,0.0038328541800751108,0.09102785615648393,0.02857737494484352,true
3.975,11.504808143063565,0.04960875485455886,0.07009169272127723,0.12388467373849829,-4.305402113351739e-5,-0.0030982053447725392,1.8694992570268253e-6,0.0010002887503257761,-0.001002158249582803,0.0043120019245578445,0.08386876608833728,1.3663621534101842,16.291668724099534,-1.593416152671875,0.5314456005360313,0.469289926735515,0.0038255298058092507,0.09099134839656223,0.028568570764423214,true
4.0249999999999995,11.504808143063565,0.04965243676439953,0.07123472681772514,0.12473463291787519,-4.410422547201541e-5,-0.0031027033265143725,2.081298745644066e-5,0.0009844017241065516,-0.0010052147115629923,0.004315798764044213,0.08386234450841722,1.3662185762685208,16.29120416650639,-1.5952502224410336,0.538649200797461,0.47422790011003,0.0038180524060288015,0.09095313800419424,0.028559268990297745,true
4.075,11.504808143063565,0.04969522644372349,0.07238652703747228,0.1255959860264964,-4.517079350262333e-5,-0.003107245562336408,3.988836075749188e-5,0.0009683813711150557,-0.0010082697318725476,0.004319518050693053,0.08385555663027272,1.3660724646465163,16.290780474687708,-1.5971217738614885,0.5458700531858688,0.4791331873442642,0.0038104201459889814,0.09091319860625119,0.02854946167158002,true
4.125,11.504808143063565,0.04973706614607634,0.07354711732421104,0.12646871308074004,-4.625349095173121e-5,-0.0031118316745039477,5.909241393293693e-5,0.0009522297544738855,-0.0010113221684068224,0.004323154765172127,0.08384839561882992,1.3659237804187654,16.290398526266117,-1.5990314256069673,0.5531081477302608,0.48400554331164963,0.0038026311590944324,0.09087150060123056,0.028539139794829103,true
4.175,11.504808143063565,0.04977789692878078,0.07471651923327087,0.1273527844847606,-4.7352329455772894e-5,-0.0031164613214570607,7.84190059544607e-5,0.0009359504263519652,-0.0010143694323064259,0.004326703784173287,0.08384085203652268,1.36577249222604,16.290059786499825,-1.6009797671842363,0.5603635442626009,0.4888447824671289,0.003794683542932871,0.09082800389347215,0.02852829086095441,true
4.225,11.504808143063565,0.04981765714414252,0.07589475304105597,0.1282481554080692,-4.846774382746967e-5,-0.0031211341998628964,9.785774103353046e-5,0.0009195491132017837,-0.0010174068542353142,0.0043301597492678215,0.08383291154591009,1.3656185797326132,16.289766805781863,-1.6029673524316805,0.5676364371923185,0.49365081920436893,0.0037865752196393214,0.09078264839603982,0.028516895780066127,true
4.2749999999999995,11.504808143063565,0.04985628109293727,0.07708183850469795,0.1291547606493788,-4.960072880860953e-5,-0.003125850031643359,0.00011739340711751714,0.0009030340264514474,-0.0010204274335689646,0.004333516949867298,0.08382455281827582,1.3654620374007633,16.289523671673663,-1.6049946951808143,0.5749272133558787,0.4984237012969941,0.003778303804733927,0.09073534539909132,0.028504926051316395,true
4.325,11.504808143063565,0.04989369885681898,0.07827779453458367,0.13007251273453369,-5.075281495303454e-5,-0.003130608526481895,0.00013700712711389458,0.0008864153116160772,-0.0010234224387299718,0.004336769308656459,0.08381574683086553,1.3653028757556094,16.289336161505517,-1.607062268575859,0.582236468263594,0.5031636143506564,0.0037698665638789147,0.09068597471311622,0.028492342829549235,true
4.375,11.504808143063565,0.049929837932194104,0.07948263687533419,0.13100130718617892,-5.192673310871572e-5,-0.0031354093168331366,0.00015668009992651495,0.0008697031826674945,-0.0010263832825940095,0.004339910523609871,0.08380645907379106,1.3651411262307176,16.28921137246378,-1.609170405953317,0.5895649333199392,0.5078708287568146,0.0037612609495423647,0.09063439452452844,0.02847909996701188,true
4.425,11.504808143063565,0.049964626900360125,0.08069637336362759,0.1319410379815873,-5.3120353907265615e-5,-0.003140251887455834,0.0001763996725732054,0.0008529048560870573,-0.0010293045286602627,0.004342934387001021,0.08379665735191762,1.3649767704926734,16.28915536284738,-1.611319995024082,0.596913271617497,0.5125455661503536,0.0037524825543553434,0.09058046960964977,0.02846515437433435,true
4.475,11.504808143063565,0.04999802093299586,0.08191899738303937,0.13289162118189363,-5.433761133189585e-5,-0.0031451354975294225,0.00019616580932355597,0.0008360212469405929,-0.0010321870562641489,0.004345837002344144,0.08378631925342425,1.3648098755259703,16.289173312386463,-1.613510722020464,0.6042817957697435,0.5171878245436021,0.0037435322419948607,0.09052411313657052,0.028450476680446694,true
4.5249999999999995,11.504808143063565,0.050029929640578855,0.08315048270923268,0.1338530170695262,-5.5576115313435224e-5,-0.0031500593195276988,0.00021599311861328948,0.0008190458677030935,-0.001035038986316383,0.0043486105129656345,0.08377544646513455,1.3646403171044361,16.289263437973663,-1.6157440945647188,0.611670173608727,0.521797206322704,0.0037344058182191804,0.09046532748746963,0.028435069623795887,true
4.575,11.504808143063565,0.05006032434925742,0.08439078631693783,0.134825231730232,-5.683017340678519e-5,-0.0031550224843269587,0.00023590385581761673,0.0008019682607312565,-0.0010378721165488732,0.004351252426529129,0.08376406080439691,1.3644679976682608,16.289420361967906,-1.6180209152971836,0.6190774765388605,0.5263729676448529,0.0037251032238781443,0.09040420309470946,0.028418963420581773,true
4.625,11.504808143063565,0.05008915032437538,0.08563985618938427,0.1358082780775841,-5.809855705779205e-5,-0.0031600243740349844,0.0002559112047048714,0.0007847823791380634,-0.0010406935838429348,0.004353757985488435,0.08375218940639002,1.3642928084766246,16.289637538389336,-1.6203420171487646,0.6265026409246696,0.5309143172990828,0.003715624703686196,0.0903408522952148,0.02840219545711157,true
4.675,11.504808143063565,0.05011633862070898,0.08689764986202833,0.136802104431885,-5.938155734665262e-5,-0.0031650647427526697,0.00027600219690180423,0.0007674952519736252,-0.0010434974488754294,0.004356121197112264,0.08373983365546336,1.3641146877059418,16.289913989063006,-1.622708170798865,0.6339453686726625,0.5354209631280716,0.0037059689477998733,0.09027528104920378,0.02838476833480742,true
4.725,11.504808143063565,0.05014180699595763,0.08816414496028405,0.13780654318273494,-6.068332656206252e-5,-0.0031701435333412542,0.00029613921152900086,0.0007501263880323667,-0.0010462655995613676,0.004358334912885005,0.08372694684705517,1.3639336961525483,16.290259558180942,-1.6251196176543414,0.6414067205360381,0.539893442259201,0.003696133261261832,0.09020729947630374,0.028366619934833484,true
4.775,11.504808143063565,0.0501654680025931,0.08943932735070745,0.13882135434144527,-6.200816832596839e-5,-0.0031752604276499424,0.0003162889433059912,0.0007326933278785146,-0.0010489822711845058,0.0043603915318517214,0.0837134539902564,1.3637499520105147,16.290690289391772,-1.6275764706273343,0.6488885083550913,0.5443327209025985,0.00368611349882162,0.09013660192895379,0.028347650172673208,true
4.825,11.504808143063565,0.050187252958379794,0.09072315954996235,0.13984637135205547,-6.335530436194769e-5,-0.0031804145522943998,0.0003364549846991132,0.0007151952159725149,-0.001051650200671628,0.004362285084140103,0.08369931462014336,1.3635634801273904,16.291214406183805,-1.630079296249988,0.6563915109666801,0.5487391292624194,0.003675906356968856,0.09006302377670139,0.02832780563941182,true
4.875,11.504808143063565,0.050207119868394434,0.09201556136973843,0.14088159255491928,-6.471837041378909e-5,-0.003185604824078575,0.0003566702655804243,0.0006976163954566449,-0.0010542866610370692,0.0043640119195438405,0.0836845616365024,1.3633741320607098,16.29182378922828,-1.632629307813633,0.6639144343007208,0.5531117915463077,0.0036655113795373818,0.08998670055559617,0.02830713178941965,true
4.925,11.504808143063565,0.050224949141861916,0.09331642601809215,0.1419270428865812,-6.609302515605323e-5,-0.0031908307135486156,0.00037694961156106255,0.000679950104956927,-0.0010568997165179895,0.0043655616432111775,0.08366924746339184,1.363181607393299,16.29250469821349,-1.6352291523425468,0.6714554788922484,0.5574495852346327,0.003654924287146377,0.08990783990726188,0.028285699905797712,true
4.975,11.504808143063565,0.05024075840445989,0.09462572280529596,0.1429826569130274,-6.748911589669104e-5,-0.00319609293844536,0.00039726178643696914,0.0006622114223824625,-0.0010594732088194316,0.0043669357871691985,0.08365335960430632,1.36298611448678,16.293262110857484,-1.6378766634277135,0.6790149142771961,0.5617526134889926,0.003644153920063355,0.0898264098239238,0.02826349523592174,true
5.025,11.504808143063565,0.05025470431206269,0.09594324605238286,0.1440478827782704,-6.892159193190216e-5,-0.0032014105606067013,0.00041763003272795543,0.0006443609847835891,-0.0010619910175115445,0.004368147967974769,0.08363676060977279,1.362788481855625,16.294132770326186,-1.6405647127411822,0.686594872727727,0.566022027296381,0.0036332184109459115,0.08974189214237321,0.0282403364913348,true
5.075,11.504808143063565,0.05026659152389443,0.09726901859677081,0.14512254912284067,-7.038075783064198e-5,-0.0032067646263032796,0.0004379882481088651,0.0006264582151729323,-0.0010644464632817974,0.004369181206572399,0.08361939086449886,1.36258844299502,16.29512519653519,-1.6432977516859553,0.6941974770078749,0.5702589321658152,0.003622099158664704,0.08965402244512409,0.028216144025043542,true
5.125,11.504808143063565,0.05027616379728715,0.09860291532071452,0.14620667277075414,-7.184894727310626e-5,-0.00321214986425406,0.0004583961030434758,0.0006084793389443283,-0.0010668754419878041,0.004370013230303146,0.08360131742737516,1.3623852982913074,16.296218052721688,-1.6460829319853616,0.7018205035812316,0.574462010384448,0.003610776829201137,0.0895630438059748,0.028191007896301766,true
5.175,11.504808143063565,0.05028351705776786,0.09994482634635804,0.14730061523008264,-7.33324312347686e-5,-0.003217566391547652,0.0004788217684716866,0.0005904410484467494,-0.001069262816918436,0.004370652377031129,0.08358270685314845,1.362178951438392,16.297377803660837,-1.648918224241699,0.7094594515615543,0.5786287718670462,0.003599272283906008,0.08946966310697872,0.02816515439685194,true
5.225,11.504808143063565,0.05028833945413115,0.10129466597114162,0.14840350386655948,-7.483585585596087e-5,-0.0032230137532398466,0.0004992337914594705,0.0005723596692681561,-0.0010715934607276266,0.004371071540593296,0.08356327883152566,1.3619696233350904,16.298661833040285,-1.651806614041517,0.7171213634096746,0.5827630371294562,0.003587557516956732,0.08937271668039566,0.028138208114267555,true
5.275,11.504808143063565,0.05029069275728407,0.10265230831335626,0.14951564754982422,-7.635091803298352e-5,-0.0032284912049843034,0.0005196605801471056,0.0005542218462824039,-0.0010738824264295095,0.004371276090128034,0.08354319588514098,1.3617570217244857,16.300035057273746,-1.6547485023864439,0.7248015940719534,0.5868622675817301,0.0035756444726677173,0.0892728811208062,0.028110389349221263,true
5.325,11.504808143063565,0.050290453372639154,0.10401762987850738,0.15063671182092525,-7.788128351694988e-5,-0.0032339983793724866,0.0005400821590631185,0.0005360383444380349,-0.0010761205035011534,0.004371255282771498,0.08352238205204977,1.3615412108886278,16.30151316853173,-1.6577447351188688,0.7325018121789476,0.5909273575657785,0.0035635271557644304,0.08916984865688846,0.028081598170420784,true
5.375,11.504808143063565,0.050287558834410634,0.10539049858029528,0.15176654653965296,-7.942537350871821e-5,-0.0032395347076402846,0.0005604969105937535,0.0005178108307621103,-0.0010783077413558638,0.004371003688986314,0.08350083315774678,1.3613221388758188,16.303096476942425,-1.6607961367546595,0.7402217681581624,0.5949581761161504,0.0035512046668134656,0.0890636077247651,0.02805183114836208,true
5.425,11.504808143063565,0.05028193552454627,0.10677076934878321,0.1529049632601387,-8.098280757011694e-5,-0.003245099647305062,0.0005809002810222189,0.0004995424497128792,-0.0010804427307350981,0.004370514909878098,0.08347853497887567,1.361099771938605,16.304787479596197,-1.663903518390012,0.7479614496677273,0.598954729167684,0.003538675550451127,0.08895410602232903,0.028021071515175033,true
5.475,11.504808143063565,0.05027351267205535,0.1081582890241426,0.1540517645824001,-8.255308227793606e-5,-0.003250692649698937,0.000601287468544514,0.00048123648397878274,-0.0010825239525232967,0.0043697827940195645,0.08345547263077721,1.3608740811141522,16.306588869670854,-1.6670676529670758,0.7557208563795602,0.6029170381344839,0.0035259385282708296,0.08884128931493163,0.027989301776959682,true
5.525,11.504808143063565,0.05026222140750335,0.10955289814295074,0.15520674854058653,-8.413560425360219e-5,-0.003256313163658515,0.0006216535988933037,0.0004628962630374273,-0.001084549861930731,0.004368801355267037,0.08343163168134951,1.360645038071845,16.308503269701802,-1.670289302987548,0.7634999806807246,0.606845129666897,0.003512992476119689,0.08872510586247946,0.02795650520171344,true
5.575,11.504808143063565,0.050247992283368764,0.11095443069701272,0.15636970751216786,-8.57297251324878e-5,-0.00326196064137144,0.0006419937848498688,0.0004445251307955909,-0.0010865189156454597,0.004367564557229413,0.08340699790176004,1.3604126119231017,16.310533242371914,-1.6735692638321509,0.7712988140058386,0.610739038791353,0.003499836255857154,0.08860550515969629,0.027922665476594173,true
5.625,11.504808143063565,0.05023075441992099,0.11236271251074094,0.1575404261682971,-8.733477897076338e-5,-0.003267634540036001,0.0006623032480276893,0.00042612638392668036,-0.0010884296319543696,0.004366066239027717,0.08338155706214566,1.3601767689664952,16.312681327751324,-1.6769083711076807,0.7791173439250083,0.6145988072941903,0.0034864686792856862,0.08848243707617559,0.02788776643759699,true
5.675,11.504808143063565,0.05021043650467845,0.11377755972213452,0.15871867978897777,-8.895010927985203e-5,-0.0032733343193309503,0.0006825773563088849,0.00040770325388111745,-0.0010902806101900024,0.00436430020216818,0.08335529477152699,1.3599374752602529,16.314950105902433,-1.6803074732523233,0.7869555503862932,0.61842448179085,0.003472888596642184,0.088355851380064,0.027851791869755466,true
5.725,11.504808143063565,0.05018696825081924,0.11519877828494157,0.1599042338202442,-9.057506869154241e-5,-0.0032790594368745964,0.0007028115759301696,0.00038925893266523114,-0.0010920705085954007,0.004362260337307561,0.0833281964365972,1.3596946991439163,16.317342235751873,-1.683767402344287,0.7948134045435273,0.622216113157207,0.0034590949972620176,0.0882256977574448,0.027814725467145987,true
5.775,11.504808143063565,0.05016028111247979,0.11662616440275975,0.16109684447333908,-9.220899990120405e-5,-0.0032848093443881513,0.000723001397168915,0.0003707966122416483,-0.0010937980094105632,0.004359940686427025,0.08330024733115345,1.3594484118586396,16.319860449564594,-1.6872889654529935,0.8026908699901966,0.6259737571357475,0.0034450870444167484,0.0880919261644438,0.027776550934314456,true
5.825,11.504808143063565,0.050130308122105234,0.11805950527115414,0.16229625961313493,-9.385121619016224e-5,-0.003290583485940081,0.0007431422841555167,0.0003523195115589,-0.0010954617957144167,0.00435733542869462,0.08327143270033263,1.359198586565238,16.322507521355625,-1.6908729544916248,0.8105879048069723,0.6296974752772708,0.0034308640480541076,0.0879544872146366,0.027737252128150678,true
5.875,11.504808143063565,0.05009698338195484,0.1194985795812885,0.16350221932815978,-9.550099251365169e-5,-0.0032963812980449023,0.0007632296643776989,0.0003338308829315272,-0.0010970605473092261,0.004354438836266828,0.08324173783314862,1.3589451970392832,16.32528623757447,-1.6945201605887885,0.8185044630099712,0.633387335533581,0.0034164254206075642,0.08781333241115787,0.027696813155753192,true
5.925,11.504808143063565,0.05006024169343621,0.12094315760803981,0.1647144560130793,-9.71575668228162e-5,-0.0033022022106886802,0.0007832589461582342,0.0003153340035035934,-0.0010985929496618277,0.004351245242070233,0.08321114808321846,1.3586882169222767,16.32819938457608,-1.698231382847874,0.8264404949322581,0.6370434123114241,0.003401770649581343,0.08766841419976104,0.027655218404797073,true
5.975,11.504808143063565,0.05002001843280719,0.12239300099427776,0.16593269410997386,-9.882014561271394e-5,-0.0033080456485505426,0.0008032255457105942,0.00029683216116788277,-0.001100057706878477,0.004347749028997504,0.08317964885362505,1.3584276195755725,16.331249750357305,-1.7020074306103263,0.8343959468388782,0.6406657861648559,0.003386899290510656,0.08751968591310602,0.02761245252819571,true
6.025,11.504808143063565,0.04997624951174935,0.12384786240578861,0.16715664970867167,-0.00010048790871220581,-0.00331391103219623,0.0008231249117833999,0.00027832864123776807,-0.001101453553021168,0.004343944626480438,0.08314722556900128,1.3581633781197309,16.334440131049636,-1.7058491237637672,0.8423707602535956,0.6442545433689059,0.003371810965899419,0.08736710167490072,0.02756850041260557,true
6.075,11.504808143063565,0.04992887127627794,0.12530748516743823,0.16838603012952852,-0.0001021600119653891,-0.0033197977793136793,0.0008429525430753401,0.0002598267165673005,-0.0011027792596426406,0.004339826501703191,0.08311386364909434,1.3578954653430104,16.337773335577655,-1.7097572946067467,0.8503648712891039,0.6478097755140045,0.003356505359092859,0.08721061630248683,0.0275233471487513,true
6.125,11.504808143063565,0.04987782037757746,0.12677160294801668,0.16962053356923462,-0.00010383558890625639,-0.0033257053060095935,0.0008627039967683812,0.00024132964215992203,-0.0011040336389283032,0.004335389148375291,0.08307954849039925,1.3576238535194587,16.341252187671035,-1.7137327906517743,0.8583782101075509,0.6513315791760566,0.003340982205742477,0.08705018523815039,0.02747697801244914,true
6.175,11.504808143063565,0.04982303378536004,0.12823993956599267,0.17085984889900757,-0.0001055137528098492,-0.003331633027959245,0.0008823748878257498,0.00022284065458603167,-0.0011052155424117814,0.004330627087892739,0.08304426545987534,1.3573485144151864,16.34487952778653,-1.7177764749299729,0.8664107006085454,0.6548200556989614,0.0033252412946444005,0.0868857645439469,0.027429378462498193,true
6.225,11.504808143063565,0.049764449073023256,0.12971220897902086,0.1721036556878099,-0.00010719359944994719,-0.0033375803610745354,0.0009019608811810257,0.00020436297522542855,-0.0011063238564064542,0.004325534894123988,0.08300799990353588,1.3570694196868105,16.348658216844996,-1.7218892212713235,0.8744622604288412,0.6582753111170002,0.0033092824861977394,0.08671731098405937,0.027380534159644303,true
6.275,11.504808143063565,0.04970200492784824,0.13118811544833564,0.1733516244317541,-0.00010887420977827998,-0.003343546721475051,0.0009214576817721653,0.00018589981486682918,-0.0011073574966389945,0.004320107237756448,0.08297073716724132,1.3567865415954712,16.352591141388103,-1.7260719055184273,0.8825328012416636,0.6616974562007751,0.003293105744560394,0.08654478217727705,0.027330431002615414,true
6.325,11.504808143063565,0.0496356416702855,0.13266735377984984,0.17460341686262082,-0.00011055465134680544,-0.003349531524869139,0.0009408610277633564,0.00016745437693394132,-0.0011083154046972977,0.00431433893143291,0.08293246262184117,1.356499853701813,16.35668121767029,-1.730325396853641,0.8906222291798958,0.6650866065430563,0.00327671116879454,0.08636813676434564,0.027279055169581776,true
6.375,11.504808143063565,0.04956530153756761,0.13414960950982435,0.1758586861736983,-0.00011223397772638767,-0.003355534185762611,0.0009601666897631939,0.00014902985783212354,-0.0011091965475953174,0.004308224954403202,0.08289316168285148,1.35620933117105,16.360931392144206,-1.734650553915315,0.8987304451793819,0.6684428825967902,0.0032600990071020917,0.08618733452564817,0.02722639315084699,true
6.425,11.504808143063565,0.04949092861447016,0.1356345589539374,0.17711707706956495,-0.00011391122619004,-0.003361554117015029,0.0009793704752032435,0.0001306294447312767,-0.0011099999199345202,0.004301760446505928,0.08285281981997104,1.355914950519688,16.365344637224464,-1.7390482278501942,0.9068573451101684,0.6717664096148555,0.00324326964742469,0.08600233642005738,0.02717243176614737,true
6.475,11.504808143063565,0.049412468485018145,0.13712186912920704,0.17837822565905942,-0.0001155854149444212,-0.0033675907300859016,0.0009984682348574904,0.00011225631222526336,-0.0011107245470827537,0.004294940677894722,0.08281142255807768,1.3556166889311443,16.36992394352865,-1.7435192707575595,0.9150028196882488,0.6750573174963507,0.00322622359032083,0.08581310456136411,0.027117158169306294,true
6.525,11.504808143063565,0.0493298678189823,0.13861119762599072,0.17964175929210038,-0.00011725554158165371,-0.003373643435965751,0.0010174558687446491,9.391361922006828e-5,-0.0011113694879647173,0.00428776101309643,0.08276895547442348,1.3553145234937896,16.374672311922513,-1.748064545177447,0.9231667543063589,0.6783157406021345,0.0032089614190449365,0.08561960217532974,0.027060559847717085,true
6.575,11.504808143063565,0.049243074117414534,0.140102192511456,0.18090729644255432,-0.00011892058393057802,-0.003379711646470048,0.001036329330143086,7.560450669005622e-5,-0.0011119338368331421,0.004280216888893013,0.08272540419690685,1.355008430721622,16.379592748756693,-1.7526849301728693,0.9313490288627556,0.681541817573359,0.003191483781503634,0.0854217935804126,0.027002624624241977,true
6.625,11.504808143063565,0.0491520357348106,0.14159449230697796,0.18217444668850696,-0.00012057950328988172,-0.0033857947754517607,0.0010550846278582688,5.733209624973466e-5,-0.0011124167241080036,0.004272303816247918,0.08268075440634187,1.3546983865457993,16.3846882660022,-1.757381321656828,0.9395495176236722,0.6847356911668653,0.0031737913913412546,0.08521964421527388,0.026943340665886106,true
6.675,11.504808143063565,0.049056702149461756,0.14308772603699163,0.18344281078275093,-0.00012223124884155502,-0.0033918922396007738,0.0010737178272602966,3.9099489301045034e-5,-0.0011128173165613417,0.004264017403805107,0.08263499183975326,1.3543843667236846,16.389961886244542,-1.7621546276508986,0.9477680891839482,0.6878975081309749,0.0031558850451009236,0.08501312069638152,0.0268826964950877,true
6.725,11.504808143063565,0.0489570243436175,0.1445815133259365,0.18471198077986023,-0.0001238747615599247,-0.0033980034587536056,0.0010922250502507784,2.090976669383537e-5,-0.0011131348169446137,0.004255353390932858,0.08258810229655446,1.354066347414053,16.395416649142987,-1.7670057614586359,0.9560046064397862,0.6910274190859671,0.0031377656455670823,0.08480219089666811,0.02682068100517546,true
6.775,11.504808143063565,0.048852955135828206,0.14607546452583237,0.18598154019219587,-0.00012550897635360553,-0.003404127855877323,0.00111060247418365,2.7659889034481206e-6,-0.0011133684630870982,0.004246307676611056,0.08254007157920115,1.3537443057471354,16.401055630878062,-1.7719356362869787,0.9642589289755047,0.6941255793048939,0.0031194342158394235,0.08458682375597099,0.026757283390601676,true
6.825,11.504808143063565,0.048744449364782214,0.14756918086925047,0.1872510641648707,-0.00012713282223718973,-0.0034102648570035607,0.0011288463301518164,-1.532880346697451e-5,-0.0011135175266848419,0.0042368763354103415,0.08249088576029809,1.353418219623933,16.406881889433144,-1.776945162184391,0.9725309043222707,0.6971921453279664,0.0031008919252891263,0.08436699037034728,0.026692493498434514,true
6.875,11.504808143063565,0.04863146391519346,0.14906225464466055,0.18852011966630888,-0.00012874522139560537,-0.003416413891338174,0.0011469529017013856,-3.337158938455031e-5,-0.0011135813123168354,0.004227055619742269,0.08244053082825192,1.3530880681747088,16.412898541296304,-1.7820352483095032,0.9808203808462547,0.7002272796870014,0.003082140061024119,0.08414266259246721,0.02662630137448548,true
6.925,11.504808143063565,0.04851395764596859,0.1505542693769804,0.18978826567790313,-0.00013034508849226067,-0.003422574391625752,0.0011649185253477666,-5.135936797801848e-5,-0.0011135591573697482,0.0042168419536155795,0.08238899293502745,1.352753831143747,16.419108705583263,-1.7872068053116312,0.9891271998644191,0.7032311478116853,0.0030631800356399324,0.08391381401597951,0.026558697588189527,true
6.975,11.504808143063565,0.04839189130286668,0.15204479998193238,0.1910550533515769,-0.0001319313312844991,-0.0034287457946983457,0.0011827395938775896,-6.928916053099474e-5,-0.001113450433346595,0.004206231925044568,0.08233625834970837,1.352415488720492,16.425515511967422,-1.7924607486129558,0.9974511977062545,0.7062039186808106,0.0030440133745516552,0.08368041978929613,0.026489673176302016,true
7.025,11.504808143063565,0.04826522747337861,0.15353341286118805,0.19232002610176788,-0.0001335028528158431,-0.0034349275420668,0.0012004125623001722,-8.715801382938045e-5,-0.0011132545484707917,0.00419522228212719,0.08228231346194015,1.3520730214037326,16.43212209910866,-1.7977980002311345,1.0057922056710418,0.7091457646801339,0.0030246417110643344,0.08344245663437003,0.02641921965142529,true
7.075,11.504808143063565,0.04813393059919774,0.15501966592643146,0.19358271962020804,-0.00013505855465216553,-0.003441119080433654,0.0012179339550189888,-0.00010496300416199368,-0.0011129709508569952,0.004183809934129016,0.08222714477836916,1.3517264100069908,16.43893161620004,-1.8032194890465705,1.0141500498039013,0.7120568613989912,0.003005066785844882,0.08319990284551308,0.02634732900184018,true
7.125,11.504808143063565,0.04799796702932016,0.15650310857551414,0.19484266183993187,-0.000136597340178148,-0.0034473198620846037,0.0012353003720330527,-0.00012270124087851987,-0.001112599131154533,0.004171991956098712,0.08217073891482987,1.3513756357532114,16.445947226468473,-1.808726150081698,1.0225245505506295,0.7149373873917414,0.0029852904490687664,0.08295273827626773,0.02627399368611441,true
7.175,11.504808143063565,0.04785730508886128,0.1579832816774207,0.19609937291076074,-0.0001381181170688408,-0.0034535293451953934,0.0012525084921677619,-0.00014036986848728615,-0.0011121386236804757,0.004159765594849596,0.08211308258921306,1.3510206803836717,16.453172110739285,-1.8143189235949988,1.0309155224237003,0.7177875239522388,0.002965314663017457,0.08270094432967594,0.026199206628634994,true
7.225,11.504808143063565,0.04771191515069139,0.15945971763292344,0.1973523652596174,-0.00013961979852217428,-0.003459746994126187,0.0012695550723891983,-0.0001579660667919736,-0.0011115890055972246,0.004147128275186204,0.08205416262025239,1.350661526230414,16.460609469397564,-1.8199987544900817,1.03932277381412,0.7206074549456698,0.002945141503921157,0.0824445039698014,0.026122961222579993,true
7.275,11.504808143063565,0.047561769712632165,0.16093194056349353,0.19860114379258528,-0.00014110130340690827,-0.0034659722797629354,0.0012864369437480584,-0.00017548704931249392,-0.0011109498944355644,0.0041340776066142336,0.08199396593560851,1.3502981562430327,16.468262521945196,-1.8257665920749717,1.0477461070431644,0.7233973667242175,0.0029247731631616204,0.08218340176713577,0.02604525134449103,true
7.325,11.504808143063565,0.0474068434893396,0.1623994666367171,0.19984520624646918,-0.00014256155591764873,-0.003472204679921282,0.0013031510057337368,-0.00019293006086321834,-0.0011102209448705185,0.004120611391327021,0.08193247958899602,1.3499305539939552,16.476134504481156,-1.8316233898796823,1.05618531865052,0.7261574481183939,0.002904211948691433,0.08191762397776252,0.02596607138000812,true
7.375,11.504808143063565,0.047247113521375256,0.1638618044920913,0.2010840436477746,-0.00014399948542240986,-0.003478443679784454,0.0013196942214196926,-0.000210292375479258,-0.0011094018459404345,0.004106727633686034,0.08186969078259941,1.349558703692192,16.484228666209003,-1.837570105245624,1.064640199840911,0.7288878904724261,0.002883460287266796,0.08164715864252914,0.025885416255902675,true
7.425,11.504808143063565,0.047082559287636216,0.16531845569200748,0.2023171407952912,-0.00014541402705298254,-0.003484688772328913,0.001336063615455333,-0.00022757129573580602,-0.0011084923197195269,0.004092424549993304,0.08180558688923376,1.3491825902161265,16.49254826620759,-1.8436076986781231,1.0731105369288039,0.7315888876687536,0.0028625207271585663,0.08137199568445944,0.025803281471299788,true
7.475,11.504808143063565,0.04691316279780858,0.16676891511379588,0.20354397667241797,-0.00014680412325737875,-0.0034909394586994007,0.001352256275894939,-0.0002447641539840041,-0.001107492121910935,0.0040777005765275,0.08174015546818957,1.3488021991565302,16.501096571579648,-1.84973713320512,1.0815961116341728,0.7342606360962228,0.00284139594027552,0.08109212697988534,0.025719663120400513,true
7.525,11.504808143063565,0.0467389086431061,0.1682126712208944,0.20476402472185923,-0.00014816872616022137,-0.0034971952485229707,0.0013682693594893373,-0.0002618683153451496,-0.0011064010441441878,0.0040625543739541406,0.08167338427121025,1.348417516847724,16.509876857435906,-1.855959374095738,1.0900967011217906,0.7369033345333881,0.0028200887225187546,0.08080754638841398,0.025634557902284347,true
7.575,11.504808143063565,0.046559783997592336,0.16964920619724283,0.20597675296727874,-0.00014950680032181125,-0.003503455660180525,0.0013841000987323939,-0.0002788811816287212,-0.0011052189171036728,0.004046984827440515,0.08160526123854182,1.3480285303686346,16.518892408519935,-1.8622753891704955,1.0986120777660413,0.7395171839488063,0.002798601991790859,0.08051824974114354,0.02554796311786327,true
7.625,11.504808143063565,0.04637577858438443,0.17107799598665416,0.20718162402979579,-0.00015081732534714655,-0.0035097202210707837,0.0013997458083381182,-0.00029580019501531285,-0.0011039456133228054,0.004030991043718112,0.08153577448847402,1.347635227513729,16.528146521797403,-1.8686861496337333,1.107142008738552,0.7421023872551498,0.002776938784152343,0.08022423480127305,0.02545987665848043,true
7.675,11.504808143063565,0.04618688463733939,0.17249851032345076,0.20837809513635797,-0.000152099297864356,-0.003515988467898556,0.0014152038890761374,-0.00031262284045487435,-0.001102581048621263,0.004014572347752379,0.0814649123066765,1.3472375967500418,16.537642508940973,-1.8751926310910474,1.115686255579064,0.7446591490694117,0.002755102249492622,0.07992550122315638,0.025370296994213837,true
7.725,11.504808143063565,0.045993096891363765,0.17391021285038438,0.20956561822622088,-0.00015335173263701538,-0.003522259947003931,0.001430471827989806,-0.0003293466462681805,-0.0011011251817216255,0.003997728281900446,0.08139266314163995,1.3468356271845625,16.547383697727053,-1.8817958143094546,1.124244573919513,0.7471876755292143,0.002733095648294546,0.07962205053575135,0.025279223169814024,true
7.775,11.504808143063565,0.04579441262252015,0.17531256139245657,0.2107436402295283,-0.0001545736629316277,-0.0035285342147245817,0.0014455471954626696,-0.00034596918315959405,-0.0010995780123030756,0.00398045860939718,0.08131901560996005,1.3464293085626966,16.557373431827234,-1.8884966853742124,1.1328167134820588,0.7496881741958833,0.002710922350576571,0.07931388616561427,0.025186654812828772,true
7.825,11.504808143063565,0.04559083173517067,0.17670500839094108,0.21191160352085295,-0.00015576414052134152,-0.0035348108377664727,0.0014604276408869462,-0.0003624880625024712,-0.001097939578384475,0.00396276332192972,0.08124395851111188,1.3460186313014217,16.567615069092483,-1.8952962351965894,1.1414024183408913,0.7521608540341199,0.002688585836997562,0.07900101349741687,0.02509259215324598,true
7.875,11.504808143063565,0.04538235687251844,0.17808700143957082,0.2130689464816756,-0.0001569222358445685,-0.0035410893935531986,0.0014751108890804188,-0.000378900934969755,-0.0010962099541106639,0.003944642649245759,0.08116748084727197,1.3456035865453224,16.57811197907281,-1.9021954586122507,1.1500014273355021,0.7546059254298912,0.002666089701123291,0.07868343995333459,0.024997036048893695,true
7.925000000000001,11.504808143063565,0.04516899351639948,0.17945798382459127,0.21421510406291489,-0.00015804703869487665,-0.003547369470531603,0.0014895947390841234,-0.0003952054903387123,-0.001094389248745411,0.003926097067827472,0.08108957184174306,1.3451841662227328,16.588867540798418,-1.909195353496385,1.1586134744534011,0.7570236001922602,0.0026434376513107035,0.07836117506477903,0.02489998800846,true
7.975,11.504808143063565,0.04495075004917495,0.18081739498042282,0.21534950825108534,-0.000159137659544426,-0.0035536506684301435,0.001503877065686569,-0.0004113994586615157,-0.0010924776070250534,0.0039071273062712035,0.08101022095065215,1.3447603630813327,16.599885141660106,-1.9162969202766698,1.1672382890285768,0.7594140914980201,0.0026206335109381167,0.0780342305149897,0.024801450205552612,true
8.025,11.504808143063565,0.04472763776954216,0.1821646708223726,0.21647158839723432,-0.0001601932312864035,-0.003559932598481892,0.0015179558227443827,-0.0004274806123522797,-0.001090475210392103,0.003887734346661763,0.08092941786601132,1.3443321706940365,16.61116817767978,-1.9235011620087374,1.17587559569844,0.761777613768478,0.002597681216534625,0.07770262014524859,0.024701425481591238,true
8.075,11.504808143063565,0.04449967087484205,0.18349924398404627,0.2175807714408623,-0.00016121291098560847,-0.003566214883633623,0.0015318290467228098,-0.000443446768408057,-0.001088382278314753,0.003867919423034588,0.08084715251256083,1.343899583439225,16.622720054740704,-1.9308090849151716,1.1845251141745468,0.7641143824992942,0.0025745848142999478,0.07736635993490758,0.02459991734070599,true
8.125,11.504808143063565,0.04426686643643052,0.18482054403433268,0.21867648211133048,-0.0001621958812902387,-0.0035724971587589834,0.0015454948589655577,-0.00045929579001347627,-0.0010861990689520814,0.0038476840192350125,0.08076341504303335,1.343462596473521,16.634544190060325,-1.9382216990585512,1.193186558977085,0.7664246140875726,0.0025513484561827133,0.07702546797436383,0.024496929942486912,true
8.175,11.504808143063565,0.04402924439087669,0.18612799775207658,0.2197581431928477,-0.00016314135134708682,-0.0035787790708834955,0.0015589514660861981,-0.0004750255872133656,-0.0010839258788728325,0.0038270298681532234,0.08067819583696242,1.3430212057115558,16.64664401303153,-1.9457400188481275,1.2018596392587724,0.7687085256897475,0.002527976396561382,0.07667996445126708,0.024392468098868896,true
8.225,11.504808143063565,0.04378682755924312,0.18742102950311212,0.2208251759003682,-0.00016404855730740167,-0.0035850602794147614,0.0015721971588598485,-0.000490634116830862,-0.0010815630420289864,0.0038059589534000966,0.08059148550508587,1.3425754078256733,16.6590229651611,-1.9533650631665318,1.2105440588043435,0.7709663351302385,0.002504472990129371,0.07632987165801981,0.02428653727756324,true
8.275,11.504808143063565,0.0435396416881068,0.18869906171060846,0.22187700035594204,-0.00016491676267466456,-0.003591340456364946,0.0015852303105981847,-0.0005061193821161965,-0.0010791109284819882,0.0037844735128727508,0.08050327489874276,1.3421252002626816,16.67168449918106,-1.9610978551604739,1.2192395161726004,0.7731982608482737,0.0024808426907684572,0.07597521401760136,0.024179143611144427,true
8.325,11.504808143063565,0.04328771549630535,0.18996151536950429,0.22291303611075447,-0.0001657452587550061,-0.0035976192865523897,0.0015980493759469613,-0.0005214794325960736,-0.0010765699433508877,0.003762576042817734,0.08041355512087425,1.341670581269456,16.68463207792161,-1.9689394218742087,1.227945704898365,0.7754045218588598,0.0024570900507360923,0.07561601811408494,0.024070293907555985,true
8.375,11.504808143063565,0.04303108071085261,0.19120781055004082,0.22393270265327866,-0.0001665333653249434,-0.003603896467775902,0.001610652890616758,-0.0005367123643840573,-0.0010739405262327009,0.003740269300952815,0.08032231753561773,1.3412115499149069,16.697869173410822,-1.976890793952512,1.2366623136484105,0.7775853377003668,0.0024332197194380815,0.07525231271578384,0.023959995658347565,true
8.425,11.504808143063565,0.042769772083355306,0.1924373668553348,0.2249354198655099,-0.00016728043147562138,-0.0036101717109625524,0.0016230394719293955,-0.0005518163208991254,-0.00107122315103027,0.003717556307893921,0.0802295537744263,1.3407481061013538,16.71139926654716,-1.984953005552037,1.2453890262800191,0.7797409283573357,0.002409236441368316,0.07488412878309698,0.023848257042191415,true
8.475,11.504808143063565,0.04250382738856008,0.1936496038350691,0.2259206084303548,-0.0001679858365054436,-0.0036164447402964347,0.0016352078196427238,-0.0005667894937269955,-0.0010684183259157282,0.0036944403470288486,0.08013525573915549,1.3402802505639375,16.72522584724283,-1.9931270944708626,1.2541255218075886,0.7818715141620955,0.0023851450532585963,0.07451149946294902,0.023735086924290976,true
8.525,11.504808143063565,0.04223328741475807,0.19484394138279562,0.22688769022024918,-0.0001686489906965903,-0.003622715293333071,0.0016471567165618753,-0.0005816301233781704,-0.0010655265931837049,0.0036709249636832234,0.08003941560373098,1.3398079848646056,16.739352414788886,-2.001414102377918,1.2628714743332505,0.7839773156906131,0.0023609504808406617,0.0741344600763982,0.023620494853688966,true
8.575,11.504808143063565,0.04195819595421808,0.19601980014970438,0.22783608870336158,-0.00016926933592240547,-0.003628983121104293,0.0016588850286253344,-0.00059633649978415,-0.0010625485288411844,0.003647013964288953,0.07994202581669284,1.3393313113845293,16.753782478012475,-2.0098150750380555,1.2716265529870738,0.7860585536640803,0.0023366577355938786,0.07375304810817811,0.02350449106122688,true
8.625,11.504808143063565,0.04167859979967653,0.19717660199393683,0.22876522938687355,-0.00016984634610781323,-0.0036352479882101494,0.0016703917045269002,-0.0006109069625591161,-0.001059484741967784,0.0036227114160791315,0.07984307910504082,1.3388502333228893,16.768519555232963,-2.018331062421873,1.2803904219318876,0.7881154488688128,0.0023122719117531472,0.07336730320001408,0.02338708645864294,true
8.675,11.504808143063565,0.04139454874530153,0.19831377046404147,0.2296745402965427,-0.00017037952760601093,-0.003641509672894341,0.0016816757751257905,-0.000625339901151258,-0.0010563358739745323,0.003598021647171837,0.07974256847979609,1.3383647547000752,16.78356717390121,-2.0269631187121515,1.2891627404075534,0.7901482220872762,0.0022877981835472704,0.07297726714897992,0.023268292639244396,true
8.725,11.504808143063565,0.04110609558728184,0.19943073130036368,0.23056345247404375,-0.00017086841957619244,-0.0036477679670983924,0.0016927363528707181,-0.0006396337549960772,-0.001053102597874641,0.0035729492466213242,0.0796404872418708,1.3378748803636917,16.79892887019289,-2.0357123022606443,1.2979431628038924,0.7921570940369794,0.002263241802461124,0.07258298390550466,0.02314812187845154,true
8.775,11.504808143063565,0.040813296120171746,0.20052691293794286,0.23143140047491606,-0.00017131259438247075,-0.0036540226764923164,0.0017035726313859266,-0.0006537870137464012,-0.0010497856176395254,0.003547499064100321,0.07953682898766964,1.3373806159943844,16.81460818863818,-2.0445796755466072,1.3067313387213608,0.794142285307507,0.002238608094373066,0.07218449956875253,0.023026587133522597,true
8.825,11.504808143063565,0.04051620912576129,0.20160174700007832,0.2322778228551171,-0.0001717116579996883,-0.003660273620480849,0.0017141838851942384,-0.0006677982175674286,-0.0010463856676268097,0.0035216762089326247,0.07943158761363944,1.3368819681083448,16.830608681914153,-2.0535663051967714,1.315526913012476,0.7961040162944352,0.002213902456403496,0.0717818623764216,0.022903702041549977,true
8.875,11.504808143063565,0.04021489635567803,0.2026546687840028,0.2331021626483924,-0.00017206525039667914,-0.003666520632186883,0.001724569469461952,-0.0006816659574396169,-0.001042903512022335,0.0034954860485808485,0.07932475732021663,1.3363789440567975,16.846933910709982,-2.0626732620523534,1.3243295257960332,0.7980425071288014,0.0021891303535418586,0.07137512269069718,0.02277948091627601,true
8.925,11.504808143063565,0.03990942250967709,0.2036851177461605,0.23390386784227732,-0.00017237304587218612,-0.0036727635584122118,0.0017347288196546359,-0.000695388875413577,-0.0010393399442410588,0.0034689342067593825,0.07921633261540212,1.3358715520238802,16.86358744363464,-2.071901621259959,1.333138812467872,0.7999579776078078,0.00216429731512455,0.07096433298130785,0.022653938744011122,true
8.975,11.504808143063565,0.03959985521157495,0.20469253799360815,0.23468239185991696,-0.00017263475332622468,-0.003679002259575815,0.0017446614510813468,-0.0007089656648049723,-0.0010356957862763744,0.0034420265613425583,0.0791063083183995,1.3353598010243648,16.880572857092496,-2.0812524623569266,1.3419544037184343,0.8018506471290002,0.0021394089312533975,0.0705495478073394,0.02252709117916514,true
9.025,11.504808143063565,0.039286264983455346,0.20567637878453318,0.23543719405102811,-0.00017285011647560688,-0.003685236609628768,0.00175436695835364,-0.0007223950703419558,-0.0010319718880116842,0.0034147692421226225,0.07899467956357616,1.334843700901582,16.89789373507464,-2.0907268693393144,1.3507759255594056,0.8037207346282688,0.0021144708491923135,0.07013082379873394,0.022398954539683765,true
9.075,11.504808143063565,0.03896872521780292,0.20663609503570002,0.23616774018965275,-0.00017301891403656976,-0.0036914664959452046,0.0017638450147864798,-0.0007356758882781509,-0.0010281691265083288,0.0033871686283875836,0.07888144180465588,1.334323262325897,16.915553668887682,-2.100325930709905,1.359602999355566,0.805568458520688,0.0020894887697425744,0.06970821963712945,0.022269545802275158,true
9.125,11.504808143063565,0.038647312146309565,0.20757114783235125,0.2368735029736702,-0.000173140959881208,-0.003697691819188377,0.0017730953717824773,-0.0007488069664915681,-0.0010242884052909093,0.003359231346209859,0.0787665908187147,1.333798496793001,16.93355625690092,-2.110050739526358,1.3684352418646561,0.8073940366446736,0.0020644684435359895,0.06928179603447825,0.022138882596933727,true
9.175,11.504808143063565,0.03832210480517502,0.2084810049377505,0.23755396252342847,-0.00017321610317080267,-0.0037039124931516794,0.0017821178582125047,-0.000761787204575831,-0.0010203306536366737,0.003330964265430192,0.078650122710171,1.3332694166216779,16.951905104265784,-2.119902393448658,1.3772722652675817,0.8091976862057254,0.0020394156672593547,0.06885161571012047,0.022006983200980802,true
9.225,11.504808143063565,0.03799318499595676,0.20936514129961248,0.23820860687626405,-0.00017324422846748465,-0.003710128444574749,0.0017909123797722486,-0.0007746155539131985,-0.00101629682585905,0.0033023744962547216,0.07853203391432154,1.3327360349504245,16.97060382269533,-2.1298819948055914,1.3861136772010199,0.8109796237223492,0.0020143362797552036,0.06841774336473327,0.021873866532120735,true
9.275,11.504808143063565,0.037660637242805994,0.21022303955463462,0.23883693247854992,-0.00017322525581081006,-0.0037163396129349735,0.0017994789183135864,-0.0007872910177285805,-0.0010121879005850058,0.0032734693855379243,0.07841232120077647,1.3321983657332457,16.98965603023181,-2.1399906506669346,1.3949590807838848,0.8127400649724168,0.0019892361580477777,0.06798024565245052,0.021739552140921926,true
9.325,11.504808143063565,0.03732454874634854,0.21105419053161054,0.23943844467568967,-0.00017315914075724482,-0.003722545950214388,0.0018078175311387733,-0.0007998126511181506,-0.0010080048800206226,0.003244256512773932,0.07829098167679739,1.3316564237349624,17.00906535100475,-2.1502294729167835,1.4038080746435637,0.81447922494122,0.001964121213308165,0.06753919115120353,0.021604060202733283,true
9.375,11.504808143063565,0.03698500933404708,0.21185809375320164,0.24001265820034318,-0.00017304587439346527,-0.003728747420642636,0.0018159283502438978,-0.0008121795610454138,-0.001003748789198484,0.0032147436857820127,0.07816801279047031,1.3311102245256474,17.02883541498866,-2.1605995783347125,1.4126602529454348,0.8161973177718874,0.0019389973867470886,0.06709465033105556,0.021467411508965726,true
9.425,11.504808143063565,0.03664211140775123,0.2126342579357306,0.2405590976579115,-0.0001728854833219241,-0.0037349440004147867,0.0018238115815218056,-0.0008243909063094113,-0.0009994206752123942,0.0031849389361476095,0.07804341233383037,1.3305597844756665,17.048969857753047,-2.1711020886625727,1.4215152054233005,0.8178945567176416,0.001913870645488027,0.0666466955210215,0.021329627457878343,true
9.475,11.504808143063565,0.036295949887557105,0.21338220148543013,0.24107729800817662,-0.0001726780296056102,-0.003741135677384947,0.0018314675039529367,-0.0008364458974989687,-0.000995021606453968,0.0031548505143426074,0.07791717844574356,1.3300051207494632,17.06947232022258,-2.181738130685907,1.430372517413028,0.8195711540963,0.0018887469783598857,0.06619540087365536,0.021190730044658258,true
9.525,11.504808143063565,0.035946622152458724,0.2141014529904655,0.24156680504191785,-0.00017242361069593054,-0.0037473224507349545,0.0018388964687509743,-0.0008483437969161587,-0.0009905526718348157,0.0031244868845667385,0.07778930961485775,1.3294462512990448,17.09034644839065,-2.1925088363090377,1.4392317698781263,0.8212273212448609,0.0018636323916674828,0.06574084232854643,0.02105074185114776,true
9.575000000000001,11.504808143063565,0.03559422797747754,0.214791551707384,0.24202717585139394,-0.0001721223593314138,-0.003753504330618033,0.0018460988984803182,-0.0008600839184771058,-0.0009860149800032124,0.0030938567192828744,0.07765980468197628,1.3288831948574096,17.11159589313034,-2.203415342638689,1.4480925394508257,0.8228632684786089,0.001838532904890857,0.06528309757257034,0.020909686034523152,true
9.625,11.504808143063565,0.03523886946766627,0.2154520480415138,0.2424579792942072,-0.00017177444340427047,-0.0037596813377769813,0.0018530752861496487,-0.000871665627591985,-0.0009814096585576636,0.0030629688934806234,0.07752866284270563,1.3283159709310672,17.133224309904932,-2.214458792063197,1.4569543984535795,0.8244792050481231,0.0018134545463760906,0.06482224599979795,0.02076758631586474,true
9.675,11.504808143063565,0.0348806509886677,0.21608250402084206,0.24285879645009306,-0.00017138006579198723,-0.003765853503136553,0.001859826194285074,-0.000883088341025703,-0.0009767378532593708,0.00303183247864049,0.07739588364950213,1.3277445997921782,17.155235358576068,-2.2256403323451157,1.4658169149406948,0.8260753391015843,0.0017884033489561925,0.06435836866816494,0.020624466967680128,true
9.725,11.504808143063565,0.034519679094253096,0.21668249376302423,0.24322922107038325,-0.00017093946415740102,-0.0037720208673700604,0.001866352253976826,-0.0008943515267360024,-0.0009720007272408237,0.0030004567364355023,0.07726146701392002,1.3271691024700087,17.177632703128662,-2.2369611167084456,1.474679652724033,0.8276518776456724,0.0017633853455728727,0.06389154825564113,0.020480352801261665,true
9.775,11.504808143063565,0.0341560624508017,0.2172516039345721,0.2435688600193106,-0.000170452910720437,-0.0037781834804391503,0.0018726541638962512,-0.0009054547036870476,-0.0009671994602092036,0.0029688511121669548,0.07712541320875278,1.3265895007413486,17.200420011374373,-2.248422303933555,1.4835421713974668,0.8292090265078493,0.0017384065648682419,0.06342186901487684,0.020335269153551633,true
9.825000000000001,11.504808143063565,0.03378991175881591,0.21778943420175584,0.24387733370638678,-0.00016992071199157561,-0.00378434140110656,0.0018787326892994662,-0.0009163974416465029,-0.0009623352476529633,0.0029370252279424924,0.07698772286968965,1.326005817121611,17.223600954739556,-2.2600250584485235,1.492404026376394,0.830746990302828,0.0017134730267584783,0.06294941672519606,0.02018924187313229,true
9.875,11.504808143063565,0.03342133967156946,0.2182955976727457,0.24415427650986743,-0.00016934320847481084,-0.0037904946964213296,0.001884588661003691,-0.000927179360958829,-0.000957409300044862,0.002904988875604999,0.07684839699740824,1.3254180748536863,17.247179207894042,-2.2717705504280272,1.5012647689114924,0.8322659723960291,0.001688590738008315,0.06247427864491301,0.02004229730632546,true
9.925,11.504808143063565,0.03305046071072714,0.2187697213293667,0.24439933718914475,-0.00016872077434744833,-0.0037966434411760286,0.0018902229743261484,-0.0009378001322895314,-0.000952422842036617,0.0028727520093982445,0.07670743695917182,1.3248262978972758,17.27115844846212,-2.283659955891394,1.5101239461172968,0.8337661748712102,0.0016637656877925957,0.06199654346103997,0.01989446228242974,true
9.975,11.504808143063565,0.032677391179579476,0.21921144644936752,0.2446121792872188,-0.0001680538171033012,-0.0038027877173349694,0.0018956365880025148,-0.0009482594763485123,-0.0009473771116540025,0.00284032473842523,0.07656484449004264,1.3242305109183685,17.295542356787344,-2.295694456801131,1.5189811010115148,0.8352477985013403,0.0016390038432525884,0.061516301236826575,0.01974576409823887,true
10.025,11.504808143063565,0.03230224907338713,0.21962042901733303,0.2447924815216505,-0.00016734277716623272,-0.0038089276134336087,0.0019008305230781503,-0.0009585571635890026,-0.0009422733594891477,0.0028077173188553062,0.07642062169454386,1.3236307392766697,17.320334615534435,-2.3078752411657275,1.5278357725308085,0.8367110427169159,0.0016143111450747805,0.06103364335979747,0.019596230502718057,true
10.075000000000001,11.504808143063565,0.031925153987336294,0.21999634012418018,0.24493993816332094,-0.00016658812748240344,-0.0038150632239481856,0.0019058058617579725,-0.0009686930138746688,-0.0009371128478833036,0.0027749401459236404,0.07627477104769133,1.323027009013855,17.34553890940719,-2.3202035031411823,1.5366874955646748,0.8381561055787782,0.001589693503069228,0.06054866248694427,0.019445889680733477,true
10.125,11.504808143063565,0.03154622702207106,0.22033886635473593,0.24505425940298928,-0.00016579037307174849,-0.003821194648635449,0.0019105637462448286,-0.0009786668961296006,-0.000931896850115228,0.0027420037457200706,0.07612729539581908,1.3224193468415557,17.37115892487339,-2.3326804431331083,1.5455358009983817,0.8395831837537014,0.0015651567917647864,0.06006145248848899,0.019294770236299802,true
10.175,11.504808143063565,0.031165590687019108,0.22064771016260454,0.2451351717049334,-0.00016495005055558812,-0.003827321991842524,0.0019151053775452297,-0.0009884787279604483,-0.0009266266495847814,0.0027089187667861587,0.0759781979575501,1.3218077801279808,17.397198349801478,-2.345307267903053,1.5543802157385496,0.8409924724884218,0.0015407068460323986,0.059572108391352824,0.019142901175718836,true
10.225,11.504808143063565,0.030783368801563557,0.22092259023252422,0.24518241814754466,-0.00016406772764670068,-0.003833445361786499,0.001919432014264285,-0.0009981284752613572,-0.0009213035390029278,0.0026756959715250315,0.0758274823244267,1.3211923368848513,17.423660873140303,-2.358085190671674,1.5632202627550025,0.8423841655875796,0.0015163494567370889,0.05908072632089537,0.01899031189013037,true
10.275,11.504808143063565,0.03039968639413925,0.22116324182865532,0.2451957587498957,-0.0001631440026040031,-0.0038395648698046477,0.0019235449713903,-0.001007616151801882,-0.0009159288195884178,0.002642346227430808,0.07567515246149972,1.3205730457532094,17.45055018455444,-2.37101543122857,1.5720554611177568,0.8437584553920656,0.0014920903664185586,0.05858740344189085,0.01883703213779787,true
10.325000000000001,11.504808143063565,0.03001466959955333,0.22136941712917174,0.24517497078430844,-0.00016217950366265808,-0.0038456806295749653,0.0019274456190516986,-0.0010169418187889999,-0.0009105038002626988,0.0026088804981636883,0.0755212127077095,1.3199499359893028,17.47786997406832,-2.384099216038105,1.5808853260394566,0.8451155327593863,0.0014679352650168083,0.05809223789831512,0.01868309202597922,true
10.375,11.504808143063565,0.029628445554497125,0.22154088554616333,0.24511984907391537,-0.00016117488842707798,-0.0038517927563077783,0.001931135381265546,-0.0010261055844126858,-0.0009050297968528603,0.002575309834467826,0.07536566777702455,1.3193230374475493,17.505623931454753,-2.397337778350192,1.5897093688761337,0.8464555870388438,0.0014438897856637878,0.05759532875487814,0.018528521993351782,true
10.425,11.504808143063565,0.029241142291404724,0.22167743403074033,0.2450302062754327,-0.00016013084323683162,-0.003857901365908989,0.001934615734664429,-0.001035107603368342,-0.0008995081312960871,0.0025416453649454974,0.075208522757734,1.3186923805671436,17.533815746055684,-2.4107323583112374,1.5985270972151613,0.8477788060612503,0.0014199595004728027,0.0570967759325361,0.01837335279043307,true
10.475,11.504808143063565,0.028852888630834225,0.22177886736224534,0.2449058731456664,-0.0001590480825108265,-0.0038640065741152338,0.001937888207193987,-0.0010439480763519814,-0.0008939401308420056,0.00250789828670286,0.07504978311338305,1.3180579963546422,17.56244910612677,-2.4242842030667178,1.6073380148772112,0.8490853761165316,0.0013961499164510541,0.05659668014857598,0.018217615461472336,true
10.525,11.504808143063565,0.028463814072479054,0.2218450084214559,0.24474669879175343,-0.00015792734806459682,-0.003870108495601512,0.0019409543767878604,-0.0010526272495313747,-0.0008883271272564857,0.002474079855876636,0.07488945468265845,1.3174199163669187,17.59152769838479,-2.4379945668820566,1.616141621965574,0.8503754819396904,0.0013724664714182269,0.056095142853156386,0.018061341325160195,true
10.575000000000001,11.504808143063565,0.028074048684942246,0.22187569844723604,0.24455255090451156,-0.00015676940839921675,-0.003876207243061785,0.0019438158700278802,-0.0010611454139969466,-0.0008826704560309336,0.0024402013780532744,0.07472754367851164,1.3167781726970764,17.62105520772957,-2.451864711239132,1.624937414950339,0.851649306702721,0.0013489145300076704,0.05559226616342837,0.017904561954495683,true
10.625,11.504808143063565,0.027683722994491223,0.2218707972762516,0.24432331597480123,-0.00015557505796171995,-0.003882302926263139,0.0019464743607934798,-0.0010695029051942702,-0.0008769714555992097,0.002406274198599495,0.07456405668845699,1.3161327979552813,17.65103531657804,-2.465895904952588,1.633724886686595,0.8529070319976969,0.001325499379748989,0.05508815280088353,0.017747309157694912,true
10.675,11.504808143063565,0.027292967872780648,0.2218301835651546,0.2440588994922886,-0.0001543451163798717,-0.003888395651074475,0.0019489315688954547,-0.0010777001023356896,-0.0008712314665597651,0.002372309692903138,0.07439900067349324,1.3154838252523076,17.681471704511566,-2.4800894242848557,1.6425035265041055,0.8541488378311275,0.0013022262271924824,0.05458290602454925,0.017589614957698257,true
10.725,11.504808143063565,0.02690191442392713,0.2217537549952025,0.2437592261264943,-0.0001530804276678023,-0.0038944855184699753,0.0019511892587055603,-0.0010857374277966907,-0.0008654518309088696,0.002338319256557679,0.07423238296812,1.3148312881810367,17.71236804759059,-2.4944465530425757,1.6512728202327402,0.8553749026098649,0.0012791001941733985,0.054076629567346796,0.017431511572670543,true
10.775,11.504808143063565,0.02651069387098763,0.22164142845895263,0.2434242398898246,-0.00015178185939828515,-0.0039005726235085856,0.001953249237792387,-0.0010936153465022835,-0.0008596338912901036,0.0023043142954949107,0.07406421127825573,1.314175220799303,17.743728018138327,-2.508968582714831,1.6600322503360923,0.8565854031429775,0.001256126314051857,0.05356942756635054,0.01727303139448154,true
10.825000000000001,11.504808143063565,0.026119437441914355,0.22149314022835226,0.24305390428241552,-0.0001504503018501902,-0.003906657054290024,0.001955113355552346,-0.0011013343652978504,-0.0008537789902544955,0.00227030621607212,0.07389449368238057,1.3135156576081075,17.775555283644938,-2.5236568125556813,1.6687812958709363,0.8577805146200128,0.0012333095282068666,0.05306140450244973,0.017114206970207577,true
10.875,11.504808143063565,0.025728276255300282,0.22130884610432994,0.2426482024181243,-0.00014908666712981202,-0.0039127388908882805,0.001956783501838302,-0.0011088950323056765,-0.0008478884695326254,0.002236306415141071,0.07372323862860589,1.3128526335351467,17.807853506665364,-2.538512549721831,1.6775194326600376,0.8589604106195957,0.0012106546824451915,0.05255266512842836,0.016955070979812942,true
10.925,11.504808143063565,0.02533734120584028,0.22108852154658692,0.242207137131076,-0.00014769188827224247,-0.003918818204263309,0.0019582616055749593,-0.0011162979362617665,-0.0008419636693131928,0.0022023262700922633,0.07355045493530296,1.3121861839116933,17.840626343724576,-2.5535371093695205,1.6862461332698846,0.8601252630918003,0.0011881665236595953,0.05204331440741711,0.01679565621717799,true
10.975,11.504808143063565,0.0249467628499701,0.22083216178490775,0.24173073106336634,-0.00014626691832307008,-0.003924895055151348,0.0019595496333637613,-0.0011235437058342295,-0.0008360059275295318,0.0021683771289146532,0.07337615178904851,1.3115163444534141,17.873877444867038,-2.568731814779053,1.6949608671342726,0.8612752423611281,0.001165849696485785,0.051533457443970115,0.016635995568671253,true
11.025,11.504808143063565,0.02455667129155259,0.2205397819099824,0.24121902673251516,-0.00014481272939760237,-0.003930969492934632,0.001960649588084241,-0.0011306330089267506,-0.0008300165791574905,0.0021344703002594795,0.07320033874355183,1.3108431512396475,17.907610452897238,-2.584097997456538,1.703663100605828,0.8624105171202535,0.001143708740122491,0.05102319941829668,0.016476121992701095,true
11.075000000000001,11.504808143063565,0.024167196067936044,0.2202114169442086,0.2406720865786402,-0.00014333031172391849,-0.00393704155449112,0.0019615635074816664,-0.0011375665519620603,-0.0008239969555196062,0.002100617043536431,0.07302302571819319,1.3101666406918353,17.94182900264863,-2.5996369972501565,1.7123522970433083,0.863531254429118,0.0011217480852363524,0.05051264551977507,0.016316068498991768,true
11.125,11.504808143063565,0.023778466036564,0.21984712189277358,0.24008999299209272,-0.0001418206726648815,-0.00394311126302503,0.0019622934627536665,-0.001144345079151743,-0.0008179483836019234,0.0020668285590577555,0.07284422299486143,1.309486849556692,17.97653672068224,-2.615350162452102,1.7210279169773748,0.864637619724405,0.0010999720509585588,0.0500019008763828,0.016155868126458073,true
11.175,11.504808143063565,0.02339060926225462,0.21944697177412342,0.23947284832056354,-0.0001402848357159097,-0.0039491786268787766,0.00196284155714475,-0.0011509693717569654,-0.0008118721853877845,0.0020331159782405583,0.07266394121848335,1.308803814878476,18.01173722387575,-2.6312388499082666,1.7296894180752918,0.86572977680356,0.0010783848420822947,0.049491070494682356,0.015995553924510287,true
11.225,11.504808143063565,0.023003752905339018,0.21901106163016898,0.23882077485610909,-0.00013872383948247295,-0.003955243638327711,0.0019632099245450218,-0.0011574402473383842,-0.0008057696772066376,0.0019994903538837674,0.07248219139236392,1.3081175739849065,18.047434119420377,-2.6473044251157747,1.7383362553777082,0.8668078878440227,0.0010569905462699926,0.04898025918640858,0.015835158929889053,true
11.275,11.504808143063565,0.022618023110878304,0.21853950651636828,0.2381339148023737,-0.00013713873663538637,-0.0039613062723583324,0.001963400728100146,-0.0011637585589988765,-0.0007996421691012694,0.0019659626505388597,0.07229898487760449,1.3074281644597394,18.083631003576258,-2.6635482623479008,1.7469678813292115,0.8678721133963387,0.0010357931314560263,0.0484695715067274,0.015674716147305232,true
11.325000000000001,11.504808143063565,0.022233544899050467,0.21803244147118,0.2374124302213734,-0.00013553059285055486,-0.0039673664854315395,0.0019634161588248963,-0.0011699251946154653,-0.000793490964209431,0.0019325437349822674,0.07211433339029345,1.3067356241234085,18.12033146103094,-2.6799717447378466,1.7555837459083143,0.8689226123902324,0.001014796443368626,0.04795911168731397,0.015514258528299504,true
11.375,11.504808143063565,0.021850442056870995,0.21749002146503243,0.23665650296007912,-0.0001339004857292782,-0.003973424214231736,0.0019632584342255117,-0.0011759410760630933,-0.0007873173581624184,0.001899244366803716,0.07192824899983244,1.30603999100877,18.15753906384976,-2.696576264378155,1.7641832967127333,0.8699595421353961,0.0009940042031910627,0.047448983573214976,0.015353818951302374,true
11.425,11.504808143063565,0.021468837031453573,0.21691242132876393,0.23586633455677236,-0.0001322495037099704,-0.003979479374403397,0.0019629297969164764,-0.0011818071584232942,-0.0007811226384931821,0.0018660751891284239,0.07174074412512725,1.3053413033423542,18.195257370980592,-2.7133632224127773,1.7727659791249353,0.8709830583322393,0.0009734200053155523,0.04693929055502791,0.015193430200092225,true
11.475,11.504808143063565,0.021088850824828025,0.2162998356611729,0.23504214612657437,-0.00013057874497016887,-0.003985531859275838,0.001962432513233244,-0.0011875244291784642,-0.00077490808405478,0.00183304671947466,0.07155183153332824,1.3046395995173565,18.23348992694431,-2.7303340291386706,1.781331236397494,0.871993315073038,0.0009530473152798121,0.046430135508647975,0.015033124944695267,true
11.525,11.504808143063565,0.02071060289068393,0.21565247871626547,0.23418417822670926,-0.00012888931631468872,-0.003991581538577706,0.0019617688718498935,-0.0011930939073964602,-0.0007686749644534334,0.0018001693407786803,0.07136152419587634,1.3039349183922744,18.272240301554866,-2.7474901050257463,1.7898785182642103,0.8729904658327471,0.0009328894640250292,0.04592162037421009,0.014872935603673547,true
11.575000000000001,11.504808143063565,0.02033421103301425,0.21497058426983134,0.23329269070159342,-0.00012718233205934304,-0.003997628257142533,0.0019609411823921646,-0.0011985166429008174,-0.0007624245394913473,0.0017674532925848114,0.0711698358307462,1.30322729803767,18.311511932343965,-2.76483287709541,1.7984072482311022,0.8739746596536622,0.0009129496609232369,0.045413847478818686,0.014712894779227078,true
11.625,11.504808143063565,0.01995979130696262,0.2142544054655386,0.23236796250743014,-0.0001254589128978174,-0.004003671833606528,0.001959951774066519,-0.0012037937154370586,-0.0007561580586294603,0.0017349086624270827,0.07097678010330709,1.3025167775085744,18.35130835200969,-2.782363784381141,1.8069168716125508,0.8749460467436222,0.0008932309703652817,0.044906917447952076,0.014553034571591811,true
11.675,11.504808143063565,0.01958745792196021,0.21350421464129457,0.23141029151763362,-0.00012372018476004043,-0.004009712059100565,0.001958802994298776,-0.0012089262338321625,-0.0007498767604666135,0.0017025453774098618,0.07078237113918111,1.3018033956618043,18.391633039560606,-2.800084274493672,1.815406824677972,0.8759047748567669,0.0008737363244176306,0.04440093046127972,0.014393386992006575,true
11.725,11.504808143063565,0.019217323147379107,0.2127203031358209,0.2304199943088175,-0.00012196727766028065,-0.004015748695937771,0.0019574972073894466,-0.0012139153351509028,-0.0007435818722385439,0.0016703731960072312,0.07058662339481783,1.3010871914183222,18.432489455414895,-2.817995804517845,1.8238765423701346,0.8768509901899744,0.0008544685179894024,0.04389598587066143,0.014233983837613658,true
11.775,11.504808143063565,0.018849497220715647,0.21190298107527283,0.2293974059273889,-0.00012020132453409954,-0.00402178147629883,0.0019560367931903337,-0.001218762183851663,-0.0007372746093386707,0.0016384017000822663,0.07038955165385011,1.3003682037427489,18.473881040434534,-2.8360998410526435,1.8323254584771043,0.877784837393955,0.0008354302076127494,0.04339218214093628,0.01407485667233009,true
11.825000000000001,11.504808143063565,0.018484088258562407,0.2110525771412427,0.22834287963798117,-0.00011842346006836706,-0.004027810100916585,0.0019544241457987886,-0.0012234679709401935,-0.0007309561748585951,0.001606640287148705,0.07019117102336027,1.2996464716233336,18.515811214929002,-2.85439786023782,1.8407530058127044,0.878706459585149,0.0008166239103743945,0.0428896167918782,0.013916036808040164,true
11.875,11.504808143063565,0.018121202170262904,0.2101694383191468,0.22725678665290847,-0.00011663481953058675,-0.0040338342377624885,0.0019526616722598516,-0.0012280339131166686,-0.000724627759143183,0.0015750981628657988,0.06999149693021588,1.2989220340515581,18.55828337757416,-2.8728913477722022,1.8491586163901912,0.8796159983567341,0.000798052002996504,0.04238838634173811,0.013757555286249874,true
11.925,11.504808143063565,0.017760942574523757,0.20925392962811445,0.2261395158433957,-0.0001148365375995972,-0.004039853520736241,0.001950751791274696,-0.0012324612519154555,-0.0007182905393592405,0.0015437843337902262,0.06979054511710261,1.2981949300028692,18.60130090436474,-2.891581798917303,1.8575417216155081,0.8805135937916196,0.0007797167210647651,0.04188858625152602,0.013599442859921937,true
11.975,11.504808143063565,0.017403410718946417,0.20830643383181308,0.22499147343200748,-0.00011302974719650525,-0.004045867548361099,0.001948696931918376,-0.0012367512528393067,-0.0007119456790790693,0.0015127076003817774,0.06958833163821519,1.297465198418218,18.64486714760813,-2.9104707184926655,1.8659017524990718,0.8813993844771899,0.0007616201583975855,0.041390310870009,0.013441729975485985,true
12.025,11.504808143063565,0.01704870540261782,0.20732735113138817,0.22381308266790256,-0.00011121557831887725,-0.0040518758824866765,0.0019464995323637971,-0.001240905204486667,-0.0007055943278771301,0.0014818765502749177,0.06938487285503937,1.2967328781853165,18.68898543482934,-2.929559620860794,1.8742381398640955,0.8822735075193745,0.0007437642665656239,0.040893653380511846,0.013284446755382057,true
12.075000000000001,11.504808143063565,0.01669692290192632,0.20631709884028157,0.22260478348393758,-0.00010939515688362364,-0.004057878047001465,0.0019441620386073167,-0.001244924417670022,-0.0006992376209372948,0.0014512995518306984,0.06918018543144236,1.295998008122281,18.733659067835493,-2.9488500298959903,1.8825503145970854,0.8831360985608178,0.0007261508545515252,0.04039870574774479,0.013127622980549824,true
12.125,11.504808143063565,0.016348156899712245,0.20527611104157345,0.22136703213687914,-0.00010756960356833903,-0.004063873526557072,0.0019416869032152693,-0.0012488102245351174,-0.0006928766786801518,0.001420984747978506,0.06897428632867636,1.2952606269616853,18.778891321752976,-2.9683434789406933,1.890837707905204,0.8839872917992472,0.0007087815885570027,0.039905558666157054,0.012971288073359892,true
12.175,11.504808143063565,0.01600249841781142,0.20420483822839858,0.22010030083138876,-0.00010574003266119698,-0.0040698617653066845,0.0019390765840818231,-0.0012525639776766817,-0.0006865126064051414,0.0013909400503527376,0.06876719280039989,1.2945207733349664,18.82468544400781,-2.9880415107454947,1.8990997515746968,0.8848272200054462,0.0006916579919602417,0.039414301510093105,0.012815471081078033,true
12.225,11.504808143063565,0.015660035753331695,0.20310374692839714,0.21880507732815752,-0.00010390755091601289,-0.0040758421656596384,0.0019363335432088416,-0.0012561870492561315,-0.0006801464939527101,0.0013611731337539413,0.06855892238708607,1.2937784857597938,18.871044653459915,-3.0079456773820383,1.907335878272894,0.8856560145451158,0.000674781445418917,0.03892502228437354,0.012660200659404866,true
12.275,11.504808143063565,0.0153208544185053,0.20197331931181844,0.21748186453681595,-0.000102073256409273,-0.004081814087055034,0.0019334602455159456,-0.00125968083012588,-0.0006737794153900657,0.0013316914309207746,0.06834949291087361,1.2930338026265864,18.917972139349693,-3.028057540138497,1.9155455218231319,0.8864738053973532,0.000658153187126512,0.0384378075777336,0.012505505056898564,true
12.325000000000001,11.504808143063565,0.01498503708423327,0.2008140527848471,0.2161311800944448,-0.00010023823741430046,-0.004087776844756729,0.0019304591576595148,-0.0012630467289498572,-0.0006674124287096577,0.0013025021276228748,0.068138922470062,1.2922867621870444,18.96547106031553,-3.0483786693899946,1.9237281175088754,0.887280721175505,0.0006417743132114896,0.037952742517329704,0.012351412099688583,true
12.375,11.504808143063565,0.014652663527446841,0.19962645956797875,0.21475355592977996,-9.840357128094037e-5,-0.00409372970867209,0.0019273327468828617,-0.0012662861713317046,-0.0006610465755511571,0.0012736121580855019,0.06792722943352822,1.2915374025438615,19.013544543395895,-3.068910644443911,1.931883102385976,0.8880768891481908,0.0006256457782808997,0.03746991072498241,0.012197949176702421,true
12.425,11.504808143063565,0.014323810582192417,0.19841106625990665,0.21334953781372967,-9.657032333521135e-5,-0.004099671902197803,0.001924083479874017,-0.0012694005989392608,-0.0006546828809347563,0.0012450282007378344,0.06771443243521788,1.2907857616411882,19.062195682967257,-3.0896550533590634,1.9400099155931736,0.8888624352595328,0.000609768396108003,0.03698939427550861,0.012045143225523098,true
12.475,11.504808143063565,0.01399855209436951,0.19716841338816876,0.21191968489679303,-9.473954579408175e-5,-0.004105602601094956,0.001920713821641953,-0.0012723914686309295,-0.0006483223530110234,0.0012167566742787852,0.06750055036798949,1.2900318772570714,19.111427539838814,-3.1106134927531044,1.9481079987124372,0.8896374841535654,0.0005941428404416863,0.03651127365559254,0.01189302071837059,true
12.525,11.504808143063565,0.013676958880384206,0.1958990549461005,0.21046456923376314,-9.291227669643125e-5,-0.004111520932396767,0.0019172262344139186,-0.0012752602515857308,-0.0006419659828281877,0.0011888037340831508,0.06728560237770173,1.2892757869964762,19.161243140237364,-3.131787567578607,1.9561767961154812,0.8904021591965375,0.0005787696459605147,0.036035627725194204,0.011741607648862925,true
12.575000000000001,11.504808143063565,0.013359098689414798,0.1946035579171053,0.2089847752960603,-9.108953885877952e-5,-0.004117425973351641,0.001913623176539662,-0.0012780084324301457,-0.0006356147441095162,0.0011611752689217347,0.06706960785680147,1.2885175282857937,19.211645474905314,-3.1531788908880594,1.9642157553487212,0.8911565825021359,0.0005636492093454167,0.03556253367989637,0.01159092951903571,true
12.625,11.504808143063565,0.013045036169736478,0.19328250178757683,0.20748089947322956,-8.927233884782753e-5,-0.0041233167504045945,0.0019099071014232407,-0.0012806375083724555,-0.0006292695930507851,0.0011338768980342832,0.0668525864376116,1.2877571383696997,19.26263749827338,-3.174789083566277,1.9722243275479245,0.8919008749586236,0.0005487817904843891,0.035092067014698206,0.011441011326783193,true
12.675,11.504808143063565,0.012734832838838497,0.19193647804823813,0.20595354956379547,-8.746166597651589e-5,-0.004129192238220071,0.0019060804564752756,-0.0012831489883414122,-0.0006229314681338635,0.001106913968532064,0.06663455798580589,1.2869946543080353,19.314222127536038,-3.19661977404184,1.98020196784578,0.8926351562544026,0.0005341675138053969,0.03462430149028677,0.01129187755406632,true
12.725,11.504808143063565,0.012428547057580739,0.19056608968501443,0.20440334425586215,-8.565849132328712e-5,-0.004135051358749231,0.0019021456820891415,-0.0012855443921313064,-0.0006166012899578351,0.00108029155315155,0.06641554259321143,1.2862301129762452,19.366402241931173,-3.2186725979651176,1.9881481358335296,0.8933595449076543,0.0005198063697296529,0.03415930910002655,0.011143552155304508,true
12.775,11.504808143063565,0.012126234008235641,0.18917195066041206,0.20283091259951885,-8.386376677627937e-5,-0.004140892980344949,0.0018981052106425737,-0.001287825249554601,-0.0006102799610879727,0.00105401444834582,0.06619556057122007,1.2854635510648404,19.41918068178915,-3.240949197859559,1.9960622959917285,0.8940741582921593,0.0005056982162542332,0.03369716004032532,0.0109960585468332,true
12.825000000000001,11.504808143063565,0.011827945676438268,0.18775468538554724,0.20123689346996668,-8.207842410922016e-5,-0.004146715916927712,0.0018939614655142927,-0.001289993099597271,-0.0006039683659170216,0.0010280871727156552,0.06597463244334417,1.2846950050827248,19.472560247849184,-3.2634512227433583,2.0039439181881775,0.8947791126682774,0.000491842780643059,0.033237922681375265,0.01084941959643615,true
12.875,11.504808143063565,0.011533730837051743,0.1863149281836346,0.1996219350230028,-8.030337408426367e-5,-0.00415251892720546,0.00188971686012701,-0.0012920494895828634,-0.0005976673705441467,0.0010025139657809604,0.06575277893789022,1.2839245113612934,19.526543700519223,-3.286180327721366,2.011792478177771,0.8954745232130061,0.0004782396612350874,0.03278166354029757,0.010703657613624521,true
12.925,11.504808143063565,0.011243635043712895,0.18485332274572974,0.19798669414347814,-7.853950558606707e-5,-0.004158300713951337,0.001885373797011907,-0.0012939959743432565,-0.0005913778226686506,0.0009772987870720698,0.06553002098054522,1.2831521060588542,19.5811337591331,-3.3091381735636,2.0196074581196397,0.896160504050521,0.00046488832935536514,0.03232844725625128,0.010558794340522764,true
12.975,11.504808143063565,0.010957700622174492,0.18337052157939815,0.19633183588700798,-7.678768479312758e-5,-0.004164059923342396,0.001880934666885741,-0.0012958341153919925,-0.0005851005514937485,0.0009524453155510521,0.0653063796863783,1.2823778251677815,19.636333101393184,-3.3323264262589403,2.0273883471477587,0.896837168286307,0.00045178813132615785,0.03187833656655743,0.010414850943046276,true
13.025,11.504808143063565,0.010675966667295984,0.18186718545077013,0.19465803291586098,-7.504875437943859e-5,-0.004169795144362847,0.0018764018477581863,-0.0012975654801093512,-0.0005788363676488351,0.000927956949350146,0.06508187635181527,1.2816017045215782,19.69214436279589,-3.355746756559674,2.035134641955305,0.8975046280412506,0.00043893829057450954,0.03143139228495838,0.010271848002745547,true
13.075000000000001,11.504808143063565,0.010398469043769377,0.1803439828211654,0.19296596493007348,-7.332353275269e-5,-0.004175504908275554,0.0018717777040627571,-0.0012991916409362894,-0.0005725860631264677,0.0009038368058348528,0.06485653244643338,1.280823779803017,19.74857013610589,-3.379400839506891,2.0428458474070292,0.8981629944869148,0.00042633790983644283,0.03098767328171909,0.010129805509219013,true
13.125,11.504808143063565,0.010125240390404733,0.17880158927892975,0.1912563180944033,-7.161281333001945e-5,-0.004181187688165154,0.0018670645858122241,-0.0013007141745780173,-0.0005663504112342068,0.0008800877219764334,0.06463036960452477,1.2800440865526048,19.805612970887125,-3.403290353951435,2.0505214771843234,0.8988123778823239,0.00041398597344800196,0.030547236465470393,0.009988742853065582,true
13.175,11.504808143063565,0.009856310128176431,0.17724068696722384,0.18952978446192148,-6.991736385263665e-5,-0.00418684189855621,0.0018622648277804939,-0.0013021346612186605,-0.0005601301665618334,0.00085671225505129,0.06440340961650319,1.2792626601784038,19.863275373088268,-3.4274169820511,2.058161054458258,0.8994528876117798,0.0004018813497296966,0.03011013676695689,0.009848678819427983,true
13.225,11.504808143063565,0.00959170447185179,0.17566196400863077,0.18778706139517592,-6.82379257412133e-5,-0.004192465895109681,0.0018573807487112103,-0.0013034546837474752,-0.0005539260649637351,0.000833712683651729,0.0641756744202499,1.2784795359660919,19.921559804639656,-3.451782408756578,2.0657641125857444,0.9000846322232537,0.0003900227934565284,0.029676427124853386,0.009709631582185008,true
13.275,11.504808143063565,0.009331446445270548,0.1740661139273549,0.18602885098567426,-6.657521349235001e-5,-0.004198057974400972,0.0018524146505552515,-0.0013046758269981526,-0.0005477388235570989,0.0008110910090140553,0.06394718609237117,1.2776947490898802,19.980468683082645,-3.4763883212781517,2.0733301958315487,0.9007077194675532,0.0003784089484133076,0.02924615847358775,0.00957161869877201,true
13.325000000000001,11.504808143063565,0.009075555900041356,0.17245383506957646,0.1842558594720895,-6.492991412241733e-5,-0.00420361637378272,0.001847368817723515,-0.0013057996769947622,-0.0005415691407287529,0.0007888489566436756,0.06371796683915094,1.2769083346241228,20.040004381300154,-3.5012364085478085,2.0808588601333113,0.9013222563396246,0.00036703835002412875,0.028819379732758013,0.009434657105497294,true
13.375,11.504808143063565,0.00882404953782885,0.17082583002271512,0.182468796657954,-6.33026866566239e-5,-0.004209139271335293,0.0018422455163629903,-0.001306827820208668,-0.0005354176961543224,0.0007669879782522937,0.0634880389872113,1.2761203275567579,20.100169227369157,-3.526328360659231,2.0883496739099843,0.9019283491219056,0.00035590942806004174,0.02839613779818783,0.009298763113367086,true
13.425,11.504808143063565,0.008576940935836629,0.1691828050342764,0.18066837532951313,-6.16941616630177e-5,-0.004214624785908002,0.001837046993659711,-0.0013077618428286256,-0.0005292851508310855,0.000745509253972897,0.06325742497388112,1.2753307628022412,20.16096550450517,-3.5516658683233517,2.0958022189157837,0.9025261034297886,0.00034502050940803846,0.027976477534606536,0.009163952404422318,true
13.475,11.504808143063565,0.008334240575538655,0.16752546943097818,0.1788553106745766,-6.010494083586952e-5,-0.004220070977254359,0.0018317754771604478,-0.0013086033300403511,-0.0005231721471200966,0.0007244136948570936,0.0630261473374629,1.274539675214097,20.222395451046513,-3.5772506223284393,2.1032160911267277,0.9031156242580599,0.00033436982090550194,0.02756044177029483,0.009030240028698826,true
13.525,11.504808143063565,0.008095955874503409,0.16585453503911862,0.17703031970302613,-5.853559662349738e-5,-0.00422547584626404,0.0018264331741296971,-0.001309353865324216,-0.0005170793088054811,0.0007037019456412745,0.06279422870699146,1.2737470995970808,20.284461260613632,-3.603084313029048,2.1105909016944358,0.9036970160309962,0.000323955492226379,0.027148071292966782,0.008897640401574203,true
13.575000000000001,11.504808143063565,0.007862091221250377,0.16417071560646668,0.17519412066982093,-5.698667190701061e-5,-0.004230837335294865,0.0018210222709276486,-0.0013100150297643688,-0.0005110072411632798,0.0006833743877763454,0.06256169179227514,1.2729530707165577,20.34716508215874,-3.629168629859161,2.117926277905061,0.9042703826510817,0.0003137755588263943,0.026739404848259138,0.008766167301954828,true
13.625,11.504808143063565,0.007632648012986081,0.16247472622703957,0.17334743250112494,-5.5458679728242574e-5,-0.004236153328607092,0.001815544932415468,-0.0013105884013727377,-0.0005049565310427304,0.0006634311427077493,0.06232855937318064,1.2721576233071934,20.410509020277313,-3.655505260897221,2.1252218642309266,0.9048358275532127,0.00030382796492857254,0.026334479139000787,0.008635833870702566,true
13.675,11.504808143063565,0.007407624696247505,0.16076728276929542,0.17149097422490042,-5.39521030647535e-5,-0.0042414216529029145,0.0018100033014003347,-0.0013110755544346476,-0.0004989277469656871,0.0006438720754082006,0.06209485428934051,1.2713607920771732,20.474495135346842,-3.6820958924784213,2.1324773233827745,0.9053934537570345,0.0002941105665600655,0.02593332882727478,0.008506652609966858,true
13.725,11.504808143063565,0.00718701681038054,0.1590491013080061,0.16962546440575121,-5.2467394659267686e-5,-0.004246640077973076,0.0018043994980982546,-0.0013114780588653926,-0.000492921439232862,0.0006246967981568391,0.06186059942963445,1.27056261171023,20.539125443740275,-3.7089422088570574,2.1396923374123302,0.905943363921321,0.0002846211346330147,0.02553598653811344,0.008378635383038907,true
13.775,11.504808143063565,0.006970817033763524,0.15732089756113585,0.16775162058515786,-5.100497690021108e-5,-0.004251806317452427,0.0017987356196238178,-0.001311797479582729,-0.0004869381400410889,0.0006059046745569888,0.0616258177211307,1.269763116865605,20.60440191822752,-3.7360458919387254,2.1468666088979065,0.9064856604027649,0.00027535735806077103,0.025142482864296666,0.008251793414555274,true
13.825000000000001,11.504808143063565,0.006759015232830553,0.15558338633221175,0.1658701587280673,-4.956524175394582e-5,-0.004256918029686009,0.001793013739509447,-0.001312035375896946,-0.00048097836361250096,0.0005874948237972723,0.06139053211824503,1.2689623421741127,20.67032648829219,-3.7634086210701496,2.1539998621529066,0.9070204453144618,0.00026631684691815605,0.02475284637349398,0.00812613729146034,true
13.875,11.504808143063565,0.0065515985136752435,0.15383728095838584,0.16398179267562019,-4.814855075020606e-5,-0.004261972818706612,0.0017872359072493595,-0.001312193300916494,-0.0004750426063328654,0.00056946612513702,0.06115476559150193,1.2681603222310163,20.736901040582843,-3.7910320729150206,2.1610918445063345,0.9075478205877706,0.0002574971356322191,0.02436710361669037,0.008001676964380474,true
13.925,11.504808143063565,0.00634855127639302,0.15208329276561616,0.16208723360560337,-4.675523501938202e-5,-0.0042669682353245544,0.0017814041478712355,-0.0013122728009710327,-0.0004691313469002028,0.000551817222629711,0.06091854111614313,1.2673570915862742,20.804127419434057,-3.8189179213957987,2.1681423276436975,0.9080678880365356,0.0002488956862100749,0.023985279138289177,0.007878421749537888,true
13.975,11.504808143063565,0.006149855271833262,0.15032213053108262,0.16018718950068872,-4.53855953823618e-5,-0.00427190177833018,0.0017755204615340682,-0.001312275415051523,-0.0004632450464825452,0.00053454653005588,0.06068188166053675,1.2665526847300481,20.872007427444778,-3.847067837742574,2.175151109011969,0.9085807494238363,0.00024050989149155278,0.023607395487771164,0.007756380331169539,true
14.025,11.504808143063565,0.005955489660816165,0.14855449995347814,0.15828236462515385,-4.403990249257682e-5,-0.004276770895809031,0.0017695868231521691,-0.0013122026742676837,-0.0004573841488844854,0.0005176522360702578,0.0604448101744637,1.265747136073964,20.940542826102018,-3.8754834906405486,2.1821180132851343,0.9090865065309014,0.00023233707842897127,0.023233473233003368,0.0076355607644811125,true
14.075000000000001,11.504808143063565,0.005765431075630659,0.1467811031317691,0.1563734590105569,-4.2718397028307895e-5,-0.004281572986569523,0.0017636051820488173,-0.0013120561013249415,-0.0004515490807238758,0.000501132309547181,0.060207349577143784,1.2649404799271555,21.0097353364872,-3.904166546505461,2.1890428939053335,0.9095852612291808,0.0002243745113853334,0.022863530974940996,0.007515970479054544,true
14.125,11.504808143063565,0.005579653683634821,0.14500263805274052,0.15446116795073966,-4.142128993713986e-5,-0.004286305401682513,0.0017575774616267502,-0.0013118372100148087,-0.0004457402516119416,0.0004849845051087518,0.05996952274510334,1.264132750465625,21.079586640012817,-3.933118669910278,2.195925634692932,0.9100771155549578,0.00021661939544637783,0.02249758536384407,0.007397616282751731,true
14.175,11.504808143063565,0.005398129253205077,0.1432197980888628,0.15254618150756388,-4.014876273164814e-5,-0.004290965446131211,0.0017515055590474591,-0.0013115475047149796,-0.00043995805433247955,0.00046920636885715446,0.05973135249964155,1.2633239816983037,21.150098379337468,-3.9623415241286652,2.202766151558544,0.9105621717887318,0.00020906887975267636,0.022135651116628064,0.007280504365984467,true
14.225,11.504808143063565,0.005220827220577316,0.1414332714986749,0.15062918401889663,-3.8900967835160055e-5,-0.004295550380570834,0.0017453913448739291,-0.0013111884798766354,-0.0004342028649972937,0.0004537952441844966,0.05949286159272401,1.2625142074211146,21.22127215974295,-3.991836772025939,2.2095643943602385,0.9110405325421785,0.00020172006079708602,0.021777741033563426,0.007164640305781237,true
14.275,11.504808143063565,0.0050477147621403266,0.1396437409595174,0.1487108536392476,-3.76780290011643e-5,-0.004300057423191831,0.0017392366625676055,-0.0013107616194445596,-0.0004284750431230459,0.0004387482780565685,0.05925407269210276,1.2617034612014664,21.293109551432117,-4.021606076543886,2.2163203490872125,0.9115123008649303,0.00019456998584878242,0.021423866015852746,0.007050029070084419,true
14.325000000000001,11.504808143063565,0.004878756851433167,0.13785188298792836,0.14679186175830572,-3.648004174219264e-5,-0.004304483751698912,0.001733043327677908,-0.001310268396127834,-0.00042277493155007395,0.0004240624259670639,0.05901500834744638,1.26089177625518,21.36561209704107,-4.05165110436126,2.223034040822537,0.9119775804014161,0.00018761565571187003,0.02107403505719728,0.0069366750136868995,true
14.375,11.504808143063565,0.004713916380011898,0.13605836781159047,0.14487287288899175,-3.530707409668373e-5,-0.004308826505340299,0.0017268131261866182,-0.0013097102702553506,-0.0004171028559312676,0.0004097344624433389,0.05877569098581433,1.2600791858517597,21.43878131787312,-4.081973518714494,2.229705537943658,0.912436475626617,0.000180854029750364,0.02072825528347617,0.006824581889137769,true
14.425,11.504808143063565,0.004553154018354643,0.13426385725828915,0.14295454244322586,-3.4159166459366984e-5,-0.00431308278722565,0.001720547812290072,-0.0013090886883390656,-0.00041145912395100645,0.0003957609689562544,0.05853614266745602,1.2592657218341268,21.512618776198128,-4.112575021102523,2.2363349612296894,0.9128890924062655,0.0001742820209596591,0.020386531647744212,0.0067137527474262606,true
14.475,11.504808143063565,0.004396429098113512,0.13246901070090328,0.1410375230041389,-3.303633589866108e-5,-0.004317249665957039,0.0017142491009015087,-0.001308405079052835,-0.00040584402184867373,0.0003821384106056728,0.05829638564514138,1.2584514212666824,21.587125982853554,-4.143457198249975,2.2429224901855354,0.9133355383456488,0.00016789652917183933,0.020048867801516417,0.006604190212836401,true
14.525,11.504808143063565,0.004243696401117512,0.13067445692520674,0.13912243448838651,-3.19385624777416e-5,-0.0043213241803922425,0.0017079186723611903,-0.0013076608550866183,-0.000400257817274572,0.00036886285702001086,0.058056439103175636,1.2576363014586998,21.66230517899449,-4.174622182917229,2.24946841980793,0.9137759265056352,0.00016169431961324238,0.019715261540936703,0.006495895022092967,true
14.575000000000001,11.504808143063565,0.004094919141426481,0.1288809075719281,0.13720998416355618,-3.0865851150109476e-5,-0.004325303332457524,0.0017015581025500398,-0.0013068573786233053,-0.00039470072392673453,0.0003559311107587112,0.05781633161098113,1.2568204627005977,21.738156463421973,-4.206069989629278,2.25597303672445,0.9142103669388049,0.00015567251252327866,0.0193857223608198,0.006388871645635676,true
14.625,11.504808143063565,0.003950017833712526,0.12708867879315053,0.13530045958570025,-2.9817980285282733e-5,-0.004329184127047198,0.001695169116233625,-0.0013059960846838734,-0.00038917303154975156,0.00034333626294272935,0.057576045440619686,1.2560036875884197,21.814691821510788,-4.23780950123125,2.2624374441516606,0.9146390212811394,0.00014982664352697735,0.01906019479842359,0.006283103647026453,true
14.675,11.504808143063565,0.003809071866448313,0.12529968013620754,0.1333958371199661,-2.879554991472548e-5,-0.004332963428956139,0.001688752323441138,-0.0013050778611689157,-0.0003836744622722223,0.000331085214032436,0.057335751404573275,1.255187021369892,21.89187358011627,-4.269813731098692,2.2688600138419495,0.9150618681355179,0.00014415832931564612,0.018738877737748662,0.006178656515524988,true
14.725,11.504808143063565,0.0036715284933817034,0.12350911565665537,0.13149097600500959,-2.7795631966562696e-5,-0.004336638527418576,0.0016823129137881138,-0.0013041058468585198,-0.000378207066929594,0.0003191299192238445,0.05709479767903452,1.2543666482789124,21.96989391801491,-4.302201981727756,2.2752536278995494,0.9154798326582874,0.00013864503399671054,0.01842087147188467,0.006075240893017205,true
14.775,11.504808143063565,0.0035392965163005977,0.12174005555535794,0.12961032969089625,-2.682953567068071e-5,-0.004340204986916086,0.0016758344206628001,-0.0013030725088793377,-0.0003727619117834624,0.0003076362919128292,0.05685603961506397,1.2535573764166397,22.047919357445195,-4.334502108340053,2.2815652042710326,0.9158895478085266,0.0001333588529554021,0.018109885258116815,0.00597405928439608,true
14.825000000000001,11.504808143063565,0.0034047587362935174,0.11989945743341511,0.12765491752655167,-2.584428816604306e-5,-0.0043436648253316395,0.0016693986786666909,-0.0013020188449982795,-0.00036737983366841136,0.00029594224379537364,0.056607251900267254,1.2527039198649788,22.129742706323896,-4.3686289624289945,2.2880541652215207,0.9163078147569869,0.00012800115341774263,0.0177901076951956,0.005869981455989391,true
14.875,11.504808143063565,0.0032977340733102477,0.11837758624309208,0.12604005801465556,-2.4971527493359978e-5,-0.004346996142395414,0.0016626389475337953,-0.0013007640095599972,-0.0003618749379737981,0.00028663964077475774,0.05640098459042333,1.2520049909710245,22.19828253111046,-4.396997868563524,2.2935196984844968,0.9166578023297556,0.00012371076523697504,0.017528319963965453,0.005784732984644715,true
14.925,11.504808143063565,0.0030966086441637447,0.11554852262586165,0.12303449943409223,-2.405251081126409e-5,-0.004350271078881356,0.0016558049827241897,-0.0012994242085117614,-0.0003563807742124282,0.00026915778217742294,0.05601158011598573,1.2507042584887,22.32938717134581,-4.450789300981545,2.303580116180388,0.9172965566293161,0.00011596561395034235,0.01704223750578908,0.005626342302294027,true
14.975,11.504808143063565,0.0029806169714190166,0.11378551827772809,0.1211665817052979,-2.298659219889458e-5,-0.004353424608696866,0.0016497545663085502,-0.001298437140162697,-0.0003513174261458533,0.00025907576505011765,0.05577242152437808,1.2498635293603126,22.410063884602867,-4.484949080619584,2.3095532789730013,0.9176724840074434,0.0001113220622825191,0.016748742503304184,0.00553069200364819,true
