r,tau,Dtau,Sr,E,nur,Pi,piR,piEta,piPhi,D,T,mu,alpha,phi,ur,v,n,e,P,ok
0.024999999999999994,6.404803043058722,0.17539695445277087,0.0,1.161136949714299,-4.551236235555736e-6,-0.006669483384304689,0.003070785084763621,-0.012406963637827917,0.009336178553064296,0.027385222195530166,0.1596524822514809,1.3917303783040884,8.717248605705151,-0.6781580854181006,0.0,0.0,0.0273852221955303,1.161136949714309,0.37528108610137634,true
0.07499999999999998,6.404803043058722,0.17451480434843558,0.01504640822934451,1.1533051770039255,-1.366666368520264e-5,-0.006678218542131555,0.0018846987357452449,-0.010453412244858127,0.008568713509112882,0.027247489606658237,0.15937480473090088,1.3915740621909425,8.73145579403576,-0.6803204433230908,0.009891697389613745,0.00989121349520858,0.027246291853211802,1.1531563497678006,0.3726776525501048,true
0.125,6.404803043058722,0.17484582975512164,0.023948739151095848,1.1562508768190596,-2.2731944938682887e-5,-0.006677686470958101,0.004131649168603544,-0.010693664690589893,0.006562015521986349,0.02729917353892916,0.1594694109577123,1.3916424488507444,8.726704641931464,-0.6794880002283923,0.01568269485394988,0.015680766654386936,0.027296173494750282,1.155875342228774,0.37356354467248365,true
0.175,6.404803043058722,0.17472969754843637,0.03393661151911129,1.1554860285926254,-3.1900120741618495e-5,-0.006677821763715827,0.004684895613100771,-0.010641563855114588,0.005956668242013817,0.027281041489293206,0.15942964890338607,1.391612577063463,8.728693731909154,-0.6798448323888576,0.02223446179075438,0.02222896778793695,0.027275009438289723,1.154731652748347,0.37319099026354086,true
0.22499999999999998,6.404803043058722,0.1746520394864299,0.04350850856700375,1.1553202991269935,-4.098409000939483e-5,-0.006677235860483258,0.005066268733333778,-0.010681223162733927,0.005614954429400149,0.02726891651659937,0.15940724380615895,1.3915718897405434,8.729665330847267,-0.6801956276924684,0.028510169876012424,0.028498589977254733,0.02725900828874689,1.1540803679808331,0.37298053587514524,true
0.275,6.404803043058722,0.17453158275222275,0.05319890328573745,1.1550490989412534,-5.010482749626444e-5,-0.006676485621175322,0.005219000049757573,-0.010689673427223927,0.005470673377466354,0.02725010926625969,0.15937688978594958,1.391504813496361,8.730907067926946,-0.6807460394625153,0.03487630652052307,0.03485511483551236,0.02723529679098988,1.1531948450581213,0.3726952325288458,true
0.325,6.404803043058722,0.17440658701165593,0.06282640625184072,1.154952372920524,-5.919574475629837e-5,-0.006675448723734115,0.005319389037196158,-0.010708227626115943,0.005388838588919784,0.027230593328029195,0.159348657314399,1.3914230218455215,8.731940672083656,-0.6813799374553459,0.04120488540096321,0.04116995017607111,0.027209941111913234,1.152365812905412,0.37242948915689783,true
0.375,6.404803043058722,0.17426806753839677,0.0724602090382573,1.1548974789137993,-6.830714182969065e-5,-0.006674209652477739,0.005374915430157613,-0.010722335471747538,0.005347420041589925,0.027208965891193447,0.15931770266537745,1.3913295045761067,8.733050259319784,-0.6820993122913597,0.04754560853127052,0.047491959031460924,0.027181504225713905,1.1514562016347616,0.37213818239004476,true
0.42500000000000004,6.404803043058722,0.17412119489597352,0.08207604653320046,1.1548984792818642,-7.741689354383391e-5,-0.006672760865957056,0.005415918999887267,-0.010738005947464038,0.005322086947576771,0.027186034250448864,0.15928456172085656,1.3912278191560596,8.734228880223574,-0.6828796191470314,0.053881890353123685,0.053803843736650106,0.02715081522967776,1.1504824724996967,0.3718264487476721,true
0.475,6.404803043058722,0.17396256864115556,0.09168105819693029,1.1549256642298267,-8.653862977666687e-5,-0.006671115516357365,0.005448173804180846,-0.010753964970657809,0.005305791166476963,0.027161267484983705,0.1592481806383832,1.3911173090345832,8.73553031160524,-0.683729575615466,0.06022024470708633,0.06011134711132414,0.027117343713160158,1.1494145923170458,0.37148449425062086,true
0.525,6.404803043058722,0.17378887724158776,0.10127047723520406,1.1549734133760832,-9.565534923284413e-5,-0.006669272251847706,0.0054779300010823085,-0.010771231600615558,0.00529330159953325,0.027134148555892506,0.1592084162368892,1.390995295467429,8.736945749135153,-0.6846667224575672,0.06655846788090275,0.06641152791938358,0.027080583565630856,1.1482478862498025,0.37111097693273626,true
0.5750000000000001,6.404803043058722,0.17359575533084876,0.1108435701049668,1.1550332836690878,-0.00010474945930214551,-0.006667231005413478,0.005507204507641488,-0.010789778585842,0.005282574078200512,0.02710399588617875,0.159165018580623,1.3908583507342536,8.7384675548524,-0.6857137971586522,0.07289740491582926,0.07270448390926394,0.02703986149608179,1.146974459109989,0.3707035521940002,true
0.625,6.404803043058722,0.17338101825494068,0.12039816561321312,1.1551018569832747,-0.00011377830945639331,-0.006664990491937403,0.00553745359839099,-0.010809797252507138,0.005272343654116148,0.027070468379639608,0.1591179056136181,1.3907046337445992,8.740088856634472,-0.6868828862089219,0.0792367763082202,0.07898919877413832,0.026994845117086524,1.1455917023476678,0.3702614929287421,true
0.675,6.404803043058722,0.17314591766802592,0.12993267332066838,1.155176768288141,-0.00012270176906927426,-0.006662551247244353,0.005569311758513557,-0.010831327893856647,0.00526201613534309,0.027033761460576806,0.15906699779091635,1.3905354347976797,8.74182233970023,-0.6881664124082145,0.08557670491592938,0.08526506055045306,0.02694573678652263,1.144098051030043,0.3697841900740021,true
0.725,6.404803043058722,0.1728936495990233,0.1394453076935915,1.1552570401070943,-0.00013158112947883718,-0.0066599149684668235,0.005603169212199649,-0.01085441967176333,0.00525125045956368,0.02699437413401787,0.15901224862030908,1.3903538067094754,8.743689991010536,-0.6895455805567458,0.09191712531665035,0.09153127579383816,0.026893050436116835,1.1424934331905163,0.3692713986212694,true
0.775,6.404803043058722,0.17262548979619824,0.14893433401213563,1.1553417460768851,-0.00014051230490734175,-0.006657083598204258,0.005639163999948094,-0.010879063629929967,0.005239899629981873,0.026952505586144926,0.1589536335253872,1.3901610232689126,8.745701450397382,-0.6910126827238874,0.09825801427716656,0.09778709868807078,0.026837006285923694,1.1407778896588971,0.36872303768028686,true
0.8250000000000001,6.404803043058722,0.17234077215618132,0.15839804741446362,1.1554298845105364,-0.00014943704291187917,-0.006654058594554216,0.005677323121762778,-0.010905228671012918,0.00522790554925014,0.026908051816356412,0.15889114669546617,1.3899564488491525,8.747853343353169,-0.6925719490322461,0.10459937855037789,0.10403181912173563,0.026777509757065148,1.1389514474927949,0.36813915735094704,true
0.8750000000000001,6.404803043058722,0.17203911817000483,0.16783477269811298,1.1555205253808651,-0.00015834714601413094,-0.006650841101683964,0.005717642140048216,-0.010932884861405865,0.005215242721357649,0.02686095372697747,0.1588247830456752,1.3897397315714874,8.75014405762999,-0.694225840036587,0.11094124690885734,0.11026475499038565,0.026714516005193978,1.1370142652906015,0.3675198302387248,true
0.9249999999999999,6.404803043058722,0.17172043002069204,0.1772428146637658,1.1556128403988848,-0.00016724350729307023,-0.006647432088888426,0.0057601050754872,-0.010962005570786009,0.005201900495298809,0.026811196045567084,0.15875453996123257,1.3895107757963083,8.752573476863233,-0.6959752094691141,0.11728363011527417,0.11648521312774862,0.02664802561980272,1.1349666733575934,0.3668651667057755,true
0.975,6.404803043058722,0.1713846921467143,0.1866204824157829,1.1557060076917491,-0.0001761264831035661,-0.006643832423159218,0.005804680004943531,-0.01099256096221646,0.005187880957272928,0.026758776342459805,0.15868041565455443,1.3892695583000436,8.755141915713585,-0.6978204666479786,0.12362654370671343,0.1226925121239296,0.026578052770501938,1.1328090718905983,0.3661752946101407,true
1.025,6.404803043058722,0.17103190406301894,0.1959660811819366,1.155799197979439,-0.00018499531973332003,-0.006640042879608114,0.005851327417563291,-0.011024519702024933,0.005173192284461642,0.026703694541922986,0.15860240938429582,1.389016065472462,8.757849712779942,-0.6997619705676884,0.12997000226441763,0.12888597703984742,0.026504614672114186,1.1305419181399128,0.36545035955805016,true
1.0750000000000002,6.404803043058722,0.1706620708634462,0.20527791360184,1.1558915589930723,-0.0001938489368681145,-0.006636064153948587,0.005900002641434419,-0.011057848868318043,0.005157846226883624,0.026645951439272307,0.15852052094279837,1.3887502861120626,8.76069721353735,-0.7018000775311701,0.13631402131882803,0.13506494161506574,0.026427730157578593,1.1281657095779263,0.3646905199013022,true
1.125,6.404803043058722,0.1702752042322614,0.2145542777748306,1.1559822120998073,-0.00020268617849692312,-0.006631896871816284,0.005950658036124097,-0.01109251434823032,0.005141856312106224,0.02658554885880512,0.15843475051844494,1.3884722128120857,8.763684786756679,-0.7039351330624294,0.142658616050249,0.141228747329282,0.026347419844680878,1.125680980215958,0.3638959454358342,true
1.1750000000000003,6.404803043058722,0.16987132240682934,0.22379346701791863,1.1560702488745247,-0.00021150586099345127,-0.006627541598275,0.006003243740545566,-0.011128480847657808,0.005125237107112242,0.02652248964797275,0.1583450985513247,1.3881818422533114,8.76681283445826,-0.7061674707313075,0.14900380135706096,0.14737674379578805,0.02626370611461113,1.1230882964232072,0.36306681601516727,true
1.225,6.404803043058722,0.16945044938085557,0.2329937693632286,1.156154729843522,-0.00022030675944058147,-0.006622998845808588,0.0060577081738959,-0.01116571195422102,0.00510800378032512,0.026456777552980246,0.1582515656792653,1.3878791745379249,8.770081790854407,-0.708497416634189,0.1553495915676635,0.15350828879997236,0.02617661296594229,1.1203882550081756,0.3622033209725202,true
1.275,6.404803043058722,0.1690126141398513,0.24215346736498145,1.1562346837436857,-0.0002290876018403179,-0.0066182690814061695,0.006113998260065669,-0.011204170159000978,0.005090171898935309,0.02638841709941739,0.1581541526988255,1.3875642125130985,8.773492120408944,-0.71092529388725,0.16169600035524853,0.15962274852733754,0.026086165873463928,1.1175814817182599,0.3613056586803733,true
1.3250000000000002,6.404803043058722,0.1685578501672238,0.25127083793778415,1.15630910743159,-0.0002378470666938964,-0.0066133527327462485,0.006172059571824107,-0.011243816890480105,0.005071757318655998,0.026317413515143183,0.1580528605468457,1.3872369612953814,8.777044316032576,-0.7134514257728125,0.16804304061331954,0.16571949774498765,0.025992391689032928,1.1146686303716,0.3603740363029153,true
1.375,6.404803043058722,0.16808619514970463,0.2603441522918921,1.1563769660816887,-0.00024658378234730205,-0.006608250193679263,0.006231836412554197,-0.011284612545570966,0.00505277613301677,0.02624377268429354,0.15794769028915362,1.386897427960771,8.780738897933794,-0.716076137816089,0.17439072436908032,0.17179792001103775,0.025895318572880976,1.1116503822321866,0.35940866961653134,true
1.4250000000000003,6.404803043058722,0.16759769080586234,0.26937167592171773,1.1564371936120952,-0.0002552963256177647,-0.006602961829073578,0.0062932718753614635,-0.011326516524235131,0.0050332446488736676,0.02616750112050647,0.1578386431154385,1.3865456213315261,8.784576412744805,-0.7187997592294093,0.1807390627006475,0.17785740787865228,0.025794975943273707,1.1085274455782188,0.35840978288685815,true
1.475,6.404803043058722,0.16709238278861926,0.27835166865232885,1.1564886932470646,-0.0002639832198746727,-0.006597487979094381,0.006356307891029894,-0.011369487266142795,0.0050131793751129,0.02608860595170175,0.1577257203373259,1.3861815518214788,8.788557432845263,-0.7216226239772382,0.18708806566763075,0.18389736310360563,0.02569139443685784,1.1053005553682795,0.3573776087738601,true
1.525,6.404803043058722,0.16657032063709387,0.2872823847362973,1.156530338183366,-0.000272642932684706,-0.006591828962962634,0.006420885275722944,-0.011413482290874827,0.004992597015151883,0.02600709491256196,0.15760892338870985,1.3858052313196403,8.792682555808328,-0.7245450715929447,0.1934377422499279,0.1899171968501004,0.025584605875889458,1.1019704729721953,0.35631238825550815,true
1.5750000000000002,6.404803043058722,0.16603155776239947,0.29616207299912145,1.1565609723330534,-0.00028127387327277746,-0.0065859850822393776,0.0064869437826839,-0.011458458241736124,0.004971514459052224,0.025922976342315173,0.15748825382753784,1.3854166731001825,8.796952403938162,-0.7275674478256353,0.1997881002944616,0.19591632989430172,0.025474643239999133,1.0985379859400621,0.3552143705622216,true
1.625,6.404803043058722,0.1654761514575917,0.3049889770280703,1.1565794111244232,-0.00028987438991918296,-0.006579956623681306,0.006554422159513797,-0.01150437093292526,0.0049499487734114625,0.025836259186288072,0.1573637133384826,1.3850158917514193,8.801367623883593,-0.730690105165826,0.20613914646721185,0.20189419282282087,0.02536154064101574,1.0950039077911033,0.35408381311659326,true
1.6750000000000003,6.404803043058722,0.16490416292468962,0.3137613353992812,1.1565844423481049,-0.00029844276735554293,-0.006573743861710453,0.006623258209881956,-0.011551175398976609,0.004927917189094653,0.025746953000124865,0.15723530373610425,1.384602903118385,8.80592888631571,-0.7339134032856358,0.21249088620808,0.2078502262236228,0.025245333299780032,1.09136907780951,0.3529209814745682,true
1.725,6.404803043058722,0.16431565731390022,0.3224773819385084,1.1565748270387548,-0.00030697722420037403,-0.0065673470605428184,0.006693388857369746,-0.011598825945068704,0.004905437087698958,0.02565506795591149,0.1571030269683401,1.3841777242553577,8.810636885655306,-0.737237709417166,0.21884332368603032,0.2137838808668273,0.025126057524269194,1.0876343608414882,0.351726149266444,true
1.775,6.404803043058722,0.16371070377190466,0.33113534601417216,1.1565493003889267,-0.00031547591047843414,-0.006560766476013516,0.006764750209546739,-0.011647276197114292,0.0048825259875675524,0.0255606148497147,0.15696688512015383,1.3837403733858247,8.815492339843589,-0.7406633986855367,0.2251964617542363,0.21969461787507735,0.025003750688548217,1.083800647088015,0.35049959813606496,true
1.8250000000000002,6.404803043058722,0.16308937549672026,0.3397334528641017,1.156506572695442,-0.0003239369053038778,-0.006554002357132053,0.006837277621743813,-0.011696479151304538,0.004859201529560725,0.0254636051101478,0.15682688041742465,1.3832908698677426,8.82049599013798,-0.74419085440974,0.2315503019054587,0.2255819088836373,0.024878451212224977,1.079868851894747,0.3492416176788327,true
1.875,6.404803043058722,0.16245174979744387,0.34826992395931433,1.1564453303398463,-0.0003323582148263278,-0.006547054947395273,0.006910905761321853,-0.011746387223500878,0.004835481462179025,0.025364050807698574,0.15668301523115452,1.3828292341628232,8.825648600920365,-0.7478204683788776,0.2379048442289792,0.23144523619140325,0.024750198540231673,1.0758399155406715,0.34795250537914,true
1.9250000000000003,6.404803043058722,0.16179790815744038,0.3567429774080506,1.1563642368048908,-0.00034073777050636815,-0.0065399244858828295,0.006985568673990371,-0.01179695229929801,0.004811383625307639,0.025261964664595064,0.15653529208191322,1.382355487808399,8.83095095951287,-0.7515526411132826,0.24426008737084975,0.23728409290438207,0.024619033122670192,1.0717148030227321,0.3466325665464197,true
1.975,6.404803043058722,0.16112793630010538,0.36515082840122226,1.156261933726109,-0.000349073427773532,-0.006532611208159084,0.007061199853264881,-0.011848125785378437,0.004786925932113556,0.02515736006507329,0.15638371364464856,1.3818696533917716,8.836403875993126,-0.7553877821104603,0.2506160284971588,0.24309798307127256,0.024484996394756535,1.0674945038396566,0.34528211425086824,true
2.0250000000000004,6.404803043058722,0.16044192425625792,0.3734916896982932,1.1561370419756802,-0.00035736296504287077,-0.006525115347005686,0.007137732313308473,-0.011899858662366385,0.004762126349057912,0.02505025106589947,0.15622828275364525,1.3813717545262743,8.842008183016036,-0.7593263100816987,0.2569726632600467,0.24888642181083154,0.02434813075666202,1.063180031768719,0.3439014692568419,true
2.075,6.404803043058722,0.15973996643318772,0.3817637721515272,1.155988162775242,-0.00036560408302718236,-0.00651743713300856,0.007215098664372442,-0.011952101538860298,0.004737002874487856,0.024940652407150554,0.15606900240753496,1.380861815829562,8.847764735650635,-0.7633686531764877,0.2633299857659832,0.2546489354305272,0.024208479553298187,1.0587724246328498,0.3424909599530433,true
2.125,6.404803043058722,0.15902216168480415,0.3899652852655049,1.1558138788345451,-0.0003737944042862097,-0.006509576795023033,0.007293231189316389,-0.012004804705926702,0.004711573516610313,0.024828579523166795,0.15590587577448178,1.3803398629041164,8.853674411224764,-0.7675152491941504,0.2696879885434528,0.2603850615338805,0.024066087054092127,1.0542727440613207,0.3410509222805541,true
2.1750000000000003,6.404803043058722,0.15828861338302863,0.3980944377899197,1.1556127555131566,-0.00038193147294418215,-0.006501534560537137,0.007372061919669784,-0.012057918191299888,0.004685856271630104,0.024714048553698416,0.15573890619718364,1.3798059223201775,8.859738109199137,-0.7717665457829962,0.2760466625114615,0.26609434911783003,0.023920998432649287,1.0496820752343643,0.3395816996555434,true
2.225,6.404803043058722,0.15753942949011635,0.4061494383452623,1.1553833420056503,-0.00039001275454841964,-0.006493310655950275,0.00745152271017668,-0.012111391812747561,0.004659869102570881,0.024597076355197447,0.15556809719802522,1.3792600216008677,8.865956751050215,-0.7761230006267955,0.28240599694625795,0.2717763586578371,0.023773259746393972,1.0450015266206236,0.3380836428895797,true
2.2750000000000004,6.404803043058722,0.1567747226315713,0.4141284960812208,1.1551241725495736,-0.00039803563606527053,-0.0064849053067810546,0.007531545311347294,-0.012165175230344452,0.004633629918997158,0.024477680512202116,0.15539345248412756,1.378702189209783,8.872331280178027,-0.7805850816179449,0.28876597944878435,0.27743066218310225,0.023622917916133187,1.0402322297006519,0.33655711010531225,true
2.325,6.404803043058722,0.15599461016938093,0.42202982136889094,1.1548337676576623,-0.0004059974260357929,-0.006476318737815106,0.007612061440042091,-0.012219217997644678,0.004607156557602587,0.02435587934877121,0.1552149759525597,1.378132454540321,8.878862661819031,-0.7851532670206182,0.29512659591159796,0.28305684334085696,0.023470020705529396,1.035375338683297,0.3350024666498034,true
2.3750000000000004,6.404803043058722,0.15519921427492855,0.42985162652764564,1.154510635373874,-0.00041389535491432737,-0.0064675511732014135,0.007693002848577737,-0.01227346961198277,0.004580466763405034,0.024231691939868075,0.15503267169551846,1.3775508479070233,8.885551882976705,-0.7898280456229558,0.30148783048727906,0.2886544974516311,0.023314616700451696,1.0304320302098255,0.33342008500381537,true
2.4250000000000003,6.404803043058722,0.1543886620012877,0.4375921265869582,1.1541532725540664,-0.0004217265756259418,-0.006458602836505317,0.007774301392726049,-0.012327879564081736,0.004553578171355687,0.024105138122648154,0.15484654400570363,1.3769574005381335,8.89239995235163,-0.7946099168821895,0.30784966555691484,0.294223231554344,0.02315675528816822,1.025403503051546,0.3318103446889844,true
2.475,6.404803043058722,0.15356308535420324,0.4452495400835309,1.1537601661697767,-0.00042948816436310603,-0.006449473950725357,0.007855889099036735,-0.012382397387181415,0.00452650828814468,0.023976238507541457,0.15465659737654433,1.376352144575662,8.899407900618945,-0.7994993910495207,0.3142120817755886,0.2997626645081531,0.022996486635349637,1.0202909776633076,0.3301736321274088,true
2.5250000000000004,6.404803043058722,0.15272262136167525,0.4528220898929614,1.15332979463494,-0.0004371771216275051,-0.006440164738280612,0.007937698231697727,-0.012436972705798237,0.00449927447410051,0.0238450144891169,0.15446283652689988,1.375735113048386,8.906576779125768,-0.8044969893452216,0.32057505776313405,0.30527242677582567,0.022833861670644568,1.0150956963556146,0.32851034070567686,true
2.575,6.404803043058722,0.15186741214149063,0.4603080040948879,1.1528606291534247,-0.00044479037353584833,-0.006430675420975446,0.008019661358830596,-0.012491555284065908,0.004471893925235311,0.0237114882566262,0.15426526637905438,1.3751063399004417,8.913907661635161,-0.809603244016541,0.3269385704777118,0.31075216079163376,0.022668932057919023,1.0098189222512537,0.32682087043732966,true
2.6250000000000004,6.404803043058722,0.15099760496658732,0.4677055168709261,1.1523511350864664,-0.0004523247733832212,-0.006421006219947869,0.008101711418158963,-0.012546095073627347,0.004444383655468384,0.023575682804209363,0.154063892081636,1.374465859968851,8.92140164316077,-0.8148186984957538,0.33330259493562503,0.31620152074975344,0.02250175017803403,1.0044619393888305,0.32510562800433573,true
2.6750000000000003,6.404803043058722,0.1501133523278575,0.4750128694341486,1.1517997733387824,-0.0004597771034752785,-0.006411157355607173,0.008183781781778116,-0.0126005422609387,0.004416760479160585,0.023437621940700353,0.1538587190108942,1.3738137089875193,8.929059840217727,-0.820143907499619,0.3396671042475675,0.32162017265904713,0.022332369106182103,0.9990260522561019,0.32336502661021077,true
2.725,6.404803043058722,0.14921481199417452,0.4822283109884122,1.1512050017611168,-0.00046714407722247035,-0.006401129047565672,0.008265806319849725,-0.012654847313890577,0.004389040994040852,0.023297330298999244,0.15364975277611329,1.3731499235877058,8.936883390815183,-0.8255794371314769,0.34603206959470845,0.32700779433586025,0.022160842589815332,0.9935125854184889,0.3215994858646365,true
2.7750000000000004,6.404803043058722,0.14830214706923028,0.4893500997168931,1.150565276569322,-0.00047442234150784826,-0.006390921514569194,0.008347719462988575,-0.012708961027622527,0.0043612415646339525,0.0231548333449464,0.15343699922502152,1.3724745412996189,8.944873454458204,-0.8311258649770641,0.3523974602053806,0.3323640753880605,0.021987225026333025,0.9879228831358617,0.31980943166426534,true
2.825,6.404803043058722,0.14737552604514875,0.4963765037982536,1.1498790537772703,-0.0004816084793351453,-0.006380534974429794,0.00842945626312891,-0.01276283456941162,0.00433337830628271,0.023010157385693328,0.15322046444912946,1.3717876005555318,8.95303121216538,-0.8367837801916845,0.35876324333248805,0.33768871719060717,0.021811571440562776,0.982258308966079,0.3179952960691922,true
2.8750000000000004,6.404803043058722,0.14643512285225896,0.5033058024496421,1.1491447906435956,-0.0004886990127568061,-0.006369969643963819,0.008510952452784475,-0.012816419522581016,0.00430546706979654,0.022863329577473845,0.15300015478903944,1.3710891406939505,8.961357866496563,-0.8425537835814292,0.36512938423146807,0.3429814328527063,0.021633937461982646,0.9765202453563366,0.3161575171754678,true
2.9250000000000003,6.404803043058722,0.1454811169051345,0.5101362869950885,1.1483609471303595,-0.0004956904061022584,-0.006359225738938101,0.00859214450257436,-0.012869667929350818,0.004277523426776458,0.022714377932792375,0.15277607683969002,1.3703792019653374,8.96985464159611,-0.8484364876751972,0.371495846138832,0.34824194717678064,0.021454379301744216,0.9707100932216567,0.31429653898340437,true
2.975,6.404803043058722,0.14451369314425672,0.5168662619581217,1.147525987372115,-0.0005025790695065132,-0.00634830347402629,0.008672969676986138,-0.012922532332603731,0.004249562655617593,0.022563331326928948,0.15254823745552012,1.3696578255390268,8.978522783250055,-0.8544325167898333,0.3778625902514184,0.35346999660957584,0.02127295372943908,0.9648292715101741,0.31241281126158754,true
3.0250000000000004,6.404803043058722,0.1435330420734472,0.5234940461773538,1.1466383811549883,-0.000509361362738908,-0.006337203062776856,0.008753366088433042,-0.012974965816582338,0.0042215997281492956,0.02241021950378361,0.15231664375558307,1.368925053511685,8.987363558957805,-0.86054250708574,0.3842295757059995,0.3586653291853277,0.021089718049669068,0.9588792167562278,0.31050678940690357,true
3.075,6.404803043058722,0.14253935979235227,0.5300179739433968,1.1456966054036963,-0.0005160335993455068,-0.0063259247175947095,0.008833272749527533,-0.013026922046467318,0.004193649296939784,0.022255073080948356,0.15208130312858456,1.3681809289169304,8.996378258017259,-0.8667671066154443,0.3905967595592405,0.3638277044612226,0.02090473007835733,0.9528613826206824,0.3085789343004175,true
3.1250000000000004,6.404803043058722,0.14153284802414454,0.5364363961558988,1.1446991456753866,-0.0005225920511119466,-0.006314468649737677,0.00891262962340597,-0.013078355306742465,0.004165725683336495,0.022097923554032214,0.151842223237839,1.3674254957365783,9.005568191626798,-0.8731069753619372,0.3969640967681053,0.368956893445469,0.020718048118862374,0.9467772394186227,0.30662971215912715,true
3.1750000000000003,6.404803043058722,0.14051371413793545,0.54274768149941,1.143644497657912,-0.0005290329528442745,-0.006302835069329497,0.008991377672143738,-0.013129220538353404,0.004137842866209666,0.021938803300160615,0.15159941202608945,1.3666587989133514,9.014934693006307,-0.8795627852679355,0.4033315401712564,0.3740526785186555,0.020529730937853603,0.940628273633268,0.3046595943832236,true
3.225,6.404803043058722,0.13948217116580985,0.5489502176361134,1.142531168672198,-0.0005353525074629017,-0.006291024185389436,0.009069458903441267,-0.013179473374740177,0.00411001447129891,0.021777745580635027,0.15135287772025058,1.3658808843651096,9.024479117534206,-0.8861352202551857,0.4096990404704941,0.3791148533478658,0.020339837740975263,0.9344159874178035,0.30266905739941585,true
3.2750000000000004,6.404803043058722,0.13843843781412962,0.5550424124137008,1.1413576791768345,-0.0005415468914093613,-0.006279036205879839,0.009146816415480642,-0.013229070176685504,0.004082253761204862,0.02161478454269782,0.15110262883605913,1.365091799000528,9.034202842900921,-0.8928249762341494,0.41606654621221956,0.3841432227938043,0.020148428148283666,0.9281418980849876,0.30065858250027966,true
3.325,6.404803043058722,0.13738273846905574,0.5610226950868111,1.1401225642729802,-0.0005476122603771345,-0.006266871337773112,0.009223394439764747,-0.013277968065873953,0.004054573626109207,0.021449955220394456,0.15084867418260237,1.364291590736524,9.04410726928265,-0.8996327611020357,0.42243400376915397,0.38913760281137766,0.019955562169486775,0.9218075375841206,0.29862865567948005,true
3.3750000000000004,6.404803043058722,0.136315303195848,0.5668895175495086,1.138824375206378,-0.000553544755333992,-0.00625452978713854,0.009299138381841196,-0.01332612495710218,0.0040269865752609844,0.02128329353446415,0.15059102286666703,1.3634803085172784,9.054193819537975,-0.9065592947303095,0.4288013573222921,0.39409782034398333,0.01976130017894474,0.9154144519642639,0.2965797674625168,true
3.4250000000000003,6.404803043058722,0.1352363677327077,0.5726413555803449,1.137461680870391,-0.0005593405088647749,-0.006242011759250293,0.009373994859911208,-0.01337349958913189,0.003999504729220681,0.02111483629137849,0.15032968429706095,1.3626580023356127,9.064463939423398,-0.9136053089354648,0.43516854884363254,0.3990237132121844,0.0195657028905818,0.9089642008278626,0.29451241273431344,true
3.475,6.404803043058722,0.13414617347719615,0.578276710092893,1.1360330692992164,-0.0005649956517607771,-0.006229317458715623,0.00944791174180267,-0.013420051554413632,0.003972139812610962,0.020944621181220955,0.15006466818863595,1.361824723255379,9.074919097835362,-0.920771547443335,0.44153551807867464,0.4039151299962447,0.019368831332437893,0.9024583567682454,0.292427090561592,true
3.5250000000000004,6.404803043058722,0.13304496746700362,0.5837941083958833,1.1345371491634872,-0.0005705063198991044,-0.0062164470896252065,0.009520838179745413,-0.0134657413274002,0.003944903147654787,0.02077268677468429,0.1497959845664946,1.3609805234359578,9.085560787057126,-0.9280587658364857,0.44790220252782853,0.4087719299121618,0.019170746821167196,0.8958985048031523,0.2903243040139542,true
3.575,6.404803043058722,0.1319330023530423,0.5891921054447824,1.1329725512415703,-0.0005758686614104631,-0.006203400855729693,0.009592724641065947,-0.013510530290481715,0.003917805649415768,0.020599072518869443,0.149523643769666,1.3601254561589073,9.096390523054101,-0.9354677314884238,0.45426853742359224,0.4135939826791399,0.01897151093624487,0.8892862417875556,0.28820455997819155,true
3.6250000000000004,6.404803043058722,0.13081053636423196,0.5944692850965425,1.1313379298683295,-0.0005810788438574418,-0.006190178960638193,0.009663522936989025,-0.013554380758628984,0.0038908578216399585,0.020423818731787443,0.14924765645394117,1.3592595758556263,9.10740984582966,-0.942999223494053,0.46063445571526884,0.4183811683877612,0.01877118549363855,0.8826231757990016,0.2860683689636704,true
3.6750000000000003,6.404803043058722,0.12967783327931104,0.5996242614793753,1.1296319645407062,-0.0005861330621734021,-0.006176781608025345,0.009733186257033882,-0.013597256006531486,0.003864069749497604,0.02024696659795821,0.1489680335991786,1.358382938140998,9.118620319550812,-0.9506540325291835,0.4669998880781344,0.42313337738142776,0.018569832521313574,0.8759109256210946,0.28391624493967893,true
3.725,6.404803043058722,0.1285351623638668,0.6046556801256558,1.1278533611915282,-0.0005910275465416652,-0.006163209001873816,0.009801669194491089,-0.013639120290906945,0.0038374510964158566,0.020068558158578855,0.14868478650845146,1.3574955998418858,9.130023533138838,-0.9584329607926229,0.4733647628521055,0.4278505100803,0.01836751423100062,0.8691511200268156,0.28174870510762495,true
3.7750000000000004,6.404803043058722,0.1273827983220978,0.6095622192819046,1.126000853688839,-0.0005957585699864174,-0.006149461346754724,0.009868927763603257,-0.013679938868315799,0.003811011104712542,0.01988863630399226,0.14839792681289693,1.3565976190322973,9.141621100561078,-0.9663368218648185,0.47972900604071644,0.43253247684657237,0.01816429299230943,0.8623453971907444,0.2795662697152382,true
3.825,6.404803043058722,0.12622102123879836,0.6143425911906386,1.1240732052885827,-0.000600322456609682,-0.006135538848117,0.009934919421783362,-0.013719678015109498,0.0037847585933261357,0.019707244764628918,0.14810746647572526,1.3556890550718221,9.153414661198184,-0.974366440545591,0.4860925412985386,0.4371791978367729,0.01796023130656056,0.8554954040748948,0.277369461862108,true
3.8750000000000004,6.404803043058722,0.12505011650986167,0.6189955433437087,1.1220692100388843,-0.0006047155899222024,-0.006121441712599703,0.009999603089560993,-0.013758305045878593,0.0037587019563175995,0.019524428100156203,0.1478134177952974,1.3547699686438368,9.165405880270079,-0.9825226526950896,0.4924552899121444,0.44179060284548244,0.01775539177988314,0.8486027957864002,0.27515880729616243,true
3.9250000000000003,6.404803043058722,0.12387037476574962,0.6235198597300773,1.119987694170158,-0.0006089344211965891,-0.006107170148370018,0.010062939166939431,-0.013795788329737995,0.0037328491627985644,0.019340231687529495,0.14751579340820742,1.353840421795585,9.177596449277956,-0.9908063050575233,0.49881717078155735,0.4463666311459563,0.017549837096154756,0.8416692349298445,0.2729348342084494,true
3.975,6.404803043058722,0.12268209178838146,0.6279143620807102,1.117827517474457,-0.0006129754778790514,-0.006092724365485271,0.010124889547045202,-0.013832097304881646,0.0037072077578364435,0.019154701708015764,0.14721460629247307,1.3529004779805969,9.189988086459117,-0.9992182550633508,0.5051781004036583,0.45090723132893845,0.017343629989869453,0.8346963909569678,0.2706980730270901,true
4.0249999999999995,6.404803043058722,0.12148556842064144,0.6321779111060324,1.1155875746684845,-0.0006168353720507845,-0.006078104576277027,0.010185417627605681,-0.013867202491668416,0.003681784864062735,0.018967885133064754,0.1469098697707351,1.3519502021029712,9.20258253725771,-1.007759370613238,0.5115379928566126,0.4554123611391926,0.017136833218842025,0.827685939511644,0.2684490562097478,true
4.075,6.404803043058722,0.12028111046808576,0.6363094077229408,1.1132667967370875,-0.0006205108089143738,-0.006063310995756374,0.010244488320282448,-0.013901075504252042,0.003656587183969594,0.01877982970896221,0.14660159751343022,1.3509896605631997,9.215381574811524,-1.016430529845689,0.517896759784914,0.4598819873096811,0.01692950953670077,0.8206395617696164,0.2661883180344596,true
4.125,6.404803043058722,0.11906902859285748,0.6403077942701971,1.1108641522564486,-0.0006239985952574071,-0.00604834384203925,0.010302068057900382,-0.013933689060772391,0.0036316210028720097,0.018590583940266497,0.14628980354195906,1.3500189213054177,9.22838700045286,-1.0252326208884717,0.5242543103852331,0.4643160853937492,0.016721721665166604,0.8135589437738061,0.26391639438910663,true
4.175,6.404803043058722,0.11784963819964199,0.6441720557110122,1.1083786486960623,-0.0006272956478717393,-0.006033203336790197,0.010358124799651825,-0.013965016992148067,0.0036068921924962416,0.01840019707200253,0.1459745022318659,1.349038053865842,9.241600644220934,-1.034166541594847,0.5306105513932994,0.46871463959568704,0.016513532266101572,0.806445775765864,0.26163382255975454,true
4.225,6.404803043058722,0.11662325931353473,0.6479012208210198,1.1058093336977244,-0.0006303990019018217,-0.006017889705683165,0.010412628034409833,-0.013995034249537018,0.003582406215127185,0.01820871907059289,0.14565570831602218,1.348047129422213,9.255024365385118,-1.0432331992653678,0.53696538707187,0.4730776425999071,0.016305003913312466,0.7993017515141159,0.2593411410179218,true
4.2749999999999995,6.404803043058722,0.11539021644970743,0.6514943633600099,1.1031552963301956,-0.0006333058190921275,-0.006002403178877033,0.010465548782309757,-0.014023716910545728,0.003558168128235971,0.01801620060350847,0.14533343688782477,1.347046220844013,9.268660052976847,-1.0524335103562157,0.5433187191997655,0.4774050953989183,0.016096199064097635,0.7921285676384555,0.2570388892069664,true
4.325,6.404803043058722,0.11415083847460519,0.654950603225154,1.1004156683173187,-0.0006360133959022622,-0.0059867439915038834,0.01051685959472222,-0.014051042184250295,0.003534182589528076,0.017822693017596765,0.14500770340439742,1.3460354027430486,9.282509626328096,-1.0617684001764722,0.5496704470617787,0.4816970071201564,0.01588718003050192,0.784927922932224,0.25472760732762223,true
4.375,6.404803043058722,0.11290545845856204,0.6582691075836533,1.097589625237275,-0.0006385191714640858,-0.005970912384167597,0.010566534552841836,-0.014076988415144329,0.0035104538623024935,0.01762824831607033,0.14467852368976833,1.3450147515241855,9.29657503561674,-1.0712388025754722,0.5560204674395561,0.4859533948519306,0.0156780089502662,0.7777015176808526,0.25240783612261525,true
4.425,6.404803043058722,0.11165441351967978,0.6614490919822862,1.0946763876907473,-0.0006408207353566897,-0.0059549086034505275,0.010614549264915854,-0.014101535086028039,0.003486985821112185,0.017432919134131145,0.14434591393801788,1.3439843454359277,9.310858262417005,-1.0808456596219649,0.5623686746030592,0.49017428346840775,0.015468747757457699,0.7704510529775079,0.25008011666044894,true
4.475,6.404803043058722,0.11039804465886893,0.6644898214313064,1.0916752224354842,-0.0006429158351571037,-0.0059387329024254525,0.010660880862372516,-0.014124662819972282,0.003463781957599766,0.017236758713215086,0.14400989071638165,1.3429442646204692,9.325361320253432,-1.0905899212772967,0.5687149603022336,0.49435970545358676,0.015259458152762126,0.7631782300358055,0.24774499011838905,true
4.5249999999999995,6.404803043058722,0.10913669658593052,0.6673906114599943,1.0885854434844093,-0.0006448023837524342,-0.005922385541170645,0.010705507994867752,-0.01414635338137054,0.0034408453865027878,0.017039820873837586,0.14367047096827196,1.3418945911629727,9.340086255158969,-1.1004725450642054,0.575059213758733,0.49850970072436135,0.015050201573430002,0.7558847494992484,0.24540299756453843,true
4.575,6.404803043058722,0.1078707175366172,0.6701508291409819,1.0854064131643963,-0.0006464784663717826,-0.005905866787285354,0.010748410824385504,-0.014166589676149526,0.0034181788517640213,0.016842159987030876,0.14332767201619034,1.340835409139702,9.355035146236386,-1.1104944957336558,0.5814013216572794,0.5026243164526051,0.014841039162863556,0.7485723107472754,0.2430546797389704,true
4.625,6.404803043058722,0.1066004590807482,0.672769894080461,1.0821375431329046,-0.000647942347311716,-0.005889176916403409,0.01078957101847142,-0.014185355751182962,0.0033957847327115414,0.01664383094438441,0.14298151156450406,1.3397668046648465,9.37021010622363,-1.1206567449307356,0.5877411681362404,0.5067036068862195,0.014632031739857283,0.7412426111978921,0.24070057683390833,true
4.675,6.404803043058722,0.1053262759214103,0.6752472793715312,1.078778295350181,-0.0006491924763287004,-0.00587231621270295,0.010828971742507494,-0.01420263679286528,0.0033736650503577853,0.016444889126693576,0.14263200770208556,1.3386888659356835,9.385613282060737,-1.1309602708618245,0.5940786347767893,0.5107476331689644,0.014423239767496144,0.7338973456074087,0.23834122827312396,true
4.725,6.404803043058722,0.10404852568538134,0.6775825125077065,1.0753281830037618,-0.0006502274946603628,-0.005855284969409938,0.010866597651206587,-0.01421841912493731,0.0033518214737307227,0.016245390371237897,0.14227917890476408,1.3376016832759259,9.401246855460576,-1.1414060579642296,0.6004136005903981,0.5147564631591495,0.014214723321726637,0.7265382053668269,0.23597717249039862,true
4.775,6.404803043058722,0.1027675687049468,0.6797751762541583,1.0717867713828981,-0.0006510462406449985,-0.005838083489293874,0.010902434879206927,-0.014232690205508772,0.0033302553263018456,0.016045390937715457,0.14192304403755793,1.336505349176998,9.417113043483697,-1.1519950965801962,0.6067459420045962,0.5187301712473827,0.014006542059613346,0.7191668777948852,0.23360894670704518,true
4.825,6.404803043058722,0.10148376779141767,0.6818249094740143,1.0681536787012642,-0.0006516477549110386,-0.005820712085153881,0.010936471030800234,-0.014245438623295907,0.0033089675924956735,0.015844947472881597,0.14156362235672545,1.3353999583370662,9.433214099113673,-1.162728382636035,0.6130755328457725,0.5226688381728577,0.01379875518732612,0.7117850454291996,0.23123708670895177,true
4.875,6.404803043058722,0.10019748800067432,0.6837314079073316,1.0644285768657307,-0.0006520312851054423,-0.005803171080294125,0.010968695168674216,-0.014256654093018508,0.0032879589243442926,0.015644116973942624,0.14120093351161253,1.3342856076976994,9.44955231183345,-1.1736069173272996,0.6194022443188307,0.5265725508383283,0.013591421427892034,0.7043943853157298,0.22886212662321118,true
4.925,6.404803043058722,0.09890909639110654,0.6854944249011556,1.060611192189226,-0.0006521962901381335,-0.005785460808987332,0.01099909780155663,-0.014266327449901396,0.0032672296483447667,0.015442956750762288,0.14083499754624468,1.3331623964781008,9.466130008205827,-1.1846317068107757,0.625725944984268,0.5304414021243916,0.01338459898874749,0.6969965682962509,0.22648459869421433,true
4.975,6.404803043058722,0.09761896177429574,0.6871137720884489,1.056701306046394,-0.0006521424439044864,-0.0057675816169253285,0.011027670870854473,-0.014274450643329321,0.003246779772474848,0.015241524386935114,0.14046583490070016,1.3320304262066267,9.482949552453677,-1.1958037619049244,0.6320465007317754,0.534275490702774,0.013178345529130477,0.6895932582952744,0.2241050330596732,true
5.025,6.404803043058722,0.09632745445900757,0.6885893200145532,1.0526987554714844,-0.0006518696384672527,-0.005749533861656033,0.011054407736096237,-0.014281016729562557,0.0032266089934663202,0.015039877699815227,0.14009346641228057,1.3308898007495897,9.500013347038747,-1.2071240977986544,0.6383637747500608,0.5380749208487035,0.01297271812737598,0.6821861116074716,0.22172395752689908,true
5.075,6.404803043058722,0.09503494598902043,0.6899209987100818,1.0486034336974996,-0.0006513779866873884,-0.005731317913006581,0.01107930315905304,-0.014286019863452489,0.0032067167043994486,0.01483807469958278,0.139717913316488,1.329740626337365,9.517323833238521,-1.2185937337681583,0.6446776274930622,0.5418398022527338,0.012767773248178406,0.674776776186508,0.2193418973496118,true
5.125,6.404803043058722,0.0937418088751964,0.6911087982092776,1.0444152906357644,-0.0006506678242598361,-0.005712934153491615,0.0111023532867295,-0.014289455289255173,0.003187102002525673,0.014636173547411445,0.13933919724777993,1.3285830115875341,9.534883491721152,-1.2302136929039689,0.6509879166429698,0.5455702498325172,0.012563566709848492,0.6673668909354116,0.21695937500530948,true
5.175,6.404803043058722,0.09244841632244342,0.6921527690128236,1.0401343332967508,-0.0006497397111613999,-0.005694382978706761,0.011123555632987208,-0.014291319330428463,0.0031677636974412546,0.014434232512838227,0.138957340240214,1.327417067524995,9.552694843110151,-1.2419850018477816,0.6572944970686042,0.5492663835438986,0.012360153651649745,0.6599580850013329,0.2145769099741173,true
5.225,6.404803043058722,0.09115514195215137,0.6930530224951119,1.035760626151387,-0.0006485944325105264,-0.005675664797707394,0.011142909058671794,-0.014291609378349434,0.0031487003196776393,0.014232309930426632,0.13857236472794526,1.3262429075992566,9.570760448542734,-1.253908690537794,0.6635972207805676,0.5529283281924205,0.012157588501284998,0.6525519770746542,0.21219501851907,true
5.275,6.404803043058722,0.0898623595207028,0.693809731255415,1.0312942914316021,-0.0006472329987848084,-0.0056567800333719295,0.011160413750437973,-0.014290323880052861,0.003129910129614888,0.014030464155816961,0.13818429354544837,1.325060647698871,9.589082910230047,-1.2659857919640622,0.6698959368850558,0.5565562132465258,0.011955924942556314,0.645150174690738,0.20981421346724868,true
5.325,6.404803043058722,0.08857044263299967,0.6944231294130235,1.0267355093742774,-0.0006456566443837508,-0.005637729122748578,0.01117607119867377,-0.014287462325197231,0.0031113911265234617,0.013828753520998415,0.1377931499279055,1.3238704061541704,9.607664871924548,-1.2782173419940108,0.6761904915313065,0.5601501726497286,0.011755215882617135,0.6377542735419185,0.20743500399456422,true
5.375,6.404803043058722,0.08727976441731541,0.6948935128798058,1.0220845184345508,-0.0006438668404423574,-0.005618512517314243,0.011189884211161329,-0.01428302525071256,0.003093141039551231,0.01362723628354284,0.13739895751192205,1.322672303762569,9.626509019530234,-1.2906043790182644,0.6824807278495385,0.5637103446302801,0.011555513421867215,0.6303658568080956,0.20505789541563857,true
5.425,6.404803043058722,0.08599069757057423,0.6952212393751116,1.0173416154784367,-0.0006418654436864945,-0.005599130681822252,0.011201857622389018,-0.014277014595627323,0.003075156973238305,0.013425970633674305,0.13700174035565826,1.321466465166716,9.645618090224053,-1.303147933521199,0.6887664848710955,0.5672368709455236,0.011356868941283528,0.6229864950408585,0.20268338910682476,true
5.475,6.404803043058722,0.08470361957270078,0.6954067397252551,1.0125071765103293,-0.0006396532731971281,-0.005579583979278439,0.011212009646334902,-0.014269439359489686,0.003057429713154784,0.01322501550840026,0.13660152410763404,1.320253016978938,9.664994776622372,-1.31584903020139,0.695047580951239,0.5707298875790731,0.011159333193320412,0.6156177661257412,0.20031198912548523,true
5.525,6.404803043058722,0.08341885458685619,0.6954503920056403,1.0075816133181843,-0.0006372258621583636,-0.0055598289710159406,0.011220362126531002,-0.014260279503790415,0.0030399173772594126,0.013024421520231182,0.13619834336001652,1.3190319623138107,9.684640281028825,-1.3287095365604553,0.7013235945447311,0.5741894047117746,0.01096294792657138,0.6082613667265835,0.19794424306653685,true
5.575,6.404803043058722,0.0821367749708034,0.695352814746304,1.0025654078580457,-0.0006345915831487677,-0.005539903374666115,0.011226871993218049,-0.014249537552874022,0.0030226655596559734,0.012824246806436939,0.13579221696910487,1.3178034758349078,9.704558223206057,-1.3417302422166446,0.7075945569731804,0.5776156891342389,0.010767764031033326,0.6009187125777142,0.19558060075416842,true
5.625,6.404803043058722,0.08085775370416648,0.695114650022198,0.9974589362241547,-0.00063175480079772,-0.005519810985795491,0.011231529455814817,-0.01423721171907088,0.0030056822632560636,0.012624549601380325,0.13538315383890537,1.31656774160819,9.724753075074581,-1.3549119900846678,0.7138605916115147,0.5810090585281471,0.010573829399132453,0.5935910278466254,0.19322144938476057,true
5.675,6.404803043058722,0.07958216885305466,0.694736588045315,0.9922628391919992,-0.0006287178340742444,-0.005499553739235281,0.011234352840371463,-0.014223313693628364,0.0029889608532569015,0.012425388933591446,0.13497118244279036,1.3153249075302167,9.745227712498835,-1.3682557204243264,0.7201215014230947,0.5843696587062386,0.01038119235052482,0.5862798563464182,0.19086728255587662,true
5.725,6.404803043058722,0.0783103843183536,0.6942193564562958,0.9869777957560446,-0.0006254834808483956,-0.005479133187476174,0.011235361774369384,-0.014207855966159744,0.0029724941917903605,0.012226821619944015,0.13455633209700624,1.3140751071461982,9.76598489767718,-1.3817624927510819,0.7263770599626007,0.5876976252160988,0.0101898989359183,0.5789867285890934,0.1885185903836765,true
5.775,6.404803043058722,0.0770427612041227,0.6935637377363085,0.9816045237503084,-0.0006220548424249205,-0.005458550012941392,0.011234574251788632,-0.014190849953281712,0.00295627570149308,0.01202890404063536,0.1341386314723248,1.3128184795170206,9.78702753343565,-1.3954333544963766,0.7326270477018021,0.59099310288225,0.009999994147698697,0.5717131383406551,0.18617585115057517,true
5.825,6.404803043058722,0.0757796580998089,0.6927705806816169,0.976143796123556,-0.0006184352195814265,-0.005437804599344318,0.011232007352825155,-0.014172306752963559,0.0029402994001384037,0.01183169218324925,0.133718109113455,1.3115551679856972,9.808358618598845,-1.4092693447707534,0.7388712534432677,0.5942562461547543,0.009811521916381577,0.5644605514033926,0.18383953423697824,true
5.875,6.404803043058722,0.07452142968124245,0.6918407972861971,0.9705964400078388,-0.0006146281393692665,-0.005416897450983804,0.011227678094056039,-0.014152237860497786,0.002924559766441747,0.011635241424325435,0.13329479359726654,1.3102853183291552,9.829981224083047,-1.42327150634288,0.7451094698597751,0.5974872163962699,0.009624524984291404,0.5572304078504294,0.1815101009228606,true
5.925,6.404803043058722,0.07326842664775171,0.6907753598995492,0.9649633353355411,-0.0006106373444713474,-0.005395829211070351,0.011221603715106826,-0.0141306553107833,0.0029090515956764745,0.011439606519541174,0.13286871362220798,1.309009079012001,9.851898489316076,-1.4374408826674778,0.7513414900969679,0.6006861798432745,0.009439044925092038,0.550024123270651,0.17918800479507568,true
5.975,6.404803043058722,0.07202099561656247,0.6895753014966497,0.9592454162119026,-0.0006064667621162396,-0.005374600560120648,0.011213801799744398,-0.014107571653278101,0.002893769853533703,0.01124484158722352,0.1324398981123106,1.3077266010575432,9.874113614528573,-1.4517785175235234,0.7575671065801004,0.6038533067821376,0.00925512213762528,0.5428430901315985,0.17687369220533036,true
6.025,6.404803043058722,0.07077947885280628,0.6882417154292334,0.9534436713040773,-0.0006021204860798356,-0.005353212173563113,0.011204290428792361,-0.014082999989925142,0.002878709561132781,0.011051000066194751,0.1320083762801035,1.3064380378167062,9.896629855098176,-1.4662854558000327,0.7637861100797951,0.6069887708914519,0.009072795824280437,0.5356886783838598,0.1745676024819807,true
6.075,6.404803043058722,0.06954421401723268,0.6867757545088651,0.9475591433066379,-0.000597602768885247,-0.005331664731629901,0.011193088255320307,-0.01405695401409071,0.0028638657587704026,0.010858134676381971,0.1315741776585006,1.3051435449152304,9.919450519407516,-1.4809627432406793,0.7699982888218335,0.61009274863473,0.008892103976542708,0.528562235547905,0.17227016796605935,true
6.125,6.404803043058722,0.06831553386733014,0.6851786302224404,0.9415929281261177,-0.0005929180103587634,-0.005309958933435265,0.011180214560894249,-0.014029448043018386,0.002849233482124137,0.010666297372152274,0.13113733209678463,1.3038432801461177,9.942578968922662,-1.4958114269787852,0.7762034283355062,0.6131654190438144,0.008713083350347128,0.5214650862120558,0.16998181385541464,true
6.175,6.404803043058722,0.06709376604928646,0.6834516121037553,0.9355461748308405,-0.0005880707492366275,-0.005288095499740034,0.011165689262022264,-0.014000497017060359,0.0028348077550380945,0.01047553930983094,0.13069786981890025,1.302537403392707,9.966018613750558,-1.51083255512048,0.7824013104275019,0.6162069630814926,0.008535769458187068,0.5143985325307321,0.1677029583751613,true
6.225,6.404803043058722,0.06587923279173807,0.6815960269540977,0.9294200844489537,-0.0005830656535985968,-0.0052660751704474516,0.01114953291562571,-0.013970116494063926,0.0028205835784382155,0.010285910799885632,0.13025582138340241,1.3012260765643238,9.98977291567047,-1.5260271773235665,0.7885917137130307,0.6192175637873818,0.00836019654269242,0.5073638531602069,0.16543401243515815,true
6.275,6.404803043058722,0.06467225069495083,0.6796132580357888,0.9232159097056224,-0.0005779075107382733,-0.005243898702883921,0.011131766725467188,-0.013938322645268375,0.002806555919801187,0.010097461274010622,0.1298112177408277,1.2999094634813713,10.013845383352635,-1.541396344637302,0.7947744125037214,0.6221974056233395,0.008186397568786185,0.5003623037390946,0.16317537979459815,true
6.325,6.404803043058722,0.06347313046067676,0.677504744208387,0.9169349538113867,-0.0005726012202382675,-0.005221566871696812,0.011112412509403164,-0.013905132232457998,0.002792719723054834,0.009910239242948538,0.129364090200257,1.2985877298511261,10.038239575147156,-1.5569411096780066,0.8009491772550107,0.6251466745912792,0.008014404204403495,0.4933951159622022,0.16092745676249046,true
6.375,6.404803043058722,0.062282176670719,0.6752719790382984,0.9105785697294742,-0.000567151784142687,-0.005199080469089302,0.011091492694385068,-0.013870562599263198,0.0027790699048781294,0.009724292261917096,0.12891447044824642,1.2972610431870168,10.062959097425848,-1.5726625266197256,0.80711577411225,0.6280655579163332,0.007844246809825366,0.4864634974841743,0.15869063217116886,true
6.425,6.404803043058722,0.06109968755342807,0.6729165098413359,0.904148159172977,-0.00056156429802683,-0.005176440304841498,0.011069030299662096,-0.013834631656254702,0.0027656013565926056,0.009539666894151498,0.1284623905467427,1.2959295727406945,10.08800760460046,-1.588561651318888,0.8132739648051163,0.6309542439059855,0.007675954425058488,0.4795686315114995,0.15646528724675518,true
6.475,6.404803043058722,0.059925954753176976,0.6704399366665938,0.8976451716420983,-0.0005558439420630189,-0.005153647206140783,0.011045048914725342,-0.01379735786316313,0.002752308948437787,0.009356408674911934,0.12800788294133045,1.2945934893991944,10.113388798036308,-1.6046395415737724,0.8194235063504088,0.6338129217247283,0.007509554758722226,0.4727116765625985,0.1542517955350623,true
6.525,6.404803043058722,0.058761263128918384,0.6678439112715209,0.8910711033406314,-0.0005499959750068163,-0.005130702017417275,0.011019572648091775,-0.013758760196236973,0.002739187548145198,0.00917456208003173,0.12755098045656388,1.2932529656715066,10.139106426640994,-1.620897256833701,0.8255641510314059,0.636641781304457,0.007345074181295892,0.4658937660590903,0.15205052276929584,true
6.575,6.404803043058722,0.057605890512421626,0.665130135986498,0.88442749576282,-0.0005440257226485904,-0.005107605600076853,0.010992626131390343,-0.013718858142942127,0.002726232011551784,0.008994170488170227,0.12709171626735055,1.2919081755853057,10.165164288659406,-1.6373358589080005,0.83169564671572,0.6394410134105386,0.007182537710098906,0.4591160075853946,0.14986182663083242,true
6.625,6.404803043058722,0.056460107547915944,0.6623003625871855,0.8777159350892569,-0.0005379385694483338,-0.005084358832267706,0.010964234494046505,-0.01367767168228999,0.002713437188243486,0.008815276155775816,0.12663012395956677,1.2905592945569175,10.191566226129538,-1.6539564117457333,0.8378177356225682,0.6422108090030326,0.007021969011311229,0.45237948346153384,0.14768605694050224,true
6.675,6.404803043058722,0.0553241774764523,0.6593563910814606,0.8709380504518358,-0.0005317399536336129,-0.005060962608684746,0.010934423298061817,-0.013635221244596592,0.0027007979465347755,0.008637920183417741,0.12616623747090736,1.2892064994190369,10.21831613006859,-1.6707599814853,0.8439301552471431,0.6449513595921567,0.006863390389931014,0.44568524960589123,0.14552355528486927,true
6.725,6.404803043058722,0.05419835594902358,0.6563000684617504,0.8640955127337399,-0.0005254353549932374,-0.005037417840211084,0.010903218548877805,-0.013591527709206314,0.002688309160328509,0.008462142486608025,0.12570009109752278,1.287849968281345,10.245417939134056,-1.6877476369850937,0.8500326380485158,0.647662857025376,0.00670682278431997,0.4390343353715529,0.14337465496525292,true
6.775,6.404803043058722,0.05308289087605343,0.6531332874316327,0.8571900336001907,-0.0005190302871990825,-0.005013725453605548,0.01087064666618284,-0.01354661238238839,0.0026759657162055504,0.008287981772301743,0.12523171953040824,1.2864898804151403,10.272875635974641,-1.7049204497508799,0.8561249106126055,0.6503454930531498,0.006552285769040355,0.43242774380695564,0.14123968108462437,true
6.825,6.404803043058722,0.05197802225011152,0.6498579850564494,0.8502233638164209,-0.0005125302921023026,-0.004989886391215566,0.01083673442973123,-0.013500496962318769,0.0026637625325875384,0.008115475511217054,0.12476115781474409,1.2851264162480773,10.300693250669745,-1.7222794939991268,0.8622066942288727,0.652999459529727,0.006399797551220992,0.4258664508621433,0.13911895028571955,true
6.875,6.404803043058722,0.05088398199325219,0.6464761413892016,0.8431972918739201,-0.0005059409298991522,-0.004965901610597567,0.010801508969566043,-0.013453203526157394,0.0026516945565913507,0.007944659913999742,0.12428844134954715,1.2837597572612784,10.328874860139646,-1.7398258469632777,0.8682777047015662,0.6556249482715776,0.00624937497054393,0.41935140518463276,0.13701277068423584,true
6.925,6.404803043058722,0.04980099382228849,0.6429897780611935,0.8361136427296378,-0.0004992677706762809,-0.004941772084136995,0.010764997746956377,-0.013404754512574318,0.0026397567656179406,0.007775569910188086,0.12381360590464202,1.2823900858744057,10.357424585970534,-1.7575605890453727,0.8743376518284167,0.6582221507792951,0.006101033503168271,0.4128835281634235,0.13492144188306893,true
6.975,6.404803043058722,0.048729273108408924,0.6394009568153218,0.828974276268017,-0.0004925163875383116,-0.004917498798685565,0.010727228516620738,-0.013355172694780992,0.002627944178160254,0.007608239126294419,0.12333668761012527,1.2810175853666634,10.3863465947459,-1.7754848040475453,0.8803862393911308,0.660791258188731,0.005954787264255132,0.4064637136172394,0.132845254868533,true
7.025,6.404803043058722,0.04766902675677976,0.63571177801913,0.8217810857666182,-0.0004856923500574877,-0.004893082755189915,0.01068822928653555,-0.013304481152191098,0.002616251865655549,0.007442699867007091,0.12285772294720572,1.2796424398183583,10.415645098422058,-1.7935995792167942,0.8864231651390955,0.6633324612200726,0.005810649013267308,0.40009282753032266,0.13078449192123162,true
7.075,6.404803043058722,0.04662045309176929,0.6319243791324012,0.8145359962562264,-0.00047880121698936457,-0.004868524968287644,0.010648028290012915,-0.01325270324804968,0.0026046749580367658,0.007278983097270218,0.12237674871350442,1.278264834080491,10.445324357105044,-1.8119060054341867,0.8924481212871562,0.6658459503413474,0.005668630157888715,0.39377170748894635,0.12873942642774652,true
7.125,6.404803043058722,0.045583741762849794,0.6280409331527741,0.8072409630407784,-0.00047184852810241924,-0.004843826465867341,0.010606653972410923,-0.01319986261441623,0.002593208642005306,0.0071171184275918824,0.12189380209384004,1.2768849535626208,10.475388671358449,-1.8304051773330847,0.8984607927634599,0.6683319149953231,0.0055287407679095076,0.3875011634913354,0.12671032314597513,true
7.175,6.404803043058722,0.04455907365681104,0.6240636470210413,0.7998979701674376,-0.0004648397965334333,-0.004818988288623701,0.010564134974740567,-0.013145983135653044,0.0025818481609124772,0.0069571341003377835,0.12140892057004987,1.2755029842893562,10.505842390332623,-1.8490981935805513,0.9044608589316643,0.6707905442831168,0.005390989577128234,0.38128197671488606,0.12469743779452415,true
7.225,6.404803043058722,0.043546620817349016,0.6199947599935097,0.7925090288564021,-0.00045778050198803737,-0.00479401148962232,0.010520500107147241,-0.013091088926867138,0.0025705888197198965,0.006799056977176396,0.12092214198439455,1.2741191126899618,10.536689904603175,-1.8679861570694716,0.910447991969549,0.6732220262582774,0.0052553839989343655,0.375114900264057,0.12270101729662823,true
7.275,6.404803043058722,0.042546546377245795,0.6158365419912322,0.7850761758225349,-0.0004506760857537332,-0.004768897133890797,0.010475778304319571,-0.013035204303208224,0.002559425998888653,0.006642912528490021,0.12043350451449972,1.2727335255684997,10.567935647968026,-1.8870701749290895,0.9164218571605687,0.6756265480231578,0.005121930137350976,0.3690006588104797,0.12072129965662716,true
7.325,6.404803043058722,0.04155900449723565,0.6115912919171187,0.7776014714412796,-0.00044353194509609063,-0.004743646297993902,0.010429998591066858,-0.01297835375405506,0.0025483551629882015,0.006488724823829781,0.11994304664418529,1.271346410075196,10.599584099665936,-1.9063513586003176,0.9223821132379322,0.6780042958397974,0.004990632798831422,0.3629399482232617,0.11875851383284916,true
7.375,6.404803043058722,0.04058414032327187,0.6072613359648203,0.770086998116206,-0.0004363534254884802,-0.004718260069564093,0.010383190076999917,-0.012920561931811677,0.0025373718548117596,0.006336516525243566,0.11945080716348337,1.2699579536025434,10.631639783433586,-1.9258308240865656,0.928328412121147,0.6803554549944325,0.004861495506557076,0.35693343558533386,0.11681287973813954,true
7.425,6.404803043058722,0.03962208995841526,0.6028490259097745,0.7625348587579421,-0.00042914581373647813,-0.004692739546843209,0.010335381946711467,-0.012861853638650278,0.0025264716919388107,0.0061863088828869066,0.11895682518733858,1.2685683436530593,10.664107264591674,-1.945509692129659,0.9342603982562997,0.6826802095131204,0.00473452051754529,0.3509817594450763,0.11488460831760484,true
7.475,6.404803043058722,0.0386729804379312,0.5983567373615502,0.7549471750751893,-0.00042191433314797883,-0.004667085838266622,0.010286603428086353,-0.012802253802341582,0.0025156503742552287,0.006038121731134805,0.11846114015190048,1.2671777677604368,10.696991149465205,-1.965389088278398,0.9401777084054715,0.6849787420647488,0.004609708839801248,0.3450855298113074,0.11297390154074458,true
7.525,6.404803043058722,0.0377369297126535,0.593786867994581,0.7473260857487475,-0.00041466413906668067,-0.004641300062064834,0.010236883756693495,-0.012741787450029917,0.0025049036933364223,0.005891973485984292,0.11796379179516088,1.2657864134440635,10.730296086463953,-1.98547014292859,0.9460799717626456,0.6872512339931943,0.004487060249685354,0.3392453279905175,0.11108095234087384,true
7.575,6.404803043058722,0.0368140466474037,0.5891418357752062,0.7396737446412072,-0.00040740031383935786,-0.004615383345862986,0.010186252150390757,-0.0126804796870736,0.002494227536682844,0.0057478811448076214,0.11746482014208709,1.2643944681571484,10.764026766718063,-2.0057539913470253,0.9519668099799994,0.6894978653126707,0.004366573310764228,0.3334617065078148,0.10920594458180115,true
7.625,6.404803043058722,0.03590443103203011,0.5844240771827037,0.7319923190716475,-0.0004001278612217389,-0.0045893368262789405,0.010134737795101474,-0.012618355681534382,0.0024836178864329084,0.005605860288075828,0.11696426549992961,1.2630021192075325,10.798187923543987,-2.026241773754482,0.9578378369696767,0.6917188146176347,0.004248245394063267,0.3277351891688229,0.1073490530708831,true
7.675,6.404803043058722,0.035008173603340964,0.5796360454226828,0.7242839881475265,-0.0003928517011159301,-0.004563161648539581,0.010082369830566658,-0.012555440648783493,0.0024730708182168354,0.0054659250827832195,0.11646216846326876,1.261609553657397,10.832784330778614,-2.046934635411579,0.9636926584880968,0.6939142589150815,0.004132072699835425,0.322066271247577,0.10551044361341284,true
7.725,6.404803043058722,0.03412535607466652,0.5747802086230027,0.7165509410298588,-0.00038557666557514274,-0.004536858966135596,0.010029177324780767,-0.012491759830514171,0.0024625825057334044,0.005328088287062982,0.11595856991043083,1.2602169582503202,10.867820802065271,-2.067833726605062,0.9695308718977196,0.6960843735301745,0.004018050280085639,0.31645541959297263,0.10369027303949649,true
7.775,6.404803043058722,0.03325605117294092,0.5698590480131115,0.7087953751006397,-0.0003783074951723501,-0.004510429940503512,0.009975189246887735,-0.01242733847297001,0.002452149226082275,0.005192361255976879,0.11545351098550947,1.258824519369957,10.903302191718982,-2.088940202609454,0.9753520662307072,0.6982293321265527,0.0039061720612060067,0.31090307260017164,0.10188868918583195,true
7.825,6.404803043058722,0.03240032268928106,0.5648750561080373,0.7010194941855902,-0.0003710488346982119,-0.004483875740717824,0.009920434451448648,-0.012362201810909447,0.002441767359460799,0.005058753949412274,0.1149470330876309,1.257432422981608,10.939233394767076,-2.110255223668699,0.9811558220897586,0.7003493066653936,0.0037964308677977234,0.3054096402877508,0.10010583091220851,true
7.875,6.404803043058722,0.03155822554399912,0.5598307349027604,0.6932255068721577,-0.00036380522886459815,-0.004457197543204875,0.009864941667482533,-0.012296375054098559,0.002431433386616026,0.00492727494223272,0.1144391778738773,1.2560408545529431,10.975619345476405,-2.131779954902531,0.9869417112442962,0.7024444672557395,0.003688818448274094,0.29997550453999894,0.09834182817226766,true
7.925000000000001,6.404803043058722,0.0307298058603082,0.5547285940639715,0.6854156248114098,-0.0003565811187930508,-0.004430396531496763,0.009808739481713692,-0.012229883371033052,0.00242114388931936,0.004797931435785832,0.11392998725950566,1.2546499989890187,11.012465016178943,-2.153515566118091,0.9927092962762041,0.7045149820292416,0.0035833255012534615,0.29460101933332444,0.09659680207859081,true
7.975,6.404803043058722,0.02991510104329859,0.5495711491160742,0.6775920609657674,-0.0003493808390431408,-0.004403473896027537,0.009751856316951012,-0.012162751870295833,0.002410895553344821,0.004670729270234066,0.11341950340898554,1.2532600405846535,11.049775417067865,-2.1754632316244016,0.9984581304212709,0.7065610170897441,0.0034799417020005842,0.2892865108831343,0.09487086494122153,true
8.025,6.404803043058722,0.029114139865170738,0.5443609196291435,0.6697570278465298,-0.00034220861484175307,-0.004376430833968419,0.00969432041017232,-0.012095005581820611,0.0024006851716482907,0.004545672937862393,0.11290776872369318,1.2518711629779535,11.087555596298433,-2.197624130092102,1.0041877574829103,0.7085827364899284,0.0033786557291098553,0.28403227777753737,0.09316412030166447,true
8.075,6.404803043058722,0.028326942558256775,0.5391004274129343,0.6619127357605606,-0.00033506855940094944,-0.0043492685491009365,0.009636159793258768,-0.012026669439545574,0.002390509646286806,0.004422765597602009,0.11239482582890217,1.2504835491020316,11.125810640123538,-2.2199994444388875,1.0098977117578976,0.7105803022123949,0.0032794552916449644,0.27883859112664666,0.09147666297185802,true
8.125,6.404803043058722,0.027553520918494688,0.5337921947238657,0.6540613910942963,-0.0003279646711943933,-0.004321988251727067,0.009577402278771071,-0.011957768266689005,0.002380365987917934,0.004302009091186048,0.11188071756418717,1.2490973811322772,11.16454567263261,-2.2425903616838823,1.0155875178787377,0.7125538741219365,0.0031823271570905662,0.2737056947677546,0.08980857909139076,true
8.175,6.404803043058722,0.026793878421361404,0.5284387424910104,0.6462051946552243,-0.00032090083133596735,-0.00429459115862015,0.00951807544928441,-0.011888326762947892,0.002370251313663481,0.004183403961250545,0.11136548698028899,1.2477128404323512,11.203765854794751,-2.265398072674904,1.0212566905018439,0.7145036098664089,0.003087257180459687,0.2686338055521315,0.08815994621139078,true
8.225,6.404803043058722,0.026048010348377885,0.5230425885575651,0.6383463400408276,-0.0003138808013083826,-0.004267078493023995,0.009458206646373106,-0.01181836949167583,0.0023601628453027244,0.004066949471086033,0.11084917733781458,1.2463301075108748,11.243476383344412,-2.288423771662845,1.0269047339434039,0.7164296647638059,0.002994230334255886,0.2636231136633382,0.08653083338850977,true
8.275,6.404803043058722,0.025315903920548742,0.5176062459335442,0.6304870120076681,-0.0003069082211159425,-0.0042394514847060045,0.009397822956746705,-0.011747920865774501,0.0023500979090277964,0.003952643625471847,0.11033183210328706,1.2449493619907206,11.28368248997499,-2.311668655792047,1.0325311418663483,0.7183321917111787,0.0029032307387547697,0.25867378292283005,0.08492130127449384,true
8.325,6.404803043058722,0.024597538435947346,0.5121322210586041,0.6226293848291287,-0.0002999866078881514,-0.004211711370068798,0.009336951194624861,-0.011677005131813105,0.0023400539371882436,0.003840483192157674,0.10981349494010785,1.243570782588569,11.324389441086552,-2.3351339245808296,1.0381353970802016,0.7202113411347667,0.0028142416922389436,0.2537859510621843,0.08333140219461121,true
8.375,6.404803043058722,0.02389288541063809,0.5066230120764248,0.6147756206357229,-0.00029311935477417363,-0.004183859392320251,0.009275617882922124,-0.011605646353637108,0.002330028470714984,0.0037304637238661496,0.10929420969250211,1.2421945471046472,11.36560253831878,-2.3588207794418867,1.043716971503129,0.72206726099525,0.002727245700983739,0.24895972994853532,0.08176118021055602,true
8.425,6.404803043058722,0.023201908725262826,0.5010811071313304,0.6069278677815593,-0.0002863097296759612,-0.004155896801695922,0.009213849239850962,-0.011533868398787263,0.002320019158936301,0.003622579581179808,0.10877402036903969,1.2408208324061285,11.407327119071006,-2.382730423262369,1.0492753261311416,0.7239000967939632,0.0026422245092545147,0.24419520582756352,0.08021067118916632,true
8.475,6.404803043058722,0.022524564780735362,0.4955089827012501,0.5990882593048408,-0.00027956087368394847,-0.004127824855731526,0.009151671173620576,-0.011461694929131745,0.002310023755511169,0.003516823956850104,0.10825297113739488,1.2394498143839447,11.449568555590337,-2.4068640599745246,1.0548099107337257,0.7257099914885023,0.0025591591299489384,0.23949243968624037,0.07867990291075143,true
8.525,6.404803043058722,0.021860802663337908,0.4899091019668878,0.5912589114755394,-0.0002728757997366954,-0.004099644819594244,0.009089109278730599,-0.011389149392505347,0.002300040113774748,0.0034131889015743895,0.10773110632978022,1.2380816678969429,11.492332252738581,-2.431222893982801,1.0603201632836055,0.7274970853253335,0.0024780298760746027,0.23485146772027676,0.07716889521191944,true
8.575,6.404803043058722,0.021210564316074557,0.4842839132037466,0.583441922348316,-0.00026625739206221526,-0.004071357966485393,0.00902618882543105,-0.011316255011113819,0.002290066185682768,0.003311665350749817,0.10720847044457069,1.2367165667442817,11.535623646302215,-2.455808129375767,1.0658055094699284,0.7292615157060055,0.002398816392522727,0.23027230177331645,0.07567766011880882,true
8.625,6.404803043058722,0.02057378471321144,0.47863584818877924,0.5756393702658389,-0.00025970840630314005,-0.0040429655781179675,0.00896293474205528,-0.01124303476649013,0.00228010002443485,0.0032122431517247843,0.10668510813317894,1.2353546836855087,11.579448203242857,-2.480620968993393,1.0712653625686952,0.7310034171720535,0.0023214976874799446,0.22575492965879773,0.07420620194131755,true
8.675,6.404803043058722,0.019950392037387653,0.47296732062819863,0.5678533123458753,-0.0002532314696922697,-0.004014468945262355,0.008899371598235178,-0.01116951138497966,0.002270139786744481,0.0031149110914517686,0.1061610641772104,1.2339961904811738,11.623811423191025,-2.505662613505802,1.076699123553248,0.732722921464894,0.002246052163314701,0.22129931541775888,0.07275451734617001,true
8.725,6.404803043058722,0.01934030786058597,0.4672807246208077,0.560085783034788,-0.000246829080826234,-0.003985869368353128,0.008835523596119933,-0.011095707327354473,0.0022601837312345406,0.0030196569247427914,0.10563638347125559,1.2326412579067452,11.668718839112431,-2.5309342605997585,1.08210618106213,0.7344201575367376,0.00217245764730107,0.21690539964489347,0.07132259545277575,true
8.775,6.404803043058722,0.018743447330042184,0.46157843316435,0.5523387927690304,-0.0002405036092322124,-0.003957168158158651,0.008771414568331483,-0.011021644781986747,0.0022502302136552643,0.00292646740329597,0.10511111102006306,1.2312900557226782,11.7141760159652,-2.556437104218524,1.0874859109968409,0.7360952514445752,0.0021006914225763203,0.21257309994752535,0.06991041797326422,true
8.825,6.404803043058722,0.01815971935856952,0.45586279669951874,0.5446143267022372,-0.00023425729528916132,-0.003928366636522522,0.008707067975259771,-0.010947345657903229,0.002240277682643458,0.0028353283054114086,0.10458529194236678,1.2299427526327185,11.76018854840981,-2.5821723337168714,1.0928376759379574,0.7377483261916199,0.0020307302592814237,0.20830231146413683,0.06851795937225189,true
8.875,6.404803043058722,0.01758902681796632,0.45013614168457133,0.5369143434345831,-0.000228092250726117,-0.003899466137183608,0.008642506897371255,-0.010872831575527705,0.00223032467815645,0.0027462244661884843,0.10405897146805526,1.2285995162699423,11.806762059406923,-2.60814113287074,1.0981608247221384,0.739379501623576,0.0019625504454960662,0.20409290733308616,0.06714518701004851,true
8.925,6.404803043058722,0.017031266734798378,0.4444007692038333,0.5292407737403859,-0.00022201045943036747,-0.003870468006674208,0.008577754024804377,-0.010798123856215447,0.00222036983141107,0.002659139808093897,0.1035321949262741,1.2272605132108516,11.853902200033442,-2.6343446788061224,1.1034546922536952,0.7409888943989497,0.0018961278177366636,0.19994473909799476,0.06579206126490021,true
8.975,6.404803043058722,0.016486330488422192,0.43865895361735596,0.5215955193302502,-0.00021601377833329067,-0.003841373605293824,0.008512831647556722,-0.010723243512227601,0.002210411864670879,0.002574057371879599,0.10300500773104716,1.2259259089939583,11.90161464959967,-2.6607841409193154,1.1087185993887927,0.7425766179805828,0.0018314377910843872,0.19585763710617252,0.06445853565303514,true
9.025,6.404803043058722,0.015954104011038445,0.43291294125181123,0.5139804516619693,-0.00021010393836441956,-0.003812184308158179,0.008447761647386772,-0.010648211237715836,0.0022004495903290636,0.002490959347817711,0.10247745536788014,1.2245958681324705,11.949905115582132,-2.6874606798038276,1.1139518527976104,0.7441427826188923,0.001768455389013057,0.19183141092711803,0.06314455695549571,true
9.075,6.404803043058722,0.015434467989818151,0.42716494912997327,0.5063974107975702,-0.00020428254544515025,-0.0037829015063224483,0.008382565492397655,-0.010573047401212952,0.0021904819088152967,0.0024098271072590487,0.10194958338160948,1.223270554120857,11.998779333329978,-2.7143754461782503,1.1191537447867206,0.7456874953218624,0.0017071552729184547,0.18786584979155027,0.061850065351908456,true
9.125,6.404803043058722,0.014927298071738728,0.4214171637427001,0.498848204322242,-0.00019855108145540743,-0.0037535266079770082,0.00831726423521649,-0.01049777204010545,0.0021805078048889592,0.002330641234614756,0.10142143736898937,1.2219501294274582,12.048243065041413,-2.7415295797962966,1.1243235529838684,0.7472108597836354,0.0016475117714522694,0.18396072307447883,0.06057499456898219,true
9.175,6.404803043058722,0.014432465071119095,0.415671739868199,0.4913346063369807,-0.00019291090527800398,-0.003724061039715951,0.008251878512957085,-0.010422404856199843,0.002170526343242758,0.00225338155975935,0.10089306297845159,1.220634755469304,12.098302097637804,-2.7689242083012378,1.129460539820025,0.748712976254781,0.0015894989097359217,0.18011578083525964,0.05931927204801707,true
9.225,6.404803043058722,0.013949835178302939,0.40993079943491206,0.48385835649578834,-0.000187363254186196,-0.0036945062478823017,0.008186428544546816,-0.010346965210166904,0.002160536665620088,0.0021780271906130244,0.10036450591047415,1.2193245925887188,12.148962240459442,-2.79656044599717,1.134563951987808,0.7501939414089486,0.0015330904382619365,0.17633075436279155,0.05808281911422387,true
9.275,6.404803043058722,0.01347927016754806,0.40419643042139675,0.4764211590450192,-0.00018190924565155689,-0.0036648636999930453,0.008120934123322992,-0.010271472113786165,0.0021505379904631725,0.0021045565456000045,0.09983581190831527,1.2180198000556846,12.200229324265518,-2.8244393925826277,1.139633020161512,0.7516538482877666,0.001478259861128031,0.17260535665459958,0.05686555112425654,true
9.325,6.404803043058722,0.013020627603439368,0.39847068579514056,0.46902468186578405,-0.00017654987932370965,-0.003635134886242193,0.008055414607966159,-0.010195944221500216,0.0021405296135340573,0.0020329473858763884,0.09930702673794495,1.2167205360894315,12.252109201699882,-2.8525621319637007,1.144666959022326,0.753092786332128,0.001424980463441496,0.1689392828286486,0.05566737759164785,true
9.375,6.404803043058722,0.012573761046611738,0.39275558250048365,0.4616705555655485,-0.00017128603887996225,-0.0036053213210764973,0.007989888916805195,-0.010120399823804135,0.00213051090699894,0.001963176847450242,0.09877819616697563,1.215426957864167,12.304607747742198,-2.880929731241376,1.1496649673252572,0.7545108414207102,0.001373225338060072,0.16533221054042846,0.05448820231426128,true
9.425,6.404803043058722,0.0121385202599601,0.38705310050358777,0.4543603726612595,-0.00016611849368899136,-0.0035754245448389043,0.007924375527563692,-0.010044856843535635,0.0021204813159719435,0.001895221473377758,0.09824936595306266,1.2141392214703237,12.357730858541752,-2.909543239864189,1.1546262277108374,0.7559080958318403,0.0013229674119602014,0.16178380047378468,0.05332792352645838,true
9.475,6.404803043058722,0.011714751415899099,0.3813651818932226,0.44709568685495005,-0.0001610479004903309,-0.003545446125477655,0.007858892480235757,-0.009969332833935156,0.0021104403536993995,0.001829057246123297,0.09772058184346824,1.2128574818352391,12.411484448363504,-2.938403688843302,1.1595499062000039,0.7572846281152489,0.0012741794723886953,0.1582936969088388,0.05218643407702529,true
9.525,6.404803043058722,0.01130229730439055,0.3756937300292456,0.4398780123653181,-0.00015607480534935832,-0.0035153876603215206,0.0077934573787462715,-0.009893844976303384,0.0021003875975571127,0.001764659620039299,0.09719188957793722,1.2115818926363526,12.46587444587953,-2.967512089909187,1.164435151584312,0.7586405129367304,0.0012268341927310958,0.15486152830882008,0.051063621613489714,true
9.575000000000001,6.404803043058722,0.010900997540814389,0.3700406087311072,0.4327088232744212,-0.00015119964597957707,-0.003485250777921244,0.007728087388830276,-0.009818410075951058,0.0020903226871207816,0.0017020035538217633,0.09666333488450907,1.2103126062403708,12.520906791457403,-2.99686943457662,1.169281095009768,0.7599758209787204,0.0011809041578771833,0.15148690785853414,0.04995936875049774,true
9.625,6.404803043058722,0.010510688772655423,0.3644076415060258,0.42558955288023037,-0.0001464227542746227,-0.0034550371399549185,0.007662799233528627,-0.009743044557116559,0.002080245323587932,0.0016410635427808356,0.09613496346468517,1.209049773670361,12.576587436000857,-3.0264766932222176,1.1740868498690578,0.7612906189250452,0.0011363618888831678,0.14816943393709478,0.04887355321655058,true
9.675,6.404803043058722,0.010131204884350813,0.3587966108244788,0.4185215930850794,-0.00014174435880262283,-0.003424748443191853,0.00759760918993332,-0.009667764458664652,0.002070155268731332,0.0015818136508242233,0.09560682097443476,1.207793544566317,12.632922340230104,-3.0563348143519895,1.1788515118265686,0.762584969477893,0.0010931798668901407,0.1449086905707267,0.047806047994394085,true
9.725,6.404803043058722,0.009762377200066993,0.35320925745022996,0.411506293855679,-0.00013716458718545277,-0.003394386421509296,0.007532533089061348,-0.00959258543151936,0.0020600523424580113,0.0015242275421173302,0.09507895301037,1.206544067101404,12.689917472795578,-3.0864447241713897,1.183574158705897,0.7638589313325231,0.0010513305564000108,0.14170424792299546,0.0467567214741395,true
9.775,6.404803043058722,0.009404034684528134,0.3476472798236987,0.40454496275708723,-0.00013268346849678984,-0.0033639528479580297,0.0074675863174946235,-0.009517522737161872,0.0020499364196672485,0.0014682785124391707,0.0945514051028713,1.2053014878512336,12.74757880689212,-3.116807326428797,1.1882538501789564,0.7651125590952533,0.0010107864280067698,0.1385556628286762,0.045725437621142444,true
9.825000000000001,6.404803043058722,0.009056004142478037,0.34211233349241144,0.3976388645347491,-0.00012830093582327486,-0.0033334495368737217,0.007402783818619749,-0.009442591246109619,0.00203980742748987,0.00141393952032492,0.09402422271000095,1.204065951647045,12.80591231645432,-3.147423502406446,1.192889627430878,0.7663459031933563,0.0009715199806178006,0.1354624793309243,0.04471205614517537,true
9.875,6.404803043058722,0.008718110417649553,0.3366060305872912,0.3907892207303951,-0.00012401682897058942,-0.003302878346029408,0.007338140093302104,-0.009367805436286783,0.002029665342984679,0.0013611832181315714,0.0934974512077159,1.2028376014374327,12.864923972795616,-3.1782941109526623,1.197480512938024,0.7675590098131145,0.0009335037631927687,0.13242422919569347,0.043716432662195256,true
9.925,6.404803043058722,0.008390176591686012,0.331129939350771,0.3839972093461165,-0.00011983089721849874,-0.003272241178822381,0.007273669201107738,-0.009293179391841468,0.0020195101907337296,0.0013099819830961017,0.09297113587912952,1.2016165781530752,12.924619741284868,-3.20941998853116,1.2020255102879478,0.7687519208457855,0.0008967103960521277,0.1294404324206676,0.042738418854439825,true
9.975,6.404803043058722,0.008072024182242732,0.32568558372032985,0.37726396457011546,-0.00011574280210837026,-0.003241539986489069,0.007209384762097583,-0.00921872680242367,0.002009342040326086,0.001260307948265619,0.09244532190641402,1.200403020557438,12.985005577379594,-3.240801949349644,1.2065236039391651,0.7699246738142578,0.0008611125917258291,0.126510597758239,0.04177786263537923,true
10.025,6.404803043058722,0.007763473338571466,0.3202744429618585,0.3705905765500125,-0.00011175212033240062,-0.003210776770343188,0.0071452999578689134,-0.009144460962258797,0.0019991610043898836,0.0012121330330345159,0.09192005436240464,1.1991970650822235,13.04608742238403,-3.2724407856834903,1.210973759007288,0.7710773018033131,0.0008266831751774833,0.12363422323442842,0.04083460831356267,true
10.075000000000001,6.404803043058722,0.007464343033314374,0.31489795134521903,0.36397809119232294,-0.00010785834672354275,-0.003179953584032705,0.007081427531648056,-0.009070394768910847,0.0019889672372627914,0.0011654289730898032,0.09139537819658372,1.197998845653679,13.107871199754596,-3.3043372685295105,1.2153749212365559,0.7722098334337835,0.0007933951032342575,0.12081079663539801,0.039908496745986934,true
10.125,6.404803043058722,0.007174451250747095,0.3095574978630259,0.35742750999567163,-0.00010406089723113195,-0.003149072535808575,0.007017779789472332,-0.008996540722752074,0.001978760933279742,0.0011201673498020346,0.09087133821759502,1.1968084934980165,13.170362811563434,-3.336492148668256,1.2197260170910773,0.7733222928615592,0.0007612214832483621,0.11803979597575799,0.03899936548571158,true
10.175,6.404803043058722,0.00689361517276026,0.304254426000278,0.35093978994782316,-0.00010035911181707844,-0.0031181357907954068,0.0069543686041269375,-0.008922910927978627,0.0019685423238516896,0.0010763196192631237,0.09034797908103882,1.1956261369041108,13.23356813362342,-3.3689061580766184,1.2240259536950935,0.7744146997314796,0.0007301355912031503,0.11532068999485164,0.03810704893902203,true
10.225,6.404803043058722,0.006621651363577804,0.29899003355712506,0.34451584349649667,-9.675225735981563e-5,-0.0030871455732543597,0.0068912054206677256,-0.008849517094593404,0.001958311673925678,0.001033857141126938,0.08982534528627314,1.1944519009468224,13.297493008683766,-3.4015800115145294,1.228273618500896,0.7754870690572279,0.0007001108894397315,0.11265293869596872,0.03723137853704522,true
10.275,6.404803043058722,0.006358375953155774,0.2937655725177545,0.338156538566758,-9.323953071050021e-5,-0.0030561041688311106,0.006828301260543032,-0.00877637053985819,0.001948069279315158,0.0009927512072438725,0.08930348117463723,1.1932859072105466,13.362143239153454,-3.434514408118753,1.232467878920992,0.7765394110892504,0.0006711210439787768,0.11003599388553503,0.036372182907509605,true
10.325000000000001,6.404803043058722,0.006103604818449373,0.28858224895811635,0.3318626985924841,-8.982006192363513e-5,-0.003025013926783312,0.006765666722909257,-0.008703482188500752,0.001937815465591495,0.0009529730699625843,0.08878243091851437,1.1921282735511491,13.427524581358888,-3.467710032984109,1.236607582270257,0.7775717312567452,0.0006431399412745553,0.10746929966016754,0.035529288029351,true
10.375,6.404803043058722,0.005857153761689389,0.2834412229941294,0.3256351025620496,-8.649291753115912e-5,-0.0029938772621807804,0.0067033119848889594,-0.008630862572543856,0.0019275505876548962,0.0009144939699647979,0.08826223849967978,1.1909791138911465,13.493642741629168,-3.501167558875981,1.2406915560873577,0.7785840301973048,0.0006161417042751275,0.10495229283923882,0.03470251736943866,true
10.425,6.404803043058722,0.005618838685114919,0.2783436087787873,0.3194744851102306,-8.325710370883752e-5,-0.0029626966580685444,0.006641246803860703,-0.008558521832303967,0.0019172750284432638,0.0008772851635468165,0.08774294768643853,1.1898385380003798,13.56050337233291,-3.534887648270318,1.2447186085405055,0.7795763037977615,0.0005901007077874824,0.10248440339274376,0.03389169201802409,true
10.475,6.404803043058722,0.005388475761894407,0.27329047455308453,0.3133815366856254,-8.011156930592199e-5,-0.002931474667580948,0.006579480523139582,-0.008486469719246988,0.001906989196107406,0.0008413179493059086,0.0872246020206164,1.1887066512153939,13.628112065612306,-3.568870955823093,1.248687528549235,0.7805485431555377,0.0005649915932218794,0.1000650549149401,0.033096630839706744,true
10.525,6.404803043058722,0.005165881603163396,0.2682828427452827,0.307356903789341,-7.705520884956713e-5,-0.002900213915995609,0.006518022079358228,-0.008414715599858354,0.0018966935205001253,0.0008065636942203833,0.08670724481606322,1.1875835540969073,13.69647434440101,-3.603118131199286,1.2525970855443382,0.7815007344445029,0.000540789282769801,0.09769366514505823,0.03231715064032422,true
10.575000000000001,6.404803043058722,0.004950873421266839,0.26332169010592155,0.3014011892486872,-7.408686566167318e-5,-0.0028689171027189942,0.006456880008426576,-0.008343268458959639,0.0018863884505330624,0.0007729938591370743,0.08619091915868878,1.186469342076844,13.765595652743864,-3.6376298220686687,1.2564460291790682,0.7824328587643578,0.0005174689930010517,0.09536964648446242,0.03155306633289862,true
10.625,6.404803043058722,0.004743269189459538,0.25840794787008325,0.2955149524912432,-7.120533511687324e-5,-0.002837587003197585,0.00639606244852672,-0.008272136901689042,0.001876074453162322,0.0007405800237058202,0.0856756678955795,1.1853641051565833,13.835481348114978,-3.6724066770846915,1.2602330894147737,0.7833448920753362,0.0004950062478331453,0.0930924064555604,0.030804191084424462,true
10.675,6.404803043058722,0.004542887798315564,0.25354250195139083,0.2896987098215078,-6.840936792920596e-5,-0.0028062264707477452,0.006335577141723683,-0.008201329154931089,0.0018657520132074057,0.0007092939108001095,0.08516153361089569,1.1842679276722672,13.90613669644801,-3.707449348790703,1.2639569770892796,0.7842368052403519,0.0004733768908613366,0.09086134809852137,0.030070336442191564,true
10.725,6.404803043058722,0.004349549208732489,0.2487261931816619,0.283952934738413,-6.569767332631523e-5,-0.002774838438294303,0.0062754314372122574,-0.008130853069708923,0.0018554216324966656,0.0006791074104060643,0.0846485585995071,1.183180888081936,13.977566867734305,-3.7427584965387553,1.267616384628678,0.7851085640895584,0.0004525570970866509,0.08867587035811679,0.02935131245706843,true
10.775,6.404803043058722,0.004163074600739308,0.243959817604884,0.2782780583275639,-6.30689220794752e-5,-0.002743425920005521,0.006215632297496882,-0.008060716125192876,0.0018450838276959942,0.0006499926028562405,0.08413678485111113,1.182103058714771,14.04977692939689,-3.7783347895665496,1.2712099864729929,0.7859601294047449,0.00043252338405533114,0.08653536851329273,0.02864692782128003,true
10.825000000000001,6.404803043058722,0.00398328651691922,0.23924412681864407,0.2726744697210923,-6.052174947475127e-5,-0.002711992012813646,0.006156186305967007,-0.007990925433556163,0.0018347391275891555,0.0006219217812226329,0.08362625404598505,1.1810345054668074,14.12277183690867,-3.8141789103431245,1.2747364391524794,0.7867914568113834,0.0004132526223399332,0.08443923464790605,0.0279569900201905,true
10.875,6.404803043058722,0.003810008999600086,0.2345798283463108,0.26714251658563204,-5.805475832139874e-5,-0.0026805398978138246,0.006097099673381597,-0.00792148774442847,0.001824388071046873,0.0005948674727366092,0.0831170075515521,1.1799752874813079,14.1965564237794,-3.8502915582012682,1.2781943813594348,0.7876024966619734,0.0003947220452563447,0.08238685811356837,0.0272813054817857,true
10.925,6.404803043058722,0.0036430677219236336,0.2299675860286385,0.26168250560733985,-5.566652200552308e-5,-0.0026490728415365077,0.006038378242372669,-0.007852409448495485,0.0018140312061228157,0.0005688024592531147,0.08260908640907833,1.1789254568633896,14.271135393331642,-3.8866734531678095,1.2815824343814426,0.7883931939957337,0.0003769092577836477,0.08037762594275814,0.026619679709923984,true
10.975,6.404803043058722,0.003482290113657832,0.2254080204372516,0.25629470297774826,-5.335558751954111e-5,-0.0026175941970874887,0.005980027491182285,-0.007783696580848811,0.0018036690896665267,0.0005436997968941142,0.08210253131014345,1.1778850584473584,14.346513312700205,-3.9233253398223256,1.2848992029287598,0.7891634885792007,0.0003597922447671262,0.07841092321578401,0.02597191740251448,true
11.025,6.404803043058722,0.0033275054825390076,0.22090170932104425,0.2509793349082581,-5.112047840092361e-5,-0.002586107405147244,0.005922052538416885,-0.007715354824978923,0.0017933022865620372,0.0005195328349940798,0.081597382571166,1.1768541296014328,14.422694607575522,-3.9602479910030475,1.2881432760919256,0.7899133149638903,0.0003433493785237722,0.07648613341731154,0.0253378225664752,true
11.075000000000001,6.404803043058722,0.003178545131167382,0.21644918809439706,0.24573658819749616,-4.8959697558326236e-5,-0.0025546159948195905,0.005864458149700967,-0.007647389517853078,0.001782931368152111,0.0004962752343512212,0.08109368011486195,1.1758327000415112,14.499683555809147,-3.9974422112713937,1.2913132281293416,0.7906426024914082,0.00032755942590401854,0.0746026388154232,0.024717198640438705,true
11.125,6.404803043058722,0.003035242468650396,0.21205095036710622,0.24056661085396103,-4.6871730015620205e-5,-0.0025231235843202002,0.0058072487455397255,-0.007579805655730498,0.0017725569101907724,0.00047390098465867336,0.08059146346099487,1.1748207916387032,14.57748427917927,-4.034908840173611,1.2944076189967242,0.7913512752274303,0.0003124015547611143,0.07275982086779353,0.024109848626756563,true
11.175,6.404803043058722,0.002897433115835146,0.20770744850677803,0.23546951275354722,-4.485504562069356e-5,-0.002491633881498894,0.00575042840876209,-0.007512607899896176,0.0017621794911340857,0.0004523844209347346,0.08009077172093375,1.1738184182288656,14.656100734287948,-4.07264875543556,1.2974249948013685,0.7920392518681902,0.0002978553397139746,0.07095706063082162,0.023515575224802316,true
11.225,6.404803043058722,0.0027649550032423564,0.20341909422076446,0.2304453663020094,-4.290810174187131e-5,-0.0024601506841929856,0.005694000890223526,-0.0074458005816484,0.001751799691424874,0.0004317002388135741,0.07959164358587767,1.1728255854525869,14.73553670476893,-4.110662876240255,1.3003638885376032,0.7927064457007387,0.0002839007670943245,0.0691937391346373,0.022934180953262367,true
11.275,6.404803043058722,0.0026376484615486836,0.19918625915018853,0.22549420708592188,-4.1029345926565004e-5,-0.0024286778804112233,0.005637969612909891,-0.0073793877066106045,0.0017414180937007136,0.00041182350867248994,0.07909411730242048,1.1718422906475012,14.815795796378902,-4.148952166667094,1.3032228213372736,0.7933527646678513,0.0002705182390491631,0.06746923770530845,0.022365468255204732,true
11.325000000000001,6.404803043058722,0.0025153563051675014,0.19500927547934466,0.22061603452383016,-3.921721846154308e-5,-0.0023972194483462225,0.005582337676015952,-0.007313372959155693,0.0017310352831397405,0.0003927296886816133,0.07859823063925563,1.1708685227836886,14.89688143436275,-4.18751763925749,1.306000304112243,0.7939781115068044,0.0002576885768715506,0.06578293825247243,0.021809239591969093,true
11.375,6.404803043058722,0.002397923909640935,0.19088843656923604,0.21581081254383166,-3.7470154805666345e-5,-0.002365779456210481,0.005527107859979801,-0.00724775970743307,0.0017206518474532691,0.0003743946368873454,0.07810402085531218,1.1699042624127878,14.978796860920095,-4.22636035856227,1.3086948392293476,0.7945823838795868,0.0002453930236793122,0.0641342235596433,0.021265297538242803,true
11.425,6.404803043058722,0.0022851992830343814,0.1868239976164397,0.2110784702931634,-3.5786587935976386e-5,-0.002334362061891967,0.005472282630810111,-0.007182551008164422,0.001710268377354311,0.0003567946223593858,0.07761152467218271,1.1689494816311445,15.061545132228485,-4.265481444503945,1.311304922126841,0.7951654744747622,0.00023361324649879818,0.0625224775852618,0.020733444880987127,true
11.475,6.404803043058722,0.002177033130661866,0.18281617632135944,0.2064189028394357,-3.4164950692223174e-5,-0.0023029715124340145,0.005417864138850774,-0.007117749608784869,0.001699885469934095,0.0003399063352964851,0.07712077823397984,1.1680041441284463,15.145129119221172,-4.3048820755451676,1.3138290435275761,0.7957272712275892,0.00022233133766874256,0.06094708571902145,0.020213484703763062,true
11.525,6.404803043058722,0.0020732789116922213,0.17886515353095886,0.2018319717761189,-3.2603678216328014e-5,-0.00227161214336156,0.005363854203781069,-0.007053357942853364,0.0016895037390722949,0.0003237068958645279,0.07663181701528315,1.1670682054747668,15.229551522209256,-4.344563491934879,1.3162656937937804,0.7962676579977938,0.00021152981535292018,0.05940743487665702,0.019705220417614005,true
11.575000000000001,6.404803043058722,0.0019737928855416676,0.17497107379904964,0.19731750559425154,-3.1101210604524345e-5,-0.002240288377905933,0.005310254272565916,-0.006989378112160511,0.0016791238395945946,0.0003081738614399373,0.0761446756099722,1.1661416139086476,15.314814917353527,-4.384526999647878,1.318613372132477,0.796786516292508,0.00020119162284794478,0.05790291324999694,0.019208455677580533,true
11.625,6.404803043058722,0.0018784341450444868,0.17113404576994481,0.19287529959055333,-2.965599596541964e-5,-0.0022090047262330924,0.005257065328017372,-0.006925811844526014,0.0016687465165086419,0.000293285231788706,0.07565938728268891,1.1652243121070192,15.400921867809336,-4.424773976058599,1.3208706054982227,0.797283729078311,0.00019130012622336023,0.0564329094068814,0.018722994083255548,true
11.675,6.404803043058722,0.0017870646321404742,0.1673541422340058,0.18850511492580196,-2.826649417013134e-5,-0.0021777657848725406,0.005204287713485,-0.00686266041038768,0.0016583726969026796,0.00027901945151572236,0.07517598307158395,1.164316240829517,15.487875159821105,-4.465305879017756,1.3230359859600567,0.797759188563467,0.00018183910957512124,0.054996810214519576,0.018248638488225714,true
11.725,6.404803043058722,0.0016995491309247904,0.16363139964806292,0.18420667627398335,-2.6931181558486368e-5,-0.0021465762366847485,0.005151920830737659,-0.0067999244773723445,0.0016480036466346853,0.00026535540897962447,0.07469449011060757,1.16341734587686,15.575678261596968,-4.506124261973388,1.3251082405246746,0.798212810936328,0.00017279276690932883,0.05359399680350972,0.017785189657912922,true
11.775,6.404803043058722,0.001615755233862441,0.1599658169095861,0.1799796674402997,-2.5648556592866793e-5,-0.0021154408518792986,0.0050999626748006255,-0.006737603885852276,0.0016376412110516506,0.00025227243101777095,0.07421492874930145,1.1625275902495245,15.664336136150595,-4.54723079894693,1.3270863517194023,0.7986445619325012,0.00016414568966741252,0.052223837670426855,0.017332443975560757,true
11.825000000000001,6.404803043058722,0.001535553281667786,0.15635735328933204,0.1758237245596848,-2.441714584428545e-5,-0.0020843644907458676,0.005048409205370256,-0.006675697346948091,0.0016272881415778356,0.0002397502735594593,0.07373730808938059,1.1616469733073185,15.753856540290696,-4.588627323939563,1.3289697464862955,0.7990544968823787,0.00015588284951774725,0.050885678293273756,0.016890189987970202,true
11.875,6.404803043058722,0.001458816287349889,0.15280592573326868,0.1717384272216616,-2.3235508776771683e-5,-0.002053352108772836,0.004997253630919282,-0.006614202103049163,0.0016169484721298812,0.0002277691097669112,0.07326161986746287,1.1607755575083214,15.84425186896322,-4.63031588852891,1.3307585592270708,0.7994428163176005,0.000147989577623431,0.0495788276034971,0.01645820390502059,true
11.925,6.404803043058722,0.0013854198700492142,0.14931140627131745,0.16772328922985513,-2.2102238805584695e-5,-0.00202240876453944,0.004946485796466546,-0.006553113648134629,0.0016066278516680826,0.0002163095197050093,0.07278783132053965,1.1599135003361818,15.935541412522774,-4.672298837509819,1.3324539462583491,0.7998099320666345,0.00014045154426331767,0.04830254352327816,0.016036244787492486,true
11.975,6.404803043058722,0.0013152422404213626,0.14587362092565176,0.16377775252604745,-2.101595765000945e-5,-0.0019915396300204434,0.004896091985767034,-0.006492425663739503,0.001596333677972469,0.0002053524880592185,0.07231587877701716,1.159061084206572,16.027753569592733,-4.714578894141606,1.3340583823919765,0.8001565288729966,0.00013325474594281278,0.047056022352099575,0.015624051014682158,true
12.025,6.404803043058722,0.001248164287023191,0.1424923519948583,0.15990118936277323,-1.997530094848767e-5,-0.001960750001717802,0.004846055500810678,-0.006432130349694728,0.0015860748488840505,0.00019487941762329493,0.07184566490988886,1.1582187317260915,16.120927173250696,-4.757159234347425,1.3355758176408783,0.8004835955051323,0.0001263855094583664,0.04583839910600868,0.015221340395387487,true
12.075000000000001,6.404803043058722,0.001184069800179011,0.13916734542137404,0.15609291780759182,-1.8978896073290377e-5,-0.0019300453096086,0.004796358275018141,-0.006372219271606808,0.0015758609965886676,0.00018487216425214825,0.07137706315640306,1.1573869907500363,16.2151108432963,-4.800043516769837,1.3370115423997628,0.8007923933439924,0.00011983052142663185,0.044648766192342745,0.014827816379365274,true
12.125,6.404803043058722,0.0011228458286753114,0.13589832370514213,0.15235223281986696,-1.8025337534579986e-5,-0.0018994311199137534,0.004746983462757233,-0.006312684686498384,0.0015657012237411507,0.0001753130925535967,0.07090993184420302,1.1565664773356523,16.31035945538288,-4.843235830756532,1.338371642072626,0.8010843377991216,0.00011357688550864059,0.043486214166590556,0.014443181617110779,true
12.175,6.404803043058722,0.001064383102158622,0.13268500254219606,0.14867844924847734,-1.7113169436903998e-5,-0.0018689131279633353,0.004697918484326883,-0.00625352107511737,0.0015556025907904874,0.00016618514183853932,0.07044413755752897,1.1557577775010386,16.406727622396915,-4.886740535617066,1.3396620422762937,0.8013607937844641,0.00010761219826341422,0.04234989028803881,0.014067157444164712,true
12.225,6.404803043058722,0.0010085763933063944,0.12952710684377597,0.1450709459880418,-1.6240884917687098e-5,-0.0018384971395374698,0.004649157599675264,-0.006194726409967927,0.0015455688102926626,0.00015747188266771925,0.06997958283753301,1.1549613282276083,16.50426140591615,-4.930561997967968,1.3408873330847444,0.8016228262805066,0.00010192462200681116,0.04123906052006445,0.013699504514848169,true
12.275,6.404803043058722,0.000955324674036616,0.12642438044001786,0.1415291959208258,-1.540694777040766e-5,-0.0018081890426676671,0.004600702994582604,-0.006136302651725857,0.0015355996571432533,0.00014915754124117213,0.06951622940639794,1.1541773159068192,16.60299078017304,-4.9747042819522225,1.3420497360781876,0.8018709837015787,9.650292622049195e-5,0.04015315361359607,0.013340037477647082,true
12.325000000000001,6.404803043058722,0.0009045309659136467,0.12337658493043488,0.1380527680454382,-1.4609832486911797e-5,-0.0017779947757375274,0.004552563762398005,-0.0060782551771996676,0.0015256914148016627,0.00014122697604166648,0.06905410735931136,1.153405634644746,16.702925846875335,-5.01917088800828,1.3431486287666068,0.8021052015764963,9.133647433121028e-5,0.03909176752005805,0.012988627118110958,true
12.375,6.404803043058722,0.0008561018922620231,0.12038348694951231,0.13464129750813647,-1.384807009690386e-5,-0.0017479202998114563,0.004504752967763868,-0.006020591251685795,0.001515838283921927,0.00013366560790496645,0.06859330482215563,1.1526459298636054,16.80405883419836,-5.063964639653859,1.3441808886404765,0.8023248806958678,8.641515125406367e-5,0.03805463070368969,0.012645187494740747,true
12.425,6.404803043058722,0.0008099470610346033,0.11744483801287986,0.13129443255681056,-1.3120283318365126e-5,-0.0017179715820202586,0.00445728383369769,-0.005963318086400259,0.0015060342527025688,0.00012645932366529093,0.06813394034161774,1.1518977185160515,16.90637166646366,-5.109087772387645,1.3451419969101692,0.8025291250968207,8.1729251203083e-5,0.03704152945926411,0.012309651761278096,true
12.475,6.404803043058722,0.0007659784948850917,0.11456035540449241,0.12801177943151953,-1.2425198990158172e-5,-0.0016881545924344154,0.004410166498743476,-0.005906441214965365,0.0014962747162218888,0.0001195943871709263,0.06767612868712049,1.1511605399914846,17.009846194269134,-5.154542181649693,1.3460274776745784,0.8027170485566218,7.726936492022667e-5,0.036052229059699764,0.011981945932773881,true
12.525,6.404803043058722,0.0007241102728506686,0.1117297100799986,0.12479286474076051,-1.1761637391989164e-5,-0.001658475311391842,0.004363406397911139,-0.00584996371166294,0.001486557313751801,0.00011305738333912256,0.06721995352333686,1.1504340775991089,17.114472969692116,-5.200329724707884,1.3468340908449923,0.8028880262636945,7.302630274336811e-5,0.03508641833968813,0.01166197044783776,true
12.575000000000001,6.404803043058722,0.0006842584486322408,0.10895252657782561,0.12163712708584326,-1.1128484114178867e-5,-0.0016289397409479781,0.004317004775082875,-0.005793886491418618,0.0014768817163357435,0.0001068352053969581,0.06676545551452728,1.1497182106621566,17.22025562174129,-5.246452475137037,1.3475604002926305,0.8030418126548411,6.89910678586402e-5,0.034143692649533194,0.011349594498639655,true
12.625,6.404803043058722,0.0006463413689364434,0.1062284026521949,0.11854395078345017,-1.0524655879766206e-5,-0.0015995539114146376,0.0042709611003955966,-0.005738209554049076,0.0014672484536534794,0.00010091510458497598,0.06631264381471676,1.149012968221601,17.327207936876146,-5.2929126571862675,1.3482063875912174,0.8031784572234473,6.515489644506502e-5,0.03322358622801834,0.011044666803845896,true
12.675,6.404803043058722,0.000610279721165741,0.10355689294143233,0.1155126761117043,-9.949084221007922e-6,-0.0015703238762806732,0.004225274009855223,-0.005682932452518455,0.0014576584426632322,9.528469760317431e-5,0.06586152111140726,1.1483183987139145,17.43534584892885,-5.339712708596613,1.3487721678411964,0.8032980316918382,6.150930006040797e-5,0.032325627843795106,0.010747034137096356,true
12.725,6.404803043058722,0.0005759963189599887,0.10093754464253471,0.11254263496471628,-9.400734409929248e-6,-0.0015412557129381593,0.0041799385005642856,-0.005628052911697088,0.0014481144111328026,8.9931933127004e-5,0.06541208272404288,1.1476345533508465,17.54468754943071,-5.386855638517041,1.349258353419623,0.8034007067317127,5.804604270101965e-5,0.03144934026320694,0.010456541160063752,true
12.775,6.404803043058722,0.0005434173482781019,0.09837003564948467,0.10963325506052646,-8.87864358478762e-6,-0.0015123555417769043,0.004134950223477639,-0.005573569073901128,0.0014386188504234886,8.484528636162147e-5,0.06496428345307136,1.1469617965597485,17.655267411489056,-5.43434306783785,1.349668714602119,0.8034873130709713,5.475720850027725e-5,0.0305941794298954,0.010173010115511874,true
12.825000000000001,6.404803043058722,0.0005124694530293028,0.09585338301551546,0.10678326419058337,-8.381780736466217e-6,-0.0014836294900098302,0.0040903135276380955,-0.005519483375324813,0.0014291698476867178,8.001330401325882e-5,0.06451801128205106,1.1463007818052278,17.76714376383962,-5.482177940180427,1.3500047169439406,0.8035581880818535,5.163501196310207e-5,0.02975949341318727,0.00989622723131038,true
12.875,6.404803043058722,0.00048308277130377835,0.09338716065340073,0.1039921681943303,-7.908839516739949e-6,-0.0014550836404058063,0.004046035267169817,-0.005465799400720784,0.0014197641335509667,7.542507834449722e-5,0.06407341366348265,1.145650481003464,17.880278503974953,-5.530367413504774,1.3502600444701989,0.8036120230202226,4.867208179323787e-5,0.02894512309760152,0.00962614283077239,true
12.925,6.404803043058722,0.00045520757858571776,0.09097552788669303,0.10126449355537438,-7.459000507460051e-6,-0.0014267240448306566,0.004002155302202408,-0.005412537497798667,0.0014103821955962588,7.107284572615455e-5,0.06363130434808992,1.1450073656851556,17.994403500225065,-5.578899221881196,1.350436924341404,0.8036493059757226,4.5862975134134216e-5,0.028152073708522136,0.009363094477107287,true
12.975,6.404803043058722,0.0004287566127544444,0.08860950981416402,0.09859072511531633,-7.031766558082096e-6,-0.0013985563755095857,0.003958642230140835,-0.005359680326190357,0.001401038096049522,6.694298167671436e-5,0.06319105583793865,1.1443747813469107,18.109758828556416,-5.627777759642671,1.3504910015873017,0.8036607025552903,4.319988387502318e-5,0.027378744205052666,0.009106552034586482,true
13.025,6.404803043058722,0.00040366220988063907,0.0862903087325371,0.09597108516771699,-6.626076502289695e-6,-0.001370586908210684,0.003915432057521882,-0.005307196707377875,0.001391764649855993,6.302492163566412e-5,0.06275171625032916,1.1437569641609004,18.22670410476464,-5.6770245839647595,1.3504839218950873,0.8036592105866434,4.067440529780579e-5,0.026623083770513735,0.008855835719850302,true
13.075000000000001,6.404803043058722,0.00037988168190575836,0.08402293540706127,0.09341090627083896,-6.240804590131771e-6,-0.0013428218995311966,0.0038725609612722013,-0.0052551058631356996,0.0013825449018634983,5.9312000595780916e-5,0.062314053511802255,1.1431503408285255,18.344984420119825,-5.726632100797091,1.3504308560271918,0.8036480270457654,3.828155778391706e-5,0.025886040004422954,0.00861126368645703,true
13.125,6.404803043058722,0.0003573524672106204,0.08180368974171723,0.09090660333764342,-5.875135905975914e-6,-0.0013152672153517045,0.003830057857544552,-0.00520342190430351,0.0013733640467589584,5.5794450634653814e-5,0.061878364625224565,1.1425535827433249,18.46450838937598,-5.776597675481601,1.3502879639243388,0.803617908545801,3.601571963525832e-5,0.025167693276137184,0.008372865296568204,true
13.175,6.404803043058722,0.0003360170279726773,0.0796318728090436,0.0884572242792076,-5.528299411311114e-6,-0.0012879287291664371,0.003787912103247368,-0.005152139351055244,0.0013642272478078758,5.246328820943832e-5,0.06144455423797638,1.1419672184842011,18.585328393161287,-5.8269245493934,1.3500591644912134,0.8035696698160981,3.387085927798861e-5,0.024467466539268193,0.008140450956978951,true
13.225,6.404803043058722,0.00031582069976468784,0.0775070182481909,0.08606206656334213,-5.199506481684564e-6,-0.0012608123127310802,0.003746116681662647,-0.005101254694899001,0.0013551380132363535,4.930997840861978e-5,0.06101254534622136,1.1413917027401546,18.707491979939885,-5.877615746481143,1.349749939512498,0.8035044494657673,3.184122336507972e-5,0.023784832536157412,0.007913847545957848,true
13.275,6.404803043058722,0.00029671112656776165,0.07542859216506362,0.08372040792083246,-4.887978510487138e-6,-0.0012339237965069327,0.0037046688947952357,-0.005050766625560961,0.001346097730765725,4.632634673900327e-5,0.06058231484762378,1.1408272355125777,18.831027476945682,-5.928673498046602,1.3493625682328614,0.8034227060012159,2.992136546330611e-5,0.02311936429377227,0.0076929152323817205,true
13.325000000000001,6.404803043058722,0.0002786379651688654,0.07339602014631313,0.08143150670334962,-4.592958689793265e-6,-0.0012072689522687867,0.00366356726449655,-0.005000674448930548,0.0013371071844339982,4.350453297246079e-5,0.060153861522281325,1.1402739123547467,18.95595533683873,-5.980099673435075,1.348897949710892,0.8033246017904687,2.8106082877175383e-5,0.02247067804636533,0.007477528478114328,true
13.375,6.404803043058722,0.0002615527339729601,0.0714087115730296,0.07919461223450058,-4.3137147006585e-6,-0.0011808534841795686,0.003622810637841937,-0.004950977635717328,0.0013281669978753912,4.0836967540543005e-5,0.05972718888138182,1.1397318036516988,19.082294429011313,-6.031896077744321,1.3483566884503948,0.8032102319358095,2.639038258786414e-5,0.021838404449744546,0.007267566457928871,true
13.425,6.404803043058722,0.00024540870973138685,0.06946604972979538,0.07700895069729252,-4.049538335722946e-6,-0.001154683020084547,0.003582398102263868,-0.004901675773294234,0.0013192776710303656,3.831635541039023e-5,0.059302299212639485,1.1392009811827761,19.210064302868897,-6.084064591214441,1.3477392566236226,0.803079658509447,2.4769466577787514e-5,0.021222179202343816,0.007062909939691126,true
13.475,6.404803043058722,0.00023016094322425654,0.06756739904573317,0.07487373291785075,-3.7997444302393963e-6,-0.001128763103085958,0.003542328913158207,-0.004852768525642182,0.001310439612483975,3.593567853326826e-5,0.05887919455287071,1.1386815202436609,19.33928493572002,-6.136607039213017,1.3470459971102495,0.8029329111748579,2.3238730576536083e-5,0.020621644501597883,0.006863441770224671,true
13.525,6.404803043058722,0.00021576632312590293,0.06571213023231531,0.07278818265654827,-3.5636702250577026e-6,-0.0011030991834476832,0.00350260261858533,-0.004804255694897603,0.0013016530763122732,3.3688205816062076e-5,0.058457882546242866,1.1381734807875599,19.469974470717656,-6.189524893006837,1.3462771023062667,0.802769982625596,2.179376795619754e-5,0.02003645701171148,0.006669049529342773,true
13.575000000000001,6.404803043058722,0.00020218357831248756,0.06389963894147112,0.07075155978428196,-3.3406751897484003e-6,-0.0010776966085531317,0.003463219649609947,-0.0047561375089038155,0.0012929178592938685,3.1567493481568696e-5,0.05803838525351477,1.137676862980126,19.602145338997502,-6.242819048759321,1.3454323841258196,0.8025907796187493,2.0430370190232963e-5,0.019466298748941454,0.006479629158058406,true
13.625,6.404803043058722,0.00018937319876403573,0.062129341494170924,0.0687631613586392,-3.1301407990096466e-6,-0.001052560607277619,0.003424182407176505,-0.004708415134448383,0.0012842327272718774,2.9567372718708514e-5,0.05762074984905884,1.1371915382359319,19.735799017105403,-6.296489766524517,1.3445106545748975,0.8023949907899005,1.9144522501137702e-5,0.018910888962687677,0.006295088921020417,true
13.675,6.404803043058722,0.0001772973578967532,0.060400656347705375,0.06682231059723918,-2.9314697999766765e-6,-0.0010276962653071738,0.0033854967349140367,-0.0046610913465102285,0.0012755946115961918,2.7681937556050412e-5,0.05720506382547577,1.1367171512937468,19.87091832921826,-6.350536550655299,1.3435086400139062,0.8021818539340594,1.7932401445837022e-5,0.01837000010944916,0.006115354732408009,true
13.725,6.404803043058722,0.00016591992721641432,0.058712997554294724,0.06492836318891604,-2.74408503378861e-6,-0.00100310848838487,0.0033471737748591505,-0.004614171340083467,0.0012669975652243163,2.590554714968666e-5,0.05679148162508026,1.1362529651884228,20.00745415817133,-6.404957652151467,1.3424193834984717,0.8019498116052943,1.6790381981548605e-5,0.01784348586150974,0.0059403794891608455,true
13.775,6.404803043058722,0.0001552065859297346,0.057065796158218045,0.06308074981888677,-2.567428368006423e-6,-0.000978801949520145,0.0033092323864675273,-0.004567663758093618,0.0012584313716260905,2.423284289716629e-5,0.05638027004766939,1.1357976025527607,20.145302631442636,-6.459749077812273,1.3412299788263156,0.8016960196491262,1.5715054556799204e-5,0.01733132818077727,0.005770158754887682,true
13.825000000000001,6.404803043058722,0.00014512494481248178,0.05545853864724887,0.061279044126798146,-2.4009602852288567e-6,-0.0009547810142421199,0.003271702242858598,-0.00452158196516527,0.0012498797223066721,2.2658767777373354e-5,0.055971874837685474,1.135348649912967,20.28427050559587,-6.514903264264355,1.33991839092607,0.801415652988613,1.470324535020595e-5,0.016833703163059894,0.0056047526994518395,true
13.875,6.404803043058722,0.000135644601993874,0.05389079715408206,0.05952302712448006,-2.2441600870363023e-6,-0.0009310496375786662,0.0032346273824561704,-0.004475945424559455,0.0012413180421032843,2.1178575060302653e-5,0.05556700340112513,1.134902135306383,20.424029835004625,-6.570407658265488,1.3384492782620185,0.8011009851259168,1.3752030860132051e-5,0.0163510564351614,0.0054443112256804755,true
13.925,6.404803043058722,0.0001267371108130201,0.05236223692718344,0.05781272847379737,-2.0965258028216766e-6,-0.0009076112289672765,0.0031980697026875097,-0.004430780898531459,0.0012327111958439492,1.9787823288394932e-5,0.05516671488418201,1.1344519235125328,20.564065231983115,-6.626243329060022,1.3367690484423813,0.8007402821481254,1.2858741843865381e-5,0.0158841761028553,0.00528909828470364,true
13.975,6.404803043058722,0.0001183758902954643,0.05087260768278242,0.05614844809498648,-1.9575725332393833e-6,-0.0008844684856960461,0.0031621115008372037,-0.004386123019392874,0.0012240115185556703,1.8482362298986774e-5,0.05477251110035333,1.1339890676697157,20.703616556707413,-6.682383644227754,1.334800589413439,0.8003165927735915,1.202095621742187e-5,0.015434256048830823,0.005139512979690696,true
14.025,6.404803043058722,0.00011053606401004947,0.049421730437318706,0.054530763242834394,-1.8268290393365823e-6,-0.0008616232048914922,0.0031268547585082684,-0.004342013113222521,0.0012151583547142528,1.7258308064577283e-5,0.05438641296230411,1.1335012007184035,20.841624570902425,-6.738793373551244,1.3324387835210036,0.799806652729169,1.1236475028858495e-5,0.015002934449711706,0.004996102416865034,true
14.075000000000001,6.404803043058722,0.00010319405277664159,0.048009469300468725,0.05296048149882478,-1.7038348489109768e-6,-0.0008390761109285719,0.0030924124952740207,-0.004298494086351492,0.0012060815910774712,1.6111979101134003e-5,0.054010957476974056,1.1329723341774085,20.97671263577242,-6.795429723293883,1.3295504062010863,0.7991806575269846,1.0503252674955484e-5,0.01459224225578424,0.0048595445640790625,true
14.125,6.404803043058722,9.632663626925946e-5,0.04663565147894827,0.051438442967638776,-1.5881428592989963e-6,-0.0008168267833761275,0.003058887679283207,-0.004255599478612541,0.0011967117993293337,1.5039749953537532e-5,0.053648977881074075,1.1323838942513291,21.107278068960262,-6.852248081288348,1.3259855584422318,0.7984044500971422,9.819235468649957e-6,0.014204331293693691,0.004730557689603154,true
14.175,6.404803043058722,8.990948064620187e-5,0.04529991527813742,0.04996510852933858,-1.4793334947729594e-6,-0.0007948738015028841,0.0030263426324664833,-0.004213338666591495,0.001186996034125012,1.4037821310312155e-5,0.05330305228428907,1.1317178059784847,21.23176361350803,-6.909213980041917,1.3216065118215885,0.7974454811064998,9.182108118800489e-6,0.013840895796305638,0.004609707647753605,true
14.225,6.404803043058722,8.39158778149739e-5,0.04400154375893538,0.0485400626428818,-1.377039875015067e-6,-0.0007732151602348584,0.002994774543902263,-0.004171686302193813,0.0011769117582915503,1.3102023161495761e-5,0.05297474565212099,1.130961137170228,21.34906214740734,-6.966316841862865,1.3163274859876462,0.7962813371999178,8.589069217671585e-6,0.013502454539676953,0.004497168683844811,true
14.275,6.404803043058722,7.83168891066503e-5,0.04273941534745432,0.04716177678165198,-1.2809626954521532e-6,-0.0007518488391531508,0.002964117454757915,-0.004130585703563967,0.0011664682488060516,1.2227837230924237e-5,0.05266410762725218,1.1301096648513822,21.4588211168432,-7.023575482691935,1.3101413790145273,0.7949058118066153,8.036833026052085e-6,0.013187967128761722,0.004392595521253553,true
14.325000000000001,6.404803043058722,7.308324277003527e-5,0.041512157889943814,0.04582792146020741,-1.1908422830073108e-6,-0.0007307732484559215,0.0029342752687178462,-0.004089967298116197,0.0011556920293983503,1.1410693237357246e-5,0.05236990871023225,1.1291671107450125,21.561372523920234,-7.081029896516368,1.303108332589207,0.7933269336323147,7.521928614259968e-6,0.012895208532933217,0.004295248072036457,true
14.375,6.404803043058722,6.818772384729665e-5,0.04031841844621567,0.04453607584068456,-1.106398933325411e-6,-0.000709987332106411,0.0029051624623593333,-0.004049769480609963,0.00114460701825063,1.0646342032515094e-5,0.05209053944939428,1.1281399016386207,21.65728966455806,-7.138726192740617,1.2953098469865763,0.7915573034556174,7.04110943640029e-6,0.012621737255814145,0.004204313984619555,true
14.425,6.404803043058722,6.36062547277628e-5,0.03915703033286523,0.043284260093649385,-1.027309755495519e-6,-0.0006894903942650843,0.002876719160495973,-0.004009945465149267,0.0011332263046532941,9.931024310996853e-6,0.05182481320870163,1.1270319963883186,21.74695723165838,-7.196707147013089,1.2868075043824154,0.7896049964237494,6.59157598596003e-6,0.012365673297712109,0.0041191678738134365,true
14.475,6.404803043058722,5.9317269083408646e-5,0.03802696106494654,0.042070868150445466,-9.532584709555511e-7,-0.0006692819528054965,0.0028488924752059414,-0.003970453366730921,0.0011215608915249799,9.261372861058453e-6,0.05157196048365147,1.1258447972798942,21.830560380515138,-7.255012204523708,1.277643010105918,0.7874734493408813,6.1709057278003544e-6,0.012125645952688315,0.004039353951696009,true
14.525,6.404803043058722,5.530046908308623e-5,0.03692714034980839,0.040894197116779496,-8.839991890905476e-7,-0.0006493618325680816,0.0028216114146577442,-0.003931244076947672,0.0011096326622899275,8.634218524958193e-6,0.05133097876077056,1.1245814999587724,21.9084367200539,-7.313682869576204,1.2678707498187192,0.7851689871498723,5.776848763433891e-6,0.011900151729984989,0.003964372085567337,true
14.575000000000001,6.404803043058722,5.153700501344293e-5,0.035856463621926134,0.0397522767741741,-8.193572551787377e-7,-0.0006297303918124595,0.0027947854239545114,-0.0038922615094881576,0.0010974760855336461,8.046618243678351e-6,0.0511002436543815,1.1232504033894113,21.98131208505696,-7.372755385644527,1.2575782329536775,0.7827060551960028,5.4072967163937046e-6,0.011687205579381646,0.003893561547440482,true
14.625,6.404803043058722,4.800824925898142e-5,0.034813670954883996,0.03864284542423702,-7.591433116649911e-7,-0.000610388628256239,0.002768322904605743,-0.0038534523037283977,0.0010851293991226548,7.495663634967028e-6,0.0508777163235599,1.121862151159045,22.050167189590333,-7.43228816396091,1.2468705518950574,0.7801041519132579,5.060176018883336e-6,0.01148455616899331,0.003826172828123276,true
14.675,6.404803043058722,4.4702257389564645e-5,0.033798376485831186,0.03756474546866219,-7.032166463782335e-7,-0.0005913381070945018,0.0027421389190951757,-0.0038147693486251947,0.001072630429530019,6.979489781190262e-6,0.050661840862214265,1.1204291335480179,22.115839347315962,-7.492243866232703,1.2358444521130056,0.7773819001456211,4.734170828197533e-6,0.011290499334271762,0.003761638458908461,true
14.725,6.404803043058722,4.1590879279563886e-5,0.032807116025696484,0.036513305907276625,-6.511198417777799e-7,-0.0005725809406287947,0.002716134820629514,-0.003776161482410546,0.0010600266617810323,6.493701523677371e-6,0.05044977582186331,1.1189556536747614,22.17959615174032,-7.552944291976543,1.2245932996274587,0.7745583200099012,4.426272597788259e-6,0.011102281234045419,0.0036990418642290084,true
14.775,6.404803043058722,3.870840297012944e-5,0.03184960266488131,0.035498966106429414,-6.037568226282671e-7,-0.0005541199807370459,0.002690201188906631,-0.003737575759986252,0.0010473745710796209,6.043652351196047e-6,0.05024394716302291,1.1174750325288738,22.240988131427716,-7.613354226131459,1.2132386736705991,0.7716610388726307,4.140293791091726e-6,0.010921868626367823,0.0036390368498832666,true
14.825000000000001,6.404803043058722,3.5874903127393565e-5,0.030879673578209213,0.03446741856015068,-5.575422635865755e-7,-0.0005359588506067286,0.0026638533451470514,-0.003698774893892672,0.0010349215487456204,5.601250012874853e-6,0.05002184894492696,1.1159615047131926,22.30948132168892,-7.677415037369491,1.201890605214284,0.7687166278048365,3.856623726759403e-6,0.01072970001939651,0.00357511186039047,true
14.875,6.404803043058722,3.368474193767594e-5,0.0300901358125381,0.03363397054784806,-5.191354316077795e-7,-0.000518107009574592,0.002639853058237802,-0.00366117409646881,0.0010213210382310082,5.259293956616224e-6,0.0498530028867584,1.114592277967546,22.357575540621966,-7.730882789707003,1.1915396569859804,0.7659876161890972,3.6365974020357356e-6,0.010585299145996553,0.0035270801179326777,true
14.925,6.404803043058722,2.9810739312454495e-5,0.028669111801825232,0.03211099188303111,-4.815070923403282e-7,-0.000500528791138547,0.002614060907863188,-0.0036225378936721835,0.0010084769858089955,4.654434978256235e-6,0.04949086434818315,1.11246436175627,22.478176051437448,-7.8304479694939255,1.1747057559893546,0.7614592651169911,3.2547300999868437e-6,0.010280631078856892,0.0034256998732445994,true
14.975,6.404803043058722,2.764207163793229e-5,0.027815390411733833,0.03117558944689603,-4.4257732791473256e-7,-0.0004832886099951531,0.002581271422194252,-0.0035805280174725277,0.0009992565952782755,4.3158347652688085e-6,0.04921023299693398,1.1115129115777291,22.587028020106743,-7.89443708682451,1.1676304623418048,0.759522063013583,3.0260284290305716e-6,0.010049186737848121,0.003348656068768793,true
