r,tau,Dtau,Sr,E,nur,Pi,piR,piEta,piPhi,D,T,mu,alpha,phi,ur,v,n,e,P,ok
0.024999999999999994,10.8048074430629,0.05618358385039689,0.0,0.12559025369911847,-3.9375546170787936e-7,-0.004190948510656526,-0.0014116726827194635,0.0018250051901735748,-0.00041333250745411126,0.005199869053332264,0.09091874710950507,1.371271241591739,15.08238163401154,-1.4158659517515848,0.0,0.0,0.0051998690533322815,0.12559025369912055,0.03948426125804632,true
0.07499999999999998,10.8048074430629,0.0559299293067617,0.0017103755473960964,0.12485386055289874,-1.182685566451256e-6,-0.004195214256338133,-0.0014873967121830417,0.00203049182802513,-0.0005430951158420883,0.005176392971507406,0.0907796549765157,1.3712756754213422,15.105539625327781,-1.4179864928100707,0.010797469427419165,0.010796840069094345,0.005176104020628907,0.12483539390165736,0.039243206538913666,true
0.125,10.8048074430629,0.056112328495751276,0.0026169288473908087,0.12537195060472986,-1.9603376518790897e-6,-0.004194404121609744,-0.001159553872958454,0.0019719570075478108,-0.0008124031345893568,0.005193274270868894,0.09087037114322824,1.3712904518529925,15.090622329379388,-1.4164083025933487,0.016417689590280837,0.016415477421083798,0.00519260668891437,0.12532899246832474,0.03940038921704652,true
0.175,10.8048074430629,0.056089458389487055,0.0036956203455371693,0.12532088582827006,-2.760811294799859e-6,-0.004194635678096939,-0.001094659485252866,0.0019789914424515925,-0.0008843319571987265,0.005191157610633647,0.09085304182262895,1.3712941807584542,15.093541759841257,-1.4166374252258527,0.023190518911986913,0.02318428549364777,0.005189826260935541,0.12523520551110537,0.03937036056402313,true
0.22499999999999998,10.8048074430629,0.05610415395401604,0.004741189193466802,0.12538656571435416,-3.544492507296674e-6,-0.0041946122702693186,-0.0010480305599729484,0.001977088984784864,-0.0009290584248119156,0.0051925177056289925,0.09085491000928463,1.3712973322178177,15.093266088510598,-1.4165736091646555,0.029735192864190668,0.02972205591852522,0.005190328965289306,0.12524564782402842,0.0393736154201805,true
0.275,10.8048074430629,0.05611023857064508,0.005802541668032648,0.12543519899395802,-4.340324164830342e-6,-0.0041945590870361505,-0.0010244610897474236,0.0019770458007122046,-0.000952584710964781,0.005193080845385172,0.09085091308294158,1.3713002368711569,15.09396207850151,-1.4166039587444517,0.03638473757546016,0.03636067751018498,0.005189804539593439,0.1252242146476306,0.039366702068523565,true
0.325,10.8048074430629,0.05612054670721783,0.006857903629657484,0.12550271735255253,-5.129717538582411e-6,-0.00419443213619316,-0.0010061593532944455,0.0019745157280775844,-0.0009683563747831388,0.005194034877803341,0.09084790195490018,1.3713033373201002,15.09449649151897,-1.4166167837732666,0.04299187394086166,0.042952197965629504,0.005189461580344253,0.12520815531822604,0.03936149915429145,true
0.375,10.8048074430629,0.056129614834534436,0.007916012707427875,0.12558073275831183,-5.9224884500951894e-6,-0.004194324214169376,-0.0009937172634400203,0.001971822819658543,-0.0009781055562185228,0.005194874145635219,0.09084429229371037,1.3713024117362183,15.095086076543312,-1.4166832611529097,0.049614098843319014,0.04955314733614809,0.005188785298713771,0.12518846941430944,0.03935523862829792,true
0.42500000000000004,10.8048074430629,0.05613812980245042,0.008974235122088985,0.12567532118712355,-6.712148755021825e-6,-0.004194265724731982,-0.000983779058006041,0.001968520459063603,-0.000984741401057562,0.005195662217792992,0.09084129216572766,1.3712949960291576,15.095502973773373,-1.4168116822472925,0.05623124839340359,0.05614255837275397,0.00518784366854747,0.12517148466793615,0.03935000135061174,true
0.475,10.8048074430629,0.05614575302876701,0.010034045804087507,0.12578493071161034,-7.502799499797605e-6,-0.004194287352873619,-0.0009757290042955381,0.0019649764676468798,-0.0009892474633513416,0.005196367758021891,0.09083858368344187,1.3712814752480036,15.095804223750374,-1.4170027705469315,0.06285218750219486,0.06272840855237655,0.005186603920780446,0.12515551098698446,0.03934523824061908,true
0.525,10.8048074430629,0.05615270325594364,0.011095301371771185,0.12591001965634682,-8.291585357807538e-6,-0.004194401252383559,-0.0009686417116925726,0.001961140263899868,-0.0009924985522072956,0.0051970110112416505,0.09083625420975691,1.3712619536074158,15.095976441751224,-1.417254019472285,0.06947454305259085,0.06930748077115567,0.005185087281677612,0.12514103226988002,0.03934110107816918,true
0.5750000000000001,10.8048074430629,0.05615872768850713,0.01215838720763962,0.1260499433249167,-9.073465306910999e-6,-0.004194613439464763,-0.0009621028141976148,0.0019570494993693364,-0.0009949466851717217,0.005197568580878615,0.09083417717945819,1.3712363945563795,15.09604024757412,-1.4175678080864473,0.07609996115184221,0.07588055844463065,0.005183270060014053,0.12512735811382372,0.03933737028926763,true
0.625,10.8048074430629,0.05616379088314228,0.013223444629210188,0.12620441586175915,-9.847100350214087e-6,-0.004194921769986762,-0.0009557596194719477,0.0019526784259555228,-0.000996918806483575,0.005198037186604522,0.09083229467248555,1.371204918036041,15.096006579820552,-1.417943721760592,0.08272841145667431,0.08244676013614188,0.00518114941297127,0.1251141856942536,0.039333946103218526,true
0.675,10.8048074430629,0.05616887169726192,0.014290691470954452,0.12637316197367165,-1.0592123273304033e-5,-0.004195316360011642,-0.0009493923590745451,0.00194800893158404,-0.0009986165725094948,0.005198507423038296,0.09083051857181011,1.371169341557339,15.095910087459204,-1.4183631280361815,0.08936044250126828,0.08900578068603168,0.005178814134574032,0.12510120782277107,0.0393306852732211,true
0.725,10.8048074430629,0.056175777232486894,0.01536028745233152,0.12655609600316092,-1.1334616240212019e-5,-0.00419578177212948,-0.0009428381853468606,0.0019430157508134567,-0.0010001775654665962,0.005199146539955591,0.09082877344849857,1.3711328539444,15.095798411522702,-1.4187920981743711,0.09599617117201256,0.09555688984909547,0.005176433235752582,0.125088314707046,0.03932747365470476,true
0.775,10.8048074430629,0.056185096607302545,0.016432383052673145,0.12675309709697347,-1.2100239440239247e-5,-0.004196304807197935,-0.0009360090354665618,0.0019376894368656541,-0.0010016804013990924,0.00520000906109396,0.09082701281963669,1.3710965978039609,15.095691856856174,-1.4192187785809287,0.10263571010850772,0.10209935704937848,0.005174063856484341,0.12507536135252886,0.03932423665124834,true
0.8250000000000001,10.8048074430629,0.056196436720786974,0.017507139452106878,0.12696400438046426,-1.2877081184418035e-5,-0.004196877100146022,-0.0009288609129680743,0.0019320301211744626,-0.0010031692082063883,0.005201058604414763,0.09082521168378516,1.3710600023725767,15.095588294867133,-1.419649844322275,0.10927930056503721,0.10863258232970165,0.005171669172910076,0.1250621586126058,0.039320928016445864,true
0.8750000000000001,10.8048074430629,0.056209408976387015,0.018584720097774093,0.12718869002779243,-1.366076954910244e-5,-0.004197493477339066,-0.0009213656405815886,0.0019260383210655395,-0.001004672680483951,0.005202259204764969,0.09082335067506606,1.3710224972001055,15.095484663466566,-1.4200918799101627,0.11592721084416466,0.11515599578894686,0.005169213412952695,0.12504854807850946,0.03931751128123395,true
0.9249999999999999,10.8048074430629,0.05622378193196146,0.019665284753724747,0.12742707612793505,-1.445056509474607e-5,-0.004198150526268229,-0.0009135033554364225,0.001919713865835955,-0.0010062105103995325,0.0052035894418515785,0.09082141524714096,1.370983757906873,15.095379808563722,-1.4205486860345782,0.12257967428793554,0.12166899686213865,0.0051666756976566745,0.12503442065898354,0.0393139596083327,true
0.975,10.8048074430629,0.05623942424165812,0.02074899562597967,0.12767911488102263,-1.5246776265654557e-5,-0.004198845836206993,-0.0009052611337259885,0.0019130568728695126,-0.001007795739143524,0.005205037159432766,0.0908193933120487,1.3709436168231692,15.095273892798518,-1.421022300087412,0.12923693595521382,0.12817100046698893,0.005164044522817766,0.12501969535300883,0.039310251237549665,true
1.025,10.8048074430629,0.0562562481482506,0.021836015739882253,0.12794477935819606,-1.604970824450995e-5,-0.004199577629500375,-0.0008966302017326343,0.0019060674370259423,-0.001009437235293308,0.005206594235454817,0.09081727520365906,1.3709019699214242,15.095167376990299,-1.4215140213034532,0.13589924264471273,0.13466142737942957,0.005161312443517174,0.12500431031044934,0.039306368939434455,true
1.0750000000000002,10.8048074430629,0.05627418401949159,0.02292650873596689,0.12822405481831475,-1.6859592346740074e-5,-0.004200344569985492,-0.0008876048858543414,0.0018987458006211105,-0.001011140914766769,0.005208254225356118,0.09081505273186342,1.3708587382971378,15.095060753250628,-1.4220248496046035,0.1425668458971887,0.14113970733689407,0.005158473715151998,0.12498821408514375,0.03930229817749288,true
1.125,10.8048074430629,0.05629317173897321,0.024020637829504244,0.12851693497769068,-1.7676628197447913e-5,-0.004201145639167995,-0.000878181757935709,0.0018910923891590778,-0.0010129106312233688,0.005210011565279267,0.09081271875634184,1.3708138556689713,15.094954478204537,-1.4225556298743351,0.1492399966419499,0.14760527400092713,0.005155523507465554,0.12497136214929049,0.03929802630518632,true
1.1750000000000003,10.8048074430629,0.05631315895585805,0.02511856548526327,0.12882341949275303,-1.8501023607725175e-5,-0.004201980045473329,-0.0008683591495756548,0.0018831078793834222,-0.0010147487298077674,0.005211861410081236,0.09081026676589261,1.3707672669209314,15.094849026869914,-1.4231070745803274,0.15591894438214973,0.15405756437874654,0.005152457748207053,0.1249537144735334,0.03929354182992033,true
1.225,10.8048074430629,0.05633409974406195,0.026220453108525138,0.12914351252037137,-1.933299842877263e-5,-0.004202847158493348,-0.0008581367485520437,0.0018747932090722003,-0.0010166564605201566,0.00521379950923888,0.09080769066217143,1.3707189266244815,15.094744912343577,-1.4236797834280164,0.16260393578681526,0.16049601768627597,0.005149273001022217,0.12493523421468258,0.03928883403103528,true
1.275,10.8048074430629,0.056355951773141885,0.027326461042190355,0.12947722147741514,-2.0172778681595247e-5,-0.004203746465501655,-0.0008475153103320613,0.0018661495769156935,-0.0010186342665836322,0.00521582194501065,0.09080498460975449,1.370668794913235,15.094642665310188,-1.4242742911370079,0.1692952153826335,0.1669200762485869,0.00514596620490499,0.12491588651684575,0.039283892679133264,true
1.3250000000000002,10.8048074430629,0.05637867665002108,0.0284367486087922,0.12982455643486948,-2.102060016533613e-5,-0.004204677534314366,-0.0008364963505668823,0.0018571783858778884,-0.001020682035311006,0.005217925164063738,0.09080214291500203,1.370616838409029,15.094542864390704,-1.4248910591469621,0.1759930260271401,0.17332918617877374,0.005142534705455194,0.1248956379411855,0.03927870783141533,true
1.375,10.8048074430629,0.05640223837890178,0.02955147404742419,0.13018552957079566,-2.1876717212049504e-5,-0.004205639989290451,-0.0008250819333858125,0.0018478812018884057,-0.0010227992685025932,0.005220105834936852,0.09079915997707766,1.37056302792507,15.094446119006719,-1.425530501687532,0.18269760875835253,0.17972279745299194,0.0051389761158567955,0.12487445598643328,0.039273269735393204,true
1.4250000000000003,10.8048074430629,0.056426601874696516,0.030670794588420015,0.13056015461417209,-2.2741371292337856e-5,-0.004206633495648382,-0.0008132745257466018,0.0018382597238904002,-0.0010249851981437984,0.00522236071045621,0.09079603022733565,1.370507336154436,15.094353054015153,-1.4261930121982151,0.18940920374430095,0.1861003650300559,0.005135288175466221,0.12485230854588455,0.039267568712497494,true
1.475,10.8048074430629,0.05645173372368778,0.031794866386893286,0.13094844660006788,-2.3614843170582417e-5,-0.004207657743476045,-0.0008010768585761494,0.0018283157423311773,-0.001027238883755028,0.005224686698135648,0.0907927480691082,1.370449739250049,15.094264337135291,-1.4268789468883791,0.19612805005586004,0.19246134883711946,0.005131468828915235,0.12482916372961737,0.039261595062469436,true
1.525,10.8048074430629,0.05647760035336727,0.03292384443226748,0.13135042149518888,-2.44973835167104e-5,-0.004208712441274525,-0.0007884918732656257,0.0018180511308255349,-0.0010295592575599092,0.005227080690792694,0.09078930787595288,1.3703902136756902,15.09418064457634,-1.427588659464152,0.20285438551311594,0.19880521382605015,0.005127516047760866,0.12480498956344888,0.03925533904466818,true
1.5750000000000002,10.8048074430629,0.056504168974447516,0.03405788248796164,0.1317660959028288,-2.5389288826490902e-5,-0.004209797306775499,-0.0007755226833067747,0.0018074678392173832,-0.0010319451559106085,0.005229539653733057,0.09078570391358551,1.370328738213773,15.094102696148308,-1.4283224802624737,0.20958844685162847,0.20513143032985912,0.005123427930826737,0.12477975375478911,0.039248790753911744,true
1.625,10.8048074430629,0.056531406305373816,0.03519713293428839,0.1321954868501805,-2.62908032220629e-5,-0.00421091206418916,-0.000762172559539114,0.0017965678948578176,-0.0010343953353187036,0.005232060506702425,0.09078193036217279,1.3702652915310836,15.094031224765063,-1.429080742735281,0.21633046907633102,0.21143947365351456,0.005119202570749634,0.12475342358933934,0.03924194014719815,true
1.6750000000000003,10.8048074430629,0.05655927950827943,0.0363417466891776,0.1326386115387181,-2.720223952025055e-5,-0.004212056438687453,-0.0007484449320744764,0.001785353409640799,-0.0010369084775663227,0.005234640210510429,0.09077798124673343,1.370199854326307,15.093967011693294,-1.429863760914641,0.2230806856074639,0.21772882441276648,0.005114838163575659,0.12472596575609725,0.039234776935046164,true
1.725,10.8048074430629,0.056587754435053296,0.037491873080473595,0.13309548718503722,-2.812383684153142e-5,-0.004213230156573866,-0.0007343433910188093,0.0017738265851702793,-0.00103948319415147,0.005237275604701757,0.0907738504866126,1.3701324058678233,15.09391084021374,-1.4306718667985745,0.22983932781421787,0.22399896829970012,0.0051103328223502656,0.12469734629675577,0.03922729065009094,true
1.775,10.8048074430629,0.05661679755406328,0.038647659805723364,0.13356613086764202,-2.905588637088407e-5,-0.0042144329404601,-0.0007198716792213436,0.0017619897124540019,-0.0010421180332326582,0.005239963585877083,0.09076953181364335,1.3700629277960366,15.093863551140469,-1.4315053697834863,0.23660662537867094,0.2302493966216946,0.005105684777833525,0.12466753051825114,0.03921947052586089,true
1.8250000000000002,10.8048074430629,0.05664637387934226,0.03980925279073728,0.13405055941089583,-2.9998661072021475e-5,-0.004215664510230834,-0.0007050336846666147,0.0017498451707095096,-0.0010448114860428948,0.005242700916036351,0.09076501883728745,1.3699914003676685,15.0938259906454,-1.4323645970414567,0.24338280568502904,0.2364796059341412,0.0051008921785168325,0.12463648300051568,0.03921130559107513,true
1.875,10.8048074430629,0.056676448049912266,0.04097679618378434,0.13454878924372163,-3.0952441192737743e-5,-0.004216924580540519,-0.0006898334343129798,0.0017373954259552746,-0.0010475619916422948,0.005245484322471726,0.09076030499422062,1.3699178044354134,15.093799040479714,-1.4332498725392102,0.2501680943822096,0.24268909875664965,0.005095953194019186,0.12460416751052601,0.039202784593548076,true
1.9250000000000003,10.8048074430629,0.05670698429681618,0.04215043224068338,0.13506083632208454,-3.191756811984602e-5,-0.004218212860143405,-0.0006742750753848637,0.001724643022768145,-0.0010503679473832814,0.005248310494716334,0.09075538355112076,1.3698421216373236,15.093783619631974,-1.4341615149404445,0.2569627150306876,0.24887738343935276,0.0050908660265793,0.12457054703839109,0.039193896006970465,true
1.975,10.8048074430629,0.05673794591379069,0.04333030125687094,0.13558671599071526,-3.289378332251552e-5,-0.004219529051023985,-0.0006583628706684596,0.0017115905824974386,-0.001053227711828979,0.005251176035554305,0.09075024766229217,1.3697643305079756,15.093780631930212,-1.4350998795801508,0.2637668890553282,0.25504397431143405,0.005085628703287592,0.12453558375397128,0.03918462811171211,true
2.0250000000000004,10.8048074430629,0.056769294727644415,0.044516541488253354,0.13612644288578363,-3.3882455971491106e-5,-0.004220872848521722,-0.0006421011888849591,0.001698240798767913,-0.001056139609882954,0.005254077412003531,0.09074489020658495,1.3696844158559032,15.093791096531751,-1.4360652577509032,0.27058083608499883,0.26118839217515066,0.005080239574677976,0.12449923899412799,0.039174968761934936,true
2.075,10.8048074430629,0.05680099279762685,0.045709289073958215,0.13668003082139804,-3.4882752488490155e-5,-0.004222243939880814,-0.0006254944989193721,0.0016845964345881123,-0.0010591019356687402,0.005257011112594631,0.09073930404113656,1.3696023539212503,15.093815942211135,-1.4370580362797811,0.2774047733663517,0.2673101639580896,0.005074696526714219,0.12446147327057283,0.03916490574957763,true
2.125,10.8048074430629,0.05683300078661919,0.046908677922054734,0.13724749267181818,-3.589545489040732e-5,-0.004223642004443411,-0.0006085473656278989,0.001670660320189284,-0.001062112954561385,0.00525997349662239,0.0907334817398579,1.369518127418378,15.09385621666019,-1.4380785359447208,0.2842389161884226,0.27340882327733657,0.005068997779661993,0.12442224624696872,0.03915442643038219,true
2.1750000000000003,10.8048074430629,0.056865278365270125,0.04811483963057657,0.13782884025681125,-3.692073280027264e-5,-0.004225066713486872,-0.0005912644485748658,0.0016564353522516202,-0.0010651709036767544,0.0052629608315490906,0.09072741575901049,1.369431715806071,15.093912951775742,-1.439127116116077,0.29108347752909175,0.27948391029860736,0.005063141372026863,0.12438151674244283,0.03914351796172405,true
2.225,10.8048074430629,0.0568977844660508,0.04932790338317327,0.13842408422539426,-3.795883464633564e-5,-0.00422651772986801,-0.000573650500274747,0.001641924492856698,-0.001068273992581951,0.005265969316517654,0.09072109837251743,1.3693430989799191,15.093987215158549,-1.4402041351349135,0.29793866810869835,0.28553497195956706,0.005057125356960691,0.12433924272702494,0.039132167211031244,true
2.2750000000000004,10.8048074430629,0.05693047706229925,0.05054799584566716,0.13903323393564815,-3.9010009612141074e-5,-0.004227994708004397,-0.0005557103657054386,0.0016271307690916951,-0.0010714204033862565,0.005268995061901894,0.09071452168337496,1.3692522565462206,15.094080100266464,-1.4413099581799504,0.3048046962878262,0.29156156205074635,0.0050509477642861084,0.12429538132178579,0.03912036077325294,true
2.325,10.8048074430629,0.05696331318580948,0.051775241062094315,0.13965629733504592,-4.0074502824024974e-5,-0.0042294972938226915,-0.0005374489821176451,0.0016120572728209074,-0.0010746082907032624,0.005272034090934411,0.09070767762258371,1.369159167839905,15.094192726846115,-1.4424449571346885,0.31168176800824393,0.29756324133245576,0.005044606602062535,0.1242498888002726,0.039108084970628704,true
2.3750000000000004,10.8048074430629,0.05699624892054163,0.05300976034714401,0.14029328083878123,-4.115255452684435e-5,-0.004231025124748338,-0.0005188713788423528,0.0015967071604837766,-0.0010778357816414238,0.005275082339124461,0.09070055794882884,1.3690638119201977,15.09432624099834,-1.4436095106898186,0.3185700867253408,0.3035395776414327,0.005038099857056778,0.12420272059220062,0.03909532585371323,true
2.4250000000000003,10.8048074430629,0.05702923939374473,0.05425167217681459,0.14094418920682109,-4.224439962050405e-5,-0.004232577829725004,-0.0004999826770056637,0.0015810836528732752,-0.0010811009758676115,0.005278135653436349,0.09069315424847196,1.3689661675619993,15.094481815148294,-1.4448040044897703,0.3254698533446551,0.3094901459982645,0.0050314254950512985,0.12415383128870211,0.039082069202995645,true
2.475,10.8048074430629,0.057062238768611995,0.05550109207712435,0.14160902541954218,-4.335026722890017e-5,-0.004234155029254537,-0.00048078808892946037,0.0015651900347798224,-0.001084401945850362,0.005281189791609672,0.09068545793570201,1.3688662132491622,15.094660648013914,-1.446028831257758,0.3323812661609664,0.3154145287140486,0.005024581461308852,0.12410317464888004,0.03906830053088284,true
2.5250000000000004,10.8048074430629,0.05709520023831915,0.056758132510860496,0.14228779055187735,-4.447038028982792e-5,-0.004235756335451672,-0.0004612929171545204,0.0015490296544625815,-0.0010877367373080611,0.005284240421607555,0.09067746025289258,1.3687639271685264,15.094863964552461,-1.4472843909111057,0.33930452080110374,0.32131231549708117,0.005017565681138283,0.12405070360782554,0.03905400508412513,true
2.575,10.8048074430629,0.057128076021255275,0.05802290276227044,0.1429804836454678,-4.56049551579011e-5,-0.004237381352109139,-0.000441502553075122,0.001532605922936109,-0.001091103369860987,0.0052872831211752585,0.09066915227127169,1.3686592872046661,15.095093015867125,-1.4485710906657376,0.3462398101638003,0.3271831035537153,0.005010376060576487,0.12399637028667183,0.03903916784686873,true
2.6250000000000004,10.8048074430629,0.0571608173574407,0.05929550881955551,0.14368710157898285,-4.6754201212451784e-5,-0.004239029674770942,-0.0004214224752179729,0.0015159223130829748,-0.0010944998378650019,0.005290313377508651,0.09066052489129592,1.3685522709364857,15.09534907918757,-1.4498893451270352,0.35318732436772265,0.3330264976927355,0.00500301048714647,0.12394012600151377,0.039023773543294754,true
2.6750000000000003,10.8048074430629,0.057193374506145894,0.0605760532548152,0.1444076389359911,-4.791832045774016e-5,-0.004240700890812411,-0.0004010582472718418,0.0014989823586414074,-0.0010979241113695656,0.005293326587033832,0.09065156884346998,1.368442855633798,15.095633457780723,-1.451239576375833,0.36014725069496817,0.33884211042225887,0.004995466830713506,0.1238819212750286,0.039007806641115306,true
2.725,10.8048074430629,0.05722569674468187,0.061864635101358166,0.14514208787046323,-4.909750711049627e-5,-0.004242394579528334,-0.0003804155160268719,0.0014817896531459083,-0.0011013741371190364,0.005296318055295188,0.09064227468911823,1.3683310182554203,15.095947480890954,-1.4526222140405625,0.36711977353410896,0.3446295620426169,0.004987742944440445,0.12382170584828095,0.038991251355085646,true
2.7750000000000004,10.8048074430629,0.05725773236845169,0.06316134972812729,0.14589043796961348,-5.029194716431213e-5,-0.004244110312229416,-0.00035950000933598274,0.0014643478488772243,-0.0011048478395412416,0.005299282996960149,0.09063263282105286,1.3682167354481347,15.096292503711915,-1.4540376953636687,0.37410507432422313,0.3503884807363294,0.0049798366657967065,0.12375942869236245,0.03897409165043679,true
2.825,10.8048074430629,0.057289428692206115,0.06446628871135882,0.14665267611431385,-5.150181792529947e-5,-0.0042458476523483946,-0.0003383175341658564,0.0014466606558574682,-0.0011083431216916118,0.005302216535935411,0.09062263343482664,1.368099983594222,15.096669912799683,-1.4554864652066961,0.38110333226640775,0.35611850328045275,0.0049717458153138595,0.12369503786637921,0.03895631119605926,true
2.8750000000000004,10.8048074430629,0.05732073205256353,0.06577953970330244,0.14742878633694512,-5.2727287527897194e-5,-0.004247606155556888,-0.0003168739748224737,0.0014287318409351149,-0.0011118578661126412,0.005305113705600152,0.09061226664203918,1.367980738631049,15.097081105312292,-1.4569689762920162,0.3881147213525441,0.36181927274483944,0.004963468206724713,0.1236284811200059,0.03893789356097175,true
2.9250000000000003,10.8048074430629,0.057351587811669116,0.06710118629831115,0.14821874967697607,-5.3968514425831715e-5,-0.0042493853698926,-0.0002951752913240818,0.0014105652269489038,-0.001115389935624822,0.005307969449144698,0.09060152231088271,1.3678589763108646,15.097527518547695,-1.4584856889679778,0.39513941445955614,0.36749044197057723,0.004955001635447493,0.12355970506745963,0.038918821943920295,true
2.975,10.8048074430629,0.05738194036208588,0.06843130789637586,0.1490225440343917,-5.5225646870380924e-5,-0.004251184835897403,-0.0002732275178980268,0.0013921646919607643,-0.0011189371740627375,0.00531077862002319,0.09059039016933175,1.3677346720379442,15.098010611074438,-1.4600370714247415,0.40217758064708503,0.37313167147305754,0.004946343888035629,0.12348865573792965,0.03889907935276681,true
3.0250000000000004,10.8048074430629,0.057411733132818804,0.06976997956431572,0.1498401440211577,-5.649882237848876e-5,-0.004253004086764217,-0.00025103676153370746,0.0013735341685244863,-0.0011224974069907788,0.00531353598251113,0.0905788597818831,1.3676078009103212,15.098531867188063,-1.4616235996841163,0.40922938573058926,0.3787426300292282,0.004937492741626158,0.12341527846388334,0.03887864856747492,true
3.075,10.8048074430629,0.0574409085963445,0.07111727189476023,0.1506715208107963,-5.778816719853406e-5,-0.0042548426484926415,-0.00022860920052704382,0.0013546776429578288,-0.001126068442430785,0.005316236212355988,0.09056692055083712,1.3674783377222868,15.099092796852824,-1.4632457576309665,0.41629499222273186,0.3843229947416918,0.0049284459653814675,0.12333951789834285,0.03885751214522696,true
3.1250000000000004,10.8048074430629,0.05746940827691524,0.0724732508631419,0.15151664198630496,-5.909379577794859e-5,-0.00425670004005074,-0.00020595108295453973,0.0013355991545857073,-0.0011296480716311676,0.005318873897545744,0.09055456171768538,1.367346256967488,15.09969493563839,-1.4649040370387516,0.4233745592758704,0.3898724510994718,0.004919201322003229,0.12326131803314502,0.038835652425836205,true
3.1750000000000003,10.8048074430629,0.057497172759860396,0.0738379776827619,0.15237547138650645,-6.041581023000142e-5,-0.004258575773542467,-0.0001830687250144777,0.001316302794921486,-0.0011332340699070082,0.005321443539169759,0.0905417723646181,1.3672115328421013,15.100339844643685,-1.4665989375947954,0.43046824262527983,0.39539069303505364,0.004909756569291788,0.12318062221821241,0.038813051537476016,true
3.225,10.8048074430629,0.05752414170195313,0.07521150865796128,0.15324796895072335,-6.175429980703646e-5,-0.00426046935437968,-0.00015996850923635764,0.0012967927067846978,-0.0011368241975483401,0.005323939552378218,0.09052854141611072,1.3670741392483086,15.101029110417327,-1.468330966923494,0.43757619453343216,0.4008774229778595,0.004900109461756247,0.1230973731816429,0.038789691402659074,true
3.2750000000000004,10.8048074430629,0.057550253843143745,0.07659389503569936,0.1541340905621673,-6.310934037690331e-5,-0.004262380281457378,-0.00013665688252488583,0.0012770730833361415,-0.0011404162008112556,0.005326356267468071,0.09051485764061615,1.3669340497983922,15.101764344873882,-1.4701006406035377,0.4446985637357662,0.4063323519043917,0.004890257752296531,0.12301151305079357,0.03876555374451566,true
3.325,10.8048074430629,0.05757544701931688,0.07798518285528958,0.15503378788982447,-6.448099389796816e-5,-0.004264308047331957,-0.00011314035403754176,0.0012571481670277142,-0.0011440078129901724,0.005328687931063734,0.09050070965235348,1.366791237818917,15.102547185201809,-1.4719084821852422,0.4518354953864304,0.4117551993837815,0.004880199193926342,0.12292298337426408,0.03874062009335355,true
3.3750000000000004,10.8048074430629,0.057599658176316904,0.07938541279660183,0.15594700822909346,-6.586930789351876e-5,-0.0042662521384024595,-8.942549291136317e-5,0.0012370222484729295,-0.0011475967555615663,0.00533092870741515,0.09048608591318771,1.3666456763553267,15.103379293767725,-1.473755023204488,0.4589871310050709,0.41714569361950643,0.004869931541553417,0.12283172514478416,0.03871487179349356,true
3.4250000000000003,10.8048074430629,0.05762282338541683,0.08079462002668317,0.15687369434128084,-6.727431492433046e-5,-0.004268212035094175,-6.551892584127895e-5,0.00121669966523771,-0.0011511807393964311,0.0053330726798294665,0.09047097473461975,1.3664973381771592,15.104262358016284,-1.4756408031907104,0.46615360842346404,0.4225035714862969,0.004859452553830742,0.1227376788231291,0.03868829001041578,true
3.475,10.8048074430629,0.057644877859987995,0.08221283404478691,0.15781378429201443,-6.869603204978011e-5,-0.004270187212044612,-4.142733446702452e-5,0.0011961848005284273,-0.0011547574660614028,0.005335113852213832,0.09045536427990598,1.3663461957833662,15.105198090356819,-1.4775663696743742,0.473335061731015,0.4278285785614818,0.004848759995053245,0.12264078436312238,0.038660855738248026,true
3.5250000000000004,10.8048074430629,0.05766575597375054,0.08364007852602602,0.158767211289137,-7.01344602733074e-5,-0.004272177138291457,-1.715745248459001e-5,0.001175482081733166,-0.001158324629248576,0.005337046150764506,0.09043924256639585,1.3661922214080295,15.106188228025475,-1.4795322781892568,0.4805316212176334,0.4331204691497033,0.00483785163712981,0.12254098123822672,0.03863254980774987,true
3.575,10.8048074430629,0.0576853912803961,0.08507637116331634,0.15973390352039332,-7.158958395444748e-5,-0.004274181277460607,7.283937747430561e-6,0.0011545959786982596,-0.0011618799164456902,0.005338863425782967,0.09042259746823947,1.3660353870257038,15.107234532888945,-1.4815390922755858,0.48774341330832616,0.438379006296983,0.004826725261613459,0.12243820847046549,0.03860335289504792,true
3.6250000000000004,10.8048074430629,0.05770371653522963,0.08652172350770099,0.16071378399222672,-7.306137015094948e-5,-0.00427619908795129,3.189000958796532e-5,0.0011335310014933602,-0.0011654210110813256,0.005340559453678892,0.09040541671979341,1.3658756643563374,15.108338791134535,-1.4835873834791726,0.4949705604815562,0.4436039617887587,0.004815378661840387,0.12233240466341909,0.03857324553168132,true
3.6750000000000003,10.8048074430629,0.057720663718737575,0.08797614080634786,0.16170677037180348,-7.454976781742477e-5,-0.004278230023111623,5.665389847644541e-5,0.00111229169715483,-0.0011689455956312754,0.005342127939151424,0.09038768792046709,1.3657130248674627,15.109502812696853,-1.4856777313598017,0.5022131811503281,0.4487951161175786,0.004803809645175875,0.12222350804304243,0.03854220811720853,true
3.725,10.8048074430629,0.057736164063344184,0.08943962183708215,0.1627127748364497,-7.605470670886333e-5,-0.004280273531392501,8.156871217756254e-5,0.001090882644434696,-0.0011724513566122585,0.0053435625176655056,0.0903693985424161,1.3655474397714407,15.110728430161041,-1.4878107235100408,0.5094713894666177,0.45395225839421804,0.004792016035479526,0.1221114565135815,0.0385102209367527,true
3.7750000000000004,10.8048074430629,0.0577501480846072,0.09091215873736672,0.163731703938856,-7.757609570254741e-5,-0.004282329056458697,0.00010662754838614875,0.0010693084447719128,-0.0011759359931580616,0.005344856758339085,0.09035053594391164,1.365378880011392,15.11201749659792,-1.4899869556078666,0.5167452949723198,0.4590751861517157,0.004779995675914724,0.12199618774304542,0.03847726418825325,true
3.825,10.8048074430629,0.057762545619755815,0.09239373682370211,0.16476345850273172,-7.9113820006273e-5,-0.004284396037224024,0.00013182352575396628,0.0010475737063753794,-0.0011793972321293457,0.00534600416750986,0.09033108739348772,1.3652073162252776,15.113371881358534,-1.492207031534529,0.5240350019558978,0.46416370495121445,0.00476774643237907,0.12187763930435518,0.038443318028014026,true
3.8750000000000004,10.8048074430629,0.057773285878353876,0.09388433439484203,0.16580793357538115,-8.066773633233043e-5,-0.004286473907763133,0.00015714983819993078,0.0010256830163505985,-0.0011828328545505293,0.005346998193424218,0.09031104011401343,1.3650327186686912,15.114793462077303,-1.494471563619674,0.531340608266028,0.4692176276312652,0.004755266198023616,0.1217557489188934,0.03840836264992725,true
3.9250000000000003,10.8048074430629,0.05778229751291444,0.09538392250877534,0.16686501848045981,-8.223766455183612e-5,-0.004288562097044388,0.00018259984722365525,0.0010036408932871783,-0.0011862407405108335,0.005347832232772727,0.0902903813616569,1.3648550570645488,15.11628411001655,-1.4967811731144425,0.5386622031771157,0.47423677294798877,0.004742552899626513,0.1216304548787775,0.03837237842349347,true
3.975,10.8048074430629,0.05778950872085194,0.0968924647198083,0.1679345970362825,-8.382337366697685e-5,-0.004290660028445902,0.00020816723150235113,0.0009814517103324749,-0.001189618941834826,0.0053484996401259345,0.0902690985623366,1.3646743003311963,15.117845664414176,-1.4991364910479597,0.5459998637000409,0.4792209632375443,0.004729604506953821,0.12150169676279671,0.03833534612847717,true
4.0249999999999995,10.8048074430629,0.057794847391900155,0.09840991676032222,0.16901654802685734,-8.542455938740112e-5,-0.004292767119097091,0.0002338462136799392,0.0009591195783460865,-0.0011929657920260258,0.005348993741578121,0.0902471795357225,1.3644904161234133,15.11947989004252,-1.5015381596822983,0.5533536485402635,0.484170020634591,0.004716419046560784,0.12136941659836464,0.03829724733637556,true
4.075,10.8048074430629,0.05779824131422418,0.09993622615717512,0.17011074601791984,-8.70408108610684e-5,-0.004294882779295816,0.0002596318731200746,0.0009366481842427587,-0.0011962800573628333,0.005349307853823241,0.09022461283826592,1.3643033701167193,15.121188411884136,-1.5039868347955851,0.5607235888891435,0.48908376140941057,0.004702994621503557,0.12123356062790826,0.038258064990894736,true
4.125,10.8048074430629,0.05779961843956649,0.10147133179301071,0.17121706256281047,-8.867156652424546e-5,-0.004297006412668055,0.0002855205176855309,0.0009140405976263267,-0.0011995611153118575,0.005349435308694563,0.09020138823979061,1.3641131249985978,15.122972624016063,-1.5064831889301045,0.5681096757258707,0.49396198834974,0.004689329437414913,0.12109408174983993,0.0382177842106315,true
4.175,10.8048074430629,0.057798907174115566,0.10301516346897202,0.1723353676837563,-9.031606566247054e-5,-0.00429913741841929,0.00031151001070929486,0.0008912990978294905,-0.0012028091085387854,0.005349369480084967,0.09017749729224271,1.3639196392484787,15.124833580470263,-1.5090279153625088,0.5755118448590439,0.49880448213879497,0.004675421832496358,0.12095094241717494,0.03817639324267814,true
4.225,10.8048074430629,0.05779603659473785,0.10456764160935922,0.17346553116748542,-9.197331545868552e-5,-0.004301275197897549,0.0003375998202140623,0.0008684251393087149,-0.0012060249595227772,0.005349103803959516,0.09015293382777376,1.3637228660496654,15.126771899125242,-1.5116217316973346,0.5829299642520521,0.5036109947556004,0.00466127030292562,0.1208041171573517,0.0381338842918931,true
4.2749999999999995,10.8048074430629,0.05779093638785891,0.10612867736609133,0.17460742262776324,-9.364211376407497e-5,-0.0043034191683299795,0.0003637903922830122,0.0008454196581363677,-0.0012092100504193799,0.0053486317726988185,0.0901276940191199,1.363522753125388,15.128787749036684,-1.51426538046851,0.5903638336645621,0.5083812511994977,0.0046468735054884455,0.12065359284024546,0.03809025360909088,true
4.325,10.8048074430629,0.05778353620070288,0.10769817349524893,0.17576090854842502,-9.532119019652569e-5,-0.004305568785978235,0.00039008133221987305,0.0008222839844136089,-0.001212365316633482,0.0053479468750553365,0.09010177537857483,1.3633192448723497,15.130881041402114,-1.5169596220869965,0.5978132134084784,0.5131149696177555,0.004632230207929337,0.12049936352752719,0.03804549979480922,true
4.375,10.8048074430629,0.057773764076025635,0.1092760263854619,0.17692584403781272,-9.700953461507468e-5,-0.004307723577352403,0.00041646799892733084,0.000799021566928531,-0.0012154895658558619,0.005347042451285756,0.09007517390616948,1.3631122885778892,15.133051977205522,-1.519705213832898,0.6052779030775346,0.5178119116241311,0.004617339152129412,0.12034141592047289,0.037999619005464245,true
4.425,10.8048074430629,0.05776154389476713,0.1108621293299149,0.17810205773295387,-9.87069357691425e-5,-0.004309883168530754,0.0004429367827867069,0.0007756403832754901,-0.001218577166062197,0.005345911456464895,0.09004787884986568,1.3629018460304212,15.13530205750598,-1.5225028698139436,0.6127578835777368,0.5224719689019977,0.0046021988111483005,0.12017970274529263,0.03795259618261711,true
4.475,10.8048074430629,0.05774679247262515,0.11245637634469086,0.17928933165021416,-0.00010041460446810145,-0.004312047288786117,0.0004694608195681398,0.0007521551604190617,-0.0012216159799872015,0.005344546191769554,0.09001986571555388,1.3626879092500443,15.137635436558925,-1.5253532057450123,0.6202535033316261,0.5270952716318201,0.004586807076907933,0.12001410741408876,0.03790439340261011,true
4.5249999999999995,10.8048074430629,0.05772941824935478,0.11405866440149584,0.18048738486536478,-0.00010213548980186352,-0.0043142157135486695,0.0004959999704886909,0.0007285874673535664,-0.0012245874378422573,0.005342938183171351,0.0899910906531542,1.3624705135180382,15.14006001737777,-1.5282566916766378,0.6277656220761008,0.5316822642837211,0.0045711610295196894,0.11984441591521205,0.03785494060166096,true
4.575,10.8048074430629,0.057709324603198386,0.11566889051240042,0.18169587901548098,-0.00010387361846850926,-0.004316388117112176,0.0005225100938471008,0.0007049611217964055,-0.0012274712156435063,0.0053410784881918446,0.08996149252774946,1.3622497332495613,15.142587066675919,-1.531213665757583,0.6352955419416415,0.5362336482595789,0.004555257058161748,0.11967032786589579,0.03780413920955664,true
4.625,10.8048074430629,0.05768642006233104,0.11728693998622818,0.18291446681718443,-0.00010563184977085074,-0.004318563859064749,0.0005489638477524784,0.0006812917219603265,-0.001230255569712805,0.005338958640986048,0.08993101014375272,1.3620256427343382,15.145227886989932,-1.5342244799109097,0.6428445294959614,0.540750083749848,0.004539091610089999,0.11949154419688848,0.03775189106956391,true
4.675,10.8048074430629,0.05766063231694041,0.11891266661581545,0.18414288677575663,-0.0001074084694916951,-0.00432074183779416,0.0005753748911441452,0.0006575743433546662,-0.0012329492344988113,0.005336571949179968,0.08989961566739009,1.3617982373818307,15.147987310871288,-1.5372898047694343,0.6504129163802217,0.5452316610560121,0.0045226625153054765,0.11930793603624157,0.03769815419225027,true
4.725,10.8048074430629,0.05763191278947358,0.12054587374951267,0.18538105028132523,-0.00010919546586285306,-0.004322920663167847,0.0006018008831279054,0.0006337817675835717,-0.0012355826507114771,0.005333913916853323,0.0898673458260313,1.361567358120769,15.15085758465087,-1.540410931321086,0.6579992866247034,0.5496774554348022,0.004505970123269575,0.11911970113556193,0.037642994437000504,true
4.775,10.8048074430629,0.057600232910979765,0.12218632863499002,0.18662900962191475,-0.00011098280787942421,-0.004325099295834498,0.0006282959919454177,0.0006098881397439494,-0.0012381841316893671,0.00533098189990987,0.08983428802227787,1.3613327482641302,15.15382131070639,-1.5435893664730989,0.665600940314506,0.5540858476702897,0.004489017969827299,0.11892729414652206,0.03758656193548352,true
4.825,10.8048074430629,0.057565452113595504,0.12383379007657812,0.18788663947163936,-0.0001127705826796771,-0.004327277826591989,0.0006548283267278717,0.000585910589752116,-0.0012407389164799877,0.0053277628885977715,0.08980047912099577,1.3610941732380735,15.156869835896492,-1.5468272343487943,0.6732165605302176,0.558456084823292,0.004471802838004032,0.11873090589670536,0.03752892187150319,true
4.875,10.8048074430629,0.05752751250318572,0.12548820780137182,0.1891535011656753,-0.00011457842459639096,-0.004329456655630782,0.0006812946175101865,0.0005619020706646122,-0.0012431966881747986,0.005324251524734074,0.08976580862241511,1.360851998908327,15.160026069976418,-1.5501225157673995,0.6808491380643711,0.5627898894324738,0.0044543283726305285,0.11853000657214138,0.03746989578267623,true
4.925,10.8048074430629,0.05748657403048134,0.12714920155575307,0.190428582532076,-0.00011642429681962337,-0.004331641695385142,0.0007077221462617509,0.0005378127333436111,-0.001245534879605362,0.005320462611982032,0.08973007935083252,1.360607182001475,15.163334211281416,-1.5534681235878323,0.6885018545870568,0.567089029087036,0.004436613848364001,0.11832366527272878,0.03740916418343715,true
4.975,10.8048074430629,0.057442506760340004,0.12881668320087158,0.19171170934065174,-0.00011829229295226764,-0.004333825186240289,0.0007340752199656021,0.00051369087808886,-0.001247766098054462,0.005316384124662979,0.08969327501987011,1.3603594415031859,15.166794179405535,-1.5568676521832767,0.6961754968308921,0.5713538818208787,0.0044186454119765455,0.11811179735068092,0.03734670521057334,true
5.025,10.8048074430629,0.05739491174962343,0.13049036351105792,0.19300287052013576,-0.00012015092846590719,-0.004336002953932706,0.0007604721941231179,0.0004894894533700085,-0.0012499616474931263,0.0053119791400330005,0.08965549939727441,1.360107709355658,15.170376814576153,-1.5603313972349016,0.7038669010457284,0.5755826574828652,0.004400389497915351,0.11789488031470584,0.037282693654476104,true
5.075,10.8048074430629,0.057344089380729865,0.13217002258973426,0.19430283609692925,-0.00012201587468786992,-0.004338175652818976,0.0007868283271454183,0.000465253110307089,-0.0012520814374525073,0.005307275458902043,0.08961703348671246,1.359852030974226,15.174035315237829,-1.56385414215428,0.7115692518688803,0.5797716765712587,0.004381895103976123,0.11767440050782961,0.037217603080916074,true
5.125,10.8048074430629,0.0572895133429467,0.13385547421369282,0.19560967236759969,-0.00012389547270870357,-0.004340342631881309,0.0008130838742331058,0.00044101304862354093,-0.0012540969228566467,0.005302224370479528,0.08957736831251889,1.3595928314447074,15.177860848750761,-1.5674402050464118,0.7192946894870023,0.58392757165873,0.004363107167070941,0.11744777035703796,0.03715059526002204,true
5.175,10.8048074430629,0.05723138969930475,0.13554643438951827,0.19692418990902116,-0.00012577194151743132,-0.004342502900214413,0.0008393134980936851,0.0004167335008533013,-0.0012560469989469864,0.005296844946186384,0.08953683423978277,1.3593296064521048,15.181792141676269,-1.5710896497767053,0.727034604938777,0.5880457197702031,0.004344055474334793,0.11721668933650972,0.037082223701915634,true
5.225,10.8048074430629,0.05716952863605119,0.1372426349175241,0.19824566756494663,-0.00012765361558825965,-0.004344656283131853,0.000865473270020001,0.00039243778678437017,-0.0012579110568043711,0.0052911196184950255,0.0894952965480216,1.3590624910050568,15.18585382055031,-1.5748035308125783,0.7347919426425328,0.5921277553046087,0.0043247290917699755,0.11698049421957475,0.037012272122986266,true
5.275,10.8048074430629,0.057103870702574236,0.13894380461458206,0.19957382603162338,-0.00012953738580078326,-0.004346802234825189,0.0008915626065940952,0.00036812774022619706,-0.0012596903468202923,0.0052850428851684075,0.08945275577592164,1.3587914181736969,15.190045364029446,-1.578582801630275,0.7425663038748055,0.5961735229012531,0.00430512826694973,0.11673920854981445,0.03694074829825233,true
5.325,10.8048074430629,0.057034342431610034,0.14064965662156395,0.20090832798169855,-0.00013142250953521327,-0.004348940267241623,0.0009175752820056316,0.00034380803170714334,-0.001261383313712775,0.005278607946708783,0.08940919879761634,1.358516351727359,15.19436892396778,-1.582428320299554,0.7503576065764551,0.6001830474305485,0.004285252726392061,0.11649278845122613,0.03686763774342677,true
5.375,10.8048074430629,0.056960875081865266,0.14235989470728788,0.20224882075014125,-0.00013330818564199676,-0.004351069893485207,0.0009435043844380487,0.00031948369852622326,-0.001262988082964272,0.005271808441013571,0.08936461026207915,1.3582372659219741,15.198827163668911,-1.586340875457063,0.7581658231081959,0.6041563918453953,0.004265102454826976,0.11624118042121107,0.03679292264400566,true
5.425,10.8048074430629,0.056883402955967895,0.14407421320060326,0.2035949444793987,-0.0001351935341337035,-0.004353190621295587,0.0009693431643313519,0.0002951597173660997,-0.0012645028816974516,0.005264638287699353,0.08931897521430841,1.3579541369919415,15.203422718786463,-1.5903212354064669,0.7659909150722601,0.6080936227517197,0.0042446776845602935,0.11598433423029589,0.03671658616501672,true
5.475,10.8048074430629,0.05680186084439491,0.14579229616677974,0.20494633034718182,-0.00013707764197783197,-0.0043553019563825355,0.0009950849951763786,0.0002708410209629478,-0.0012659260161393265,0.005257091451533815,0.08927227883994471,1.3576669402153876,15.208158208322807,-1.5943701856183128,0.7738328374937014,0.611994812529447,0.004223978715996102,0.11572220138781081,0.036638612021371364,true
5.525,10.8048074430629,0.056716183339409004,0.14751381644602615,0.20630259910518378,-0.00013895958128362385,-0.004357403404578214,0.0010207233858640975,0.0002465324901873393,-0.0012672558760514368,0.005249161878939635,0.08922450629559338,1.3573756494647014,15.213036258982802,-1.5984885370258708,0.7816915396762915,0.6158600396801306,0.004203005872452349,0.11545473425720591,0.03655898420337883,true
5.575,10.8048074430629,0.056626305343483355,0.14923843505130965,0.20766336041927172,-0.0001408384161858103,-0.004359494472868438,0.0010462519723809288,0.00022223895684799253,-0.0012684909292289214,0.005240843545049904,0.08917564265788637,1.3570802381902818,15.21805952547589,-1.6026771161943392,0.7895669642494505,0.6196893882676875,0.004181759541120525,0.11518188589860502,0.03647768690540449,true
5.625,10.8048074430629,0.05653216269371522,0.1509658012671593,0.20902821307283986,-0.0001427131954604927,-0.004361574670290474,0.0010716644743887498,0.0001979652244744228,-0.0012696296988631726,0.005232130511498474,0.08912567294697318,1.3567806801581215,15.223230695440146,-1.6069367568993198,0.7974590472360054,0.6234829478756517,0.0041602402126168,0.11490361027325216,0.03639470457593837,true
5.675,10.8048074430629,0.0564336922999971,0.15269555323570322,0.2103967456883709,-0.0001445829396616004,-0.00436364350941833,0.0010969546540878232,0.00017371608838332632,-0.0012706707424711495,0.005223016939207898,0.08907458219180009,1.3564769491975883,15.228552476134556,-1.6112683020322258,0.8053677191021037,0.6272408140227237,0.004138448479762473,0.11461986258272666,0.036310022031351814,true
5.725,10.8048074430629,0.05633083191988568,0.15442731852433142,0.21176853738138612,-0.0001464466353224764,-0.004365700508336216,0.0011221163047787411,0.0001494963410634401,-0.0012716126458421813,0.005213497067553224,0.08902235548892629,1.3561690184733561,15.234027576837747,-1.615672610960461,0.8132929057856391,0.6309630885306245,0.004116385013506405,0.11433059953623714,0.0362236245561475,true
5.775,10.8048074430629,0.05622352006823628,0.15616071435343634,0.2131431580119495,-0.00014830324137249937,-0.004367745192315238,0.001147143266827671,0.00012531076371754556,-0.0012724540305452166,0.005203565205998551,0.08896897802448327,1.3558568602378358,15.239658702887642,-1.6201505621712056,0.821234529023546,0.6346498795324481,0.0040940505562576,0.11403577946545783,0.03613549794433832,true
5.825,10.8048074430629,0.056111696416348736,0.15789534752933676,0.21452016811703406,-0.00015015170342835631,-0.0043697770943565304,0.0011720294519435197,0.00010116411336906749,-0.0012731935653125873,0.005193215771038529,0.08891443506354613,1.35554044656114,15.245448566280052,-1.6247030455247944,0.8291925060280113,0.6383013011718117,0.004071445955424802,0.1137353623469981,0.036045628491537265,true
5.875,10.8048074430629,0.05599530259174997,0.15963081431321324,0.21589911879077617,-0.0001519909671075847,-0.0043717957543359725,0.001196768860044899,7.706111346052126e-5,-0.0012738299735054201,0.005182443360219353,0.08885871193032839,1.3552197507216757,15.251399905326844,-1.6293309472214996,0.83716674896843,0.6419174732235449,0.004048572224739601,0.11342930982673896,0.035954002974904684,true
5.925,10.8048074430629,0.05587428292387666,0.16136670038136078,0.21727955166652807,-0.00015381998325466782,-0.004373800717282373,0.001221355585204403,5.3006449859634557e-5,-0.0012743620350640376,0.005171242821152735,0.08880179399713317,1.3548947483997171,15.257515500682992,-1.6340351367785133,0.8451571646540317,0.6454985208189683,0.0040254305960418495,0.11311758527149354,0.035860608646585135,true
5.975,10.8048074430629,0.05574858466298188,0.1631025808669631,0.21866099896313929,-0.00015563770348847974,-0.00437579153183593,0.0012457838155573884,2.9004769962282092e-5,-0.0012747885855196705,0.005159609271776019,0.08874366668603462,1.3545654179018194,15.263798178343517,-1.6388164646465673,0.8531636544819335,0.6490445742966062,0.004002022527500735,0.11280015381064548,0.0357654332438011,true
6.025,10.8048074430629,0.05561815753491613,0.1648380203984991,0.22004298349322987,-0.00015744307009729386,-0.004377767749834493,0.0012700478325845324,5.060682244722721e-6,-0.0012751085148292552,0.005147538059146543,0.0886843154776632,1.3542317392565777,15.270250798718362,-1.6436757724102495,0.8611861145167116,0.6525557691102868,0.0039783496617877695,0.11247698232939302,0.03566846500578391,true
6.075,10.8048074430629,0.055482952922760495,0.16657257309724072,0.22142501860901798,-0.00015923500687687947,-0.0043797289273365845,0.001294142011483082,-1.8821244593773026e-5,-0.001275320766889309,0.005135024683700649,0.08862372592031216,1.3538936927271936,15.276876239039813,-1.6486139096000192,0.8692244355683565,0.6560322457327541,0.00395441375940645,0.11214803942212791,0.035569692688818315,true
6.125,10.8048074430629,0.055342923193409936,0.1683057825835847,0.2228066081710095,-0.00016101241598708672,-0.004381674626616323,0.0013180608212325546,-4.263648222409136e-5,-0.0012754243390084633,0.005122064736928025,0.0885618836380333,1.3535512576082989,15.283677379091,-1.653631747380857,0.8772785032183111,0.6594741495337209,0.003930216646518035,0.11181329536414956,0.03546910558075456,true
6.175,10.8048074430629,0.05519802156684875,0.17003718208174745,0.22418724665927045,-0.00016277418175452397,-0.004383604418235966,0.0013417988224811168,-6.638054210150927e-5,-0.0012754182803796075,0.005108653889272963,0.08849877433996726,1.3532044119368287,15.290657096995556,-1.6587301819487048,0.8853481978452633,0.6628816306561246,0.003905760204979616,0.11147272215791536,0.03536669352100658,true
6.225,10.8048074430629,0.0550482025773656,0.17176629467693205,0.22556641948491685,-0.0001645191784041442,-0.004385517882414114,0.0013653506633954104,-9.004897379279831e-5,-0.0012753016896026122,0.005094787932820464,0.08843438383381408,1.352853133158682,15.297818275083637,-1.6639101270591368,0.8934333947374195,0.6662548439267459,0.0038810464053197274,0.11112629366863726,0.03526244693063744,true
6.275,10.8048074430629,0.05489342283407415,0.17349263369416323,0.22694360344657344,-0.00016624627731688963,-0.004387414609420436,0.001388711076148464,-0.0001136373635841652,-0.0012750737125642988,0.005080462851683472,0.08836869804237439,1.352497399251977,15.305163810418822,-1.6691725013000953,0.9015339643189618,0.6695939488097014,0.0038560773590397028,0.11077398580500339,0.03515635684861596,true
6.325,10.8048074430629,0.05473364166553716,0.1752157030905792,0.22831826718506948,-0.00016795435091954545,-0.00438929419927457,0.001411874877751849,-0.00013714133527232005,-0.001274733542479529,0.00506567488166374,0.08830170302036586,1.3521371896433,15.312696622979558,-1.6745182176452125,0.9096497723897675,0.6728991093582783,0.003830855360193476,0.11041577668217537,0.03504841496707486,true
6.375,10.8048074430629,0.054568821363341055,0.17693499773129406,0.22968987147783027,-0.00016964227310977835,-0.004391156261299369,0.0014348369775028698,-0.00016055655433507067,-0.001274280423167799,0.005050420532794995,0.08823338496368142,1.351772485489283,15.32041965799792,-1.6799481802917382,0.9177806802579076,0.676170494116847,0.0038053828969958916,0.11005164669844898,0.03493861365152234,true
6.425,10.8048074430629,0.054398927005735176,0.1786500034701602,0.23105786928889624,-0.00017130891822417002,-0.004393000413993784,0.0014575923898823312,-0.0001838787349500776,-0.0012737136549322537,0.0050346965730205,0.0881637302084245,1.351403269326275,15.32833588292458,-1.6854632888426249,0.925926544613412,0.6794082759170033,0.0037796626343266845,0.109681578515002,0.03482694594208591,true
6.475,10.8048074430629,0.054223926067210396,0.1803601970575619,0.23242170561601766,-0.00017295316073808356,-0.0043948262853830454,0.0014801362486140462,-0.00020710364773335416,-0.001273032600880692,0.005018499992059019,0.0880927252185221,1.3510295244333126,15.336448283123943,-1.6910644459818045,0.9340872171840365,0.6826126315928003,0.0037536973828503,0.10930555695969063,0.03471340553556449,true
6.525,10.8048074430629,0.05404378808310223,0.1820650459893985,0.23378081728073583,-0.00017457387659657487,-0.004396633513711391,0.0015024638164708377,-0.0002302271254596494,-0.0012722366910111883,0.0050018279703633595,0.08802035657095894,1.3506512343098733,15.344759859283522,-1.6967525639336272,0.9422625442413282,0.6857837416486543,0.0037274900736140827,0.10892356892908074,0.03459798676437833,true
6.575,10.8048074430629,0.053858484545710406,0.18376400844944962,0.23513463284099798,-0.00017616994555202966,-0.00439842174821411,0.001524570487029306,-0.00025324506479871157,-0.0012713254222305945,0.004984677869506098,0.08794661089270317,1.35026838258469,15.353273638162674,-1.702528566996015,0.9504523679279413,0.6889217906352214,0.0037010437448773844,0.10853560308569724,0.03448068450156852,true
6.625,10.8048074430629,0.05366798904948612,0.18545653346111177,0.23648257275358375,-0.00017774025316629347,-0.004400190649762256,0.0015464517780593371,-0.00027615342383300294,-0.0012702983542263342,0.00496704724561686,0.087871475062275,1.349880952896151,15.361992636853802,-1.7083933892933827,0.9586565197253382,0.6920269645319485,0.0036743615647391384,0.1081416508498727,0.03436149448132825,true
6.675,10.8048074430629,0.05347227758099572,0.18714206128161193,0.23782404981343325,-0.00017928369152906838,-0.004401939891318204,0.0015681033196108518,-0.0002989482168300039,-0.001269155102780848,0.004948933876218865,0.08779493594306939,1.3494889296344692,15.370919918542285,-1.7143479717683223,0.9668748298285588,0.6950994542218853,0.003647446824386003,0.10774170515462628,0.03424041288659442,true
6.725,10.8048074430629,0.053271328817648414,0.1888200239838132,0.2391584697971154,-0.00018079915878881385,-0.004403669158259639,0.0015895208417026473,-0.00032162550870188115,-0.001267895333000766,0.004930335787876594,0.08771698059226316,1.3490922979629196,15.380058557121753,-1.7203932581599917,0.97510712181356,0.6981394533092351,0.0036203029666046498,0.1073357614792194,0.03411743668078273,true
6.775,10.8048074430629,0.053065124343220346,0.19048984611276734,0.24048523217717482,-0.00018228555846658723,-0.004405378148659374,0.0016107001665124432,-0.0003441814116245096,-0.0012665187548879337,0.004911251276142842,0.08763759624858299,1.348691044021822,15.389411642422004,-1.7265301931489758,0.9833532146210722,0.7011471587369658,0.0035929335906663695,0.10692381780696622,0.03399256359141856,true
6.825,10.8048074430629,0.052853648751873,0.1921509452839711,0.24180373075763945,-0.00018374179972552144,-0.004407066573568768,0.001631637208290731,-0.0003666120854806033,-0.0012650251228101279,0.004891678915185764,0.08755677035760574,1.348285154929844,15.398982276562732,-1.7327597220695916,0.9916129230331163,0.7041227708115068,0.0035653424536822476,0.10650587475023955,0.033865792151177465,true
6.875,10.8048074430629,0.05263688965794541,0.19380273261151332,0.24311335410870064,-0.00018516679929857186,-0.004408734157299364,0.0016523279813525351,-0.00038891374236829814,-0.001263414238984237,0.004871617558695163,0.08747449058402042,1.3478746187121136,15.408773571735887,-1.7390827917056342,0.9998860578654917,0.7070664931157772,0.0035375334670400783,0.10608193560482326,0.033737121717608676,true
6.925,10.8048074430629,0.05241483764329295,0.19544461291070153,0.24441348574471883,-0.00018655948487382112,-0.004410380637675447,0.0016727686136145175,-0.0004110826539608075,-0.00126168595965371,0.004851066335008616,0.08739074480822633,1.3474594242154876,15.418788650587718,-1.7455003515447023,1.0081724257906877,0.7099785322899336,0.0035095106901971273,0.10565200632640477,0.03360655246809331,true
6.975,10.8048074430629,0.052187486175982956,0.19707598470353085,0.24570350408297517,-0.00018791879899325722,-0.004412005766252183,0.0016929553607926643,-0.00043311515929501823,-0.0012598402014976462,0.004830024639586642,0.08730552111018208,1.3470395610414572,15.42903064906347,-1.752013355094718,1.0164718288481833,0.7128590977109448,0.0034812783235379737,0.10521609544672017,0.03347408537509612,true
7.025,10.8048074430629,0.05195483153563702,0.19869624014634923,0.24698278232068038,-0.00018924370223213468,-0.004413609308527141,0.0017128846159173276,-0.00045500767029773334,-0.0012578769456195941,0.0048084921281030335,0.0872188077490768,1.3466150195014444,15.43950272027994,-1.7586227610429497,1.0247840638351842,0.7157084011460212,0.0034528407016588335,0.10477421397181082,0.03333972217525278,true
7.075,10.8048074430629,0.05171687278348358,0.2003047650518726,0.24825068842361153,-0.0001905331747916093,-0.004415191044188309,0.0017325529106952864,-0.00047675667326264534,-0.001255796237432641,0.00478646871367317,0.0871305931498893,1.3461857905971601,15.450208037506863,-1.7653295340046158,1.0331089218403817,0.7185266564713686,0.0034242022886297727,0.1043263753156065,0.033203465349335326,true
7.125,10.8048074430629,0.05147361180568796,0.2019009391556505,0.24950658539122406,-0.0001917862164504706,-0.004416750767421244,0.0017519569088172613,-0.0004983587262663629,-0.0012535981825508983,0.004763954570864286,0.08704086590536539,1.3457518660344174,15.461149794828298,-1.772134644585083,1.0414461881398642,0.7213140795243613,0.0033953676766053033,0.10387259530906211,0.033065318125886985,true
7.175,10.8048074430629,0.051225053431090864,0.20348413667417375,0.25074983184581967,-0.00019300184560953223,-0.004418288287257042,0.0017710933951147786,-0.0005198104544332954,-0.0012512829406814833,0.0047409501465923215,0.08694961479496377,1.3453132382753843,15.472331205236191,-1.779039068653532,1.049795642508337,0.7240708880957152,0.003366341588036123,0.10341289229076087,0.03292528451038114,true
7.225,10.8048074430629,0.05097120558907958,0.20505372706337294,0.2519797828389049,-0.00019417909856958915,-0.004419803427912044,0.0017899592662078095,-0.0005411085458655081,-0.0012488507203423016,0.004717456174733132,0.08685682881392004,1.3448699006189506,15.483755497223681,-1.786043786072323,1.0581570597941614,0.7267973020006694,0.0033371288800266136,0.10294728724406375,0.03278336932892083,true
7.275,10.8048074430629,0.05071207944962644,0.206609075789978,0.2531957906637184,-0.00019531702996532452,-0.0044212960290700275,0.0018085515270720148,-0.0005622497504842759,-0.001246301776587739,0.004693473689083236,0.08676249720079901,1.3444218472786804,15.495425911580371,-1.7931497794635496,1.066530210468417,0.7294935431293614,0.0033077345480535653,0.10247580392300465,0.03263957826847277,true
7.325,10.8048074430629,0.05044768949680749,0.2081495449334977,0.25439720547168315,-0.000196414714564774,-0.004422765946084242,0.0018268672945599927,-0.0005832308823498606,-0.0012436364122101321,0.004669004030164076,0.0866666094528684,1.343969073427775,15.50734569994527,-1.800358033587074,1.0749148608928913,0.7321598353971416,0.0032781637265227657,0.10199846891518374,0.032493917897531574,true
7.375,10.8048074430629,0.05017805352205568,0.20967449354294942,0.25558337561262556,-0.00019747124990769,-0.004424213050116493,0.0018449038051918576,-0.0006040488241570519,-0.0012408549810348057,0.004644048844597588,0.08656915532600326,1.3435115751955813,15.519518125551391,-1.807669535588196,1.0833107732081713,0.734796404572336,0.0032484216852896675,0.10151531162674096,0.03234639566264006,true
7.425,10.8048074430629,0.04990319256501858,0.21118327781518204,0.2567536477776811,-0.0001984857588755651,-0.004425637228251556,0.0018626584227309554,-0.0006247005316760099,-0.0012379578910549456,0.004618610079632501,0.08647012482429575,1.3430493496260683,15.531946465384399,-1.8150852759013583,1.0917177049498996,0.7374034780254372,0.003218513823372576,0.10102636421595389,0.032197019869059165,true
7.475,10.8048074430629,0.04962313085385509,0.21267525125548492,0.2579073671245757,-0.00019945739145883504,-0.0044270383836227745,0.001880128641891818,-0.000645183036294487,-0.0012349456055973308,0.0045926899776187165,0.08636950818882749,1.3425823946307915,15.54463401245191,-1.8226062492453967,1.100135408647337,0.7399812844843164,0.003188445662392783,0.10053166152251743,0.032045799660123005,true
7.525,10.8048074430629,0.04933789578711646,0.2141497649757566,0.25904387755725006,-0.00020038532552731322,-0.0044284164355599545,0.001897312087228735,-0.0006654934451537539,-0.0012318186420749813,0.004566291074330369,0.08626729589454556,1.342110708964751,15.557584076883172,-1.830233455193208,1.1085636316202119,0.7425300538605023,0.0031582228419260033,0.1000312410355881,0.03189274500864861,true
7.575,10.8048074430629,0.04904751796922284,0.215606168190638,0.26016252222430053,-0.00020126876696150407,-0.004429771319743058,0.0019142065089798486,-0.0006856289397390246,-0.001228577569240824,0.004539416202249233,0.08616347865807888,1.3416342922385887,15.570799985485428,-1.8379678980911551,1.1170021160482504,0.7450500171630314,0.0031278511175188363,0.09952514291341054,0.03173786672432882,true
7.625,10.8048074430629,0.04875203127794963,0.21704380885896013,0.2612626441747341,-0.00020210694976884546,-0.0044311029883335,0.0019308097787562872,-0.0007055867743602265,-0.0012252230043960609,0.004512068496810676,0.08605804745261919,1.3411531449574954,15.584285080321994,-1.8458105865109318,1.1254505992350445,0.7475414064696678,0.003097336360406399,0.09901341003477399,0.03158117647096061,true
7.675,10.8048074430629,0.048451472928276305,0.21846203435326786,0.2623435870406996,-0.00020289913662988122,-0.004432411410058924,0.001947119887345227,-0.0007253642756662703,-0.0012217556116789568,0.004484251402312959,0.08595099352318822,1.340667268564162,15.59804271724295,-1.8537625326326503,1.1339088138866766,0.7500044548986318,0.003066684557201671,0.09849608804953164,0.03142268678337142,true
7.725,10.8048074430629,0.04814588350544853,0.21986019205451857,0.263404695634306,-0.0002036446199583406,-0.004433696570245504,0.001963134945091185,-0.0007449588434416439,-0.0012181761016495413,0.004455968674977177,0.08584230839678586,1.340176665465961,15.612076265136183,-1.8618247519078033,1.142376488258143,0.7524393965387539,0.003035901808168913,0.09797322540191056,0.0312624110759171,true
7.775,10.8048074430629,0.04783530696170002,0.22123762984005782,0.26444531642478275,-0.00020434272323291018,-0.004434958470808288,0.0019788531837273524,-0.0007643679521342032,-0.0012144852315931491,0.004427224382643868,0.08573198388600956,1.3396813390390863,15.626389106081405,-1.8699982631228467,1.1508533461316885,0.7548464663315174,0.003004994323716985,0.09744487332045533,0.031100363640665755,true
7.825,10.8048074430629,0.04751979059183151,0.22259369650639638,0.2654647979431851,-0.0002049928022359209,-0.004436197130216588,0.0019942729580584746,-0.0007835891523179297,-0.001210683805740545,0.00439802290251281,0.0856200120888088,1.3391812936177037,15.640984636029327,-1.8782840887185133,1.1593391066924714,0.7572258999275314,0.002973968419802437,0.09691108578793424,0.030936559639397624,true
7.875,10.8048074430629,0.047199385007720085,0.22392774219820394,0.26646249119382337,-0.00020559424599028866,-0.004437412583448004,0.0020093927463971694,-0.0008026200715358564,-0.001206772674861313,0.0043683689187838225,0.08550638538843923,1.3386765344808536,15.655866265419839,-1.8866832551310018,1.167833484405985,0.7595779335486625,0.002942830513226193,0.09637191951069572,0.03077101509547057,true
7.925000000000001,10.8048074430629,0.046874144125459746,0.22523911889713222,0.2674377501307004,-0.00020614647738603285,-0.004438604881933888,0.002024211149686229,-0.0008214584144805719,-0.0012027527352056568,0.004338267421466612,0.08539109645632101,1.3381670678482325,15.67103741937226,-1.8951967929648006,1.1763361889761794,0.7619028038771251,0.0029115871175324063,0.0958274339001635,0.030603746889457887,true
7.975,10.8048074430629,0.04654412516502335,0.22652718097696975,0.26838993220546514,-0.00020664895365373915,-0.00443977409349329,0.0020387268899504742,-0.000840101962827777,-0.0011986249271226973,0.004307723706349478,0.08527413825802167,1.3376529008866305,15.686501537420092,-1.903825736967769,1.1848469253893457,0.7642007479708602,0.0028802448395615974,0.09527769106713602,0.030434772758756497,true
8.025,10.8048074430629,0.04620938865373557,0.2277912857960755,0.269318398954377,-0.00020710116685463737,-0.00444092030224873,0.0020529388088359095,-0.0008585485751002675,-0.001194390233735642,0.004276743375320748,0.0851555040606347,1.3371340417226603,15.702262073048834,-1.9125711258942413,1.193365394002445,0.7664720031922052,0.0028488103762689784,0.09472275582053426,0.03026411129855644,true
8.075,10.8048074430629,0.0458699984227353,0.22903079428774384,0.2702225165810932,-0.00020750264446540897,-0.004442043608522038,0.0020668458666390156,-0.0008767961867657354,-0.0011900496798732804,0.004245332336041361,0.08503518743947244,1.3366104994537622,15.718322493322589,-1.921434002395038,1.2018912906207315,0.7687168071344326,0.002817290511278795,0.09416269566075737,0.030091781961132383,true
8.125,10.8048074430629,0.0455260215923978,0.2302450715272043,0.271101656512417,-0.00020785295002706292,-0.004443144128710794,0.0020804471417575536,-0.0008948428105368317,-0.001185604331220722,0.0042134968005956685,0.08491318228309734,1.3360822841545026,15.734686278745917,-1.9304154129920834,1.2104243065343148,0.7709353975386406,0.0027856921109734607,0.09359758076328112,0.02991780505209381,true
8.175,10.8048074430629,0.04517752854729862,0.23143348727708601,0.2719551959296712,-0.00020815168377933026,-0.004444221995149802,0.002093741830240166,-0.0009126865367135373,-0.0011810552935266289,0.004181243283174317,0.0847894827970195,1.335549406876551,15.751356923284568,-1.9395164081509142,1.2189641285152015,0.7731280122023753,0.002754022120125426,0.09302748395407699,0.029742201724117002,true
8.225,10.8048074430629,0.044824592906638684,0.23259541652880683,0.272782518294696,-0.00020839848321020912,-0.004445277355959221,0.002106729245146173,-0.0009303255334229306,-0.0011764037117232423,0.004148578597337039,0.0846640835069095,1.3350118796473784,15.76833793444923,-1.9487380423737386,1.2275104388052605,0.7752948888885591,0.0027222875573557166,0.09245248068101211,0.029564993969416118,true
8.275,10.8048074430629,0.0444672914926115,0.2337302400547291,0.27358301388682094,-0.00020859302350116185,-0.004446310374880797,0.002119408815631248,-0.0009477580467128555,-0.0011716507689183925,0.004115509853084999,0.08453697926218542,1.3344697154679888,15.785632833286199,-1.9580813742898342,1.2360629151154454,0.7774362652399711,0.0026904955105350884,0.09187264898503748,0.02938620461217043,true
8.325,10.8048074430629,0.044105704298882685,0.23483734497641723,0.27435608035676573,-0.00020873501790016292,-0.004447321231099002,0.00213178008583777,-0.0009649824005374833,-0.0011667976853002866,0.00408204445394353,0.08440816524033579,1.3339229283127851,15.803245154241889,-1.9675474666975972,1.2446212306399647,0.7795523786999102,0.0026586531322691136,0.09128806947283725,0.02920585730140069,true
8.375,10.8048074430629,0.04373991445729733,0.23591612534337705,0.2751011232909592,-0.00020882421805060636,-0.004448310119044618,0.0021438427137294965,-0.0009819969967040793,-0.0011618457170254172,0.004048190093880852,0.08427763695153707,1.3333715331303517,15.821178444966277,-1.9771373865817587,1.2531850540837788,0.7816434664383147,0.002626767635373647,0.09069882528887409,0.029023976503648883,true
8.425,10.8048074430629,0.04337000820066377,0.2369659827130099,0.27581755677630837,-0.00020886041431588363,-0.004449277248177233,0.0021555964699245594,-0.0009988003148079948,-0.0011567961551165646,0.004013954753863658,0.08414539024316536,1.332815545843953,15.839436266114529,-1.9868522051286868,1.2617540496897368,0.7837097652797648,0.0025948462882586353,0.09010500208501855,0.028840587494894737,true
8.475,10.8048074430629,0.04299607482091239,0.2379863267261223,0.27650480395904276,-0.00020884343608300787,-0.004450222842743705,0.002167041236554078,-0.0010153909121696058,-0.0011516503243844723,0.003979346697984656,0.084011421303774,1.3322549833517228,15.858022191226453,-1.9966929977500776,1.2703278772648388,0.7857515116332547,0.0025628964101768975,0.08950668798596365,0.02865571635112899,true
8.525,10.8048074430629,0.04261820662168844,0.23897657567647157,0.27716229759654565,-0.0002087731520280995,-0.004451147141511508,0.0021781770061127985,-0.0010317674237565883,-0.0011464095823562103,0.003944374469074963,0.08387572666677141,1.3316898635240066,15.876939806610045,-2.0066608441399274,1.2789061921960718,0.7877689414215227,0.002530925366294244,0.08890397355137447,0.02846938993792082,true
8.575,10.8048074430629,0.042236498867125216,0.23993615707723046,0.27778948060506037,-0.00020864947034744403,-0.004452050397474722,0.002189003880234682,-0.0010479285620576635,-0.0011410753181770187,0.003909046883962996,0.08373830321376483,1.3311202052006526,15.89619271126865,-2.0167568283326185,1.287488645468593,0.789762290013086,0.0024989405626725703,0.08829695173483232,0.02828163589895675,true
8.625,10.8048074430629,0.04185104972729406,0.2408645082263156,0.2783858066056203,-0.0002084723389357341,-0.004452932877530664,0.0021995220684069916,-0.0010638731169141905,-0.0011356489514928012,0.0038733730284257898,0.08359914817782108,1.3305460281880097,15.915784516821246,-2.0269820387589377,1.2960748836854856,0.7917317921567505,0.0024669494411916917,0.08768571784067528,0.02809248264390751,true
8.675,10.8048074430629,0.041461960220040506,0.24176107677071684,0.27895074046868656,-0.00020824174550849946,-0.004453794862126599,0.002209731886654376,-0.001079599955325076,-0.0011301319313293,0.0038373622518058544,0.08345825914679303,1.3299673532545593,15.935718847373833,-2.0373375683091326,1.3046645490868671,0.7936776819180409,0.002434959474399146,0.08707036947933296,0.027901959335826808,true
8.725,10.8048074430629,0.04106933414980575,0.2426253212684668,0.2794837588557585,-0.00020795771769018643,-0.004454636644874779,0.0022196337561793335,-0.001095108021217828,-0.0011245257349615054,0.0038010241613490145,0.08331563406655024,1.3293842021270166,15.955999339393385,-2.047824514384662,1.3132572795708157,0.7956001926180994,0.0024029781603307726,0.08645100652058783,0.027710095877873448,true
8.775,10.8048074430629,0.040673278042416716,0.24345671174577585,0.27998435075572037,-0.00020762032305755986,-0.004455458532136045,0.002229228201992517,-0.0011103963352022178,-0.0011188318667902993,0.00376436861616914,0.08317127124418082,1.3287965974848615,15.976629641546237,-2.058443978961269,1.3218527087094487,0.7974995567735358,0.00237101301725421,0.08582773104497775,0.027516922899450427,true
8.825,10.8048074430629,0.04027390107622597,0.24425473024779837,0.28045201801392006,-0.00020722966914572564,-0.004456260842571804,0.00223851585152082,-0.0011254639943002322,-0.0011130518572205878,0.0037274057208750494,0.0830251693509607,1.3282045629545196,15.997613414553676,-2.069197068653646,1.3304504657637808,0.7993760060380862,0.0023390715783566107,0.08520064729259448,0.02732247174150273,true
8.875,10.8048074430629,0.03987131500962736,0.24501887138246897,0.2808862758538139,-0.00020678590341807043,-0.004457043906664951,0.002247497433171898,-0.0011403101716412041,-0.0011071872615306937,0.0036901458188619797,0.08287732742519233,1.3276081231029466,16.018954331041712,-2.0800848947821065,1.3390501756954758,0.8012297711456771,0.0023071613863865515,0.08456986160974583,0.027126774441125472,true
8.925,10.8048074430629,0.03946563410463725,0.2457486428565035,0.28128665338995096,-0.00020628921318977125,-0.004457808066210933,0.002256173774871543,-0.0011549341161299451,-0.001101239658741598,0.0036525994852389244,0.08272774487485379,1.3270073034297805,16.040656075385684,-2.091108573452762,1.347651459176764,0.8030610818551933,0.002275289988227638,0.08393548239325503,0.026929863715417283,true
8.975,10.8048074430629,0.03905697504752645,0.2464435660039265,0.28165269413289806,-0.00020573982551704012,-0.004458553673779604,0.0022645458025480885,-0.0011693351520744395,-0.001095210650473649,0.0036147775194830074,0.08257642148007033,1.3264021303599614,16.06272234356978,-2.1022692256279982,1.3562539326017211,0.8048701668976213,0.0022434649294654652,0.08329762003259528,0.02673177294461678,true
9.025,10.8048074430629,0.038645456865852856,0.24710317630575068,0.2819839564847209,-0.00020513800704274714,-0.004459281092149231,0.002272614538580963,-0.0011835126787812197,-0.0010891018597997432,0.003576690937760739,0.08242335739542804,1.3257926312351886,16.085156843037424,-2.1135679772063556,1.3648572080964336,0.8066572539249993,0.0022116937489105246,0.08265638684992743,0.026532536154562057,true
9.075,10.8048074430629,0.03823120084237866,0.24772702390054444,0.2822800142248194,-0.000204484063793853,-0.0044599906937134864,0.00228038110022882,-0.0011974661701257068,-0.0010829149301031134,0.0035383509649609306,0.08226855315221802,1.3251788343048294,16.10796329252208,-2.125005959102093,1.3734608935256214,0.8084225694606656,0.002179983973110223,0.08201189703848194,0.026332187998605344,true
9.125,10.8048074430629,0.037814330425794254,0.2483146740845769,0.2825404569847888,-0.00020377834094631952,-0.004460682859863228,0.0022878466980041636,-0.001211195174080568,-0.0010766515239235956,0.003499769026432072,0.08211200966043952,1.3245607687164136,16.131145421892768,-2.136584307327101,1.3820645925014066,0.8101663388519789,0.002148343110842923,0.08136426659866416,0.02613076373877899,true
9.175,10.8048074430629,0.037394971138180334,0.24886570780089495,0.2827648907115695,-0.0002030212225497386,-0.004461357980343191,0.002295012634010036,-0.0012246993122094177,-0.001070313321800618,0.0034609567394178167,0.08195372821070952,1.323938464505171,16.15470697197839,-2.148304163077985,1.3906679043883234,0.8118887862242604,0.0021167786476012315,0.08071361327251915,0.02592829922642186,true
9.225,10.8048074430629,0.03697325047967685,0.24937972211668846,0.28295293811833344,-0.00020221313120699267,-0.004462016452584739,0.002301880300247337,-0.0012379782791297508,-0.0010639020211175862,0.0034219259042339613,0.08179371047579495,1.3233119525836965,16.17865169443929,-2.1601666728224838,1.3992704243159602,0.8135901344382237,0.002085298040072354,0.08006005647555223,0.025724830881927778,true
9.275,10.8048074430629,0.03654929783015429,0.24985633068811372,0.2831042391222993,-0.00020135452772215476,-0.004462658681014857,0.002308451176867253,-0.0012510318419320127,-0.0010574193349352403,0.003382688495167985,0.08163195851218939,1.3226812647305262,16.20298335158799,-2.1721729883890557,1.407871743182862,0.8152706050475448,0.0020539087106316366,0.0794037172275999,0.02552039567417409,true
9.325,10.8048074430629,0.03612324434817947,0.2502951642123321,0.2832184512691721,-0.00020044591070185713,-0.004463285076341419,0.00231472683039979,-0.0012638598395698821,-0.001050866990829908,0.0033432566511281954,0.08146847476127411,1.322046433578643,16.227705716261614,-2.184324267059273,1.4164714476715783,0.8169304182604977,0.0020226180418380937,0.07874471808105785,0.025315031099070635,true
9.375,10.8048074430629,0.03569522286745097,0.250695870865997,0.28329525014370427,-0.00019948781611112509,-0.004463896054814846,0.002320708911964619,-0.0012764621822247274,-0.0010442467297398918,0.003303642666058678,0.08130326205044497,1.3214074926032955,16.252822571662897,-2.196621671660554,1.4250691202577774,0.8185697929021942,0.001991433370959735,0.07808318304802246,0.0251087751577358,true
9.425,10.8048074430629,0.035265367790785075,0.2510581167295205,0.28333432976580086,-0.00019848081678711772,-0.004464492037465976,0.00232639915545816,-0.0012888388506409796,-0.0010375603048171805,0.003263858979127554,0.081136323594207,1.3207644761088833,16.278337711165207,-2.209066370662053,1.4336643392160686,0.820188946377982,0.001960361984529232,0.07741923752640113,0.024901666334317746,true
9.475,10.8048074430629,0.034833814981666586,0.251381586196693,0.2833354029715821,-0.00019742552190696146,-0.004465073449319845,0.0023317993757258227,-0.0013009898954367222,-0.0010308094802891005,0.003223918164689851,0.0809676629950726,1.3201174192152745,16.30425493811785,-2.221659538273601,1.4422566786268092,0.8217880946388098,0.0019294111129305048,0.07675300822444338,0.0246937435732781,true
9.525,10.8048074430629,0.03440070165380083,0.2516659823691437,0.2832982017791542,-0.00019632257641568075,-0.004465640718585223,0.0023369114667118607,-0.0013129154363855937,-0.001023996030326267,0.0031838329220653903,0.08079728424444166,1.319466357843534,16.330578065614933,-2.234402354543069,1.450845708380264,0.8233674521478332,0.0018985879250388706,0.07608462308445144,0.024485046256380504,true
9.575000000000001,10.8048074430629,0.0339661662584233,0.2519110274346698,0.2832224777379557,-0.0001951726604115912,-0.004466194275819415,0.002341737399587992,-0.0013246156616704642,-0.0010171217379175278,0.003143616065109136,0.08062519172336251,1.3188113287007075,16.357310916242568,-2.2472960054591726,1.459430994176574,0.8249272318479863,0.001867899522903385,0.07541421120533727,0.024275614179278607,true
9.625,10.8048074430629,0.03353034836976705,0.25211646302940416,0.2831080022617257,-0.0001939764884959571,-0.004466734553068234,0.0023462792208531823,-0.0013360908271048853,-0.001010188393748297,0.003103280511611044,0.08045139020312657,1.3181523692642818,16.384457321820832,-2.260341683053366,1.4680120975315043,0.8264676451323171,0.0018373529364886668,0.074741902763953,0.024065487527670966,true
9.675,10.8048074430629,0.03309338856868276,0.252282050582757,0.28295456694384913,-0.00019273480908706188,-0.004467261982980744,0.002350539050402729,-0.0013473412553212814,-0.0010031977950814475,0.0030628392725249335,0.08027588484579917,1.3174895177657269,16.412021123111558,-2.2735405855052857,1.4765885757767014,0.8279889018149688,0.0018069551184778986,0.0740678289356371,0.023854706853169916,true
9.725,10.8048074430629,0.03265542832463237,0.25240757164489225,0.28276198385495566,-0.00019144840370158552,-0.004467776997898729,0.002354519079564311,-0.0013583673349244893,-0.0009961517446398218,0.0030223054410468374,0.08009868120441253,1.3168228131741668,16.440006169560064,-2.286893917246445,1.4851599820705532,0.8294912101056494,0.001776712939143346,0.07339212181308145,0.02364331304858295,true
9.775,10.8048074430629,0.03221660987624243,0.2524928281959582,0.28253008582202366,-0.00019011808620156593,-0.004468280028920613,0.00235822156911006,-0.0013691695196150324,-0.0009890520494950277,0.002981692181560045,0.07991978522304799,1.316152295179426,16.46841631901511,-2.3004028890652517,1.4937258654083994,0.8309747765854569,0.0017466331812933393,0.07271491432443646,0.023431347322908462,true
9.825000000000001,10.8048074430629,0.03177707611047027,0.25253764293682485,0.282258726688645,-0.00018874470200440686,-0.004468771504940204,0.0023616488472535356,-0.0013797483272865144,-0.0009819005199670212,0.002941012718451764,0.07973920323666067,1.3154780041747336,16.497255437460066,-2.314068718214018,1.5022857706384727,0.8324398061851128,0.0017167225352956823,0.07203634015021407,0.023218851175899276,true
9.875,10.8048074430629,0.03133697044074553,0.25254185956086145,0.28194778155633526,-0.00018732912725610991,-0.00446925185166049,0.0023648033076402583,-0.0013901043391013443,-0.000974698968538914,0.002900280324834948,0.07955694197075039,1.314799981239291,16.526527398736437,-2.3278926285125308,1.5108392384821427,0.8338865021652512,0.0016869875941968966,0.07135653363947596,0.02300586637234739,true
9.925,10.8048074430629,0.030896436684119098,0.2525053430062446,0.28159714700638816,-0.00018587226796332147,-0.0044697214905831855,0.0023676874073425775,-0.0014002381985502958,-0.0009674492087922816,0.002859508311178261,0.07937300854137887,1.314118268118584,16.55623608412809,-2.3418758504600707,1.5193858055325602,0.8353150660943596,0.001657434848939343,0.07067562972710525,0.022792434916689013,true
9.975,10.8048074430629,0.030455618937440494,0.25242797968848907,0.281206741301987,-0.0001843750590895626,-0.004470180837974903,0.0023703036648551517,-0.0014101506104940084,-0.0009601530543611432,0.0028187100138461203,0.07918741045431178,1.3134329072063111,16.58638538210709,-2.356019621342855,1.527925004288974,0.8367256978340456,0.0016280706836630642,0.06999376384797935,0.02257859902654093,true
10.025,10.8048074430629,0.030014661453121337,0.2523096777128438,0.2807765045703466,-0.00018283846361823357,-0.0044706303038108425,0.0023726546580867033,-0.0014198423401843342,-0.0009528123179023691,0.0027778987836004332,0.0790001556050439,1.3127439415230775,16.616979187813943,-2.37032518534643,1.5364563631463448,0.8381185955180548,0.0015989013711410907,0.06931107185426988,0.022364401107222372,true
10.075000000000001,10.8048074430629,0.02957370851413084,0.2521503670658793,0.28030639896399834,-0.00018126347158656586,-0.004471070290696907,0.0023747430223404406,-0.0014293142122617287,-0.0009454288100787119,0.0027370879740312532,0.07881125227823632,1.3120514146956075,16.648021402623108,-2.3847937936686536,1.5449794064083913,0.8394939555365415,0.001569933068311097,0.06862768993078049,0.02214988372558203,true
10.125,10.8048074430629,0.029132904308696785,0.2519499997856526,0.27979640880057904,-0.00017965109909698408,-0.004471501192770998,0.002376571448272023,-0.0014385671097230362,-0.0009380043385489867,0.002696290929960184,0.07862070914684563,1.3113553709359846,16.67951593373027,-2.3994267046316007,1.553493654305722,0.8408519725223292,0.0015411718119217482,0.06794375450944079,0.021935089583494837,true
10.175,10.8048074430629,0.028692392804771694,0.2517085501104372,0.27924654068098215,-0.00017800238730542433,-0.004471923394584318,0.002378142679828165,-0.0014476019728611816,-0.0009305407069669833,0.0026555209758220458,0.07842853527132643,1.3106558550195953,16.711466693663635,-2.4142251837977295,1.5619986230114422,0.8421928393378652,0.0015126235143028605,0.06725940218434266,0.021720061491486566,true
10.225,10.8048074430629,0.02825231762453341,0.251426014605342,0.2786568235854023,-0.00017631840138380254,-0.00447233726996318,0.002379459512176555,-0.0014564197981820615,-0.0009230397139944936,0.0026147914040497294,0.07823474009828459,1.3099529122639952,16.74387759987865,-2.429190504081087,1.5704938246705087,0.8435167470653939,0.0014842939592593475,0.06657476962532051,0.021504842341819874,true
10.275,10.8048074430629,0.027812821919065114,0.25110241226674934,0.27802730894709515,-0.00017460022945837335,-0.004472743180852213,0.002380524789629932,-0.0014650216373001,-0.0009155031523298319,0.0025741154634756594,0.07803933345916408,1.3092465885067663,16.7767525742882,-2.4443239458605817,1.578978767427588,0.8448238849978082,0.0014561887981012513,0.06588999349214697,0.021289475081726864,true
10.325000000000001,10.8048074430629,0.027374048243411088,0.2507377846044192,0.27735807070399704,-0.00017284898151710543,-0.004473141476139791,0.0023813414035842788,-0.0014734085958225734,-0.0009079328077617054,0.0025335063477680275,0.0778423255683851,1.3085369300839826,16.81009554287304,-2.45962679709274,1.587452955474889,0.8461144406334243,0.0014283135458009939,0.06520521034749938,0.02107400268617707,true
10.375,10.8048074430629,0.026936138432212525,0.2503321957010839,0.27664920532811177,-0.00017106578828746856,-0.004473532490466696,0.0023819122904755238,-0.0014815818322250782,-0.0009003304582504456,0.0024929771839207145,0.07764372702218615,1.3078239838057601,16.843910435057538,-2.4751003534300575,1.5959158890624552,0.8473885996658026,0.0014006735773109827,0.06452055657292428,0.020858468131575512,true
10.425,10.8048074430629,0.026499233476110898,0.2498857322494935,0.27590083183275094,-0.00016925180008710758,-0.0044739165430190304,0.0023822404297550105,-0.0014895425567185317,-0.0008926978730364789,0.0024525410208142504,0.07744354879630637,1.3071077969346576,16.878201183324382,-2.4907459183293814,1.6043670645606518,0.8486465459823285,0.0013732741240127574,0.0638361682817552,0.020642914368387878,true
10.475,10.8048074430629,0.026063473399078167,0.24939850356663468,0.2751130917573256,-0.000167408185649727,-0.004474293936306521,0.002382328841880343,-0.0014972920301062171,-0.0008850368117741261,0.002412210817862554,0.07724180224493088,1.306388417159379,16.912971722447256,-2.506564803170775,1.612805974456978,0.8498884616536581,0.0013461202703429688,0.06315218123697075,0.020427384295335763,true
10.525,10.8048074430629,0.0256289971367328,0.24887064158499972,0.27428614912946636,-0.00016553613093244675,-0.004474664954927241,0.0023821805863117025,-0.0015048315626261131,-0.0008773490236855894,0.0023719994337509085,0.07703849909850043,1.3056658925710853,16.948225988952327,-2.522558327368782,1.6212321074024352,0.8511145269314507,0.0013192169505557296,0.062468730766246774,0.0202119207325972,true
10.575000000000001,10.8048074430629,0.025195942415948254,0.24830230082069685,0.2734201904042966,-0.00016363683790821586,-0.004475029864319783,0.002381798759507742,-0.0015121625127757555,-0.0008696362467319864,0.002331919615293562,0.07683365146217959,1.3049402716371583,16.983967920351915,-2.538727818485334,1.6296449482254547,0.852324920242054,0.0012925689456630045,0.06178595168010442,0.019996566395961316,true
10.625,10.8048074430629,0.02476444563582117,0.24769365831819656,0.2725154243804006,-0.00016171152334721275,-0.004475388909503653,0.002381186492914482,-0.0015192862861164043,-0.0008619002067980779,0.002291983986417166,0.07662727181345869,1.304211603176292,17.020201454532568,-2.555074612343435,1.6380439779748635,0.8535198181851857,0.0012661808805150944,0.061103978188330146,0.019781363870345965,true
10.675,10.8048074430629,0.02433464175024437,0.24704491357167419,0.27157208209260353,-0.00015976141758640108,-0.004475742313808875,0.002380346950951933,-0.0015262043340590664,-0.0008541426168928664,0.0022522050372927416,0.07641937299947171,1.3034799363344434,17.056930529166397,-2.5716000531293965,1.6464286739816707,0.8546993955358312,0.0012400572210572046,0.060422943816715355,0.019566355583344356,true
10.725,10.8048074430629,0.023906664152263415,0.24635628842307655,0.2705904166816132,-0.0001577877632862413,-0.004476090277595675,0.002379283329005761,-0.00153291815263617,-0.0008463651763695908,0.00221259511363272,0.07620996823476862,1.302745320558713,17.094159080942546,-2.5883054934970464,1.6547985098887903,0.8558638252420966,0.0012142022717658543,0.0597429813264673,0.019351583779583313,true
10.775,10.8048074430629,0.023480644560421163,0.24562802693704516,0.26957070324089627,-0.00015579181417222748,-0.004476432976965343,0.0023779988514353646,-0.0015394292812648278,-0.0008385695701705368,0.002173166406171971,0.0759990710981327,1.3020078055734585,17.131891044987377,-2.605192294664851,1.6631529557245164,0.8570132784297242,0.0011886201732420254,0.05906422263198753,0.01913709049446839,true
10.825000000000001,10.8048074430629,0.0230567129072621,0.24486039525295267,0.2685132386411331,-0.00015377483375959212,-0.004476770562463617,0.002376496769608692,-0.0015457393015071929,-0.0008307574681014991,0.0021339309403487234,0.07578669552919462,1.301267441356143,17.170130354276594,-2.6222618265141424,1.671491477978643,0.8581479244072259,0.0011633148999738163,0.058386798719503086,0.01892291752813863,true
10.875,10.8048074430629,0.022634997230174987,0.24405368141432232,0.2674183413327099,-0.0001517380940618834,-0.004477103157777976,0.0023747803599685874,-0.0015518498358306587,-0.0008229305241379287,0.002094900566201901,0.07557285582649169,1.3005242781096542,17.208880938620847,-2.639515467674315,1.679813539618724,0.8592679306632371,0.001138290258326861,0.05771083957161051,0.018709106421291553,true
10.925,10.8048074430629,0.02221562356470016,0.24320819517578202,0.2662863511264077,-0.00014968287428811691,-0.004477430858430387,0.0023728529221250893,-0.0015577625463655271,-0.0008150903757595622,0.0020560869484965638,0.07535756664305493,1.299778366239573,17.248146724219666,-2.6569546056179583,1.6881186002060655,0.8603734628778293,0.0011135498846396236,0.05703647408583826,0.018495698428968237,true
10.975,10.8048074430629,0.021798715840434912,0.24232426778768978,0.2651176289523546,-0.00014761045953371986,-0.004477753730467079,0.0023707177769650097,-0.0015634791336561276,-0.0008072386433088821,0.0020175015570898045,0.07514084298456726,1.2990297563268096,17.287931632515885,-2.6745806367179896,1.6964061158990102,0.8614646849189296,0.0010890972436030538,0.05636383000267172,0.018282734497365956,true
11.025,10.8048074430629,0.021384395779674506,0.24140225175843963,0.26391255659713764,-0.0001455221394711744,-0.004478071809146681,0.002368378264767722,-0.0015690013354001486,-0.0007993769293675734,0.001979155657549835,0.07492270020539106,1.2982784991024456,17.328239579505013,-2.6923949663394473,1.7046755395452824,0.8625417588511144,0.001064935626727546,0.05569303382876027,0.01807025523900693,true
11.075000000000001,10.8048074430629,0.020972782798942144,0.24044252059465515,0.2626715364191322,-0.00014341920704312382,-0.0044783850976280876,0.0023658377433231313,-0.0015743309251744176,-0.0007915068181487137,0.0019410603020424463,0.07470315400495732,1.2975246454244116,17.36907447493191,-2.710399008884579,1.712926320759977,0.8636048449426252,0.0010410681510507835,0.05502421076310115,0.01785830090879156,true
11.125,10.8048074430629,0.020563993913560313,0.23944546851939713,0.261394991042193,-0.00014130295715755205,-0.004478693565659348,0.0023630995860557,-0.0015794697111492842,-0.0007836298749064159,0.0019032263204989538,0.07448222042532714,1.296768246250202,17.41044022110336,-2.728594187837754,1.721157905939262,0.864654101664413,0.0010174977580485146,0.054357484628416095,0.01764691138169241,true
11.175,10.8048074430629,0.020158143645438206,0.23841151016887852,0.2600833630282673,-0.00013917468538364463,-0.004478997148268968,0.002360167180161667,-0.0015844195347955083,-0.0007757476453661588,0.0018656643120817953,0.07425991584513694,1.2960093526190515,17.452340712609672,-2.7469819358044325,1.7293697384529279,0.8656896857123183,0.0009942272126492364,0.05369297779395457,0.017436126127543968,true
11.225,10.8048074430629,0.01975534393414846,0.2373410802682142,0.25873711452957715,-0.00013703568664632704,-0.0044792957444613575,0.0023570439247702054,-0.0015891822695893614,-0.0007678616551808439,0.0018283846369545574,0.07403625697598491,1.295248015628625,17.494779835355043,-2.7655636945259165,1.7375612587200444,0.8667117520139885,0.0009712591025073034,0.053030811107506806,0.017225984188786896,true
11.275,10.8048074430629,0.01935570405147656,0.23623463328663724,0.25735672692095,-0.0001348872539197754,-0.004479589215918074,0.002353733229135067,-0.0015937598197196456,-0.0007599734094154214,0.0017913974083734053,0.07381126085765338,1.2944842864141461,17.53776146583632,-2.7843409148936686,1.7457319043283652,0.867720453741376,0.0009485958374271769,0.052371103826122735,0.017016524157713403,true
11.325000000000001,10.8048074430629,0.018959330519452755,0.2350926430729523,0.2559427004131716,-0.00013273067691780036,-0.0044798773857069926,0.002350238510867405,-0.001598154118802471,-0.000752084392064934,0.0017547124851008216,0.07358494485623648,1.2937182161216345,17.58128946959439,-2.8033150569233953,1.7538811100002396,0.8687159423044507,0.0009262396490605633,0.05171397355709221,0.01680778415701067,true
11.375,10.8048074430629,0.01856632703200821,0.2339156024716408,0.2544955536479585,-0.00013056724078461894,-0.004480160037001656,0.00234656319420901,-0.0016023671286039222,-0.0007441960656050877,0.0017183394641547731,0.07335732665462204,1.2929498558980614,17.625367701654056,-2.822487589777686,1.7620083079993665,0.8696983673989701,0.0009041925905748122,0.051059536179669775,0.016599801813898772,true
11.425,10.8048074430629,0.018176794380263973,0.23270402292007225,0.253015823274879,-0.00012839822479300493,-0.0044804369118128734,0.0023427107083350872,-0.0016064008377656668,-0.0007363098705694205,0.0016822876738941026,0.07312842425186049,1.292179256862808,17.670000004545884,-2.8418599916967944,1.7701129279966952,0.8706678769875826,0.0008824565367627468,0.05040790579401047,0.01639261424314055,true
11.475,10.8048074430629,0.01779083038163654,0.2314584340273576,0.2515040635106927,-0.00012622490105178763,-0.004480707709734753,0.002338684485683869,-0.0016102572605325952,-0.000728427225151274,0.0016465661674571472,0.07289825583586389,1.2914064703761712,17.71519024109265,-2.8614337508087084,1.778194404435997,0.8716246181660097,0.00086103318117664,0.04975919433029462,0.016186257918118126,true
11.525,10.8048074430629,0.017408529812768074,0.23017938313493214,0.2499608456810895,-0.000124048533230316,-0.004480972086707286,0.0023344879602990687,-0.0016139384354758846,-0.0007205495248231841,0.0016111837165543395,0.07266684025405401,1.2906315468948357,17.760942162650764,-2.8812103618814473,1.7862521486990617,0.8725687338734036,0.0008399240482098484,0.049113512775280685,0.015980769074337597,true
11.575000000000001,10.8048074430629,0.0170299843464512,0.22886743485951486,0.24838675774534802,-0.00012187037530179565,-0.004481229653797135,0.0023301245661818595,-0.0016174464242101714,-0.0007126781419716881,0.0015761488056305066,0.07243419631339837,1.289854537598137,17.807259599007228,-2.9011913308547586,1.794285590006484,0.8735003677346348,0.0008191304764224022,0.04847096923307935,0.015776183070588,true
11.625,10.8048074430629,0.01665528249268544,0.2275231706189083,0.2467824038042995,-0.00011969167030469786,-0.004481479975998586,0.002325597735657092,-0.0016207833101075254,-0.0007048144255495667,0.0015414696264095637,0.07220034322681018,1.289075493304779,17.854146333560728,-2.921378171743903,1.802294149116821,0.8744196609353433,0.0007986536304825433,0.04783167009677946,0.015572534774199856,true
11.675,10.8048074430629,0.01628450954387771,0.22614718814116574,0.24514840359221546,-0.0001175136491227172,-0.004481722571056595,0.0023209108977576658,-0.0016239511970105925,-0.0006969597007470732,0.0015071540728227404,0.0719653004972967,1.2882944647192358,17.90160613263373,-2.9417724072272398,1.810277244933449,0.8753267530055244,0.0007784944993011743,0.04719571969527943,0.015369858444237688,true
11.725,10.8048074430629,0.015917747524356082,0.224740100958366,0.24348539195405133,-0.00011533752927817672,-0.0044819569083140555,0.002316067476642778,-0.0016269522079531934,-0.0006891152686895846,0.0014732097363360126,0.07172908791206974,1.2875115024201578,17.949642744634847,-2.9623755684768316,1.8182342946846508,0.8762217818378361,0.0007586538970922832,0.04656322024189672,0.01516818771397044,true
11.775,10.8048074430629,0.015555075144039636,0.22330253788546855,0.2417940183086414,-0.00011316451374241333,-0.0044821824075857815,0.002311070890049656,-0.0016297884838887273,-0.0006812824061609287,0.00143964390166218,0.07149172553657326,1.2867266568498583,17.998259899204744,-2.983189194965461,1.8261647141092592,0.8771048837060816,0.0007391324646004192,0.045934271785334685,0.014967555574051687,true
11.825000000000001,10.8048074430629,0.015196567756366075,0.22183514248510655,0.24007494609862556,-0.00011099578976306711,-0.004482398438061829,0.002305924547784105,-0.0016324621824295488,-0.0006734623653545562,0.0014064635428670089,0.07125323370835186,1.285939978305334,18.047461306371616,-3.004214834246536,1.8340679176531813,0.8779761932844311,0.0007199306704923508,0.045308972162842374,0.014767994356355865,true
11.875,10.8048074430629,0.014842297320393771,0.22033857251919842,0.23832885222824576,-0.00010883252770942603,-0.004482604317242909,0.002300631850253046,-0.0016349754765994592,-0.0006656563736535867,0.0013736753198617245,0.07101363303100466,1.2851515169296717,18.097250655639215,-3.0254540417123166,1.8419433186634635,0.8788358436658829,0.0007010488129084126,0.04468741695619974,0.014569535718683387,true
11.925,10.8048074430629,0.014492332367097648,0.21881349938785694,0.23655642648932085,-0.00010667587994078889,-0.004482799309910795,0.0022951961870323577,-0.0016373305535965189,-0.0006578656334358388,0.0013412855752836465,0.0707729443680645,1.2843613227044364,18.14763161505529,-3.046908380328291,1.8497903295882279,0.8796839663809088,0.000682487021168139,0.044069699450124296,0.014372210630202293,true
11.975,10.8048074430629,0.014146737969910776,0.21726060755641172,0.23475837097626173,-0.00010452697970099948,-0.004482982627136308,0.0022896209354651294,-0.001639529613564218,-0.0006500913219009115,0.0013093003317697738,0.07053118883684283,1.283569445443186,18.198607830252506,-3.068579420339485,1.8576083621805979,0.8805206914160683,0.0006642452576292326,0.04345591059321505,0.014176049357665177,true
12.025,10.8048074430629,0.013805575719445315,0.2156805939709154,0.2329353994902834,-0.00010238694004325956,-0.0044831534253278365,0.0022839094592831694,-0.0016415748683678922,-0.0006423345909152773,0.0012777252896171716,0.07028838780202692,1.2827759347865781,18.250182923523912,-3.0904687389508982,1.8653968277180526,0.8813461472338001,0.0006463233196903558,0.042846138960919565,0.013981081452234334,true
12.075000000000001,10.8048074430629,0.013468903702619323,0.21407416746334157,0.23108823693403965,-0.0001002568527860259,-0.004483310805322677,0.0022780651072523347,-0.00164346854037712,-0.0006345965668752148,0.001246565824851129,0.0700445628690289,1.2819808402001178,18.302360492950726,-3.112577919967035,1.8731551372398,0.8821604607935808,0.0006287208419429647,0.04224047072057619,0.013787335736929744,true
12.125,10.8048074430629,0.013136776486000968,0.21244204814675866,0.22921761869691126,-9.813778750067489e-5,-0.00448345381152403,0.0022720912118445505,-0.0016452128612559627,-0.0006268783505885879,0.0012158269876836427,0.06979973587702264,1.2811842109740397,18.355144111595305,-3.134908553400304,1.880882701804633,0.8829637575746117,0.0006114372984592945,0.04163898959840271,0.013594840294662855,true
12.175,10.8048074430629,0.01280924510348375,0.21078496680140069,0.2273242900319704,-9.603079053009766e-5,-0.00448358143108627,0.002265991087942748,-0.0016468100707646744,-0.0006191810171780735,0.0011855135013727409,0.06955392889175815,1.280386096225652,18.408537326744344,-3.1574622350394845,1.8885789327648992,0.8837561615994851,0.0005944720052182593,0.04104177684868972,0.01340362245694124,true
12.225,10.8048074430629,0.012486357048127214,0.20910366425286545,0.2254090054259208,-9.393688403830152e-5,-0.0044836925931516615,0.002259768031583756,-0.0016482624155758972,-0.0006115056160078589,0.0011556297614673302,0.06930716419822701,1.2795865449031658,18.46254365917196,-3.1802405659885986,1.8962432420548287,0.8845377954585805,0.0005778241226584036,0.040448911225380114,0.013213708793309551,true
12.275,10.8048074430629,0.012168156268222787,0.20739889074321383,0.2234725279629318,-9.185706509240404e-5,-0.004483786168141369,0.002253425318740676,-0.0016495721481066595,-0.0006038531706340166,0.001126179835443084,0.06905946429332885,1.2787856057910265,18.51716660238497,-3.203245152168706,1.9038750424838475,0.8853087803342043,0.0005614926583592236,0.03986046895639029,0.013025125101644478,true
12.325000000000001,10.8048074430629,0.01185468316726204,0.20567140529567327,0.2215156286828724,-8.979230477943679e-5,-0.004483860967104309,0.0022469662041413293,-0.0016507415253650074,-0.0005962246787763218,0.0010971674626995042,0.06881085187834947,1.2779833275158587,18.572409621889324,-3.2264776038035974,1.911473748047037,0.8860692360256943,0.0005454764698310913,0.039276523720204334,0.012837896399156527,true
12.375,10.8048074430629,0.01154597460791898,0.2039219750736882,0.219539085934921,-8.774354736089886e-5,-0.004483915741127071,0.002240393920119831,-0.0016517728078102622,-0.0005886211123095687,0.001068596054928488,0.06856134985149022,1.2771797585530498,18.62827615441544,-3.249939534877858,1.9190387742372024,0.8868192809738945,0.0005297742674196553,0.038697146625296414,0.012652046914280781,true
12.425,10.8048074430629,0.011242063919843965,0.20215137473511866,0.2175436847269243,-8.571170946720171e-5,-0.004483949180808044,0.0022337116754971636,-0.0016526682582253646,-0.000581043417271799,0.0010404686968356663,0.06831098130000456,1.2763749472344064,18.684769607230358,-3.273632562581541,1.926569538387705,0.8875590322878946,0.0005143846173070729,0.03812240619135507,0.012467600079122525,true
12.475,10.8048074430629,0.010942980911329288,0.2003603857822324,0.2155302160714316,-8.369767933301655e-5,-0.004483959915799087,0.0022269226544912478,-0.0016534301406019836,-0.0005734925138892641,0.0010127881472200692,0.068059769492226,1.2755689417564793,18.74189335745809,-3.2975583067344347,1.9340654600274756,0.8882886057720845,0.000499305944614293,0.037552368332975566,0.012284578522677685,true
12.525,10.8048074430629,0.010648751884878389,0.19854979590865643,0.213499476329305,-8.1702316074724e-5,-0.004483946514417618,0.0022200300156581722,-0.001654060719039716,-0.0005659692966184563,0.0009855568404150779,0.0678077378692024,1.2747617901907766,18.79965075150753,-3.3217183891858504,1.9415259612692362,0.8890081159555279,0.0004845365365990746,0.036987096345195855,0.012103004064622247,true
12.575000000000001,10.8048074430629,0.010359399656542846,0.1967203983439786,0.21145226655193516,-7.97264490108997e-5,-0.004483907483332226,0.0022130368908656294,-0.001654562256660376,-0.0005584746342052534,0.0009587768880780913,0.0675549100363022,1.273953540494228,18.85804510448818,-3.346114433196651,1.9489504672072275,0.8897176761212555,0.00047007454594662543,0.036426650891682934,0.011922897709940894,true
12.625,10.8048074430629,0.010074943579099037,0.19487299119698637,0.20938939182270305,-7.7770877026339e-5,-0.004483841267324731,0.002205946384303166,-0.0016549370145401744,-0.0005510093697629916,0.0009324500813355574,0.06730130975441342,1.2731442405217044,18.917079699748566,-3.3707480627955992,1.9563384063508518,0.8904173983379725,0.0004559179941482768,0.0358710899947439,0.011744279644121527,true
12.675,10.8048074430629,0.009795399568975703,0.19300837679882324,0.20731166059934675,-7.583636797925843e-5,-0.004483746249131599,0.002198761571535476,-0.0016551872506634273,-0.0005435743208720488,0.0009065778932751573,0.06704696093116977,1.2723339380389391,18.976757788397208,-3.3956209021134045,1.9636892110687758,0.89110739349166,0.0004420647749669926,0.03532046902809137,0.011567169229226126,true
12.725,10.8048074430629,0.009520780136762403,0.1911273610464559,0.2052198840576168,-7.39236581548065e-5,-0.004483620749367774,0.0021914854985941876,-0.001655315218896035,-0.0005361702796981525,0.0008811614817694052,0.0667918876122124,1.2715226807352606,19.03708258879589,-3.4207345747025117,1.9710023180409904,0.8917877713168462,0.0004285126579815182,0.03477484071232786,0.011391585000829723,true
12.775,10.8048074430629,0.009251094421291507,0.18923075274735762,0.20311487543687926,-7.203345176748814e-5,-0.004483463026535658,0.0021841211811027984,-0.0016553231679765465,-0.0005287980131262519,0.0008562016926299842,0.06653611397221851,1.2707105162373558,19.098057286121765,-3.4460907028381875,1.9782771687379916,0.8924586404293335,0.00041525929220420665,0.03423425511255309,0.01121754466563099,true
12.825000000000001,10.8048074430629,0.008986348227035618,0.18731936296629273,0.2009974493886756,-7.016642051127494e-5,-0.004483271277122191,0.0021766716034394675,-0.0016552133405276295,-0.000521458262911838,0.0008316990630689302,0.06627966430585827,1.2698974921220718,19.15968503192659,-3.4716909068229858,1.985513209917709,0.8931201083594511,0.00040230220976104816,0.03369875963839706,0.011045065099840606,true
12.875,10.8048074430629,0.008726544064721654,0.18539400437461082,0.19886842132852114,-6.83232031597685e-5,-0.004483043635787025,0.0021691397179327034,-0.0016549879720859275,-0.0005141517458467759,0.0008076538254575216,0.06602256301853697,1.269083655928426,19.221968943739867,-3.4975368043003767,1.9927098941487082,0.8937722815865746,0.00038963882962772577,0.03316839904615405,0.010874162348241836,true
12.925,10.8048074430629,0.008471681194874403,0.18345549060258745,0.1967286067915027,-6.650440521872541e-5,-0.004482778175644609,0.0021615284440815374,-0.0016546492901465312,-0.0005068791539350062,0.000784065911356296,0.06576483461696656,1.268269055166989,19.28491210467958,-3.523630009604359,1.9998666803566052,0.894415265574578,0.00037726646140989674,0.03264321544307501,0.010704851623947938,true
12.975,10.8048074430629,0.008221755674385807,0.18150463559590146,0.19457882079242822,-6.471059863091518e-5,-0.00448247290864269,0.002153840667803637,-0.0016541995132241926,-0.0004996411545794442,0.0007609349558251024,0.0655065036991449,1.2674537373286505,19.348517563229304,-3.5499721331392786,2.006983034426207,0.895049164811054,0.00036518230916589425,0.03212324829298192,0.01053714730857817,true
13.025,10.8048074430629,0.0079767604060057,0.17954225297681062,0.19241987719153297,-6.294232153119325e-5,-0.00448212578603975,0.0021460792407218933,-0.0016536408499369989,-0.0004924383907848945,0.0007382603020035388,0.0652475949442895,1.2666377498902721,19.41278833299171,-3.576564780801194,2.014058429821226,0.8956740828467448,0.0003533834752720684,0.03160853442428986,0.010371062953214239,true
13.075000000000001,10.8048074430629,0.007736685190742143,0.17756915541129806,0.19025258806678752,-6.120007805305516e-5,-0.004481734698983359,0.002138246979488994,-0.0016529754981127397,-0.0004852714813762544,0.0007160410059606745,0.0649881331024647,1.2658211403180886,19.477727392511937,-3.603409553443998,2.0210923482440752,0.8962901223371398,0.00034186696432651786,0.031099108039892697,0.010206611279957605,true
13.125,10.8048074430629,0.007501516783027826,0.1755861539833868,0.18807776309419996,-5.948433818749093e-5,-0.004481297479191675,0.002130346665152154,-0.001652205643919514,-0.00047814102123263985,0.0006942758418007797,0.06472814298416428,1.2650039560670425,19.543337685070394,-3.6305080464064785,2.028084280321458,0.896897385084906,0.0003306296870871831,0.03059500072938464,0.010043804184246946,true
13.175,10.8048074430629,0.007271238948703974,0.17359405757696644,0.1858962089366235,-5.779553769494917e-5,-0.004480811899739555,0.002122381042558761,-0.0016513334610214246,-0.00047104758153733656,0.0006729633070298155,0.06446764945009854,1.2641862445758685,19.609622118368332,-3.6578618490916774,2.0350337262956546,0.8974959720813906,0.0003196684644485019,0.030096241484031446,0.009882652738071597,true
13.225,10.8048074430629,0.007045832525611694,0.17159367226579963,0.18370872864130486,-5.613407807224858e-5,-0.004480275675950704,0.0021143528197976754,-0.0016503611097571464,-0.00046399171004052895,0.0006521016281632476,0.06420667740064909,1.263368053258425,19.676583564276655,-3.68547254462326,2.041940196761432,0.8980859835506702,0.0003089800314427481,0.029602856713402754,0.009723167193724461,true
13.275,10.8048074430629,0.006825275486906363,0.16958580071208734,0.18151612104682038,-5.4500326575550114e-5,-0.004479686466396451,0.002106264667671669,-0.0016492907363395261,-0.00045697393133214276,0.0006316887665858822,0.06394525176536511,1.262549429491402,19.74422485854127,-3.7133417095592587,2.048803213420293,0.8986675189936376,0.00029856104127469924,0.0291148702643399,0.009565356988315062,true
13.325000000000001,10.8048074430629,0.006609543006876896,0.16757124157436193,0.1793191801997269,-5.2894616298049275e-5,-0.0044790418740017915,0.002098119219203867,-0.0016481244720780329,-0.0004499947471258343,0.0006117224246435298,0.06368339749191258,1.261730420598904,19.812548800637344,-3.7414709136922992,2.055622309897854,0.8992406772359843,0.0002884080693743896,0.028632303441123396,0.00940923074867111,true
13.375,10.8048074430629,0.006398607529153924,0.16555078892589808,0.17711869478270464,-5.131724630266421e-5,-0.0044783394472591165,0.00208991906917835,-0.001646864432624528,-0.00044305463655382204,0.0005922000519557685,0.06342113953532685,1.2609110738303277,19.881558153460407,-3.7698617199474143,2.0623970325664014,0.8998055564750737,0.00027851761747055336,0.02815517502834976,0.00925479629713063,true
13.425,10.8048074430629,0.006192438837138344,0.16352523168347183,0.17491544755334548,-4.976848180847844e-5,-0.004477576681549493,0.0020816667737179936,-0.0016455127172442865,-0.000436154056473707,0.0005731188519342033,0.06315850284664609,1.2600914363335418,19.95125564317357,-3.7985156844039736,2.069126941437869,0.9003622543311728,0.0002688861176700015,0.027683501314787792,0.009102060657654672,true
13.475,10.8048074430629,0.005991004126602547,0.16149535304770776,0.17271021479547116,-4.8248554432221965e-5,-0.004476751020571456,0.002073364849894146,-0.0016440714081099447,-0.0004292934417842011,0.0005544757885018118,0.0628955123618499,1.259271555120061,20.02164395887629,-3.8274343564447366,2.075811611063591,0.9009108678976361,0.00025950993654918895,0.027217296119826033,0.008951030062795065,true
13.525,10.8048074430629,0.005794268080310017,0.15946192995501673,0.17050376578246082,-4.675766248315576e-5,-0.004475859857876097,0.0020650157753717736,-0.0016425425696205312,-0.00042247320575124247,0.0005362675929990922,0.06263219299041169,1.2584514770234774,20.092725752332075,-3.8566192790583127,2.0824506314905187,0.901451493794157,0.00025038537924603035,0.026756570821211776,0.008801709961089338,true
13.575000000000001,10.8048074430629,0.005602192944781157,0.15742573254205652,0.1682968622536773,-4.5295971312347006e-5,-0.004474900538507333,0.0020566219880790767,-0.0016409282477404521,-0.00041569374033862457,0.0005184907712888468,0.06236856960368966,1.2576312486521388,20.164503637706304,-3.8860719892720272,2.0890436092613847,0.9019842282219579,0.00024150869355974613,0.026301334384454658,0.008654105025003515,true
13.625,10.8048074430629,0.005414738608893732,0.15538752362326555,0.1660902579043264,-4.38636137153704e-5,-0.004473870360745442,0.002048185885901358,-0.0016392304693586142,-0.0004089554165427438,0.000501141611030764,0.062104667022858565,1.2568109163346828,20.236980191393577,-3.915794018762033,2.095590168485131,0.9025091670229524,0.00023287607404428066,0.02585159339333394,0.008508219159242509,true
13.675,10.8048074430629,0.005231862684324478,0.15334805818170716,0.16388469788933513,-4.24606903850285e-5,-0.004472766577951622,0.0020397098264027403,-0.001637451241669832,-0.0004022585847329083,0.0004842161891263998,0.06184051000694524,1.2559905260568294,20.31015795173375,-3.9457868946385823,2.1020899519333907,0.9030264057392082,0.00022448366609963488,0.025407352082422036,0.008364055509730281,true
13.725,10.8048074430629,0.005053520587679102,0.15130808287278402,0.16168091834005194,-4.1087270419735495e-5,-0.004471586400510886,0.0020311961265159994,-0.0016355925515488755,-0.00039560357496712384,0.00046771037932042515,0.06157612323976307,1.255170123393679,20.38403941908358,-3.976052140421549,2.1085426222566412,0.9035360396801086,0.00021632757005001798,0.024968612369587896,0.00822161647258595,true
13.775,10.8048074430629,0.004879665624036952,0.1492683355389846,0.1594796458913819,-3.9743391889802465e-5,-0.004470326997869759,0.0020226470621112044,-0.0016336563648726198,-0.00038899069723858466,0.00045161985993280097,0.06131153131479847,1.2543497534396284,20.458627056618173,-4.006591277244452,2.1149478633891046,0.9040381640022499,0.00020840384519614622,0.02453537388704668,0.008080903702623921,true
13.825000000000001,10.8048074430629,0.004710249071238937,0.1472295447305014,0.15728159721166807,-3.84290624699688e-5,-0.0044689855006652315,0.002014064867238278,-0.0016316446256877657,-0.0003824202415505123,0.000435940121659743,0.061046758713682425,1.2535294607470102,20.533923293556555,-4.037405825409503,2.1213053824766877,0.9045328738273953,0.00020070851379712322,0.02410763400428878,0.007941918119176146,true
13.875,10.8048074430629,0.004545220263468609,0.14519242921865821,0.1550874785178305,-3.714426015815662e-5,-0.0044675590029413246,0.002005451732620677,-0.0016295592550123537,-0.0003758924776083232,0.00042066647530926746,0.06078182977018248,1.2527092892909932,20.609930533969056,-4.068497306580252,2.1276149129373345,0.9050202644435036,0.00019323756489920634,0.023685387831167342,0.007804659905367887,true
13.925,10.8048074430629,0.004384526672240208,0.1431576974796424,0.15289798504337807,-3.58889341052021e-5,-0.004466044564448837,0.0019968098027159666,-0.0016274021489285514,-0.00036940765378741525,0.0004057940592967477,0.06051676860158532,1.2518892825107173,20.68665117849538,-4.099867247088654,2.1338762200780814,0.9055004316935528,0.0001859869578697234,0.02326862817530711,0.007669128492299938,true
13.975,10.8048074430629,0.004228113982800699,0.1411260471130854,0.1507138004091374,-3.466300558933181e-5,-0.0044644392130218195,0.001988141170288742,-0.0016251751754395955,-0.00036296599484914645,0.0003913178467160291,0.06025159897898983,1.2510694835162046,20.76408767097553,-4.131517182981306,2.1400891115654104,0.9059734727171299,0.00017895262546514874,0.02285734541525424,0.007535322515355762,true
14.025,10.8048074430629,0.004075926162341854,0.13909816413905862,0.14853559581599973,-3.346636916699951e-5,-0.004462739947024257,0.0019794478670717014,-0.0016228801693810384,-0.00035656769769066296,0.0003772326516525525,0.05998634408835252,1.2502499356067718,20.842242590502053,-4.163448668006456,2.1462534567097897,0.9064394873259167,0.00017213047613498508,0.022451527225815802,0.007403239721587468,true
14.075000000000001,10.8048074430629,0.003927905515135581,0.13707472210162266,0.14636402895718226,-3.2298893999567024e-5,-0.004460943737861989,0.0019707318489949146,-0.0016205189246334551,-0.0003502129243614595,0.0003635331342862057,0.05972102611801777,1.24943068328639,20.92111881696952,-4.1956632864687755,2.1523692200364395,0.9068985803917158,0.00016551639518012868,0.02205115807563225,0.007272876801704916,true
14.125,10.8048074430629,0.003783992721515146,0.13505638090603744,0.1441997425450171,-3.116042531284065e-5,-0.004459047532557003,0.001961994974722635,-0.0016180931830222425,-0.0003439017917003925,0.0003502138044990903,0.059455665599064254,1.2486117740117695,21.000719804092494,-4.228162673065542,2.158436515749183,0.9073508656893708,0.00015910624446408174,0.021656218413051417,0.00714422911883051,true
14.175,10.8048074430629,0.0036441268603223612,0.1330437853379271,0.1420433623746743,-3.0050785874684683e-5,-0.004457048256384819,0.001953238977212193,-0.0016156046197914897,-0.00033763435742070334,0.00033726902395303954,0.059190280428834285,1.2477932609172415,21.08104999464379,-4.260948541813245,2.1644556898961924,0.9077964716281608,0.0001528958605401552,0.02126668347285009,0.0070172903115989895,true
14.225,10.8048074430629,0.0035082454181346893,0.13103756326038488,0.13989549491885167,-2.8969777280824767e-5,-0.004454942815584683,0.0019444654299063298,-0.0016130548265047174,-0.0003314106034016124,0.00032469300694360056,0.0589248845455305,1.2469752066499753,21.1621153994193,-4.29402272573849,2.1704274344979027,0.908235549095793,0.00014688105138872538,0.02088252169888163,0.006892051769873772,true
14.275,10.8048074430629,0.003376284297176838,0.12903832362576362,0.1377567246321281,-2.791718077740641e-5,-0.0044527281001629495,0.0019356757119417083,-0.0016104452936295012,-0.00032523041831220706,0.0003124798211322629,0.05865948630179879,1.2461576882382102,21.243924330104416,-4.327387226948931,2.176352932168765,0.9086682812110759,0.0001410575925888398,0.020503692892748584,0.0067685020194003616,true
14.325000000000001,10.8048074430629,0.0032481778307078815,0.12704665441542073,0.13562761117420405,-2.689275726733886e-5,-0.004450400986827673,0.0019268709799157358,-0.0016077773966532197,-0.0003190935832625161,0.00030062338897055826,0.058394086693993416,1.2453408024422876,21.32648822762369,-4.3610442764901975,2.182234019529324,0.9090948940529994,0.0001354212240206093,0.020130146338630243,0.0066466260982721345,true
14.375,10.8048074430629,0.0031238588859311502,0.12506312150949817,0.13350868775594044,-2.5896246510483288e-5,-0.004447958342048912,0.0019180521560090069,-0.0016050523907066888,-0.00031299976530231805,0.00028911749722451436,0.05812867782598844,1.2445246712401465,21.409822445397833,-4.394996382416156,2.1880733448697063,0.9095156665613296,0.00012996765144026698,0.019761819433989497,0.006526405099761233,true
14.425,10.8048074430629,0.003003258864634026,0.12308826645234013,0.13140045864220495,-2.4927364594484947e-5,-0.004445397025438279,0.0019092199439462226,-0.0016022714194660645,-0.0003069485244801581,0.00027795579703386873,0.05786324176942577,1.2437094439033143,21.493946862833308,-4.429246413776052,2.1938744853311256,0.9099309371694986,0.00012469254655473016,0.019398636994659827,0.006407815940693632,true
14.475,10.8048074430629,0.002886308481890344,0.12112261421566581,0.12930340775208926,-2.3985803658703108e-5,-0.004442713892831951,0.0019003748778876049,-0.0015994355409373307,-0.0003009393369502742,0.00026713187598206243,0.057597751523564465,1.2428953028189553,21.57888580616659,-4.463797463966239,2.1996419698562724,0.9103411035061002,0.0001195915825196119,0.019040513467457682,0.006290832082417533,true
14.525,10.8048074430629,0.0027729359369874106,0.11916664707352512,0.12721797205543783,-2.3071219579934577e-5,-0.004439905801511815,0.0018915174221731793,-0.0015965457787119855,-0.0002949716434611938,0.00025663908881298406,0.05733216942393511,1.2420824369202856,21.664668359849983,-4.498653472757628,2.205381207515831,0.9107466154437724,0.00011466036826584625,0.018687351559443583,0.0061754231049126595,true
14.575000000000001,10.8048074430629,0.0026630759442916956,0.11722092941469,0.1251446754212348,-2.218326924454288e-5,-0.004436969607801561,0.0018826480415532107,-0.0015936031594349148,-0.00028904488211829596,0.00024647139325018627,0.057066464879147905,1.2412711203325768,21.751323180107086,-4.533816493019927,2.211098098191368,0.911147946177884,0.00010989482787163427,0.018339066335978576,0.0060615625614545265,true
14.625,10.8048074430629,0.0025566359978130134,0.11528561083243896,0.12308360454460934,-2.1321452217785487e-5,-0.004433902195038974,0.0018737675725219037,-0.0015906088971565698,-0.0002831586753653339,0.00023662022773524496,0.056800558480877,1.2404613473488286,21.838893499021736,-4.569297549046988,2.21679928582169,0.9115456090674715,0.00010528984470734273,0.0179955122016402,0.00594920427615956,true
14.675,10.8048074430629,0.002453632513024112,0.11336253209695693,0.12103664312187101,-2.048575281240522e-5,-0.004430700382152639,0.0018648762471032729,-0.0015875639170521492,-0.00027731233005112363,0.00022708711154306022,0.056534588854735515,1.239654194910519,21.92735845476449,-4.605071167289006,2.2224885226353726,0.9119399051333684,0.00010084482022315993,0.017656826355694877,0.005838394217722619,true
14.725,10.8048074430629,0.0023536537162510886,0.11144646483854762,0.11899818476558555,-1.967405667602949e-5,-0.004427361298085026,0.001855978901040127,-0.001584471418277007,-0.0002715074827631199,0.00021783393444574752,0.05626780052796451,1.2388464063561817,22.01696875889947,-4.641261808590291,2.228181116988515,0.9123319214959669,9.65417677518634e-5,0.017322017355502827,0.005728810312209311,true
14.775,10.8048074430629,0.0022579861914015656,0.10956169410572235,0.11699395191750636,-1.8892426790599885e-5,-0.0044238809391051945,0.0018470613152205488,-0.0015813252009418228,-0.00026573611427872595,0.0002089797715785559,0.0560033406718973,1.238051295004596,22.106740064987857,-4.677376418133049,2.233832383368209,0.9127186259598894,9.24322557001347e-5,0.01699495301549404,0.005621717566046694,true
14.825000000000001,10.8048074430629,0.0021612514844018757,0.10760945557949139,0.11491899091550488,-1.8110477827492845e-5,-0.004420259788371772,0.0018381994009460233,-0.0015781636795321138,-0.00026003572141390955,0.00020002683951480152,0.05572770342760782,1.2372183939863415,22.201137278042154,-4.715457301322685,2.2396742937779357,0.9131158140771228,8.829312102471926e-5,0.01665909528164313,0.005511708078897201,true
14.875,10.8048074430629,0.0020846064819652517,0.10600415168072819,0.11321383162467351,-1.7402493292603695e-5,-0.004416481278232711,0.0018290575189837208,-0.0015748211115253039,-0.00025423640745841697,0.00019293323763059275,0.05549899499583851,1.236533987042237,22.280295114081905,-4.747221332161394,2.244624342085873,0.9134503425630959,8.498322922193589e-5,0.016384302958803675,0.005421664746037235,true
14.925,10.8048074430629,0.0019416143760055088,0.10301790789292029,0.11004091313468085,-1.6662206981761606e-5,-0.004412597334540327,0.001819872669662337,-0.001571411104357122,-0.0002484615653052149,0.00017969911877070048,0.05506802660814658,1.2352722702131234,22.431751168478975,-4.807285571909594,2.253773180644814,0.9140637911893386,7.905761920653969e-5,0.015875973685686086,0.005255004552290567,true
14.975,10.8048074430629,0.00185999530326196,0.10118085831765647,0.10809216855102621,-1.5852358453221942e-5,-0.004408558892797946,0.0018114300731697222,-0.0015683322352899563,-0.00024309783787976585,0.00017214515974147676,0.05480340944321643,1.234466134316015,22.525352835850203,-4.845207047913927,2.259212510379378,0.9144255607743575,7.554369724310828e-5,0.015569805444274725,0.0051545994059551065,true
