r,tau,Dtau,Sr,E,nur,Pi,piR,piEta,piPhi,D,T,mu,alpha,phi,ur,v,n,e,P,ok
0.024999999999999994,10.104806743062236,0.06743802334009753,0.0,0.17404403497700005,-7.22388874549133e-7,-0.0054337083237584755,-0.0016738336841067483,0.001990562329996265,-0.00031672864588951685,0.006673855824743919,0.09876533350662631,1.3716362972717033,13.887831373339901,-1.2996837875273775,0.0,0.0,0.006673855824743951,0.17404403497700266,0.05498339865819088,true
0.07499999999999998,10.104806743062236,0.06711922573921336,0.002420811468658305,0.1729711186962272,-2.169287406120656e-6,-0.0054385958387746704,-0.0017933983668032927,0.002285489449358374,-0.0004920910825550811,0.006642306720541303,0.09860666653370274,1.371625802646106,13.910071710793492,-1.3018815245115007,0.010985872508821033,0.010985209629670182,0.006641929757469424,0.17294452557477277,0.05463095038888965,true
0.125,10.104806743062236,0.06733180206256792,0.0037240697603686604,0.17367140373990597,-3.601734574592921e-6,-0.0054376360843372,-0.0013423032116452668,0.002208648340371637,-0.00086634512872637,0.006663343869371537,0.09870231292595018,1.3716513736809905,13.896851380879493,-1.3003608782227924,0.01679752168193444,0.016795152416366792,0.00666246449773147,0.173608857420674,0.05484333545815152,true
0.175,10.104806743062236,0.06730302167789472,0.005258032891291115,0.173594264842874,-5.063520229494913e-6,-0.005437711157223615,-0.0012503669240344366,0.0022183445994778347,-0.0009679776754433981,0.006660495681830201,0.09868213450022856,1.3716550621729384,13.899730372874753,-1.3005893972304006,0.023723049915532056,0.02371637726608638,0.006658742319922301,0.17346956335114977,0.05479853788066139,true
0.22499999999999998,10.104806743062236,0.06731804252606,0.006746485544938648,0.17367390128710358,-6.504059995058477e-6,-0.005437450973757189,-0.0011856716030141335,0.0022155823605795053,-0.0010299107575653717,0.006661982187069462,0.09868191979510982,1.3716609700049573,13.899820482342601,-1.3005323595397107,0.030424346788679175,0.030410275547083622,0.006659098723202081,0.17346873880271116,0.05479810044539035,true
0.275,10.104806743062236,0.06732254897769502,0.00825799315021402,0.17373243749674921,-7.96032869544536e-6,-0.005437113108830129,-0.0011523574807151115,0.002214715327286358,-0.0010623578465712466,0.006662428158155264,0.09867555914677577,1.3716648674316976,13.900755965227452,-1.3005766947558846,0.03723619600648216,0.0372104081888034,0.006658110115134625,0.17342515420081311,0.054784003318747145,true
0.325,10.104806743062236,0.06732964154138543,0.009758596764293645,0.17381799933567732,-9.406402402633685e-6,-0.0054366663828205606,-0.0011263577066531287,0.002210209713813871,-0.0010838520071607424,0.006663130058139178,0.09867034200394335,1.3716651707645249,13.901494034648287,-1.3006423878651017,0.04399473363538257,0.04395221863413533,0.006657104070572859,0.17338908735713562,0.05477242331410717,true
0.375,10.104806743062236,0.06733314127646389,0.011263024622008566,0.17391938001873025,-1.0856110705178237e-5,-0.005436220646713492,-0.0011094297850690903,0.0022059279131549344,-0.001096498128085844,0.006663476401732623,0.09866456984441765,1.371657560991784,13.902230184094712,-1.300795606878911,0.050769205104449815,0.05070390219421573,0.006655455110465137,0.17334830071989096,0.05475956064510296,true
0.42500000000000004,10.104806743062236,0.06733596174054293,0.012767488329727766,0.1740454570918118,-1.2301618592940394e-5,-0.0054357906147697935,-0.0010962589907569016,0.0022010244243319535,-0.001104765433575052,0.006663755522763906,0.09865957243619766,1.3716425188205186,13.90278190904941,-1.3010139615442704,0.057538482437006565,0.057443472618050946,0.006653457546811008,0.17331204822554844,0.05474837001132827,true
0.475,10.104806743062236,0.06733803869038042,0.014274121564498664,0.17419288935023758,-1.374903583368283e-5,-0.0054353932414047176,-0.0010856991101841668,0.002195880583623108,-0.0011101814734389413,0.006663961063541706,0.09865481409692727,1.3716214787656809,13.903239201465404,-1.3012899817355965,0.06431205633700758,0.0641794688482394,0.006651103046349982,0.17327678380996125,0.05473767164694298,true
0.525,10.104806743062236,0.06733976424794122,0.01578260544828859,0.17436157290253632,-1.519429498635708e-5,-0.005435029287705303,-0.0010762968401771137,0.0021903258480626877,-0.001114029007885574,0.00666413182955482,0.09865027685652546,1.371595084865465,13.903611105524613,-1.3016173823950232,0.07108724162104073,0.07090830353149304,0.00664843182112564,0.17324245512490175,0.05472742977731726,true
0.5750000000000001,10.104806743062236,0.06734048580715243,0.017293373169053577,0.17455016735774198,-1.6634318701131163e-5,-0.005434699186885037,-0.0010674462129870064,0.0021843724226434692,-0.0011169262096564628,0.006664203237076959,0.09864576637491387,1.371562942439044,13.903920997747345,-1.3020027344388712,0.07786546796528133,0.07763048557916984,0.006645379439788445,0.17320767440133972,0.05471721054101167,true
0.625,10.104806743062236,0.06733989707769066,0.018806546607683,0.1747580748506165,-1.805763674848839e-5,-0.0054343993039293725,-0.0010586850472732749,0.0021779762161567386,-0.0011192911688834638,0.006664144974759158,0.09864119856734542,1.3715248413775714,13.90417859167829,-1.3024492857790515,0.08464657776074272,0.08434494949096863,0.006641915709654199,0.17317183762690747,0.05470682608440789,true
0.675,10.104806743062236,0.06733890439172618,0.02032235527168605,0.17498485083153448,-1.945377553336995e-5,-0.005434121444740466,-0.0010497531440738796,0.0021711180940601044,-0.0011213649499862248,0.0066640467357735236,0.09863647985874724,1.3714823688135036,13.904413162123591,-1.3029421910690708,0.0914309644874543,0.0910511798597024,0.006638129645767536,0.17313447640653873,0.054696079555853976,true
0.725,10.104806743062236,0.06733922607865253,0.02184097912465044,0.17523034853152186,-2.0845112632788138e-5,-0.005433853913242085,-0.0010404707891907663,0.0021637751202807434,-0.0011233043310899771,0.006664078570813473,0.09863154221684733,1.371438272429204,13.90466215578395,-1.3034545002667133,0.09821871922075781,0.09774836568761902,0.006634193196311819,0.17309542851709278,0.054684838542272504,true
0.775,10.104806743062236,0.06734154965593306,0.023362601082574354,0.1754944171804558,-2.226409183668971e-5,-0.005433586664606121,-0.0010307423322101672,0.0021559403022358885,-0.0011251979700257213,0.006664308518534356,0.09862634201601445,1.3713937434448042,13.904943805196833,-1.3039747183801396,0.10500998185242368,0.10443574901230118,0.006630178103726196,0.17305452643755143,0.05467301447520286,true
0.8250000000000001,10.104806743062236,0.06734542417222664,0.02488741284109835,0.17577686766124295,-2.369501096420801e-5,-0.00543331351162155,-0.0010205187718326332,0.002147614967592002,-0.001127096195759369,0.0066646919515273954,0.09862085867589537,1.3713481721462017,13.905254837143115,-1.304509305446181,0.11180497683238856,0.11111265993704811,0.006626039471041857,0.1730115610215536,0.054660557987450516,true
0.8750000000000001,10.104806743062236,0.06735042864784377,0.026415613541779105,0.17607754283862498,-2.513314835454207e-5,-0.005433030640138235,-0.0010097681051594136,0.00213879987709567,-0.0011290317719362562,0.006665187208462474,0.09861507499041475,1.371300995996519,13.905591981041516,-1.3050642005392215,0.11860397757761056,0.1177784812193013,0.006621736334353043,0.1729663519952481,0.05464742755870518,true
0.9249999999999999,10.104806743062236,0.06735632742407462,0.027947394669039005,0.17639634134351695,-2.657807080507247e-5,-0.0054327354788492365,-0.0009984668238698865,0.002129494236459199,-0.0011310274125893125,0.0066657709678930935,0.09860897757233533,1.3712519198062318,13.905954138915394,-1.3056425830936547,0.1254072145862865,0.12443255821249088,0.006617246521808153,0.17291877552953266,0.0546335919542575,true
0.975,10.104806743062236,0.06736298725175549,0.029482946854973505,0.17673319027050055,-2.8030322893446936e-5,-0.005432426182442447,-0.0009866006912633582,0.002119698137874592,-0.001133097446611234,0.006666430043108505,0.09860255461731703,1.3712007960896337,13.906341487919393,-1.3062461151259661,0.13221491780268338,0.13107424090870223,0.006612558142062697,0.17286873539180614,0.05461902447077666,true
1.025,10.104806743062236,0.06737031527170494,0.031022458425431637,0.1770880363398467,-2.9490319146766076e-5,-0.0054321013789759304,-0.0009741617288090592,0.0021094124241258882,-0.001135250695316829,0.006667155244503818,0.09859579619686443,1.3711475316871273,13.906754492345517,-1.3068758839940326,0.13902731013346561,0.1377028779179831,0.006607663355347506,0.17281615453466606,0.05460370296428223,true
1.0750000000000002,10.104806743062236,0.06737823456329542,0.03256611635878551,0.17746083779299143,-3.0958329315511605e-5,-0.0054317600337630105,-0.0009611464614302241,0.0020986386801938603,-0.0011374922187636363,0.006667938959798119,0.09858869360129952,1.371092053710187,13.907193650977787,-1.3075327563536545,0.145844614522014,0.14431782368766263,0.006602555953648303,0.1727609667542558,0.054587608167480844,true
1.125,10.104806743062236,0.06738667737866488,0.034114105983957047,0.17785156119777162,-3.2434565152919426e-5,-0.005431401354534798,-0.0009475542815765459,0.0020873789684262636,-0.0011398246868497177,0.0066687744844730725,0.09858123903914781,1.3710343006501724,13.90765944933719,-1.3082174722780036,0.15266705279369927,0.1509184376565265,0.006597230703436584,0.17270311362077134,0.05457072296446043,true
1.1750000000000003,10.104806743062236,0.06739558291019067,0.03566661097570733,0.17826017880646078,-3.3919243838842e-5,-0.0054310247231815195,-0.0009333865131061548,0.002075635709593664,-0.0011422491964875091,0.0066696558008358916,0.09857342529433422,1.3709742202187596,13.90815238615392,-1.3089306716894267,0.1594948464140941,0.1575040852658767,0.006591683132581748,0.17264254187038672,0.05455303161720006,true
1.225,10.104806743062236,0.0674048957613925,0.03722381313345645,0.17868666683996692,-3.5412601047174385e-5,-0.005430629645868785,-0.0009186457981277278,0.002063411600210835,-0.001144765802083107,0.006670577426695606,0.09856524551854412,1.3709117677545843,13.908672986531142,-1.3096729132697076,0.1663282160263344,0.16407413778011237,0.0065859093820551705,0.17257920179544228,0.05453451929577488,true
1.275,10.104806743062236,0.06741456449265734,0.03878589219857477,0.17913100409510152,-3.69148894593234e-5,-0.005430215717427508,-0.0009033357399823431,0.002050709579240395,-0.001147373839258052,0.006671534271443922,0.09855669307008132,1.370846904572247,13.90922180797473,-1.3104446933493945,0.17316738131288442,0.17062797242068697,0.006579906063238774,0.17251304595102224,0.054515171711612215,true
1.3250000000000002,10.104806743062236,0.06742454038310478,0.04035302565784883,0.17959317092607135,-3.842637293103461e-5,-0.005429782595879144,-0.0008874606691493506,0.00203753280656695,-0.0011500721374175992,0.006672521513525942,0.09854776140636401,1.3707795964622516,13.90979944039327,-1.3112464625645333,0.1800125607411345,0.17716497238670215,0.00657367013620747,0.1724440282500444,0.05449497487087479,true
1.375,10.104806743062236,0.06743477646583271,0.041925388573946946,0.18007314846198233,-3.994732209243861e-5,-0.005429329984138245,-0.0008710254857957273,0.0020238846475072922,-0.001152859161711565,0.006673534504965384,0.09853844400523902,1.3707098125071566,13.91040650524459,-1.3120786389317185,0.18686397142280364,0.18368452698346777,0.006567198815130139,0.17237210329363076,0.05447391489402929,true
1.4250000000000003,10.104806743062236,0.06744522681153671,0.04350315342852473,0.18057091801256434,-4.14780112182379e-5,-0.005428857616716144,-0.0008540355449086696,0.0020097686573045167,-0.0011557331123958471,0.006674568700469536,0.09852873430910948,1.370637524196142,13.911043654494804,-1.3129416175997488,0.19372182899605722,0.1901860317703262,0.006560489498344193,0.17229722589305532,0.05445197788812697,true
1.475,10.104806743062236,0.06745584599994323,0.045086489974513796,0.18108646059733827,-4.301871606157021e-5,-0.005428365249982824,-0.0008364965718527684,0.001995188566571115,-0.0011586919947183464,0.006675619605120811,0.09851862568346345,1.370562704773485,13.911711569922323,-1.3138357780425407,0.20058634753663113,0.1966688887331481,0.006553539717077163,0.17221935071786898,0.054429149852710065,true
1.525,10.104806743062236,0.06746658872701566,0.04667556508816066,0.18161975656067575,-4.456971209809152e-5,-0.005427852655000814,-0.0008184146011545972,0.0019801482687883914,-0.0011617336676337942,0.006676682735504755,0.0985081113858102,1.370485328755812,13.912410962669481,-1.3147614894060808,0.20745773946380233,0.2031325064486697,0.006546347097631359,0.1721384320352839,0.054405416610050036,true
1.5750000000000002,10.104806743062236,0.06747740950963707,0.04827054261728102,0.18217078524502095,-4.613127295865164e-5,-0.0054273196122527735,-0.0007997959346653111,0.0019646518111350055,-0.0011648558764696944,0.006677753590484623,0.09849718454191723,1.3704053715707174,13.913142572999302,-1.3157191145309468,0.2143362154355163,0.20957630023543392,0.006538909333221838,0.17205442351403202,0.05438076375251156,true
1.625,10.104806743062236,0.06748826246206834,0.04987158322564943,0.18273952470719257,-4.7703668969937436e-5,-0.005426765907767604,-0.0007806471148784952,0.0019487033887202125,-0.0011680562738417173,0.006678827629079048,0.09848583812770154,1.370322809283831,13.913907170155813,-1.3167090130057393,0.22122198423439848,0.21599969229319874,0.006531224162921741,0.17196727807762277,0.05435517660316915,true
1.6750000000000003,10.104806743062236,0.06749910112580379,0.05147884423710877,0.18332595146951858,-4.928716585359496e-5,-0.005426191330273202,-0.0007609749085878419,0.001932307341279033,-0.0011713324326911912,0.006679900253624084,0.09847406495581716,1.370237618390051,13.91470555221664,-1.317731543510162,0.2281152526571409,0.222402111842623,0.006523289355887995,0.17187694779764237,0.05432864018738555,true
1.725,10.104806743062236,0.0675098783395898,0.05309247948351124,0.18393004030077825,-5.088202366902382e-5,-0.0054255956690882805,-0.0007407862958535882,0.0019154681507562647,-0.0011746818549026765,0.006680966796909873,0.09846185766617788,1.3701497756518275,13.915538545871662,-1.3187870656311687,0.235016225420693,0.2287829952775084,0.00651510269956302,0.17178338381990216,0.054301139213544264,true
1.775,10.104806743062236,0.06752054613952019,0.05471263915911146,0.18455176402193968,-5.2488496045631616e-5,-0.005424978712536164,-0.0007200884601570958,0.0018981904382936307,-0.0011781019781365349,0.006682022512293813,0.09844920871977157,1.3700592579718065,13.916407006089601,-1.319875941289282,0.2419251050918479,0.23514178633512323,0.006506661990869906,0.17168653631755412,0.054272658061420676,true
1.8250000000000002,10.104806743062236,0.06753105568173848,0.05633946968115493,0.18519109333053646,-5.4106829682588935e-5,-0.005424340246725622,-0.0006988887773858772,0.001880478959779398,-0.0011815901823935208,0.006683062566050953,0.09843611039484434,1.3699660422914033,13.917311815717133,-1.3209985358727394,0.24884209203923155,0.241477936282921,0.0064979650296517755,0.17158635446385975,0.05424318077609149,true
1.875,10.104806743062236,0.06754135718240079,0.05797311355367704,0.18584799663635818,-5.573726401462013e-5,-0.005423680054597478,-0.0006771948032664899,0.0018623385999774356,-0.0011851437967109457,0.006684082031432553,0.09842255478469593,1.3698701055096383,13.918253885060137,-1.3221552191469437,0.25576738439743496,0.24779090411151644,0.0064890096138239305,0.1714827864187427,0.05421269106566554,true
1.9250000000000003,10.104806743062236,0.06755139987110201,0.05961370923025253,0.18652243990162948,-5.738003090817621e-5,-0.005422997915178916,-0.0006550142603737657,0.0018437743659528519,-0.0011887601055790861,0.006685075884057009,0.09840853379616539,1.3697714244193042,13.919234151547526,-1.3233463659812224,0.2627011780325962,0.2540801567237078,0.006479793535859101,0.1713757793224561,0.05418117230078255,true
1.975,10.104806743062236,0.06756113195530714,0.061261390971847754,0.1872143864804222,-5.903535427049539e-5,-0.005422293603013782,-0.0006323550264818979,0.0018247913808155138,-0.001192436354333616,0.00668603899838988,0.0983940391485444,1.3696699756572317,13.920253579482146,-1.324572356929168,0.2696436664966406,0.26034516910782124,0.0064703145803353115,0.1712652792941968,0.05414860751527979,true
2.0250000000000004,10.104806743062236,0.06757050059380786,0.06291628869744526,0.18792379695444905,-6.0703449499132094e-5,-0.005421566887751576,-0.000609225125743521,0.0018053948786593767,-0.0011961697529158557,0.00668696614511707,0.0983790623724123,1.3695657356670643,13.921313159934337,-1.3258335786854623,0.2765950409680321,0.2665854244936722,0.006460570522338624,0.17115123143202074,0.05411497940690417,true
2.075,10.104806743062236,0.06757945187775379,0.06457852782714088,0.18865062896481555,-6.238452276659286e-5,-0.005420817533879032,-0.0005856327233592638,0.0017855902011532717,-0.001199957477794008,0.006687851989267635,0.09836359480870048,1.3694586806715718,13.922413910704696,-1.3271304244452184,0.28355549017624226,0.2728004144889811,0.00645055912657996,0.17103357981584658,0.05408027033873025,true
2.125,10.104806743062236,0.06758793081777811,0.06624822911904152,0.18939483704071164,-6.407877018885096e-5,-0.005420045300575798,-0.0005615861234754829,0.0017653827957526498,-0.001203796672277167,0.006688691088939694,0.09834762760784559,1.3693487866523442,13.923556876354237,-1.3284632941896533,0.2905252003177595,0.278989639203627,0.006440278147053333,0.17091226751235078,0.05404446234096363,true
2.1750000000000003,10.104806743062236,0.06759588133604304,0.06792550850211214,0.19015637242679376,-6.578637695095248e-5,-0.005419249941670737,-0.0005370937693416249,0.001744778215114932,-0.001207684445773307,0.006689477894513228,0.09833115172953934,1.3692360293344465,13.924743128205614,-1.3298325949158092,0.2975043549671411,0.28515260736504633,0.006429725327171712,0.17078723658497189,0.05400753711423227,true
2.225,10.104806743062236,0.06760324626207409,0.06961047690709775,0.19093518291064626,-6.750751645922917e-5,-0.005418431205673478,-0.0005121642444636063,0.0017237821171183776,-0.0012116178726547713,0.006690206748237829,0.098314157942691,1.3691203841744253,13.925973764353543,-1.331238740831882,0.3044931349922781,0.29128883643292497,0.006418898400198523,0.17065842810621423,0.053969476033511134,true
2.2750000000000004,10.104806743062236,0.06760996733152232,0.07130324009712341,0.1917312126512314,-6.924234957373014e-5,-0.00541758883585805,-0.00048680627360670977,0.0017024002649125795,-0.0012155939913058697,0.0066908718841102045,0.0982966368261965,1.3690018263502008,13.927249909585468,-1.3326821535249875,0.31149171847447843,0.29739785271351155,0.006407795089991943,0.17052578217615744,0.05393026015397598,true
2.325,10.104806743062236,0.0676159851873387,0.07300389849879882,0.19254440200841288,-7.0991023937776e-5,-0.00541672257037873,-0.0004610287228327334,0.001680638526574648,-0.0012196098037419146,0.0066914674279904,0.09827857876997213,1.3688803307522714,13.928572715283472,-1.3341632621145578,0.31850028063801095,0.3034791914773364,0.006396413111918675,0.17038923794339175,0.05388987021758974,true
2.3750000000000004,10.104806743062236,0.06762123938298396,0.0747125470338354,0.19337468737317015,-7.275367340271151e-5,-0.005415832142404522,-0.00043484059819867736,0.0016585028741570894,-0.001223662275958412,0.00669198739791945,0.09825997397649895,1.3687558719761836,13.929943359272128,-1.3356825033884732,0.32551899378607824,0.30953239707732233,0.0063847501739809085,0.1702487336300572,0.053848286660962134,true
2.4250000000000003,10.104806743062236,0.06762566838752399,0.07642927495082338,0.19422200099773618,-7.453041752517742e-5,-0.005414917280263954,-0.0004082510431080593,0.0016359993820950342,-0.0012277483389869749,0.006692425704623639,0.0982408124624754,1.3686284243164055,13.931363045670803,-1.3372403219260212,0.33254802724421667,0.3155570230678274,0.006372803978086906,0.1701042065582447,0.05380548962359837,true
2.475,10.104806743062236,0.06762920959260615,0.07815416565652587,0.19508627082496638,-7.632136110645256e-5,-0.005413977707596803,-0.0003812693345496424,0.001613134225067751,-0.0012318648905181085,0.0066927761522048955,0.09822108406080217,1.3684979617607809,13.93283300471042,-1.338837170213016,0.33958754730661367,0.32155263232043335,0.0063605722214541685,0.16995559317920306,0.0537614589570244,true
2.5250000000000004,10.104806743062236,0.06763179932138502,0.07988729654601623,0.19596742031630698,-7.812659374991138e-5,-0.0054130131435115745,-0.0003539048785831081,0.0015899136754790745,-0.0012360087968959663,0.006693032439024102,0.09820077842261002,1.3683644579871443,13.934354492571806,-1.3404735087369484,0.3466377171841915,0.32751879713531923,0.006348052598191289,0.16980282910354438,0.05371617423416437,true
2.575,10.104806743062236,0.06763337283921347,0.08162873883126433,0.1968653682779088,-7.99461894136206e-5,-0.005412023302749856,-0.0003261672054105638,0.0015663441007186959,-0.001240176895308132,0.0066931881587591205,0.09817988501935272,1.3682278863610908,13.935928791232467,-1.342149806072139,0.3536986969529127,0.3334550993467762,0.00633524280099628,0.16964584913249378,0.0536696147590134,true
2.6250000000000004,10.104806743062236,0.06763386436641365,0.08337855736783673,0.1977800286848708,-8.178020594486226e-5,-0.005411007895858731,-0.0002980659643108316,0.0015424319603408218,-0.0012443659960299901,0.006693236801668646,0.09815839314489429,1.3680882199351985,13.937557208334962,-1.3438665389528428,0.360770643504628,0.33936113042471694,0.006322140522976169,0.16948458728973353,0.05362175957645428,true
2.6750000000000003,10.104806743062236,0.0676332070927923,0.08513681047969254,0.198711310503513,-8.362868459596425e-5,-0.005409966629372254,-0.0002696109186232879,0.0015181838032552848,-0.0012485728846319969,0.006693171756028679,0.09813629189667375,1.367945431481898,13.939241080376132,-1.3456241922931054,0.3678537109957395,0.3452364919814295,0.006308743457675382,0.1693189767150164,0.05357258743675477,true
2.725,10.104806743062236,0.06763133319417214,0.08690354978214551,0.1996591175118787,-8.549164951759739e-5,-0.005408899206002444,-0.00024081194086285926,0.001493606264975238,-0.0012527943241123786,0.006692986309768517,0.09811357025780475,1.3677994933731807,13.940981760006586,-1.3474232593865165,0.3749480488911282,0.3510807942807747,0.006295049308496139,0.1691489502285443,0.05352207697965779,true
2.7750000000000004,10.104806743062236,0.0676281738505774,0.08867882000311124,0.200623348118654,-8.73691072340171e-5,-0.005407805324839345,-0.00021167900798878259,0.0014687060649361784,-0.0012570270569473958,0.00669267365227045,0.09809021698553487,1.3676503777578946,13.942780633868704,-1.349264241729863,0.3820538046241995,0.3568936585695397,0.00628105578041448,0.16897443961011394,0.05347020649758435,true
2.825,10.104806743062236,0.06762365926637251,0.09046265880300833,0.2016038951808639,-8.926104610791161e-5,-0.0054066846815603795,-0.0001822221968071976,0.0014434900038793278,-0.0012612678070721302,0.0066922268763627375,0.09806622068606621,1.3674980564547605,13.944639111080399,-1.3511476491931955,0.38917112181851526,0.36267471571659055,0.0062667605889216126,0.1687953761165161,0.053416954104262726,true
2.8750000000000004,10.104806743062236,0.06761771869198971,0.09225509659346956,0.20260064582053897,-9.116743580022218e-5,-0.005405536968647611,-0.0001524516794728949,0.0014179649612838813,-0.0012655132818109865,0.006691638980469837,0.09804156979975147,1.3673425009836544,13.946558625860767,-1.3530740000113899,0.3963001406467428,0.3684236066227563,0.006252161460813718,0.16861169040424204,0.053362297708589565,true
2.9250000000000003,10.104806743062236,0.06761028044747397,0.09405615635516613,0.2036134812405297,-9.308822672668666e-5,-0.005404361875612024,-0.00012237771900972276,0.0013921378928086535,-0.0012697601737989307,0.006690902870942473,0.09801625260368393,1.3671836825712838,13.948540637431982,-1.355043820801249,0.4034409977780092,0.3741399822817572,0.006237256136668228,0.16842331256831755,0.05330621502648099,true
2.975,10.104806743062236,0.06760127194767945,0.09586585345496257,0.20464227653996303,-9.502334951626756e-5,-0.005403159089224236,-9.201066482866912e-5,0.0013660158277326816,-0.0012740051629040125,0.006690011364551151,0.09799025721442046,1.367021572157437,13.950586629915113,-1.3570576465738022,0.4105938263254738,0.379823503834911,0.00622204237340172,0.16823017218257508,0.05324868359316638,true
3.0250000000000004,10.104806743062236,0.0675906197291748,0.09768419546269139,0.20568690052933672,-9.697271447922847e-5,-0.00540192829375089,-6.136094822239762e-5,0.0013396058663833676,-0.00127824491816097,0.006688957191148777,0.09796357159078828,1.3668561404020076,13.952698112229056,-1.3591160207404296,0.4177587557952015,0.38547384262044343,0.006206517946911611,0.16803219834104643,0.053189680775818315,true
3.075,10.104806743062236,0.0675782494788516,0.09951118196772793,0.20674721554554015,-9.89362110791367e-5,-0.00540066917119561,-3.0439077774770725e-5,0.0013129151775205107,-0.00128247609974574,0.00668773299650184,0.09793618353679287,1.3666873576926764,13.954876617989065,-1.3612194951137797,0.42493591203597963,0.3910906802170642,0.006190680654795899,0.16782931970057743,0.05312918378655446,true
3.1250000000000004,10.104806743062236,0.067564086064165,0.10134680439553462,0.20782307726709412,-0.0001009137074162919,-0.005399381401544532,7.443652911484633e-7,0.0012859509956865698,-0.0012866953609777182,0.006686331345283094,0.09790808070464535,1.3665151941531113,13.957123705400912,-1.3633686299046752,0.43212541718976144,0.39667370848152267,0.006174528319143826,0.16762146452476603,0.053067169695848966,true
3.1750000000000003,10.104806743062236,0.06754805356515789,0.1031910458245208,0.20891433452976976,-0.00010290504972273868,-0.005398064663015899,3.217873184557362e-5,0.00125872061851245,-0.0012908993503580237,0.006684744724240775,0.0978792505978786,1.3663396196519346,13.95944095715776,-1.3655639937129054,0.43932738964364065,0.4022226295808186,0.0061580587894057345,0.16740856072903618,0.05300361544628691,true
3.225,10.104806743062236,0.06753007530813213,0.10504388080328289,0.21002082914279702,-0.00010491006186835558,-0.005396718632313139,6.385330966561151e-5,0.0012312314039772765,-0.001295084713642888,0.006682965545530791,0.09784968057456932,1.3661606038122007,13.96182998033475,-1.3678061635142784,0.4465419439825744,0.4077371560184217,0.00614126994532739,0.16719053592692834,0.05293849786669509,true
3.2750000000000004,10.104806743062236,0.06751007390106555,0.10690527516856843,0.211142395706022,-0.00010692854488151272,-0.005395342984881429,9.575732831722185e-5,0.0012034907676273343,-0.0012992480959445561,0.006680986150221691,0.09781935785067097,1.3659781160214903,13.964292406281837,-1.370095724642813,0.4537691909432109,0.4132170106547585,0.00612415969995434,0.16696731747764174,0.05287179368665865,true
3.325,10.104806743062236,0.067487971270704,0.10877518586410362,0.21227886142804336,-0.00010896027648392134,-0.005393937395167459,0.00012787996411194047,0.0011755061797500436,-0.001303386143861984,0.006678798811965397,0.09778826950343104,1.365792125442572,13.96682989051822,-1.3724332707689353,0.46100923736889876,0.4186619267220061,0.006106726002696313,0.1667388325346334,0.05280347955136298,true
3.3750000000000004,10.104806743062236,0.06746368870150507,0.11065356076058512,0.21343004594581538,-0.00011100501064218307,-0.005392501536882368,0.00016021034511802404,0.00114728516251218,-0.001307495507630204,0.006676395740851188,0.09775640247492343,1.365602601024786,13.969444112625684,-1.3748194038716783,0.4682621861656001,0.4240716478329723,0.006088966842464972,0.16650500809548827,0.05273353203682599,true
3.4250000000000003,10.104806743062236,0.06743714687615004,0.11254033847704567,0.21459576114577433,-0.00011306247713588749,-0.005391035083267594,0.0001927375562251457,0.0011188352870620752,-0.0013115728432872209,0.0066737690874148665,0.09772374357566947,1.3654095115157903,13.972136776141062,-1.3772547342089243,0.47552813625905427,0.42944592798432324,0.006070880250855341,0.16626577105282964,0.05266192766545772,true
3.475,10.104806743062236,0.06740826591790891,0.11443544820387316,0.21577581098692233,-0.00011513238114643589,-0.0053895377073635104,0.00022545064425542882,0.0010901641705988213,-0.0013156148148542502,0.006670910946831331,0.0976902794883688,1.3652128254740343,13.9749096084486,-1.3797398802816785,0.48280718255286686,0.4347845315539178,0.0060524643053953536,0.16602104824643865,0.05258864292199185,true
3.5250000000000004,10.104806743062236,0.06737696543465037,0.11633880952769743,0.21696999132592726,-0.00011721440286318653,-0.005388009082280808,0.0002583386231222854,0.001061279473407014,-0.0013196180965292994,0.006667813363269919,0.09765599677170973,1.3650125112816975,13.97776436067398,-1.3822754687954546,0.49009941588787453,0.4400872332925238,0.006033717132839174,0.1657707665163372,0.05251365426971876,true
3.575,10.104806743062236,0.06734316456469591,0.11825033225855226,0.2181780897449625,-0.00011930819711506498,-0.005386448881474648,0.00029139047901538236,0.0010321888958676302,-0.0013235793748830125,0.006664468334432266,0.09762088186432069,1.3648085371582508,13.980702807572902,-1.3848621346163041,0.49740492300222805,0.4453538183095254,0.006014636912522949,0.1655148527572465,0.052436938167148624,true
3.6250000000000004,10.104806743062236,0.06730678202433538,0.1201699162594207,0.21939988538190408,-0.00012141339302517153,-0.005384856779020978,0.00032459517562365863,0.0010029001754383786,-0.0013274953510620372,0.0066608678162545665,0.09758492108876005,1.364600871174623,13.983726747428802,-1.3875005207230988,0.5047237864932822,0.4505840820534418,0.00599522187976013,0.1652532339737143,0.05235847108487941,true
3.6750000000000003,10.104806743062236,0.06726773615706565,0.12209745127857126,0.22063514876392168,-0.00012352959368746024,-0.005383232449895473,0.00035794165939587305,0.0009734210836035749,-0.001331362742999448,0.006657003727780383,0.09754810065567111,1.3643894812677275,13.986838001939166,-1.390191278156768,0.5120560847795861,0.45577783028605606,0.005975470329282171,0.16498583733671743,0.052278229522936,true
3.725,10.104806743062236,0.06722594498444101,0.12403281678489558,0.22188364164419108,-0.0001256563758732278,-0.005381575570254399,0.00039141886485267866,0.000943759422785873,-0.0013351782876385517,0.006652867956192932,0.09751040666800422,1.364174335255481,13.990038416105829,-1.3929350659665243,0.5194018920642609,0.46093487905114006,0.005955380618711672,0.16471259024107335,0.05219619002836414,true
3.7750000000000004,10.104806743062236,0.06718132625896639,0.12597588180662445,0.22314511684262323,-0.0001277932897572361,-0.005379885817716791,0.00042501572002802597,0.0009139230231800915,-0.0013389387432081175,0.006648452362049554,0.097471825125406,1.363955400852626,13.993329858118265,-1.3957325511484036,0.5267612782980134,0.46605505463659935,0.005934951172102736,0.16443342036434352,0.05211232921329085,true
3.825,10.104806743062236,0.06713379751832341,0.12792650477352668,0.22441931809089805,-0.0001299398586594287,-0.005378162871646865,0.0004587211522178548,0.0008839197394181847,-0.0013426408916360395,0.006643748784648075,0.09743234192883012,1.3637326456862315,13.996714219210455,-1.3985844085868895,0.5341343091398256,0.47113819352881425,0.005914180483486285,0.16414825572744401,0.05202662377355198,true
3.8750000000000004,10.104806743062236,0.06708327614187838,0.12988453336270617,0.22570597988318122,-0.00013209557877625337,-0.005376406413432813,0.0004925240945125114,0.0008537574468224086,-0.00134628154133492,0.006638749047618991,0.09739194288562601,1.3635060373115349,14.000193413461243,-1.40149132098904,0.541521045908572,0.47618414235480283,0.005893067120505111,0.16385702475870814,0.05193905050843011,true
3.9250000000000003,10.104806743062236,0.06702967940932406,0.13184980434768984,0.22700482733482147,-0.0001342599188248194,-0.005374616126754347,0.0005264134943059878,0.0008234440366386013,-0.0013498575309445892,0.006633444964728824,0.09735061371569939,1.3632755432262293,14.003769377433095,-1.4044539788219288,0.5489215455097141,0.48119275780205145,0.0058716097281282026,0.1635596563650967,0.05184958634274103,true
3.975,10.104806743062236,0.06697292456276234,0.13382214344976162,0.22831557605506858,-0.00013643231941573241,-0.0053727916978202755,0.0005603783265933186,0.0007929874088166043,-0.0013533657354099229,0.006627828346024,0.09730834006032855,1.3630411308806016,14.007444069393772,-1.4074730802569189,0.5563358602958234,0.48616390648970936,0.005849807032572628,0.16325608002070713,0.051758208354597934,true
4.0249999999999995,10.104806743062236,0.06691292887464391,0.13580136518852123,0.22963793204693642,-0.0001386121917194955,-0.005370932815537672,0.0005944076183022613,0.000762395459152116,-0.0013568030774543773,0.006621891004554345,0.09726510749729393,1.3628027676766363,14.011219467521297,-1.4105493311378976,0.5637640377647453,0.49109746473062227,0.005827657845678916,0.16294622589589816,0.0516648938165227,true
4.075,10.104806743062236,0.06684960972713155,0.1377872727251946,0.23097159166434816,-0.0001407989144229418,-0.005369039171532429,0.0006284904969856351,0.000731676053989314,-0.0013601665509749492,0.006615624764227104,0.09722090157071417,1.3625604209400604,14.015097565712187,-1.4136834450148787,0.5712061198777724,0.495993318049003,0.005805161070294067,0.16263002508045812,0.05156962026748181,true
4.125,10.104806743062236,0.06678288471442365,0.13977965768514927,0.2323162416902576,-0.00014299182687236135,-0.005367110459874367,0.0006626162900901268,0.0007008369790922925,-0.0013634532691824193,0.006609021469933156,0.09717570785348188,1.3623140578306812,14.019080364042528,-1.4168761433352959,0.5786621415356747,0.5008513601709236,0.005782315707818523,0.1623074100144279,0.051472365653234445,true
4.175,10.104806743062236,0.06671267179091447,0.14177829993453556,0.2336715596629242,-0.0001451902142617877,-0.0053651463762622266,0.0006967747223749347,0.000669885838347258,-0.0013666605607221926,0.006602073002209379,0.09712951207796836,1.3620636451215207,14.023169847987676,-1.420128155979557,0.5861321272980496,0.5056714909374547,0.005759120870198038,0.16197831535245455,0.051373108609332634,true
4.225,10.104806743062236,0.06663888950396002,0.14378296726856415,0.23503721468172933,-0.00014739327747585818,-0.0053631466163314295,0.0007309562880459309,0.000638829863028597,-0.001369786151074528,0.006594771300273802,0.0970823004000252,1.3618091487157171,14.027367945592722,-1.4234402225212104,0.5936160846901376,0.510453612164547,0.00573557580026176,0.16164267967175922,0.05127182902184789,true
4.2749999999999995,10.104806743062236,0.06656145737027691,0.1457934149502749,0.23641286906544146,-0.00014960007620605384,-0.005361110872788131,0.0007651528986784306,0.0006076755795228607,-0.0013728284782012913,0.0065871083992750995,0.09703405990094811,1.3615505326865416,14.031676445120462,-1.4268130948533633,0.6011139914577978,0.5151976199368482,0.005711679906462707,0.16130044868059998,0.05116850908227475,true
4.325,10.104806743062236,0.06648029646142048,0.14780938503450253,0.23779818134997446,-0.00015180943181419091,-0.005359038831547932,0.0007993588901594882,0.0005764282917971647,-0.001375787181956653,0.006579076488233143,0.09698477946401769,1.361287757547805,14.036096850154268,-1.4302475421275618,0.6086257733811448,0.5199033914854184,0.005687432819180121,0.16095158077716948,0.05106313511698138,true
4.375,10.104806743062236,0.06639533021782068,0.14983060545935975,0.2391928109994616,-0.0001540197836243716,-0.0053569301685226665,0.0008335723276569931,0.0005450914071891817,-0.0013786637348461748,0.006570667990598279,0.09693445113045683,1.3610207775021388,14.04063015398357,-1.433744358967066,0.6161512701839679,0.5245707655369577,0.005662834472425776,0.16059605559278972,0.050955700400969535,true
4.425,10.104806743062236,0.0663064853384779,0.15185678905920952,0.24059642442942453,-0.0001562290238270687,-0.005354784551830685,0.0008677961433998871,0.0005136658384706822,-0.0013814619818705693,0.006561875652298115,0.09688307182156844,1.3607495368291003,14.045276550842864,-1.437304376840571,0.6236901927974341,0.529199518633976,0.005637885200235152,0.16023388475800351,0.05084620870670577,true
4.475,10.104806743062236,0.06621369220126884,0.15388763303658054,0.2420086998357509,-0.00015843441276149747,-0.005352601659083531,0.0009020378595449819,0.000482150112838335,-0.001384187972383317,0.006552692583332173,0.09683064472068773,1.3604739667817074,14.050035200179186,-1.4409284748724085,0.6312420904610992,0.533789348961097,0.005612585802090478,0.1598651203840101,0.05073467710454234,true
4.5249999999999995,10.104806743062236,0.06611688365721032,0.15592282005330954,0.24342932437423026,-0.0001606328070563237,-0.005350381223665199,0.0009363056137870837,0.00045054234811131306,-0.0013868479618983967,0.006543112138448851,0.09677717849305312,1.360193986761851,14.054904347717565,-1.4446175783910096,0.6388063743186055,0.5383398951529212,0.005586937473723569,0.15948984977480896,0.05062113422933292,true
4.575,10.104806743062236,0.0660159905722587,0.15796202275141097,0.24485797242723434,-0.00016282156328170216,-0.0053481231196226406,0.0009705977686818192,0.0004188454899212499,-0.001389443258603069,0.006533127475949404,0.09672268114979307,1.3599095167637154,14.059882341946688,-1.448372621302013,0.6463824779967728,0.5428508353031819,0.0055609414435325326,0.15910815643048284,0.05050560743196838,true
4.625,10.104806743062236,0.06591093304400378,0.16000491341551343,0.24629425304409136,-0.00016500041442510152,-0.005345827467382084,0.0010048857095694412,0.0003870760520010787,-0.00139196176157052,0.006522730688467342,0.096667145138625,1.359620509088038,14.064970131664502,-1.4521944421825177,0.6539702387812657,0.5473221093158042,0.0055345981735716076,0.15872002633265958,0.05038809186935716,true
4.675,10.104806743062236,0.06580161075734164,0.16205117751280326,0.2477376296424295,-0.00016717396612020178,-0.005343494673918466,0.0010390976431053447,0.00035527246167621024,-0.001394370104781555,0.006511911848538791,0.09661052449464211,1.3593270006801117,14.07017514696857,-1.4560835898131352,0.6615704690651699,0.5517542376635654,0.005507906347801044,0.15832520573142211,0.05026850350730882,true
4.725,10.104806743062236,0.06568791143016953,0.16410052538882364,0.24918736499027705,-0.00016935208442544415,-0.005341125234103918,0.0010731253546392874,0.0003234919280574207,-0.0013966172826967082,0.006500659844412123,0.09655271820648352,1.3590291638264256,14.075514279360462,-1.4600400567915677,0.6691853560524319,0.5561485208658365,0.005480862847690787,0.1579231005220438,0.05014664555355317,true
4.775,10.104806743062236,0.06556969026595438,0.16615266520902217,0.25064258137729367,-0.00017154287118890924,-0.005338719210786993,0.0011068815596971197,0.00029178174079090113,-0.0013986633004880208,0.006488960346616551,0.09649359202479393,1.3587271802121281,14.081009440119137,-1.46406426399353,0.6768178414498884,0.5605066454879385,0.005453459409270693,0.15751290836219353,0.05002225407404742,true
4.825,10.104806743062236,0.0654468120101556,0.16820731500198421,0.2521026829075706,-0.0001737487554324313,-0.005336275101255401,0.0011404077861199317,0.0002601227406701976,-0.0014005305267901294,0.006476799969983604,0.09643308022658183,1.3584210591869625,14.086670839458606,-1.46815740491105,0.6844692356714231,0.5648293210096745,0.005425690121466573,0.15709425938625246,0.04989520839104707,true
4.875,10.104806743062236,0.06531985986379685,0.17026375366260002,0.2535673696084132,-0.00017597431087661256,-0.005333780439654787,0.0011738867521077626,0.00022837175776466395,-0.0014022585098724266,0.00646423642972135,0.09637126586380423,1.3581116374295,14.092495571748929,-1.4723098352886892,0.6921356907315179,0.5691143684800801,0.0053976213160099006,0.1566678209678186,0.04976570102281418,true
4.925,10.104806743062236,0.06518805136853173,0.1723215394239646,0.2550360432023845,-0.00017816908737313476,-0.0053312420993352466,0.0012073778709729968,0.00019655464505979528,-0.0014039325160327921,0.006451192291558528,0.09630814065289962,1.3577974222531077,14.098469901383435,-1.4765374638411821,0.6998171579541865,0.5733618011810221,0.005369172739142259,0.15623345497615387,0.049633722529822004,true
4.975,10.104806743062236,0.0650519396601849,0.17438036477507335,0.2565102105810977,-0.00018036373169370569,-0.005328663051650628,0.0012406755031077964,0.00016478284905399991,-0.0014054583521617963,0.006437722295366836,0.09624411826739757,1.3574786121776876,14.104535805566519,-1.480832183701257,0.7075048738554177,0.5775669024011522,0.005340432036576246,0.15579388345860812,0.04950014137219632,true
5.025,10.104806743062236,0.06491061540045534,0.1764399425172103,0.25798605219732157,-0.0001825659888012408,-0.00532604255229867,0.0012737108940083215,0.00013309360127319406,-0.0014068044952815157,0.006423736450479047,0.09617837129455553,1.3571557306058593,14.110820471781945,-1.4852015840096355,0.7152173226943023,0.5817398345626993,0.005311291361188027,0.15534390922741526,0.049363272436512014,true
5.075,10.104806743062236,0.06476457692746829,0.17849973101755295,0.2594657433419627,-0.00018473900247252125,-0.005323379455949121,0.0013066761374108786,0.00010139373030509825,-0.0014080698677159768,0.00640928407383292,0.09611155861920725,1.3568278684382389,14.117218448344733,-1.4896452998853889,0.72293881880431,0.5858721467486364,0.005281818980554507,0.15488772273703766,0.04922448304443087,true
5.125,10.104806743062236,0.06461354959459621,0.18055927528849597,0.2609478463326748,-0.00018690298669284954,-0.005320674389494761,0.001339463477234136,6.973942316206355e-5,-0.0014092029003961997,0.006394337985628337,0.09604344167822462,1.356495338780502,14.123768526800434,-1.4941640856674328,0.7306744755898456,0.589966714185656,0.005251997007991928,0.15442388397547965,0.04908330086677246,true
5.175,10.104806743062236,0.06445749000089622,0.18261812704119457,0.26243184910368006,-0.00018905297815722058,-0.00531792717827168,0.0013720715817941516,3.8134013947140464e-5,-0.0014102055957412921,0.006378893890786331,0.09597400849220832,1.356158101799727,14.130472646766934,-1.4987588875372522,0.7384242113583778,0.5940235964249666,0.00522182700303447,0.1539523725069193,0.04893971843374436,true
5.225,10.104806743062236,0.06429635000186909,0.18467580942584316,0.26391726492778195,-0.00019118711097154478,-0.005315137701930364,0.0014044973340149069,6.58170836764286e-6,-0.0014110790423825497,0.006362947024792307,0.09590325935820852,1.355816111695011,14.137330897492216,-1.5034305327042894,0.7461876110235548,0.5980426916634235,0.005191312407554399,0.15347324677444332,0.04879375374004573,true
5.275,10.104806743062236,0.0641300719877183,0.1867318331978438,0.265403531738722,-0.00019330454274190176,-0.005312305892031108,0.0014367310623175848,-2.491001491896491e-5,-0.00141182104739862,0.006346491686419314,0.09583117847587641,1.3554693491570746,14.144346033460154,-1.508179833970299,0.7539646320391369,0.6020241053868802,0.005160455496726437,0.15298646691156698,0.0486453925069285,true
5.325,10.104806743062236,0.06395860117134339,0.18878569842717347,0.26689008058167896,-0.00019540411449525026,-0.005309431681048269,0.0014687637439644854,-5.633398454861979e-5,-0.0014124297594158657,0.006329522453782317,0.09575775072099797,1.3551177926286775,14.151520711644329,-1.5130076289433187,0.761755216643715,0.6059679441503143,0.005129258661077827,0.1524919990220907,0.048494622396393676,true
5.375,10.104806743062236,0.06378188276526886,0.1908368933209605,0.2683763346008525,-0.00019748459114951803,-0.005306515009616638,0.0015005867540084919,-8.768321484437893e-5,-0.001412903539164113,0.006312033904959168,0.09568296169062673,1.35476141618098,14.158857462641594,-1.51791480168248,0.7695592877746598,0.609874313693995,0.0050977243025519675,0.1519898152608808,0.048341433085533625,true
5.425,10.104806743062236,0.06359986195412776,0.19288489426272742,0.2698617067189232,-0.0001995447288722583,-0.0053035558310549485,0.0015321916121393642,-0.00011895078171174353,-0.0014132408304276206,0.0062940206152675,0.09560679709440603,1.3544001912223604,14.166358798579674,-1.5229022747605319,0.7773767632070603,0.6137433261585915,0.005065854828548199,0.15147989015043192,0.04818581504005888,true
5.475,10.104806743062236,0.06341248605116508,0.19492916607844724,0.27134559987077006,-0.00020158330894517047,-0.005300554110683935,0.00156356999448323,-0.0001501298301147361,-0.0014134401643684938,0.0062754773706783515,0.09552924270029128,1.354034090015912,14.174027258480333,-1.527970973684301,0.7852075563879644,0.617575100343844,0.005033652832467046,0.15096220057255602,0.048027759429115136,true
5.525,10.104806743062236,0.06321970683315004,0.196969162207767,0.27282740736394917,-0.00020359915624438494,-0.005297509822515894,0.001594713752816373,-0.0001812135853013418,-0.0014135001675150312,0.00625639939888563,0.09545028433303275,1.3536630892715222,14.181865446817284,-1.5331217895370326,0.7930515756567645,0.6213697611616658,0.005001121280875558,0.15043672608999353,0.04786725814713855,true
5.575,10.104806743062236,0.06302148136042435,0.1990043247971837,0.27430651301759584,-0.00020559112527132058,-0.005294422945996113,0.0016256149052065432,-0.00021219534969579523,-0.001413419555510748,0.006236782450460388,0.09536990787360945,1.3532871712116556,14.189876045650813,-1.538355567909093,0.8009087239246139,0.6251274393323331,0.004968263562666413,0.14990344904511538,0.04770430382428244,true
5.625,10.104806743062236,0.06281777084639656,0.20103408487813915,0.2757822912820548,-0.0002075580641578087,-0.005291293465176777,0.0016562656061453402,-0.00024306848929197075,-0.0014131971168533694,0.0062166226869728135,0.0952880992822751,1.3529063214431132,14.198061789808127,-1.5436731309032237,0.808778898922288,0.6288482713571871,0.004935083374458702,0.1493623545276577,0.04753888986788356,true
5.675,10.104806743062236,0.06260853862359,0.20305786278696608,0.2772541075897315,-0.0002094987834807919,-0.005288121370825875,0.001686658116968613,-0.00027382641987381157,-0.0014128316970948014,0.006195916479706632,0.09520484464498687,1.3525205254010826,14.206425423459805,-1.5490753138546625,0.8166619939209566,0.6325323997018213,0.004901584539814201,0.1488134303690366,0.04737101054303274,true
5.725,10.104806743062236,0.062393748751616275,0.2050750687784032,0.27872131895839125,-0.00021141205041059517,-0.005284906663924572,0.001716784799871812,-0.00030446260483703926,-0.0014123221950347728,0.006174660271900263,0.09512013022200265,1.35212976593279,14.21496966811367,-1.554562990211356,0.8245578985055797,0.6361799729793647,0.004867770893329852,0.1482566672520166,0.04720066106205086,true
5.775,10.104806743062236,0.06217336608991776,0.20708510355727638,0.2801832745647871,-0.00021329660875054512,-0.005281649358339279,0.0017466381447163815,-0.0003349705694659294,-0.001411667575250452,0.006152850585945623,0.09503394247000709,1.3517340233926145,14.223697220803237,-1.5601370705438065,0.8324664988904598,0.6397911459010015,0.004833646292477859,0.14769205887046952,0.047027837632370756,true
5.825,10.104806743062236,0.061947357483041726,0.20908735844740234,0.28163931594638847,-0.00021515120847928878,-0.0052783494814199645,0.0017762108160965535,-0.000365343925626008,-0.0014108668904705456,0.006130484140686172,0.0949462680255166,1.351333277659377,14.232610778300513,-1.5657984819442214,0.8403876775055245,0.6433660788897626,0.004799214720166117,0.1471196020087111,0.04685253743615215,true
5.875,10.104806743062236,0.06171569303691066,0.21108121516801265,0.28308877675399047,-0.00021697462579593933,-0.005275007072872708,0.001805495695456696,-0.00039557639431704215,-0.001409919301139654,0.006107557977720203,0.09485709366129376,1.3509275103413243,14.241713067502166,-1.571548145792542,0.8483213120838269,0.6469049374869966,0.004764480388671612,0.1465392964656807,0.04667475855747259,true
5.925,10.104806743062236,0.061478346661258745,0.21306604547876637,0.2845309823242279,-0.00021876566515024253,-0.0052716221832522295,0.0018344858982729977,-0.00042566181594591443,-0.0014088240823270832,0.006084069515081877,0.0947664062458175,1.35051670572648,14.25100686231926,-1.577386968603312,0.8562672747483218,0.6504078917877057,0.004729447777338083,0.14595114489089478,0.04649449991030571,true
5.975,10.104806743062236,0.061235295767412365,0.21504121104195373,0.28596524947133073,-0.00022052314813003165,-0.005268194873294953,0.0018631747630456004,-0.000455594146457192,-0.0014075806165884084,0.006060016517332737,0.09467419272820923,1.3501008502382843,14.260494981078478,-1.5833158481957836,0.864225431592939,0.6538751161184683,0.0046941215983879545,0.14535515265314902,0.04631176121025156,true
6.025,10.104806743062236,0.060986520611237896,0.21700606369697978,0.2873908867421059,-0.00022224590048506692,-0.005264725214453987,0.0018915558232137167,-0.0004853674446936686,-0.001406188378520048,0.006035397030537972,0.09458044015573458,1.3496799311960253,14.270180271667849,-1.5893356867071058,0.8721956428364099,0.6573067889731715,0.004658506734591738,0.14475132785276523,0.0461265430070263,true
6.075,10.104806743062236,0.060732003882882774,0.21895994611663905,0.28880719511961583,-0.0002239327456493163,-0.005261213290176605,0.0019196227766647039,-0.0005149758582595329,-0.001404646918405171,0.006010209341666053,0.09448513571158886,1.3492539359108229,14.280065597083471,-1.5954473997827756,0.8801777633829189,0.6607030931158494,0.004622608198766868,0.14413968148490744,0.045938846757400155,true
6.125,10.104806743062236,0.06047173082425633,0.22090219268872985,0.29021346900152567,-0.00022558250589022755,-0.005257659197195865,0.0019473694627123134,-0.0005444136128666888,-0.0014029558498456244,0.005984451990214959,0.0943882667582815,1.3488228516229537,14.290153828940923,-1.601651916802278,0.888171643520068,0.6640642157240143,0.004586431136570426,0.14352022770205336,0.0457486749114477,true
6.175,10.104806743062236,0.060205689730173984,0.2228321304532767,0.2916089972445949,-0.00022719400725074642,-0.005254063046362636,0.0019747898513688186,-0.000573675007676042,-0.0014011148436927764,0.005958123817806812,0.09428982087667123,1.3483866660841237,14.30044784842449,-1.6079501743266942,0.8961771295546407,0.6673903484859911,0.004549980859601611,0.1428929840959892,0.04555603099145921,true
6.225,10.104806743062236,0.05993387246580412,0.22474907993333598,0.29299306407007486,-0.00022876608445582288,-0.005250424962964597,0.00200187804789435,-0.0006027544182493234,-0.0013991236296450266,0.0059312240193958735,0.09418978589347773,1.347945368221464,14.310950549838799,-1.6143431088217945,0.9041940642823868,0.6706816876128627,0.00451326287920805,0.14225797190957715,0.04536091964708478,true
6.275,10.104806743062236,0.059656274694961396,0.22665235568464903,0.2943649496197641,-0.00023029758478632453,-0.005246745086743964,0.002028628313639081,-0.0006316463077510672,-0.0013969820058880138,0.005903752165861088,0.09408814989079749,1.3474989484386137,14.321664843049582,-1.620831653490744,0.9122222871193999,0.6739384337019062,0.004476282918675691,0.14161521610572048,0.04516334667269466,true
6.325,10.104806743062236,0.05937289574773588,0.22854126642703765,0.2957239300143288,-0.00023178737186354664,-0.0052430235718522586,0.0020550350984056935,-0.0006603452441222759,-0.0013946898542834176,0.005875708190906289,0.09398490119164159,1.3470473984682163,14.3325936548201,-1.627416740268769,0.9202616337709849,0.6771607914140779,0.004439046899774474,0.14096474525504143,0.04496331897596288,true
6.375,10.104806743062236,0.05908373828235389,0.23041511478950288,0.29706927697147767,-0.00023323432975301382,-0.005239260586879143,0.0020810930718015083,-0.0006888459169922781,-0.0013922471548092302,0.005847092357597006,0.0938800283259362,1.3465907109950765,14.3437399307117,-1.634099304617925,0.928311935422372,0.6803489689750791,0.0044015609158226995,0.14030659129072726,0.04476084450829224,true
6.425,10.104806743062236,0.058788807985023825,0.23227319694835977,0.29840025732206127,-0.00023463736614989398,-0.005235456314988459,0.002106797138267462,-0.0007171431465926211,-0.0013896539916748406,0.00581790522865636,0.09377351995174267,1.3461288794012647,14.355106645180898,-1.6408802898506936,0.9363730190437297,0.6835031781349414,0.004363831204483765,0.13964078901229418,0.04455593211158994,true
6.475,10.104806743062236,0.0584881134925225,0.2341148025830042,0.2997161329115568,-0.0002359954129940649,-0.005231610954137596,0.002132142427499995,-0.0007452318803650133,-0.0013869105471349817,0.005788147658803995,0.09366536498897575,1.3456618974678727,14.366696778753328,-1.6477606482427378,0.9444447022972066,0.6866236320465705,0.0043258641513593005,0.1389673768461486,0.0443485917703267,true
6.525,10.104806743062236,0.05818166657209881,0.23593921545163576,0.30101616121774366,-0.00023730742435059852,-0.005227724717321136,0.002157124265929677,-0.0007731071799303123,-0.0013840170859993647,0.005757820812559846,0.09355555242005842,1.3451897598252758,14.37851335413488,-1.654741339986281,0.952526800201449,0.6897105477512222,0.0042876662779299315,0.13828639569260215,0.044138834232256376,true
6.575,10.104806743062236,0.057869482448905996,0.2377457145380813,0.302299596607683,-0.0002385723734715571,-0.005223797832758354,0.0021817381462809053,-0.0008007642068613245,-0.0013809739394195807,0.005726926196647755,0.09344407147460645,1.3447124620010942,14.39055940928817,-1.6618233297026812,0.9606191218382081,0.6927641447446532,0.004249244268296884,0.13759789000900266,0.04392667135751867,true
6.625,10.104806743062236,0.057551580104415447,0.23953357536961506,0.30356569176548226,-0.0002397892517100655,-0.005219830543948714,0.0022059797127031815,-0.0008281982160663641,-0.0013777814966368174,0.005695465689527337,0.09333091164872562,1.3442300006705685,14.40283799787488,-1.6690075836365028,0.9687214723311505,0.6957846455896386,0.004210604979460915,0.13690190792011572,0.04371211615067964,true
6.675,10.104806743062236,0.057227982407327495,0.24130207101009277,0.3048136987300122,-0.0002409570706784239,-0.005215823109571477,0.0022298447682274443,-0.0008554045603039534,-0.0013744402079234907,0.005663441554349282,0.09321606273572612,1.3437423737327097,14.41535218605307,-1.6762950684829,0.9768336534094882,0.6987722759583422,0.004171755444737741,0.13619850137682812,0.043495182812027945,true
6.725,10.104806743062236,0.056898716049247774,0.2430504724674949,0.306042869259825,-0.00024207486682299473,-0.0052117758032818725,0.0022533292970221244,-0.0008823787021947409,-0.0013709505948273836,0.005630856432589701,0.09309951482285835,1.3432495802561544,14.428105053092626,-1.6836867522037755,0.9849554632587898,0.701727264404509,0.004132702865984151,0.13548772610298646,0.04327588672329306,true
6.775,10.104806743062236,0.056563811370221775,0.24477804864897973,0.30725245469171336,-0.00024314170607016487,-0.005207688913510807,0.0022764294861479955,-0.0009091162261183721,-0.0013673132600296235,0.005597713326784542,0.09298125826403404,1.3427516203576337,14.441099695001888,-1.6911836060105383,0.9930866958366231,0.7046498419514541,0.0040934545993884085,0.13476964139802458,0.043054244388190256,true
6.825,10.104806743062236,0.05622330220638431,0.24648406627066688,0.3084417057604537,-0.00024415668649007695,-0.005203562743368051,0.0022991417343424954,-0.000935612843700629,-0.0013635288906418664,0.0055640155854525504,0.09286128365188934,1.3422484950977234,14.454339228493039,-1.6987866061990093,1.0012271401469297,0.7075402416863036,0.0040540181422226915,0.13404430993948327,0.042830273372493365,true
6.875,10.104806743062236,0.05587722585355803,0.24816779010722156,0.30960987281047253,-0.00024511893851866156,-0.005199397610685492,0.0023214626455986685,-0.0009618643916705485,-0.00135959825392812,0.005529766899492882,0.09273958180923932,1.3417402064521564,14.467826792793275,-1.7064967348394569,1.0093765799231627,0.7103986985179845,0.004014401125929822,0.13331179770421817,0.04260399228081356,true
6.925,10.104806743062236,0.05552562315199575,0.24982848369658917,0.3107562065197149,-0.0002460276238850559,-0.005195193848161031,0.002343389014925155,-0.0009878668257066582,-0.0013555221892184966,0.0054949713105714336,0.09261614380439354,1.3412267573633763,14.48156554861606,-1.714314979167723,1.0175347938365333,0.7132254491262193,0.00397461131607453,0.13257217403069285,0.042375420777311205,true
6.975,10.104806743062236,0.055168538621613666,0.25146541031582004,0.3118799589203627,-0.0002468819349261186,-0.0051909518035265665,0.0023649178165446624,-0.0010136162153938837,-0.0013513016011507787,0.005459633224503904,0.09249096097915827,1.340708151829565,14.495558675530223,-1.722242330321658,1.025701555994519,0.7160207320059618,0.003934656615399358,0.13182551175184987,0.042144579628532255,true
7.025,10.104806743062236,0.05480602056075777,0.2530778339164763,0.3129803843641006,-0.0002476810952962904,-0.005186671839678456,0.002386046200525569,-0.001039108743336025,-0.001346937457189544,0.005423757421029999,0.09236402497271501,1.3401843949768195,14.509809369748877,-1.7302797823112532,1.033876636362209,0.7187847874756373,0.0038945450651454118,0.13107188729765148,0.041911490736914726,true
7.075,10.104806743062236,0.054438121062984166,0.25466501981182355,0.3140567402024492,-0.00024842436190252376,-0.005182354334752191,0.002406771496924593,-0.0010643407080219531,-0.0013424307889026398,0.005387349055474052,0.09223532773120628,1.3396554930822364,14.524320843595662,-1.7384283317672182,1.042059800873728,0.7215178575746787,0.0038542848419344947,0.1303113807086094,0.04167617714662457,true
7.125,10.104806743062236,0.05406489596605919,0.2562262351207088,0.31510828719369843,-0.00024911102713570275,-0.005177999682159988,0.0024270912220993018,-0.0010893085278079018,-0.0013377826942914,0.00535041365369794,0.092104861504464,1.3391214535521787,14.539096326498209,-1.7466889784099406,1.0502508112494913,0.7242201858647632,0.0038138842508094848,0.12954407557115044,0.04143866302506994,true
7.175,10.104806743062236,0.053686404784321365,0.2577607491336827,0.31613428982472114,-0.000249740420541471,-0.005173608290616399,0.0024470030820344076,-0.0011140087434339508,-0.0013329943386004568,0.005312957105407425,0.09197261883887987,1.3385822848877844,14.55413906646226,-1.7550627257335307,1.058449424725067,0.7268920172097807,0.003773351717195185,0.1287700589294345,0.041198973637053646,true
7.225,10.104806743062236,0.05330271066767383,0.2592678337756412,0.317134016742408,-0.00025031190965682,-0.005169180584157395,0.002466504971031861,-0.0011384380182245246,-0.0013280669528073362,0.005274985660093939,0.09183859257537759,1.338037996666193,14.569452330924854,-1.7635505814276797,1.0666553938913845,0.7295335976007239,0.0037326957802295796,0.12798942122591805,0.040957135327890214,true
7.275,10.104806743062236,0.052913880398530476,0.2607467642314272,0.31810674136592265,-0.00025082490034394395,-0.005164717002136282,0.0024855949675231747,-0.0011625931368293573,-0.0013230018306938174,0.0052365059267323565,0.09170277585525816,1.3374885995486976,14.585039406656163,-1.7721535573558558,1.074868466721584,0.7321451740460067,0.003691925088223206,0.12720225628577156,0.04071317552018036,true
7.325,10.104806743062236,0.052519984407574,0.26219681967877284,0.3190517426158815,-0.00025127883714187076,-0.005160217999169463,0.0025042713299060406,-0.0011864710039487763,-0.0013178003259572643,0.005197524875340462,0.09156516213085096,1.3369341053056711,14.600903599068921,-1.78087266925056,1.083088386710144,0.7347269944988087,0.0036510483953061616,0.12640866132615083,0.04046712271833354,true
7.375,10.104806743062236,0.05212109678086113,0.26361728402474366,0.3199683056438766,-0.00025167320392236527,-0.005155684045014621,0.0025225324942144012,-0.0012100686439548201,-0.001312463850259581,0.005158049837682098,0.09142574517557675,1.3363745268403588,14.617048231588871,-1.7897089364205878,1.091314893005967,0.7372793077820086,0.0036100745577564855,0.12560873695874078,0.04021900651099051,true
7.425,10.104806743062236,0.0517172952431772,0.26500744657689257,0.320855722487032,-0.0002520075248208225,-0.005151115624380085,0.002540377073487244,-0.0012333832013512306,-0.0013069938721360134,0.005118088505619891,0.09128451909027922,1.3358098781998295,14.633476645461982,-1.79866338166046,1.0995477204605084,0.7398023634869689,0.0035690125291423865,0.12480258716780059,0.039968857565815266,true
7.475,10.104806743062236,0.05130866112130031,0.26636660265026635,0.3217132926500853,-0.0002522813652048306,-0.005146513236675746,0.0025578038575924337,-0.0012564119414553306,-0.001301391916137103,0.00507764892747977,0.09114147830609254,1.3352401745743108,14.65019219997723,-1.80773703134762,1.1077865995979774,0.7422964118506424,0.003527871354423672,0.12399031926594738,0.03971670761733649,true
7.525,10.104806743062236,0.05089527929940506,0.2676940541568366,0.3225403236673797,-0.0002524943324632471,-0.005141877395720039,0.0025748118124418367,-0.0012791522507674985,-0.0012956595616743381,0.00503673950363759,0.0909966175862969,1.3346654322914422,14.667198272789738,-1.816930915610817,1.11603125656389,0.7447617036297726,0.0034866601636434893,0.1231720438419743,0.039462589452319854,true
7.575,10.104806743062236,0.050477238177103506,0.2689891102208083,0.3233361316931278,-0.00025264607659057376,-0.005137208629413639,0.0025914000782663567,-0.0013016016368563165,-0.0012897984414100402,0.004995368982366753,0.0908499320293689,1.3340856688132754,14.684498260075832,-1.8262460684405328,1.1242814131000656,0.7471984899868285,0.0034453881658195453,0.12234787471323964,0.03920653689657488,true
7.625,10.104806743062236,0.05005462963209331,0.2702510878310376,0.32410004213174337,-0.0002527362906385877,-0.005132507479386058,0.002607567967377741,-0.0013237577279674876,-0.0012838102394102536,0.004953546456141761,0.09070141707364104,1.3335009027386193,14.702095576477506,-1.8356835277027594,1.132536786560222,0.7496070223910577,0.0034040646431744283,0.12151792888477553,0.03894858480384929,true
7.675,10.104806743062236,0.0496275489824998,0.2714793125136374,0.3248313902894888,-0.0002527647111374027,-0.005127774500619941,0.002623314961947286,-0.0013456182726194182,-0.0012776966893278678,0.004911281357911482,0.09055106850281729,1.332911153807543,14.719993654918303,-1.8452443351042105,1.1407970899434992,0.7519875525271269,0.0033626989454682292,0.1206823265106125,0.03868876904541644,true
7.725,10.104806743062236,0.04919609494368478,0.27267311900124536,0.3255295220215333,-0.0002527311185310642,-0.0051230102610587275,0.002638640712050581,-0.0013671811393100879,-0.0012714595727404932,0.004868583456824829,0.09039888245126068,1.332316442904607,14.73819594642596,-1.8549295361676728,1.149062031918967,0.7543403322032897,0.0033213004841616696,0.1198411908512282,0.03842712649844839,true
7.775,10.104806743062236,0.04876036957697845,0.2738318518863531,0.32619379436041723,-0.00025263533761796177,-0.005118215341204328,0.0026535450338667655,-0.0013884443162800525,-0.001265100717586713,0.004825462853157125,0.09024485540838104,1.3317167920588076,14.756705920048836,-1.8647401802536878,1.157331316832847,0.756665613257005,0.0032798787262610105,0.1189946482235298,0.03816369503204506,true
7.825,10.104806743062236,0.048320478232141244,0.2749548662624561,0.3268235761302132,-0.0002524772379594902,-0.005113390333709752,0.0026680279077777977,-0.0014094059112039104,-0.0012586219965738873,0.004781929972615968,0.09008898422230395,1.3311122244417288,14.775527062854552,-1.8746773206091767,1.1656046447064876,0.7589636474606468,0.003238443187940998,0.11814282794460702,0.03789851349128832,true
7.875,10.104806743062236,0.04787652948566509,0.27604152836163653,0.3274182485559215,-0.00025225673421173277,-0.005108535842969369,0.0026820894762948954,-0.0014300641507728402,-0.0012520253255220552,0.0047379955602353495,0.08993126610324292,1.3305027643649177,14.794662879954046,-1.884742014423505,1.1738817112372368,0.7612346864308148,0.003197003428049074,0.1172858622716707,0.03763162168007982,true
7.925000000000001,10.104806743062236,0.04742863507577849,0.2770912161937824,0.32797720587422463,-0.00025197378639952727,-0.005103652484706122,0.00269573004178329,-0.001450417380152927,-0.0012453126616303628,0.004693670673943573,0.08977169862698368,1.329888437276675,14.81411689448567,-1.8949353228812873,1.1821622078049978,0.7634789815419091,0.0031555690415571973,0.1164238863403891,0.03736306034347009,true
7.975,10.104806743062236,0.04697690983489419,0.2781033201870443,0.3284998559447758,-0.00025162840012349325,-0.005098740885551765,0.002708950064133967,-0.001470464062393134,-0.0012384860017408332,0.004648966677878093,0.0896102797383188,1.3292692697598207,14.833892647602168,-1.905258311197661,1.1904458214896874,0.7656967838452027,0.003114149653001342,0.11555703810088509,0.03709287114921503,true
8.025,10.104806743062236,0.04652147161826489,0.279077243824677,0.32898562085784444,-0.0002512206267156103,-0.00509380168261596,0.0027217501584544793,-0.0014902027778195466,-0.0012315473806349328,0.004603895235325073,0.08944700775466963,1.32864528952835,14.853993698397222,-1.9157120486537942,1.1987322350808387,0.7678883439882098,0.0030727549098686197,0.11468545825252405,0.036821096668955305,true
8.075,10.104806743062236,0.04606244122810904,0.2800124042739241,0.32943393753299643,-0.00025075056334927906,-0.0050888355230389835,0.0027341310927811373,-0.0015096322234174628,-0.0012244988693636744,0.0045584683012106705,0.08928188136947171,1.328016525422921,14.874423623839672,-1.926297608642077,1.2070211270840403,0.7700539121357336,0.00303139447588594,0.11380929017533413,0.036547780358319654,true
8.125,10.104806743062236,0.0455999423332075,0.2809082330054761,0.32984425830772746,-0.0002502183530886534,-0.005083843063523433,0.002746093785811244,-0.001528751212201393,-0.001217342573609851,0.004512698114144097,0.08911489965548472,1.3273830074044968,14.895186018680556,-1.9370160687251499,1.2153121717171942,0.772193737890838,0.002990078024216971,0.1129286798589234,0.03627296653623812,true
8.175,10.104806743062236,0.04513410138451521,0.2817641764038349,0.3302160515162701,-0.00024962418490193913,-0.005078824969840726,0.0027576393045371985,-0.0015475586725141094,-0.0012100806320230891,0.004466597188066304,0.08894606206794271,1.3267447665473717,14.916284495359884,-1.9478685106967952,1.2236050389027773,0.7743080702175051,0.0029488152306093043,0.11204377582859876,0.03599670036334712,true
8.225,10.104806743062236,0.044665047526968586,0.2825796963687651,0.3305488020582201,-0.0002489682936275065,-0.005073781916308499,0.0027687688617943447,-0.0015660536472604132,-0.0012027152145339315,0.004420178303522207,0.0887753684473372,1.3261018350319107,14.937722683951156,-1.958856020645503,1.2318993942660559,0.7763971573675179,0.0029076157664866967,0.11115472906774415,0.03571902781917507,true
8.275,10.104806743062236,0.04419291250754402,0.28335427090715615,0.33084201195680085,-0.00024825095989325146,-0.005068714585236019,0.0027794838137262514,-0.0015842352930773816,-0.0011952485206488698,0.004373454498561887,0.08860281902202621,1.325454246136562,14.959504232106438,-1.9699796890214845,1.2401948991332281,0.7784612468099071,0.0028664892920036143,0.11026169293751385,0.03543999567845256,true
8.325,10.104806743062236,0.04371783057986263,0.28408739471472644,0.3310952009059296,-0.00024747250999256266,-0.005063623666336183,0.002789785657183964,-0.0016021028794489195,-0.0011876827777350444,0.004326439059300015,0.08842841441053743,1.3248020342298013,14.981632805031198,-1.9812406107026335,1.2484912105349024,0.780500585164247,0.0028254454490768987,0.10936482309331079,0.03515965148636421,true
8.375,10.104806743062236,0.04323993840534861,0.28477857974551113,0.3313079068043488,-0.00024663331570378306,-0.005058509856103702,0.002799676027105077,-0.0016196557877873427,-0.0011800202393177342,0.0042791455101342055,0.08825215562366553,1.3241452347616132,15.004112085467664,-1.992639885061685,1.2567879812079987,0.782515418135981,0.0027844938544015806,0.10846427739863405,0.03487804353293346,true
8.425,10.104806743062236,0.04275937495071356,0.2854273557685485,0.33147968627636976,-0.0002457337940542635,-0.005053373857160746,0.0028091566938748718,-0.0016368935104828673,-0.0011722631833920045,0.004231587603599774,0.08807404406643364,1.3234838842537078,15.026945773665316,-2.0041786160420583,1.2650848595944781,0.7845059904533911,0.002743644092442346,0.10756021583669381,0.03459522082667764,true
8.475,10.104806743062236,0.04227628138260464,0.2860332709113393,0.331610115178967,-0.00024477440702302993,-0.005048216377571348,0.00281822956067774,-0.0016538156499247515,-0.0011644139107529886,0.004183779309943826,0.0878940815399457,1.3228180202896413,15.050137587346573,-2.0158579122285247,1.2733814898367763,0.7864725458062064,0.00270290570844979,0.10665280042007193,0.03431123306760362,true
8.525,10.104806743062236,0.041790800958669924,0.28659589218900905,0.3316987890943153,-0.0002437556611840984,-0.005043038130127448,0.002826896660825768,-0.0016704219174872813,-0.0011564747433384867,0.00413573480634478,0.08771227024323965,1.3221476815029818,15.073691261626935,-2.0276788869311706,1.2816775117655268,0.7884153267848457,0.0026622882014640183,0.1057421950989455,0.03402613061973398,true
8.575,10.104806743062236,0.04130307891581715,0.2871148060187545,0.3317453238071212,-0.00024267810730146307,-0.005037839831608608,0.0028351601550462117,-0.0016867121324709046,-0.0011484480225753071,0.004087468465854139,0.08752861277497725,1.3214729075652782,15.09761054893654,-2.039642658266363,1.2899725608860895,0.7903345748218961,0.002621801017351548,0.10482856566724463,0.033739964482932906,true
8.625,10.104806743062236,0.040813262355681515,0.2875896187186706,0.33174935576582976,-0.0002415423398691175,-0.0050326222020170615,0.00284302232872692,-0.0017026862209975993,-0.0011403361077293207,0.0040389948460620596,0.08734311213497672,1.3207937391734557,15.121899218937278,-2.0517503492388247,1.298266268363486,0.792230530135707,0.002581453541872462,0.10391207966685219,0.03345278626406954,true
8.675,10.104806743062236,0.04032150012713956,0.28801995699057215,0.33171054252733645,-0.00024034899660572412,-0.005027385963790069,0.0028504855891084793,-0.0017183442148543866,-0.0011321413742540927,0.003990328677470603,0.08715577172557969,1.3201102180361903,15.146561058431269,-2.0640030878300757,1.3065582610070765,0.7941034316763753,0.002541255093772487,0.10299290628988618,0.03316464814753467,true
8.725,10.104806743062236,0.03982794270641635,0.2884054683853354,0.3316285631837386,-0.00023909875789694356,-0.005022131840989962,0.002857552462442056,-0.0017336862502939686,-0.0011238662121480876,0.003941484851628799,0.08696659535284829,1.3194223868600796,15.171599871270189,-2.0764020070840474,1.3148481612534695,0.795953517073734,0.002501214917932678,0.10207121627918907,0.03287560286513763,true
8.775,10.104806743062236,0.03933274207470301,0.28874582175099406,0.33150311877146804,-0.0002377923461828867,-0.00501686055847283,0.002864225591120519,-0.001748712566796116,-0.001115513024324403,0.003892478409021341,0.08677558722758884,1.3187302893349444,15.197019478258008,-2.088948245197515,1.3231355871495853,0.797781022587744,0.0024613421785650504,0.10114718182708346,0.03258570366540849,true
8.825,10.104806743062236,0.038836051593533455,0.28904070766272844,0.33133393266209543,-0.00023643052529903223,-0.005011572841035925,0.0028705077307723207,-0.0017634235057842282,-0.0011070842249880925,0.0038433245267355098,0.08658275196632237,1.3180339701183734,15.222823717026714,-2.1016429456112107,1.3314201523320632,0.7995861830604011,0.002421645952479014,0.10022097647306688,0.03229500428251885,true
8.875,10.104806743062236,0.03833802587803119,0.28928983883361176,0.3311207509335653,-0.00023501409976551746,-0.00500626941254368,0.002876401747322623,-0.001777819509299132,-0.0010985822380234907,0.003794038505917328,0.08638809459202308,1.3173334748197914,15.249016441918739,-2.114487257102621,1.3397014660078168,0.8013692318701958,0.0023821352224159677,0.09929277499972383,0.03200355890458163,true
8.925,10.104806743062236,0.037838820668295914,0.2894929505064968,0.3308633427221789,-0.00023354391403544795,-0.0050009509950322585,0.0028819106140037815,-0.0017919011186210414,-0.0010900094953827401,0.003744635759043617,0.08619162053476259,1.3166288499839753,15.275601523850638,-2.1274823338780116,1.347979132933526,0.8031304008885762,0.00234281887047252,0.09836275332760673,0.03171142214157139,true
8.975,10.104806743062236,0.03733859269886128,0.28964980082512126,0.33056150055351796,-0.00023202085170540075,-0.004995618307791895,0.002887037408306166,-0.001805668972834824,-0.001081368435471342,0.003695131797003167,0.08599333563205794,1.3159201430742515,15.302582850195687,-2.1406293356659174,1.3562527533986881,0.804869920439341,0.0023037056716058227,0.09743108840827973,0.03141864899259935,true
9.025,10.104806743062236,0.03683749956654714,0.2897601711851675,0.33021504065253626,-0.0002304458346739654,-0.004990272066426822,0.002891785308916551,-0.0018191238073621604,-0.0010726615015543908,0.00364554221601903,0.08579324612888024,1.3152074024552913,15.329964324692433,-2.1539294278142793,1.3645219232175325,0.8065880192619366,0.0022648042872229894,0.09649795811547199,0.031125294812524545,true
9.075,10.104806743062236,0.03633569959697456,0.2898238665639864,0.329823803232766,-0.0002288198222528604,-0.0049849129818926256,0.0028961575926467133,-0.0018322664524619543,-0.001063891140184759,0.0035958826844384676,0.08559135867773812,1.3144906773750962,15.35774986730043,-2.167383781385794,1.3727862337117502,0.808284924474767,0.00222612325889335,0.09556354113632567,0.030831415278545583,true
9.125,10.104806743062236,0.03583335170970266,0.2898407158288877,0.3293876527635977,-0.00022714381023136889,-0.0049795417595112045,0.002900157631359645,-0.00184509783170276,-0.001055059799656885,0.0035461689293865162,0.08538768033845882,1.3137700179463363,15.385943414071305,-2.1809935732588963,1.3810452717007988,0.8099608615420025,0.002187671002157808,0.09462801686114121,0.030537066356252,true
9.175,10.104806743062236,0.035330615282439776,0.28981057202332183,0.3289064782160508,-0.00022541882988453226,-0.004974159097963501,0.0029037888889224548,-0.0018576189604220252,-0.0010461699285004295,0.003496416723327944,0.08518221857813806,1.3130454751265577,15.414548916944383,-2.194759986228206,1.3892986194796748,0.8116160542396961,0.0021494558004770846,0.09369156527382044,0.030242304265850235,true
9.225,10.104806743062236,0.03482765001417925,0.2897333126307095,0.32838019328608803,-0.0002236459469428865,-0.004968765688261137,0.002907054918147914,-0.0018698309441532782,-0.001037223973994636,0.0034466418705227826,0.08497498127098933,1.3123171006972747,15.443570343513603,-2.208684209110861,1.3975458547961004,0.8132507246237165,0.002111485799300198,0.0927543668418802,0.02994718544819665,true
9.275,10.104806743062236,0.0343246157878101,0.2896088398152967,0.32780873659519827,-0.00022182626051936533,-0.0049633622126971115,0.0029099593577420974,-0.001881734977030087,-0.0010282243807120104,0.0033968601934298956,0.08476597669804974,1.3115849472428525,15.473011676783155,-2.2227674368492534,1.4057865508280938,0.8148650929996357,0.0020737690002795147,0.09181660240599371,0.02965176653061132,true
9.325,10.104806743062236,0.03382167253204258,0.2894370806393488,0.32719207186738825,-0.0002199609020004796,-0.004957949343776561,0.002912505929236393,-0.0018933323401560949,-0.001019173589080298,0.0033470875190427453,0.08455521354690566,1.3108490681281186,15.50287691486872,-2.2370108706183194,1.4140202761554184,0.8164593778932576,0.0020363132556279365,0.09087845306983452,0.029356104292733134,true
9.375,10.104806743062236,0.03331898008301731,0.28921798725651204,0.3265301880822422,-0.00021805103391037974,-0.004952527743128262,0.0029146984338879124,-0.0019046243999330619,-0.0010100740339548506,0.0032973396651938425,0.08434270091109147,1.3101095174761197,15.533170070723143,-2.2514157179297634,1.4222465947377103,0.8180337960242573,0.001999126262627372,0.08994010008887929,0.029060255631963825,true
9.425,10.104806743062236,0.03281669804569,0.28895153708065313,0.3258230996034075,-0.00021609784874096353,-0.004947098060397314,0.0029165407495713755,-0.0019156126063585527,-0.0010009281432128228,0.003247632426836991,0.08412844828934922,1.3093663501451158,15.563895171841455,-2.2659831927390806,1.4304650658936995,0.8195885622817212,0.001962215558290472,0.08900172475908642,0.02876427752880584,true
9.475,10.104806743062236,0.03231498565506723,0.2886377329294837,0.3250708462817724,-0.0002141025677583389,-0.004941660932120069,0.0029180368276414633,-0.0019262984912827535,-0.0009917383363587098,0.003197981562314793,0.08391246558450256,1.3086196217054953,15.59505625999838,-2.2807145155540507,1.4386752442881205,0.8211238897027409,0.0019255885141760117,0.08806350830455564,0.02846822701179542,true
9.525,10.104806743062236,0.031814001637707395,0.288276603143359,0.32427349353367185,-0.00021206643977453657,-0.00493621698058153,0.0029191906898080877,-0.001936683666645735,-0.0009825070231623528,0.0031484027796523937,0.08369476310213973,1.3078693884162225,15.626657390978213,-2.295610913544309,1.4468766799230668,0.8226399894532962,0.0018892523313731272,0.08712563176513681,0.028172161122346964,true
9.575000000000001,10.104806743062236,0.03131390407364899,0.2878682016785894,0.3234311323942359,-0.00020999073987880478,-0.0049307668126562345,0.0029200064250489463,-0.0019467698227077549,-0.0009732366023411914,0.0030989117228935143,0.0834753515492876,1.3071157072003932,15.65870263425741,-2.3106736206521905,1.4550689181225545,0.8241370708092731,0.0018532140356666998,0.08618827588485084,0.027876136879790587,true
9.625,10.104806743062236,0.030814850258971162,0.2874126081756657,0.3225438795458949,-0.00020787676813132744,-0.004925311018633669,0.00292048818656396,-0.0019565587262752454,-0.0009639294602887148,0.003049523958499062,0.08325424203279747,1.3063586356205366,15.691196072698675,-2.3259038777048704,1.4632514995270438,0.8256153411406792,0.0018174804728793746,0.08525162100008708,0.027580211246259784,true
9.675,10.104806743062236,0.030316996569198416,0.28690992800177195,0.321611877322208,-0.000205725848225331,-0.004919850171029111,0.00292064018876482,-0.001966052218919631,-0.0009545879698451892,0.0030002549618292776,0.08303144605839284,1.3055982318512982,15.724141802048358,-2.3413029325297607,1.4714239600521886,0.8270750058907457,0.0017820583044254874,0.08431584693150398,0.02728444109272229,true
9.725,10.104806743062236,0.029820498323559756,0.28636029226726156,0.3206352936858459,-0.00020353932612043264,-0.0049143848233812425,0.0029204667042876057,-0.0019752522151832534,-0.0009452144891043523,0.0029511201037104376,0.0828069755290446,1.3048345546528075,15.75754393052474,-2.356872040070321,1.4795858308720071,0.8285162685609456,0.0017469540030393387,0.083381132874301,0.026988883164393303,true
9.775,10.104806743062236,0.029325509650451307,0.2857638578162218,0.3196143221812301,-0.00020131856866244767,-0.00490891550903723,0.002919972060992586,-0.0019841607007547867,-0.0009358113602377992,0.0029021346371206585,0.08258084274356457,1.3040676633426478,15.791406578304413,-2.3726124625026426,1.4877366383858777,0.8299393306944823,0.0017121738487137317,0.08244765729058587,0.026693594046756274,true
9.825000000000001,10.104806743062236,0.028832183354184193,0.28512080719017663,0.3185491818601329,-0.00019906496220052907,-0.0049034427399261915,0.002919160638925027,-0.0019927797306011036,-0.0009263809083239235,0.002853313684002894,0.08235306039478331,1.3032976177684819,15.825733877050181,-2.388525469345865,1.495875904196722,0.8313443918631165,0.0016777239248429493,0.08151559780142205,0.026398630131388552,true
9.875,10.104806743062236,0.0283406707833087,0.28443134856548136,0.31744011718099086,-0.00019677991118039628,-0.0048979670053211355,0.0029180368672925353,-0.0020011114270834392,-0.000916925440209096,0.002804672222233924,0.08212364156722061,1.302524478280949,15.86052996949477,-2.404612337574088,1.5040031451052314,0.8327316496579537,0.001643610114558458,0.08058513107835463,0.026104047581529823,true
9.925,10.104806743062236,0.027851121700608553,0.28369571566392293,0.3162873978819255,-0.00019446483672320568,-0.004892488770590863,0.0029166052214481715,-0.002009157978052948,-0.0009074472433952237,0.002756225072758625,0.08189259973452197,1.3017483057064174,15.89579900902405,-2.420874351727403,1.5121178731058802,0.8341012996815352,0.0016098380972754639,0.07965643273565873,0.02580990229779982,true
9.975,10.104806743062236,0.02736368415505297,0.28291416763727445,0.315091318827874,-0.00019212117518789806,-0.004887008475942351,0.002914870219896739,-0.0020169216349345785,-0.0008979485849621603,0.002707986886917985,0.08165994875694145,1.3009691613191046,15.93154515919919,-2.437312804019816,1.520219595379745,0.8354535355403513,0.0015764133454662422,0.0787296772245058,0.02551624988445669,true
10.025,10.104806743062236,0.02687850435592904,0.2820869889257222,0.31385219983256607,-0.0001897503767023096,-0.0048815265351548065,0.0029128364213743593,-0.00202440471082496,-0.0008884317105493991,0.002659972133992894,0.08142570287817759,1.300187106813723,15.967772593365948,-2.453928994450568,1.5283078143073774,0.8367885488415923,0.0015433411216309776,0.07780503772649276,0.025223145615357077,true
10.075000000000001,10.104806743062236,0.02639572654933839,0.2812144890901953,0.3125703854552825,-0.00018735390367320166,-0.004876043334307129,0.002910508421984553,-0.0020316095785966183,-0.0008788988433879345,0.002612195088981903,0.08118987672315459,1.2994022042752698,16.004485493998693,-2.470724230912912,1.5363820274355724,0.8381065291831122,0.0015106264755281884,0.07688268605269108,0.02493064440164271,true
10.125,10.104806743062236,0.025915492897198543,0.28029700261954915,0.31124624477346663,-0.0001849332292817766,-0.004870559230499798,0.0029078908523779566,-0.002038538669002659,-0.0008693521833752975,0.0025646698206268632,0.08095248529507428,1.2986145161502423,16.04168805215495,-2.4876998292974144,1.5444417274761095,0.8394076641496883,0.0014782742416180265,0.07596279254190316,0.024638800759069553,true
10.175,10.104806743062236,0.025437943358959682,0.27933488871199585,0.3098801711304011,-0.00018248983597139522,-0.004865074550572856,0.0029049883749632313,-0.0020451944687762606,-0.0008597939061869707,0.0025174101797072845,0.08071354397304356,1.2978241052152986,16.079384466735117,-2.5048571135994657,1.552486402266484,0.8406921393040212,0.0014462890367452571,0.07504552596310136,0.02434766877662634,true
10.225,10.104806743062236,0.024963215576066136,0.2783285310306407,0.3084725818576457,-0.0001800252139369895,-0.00485958958982103,0.002901805681122685,-0.00205157951871213,-0.000850226162410555,0.002470429787606319,0.08047306850920433,1.2970310345475862,16.117578943808198,-2.5221974160112794,1.5605155347539543,0.8419601381825385,0.0014146752580599536,0.07413105341814706,0.02405730208514157,true
10.275,10.104806743062236,0.024491444759409405,0.277278337433721,0.3070239179723814,-0.0001775408596195414,-0.0048541046107072,0.0028983474884247823,-0.0020576964117263027,-0.0008406510766984796,0.0024237420251727974,0.08023107502537437,1.296235367495551,16.15627569598931,-2.5397220770132427,1.568528602987896,0.8432118422933369,0.0013834370811553632,0.07321954024495922,0.023767753825944933,true
10.325000000000001,10.104806743062236,0.024022763579911344,0.2761847396794189,0.3055346438498848,-0.00017503827420159787,-0.004848619841575178,0.002894618537847477,-0.0020635477909016512,-0.0008310707469458257,0.002377360021893037,0.0799875800100803,1.2954371676485374,16.19547894167172,-2.5574324454581934,1.5765250800964163,0.8444474311124368,0.0013525784584581006,0.0723111499244501,0.023479076620673157,true
10.375,10.104806743062236,0.02355730206245369,0.2750481931062412,0.3040052468719437,-0.00017251896210504462,-0.004843135475363155,0.0028906235910225505,-0.0020691363475245686,-0.0008214872434979818,0.002331296645393805,0.0797426003139602,1.2946364988107653,16.23519290459003,-2.5753298786430796,1.5845044343248416,0.8456670820902951,0.0013221031178222511,0.07140604398408879,0.02319132253986143,true
10.425,10.104806743062236,0.023095187483272512,0.27386917628856733,0.30243623705133227,-0.00016998442948762185,-0.004837651668318834,0.0028863674275215454,-0.0020744648191237166,-0.0008119026083978288,0.00228556449128819,0.07949615314641896,1.2938334249716432,16.275421813035567,-2.593415742377264,1.592466129017505,0.8468709706499984,0.0012920145613939274,0.07050438190855174,0.022904543073777824,true
10.475,10.104806743062236,0.02263654427109122,0.2726481906687124,0.3008281466335251,-0.00016743618273009573,-0.004832168538717883,0.002881854842211062,-0.00207953598752536,-0.0008023188546857018,0.0022401758733914465,0.07924825607124557,1.2930280102793072,16.31616989927012,-2.6116914110339704,1.6004096226360423,0.8480592701916374,0.0012623160646999694,0.06960632104934061,0.022618789102813674,true
10.525,10.104806743062236,0.022181493912074017,0.27138576016632115,0.2991815296772563,-0.00016487572691846776,-0.004826686165587581,0.0028770906426817083,-0.002084352676928308,-0.0007927379657534004,0.00219514281431492,0.07899892700249724,1.2922203190125603,16.35744139881434,-2.630158267603705,1.6083343687735001,0.8492321520964289,0.0012330106759702553,0.06871201653807643,0.022334110868996098,true
10.575000000000001,10.104806743062236,0.021730154858806094,0.2700824307653241,0.2974969616140105,-0.00016230456432887226,-0.004821204587437085,0.0028720796467357913,-0.0020889177519917666,-0.0007831618947440246,0.002150477036458475,0.07874818420079548,1.2914104155532777,16.399240549602826,-2.6488177037181155,1.6162398161311284,0.8503897857257886,0.0012041012157342228,0.06782162120400964,0.022050557948783397,true
10.625,10.104806743062236,0.021282642443177034,0.26873877007854374,0.2957750387860042,-0.00015972419292692834,-0.0048157238009965166,0.0028668266798992465,-0.0020932341159194635,-0.000773592563979783,0.002106189953389191,0.07849604627031075,1.2905983643561876,16.441571590903497,-2.667671119672859,1.62412540846982,0.8515323384174651,0.0011755902766566121,0.06693528549655922,0.02176817922743048,true
10.675,10.104806743062236,0.020839068793324297,0.2673553668902671,0.2940163779628027,-0.00015713610489079884,-0.004810243759965999,0.0028613365729313594,-0.0020973047085272494,-0.00076403186440411,0.002062292661621856,0.07824253215338708,1.2897842299262878,16.484438762766366,-2.68671992442172,1.6319905846587166,0.8526599754964325,0.001147480223569813,0.06605315740268988,0.02148702287154522,true
10.725,10.104806743062236,0.02039954275462659,0.2659328306768628,0.2922216158364591,-0.00015454178515533534,-0.004804764373776395,0.0028556141593385417,-0.002101132504297669,-0.0007544816550408727,0.002018795932800251,0.07798766112651406,1.2889680767917024,16.527846305080203,-2.705965535573055,1.6398347786607523,0.853772860276874,0.0011197731937544872,0.06517538237183505,0.02120713630404955,true
10.775,10.104806743062236,0.019964169814938246,0.26447179110705576,0.2903914084966992,-0.0001519427099683678,-0.00479928550636325,0.00284966427292178,-0.0021047205104368087,-0.0007449437624849711,0.001975710206298132,0.07773145279554708,1.288149969480249,16.571798456776584,-2.7254093793534127,1.64765741954206,0.8548711540680445,0.0010924710974545438,0.06430210324132059,0.020928566179201972,true
10.825000000000001,10.104806743062236,0.01953305203412653,0.2629728975221076,0.288526430887302,-0.00014934034546029687,-0.004793806974955801,0.0028434917453691822,-0.002108071764939836,-0.0007354199804293464,0.0019330455822460478,0.07747392708989621,1.2873299724975555,16.616299455219472,-2.745052890576653,1.6554579315343607,0.8559550161877587,0.0010655756185744918,0.0634334601615151,0.020651358357447292,true
10.875,10.104806743062236,0.01910628797796441,0.26143681839642335,0.28662737624356804,-0.00014673614623285152,-0.004788328548883286,0.002837101403888284,-0.0021111893346631486,-0.0007259120692251352,0.00189081181498918,0.07721510425788225,1.2865081503031683,16.66135353526819,-2.76489751258787,1.6632357340357562,0.8570246039672943,0.0010390882156411407,0.06256959052803976,0.020375557882500617,true
10.925,10.104806743062236,0.01868397265667138,0.2598642407803254,0.28469495551305957,-0.0001441315539557401,-0.004782849948400072,0.002830498068920209,-0.002114076313425002,-0.0007164217554952068,0.001849018307005172,0.07695500486028291,1.2856845672922246,16.706964928746,-2.7849446971886986,1.6709902416922948,0.8580800727675886,0.0010130101229502335,0.061710628911375444,0.020101208957480157,true
10.975,10.104806743062236,0.018266197468055925,0.25825586972460507,0.2827298967599757,-0.00014152799597442282,-0.004777370843532141,0.002823686551936776,-0.002116735820136057,-0.000706950731800719,0.0018076741032773478,0.0766936497659759,1.2848592877720797,16.753137863339635,-2.805195904542342,1.6787208643796705,0.8591215759817212,0.0009873423519803453,0.060856706996508345,0.019828354924265882,true
11.025,10.104806743062236,0.017853050145564285,0.25661242768978176,0.28073294455533016,-0.00013892688394234658,-0.0047718908529469995,0.0028166716532935345,-0.002119170996947188,-0.0006975006563463464,0.0017667878861534728,0.07643106014618642,1.284032375943664,16.799876561802886,-2.8256526030551443,1.6864270072494403,0.8601492650464528,0.000962085692994602,0.0600079535213511,0.01955703824236463,true
11.075000000000001,10.104806743062236,0.01744461471113945,0.25493465393895665,0.27870485935224587,-0.00013632961247680802,-0.004766409542848788,0.002809458160140004,-0.0021213850074159168,-0.0006880731527240873,0.001726367970680546,0.07616725747007094,1.2832038958820098,16.847185240800226,-2.846316269207642,1.694108070704939,0.8611632894444783,0.0009372407169073203,0.05916449422266715,0.019287300470156112,true
11.125,10.104806743062236,0.017040971432758685,0.25322330391534664,0.27664641684684965,-0.00013373755784990154,-0.004760926425901234,0.002802050844353006,-0.002123381034675054,-0.0006786698096779517,0.0016864223004025966,0.07590226349944723,1.2823739115191581,16.89506810990554,-2.867188387371699,1.7017634504134065,0.8621637967118898,0.0009128077773250924,0.05832645178250674,0.01901918224623004,true
11.175,10.104806743062236,0.016642196786685153,0.2514791486046646,0.27455840732471337,-0.00013115207672072525,-0.004755440960179791,0.0027944544604721726,-0.0021251622795935435,-0.0006692921808786291,0.0016469584436249968,0.07563610028246426,1.2815424866325549,16.943529370850868,-2.888270449581773,1.7093925373730448,0.8631509324528991,0.0008887870127851468,0.05749394577478062,0.018752723270678767,true
11.225,10.104806743062236,0.01624836342428936,0.24970297388300747,0.2724416349932336,-0.0001285745049024012,-0.004749952548155549,0.0027866737436521827,-0.002126731958937214,-0.0006599417847149686,0.0016079835901310206,0.07536879014892918,1.2807096848295472,16.99257321629891,-2.909563955280878,1.7169947178857294,0.8641248403422858,0.0008651783492161096,0.056667092620227524,0.01848796228908675,true
11.275,10.104806743062236,0.01585954014352859,0.2478955798518293,0.27029691730186334,-0.00012600615615747656,-0.004744460535712944,0.002778713407659972,-0.0021280933035441865,-0.0006506201041157856,0.0015695045483593679,0.07510035570255116,1.279875569541225,17.04220382937211,-2.931070411045968,1.7245693736819805,0.8650856621475324,0.0008419815025213483,0.055846005535493064,0.018224937074500125,true
11.325000000000001,10.104806743062236,0.015475791865028224,0.24605778016055763,0.2681250842512348,-0.00012344832102182613,-0.004738964211204069,0.0027705781429274313,-0.0021292495565209237,-0.0006413285864065076,0.0015315277430371047,0.07483081981476583,1.2790402040121238,17.09242538272633,-2.952791330294577,1.7321158819709714,0.8660335377408993,0.0008191959813681993,0.055030794490525815,0.01796368441207476,true
11.375,10.104806743062236,0.015097179612868558,0.2441904013185206,0.2659269776925878,-0.0001209022656578252,-0.00473346280454193,0.002762272614665324,-0.002130203971462514,-0.00063206864320281,0.0014940592132782736,0.07456020561748684,1.2782036512965207,17.143242037904727,-2.9747282329310085,1.7396336155296783,0.8669686051162301,0.0007968210901610609,0.0542215661663679,0.017704240083770653,true
11.425,10.104806743062236,0.014723760500122862,0.24229428199681247,0.26370345061869727,-0.00011836923073910464,-0.004727955486335505,0.002753801461043091,-0.002130959810700387,-0.000622841650342704,0.0014571046111526982,0.07428853649803586,1.2773659742460788,17.19465794402682,-2.996882645006844,1.7471219427091396,0.8678910003952004,0.0007748559321854968,0.05341842392268116,0.017446638856213486,true
11.475,10.104806743062236,0.0143555877192776,0.24037027232190156,0.2614553664475281,-0.00011585043036881808,-0.004722441367068842,0.0027451692914343476,-0.002131520343578086,-0.0006136489478562614,0.0014206692007379428,0.07401583608931177,1.276527235517651,17.246677237791648,-3.0192560982854264,1.754580227642752,0.868800857858298,0.0007532994128878489,0.052621467755185766,0.01719091446512903,true
11.525,10.104806743062236,0.01399271053723026,0.23841923316028008,0.2591835982986622,-0.00011334705103847128,-0.0047169194963272805,0.0027363806847132055,-0.0021318888447484433,-0.0006044918399647622,0.001384757857624282,0.07374212826758136,1.2756874975568766,17.299304041346694,-3.0418501298088523,1.7620078300943292,0.8696983099312656,0.0007321502434098793,0.05183079427825051,0.01693709960804579,true
11.575000000000001,10.104806743062236,0.013635174294807671,0.23644203539571293,0.25688902826282956,-0.0001108602506222319,-0.004711388862073052,0.002727440187613589,-0.0021320685924988893,-0.0005953715951146996,0.0013493750688670337,0.07346743714111392,1.2748468226125678,17.352542462640727,-3.064666281402537,1.7694041057618457,0.8705834872271234,0.000711406944143525,0.05104649668499883,0.016685225929489882,true
11.625,10.104806743062236,0.013283020410902291,0.2344395592002949,0.2545725466671982,-0.00010839115741590063,-0.004705848389973506,0.00271835231312207,-0.0021320628670909187,-0.0005862894460311515,0.0013145249333958965,0.07319178692469878,1.2740052730467482,17.406396626953118,-3.0877060999447914,1.7767684133132886,0.8714565193806678,0.0006910678461749091,0.05026866440137121,0.01643532390511043,true
11.675,10.104806743062236,0.012936286390918534,0.23241269329955652,0.2522350513346566,-0.00010594086923088683,-0.004700296942784222,0.0027091215388721267,-0.0021318749490980672,-0.0005772465897740595,0.001280211162850822,0.07291520240786664,1.273162910101884,17.460870546311828,-3.1109711336910877,1.7841000867077728,0.8723175317789732,0.0006711311045244956,0.04949738436148396,0.016187423260941355,true
11.725,10.104806743062236,0.01259500583958345,0.23036233423310057,0.24987744683973867,-0.00010351045252508938,-0.004694733319790052,0.002699752305595991,-0.0021315081177710753,-0.0005682441878249156,0.0012464370828497969,0.0726377082488924,1.272319795722714,17.515968308954935,-3.1344629362085885,1.7913984759931834,0.8731666504039225,0.0006515946883754003,0.04873273907819339,0.015941552334718553,true
11.775,10.104806743062236,0.012259208477590468,0.22828938561076045,0.24750064376088693,-0.00010110094157170825,-0.004689156256307299,0.002690249015643709,-0.0021309656494357615,-0.0005592833662079475,0.001213205634635952,0.0723593294218524,1.2714759913827587,17.571693954902447,-3.158183062821854,1.7986629209765324,0.8740039987063664,0.0006324563942320639,0.047974807874862656,0.01569773848064263,true
11.825000000000001,10.104806743062236,0.011928920162452165,0.22619475736588338,0.24510555793135136,-9.871333767225463e-5,-0.004683564423250509,0.002680616031560166,-0.0021302508159197374,-0.0005503652156404288,0.0011805193771412135,0.07208009109771625,1.2706315583792305,17.628051505327363,-3.182133070695255,1.8058927577884407,0.8748296983912224,0.0006137138479389011,0.04722366656727995,0.01545600796251881,true
11.875,10.104806743062236,0.01160416291312907,0.22407936500664283,0.2426931096892645,-9.634860840510214e-5,-0.004677956426766802,0.0026708576747435336,-0.00212936688302037,-0.0005414907917231635,0.0011483804894236362,0.07180001863661595,1.269786557838327,17.685044961684344,-3.2063145182008466,1.8130873189932442,0.8756438694333485,0.000595364509007805,0.04647938745468006,0.015216385948892732,true
11.925,10.104806743062236,0.011284954939800043,0.22194412887060672,0.24026422313275225,-9.400768693235946e-5,-0.0046723308079401485,0.002660978224122203,-0.0021283171089834007,-0.0005326611151388024,0.001116790773613565,0.07151913758065906,1.2689410507256924,17.742678304734653,-3.230728964170185,1.8202459336837167,0.876446630091277,0.0005774056751084275,0.04574203931556485,0.014978896509708434,true
11.975,10.104806743062236,0.010971310676901895,0.21978997337703143,0.23781982537264731,-9.169147136319704e-5,-0.004666686042568549,0.00265098191485071,-0.002127104742992677,-0.0005238771718580333,0.001085751658183328,0.07123747364556424,1.268095097858154,17.800955493838106,-3.255377967159088,1.8273679276344144,0.8772380969271151,0.0005598344866089625,0.045011687403719025,0.014743562613005575,true
12.025,10.104806743062236,0.01066324081936959,0.21761782627777215,0.23536084578469352,-8.940082415264075e-5,-0.004661020541017814,0.0026408729370983024,-0.002125733023708523,-0.0005151399133897796,0.0010552642015336676,0.07095505271202983,1.2672487599123268,17.859880466235992,-3.2802630847487513,1.8344526234606626,0.8780183848264091,0.0005426479311678369,0.0442883934468499,0.014510406122465451,true
12.075000000000001,10.104806743062236,0.010360752363079583,0.2154286179112616,0.23288821526662049,-8.71365715467182e-5,-0.004655332648154164,0.0026306554348990542,-0.00212420517784,-0.000506450257059054,0.0010253290959961283,0.07067190081771349,1.2664020974334584,17.919457136152793,-3.305385872796443,1.8414993407457754,0.878787607013898,0.0005258428484343373,0.043572215650071563,0.014279447796518829,true
12.125,10.104806743062236,0.010063848651106844,0.21322328046763445,0.2304028655082584,-8.489950310485805e-5,-0.004649620643356616,0.0026203335049626575,-0.002122524418701231,-0.0004978090862614265,0.0009959466724107798,0.07038804414993965,1.2655551708560788,17.979689393843795,-3.3307478844633045,1.8485073961616902,0.8795458750681061,0.0005094159349367533,0.04286320870446077,0.01405070728905456,true
12.175,10.104806743062236,0.009772529419747072,0.21100274724311646,0.22790572824799202,-8.269037126093795e-5,-0.004643882740614901,0.0026099111955600373,-0.0021206939448087853,-0.0004892172507512519,0.0009671169046807057,0.07010350903450195,1.2647080405145599,18.04058110546399,-3.356350669545507,1.8554761037624223,0.8802932989539939,0.0004933637488168653,0.04216142378899332,0.013824203147989668,true
12.225,10.104806743062236,0.00948679084949883,0.20876795190595804,0.22539773454475875,-8.050989091492218e-5,-0.0046381170887140714,0.0025993925055467675,-0.00211871693855294,-0.0004806755669938276,0.0009388394148173371,0.06981832192725819,1.2638607666510713,18.10213611217774,-3.3821957736961332,1.8624047751414883,0.8810299870398712,0.0004776827147205935,0.0414669085827121,0.013599952817175062,true
12.275,10.104806743062236,0.009206625620083049,0.20651982777076472,0.22287981405949508,-7.835873909092346e-5,-0.004632321771507679,0.0025887813833918474,-0.0021165965648771937,-0.0004721848185146537,0.0009111134783853377,0.06953250940570889,1.2630134094276149,18.164358229302113,-3.4082847375694976,1.8692927196045086,0.8817560461153715,0.0004623691287780519,0.04077970727991817,0.013377972639264187,true
12.325000000000001,10.104806743062236,0.008932022972018519,0.20425930709207724,0.22035289435934885,-7.623755466526731e-5,-0.00462649480828397,0.002578081726186463,-0.0021143359699535465,-0.00046374575623291635,0.0008839380305962876,0.06924609816312774,1.2621660289522298,18.227251244956207,-3.4346190956129905,1.8761392442449307,0.8824715813987539,0.00044741916381030745,0.040099860614389776,0.013158277861482378,true
12.375,10.104806743062236,0.008662968760673868,0.2019873203281775,0.2178179001852173,-7.414693811707022e-5,-0.004620634154231098,0.002567297378802031,-0.0021119382799383835,-0.00045535909886364754,0.0008573116716578171,0.06895911499473295,1.2613186852579037,18.29081892008391,-3.4612003759086325,1.8829436543436286,0.8831766965775751,0.0004328288740067571,0.039427405867221085,0.012940882636178253,true
12.425,10.104806743062236,0.008399445520191375,0.19970479543828962,0.2152757527595301,-7.208745133562473e-5,-0.004614737700995641,0.002556432133118433,-0.0021094065997711636,-0.0004470255333472693,0.000831232673099688,0.06867158678968305,1.2604714383021711,18.35506498724942,-3.4880300994270126,1.8897052535273229,0.8838714938229443,0.0004185942000112205,0.03876237689188359,0.012725800026923183,true
12.475,10.104806743062236,0.008141432532656092,0.19741265719738327,0.2127273691133482,-7.005961751027263e-5,-0.004608803277341207,0.002545489727175889,-0.0021067440119422283,-0.00043874571523366086,0.0008056989846189627,0.06838354052387986,1.2596243479801474,18.41999314937899,-3.5151097790251473,1.8964233439204887,0.8845560738027061,0.0004047109741570738,0.03810480414387132,0.012513042016065394,true
12.525,10.104806743062236,0.00788890589512026,0.19511182650297668,0.21017366140262833,-6.806392106315587e-5,-0.004602828649909906,0.002534473844399194,-0.002103953575304406,-0.0004305202690947879,0.000780708240712929,0.06809500324883615,1.2587774741126097,18.485607079167355,-3.5424409189893566,1.9030972264650643,0.8852305357111456,0.00039117492546417355,0.0374547147038183,0.012302619510215008,true
12.575000000000001,10.104806743062236,0.007641838591002436,0.19280321969842945,0.20761553624310122,-6.610080763433207e-5,-0.004596811524086086,0.0025233881128913656,-0.002101038323927741,-0.0004223497889636247,0.000756257767744957,0.06780600208172297,1.2579308764368617,18.551910418206703,-3.5700250144726895,1.9097262011992349,0.8858949772934338,0.00037798168474308303,0.03681213230626018,0.012094542347556698,true
12.625,10.104806743062236,0.007400200564238951,0.19048774790816997,0.2050538940579655,-6.417068412433775e-5,-0.00459074954496381,0.0025122361047712647,-0.00209800126598504,-0.0004142348387862248,0.0007323445912827363,0.06751656419535129,1.2570846145945123,18.618906776080678,-3.59786355097455,1.91630956754934,0.8865494948704582,0.00036512678972256145,0.03617707737096628,0.011888819306004427,true
12.675,10.104806743062236,0.00716395879581609,0.1881663163847079,0.20248962843824808,-6.227391878983026e-5,-0.004584640298419206,0.0025010213355734345,-0.002094845382677908,-0.0004061759528955263,0.0007089654436721142,0.06722671680813425,1.2562387481132682,18.686599729369302,-3.6259580039053367,1.9228466246274516,0.887194183363282,0.00035260569018239727,0.03554956703684023,0.011685458112205688,true
12.725,10.104806743062236,0.006933077382628996,0.18583982386848547,0.19992362551691817,-6.041084139577688e-5,-0.004578481312288433,0.002489747263694708,-0.0020915736271959404,-0.0003981736364987677,0.0006861167718411945,0.06693648717410326,1.2553933363824803,18.754992820540085,-3.6543098382395307,1.9293366715320566,0.8878291363170009,0.0003404137530909055,0.03492961519845735,0.011484465451418464,true
12.775,10.104806743062236,0.006707517618512198,0.18350916196112388,0.19735676335718977,-5.858174342530269e-5,-0.004572270057651675,0.002478417289879772,-0.0020881889237055946,-0.00039022836617417763,0.0006637947453193451,0.06664590257287674,1.2545484386218586,18.82408955674387,-3.682920508274941,1.9357790076580896,0.8884544459246352,0.00032854626773967855,0.03431723254492544,0.011285846978159568,true
12.825000000000001,10.104806743062236,0.00648723807732478,0.18117521451270605,0.19478991135552914,-5.6786878343179e-5,-0.00456600395022324,0.0024670347567606484,-0.002084694166376619,-0.00038234059038402953,0.0006419952644595397,0.06635499029948207,1.2537041138426335,18.89389340853267,-3.711791457518893,1.942172933023124,0.889070203051709,0.00031699845086827585,0.033712426600780714,0.01108960732753176,true
12.875,10.104806743062236,0.006272194698025167,0.17883885702379615,0.1922239296600312,-5.5026461918385565e-5,-0.004559680351847367,0.0024556029484246724,-0.002081092218433677,-0.0003745107299909954,0.0006207139688575969,0.06606377765399504,1.2528604208014322,18.964407808515148,-3.7409241187045956,1.9485177486136656,0.8896764972618584,0.00030576545177849195,0.033115201768785955,0.010895750127185352,true
12.925,10.104806743062236,0.00606234087169397,0.1765009560629286,0.1896596686048996,-5.330067260096548e-5,-0.004553296572098781,0.002444125090029284,-0.002077385911242698,-0.00036673917878658627,0.0005999462459642047,0.06577229193103937,1.252017417946425,19.035636149932778,-3.7703199139476347,1.9548127567499038,0.8902734168432612,0.00029484235743573007,0.032525559374653915,0.010704278009923083,true
12.975,10.104806743062236,0.005857627530452096,0.17416236870023705,0.18709796816175467,-5.1609651954103076e-5,-0.004546849869986752,0.002432604347461445,-0.0020735780434311844,-0.00035902630403026074,0.0005796872398845064,0.0654805604092402,1.2511751633555805,19.107581785128133,-3.7999802550453867,1.9610572614636979,0.8908610488353639,0.0002842241975571572,0.03194349771381033,0.010515192626986471,true
13.025,10.104806743062236,0.005658003238185549,0.1718239419576733,0.18453965740821468,-4.9953505140179984e-5,-0.004540337455760645,0.0024210438270433733,-0.002069671380043686,-0.00035137244699968723,0.0005599318603564808,0.06518861034067135,1.2503337146667217,19.180248023888847,-3.8299065439275184,1.9672505688869037,0.8914394790556268,0.00027390594968354455,0.03136901210018225,0.010328494662020338,true
13.075000000000001,10.104806743062236,0.005463414282945136,0.16948651227614414,0.18198555401398528,-4.833230146098551e-5,-0.004533756492814904,0.0024094465752761297,-0.00206566865172846,-0.00034377792354766974,0.0005406747918950761,0.06489646894021807,1.2494931289992808,19.25363813168788,-3.860100173269573,1.9733919876550128,0.8920087921267564,0.00026388254422959445,0.030802094916765367,0.010144183845635667,true
13.125,10.104806743062236,0.005273804770823792,0.16715090499960822,0.1794364637443685,-4.674607495278229e-5,-0.004527104099690783,0.002397815578606695,-0.002061572553948422,-0.0003362430246582728,0.0005219105030825734,0.06460416337471456,1.2486534628673025,19.327755327855748,-3.8905625272917335,1.9794808293344468,0.8925690715051791,0.0002541488695047525,0.030242735667618037,0.009962258970457133,true
13.175,10.104806743062236,0.005089116721149761,0.16481793387620125,0.17689317998109644,-4.519482503238082e-5,-0.004520377352171827,0.002386153763224495,-0.002057385746219576,-0.0003287680170049193,0.0005036332559891707,0.0643117207516731,1.2478147720833102,19.402602783736704,-3.921294982767649,1.9855164088851196,0.8931203995117599,0.0002446997766965506,0.02969092103088098,0.009782717906525296,true
13.225,10.104806743062236,0.004909290162866859,0.16248840057651617,0.17435648326048891,-4.367851719509599e-5,-0.004513573285469694,0.002374463994858491,-0.0020531108513627207,-0.0003213531434957703,0.0004858371157110434,0.06401916810742375,1.2469771116534278,19.478183620896296,-3.9522989102576496,1.991498045171796,0.8936628573658965,0.00023553008481211397,0.029146634912465236,0.009605557616936279,true
13.275,10.104806743062236,0.004734263231890716,0.16016309422839164,0.171827140827927,-4.2197083764682415e-5,-0.004506688896496513,0.0023627490785215516,-0.0020487504547419405,-0.0003139986237796111,0.0004685159600049916,0.06372653239412175,1.2461405356646633,19.554500909571058,-3.983575675596514,1.9974250615609574,0.8941965252261306,0.00022663458556800622,0.02860985849943393,0.00943077417339877,true
13.325000000000001,10.104806743062236,0.0045639722691674335,0.1578427909657103,0.16930590620491656,-4.075042470157089e-5,-0.004499721146219433,0.002351011758038173,-0.0020443071034080343,-0.0003067046546301388,0.00045166348899259933,0.06343384046373197,1.245305097170427,19.631557668062438,-4.015126641673127,2.0032967867323874,0.894721482248495,0.00021800804821147095,0.028080570309837044,0.009258362770635702,true
13.375,10.104806743062236,0.004398351918787787,0.15552825348420685,0.1667935187585022,-3.933840848900177e-5,-0.004492666962092777,0.002339254714989645,-0.0020397833049640183,-0.00029947141002562667,0.000435273234869891,0.0631411190438726,1.2444708480900795,19.70935686498332,-4.046953170601398,2.009112556058577,0.8952378066930025,0.00020964522423018716,0.027558746230507622,0.009088317736819918,true
13.425,10.104806743062236,0.0042373352248027876,0.15322023058820738,0.16429070324969047,-3.796087308978158e-5,-0.004485523240563948,0.002327480566579952,-0.0020351815259050583,-0.0002922990406748938,0.000419338571488471,0.06284839469391328,1.2436378391515301,19.7879014286418,-4.079056626617353,2.014871714355162,0.8957455761465818,0.00020154085183949835,0.027044359524144527,0.008920632533869884,true
13.475,10.104806743062236,0.00408085372476142,0.15091945669878792,0.16179816931723895,-3.661762708544706e-5,-0.004478286849642375,0.0023156918607871993,-0.0020305041886164773,-0.000285187672170722,0.00040385272361228035,0.06255569371746116,1.2428061199589093,19.867194272869284,-4.111438380057485,2.0205736217215766,0.8962448680070492,0.00019368966010668829,0.026537380768538503,0.008755299735288631,true
13.525,10.104806743062236,0.003928837536474929,0.1486266512731281,0.15931661082290502,-3.5308450999066965e-5,-0.004470954631545937,0.0023038910672560186,-0.0020257536662634337,-0.00027813740099258497,0.00038880877550403353,0.062263041990440304,1.2419757393014552,19.947238355172956,-4.144099813468174,2.02621766543992,0.896735760473315,0.00018608637241050068,0.02603777766689435,0.008592310961335893,true
13.575000000000001,10.104806743062236,0.0037812154337055087,0.14634251806133494,0.15684670494870942,-3.403309878775272e-5,-0.004463523405410331,0.002292080562156693,-0.0020209322746980456,-0.0002711482874586473,0.00037419967841558356,0.061970464640863136,1.2411467458949914,20.02803679281409,-4.177042331458034,2.0318032826892796,0.8972183344283969,0.0001787257088330034,0.025545514637661117,0.00843165674118965,true
13.625,10.104806743062236,0.003637914906246413,0.14406774410931608,0.1543891109086466,-3.279129961192866e-5,-0.004455989970064041,0.002280262603735511,-0.0020160422597726257,-0.0002642203439628854,0.000360018256533618,0.061677985491866476,1.2403191898539787,20.10959307381303,-4.210267376198037,2.0373300009380753,0.8976926767622461,0.00017160238707442262,0.025060552064056548,0.008273326262347443,true
13.675,10.104806743062236,0.0034988622005651315,0.14180299841366517,0.15194446813221915,-3.1582759785151376e-5,-0.0044483511068949405,0.002268439296674695,-0.0020110857791658197,-0.00025735351750887526,0.00034625721100182174,0.06138562616679428,1.2394931252268793,20.19191140706106,-4.243776451270255,2.042797504224383,0.8981588857686831,0.00016471112147227668,0.024582845078343362,0.00811730696581354,true
13.725,10.104806743062236,0.0033639823407825686,0.13954893016948666,0.14951339382665435,-3.0407164696439035e-5,-0.004440603582827833,0.002256612545565177,-0.0020060648789480802,-0.00025054766661709686,0.0003329091219970351,0.061093404768448,1.238668613909189,20.274997253859155,-4.277571156515032,2.048205733155518,0.8986170791881006,0.00015804661997534625,0.024112341793926583,0.007963583958165484,true
13.775,10.104806743062236,0.0032331991362681656,0.13730616664316247,0.1470964799573657,-2.926418041136453e-5,-0.004432744153450942,0.0022447840008909337,-0.0020009814666907258,-0.00024380253420020793,0.00031996644948088863,0.06080133410478003,1.237845731092359,20.358858063199026,-4.311653235369242,2.053555022724451,0.899067405127934,0.00015160357948954496,0.023648981005434024,0.007812139247030738,true
13.825000000000001,10.104806743062236,0.003106435191148784,0.13507531085483632,0.14469428991255268,-2.815345452422798e-5,-0.0044247695663379724,0.0022329550060460335,-0.001995837285504641,-0.0002371177205413924,0.0003074215341408288,0.060509419556069394,1.237024572036185,20.443504186813925,-4.346024633737167,2.058846273434692,0.8995100553667038,0.00014537668083311264,0.023192689566844445,0.007662950869428149,true
13.875,10.104806743062236,0.0029836119409551035,0.13285693945462657,0.14230735541595987,-2.7074615822855772e-5,-0.004416676564612677,0.002221126559244588,-0.0019906338960602975,-0.00023049266318429058,0.00029526660101674817,0.06021765686067294,1.236205259380441,20.528949876623052,-4.380687565275205,2.064081137592379,0.8999452794446893,0.00013936058551815815,0.022743379912299935,0.0075159920668346775,true
13.925,10.104806743062236,0.002864649748880974,0.13065160137138515,0.1399361745472933,-2.602727247905275e-5,-0.004408461890786304,0.0022092993079620327,-0.0019853726754838394,-0.00022392663247819324,0.0002834937690270808,0.05992603030506814,1.2353879495223992,20.61521417710057,-4.415644572659466,2.0692621859165055,0.9003733966468951,0.00013354993739225828,0.022300948443183345,0.007371230746775256,true
13.975,10.104806743062236,0.002749468094134451,0.12845981791978478,0.1375812118985682,-2.5011008832310122e-5,-0.00440012229085841,0.002197473593277689,-0.0019800548417901786,-0.00021741875148751028,0.00027209506960854866,0.05963451196992284,1.2345728359927213,20.702321444592158,-4.4508985692907,2.074393004714691,0.9007948019008476,0.0001279393723909429,0.02186527566329699,0.007228629523382236,true
14.025,10.104806743062236,0.0026379858736866467,0.12628208497590776,0.13524290179395088,-2.4025381344443736e-5,-0.004391654518608438,0.0021856495551683722,-0.0019746815092055395,-0.00021096804596283268,0.0002610624765780738,0.059343062714196405,1.2337601475656912,20.790301193378475,-4.486452843132704,2.079478167934978,0.9012099613115118,0.00012252353884513003,0.021436228878475985,0.0070881466079042695,true
14.075000000000001,10.104806743062236,0.0025301218152900583,0.12411887750870976,0.13292165503022402,-2.3069914829999043e-5,-0.00438305533992847,0.002173827296963119,-0.001969253773142597,-0.0002045735238205221,0.0002503879470062296,0.05905163538794277,1.232950139342351,20.879187024075136,-4.522311006346414,2.084523038778641,0.9016193940869442,0.00011729712876284042,0.021013667896069926,0.0069497376941064235,true
14.125,10.104806743062236,0.0024257949675403033,0.12197065619674731,0.13061786876815645,-2.2144100388252e-5,-0.004374321536977831,0.0021620070900344704,-0.00196377281488485,-0.00019823427514962036,0.00024006346971512416,0.05876018032111575,1.2321430763832835,20.969014554581054,-4.558476882693651,2.0895333860725107,0.9020236402049023,0.00011225491750389537,0.02059745346738606,0.006813358754103422,true
14.175,10.104806743062236,0.0023249252008510773,0.11983787519049596,0.12833193820106942,-2.1247396367517924e-5,-0.004365449911906133,0.0021501895832184434,-0.0019582400076976754,-0.00019194957552076805,0.0002300811148562862,0.058468652506990564,1.2313392114714703,21.059818529668533,-4.594954338932445,2.0945148480104794,0.9024232169878948,0.0001073918060622516,0.02018745735466855,0.0066789693744724425,true
14.225,10.104806743062236,0.002227433631964339,0.11772098949804,0.12606426774634039,-2.037923308816822e-5,-0.004356437289920018,0.002138375971636392,-0.0019526570012673924,-0.00018571897036899964,0.00022043307592138284,0.058177019254685214,1.2305387607099416,21.151629569107595,-4.631747084023347,2.099472328410719,0.9028185717897153,0.00010270285783645304,0.019783572138048364,0.006546536008193621,true
14.275,10.104806743062236,0.0021332428881740586,0.11562046027706582,0.12381527917310219,-1.9539021079990415e-5,-0.00434728052156867,0.002126568081652687,-0.0019470257626449778,-0.00017954231900770912,0.00021111169589054258,0.057885266664918396,1.2297418822013184,21.244471228230665,-4.668858474180142,2.1044094505540114,0.9032100408337592,9.818332156000374e-5,0.019385718525035785,0.0064160344004501905,true
14.325000000000001,10.104806743062236,0.0020422771437708345,0.11353675639529084,0.1215854142506903,-1.872616150775135e-5,-0.004337976484291427,0.002114768344229665,-0.0019413485599865056,-0.00017341978424315952,0.00020210947083901652,0.057593403258985806,1.2289486631125213,21.338358103031165,-4.706291372791708,2.1093282036960748,0.9035978245861568,9.382863380407443e-5,0.018993848161337364,0.006287450524268759,true
14.375,10.104806743062236,0.001954461950870346,0.11147035211802411,0.11937513139576003,-1.7940056920921465e-5,-0.00432852208342106,0.0021029796547149997,-0.0019356278886433786,-0.00016735176607162111,0.000193419033195488,0.05730145967887364,1.22815911955271,21.433295529215243,-4.744048091806543,2.1142288876098094,0.9039819872566951,8.963440071218009e-5,0.01860794096790512,0.006160779701133933,true
14.425,10.104806743062236,0.0018697237774411139,0.10942171873409337,0.1171848940856084,-1.7180119644501627e-5,-0.004318914253090713,0.0020912051469223745,-0.0019298663543152014,-0.00016133879260717306,0.00018503310602400487,0.05700948392334791,1.2273732086011455,21.529281167523106,-4.78213049192683,2.119110395875521,0.90436248264964,8.559635671342538e-5,0.018227996875453376,0.006036023864766747,true
14.475,10.104806743062236,0.0017879898799654688,0.10739132207561616,0.11501516426977648,-1.644577841602109e-5,-0.004309149957086759,0.002079447930749506,-0.0019240665388165217,-0.00015538139193298434,0.00017694449042215162,0.05671753428058813,1.2265908573510624,21.626307858923788,-4.820539999083022,2.123970785051878,0.904739201244635,8.171033225908266e-5,0.017854025314478866,0.005913188072451977,true
14.525,10.104806743062236,0.0017091865065785852,0.10537958406791711,0.11286635734732131,-1.5736473689722493e-5,-0.004299226191416734,0.0020677108676036963,-0.0019182308860046468,-0.00014947998159904954,0.00016914588769865188,0.05642566630723909,1.2258119741456333,21.72436861393994,-4.859278477305105,2.128808025401647,0.905112029655774,7.797214790910856e-5,0.017486028127328117,0.005792274858358842,true
14.575000000000001,10.104806743062236,0.0016332440411113214,0.10338699510346766,0.11073895776388917,-1.5051677437337677e-5,-0.004289139983027086,0.0020559963852781497,-0.0019123616099170435,-0.00014363477536110617,0.00016163040844226686,0.05613393978253332,1.2250365508816539,21.82345574936533,-4.8983458168725225,2.1336206059758487,0.9054808969771339,7.437782129531183e-5,0.01712400870183099,0.005673287180575905,true
14.625,10.104806743062236,0.0015600752408232344,0.10141360829274651,0.10863298074949715,-1.4390797722667975e-5,-0.004278888407216197,0.0020443066315278735,-0.001906460770731152,-0.00013784586079672138,0.00015438941886685283,0.0558423473146291,1.224264384015804,21.923583855062656,-4.937751173507011,2.1384084853255683,0.9058458458670835,7.092259510101534e-5,0.01676788496312161,0.005556199874820009,true
14.675,10.104806743062236,0.0014896620021182857,0.09946113864424519,0.10655019962588054,-1.375353040283225e-5,-0.004268468533583369,0.0020326426869581135,-0.0019005298917072464,-0.0001321127952508671,0.00014742112738979978,0.055551096441536045,1.2234962546488404,22.024700375383077,-4.977466927986957,2.143170892408043,0.9062068631842743,6.760477511247321e-5,0.016417833166343123,0.005441072449383585,true
14.725,10.104806743062236,0.001421710203120415,0.097524202118728,0.10448484787045789,-1.313842980993496e-5,-0.004257877656454445,0.0020210088511755367,-0.0018945720746272104,-0.00012643677654832625,0.000140696426885802,0.05525940211438855,1.222729273380633,22.12708112276619,-5.017620821256963,2.1479173489932153,0.9065647102433267,6.441046712603303e-5,0.016072847834982407,0.00532757623362757,true
14.775,10.104806743062236,0.0013570287081087133,0.09562693185546543,0.10246251264645038,-1.2548463756596609e-5,-0.004247112395767043,0.0020093933392938195,-0.0018885824454767616,-0.00012081089381705797,0.00013429536483123964,0.05497068348457648,1.221975064095471,22.229577415356847,-5.0576947252718165,2.1526125989151343,0.9069167836089725,6.137463257124625e-5,0.015736843181697886,0.005216999509196211,true
14.825000000000001,10.104806743062236,0.0012920491673708142,0.09367016457985014,0.1003777269101983,-1.1967073310225406e-5,-0.004236172282841112,0.00199785963808281,-0.0018825935466568024,-0.00011526609142600754,0.00012786480733616306,0.05467031313245868,1.221188707462978,22.337327838313364,-5.099866391134444,2.1574389402977205,0.9072767173188597,5.8337443147137686e-5,0.015392967479474934,0.005103800061341733,true
14.875,10.104806743062236,0.0012407756037656928,0.09206933876743138,0.09867242400274961,-1.1434632946297724e-5,-0.004225045613079363,0.001986120466035551,-0.0018764629731617974,-0.00010965749287375351,0.00012279063175726595,0.05442114912270381,1.2205400862526723,22.427679421114586,-5.135134377946103,2.1615345792346594,0.9075806016149848,5.591450301199482e-5,0.015112078133910753,0.005011307923548184,true
14.925,10.104806743062236,0.0011459088665141171,0.08909157141335489,0.09550241645489202,-1.0881423177163966e-5,-0.004213766806834851,0.0019743841262780484,-0.0018702950030126818,-0.00010408912326536658,0.0001134023535186238,0.05395350432867803,1.2193555200884048,22.600117179789525,-5.201598735866053,2.1690221267644967,0.9081324917043339,5.161695700471146e-5,0.014595465717427869,0.004841121981784113,true
14.975,10.104806743062236,0.0010922975693960914,0.08728047374935774,0.0935757243153787,-1.0301966679242525e-5,-0.004202301594812548,0.0019633157640806527,-0.0018644239471832915,-9.889181689736121e-5,0.0001080968292784067,0.053666680528452824,1.218605989382609,22.706938036469992,-5.24336530313632,2.173437295666264,0.9084557207359799,4.9094267293902914e-5,0.014285278629228678,0.004738911387036083,true
