r,tau,Dtau,Sr,E,nur,Pi,piR,piEta,piPhi,D,T,mu,alpha,phi,ur,v,n,e,P,ok
0.024999999999999994,5.104801743057488,0.23529598500133794,0.0,2.3544884988374433,-6.2036642420523976e-6,-0.005741593141246906,0.019342715759588885,-0.04828642304164831,0.028943707282059427,0.04609307018070578,0.1908098858694926,1.4122963848051833,7.401589170128981,-0.4596387382926427,0.0,0.0,0.04609307018070569,2.3544884988374615,0.7655687911283454,true
0.07499999999999998,5.104801743057488,0.2342206561936842,0.02628723936797186,2.3400352762973444,-1.863144992406146e-5,-0.005750355870105112,0.017016153424965458,-0.044811127381956806,0.027794973956991348,0.04588241972613794,0.1905095169658076,1.41206900109505,7.4120654106140345,-0.46155698836154035,0.008447190281960637,0.008446888923356915,0.04588094021533819,2.3398132309063167,0.7607606102172189,true
0.125,5.104801743057488,0.2345123718508676,0.042398316763388705,2.3441031476574334,-3.0991390559612146e-5,-0.005750330937303705,0.020603087689186297,-0.04510495209480056,0.024501864405614263,0.04593956507122017,0.19058562397273296,1.412131208451081,7.409431934137459,-0.46104627262699666,0.013586395965956049,0.013585142182059542,0.04593574664599387,2.343527160495939,0.7619769643961194,true
0.175,5.104801743057488,0.23432251463391202,0.06014731221373906,2.3424129282780894,-4.347683242641435e-5,-0.005750611811780895,0.02151390406463705,-0.0450044183568562,0.023490514292219152,0.04590237318277635,0.19053932480834207,1.4120613020188286,7.410865465379285,-0.46152518945696036,0.019285206396868367,0.019281621127779886,0.04589467772439565,2.341253190592145,0.7612353587722309,true
0.22499999999999998,5.104801743057488,0.23412631202416773,0.07714677713660423,2.34148957423037,-5.5851626694602575e-5,-0.005750156318024405,0.022127674287557964,-0.045061766635459494,0.02293409234790153,0.04586393826999818,0.19050576679193204,1.411953967126845,7.411607485189481,-0.4621699088475242,0.02474550032788447,0.024737927478381314,0.045851283789218454,2.3395811228523944,0.7606955765610743,true
0.275,5.104801743057488,0.23387606042448272,0.09431003956979392,2.3402908970400884,-6.828137347919954e-5,-0.005749542054395235,0.022353446089461104,-0.045061057082171556,0.02270761099271045,0.0458149154847303,0.1904627008570783,1.4118177458056655,7.412568127263313,-0.46298962367705637,0.03027151875525621,0.030257658402546454,0.04579600340016498,2.337437296078879,0.7600033512896972,true
0.325,5.104801743057488,0.23362416815115966,0.11135281426921478,2.3392636398096576,-8.068738258613205e-5,-0.005748686662307961,0.022487297899703183,-0.04506933350858707,0.022582035608883888,0.04576557130135126,0.190419452985728,1.4116754242725145,7.413504251471198,-0.46384218808834354,0.03576658221166423,0.03574372696589122,0.04573920881461893,2.3352834752195544,0.7593084264170354,true
0.375,5.104801743057488,0.23335400076319768,0.1283868823289382,2.3381750948844613,-9.312215179632781e-5,-0.005747668206139284,0.02254747803029545,-0.045064998354492694,0.022517520324197245,0.04571264713278205,0.1903711100456305,1.4115239288302501,7.4145910505639145,-0.4647557665054473,0.04127055287075058,0.04123545049501177,0.04567760323315798,2.3328810039540024,0.7585325454998662,true
0.42500000000000004,5.104801743057488,0.233058163701875,0.14537100576056589,2.3370326740496927,-0.00010554362543326338,-0.005746474421406023,0.0225845696419753,-0.04505894272225973,0.022474373080284427,0.04565469442938372,0.19031794951177694,1.4113566773716266,7.4157833299075735,-0.46576438457733643,0.04677086445106193,0.046719792271813394,0.04560976666130178,2.3302409708582568,0.7576800037893507,true
0.475,5.104801743057488,0.23272548624644293,0.1623133108669853,2.335783108760178,-0.0001179621199455822,-0.005745110989266694,0.022607952666674317,-0.04504971890768423,0.022441766241009912,0.04558952491405739,0.19025891770714254,1.4111667649432171,7.417086052782904,-0.4669070765635285,0.05227245223722692,0.05220118338941755,0.04553351701102843,2.3273101618531102,0.7567339587517071,true
0.525,5.104801743057488,0.23235218100734578,0.1792032086423156,2.334416565477706,-0.00013036312031394407,-0.005743574348099467,0.022627011580256953,-0.04503913048305904,0.02241211890280209,0.04551639665993766,0.1901938570101212,1.4109513813384928,7.418490815207606,-0.4681992366176601,0.05777357245830835,0.05767739525436101,0.04544813079094492,2.3240805911820375,0.7556920494101739,true
0.5750000000000001,5.104801743057488,0.2319372611208665,0.1960366041912805,2.332921570734227,-0.00014273853788376815,-0.005741865076931946,0.022644345920786,-0.04502716020203753,0.02238281428125153,0.045435116346349856,0.1901225414387196,1.4107101175281553,7.420004523676411,-0.46964385072994946,0.0632747802279946,0.06314849276475115,0.04535343004871289,2.320542154652887,0.7545509795338226,true
0.625,5.104801743057488,0.23148176747060648,0.21280728992106457,2.3312948215880662,-0.0001550510653452962,-0.005739983888166614,0.02266174362732534,-0.045014069312246566,0.022352325684921227,0.04534588787613953,0.19004490877009714,1.4104438564970405,7.421634526412363,-0.47123674126570875,0.06877580492416839,0.06861372109646655,0.04524963485438033,2.316693321550189,0.7533101471506927,true
0.675,5.104801743057488,0.23098805541257184,0.22950999721312448,2.3295340493899195,-0.00016725850224108958,-0.005737932690925665,0.022679821681879916,-0.04499986421186091,0.022320042529980995,0.04524917264940108,0.18996090759105064,1.4101545250965615,7.423393281171058,-0.4729682335318095,0.07427668466568865,0.0740726353914552,0.04513722157888378,2.3125336390477416,0.7519692026643713,true
0.725,5.104801743057488,0.23045875394994142,0.24613921291449564,2.3276384952538485,-0.00017941115730091744,-0.005735713474787005,0.022698929233365056,-0.04498457189718473,0.022285642663819674,0.0451454856720664,0.18987051814646724,1.4098442384293075,7.4252930480852495,-0.4748275954097613,0.07977733853134356,0.0795246755407203,0.04501672772861744,2.3080643542090726,0.7505283381305541,true
0.775,5.104801743057488,0.22989455727938657,0.26268955731465404,2.325607383947224,-0.00019159110103607855,-0.0057333277355814255,0.022719148645867656,-0.04496816132695362,0.022249012681085967,0.0450349629330938,0.18977373567051603,1.409513505398006,7.427337088653798,-0.47681252773089833,0.08527772423142929,0.08496932312128459,0.04488831753475398,2.303286830071295,0.7489879407238609,true
0.8250000000000001,5.104801743057488,0.2292949168686475,0.27915571471962364,2.3234399634958844,-0.00020372912735533387,-0.005730776223692863,0.022740476298814247,-0.0449505937000523,0.02221011740123805,0.04491749697830827,0.18967056678478436,1.4091617292798835,7.4295224249465805,-0.47892655281190255,0.09077781045181545,0.09040607407586262,0.044751902140738244,2.2982025912723847,0.7473485576555617,true
0.8750000000000001,5.104801743057488,0.22865978742739496,0.2955324415338646,2.3211356116229944,-0.00021582350831717063,-0.0057280592435741545,0.022762888802241938,-0.04493183744250977,0.02216894864026783,0.044793078935606356,0.189561017818553,1.4087887401426729,7.431848363945584,-0.48117097548312476,0.09627757639022726,0.09583443840779964,0.04460749740678465,2.292813426057475,0.7456107803055734,true
0.9249999999999999,5.104801743057488,0.22798935273290644,0.3118145163431312,2.318693821501535,-0.00022787619442289652,-0.00572517679489537,0.022786356527196985,-0.04491186686666048,0.022125510339463497,0.044661744805852874,0.18944509694314549,1.408394547228877,7.434315112686983,-0.48354617907379654,0.10177699277363648,0.10125392162756211,0.04445516568170998,2.287121378901577,0.7437752661460635,true
0.975,5.104801743057488,0.227283843425242,0.3279967683091113,2.316114095121525,-0.00023988658515896208,-0.005722128647526331,0.022810837241685276,-0.044890654680449865,0.02207981743876459,0.04452353977005027,0.18932281316371136,1.4079791888198911,7.436923027350024,-0.48605241831335216,0.10727603378689594,0.10666403675815415,0.044294979564093985,2.2811286357702674,0.741842715634247,true
1.025,5.104801743057488,0.22654350574028526,0.3440740673943057,2.313395938020982,-0.00025185297031223334,-0.0057189143777498785,0.02283628404852181,-0.044868173661583764,0.022031889613061954,0.04437851206432916,0.1891941764613469,1.4075427066378987,7.439672472822995,-0.4886899538421611,0.11277467284811707,0.1120643003708343,0.04412701586729896,2.2748375183829785,0.7398138728243779,true
1.0750000000000002,5.104801743057488,0.22576860247126626,0.3600413279364988,2.310538847936836,-0.000263773434570625,-0.005715533402580228,0.022862646180120738,-0.04484439590652109,0.02198174972640035,0.04422671316830487,0.18905919750340883,1.407085147662776,7.442563843726278,-0.49145904332715035,0.118272883463545,0.11745423363344457,0.043951355836663805,2.2682504696880224,0.7376895204272986,true
1.125,5.104801743057488,0.2249594142380963,0.3758935093199791,2.307542315082973,-0.00027564596976888275,-0.005711985006298478,0.022889870402928513,-0.04481929294054602,0.021929422537617507,0.04406819805373251,0.18891788761715833,1.4066065653937754,7.445597572233395,-0.4943599348066299,0.12377063864029954,0.12283336193544939,0.04376808536236415,2.261370051603904,0.7354704789647012,true
1.1750000000000003,5.104801743057488,0.22411623887683862,0.39162561863614265,2.3044058213661085,-0.0002874684845950023,-0.005708268362240948,0.02291790141184551,-0.04479283561697103,0.021874934205125523,0.04390302506490794,0.18877025874428993,1.4061070195465892,7.448774128403965,-0.4973928683363153,0.1292679110649068,0.1282012152619965,0.04357729481124883,2.2541989411297068,0.7331576055387591,true
1.225,5.104801743057488,0.22323939057672404,0.4072327128222185,2.3011288412180204,-0.0002992388059016207,-0.005704382550001705,0.02294668222568072,-0.044764994167890385,0.021818311942209664,0.04373125574961433,0.18861632343364693,1.405586575458916,7.452094017479804,-0.5005580790800298,0.13476467304390025,0.1335573283296497,0.04337907880839742,2.246739928085628,0.7307517931667075,true
1.275,5.104801743057488,0.22232919918144406,0.422709900898233,2.2977108424092956,-0.00031095468962817933,-0.0057003265692611715,0.02297615435898018,-0.044735738222533114,0.021759583863552933,0.04355295472224969,0.18845609483035244,1.4050453036472474,7.455557778123677,-0.5038557996133288,0.14026089649993434,0.13890124077191618,0.043173536050488556,2.2389959126886714,0.728253970047005,true
1.3250000000000002,5.104801743057488,0.22138600965941774,0.4380523460763661,2.2941512871841834,-0.00032261382762486347,-0.00569609935079754,0.023006257933038444,-0.04470503683548552,0.021698778902447074,0.04336818956005528,0.18828958667020365,1.4044832794963866,7.4591659811564215,-0.5072862615122445,0.1457565529213347,0.14423249727472273,0.04296076915078748,2.2309699033733925,0.725665098893935,true
1.375,5.104801743057488,0.22041018166849108,0.4532552678785955,2.2904496335010665,-0.0003342138510893543,-0.005691699765228861,0.0230369317422241,-0.04467285851288291,0.02163592677065881,0.043177030717842894,0.18811681327455473,1.403900583029536,7.4629192287058155,-0.5108496965138777,0.15125161332044243,0.1495506477159566,0.042740884500952335,2.2226650146102034,0.7229861762642587,true
1.4250000000000003,5.104801743057488,0.21940208917633236,0.46831394425000916,2.28660533640747,-0.0003457523311276369,-0.005687126629899716,0.023068113318967826,-0.04463917124809471,0.021571057929126884,0.04297955145363254,0.187937789546759,1.4032972987246954,7.466818153544126,-0.5145463374264327,0.1567460481917888,0.15485524730021222,0.042513992142185465,2.214084464757715,0.7202182318912357,true
1.475,5.104801743057488,0.21836212011381528,0.48322371367926964,2.2826178494988985,-0.0003572267779196481,-0.005682378714287534,0.023099739004046015,-0.0446039425652319,0.021504203561185882,0.04277582776075231,0.1877525309692123,1.402673515361109,7.470863418566218,-0.5183764188768815,0.16223982747593724,0.1601458566942863,0.04228020564148429,2.205231573898204,0.7173623280108071,true
1.525,5.104801743057488,0.21729067604872615,0.49797997731549515,2.2784866264494736,-0.0003686346391887771,-0.005677454744237448,0.02313174402447661,-0.04456713956914149,0.02143539554466488,0.04256593830391958,0.18756105360090633,1.4020293258857344,7.475055716358801,-0.5223401779493534,0.16773292052551977,0.16542204215992032,0.04203964197068471,2.1961097616489815,0.7144195586784976,true
1.5750000000000002,5.104801743057488,0.2161881718720327,0.5125782010775997,2.2742111225983788,-0.00037997329845709,-0.005672353405288072,0.02316406257607967,-0.044528728999127326,0.021364666423047657,0.04234996435778292,0.18736337407528364,1.4013648272939765,7.479395768838473,-0.5264378547452468,0.17322529607298584,0.17068337568322026,0.04179242138694133,2.186722544938943,0.7113910490740448,true
1.625,5.104801743057488,0.2150550354917416,0.5270139177527294,2.269790796586814,-0.00039124007331018973,-0.0056670733452972855,0.023196627908968766,-0.04448867728484446,0.021292049375875692,0.04212798974695064,0.18715950959837696,1.4006801205207053,7.483884326938052,-0.5306696928861581,0.17871692219917998,0.17592943509981213,0.04153866731381665,2.1770735357493742,0.7082779547937883,true
1.6750000000000003,5.104801743057488,0.21389170753174314,0.5412827290831532,2.265225112040093,-0.0004024322138002259,-0.005661613176536559,0.02322937241475794,-0.044446950603384286,0.021217578188626345,0.041900100786996304,0.1869494779471726,1.3999753103395245,7.488522170332691,-0.5350359399705843,0.18420776630297211,0.18115980421587022,0.04127850622258213,2.167166438816972,0.7050814611303167,true
1.725,5.104801743057488,0.21269864103330133,0.555380307841396,2.260513539290994,-0.00041354690100938737,-0.005655971477385835,0.02326222771555439,-0.04440351493738644,0.021141287221832047,0.04166638622598238,0.18673329746819925,1.3992505052682764,7.493310107194831,-0.5395368479950997,0.1896977950719775,0.1863740729249767,0.04101206751338099,2.157005049299899,0.7018027823398015,true
1.775,5.104801743057488,0.21147630115814225,0.5693023998921682,2.255655557141584,-0.0004245812457812061,-0.0056501467937330185,0.02329512475449003,-0.04435833613395389,0.021063211379463858,0.04142693718629705,0.18651098707632718,1.3985058174800178,7.4982489739743725,-0.544172673744132,0.19518697445427335,0.19157183732065544,0.040739483396177195,2.1465932504075593,0.6984431608972772,true
1.8250000000000002,5.104801743057488,0.21022516489186188,0.5830448262405963,2.2506506546576945,-0.0004355322875911882,-0.005644137640158295,0.023327993887896813,-0.04431137996437533,0.020983386076478514,0.04118184710655362,0.1862825662537292,1.397741362718241,7.503339635199274,-0.5489436791550105,0.2006752696312857,0.19675269980467916,0.04046088877130354,2.1359350109930135,0.6950038667395968,true
1.875,5.104801743057488,0.20894572074673087,0.596603485065781,2.2454983329944227,-0.00044639699358684534,-0.00563794250096572,0.023360764979313393,-0.04426261218472734,0.020901847205413944,0.0409312116833717,0.18604805504900876,1.396957260215692,7.508582983292707,-0.5538501316617601,0.20616264499173964,0.20191626919098926,0.0401764211095784,2.125034383109768,0.6914861964966619,true
1.9250000000000003,5.104801743057488,0.20763846846330486,0.609974353733822,2.2401981072418287,-0.00045717225774190523,-0.005631559831110841,0.02339336749347291,-0.04421199859640541,0.020818631102932496,0.0406751288129245,0.18580747407639017,1.3961536326163746,7.513979938408616,-0.5588923045201698,0.21164906410581966,0.20706216080437548,0.03988622033196135,2.113895499529768,0.687891472709885,true
1.975,5.104801743057488,0.20630391871049802,0.6231534907941791,2.234749508294427,-0.00046785490014007535,-0.005624988057060548,0.02342573059104204,-0.04415950510695405,0.02073377451591201,0.04041369853218504,0.18556084451500912,1.3953306059001918,7.519531448280999,-0.5640704771169655,0.2171344897006811,0.21218999657495186,0.039590428688761836,2.102522571225984,0.6842210430390169,true
2.0250000000000004,5.104801743057488,0.2049425927823075,0.6361370379474909,2.2291520847268904,-0.00047844166631877654,-0.005618225577613378,0.023457783222786847,-0.044105097790491446,0.0206473145677046,0.04014702295951624,0.18530818810811625,1.3944883093091878,7.525238488088758,-0.5693849352693064,0.22261888363496968,0.21729940512620163,0.03928919063820161,2.0909198848126542,0.6804762794551162,true
2.075,5.104801743057488,0.20355502229154174,0.6489212219969929,2.2234054046916505,-0.0004889292267555232,-0.005611270764697612,0.023489454224696393,-0.044048742948504194,0.0205592887238078,0.039875206234674214,0.18504952716251283,1.3936268752746885,7.53110206031917,-0.5748359715174697,0.2281022068753458,0.2223900218593811,0.03898265272446034,2.079091799959225,0.6766585774249622,true
2.125,5.104801743057488,0.2021417488618681,0.6615023567985521,2.217509057851293,-0.0004993141768711212,-0.005604121964158354,0.02352067242318281,-0.043990407175612915,0.020469734752430104,0.039598354458482185,0.1847848845483722,1.3927464393463682,7.537123194628947,-0.5804238854047362,0.23358441947867697,0.22746148903761412,0.03867096345561468,2.0670427467868433,0.6727693550897054,true
2.1750000000000003,5.104801743057488,0.2007033238133551,0.67387684518826,2.2114626573192737,-0.0005095930371918874,-0.005596777496554142,0.02355136674009889,-0.043930057425160575,0.020378690685061686,0.03931657563123012,0.18451428369914483,1.3918471401193895,7.54330294769391,-0.5861489837662458,0.23906548057575777,0.2325134558657373,0.0383542731806354,2.0547772232342005,0.6688100524337014,true
2.225,5.104801743057488,0.19924030783915006,0.6860411807527202,2.2052658414311916,-0.000519762253108363,-0.005589235657992547,0.02358146628197222,-0.04386766106673653,0.02028619478476431,0.039029979589337856,0.18423774860863493,1.3909291191644015,7.549642403192127,-0.5920115810104211,0.24454534832696073,0.2375455785387327,0.03803273396519792,2.042299792268968,0.6647821304023502,true
2.2750000000000004,5.104801743057488,0.19775327068745324,0.6979919497194891,2.198918275726787,-0.000529818195080804,-0.005581494720986499,0.023610900433577255,-0.04380318594566895,0.020192285512091693,0.038738677943055674,0.18395530383162334,1.3899925209571091,7.556142671642603,-0.5980119993907984,0.25002397991178366,0.24255752031602465,0.03770649946878493,2.0296150792273817,0.660687070062181,true
2.325,5.104801743057488,0.19624279083367202,0.7097258327557682,2.1924196548352457,-0.0005397571594482506,-0.005573552935335083,0.0236395989611883,-0.04373660044710132,0.02009700148591302,0.03844278401224132,0.1836669744829392,1.3890374928071716,7.562804890305411,-0.6041505692855832,0.2555013315054995,0.2475489515782834,0.03737572482071729,2.01672776905799,0.6565263717294475,true
2.3750000000000004,5.104801743057488,0.19470945514663218,0.721239606720717,2.1857697043348745,-0.0005495753692936194,-0.005565408529048882,0.023667492111521846,-0.043667873557728575,0.02000038144620673,0.03814241276097281,0.18337278623622744,1.3880641847861053,7.569630223090742,-0.6104276294831174,0.2609773582535218,0.25251954987669323,0.03704056649578714,2.0036426035275863,0.6523015540863161,true
2.4250000000000003,5.104801743057488,0.19315385855087816,0.7325301463823988,2.1789681826037848,-0.0005592689755841035,-0.005557059709321799,0.023694510709733718,-0.04359697492682147,0.019902464217087752,0.03783768073139505,0.1830727653226413,1.3870727496551996,7.576619860472796,-0.6168435274672409,0.26645201424714804,0.25746899997808165,0.03670118218994332,1.9903643784021345,0.6480141532887399,true
2.475,5.104801743057488,0.1915766036844532,0.7435944260917007,2.172014882648922,-0.0005688340585946777,-0.005548504663552514,0.023720586257688067,-0.04352387492712455,0.01980328866943648,0.037528705976681016,0.1827669385295341,1.3860633427929592,7.583775019402534,-0.6233986197051131,0.2719252524976523,0.26239699390320104,0.03635773069609185,1.9768979406079858,0.6436657220677632,true
2.5250000000000004,5.104801743057488,0.18997830055216502,0.7544295214072063,2.1649096339054674,-0.0005782666295954914,-0.005539741560421085,0.023745651031073078,-0.043448544714894274,0.019702893683821197,0.037215607993108614,0.18245533319878113,1.385036122122482,7.591096943236596,-0.6300932719366843,0.2773970249096275,0.26730323095905945,0.036010371780049746,1.963248185360037,0.639257828819794,true
2.575,5.104801743057488,0.18835956617491967,0.7650326106670664,2.157652304003001,-0.0005875626327350111,-0.00553076855102512,0.023769638173792382,-0.04337095628825765,0.019601318114465267,0.03689850765136727,0.18213797722493139,1.3839912480388155,7.598586901674299,-0.6369278594651322,0.28286728225210817,0.27218741776407035,0.03565926605687943,1.9494200532680441,0.6347920566894952,true
2.6250000000000004,5.104801743057488,0.18672102423567827,0.7754009765049672,2.1502428004951764,-0.0005967179470765226,-0.0055215837700795245,0.02379248178802573,-0.043291082543050766,0.019498600755025037,0.03657752712720297,0.1818148990531526,1.3829288833369147,7.606246190707522,-0.643902767445149,0.28833597412709355,0.27704926826580656,0.035304574867830125,1.9354185274222704,0.6302700026456017,true
2.6750000000000003,5.104801743057488,0.18506330472258264,0.7855320073097107,2.1426810725536063,-0.0006057283887788822,-0.005512185337182299,0.023814117018892758,-0.043208897325553074,0.019394780306660316,0.03625278983150875,0.18148612767689196,1.381849193139945,7.614076132585264,-0.6510183911709453,0.2938030489369113,0.28188850375277325,0.034946460157913604,1.9212486304576617,0.6256932765493812,true
2.725,5.104801743057488,0.18338704356965677,0.7954231986288701,2.134967112626077,-0.0006145897134230837,-0.005502571358145858,0.023834480133645964,-0.043124375482033434,0.01928989534838747,0.035924420339940234,0.18115169263218525,1.380752344832157,7.622078075945279,-0.6582751363519759,0.29926845389107654,0.28670485289605546,0.034585084353655385,1.9069154214730764,0.6210635001747498,true
2.7750000000000004,5.104801743057488,0.18169288229544123,0.8050721545182828,2.1271009580607676,-0.000623297618510768,-0.005492739926393708,0.023853508596031445,-0.0430374929053909,0.019183984309359452,0.0355925443221263,0.18081162400815828,1.3796385079746933,7.630253395171339,-0.6656734194250471,0.30473213481131767,0.2914980516085912,0.034220610245796916,1.8924239936143559,0.6163823064478775,true
2.825,5.104801743057488,0.17998146763985173,0.8144765888383236,2.1190826926967583,-0.0006318477461684001,-0.005482689124420945,0.02387114113670832,-0.04294822657931107,0.01907708544260275,0.03525728847053187,0.1804659524259453,1.3785078542564673,7.638603491271528,-0.6732136677880409,0.3101940363261792,0.2962678432430818,0.03385320086547045,1.877779470349647,0.6116513382533131,true
2.8750000000000004,5.104801743057488,0.1782534511996105,0.8236343264971377,2.110912448420245,-0.0006402356860581852,-0.005472417025316895,0.023887317820359813,-0.04285655462024411,0.018969236799884298,0.03491878042904106,0.18011470904819987,1.3773605574128707,7.6471297912947245,-0.6808963201018203,0.3156541016889544,0.3010139784531972,0.03348301936913669,1.8629870030107214,0.6068722476589129,true
2.9250000000000003,5.104801743057488,0.17650948906277586,0.8325433046401169,2.1025904066854686,-0.0006484569784801531,-0.005461921694350447,0.023901980109500925,-0.04276245631720488,0.018860476207703952,0.03457714872136379,0.17975792557383885,1.376196793161741,7.655833748462139,-0.688721826551145,0.32111227277859417,0.30573621521182764,0.03311022892135344,1.8480517677248525,0.6020466949384495,true
2.975,5.104801743057488,0.1747502414428574,0.8412015737838986,2.0941167999982024,-0.0006565071176256036,-0.005451201190616789,0.02391507092407486,-0.04266591216893931,0.01875084124486445,0.034232522679361076,0.1793956342357028,1.3750167391377648,7.664716842167795,-0.6966906491047785,0.3265684900656957,0.3104343187941333,0.032734992579840236,1.8329789624720458,0.5971763476351829,true
3.0250000000000004,5.104801743057488,0.17297637231306073,0.8496072988940682,2.0854919133618353,-0.0006643815549325351,-0.0054402535687448905,0.02392653469548272,-0.04256690391777308,0.018640369222290364,0.03388503237139581,0.17902786779831625,1.3738205748286556,7.6737805779842745,-0.7048032617664405,0.3320226925790359,0.31510806175680356,0.03235747318227661,1.817773804152891,0.5922628796283569,true
3.075,5.104801743057488,0.17118854904110728,0.8577587604063,2.0767160856858657,-0.000672075702523185,-0.005429076880663741,0.02393631741375575,-0.04246541457948076,0.01852909716572501,0.03353480853079615,0.17865465955578494,1.3726084815133253,7.683026487673153,-0.7130601508151357,0.3374748178730003,0.3197572239139094,0.031977833234959174,1.802441525670511,0.5873079702037325,true
3.1250000000000004,5.104801743057488,0.16938744202472678,0.865654355192276,2.0677897111589396,-0.0006795849367349204,-0.0054176691774219105,0.023944366667072847,-0.0423614284687543,0.018417061801681452,0.033181982484450666,0.1782760433299122,1.3713806422018486,7.69245612919518,-0.7214618150355306,0.34292480199650127,0.32438159230993313,0.0315962348033778,1.7869873730316403,0.5823133031298112,true
3.1750000000000003,5.104801743057488,0.16757372432761652,0.8732925974723679,2.058713240587914,-0.0006869046018022202,-0.0054060285110548445,0.0239506316738498,-0.04225493122035746,0.018304299546507658,0.03282668608149498,0.17789205346859396,1.370137241576832,7.702071086715088,-0.7300087659401528,0.348372579464235,0.32898096119075365,0.03121283940472669,1.7714166024706834,0.5772805657410334,true
3.225,5.104801743057488,0.16574807131545194,0.8806721196774412,2.049487182704027,-0.0006940300138136152,-0.005394152936490759,0.023955063308425426,-0.042145909806454725,0.0181908464980293,0.03246905162200838,0.1775027248445318,1.36887846593572,7.711872970596204,-0.7387015279856946,0.35381808323128006,0.33355513197346526,0.03082780790234443,1.755734477599667,0.5722114480289244,true
3.2750000000000004,5.104801743057488,0.16391116029105152,0.887791673261302,2.040112105435254,-0.0007009564650661565,-0.005382040513487729,0.02395761412242047,-0.04203435255113357,0.0180767384287131,0.03210921178554488,0.17710809285426488,1.3676045031331627,7.721863417379292,-0.7475406387882015,0.3592612446718967,0.3381039132157556,0.03044130040199267,1.7399462665852452,0.5671076417416223,true
3.325,5.104801743057488,0.16206367012806178,0.8946501294639503,2.0305886371422206,-0.0007076792289743341,-0.005369689308591538,0.023958238364211713,-0.04192024914333855,0.017962010779126836,0.03174729955937423,0.17670819341748845,1.366315542522971,7.732044089743659,-0.7565266493398409,0.36470199356306293,0.34262712058526934,0.030053476149946814,1.7240572393527502,0.5619708394917946,true
3.3750000000000004,5.104801743057488,0.16020628090221817,0.901246480023512,2.0209174678118957,-0.0007141935656776017,-0.005357097397111155,0.02395689199884187,-0.04180359064937983,0.017846698650537958,0.03138344816624821,0.17630306297657009,1.3650117748989852,7.742416676449855,-0.7656601242313877,0.3701402580728955,0.34712457682904246,0.02966449343281971,1.7080726648150708,0.5568027338722394,true
3.4250000000000003,5.104801743057488,0.15833967351958203,0.9075798378327649,2.0110993502019126,-0.0007204947284304984,-0.005344262865104865,0.023953532730692336,-0.041684369526197924,0.01773083679550559,0.031017790991574437,0.17589273849616302,1.3636933924344716,7.752982892265446,-0.7749416418830832,0.37557596475346944,0.351596111742569,0.029274509479091163,1.6919978081239608,0.5516050165783885,true
3.475,5.104801743057488,0.15646452934141314,0.9136494375342206,2.0011351009262883,-0.0007265779708665307,-0.005331183811378953,0.02394812003002891,-0.04156257963596395,0.01761445960593504,0.030650461509931184,0.17547725746277762,1.3623605886200416,7.763744477879287,-0.784371794784601,0.3810090385372859,0.3560415621378594,0.028883680362368557,1.6758379279402267,0.5463793775365172,true
3.5250000000000004,5.104801743057488,0.15458152980558276,0.9194546360465867,1.9910256014726526,-0.0007324385551510872,-0.005317858349498564,0.023940615164076955,-0.04143821626236683,0.017497601098289874,0.03028159321090444,0.17505665788416655,1.3610135582002472,7.774703199810989,-0.7939511897440595,0.3864394027363338,0.36046077180963076,0.028492160906428372,1.6595982737193558,0.541127504036495,true
3.575,5.104801743057488,0.15269135604467687,0.9249949130148827,1.9807717991411429,-0.0007380717610077774,-0.005304284609816773,0.023930981232503326,-0.04131127612855105,0.017380294896047727,0.029911319524276645,0.1746309782883828,1.3596524971091901,7.7858608503233695,-0.803680448145015,0.3918669790425747,0.36485359149871327,0.028100104592117345,1.6432840830096223,0.5358510798680578,true
3.6250000000000004,5.104801743057488,0.15079468850115624,0.9302698711760091,1.9703747078962286,-0.0007434728955868251,-0.005290460741526656,0.023919183206538634,-0.041181757416340475,0.017262574209801842,0.029539773744638856,0.17420025772240746,1.358277602405631,7.797219247345091,-0.8135602062093809,0.3972916875283035,0.3692198788514978,0.027707663466227613,1.6269005787614244,0.5305517844601395,true
3.6750000000000003,5.104801743057488,0.1488922065403947,0.9352792366322538,1.959835409124048,-0.0007486373041037245,-0.005276384914743054,0.023905187970516918,-0.041049659786149745,0.017144471815632827,0.02916708895558727,0.1737645357502658,1.3568890722084643,7.808780234412066,-0.8235911152619458,0.40271344664493214,0.3735594983743806,0.02731498805252028,1.6104529666477283,0.525231292023149,true
3.725,5.104801743057488,0.14698458806214842,0.9400228590266662,1.9491550522888184,-0.0007535603811656219,-0.005262055322621487,0.023888964364256346,-0.040914984396798526,0.01702602003254218,0.02879339795361239,0.17332385245055373,1.3554871056330868,7.820545680634369,-0.8337738419940797,0.40813217321931233,0.3778723213826695,0.026922227265006805,1.5939464323956385,0.5198912706941531,true
3.7750000000000004,5.104801743057488,0.14507250911110864,0.944500711615091,1.9383348554826827,-0.0007582375827265915,-0.0052474701835208415,0.023870483224674967,-0.040777733924423624,0.016907250699748657,0.028418833171808627,0.1728782484132967,1.3540719027293378,7.832517480696497,-0.8441090687232946,0.41354778244698415,0.3821582259436622,0.026529528323613195,1.577386139129334,0.5145333816849946,true
3.825,5.104801743057488,0.14315664348782225,0.9487128912308476,1.927376105868328,-0.0007626644385819657,-0.005232627743215021,0.023849717425401297,-0.040637912579857445,0.016788195154456148,0.028043526603656017,0.17242776473620086,1.3526436644220978,7.844697554895073,-0.8545974936423044,0.4189601878809747,0.38641709681303515,0.026137036672454286,1.5607772247298048,0.5091592784350635,true
3.8750000000000004,5.104801743057488,0.14123766236091329,0.9526596181404416,1.916280160012895,-0.0007668365652179912,-0.005217526277158338,0.023826641913691875,-0.04049552612412752,0.016668884210435643,0.02766760972705669,0.17197244302028386,1.35120259245517,7.8570878492189475,-0.8652398310540925,0.4243693014160736,0.3906488253647474,0.02574489590082857,1.5441247992139029,0.5037706057695084,true
3.9250000000000003,5.104801743057488,0.1393162338808791,0.9563412357888295,1.9050484441127082,-0.0007707496791159112,-0.0052021640928099355,0.02380123374181852,-0.040350581880657564,0.016549348138839043,0.027291213428679906,0.171512325364894,1.349748889338873,7.869690335474551,-0.8760368115904585,0.4297750332687407,0.39485330951484926,0.025353247667011372,1.5274339421359686,0.4983689990639518,true
3.975,5.104801743057488,0.1373930227954986,0.9597582104320868,1.8936824541100301,-0.0007743996107581955,-0.005186539532021681,0.02377347208998185,-0.04020308874261606,0.016429616652634208,0.02691446792862281,0.1710474543621966,1.3482827583018158,7.88250701145659,-0.8869891824108634,0.4351772919519356,0.39903045363891015,0.024962231624946284,1.5107097000176464,0.4929560834175315,true
4.0249999999999995,5.104801743057488,0.1354686900698255,0.9629111306628724,1.8821837557051246,-0.0007777823182182709,-0.005170650973481572,0.02374333828861156,-0.04005305717930755,0.01630971889069599,0.026537502705969423,0.1705778730911528,1.3468044032476123,7.8955399011682585,-0.898097707376874,0.44057598424545846,0.40318016848380556,0.024571985353944358,1.4939570838095344,0.48753347283543874,true
4.075,5.104801743057488,0.1335438925109606,0.9658007068315914,1.8705539842701375,-0.0007808939010169124,-0.005154496835220186,0.02371081583405108,-0.039900499238831794,0.016189683404780712,0.026160446425285727,0.17010362511111327,1.3453140287180678,7.908791055095365,-0.9093631671922916,0.4459710151629615,0.40730237107501477,0.02418264429163208,1.4771810663917049,0.48210276942319963,true
4.125,5.104801743057488,0.13161928239614024,0.9684277703614934,1.8587948446654718,-0.0007837306146159454,-0.00513807557718178,0.02367589039325651,-0.03974542854456244,0.016069538151305934,0.025783426863764492,0.16962475445508532,1.3438118398619814,7.922262550527714,-0.9207863595132009,0.4513622879153776,0.4113969846194678,0.023794341670001558,1.460386580116999,0.4766655625940608,true
4.175,5.104801743057488,0.12969550710610062,0.9707932729629407,1.8469081109625838,-0.0007862888846292078,-0.005121385703851886,0.023638549804509704,-0.03958786028902914,0.01594931048451944,0.02540657083940352,0.169141305622728,1.342298042409579,7.9359564919263015,-0.9323680990270787,0.45674970387103103,0.4154639384043798,0.02340720845454375,1.4435785144009212,0.47122342829076014,true
4.225,5.104801743057488,0.12777320876429085,0.9728982857516039,1.83489562607962,-0.000788565321117398,-0.005104425766940923,0.023598784071561088,-0.039427811223917,0.015829027152355915,0.025030004140329635,0.16865332357316903,1.340772842654012,7.9498750113414,-0.9441092174913972,0.4621331625137998,0.4195031676933229,0.023021373286650774,1.426761713363419,0.46577792822336966,true
4.2749999999999995,5.104801743057488,0.1258530238818637,0.9747439982738132,1.8227593013339352,-0.0007905567328582195,-0.005087194368119295,0.023556585351691025,-0.039265299646433154,0.01570871429474213,0.02465385145525453,0.16816085371772171,1.3392364474394896,7.964020268876367,-0.9560105637330522,0.4675125613997348,0.42351461362002074,0.022636962429189108,1.409940973526568,0.4603306091245863,true
4.325,5.104801743057488,0.12393558300867716,0.9763317174425754,1.810501115915033,-0.0007922601415341297,-0.005069690161800013,0.023511947938266886,-0.03910034538233483,0.015588397444067946,0.02427823630510805,0.1676639419125529,1.3376890641561785,7.978394453196537,-0.9680730036066829,0.47288779611279697,0.42749822308051716,0.022254099715214727,1.3931210415711834,0.45488300202348975,true
4.375,5.104801743057488,0.12202151039040131,0.9776628663876819,1.7981231162815505,-0.0007936727957832098,-0.005051911857962686,0.023464868238349645,-0.038932969765912574,0.015468101527562929,0.0239032809758675,0.16716263445135693,1.3361309007418218,7.99299978208124,-0.9802974199109242,0.47825876022027713,0.4314539486242771,0.02187290649977307,1.376306612155256,0.4494366215387582,true
4.425,5.104801743057488,0.1201114236317784,0.9787389832230178,1.7856274154854415,-0.000794792185073489,-0.005033858225013628,0.023415344745845716,-0.038763195617189355,0.01534785087134364,0.02352910645259231,0.16665697805808238,1.3345621656900422,8.007838503017425,-0.9926847122614952,0.48362534522839357,0.435381748344701,0.021493501614724457,1.35950232579669,0.4439929651921864,true
4.475,5.104801743057488,0.11820593336594012,0.9795617197336348,1.7730161924254413,-0.0007956160533244199,-0.005015528092674908,0.023363378011135267,-0.03859104721682136,0.015227669205686096,0.023155832354645266,0.16614701987973654,1.3329830680650394,8.022912893832839,-1.0052357969216283,0.4889874405384176,0.43928158576940646,0.021116001326493453,1.3427127668218446,0.4385535127430525,true
4.5249999999999995,5.104801743057488,0.11630564292970694,0.980132839984742,1.7602916910317263,-0.0007961424122393,-0.004996920354896517,0.023308970607537213,-0.03841655027890188,0.015107579671364668,0.02278357687208562,0.1656328074792925,1.3313938175225128,8.038225263367371,-1.0179516065895726,0.4943449334036109,0.44315342975056987,0.020740519296659193,1.3259424613813218,0.43311972554384187,true
4.575,5.104801743057488,0.11441114804472338,0.9804542188543681,1.747456219382725,-0.0007963695542768091,-0.004978033972784367,0.023252127095374556,-0.03823973192206978,0.014987604826695224,0.022412456703205397,0.1651143888286995,1.3297946243364747,8.053777952181326,-1.0308330901439944,0.4996977088871943,0.4469972543555595,0.020367166545276524,1.3091958755334998,0.42769304591754376,true
4.625,5.104801743057488,0.11252303650428382,0.9805278404908331,1.734512148754697,-0.0007962960651998915,-0.004958867977537515,0.023192853984205584,-0.038060620639230755,0.01486776665502517,0.02204258699318044,0.16459181230199935,1.3281856994315966,8.069573333299173,-1.0438812123482302,0.5050456498213043,0.45081303875789175,0.019996051416820718,1.2924774133963133,0.4222748965567267,true
4.675,5.104801743057488,0.1106418878656742,0.9803557966959529,1.721461912604485,-0.0007959208361376632,-0.004939421473387877,0.023131159693686187,-0.037879246266144875,0.014748086572458689,0.021674081273802017,0.16406512666854856,1.326567254420664,8.085613812986914,-1.0570969535147612,0.5103886367668339,0.45460076712850206,0.019627279548644492,1.2757914153676317,0.4168666799445556,true
4.725,5.104801743057488,0.108768273147941,0.9799402852345401,1.7083080054850548,-0.0007952430750811773,-0.004919693640536238,0.023067054513559806,-0.03769563994915416,0.014628585435594355,0.02130705140427157,0.1635343810863218,1.3249395016467584,8.101901831562794,-1.070481309131171,0.5157265479740514,0.4583604285273167,0.019260953841840296,1.25914215641377,0.4114697777976388,true
4.775,5.104801743057488,0.10690275453497841,0.9792836080704845,1.6950529818937126,-0.000794262317747532,-0.004899683738078205,0.023000550562962976,-0.03750983411216742,0.014509283549204444,0.020941607513037266,0.1629996250952883,1.323302654229723,8.118439864239754,-1.0840352894491696,0.5210592593436736,0.4620920167949645,0.01889717443440501,1.2425338444261762,0.4060855505307589,true
4.825,5.104801743057488,0.10504588508386559,0.9783881695299838,1.6816994550529334,-0.0007929784377250772,-0.0048793911069144325,0.022931661749442413,-0.03732186242312282,0.014390200673680405,0.02057785794065903,0.16246090861084633,1.3216569261163846,8.135230421997942,-1.0977599190388172,0.5263866443881384,0.465795530444522,0.018536038676600423,1.2259706186460722,0.40071533674345666,true
4.875,5.104801743057488,0.10319820843848365,0.9772564743920142,1.668250095623197,-0.0007913916558244442,-0.004858815172639447,0.022860403727729347,-0.037131759759975264,0.014271356032245917,0.020215909183707838,0.161918281917289,1.3200025321341442,8.15227605248694,-1.1116562363093874,0.5317085741927821,0.4694709725531635,0.018177641108422595,1.2094565481565056,0.3953604527283196,true
4.925,5.104801743057488,0.10136025854843542,0.9758911259065057,1.6547076303483224,-0.0007895025485527241,-0.004837955448404346,0.02278679385843013,-0.03693956217630971,0.014152768317879583,0.01985586583970377,0.1613717956613056,1.318339688047359,8.169579340954659,-1.1257252929992663,0.5370249173763479,0.47311835065340924,0.017822073439089856,1.192995630442142,0.39002219200112304,true
4.975,5.104801743057488,0.09953255939335659,0.9742948237407886,1.6410748406334559,-0.0007873120556237706,-0.004816811537748017,0.022710851166743505,-0.03674530686665871,0.014034455699915203,0.01949783055311022,0.16082150084550897,1.3166686106159666,8.187142911200702,-1.1399681536372939,0.5423355400504456,0.4767376766238068,0.017469424528465914,1.1765917900166727,0.38470182485281224,true
5.025,5.104801743057488,0.09771562471278099,0.9724703618551169,1.6273545610558968,-0.0007848214864365361,-0.004795383137392549,0.022632596300980815,-0.036549032131434844,0.01391643583045403,0.01914190396241615,0.16026744882196323,1.3149895176559223,8.204969426553415,-1.154385894977344,0.5476403057778126,0.48032896657905483,0.017119780370351743,1.1602488771172725,0.3794005979231628,true
5.075,5.104801743057488,0.09590995774171034,0.9704206263082036,1.6135496778097322,-0.0007820325254428969,-0.0047736700399983595,0.022552051490939615,-0.03635077734152238,0.013798725850582765,0.018788184648335763,0.15970969128571744,1.3133026281008133,8.223061590867026,-1.168979605409097,0.5529390755288945,0.4838922407593499,0.01677322407757457,1.1439706664663705,0.37411973379623553,true
5.125,5.104801743057488,0.09411605095210748,0.9681485929941102,1.5996631270853474,-0.0007789472363294012,-0.0047516721368748155,0.0224692405061209,-0.03615058290254492,0.013681342396424021,0.018436769083168603,0.15914828026834393,1.311608162064043,8.241422149535687,-1.183750384347885,0.5582317076364327,0.4874275234188695,0.016429835868812127,1.1277608561007717,0.3688604306176607,true
5.175,5.104801743057488,0.09233438580057488,0.9656573253118184,1.5856978933852433,-0.0007755680649544494,-0.004729389420641675,0.02238418861366737,-0.03594849021876861,0.013564301605101237,0.018087751581371266,0.15858326813149048,1.3099063409010134,8.260053890520751,-1.1986993416062595,0.5635180577476052,0.49093484271321697,0.016089693057106468,1.1116230662684268,0.3636238617338671,true
5.225,5.104801743057488,0.09056543248248956,0.9629499717693399,1.5716570077779322,-0.0007718978409812052,-0.004706821987837267,0.02229692253595668,-0.035744541656627035,0.013447619120670357,0.01774122425139394,0.15801470756045483,1.3081973872706278,8.278959645386964,-1.213827596750704,0.5687979787734224,0.4944142305857646,0.015752870040017325,1.0955608383930224,0.35841117535333256,true
5.275,5.104801743057488,0.0888096496928977,0.9600297635244375,1.5575435460915399,-0.0007679397781711653,-0.004683970041469358,0.022207470407666696,-0.035538780507797144,0.013331310100130448,0.01739727694884106,0.1574426515577705,1.3064815251955613,8.298142290344833,-1.2291362784463198,0.5740713208354102,0.4978657226530604,0.015419438291381852,1.0795776341060113,0.3532234942297383,true
5.325,5.104801743057488,0.08706748439447923,0.9569000118639214,1.543360627049117,-0.0007636974732888339,-0.004660833893503722,0.022115861732380428,-0.03533125095187582,0.013215389219495395,0.017055997231016994,0.1568671534368215,1.3047589801205477,8.317604747293649,-1.2446265237934973,0.5793379312090957,0.5012893580891172,0.015089466354642497,1.0636768343463974,0.3480619153671473,true
5.375,5.104801743057488,0.08533937159294608,0.9535641056241709,1.5291114103482109,-0.0007591749035992442,-0.004637413967286279,0.022022127338590547,-0.035121998018609255,0.013099870680018708,0.016717470312927887,0.15628826681549074,1.3030299789680801,8.337349984860978,-1.260299477659809,0.5845976542642791,0.5046851795087194,0.0147630198377252,1.0478617385282225,0.34292750974719155,true
5.425,5.104801743057488,0.08362573412020743,0.9500255085552429,1.5147990946868368,-0.0007543764229457574,-0.004613710799893943,0.021926299335109083,-0.03491106754969245,0.012984768214583366,0.016381779024805056,0.15570604560984888,1.301294750190835,8.357381019433738,-1.2761562920110299,0.5898503314018533,0.5080532328497367,0.014440161409448546,1.0321355637756455,0.3378213220782354,true
5.475,5.104801743057488,0.08192698242570808,0.9462877566313235,1.500426915738533,-0.0007493067563995766,-0.004589725044409233,0.021828411065895906,-0.034698506160165864,0.012870095094269958,0.01604900377122941,0.15512054402789624,1.2995535238201814,8.377700916175714,-1.2921981252449135,0.5950958009869778,0.5113935672544657,0.014120950797458643,1.0165014442256364,0.3327443705665246,true
5.525,5.104801743057488,0.08024351437632657,0.9423544553103848,1.4859981440792538,-0.0007439709934959309,-0.004565457472114263,0.021728497064242066,-0.034484361199393354,0.012755864135151288,0.01571922249193271,0.15453181656336193,1.2978065315101464,8.398312790026726,-1.3084261415315028,0.6003338982785595,0.5147062349501134,0.013805444787688822,1.0009624303980063,0.3276976467092215,true
5.575,5.104801743057488,0.0785757150652148,0.938229276745828,1.4715160830686052,-0.0007383745800741249,-0.00454090897459852,0.021626593006379785,-0.03426868071167502,0.012642087705295235,0.015392510624350396,0.15393991798957152,1.2960540065761799,8.419219806677951,-1.3248415101639603,0.6055644553547488,0.5179912911283815,0.013493697225348919,0.9855214886326201,0.3226821151092711,true
5.625,5.104801743057488,0.07692395663002677,0.9339159569533189,1.4569840666881424,-0.0007325233087580534,-0.004516080565776032,0.02152273566447075,-0.034051513396486516,0.012528777732015765,0.015068941068013675,0.15334490335336218,1.2942961840282492,8.44042518352059,-1.3414454049231408,0.6107873010348311,0.5212487938245314,0.013185759017461315,0.9701815005927834,0.3176987133117482,true
5.675,5.104801743057488,0.07528859808094526,0.929418292935865,1.4424054573398224,-0.0007264233081183712,-0.004490973383806503,0.021416962859022413,-0.03383290856838611,0.012415945709363697,0.014748584150861,0.1527468279690693,1.2925333005976491,8.461932190561644,-1.3582390034597782,0.6160022607971478,0.5244788037958296,0.012881678136964224,0.9549452628348978,0.3127483516617079,true
5.725,5.104801743057488,0.07366998513894035,0.9247401397701775,1.4277836436073112,-0.000720081030566822,-0.004465588692915655,0.02130931341087049,-0.03361291611667362,0.012303602705803132,0.014431507597553865,0.15214574741257905,1.2907655947570482,8.483744151302718,-1.375223486697682,0.6212091566929884,0.5276813843994737,0.012581499628409275,0.9398154864436812,0.3078319131832844,true
5.775,5.104801743057488,0.07206845008470442,0.9198854076575892,1.413122037983156,-0.0007135032390489316,-0.004439927885109763,0.021199827092718407,-0.03339158646481401,0.0121917593720956,0.014117776499884105,0.15154171751543496,1.2889933067333592,8.505864443578524,-1.3924000382610757,0.6264078072566247,0.5308566014702271,0.012285265615286936,0.9247947967320556,0.3029502534797237,true
5.825,5.104801743057488,0.07048431161871202,0.9148580589427995,1.3984240745648098,-0.0007066969926126577,-0.004413992481779799,0.021088544580203095,-0.03316897052962339,0.012080425949420298,0.013807453289360441,0.1509347943590154,1.2872166785130976,8.528296500350395,-1.409769843928586,0.6315980274112935,0.5340045231977658,0.011993015309026666,0.9098857330055089,0.2981042006542587,true
5.875,5.104801743057488,0.06891787473283016,0.9096621051036202,1.3836932067223378,-0.0006996696309220392,-0.004387784135190382,0.020975507402708708,-0.03294511968034343,0.011969612277634722,0.013500597712057716,0.15032503426874483,1.2854359538398805,8.551043810452967,-1.427334091117058,0.6367796283713888,0.537125220004011,0.011704785019703859,0.8950907483893511,0.293294555251282,true
5.925,5.104801743057488,0.06736943059391617,0.9043016037151119,1.3689329047410133,-0.0006924287578108176,-0.004361304629849173,0.020860757893922284,-0.03272008569761679,0.011859327803694503,0.01319726680581442,0.14971249380836024,1.2836513782038201,8.574109919289437,-1.4450939683973023,0.6419524175406741,0.5402187644204374,0.011420608168507079,0.8804122097187254,0.2885220902177425,true
5.975,5.104801743057488,0.06583925643985719,0.8987806553913392,1.354146653441663,-0.0006849822239702801,-0.0043345558837524535,0.020744339142158175,-0.03249392073238958,0.011749581590231407,0.01289751487986744,0.14909722977421194,1.2818631988227733,8.597498429474417,-1.4630506650429793,0.6471161984066408,0.5432852309655364,0.011140515302021295,0.8658523974901691,0.28378755088433394,true
6.025,5.104801743057488,0.06432761548842067,0.8931034007080997,1.3393379497819422,-0.0006773381088636611,-0.004307539949503059,0.020626294940576443,-0.03226667726481832,0.011640382324241878,0.01260139349699643,0.14847929918957475,1.2800716646152046,8.621213001422106,-1.4812053706153088,0.6522707704312453,0.5463246960226656,0.010864534108362122,0.8514135058734418,0.27909165496602806,true
6.075,5.104801743057488,0.06283475685935226,0.8872740171100021,1.324510300441442,-0.0006695047019771447,-0.004280259015296897,0.020506669737325747,-0.03203840806320996,0.011531738325884215,0.012308951458263254,0.14785875929898304,1.278277026164795,8.645257353877899,-1.4995592745835375,0.6574159289378749,0.5493372377182785,0.010592689435228746,0.8370976427832131,0.27443509258178084,true
6.125,5.104801743057488,0.06136091551009806,0.881296715805126,1.3096672193938714,-0.0006614904835053129,-0.004252715405774611,0.020385508585722273,-0.03180916614306322,0.011423657557340948,0.012020234790420352,0.1472356675625535,1.2764795356768364,8.66963526439353,-1.5181135659822396,0.6625514649948077,0.552322935800766,0.010325003309917037,0.8229068300090179,0.2698185262928593,true
6.175,5.104801743057488,0.059906312185478844,0.8751757386507057,1.2948122254693268,-0.000653304104581309,-0.004224911582735491,0.020262857094489085,-0.031579004726238376,0.01131614763174929,0.01173528673605223,0.1466100816502967,1.2746794469265266,8.694350569744376,-1.5368694331057104,0.6676771652951515,0.5552818715199749,0.01006149496134168,0.8088430034027434,0.26524259115951415,true
6.225,5.104801743057488,0.058471153381662165,0.8689153550330533,1.2799488399097376,-0.0006449543671608214,-0.004196850145710834,0.02013876137812652,-0.03134797720030162,0.0112092158221751,0.011454147746517821,0.14598205943639134,1.2728770151994522,8.719407166290061,-1.5558280632389077,0.6727928120335712,0.5582141275076342,0.009802180844113394,0.7949080131222742,0.2607078948155172,true
6.275,5.104801743057488,0.05705563132473345,0.8625198587452039,1.2650805839206312,-0.0006364502036889862,-0.004168533832394272,0.02001326800755185,-0.031116137078127312,0.011102869070575463,0.011176855477752668,0.14535165899341762,1.2710724972247363,8.744809010279669,-1.5749906424228082,0.6778981827797111,0.5611197876586919,0.009547074664725682,0.7811036239304606,0.25621501756025267,true
6.325,5.104801743057488,0.055659923964649555,0.8559935648652268,1.2502109762223248,-0.0006278006562649725,-0.004139965518927096,0.019886423961156544,-0.030883537957844757,0.010997113996688214,0.010903444789084484,0.14471893858654605,1.2692661510997625,8.770560118091973,-1.5943583552628953,0.6829930503482171,0.5639989370135495,0.009296187409792258,0.7674315155483054,0.25176451246801623,true
6.375,5.104801743057488,0.05428419497438288,0.8493408066317261,1.2353435305998495,-0.0006190148510847263,-0.004111148220043236,0.019758276569026588,-0.030650233479497697,0.01089195691047111,0.010633947743065477,0.14408395666803817,1.2674582361465694,8.796664565970563,-1.6139323851939642,0.6880771826633253,0.5668516616401034,0.009049527372662703,0.7538932830623798,0.24735690551612002,true
6.425,5.104801743057488,0.052928593744277275,0.8425659324349994,1.2204817535649857,-0.0006101020843573914,-0.004082085089271359,0.01962887315287296,-0.03041627712819713,0.01078740397532417,0.010368393604366708,0.14344677186272414,1.2656490135606564,8.82312649581169,-1.633713909321104,0.6931503429271665,0.569678048687309,0.00880710022996581,0.7404904372855566,0.24299269567565304,true
6.475,5.104801743057488,0.05159325804449942,0.8356732893508563,1.205629123098213,-0.0006010712818186932,-0.00405277929155661,0.01949824748416783,-0.030181714611884812,0.010683467127716981,0.010106809361336328,0.14280744215645055,1.2638387513988247,8.849950200874302,-1.6537040719660279,0.6982122996087551,0.5724781918476513,0.008568909216476175,0.7272243894359446,0.2386723497292784,true
6.525,5.104801743057488,0.05027825303740618,0.8286674000726899,1.1907891455783501,-0.0005919209036153915,-0.004023198529250455,0.019366272822661436,-0.029946315090973116,0.01058004226831168,0.009849207778888655,0.14216601691492567,1.2620274845908415,8.877138939230871,-1.6739057657609198,0.7032631339709474,0.5752523594260961,0.008334939512589396,0.7140962685078212,0.23439624818843538,true
6.575,5.104801743057488,0.04898368689344881,0.8215526177375218,1.1759652268066603,-0.000582668673146161,-0.0039933706774079696,0.019233125554652217,-0.02971034327525347,0.010477217720601253,0.00959561004696538,0.14152255268754518,1.2602155442086556,8.904697663212529,-1.6943197478973038,0.7083025684294252,0.5780006231553073,0.008105193378258815,0.7011073018003671,0.23016479686748745,true
6.625,5.104801743057488,0.047709703967326,0.8143332306581024,1.1611609111700574,-0.0005733267606567353,-0.003963307825698878,0.019098914217994166,-0.029473929931422456,0.01037501571342829,0.00934604444378492,0.14087712128545543,1.25840332946679,8.932630919657436,-1.7149461057176865,0.7133300724647185,0.5807229222153389,0.007879676836000018,0.6882589378062512,0.22597847366885837,true
6.675,5.104801743057488,0.04645638789042427,0.8070135854209293,1.1463796085167939,-0.0005639050236998717,-0.003933016352930923,0.018963698290720008,-0.02923714725655125,0.010273448965831242,0.00910052735223357,0.14022978245639434,1.2565911239278578,8.960943259814337,-1.735785878066468,0.718345351975751,0.5834193300937603,0.007658383930602585,0.6755522831351568,0.2218376476798547,true
6.725,5.104801743057488,0.04522380430325318,0.7995980584582787,1.1316247335450949,-0.0005544126461735531,-0.003902500070015396,0.018827525559394168,-0.029000046458182313,0.010172520898788145,0.008859071630892893,0.13958059587298194,1.254779194118458,8.98963918495021,-1.7568402280263395,0.7233481373272452,0.5860899371391725,0.0074413052106327175,0.6629883577281084,0.21774266059001615,true
6.775,5.104801743057488,0.04401200563317865,0.7920910151821908,1.1168996730166827,-0.0005448587273032359,-0.0038717629660639657,0.018690444016185817,-0.028762678688239486,0.010072234672053669,0.008621687549968973,0.13892962136794013,1.2529678084203248,9.01872326493984,-1.7781103061199384,0.7283381490704098,0.5887348318515795,0.007228428928379161,0.6505681023838793,0.2136938286806186,true
6.825,5.104801743057488,0.04282103030770451,0.7844968134497872,1.102207788117001,-0.0005352523228047203,-0.0038408093637758954,0.018552501983595062,-0.028525096096513283,0.009972594112918221,0.008388382637178997,0.13827691886664778,1.251157234613307,9.048200125285584,-1.7995972677600172,0.7333151030316684,0.5913541035998852,0.0070197409511453856,0.6382923782243416,0.2096914426889606,true
6.875,5.104801743057488,0.04165090337249011,0.7768197998270581,1.0875524110873203,-0.0005256023896803912,-0.003809643707451519,0.018413747735226776,-0.028287350505138503,0.009873602769911727,0.0081591617988172,0.1376225483337073,1.2493477408825056,9.078074458068352,-1.8213022658882365,0.7382787103890528,0.593947842613688,0.006815224867588545,0.6261619668825751,0.20573576782830724,true
6.925,5.104801743057488,0.040501636763673084,0.7690643056341913,1.0729368444630991,-0.0005159177665592829,-0.003778270557623019,0.018274229275401156,-0.028049493235898986,0.00977526396049783,0.007934027373101251,0.1369665699617565,1.247539595521427,9.108351007620051,-1.843226449702759,0.7432286738717077,0.5965161379688045,0.0066148620662876065,0.6141775750190909,0.20182704526326442,true
6.975,5.104801743057488,0.03937322922101384,0.7612346443351217,1.0583643552743807,-0.0005062071514267904,-0.0037466946091313557,0.018133994557096935,-0.027811575305320257,0.009677580748223322,0.007712979113157782,0.13630904384822676,1.2457330666474027,9.139034589916598,-1.8653709700708538,0.7481646925183323,0.5990590800497877,0.006418631729327954,0.6023398295398072,0.19796549052151785,true
7.025,5.104801743057488,0.03826566685467721,0.753335109075916,1.0438381791942621,-0.0004964791003300307,-0.003714920688784485,0.017993091281104157,-0.0275736473165358,0.009580556035431644,0.007496014298051512,0.13565003049955995,1.2439284220547155,9.170130058015364,-1.8877369728723736,0.7530864537999564,0.6015767564663477,0.006226510975727307,0.590649287747486,0.19415129681987256,true
7.075,5.104801743057488,0.03717892297539527,0.7453699696741825,1.029361510622058,-0.0004867420124805294,-0.0036829537507033277,0.017851566835835494,-0.02733575939725913,0.009484192561423636,0.007283127699515161,0.13498959016316656,1.2421259295034948,9.201642348881084,-1.9103256049952,0.7579936436867095,0.6040692572220852,0.006038474829375468,0.5791064266890934,0.19038463152939872,true
7.125,5.104801743057488,0.036112958664915124,0.7373434700365457,1.0149375079076923,-0.0004770041164700421,-0.00365079887354306,0.017709468327976048,-0.027097961203877134,0.009388492875901086,0.007074311693696747,0.13432778345344598,1.2403258561049755,9.233576436812386,-1.9331380092713275,0.7628859364653493,0.6065366694880304,0.005854496361022195,0.5677116553272861,0.1866656401755551,true
7.175,5.104801743057488,0.03506772282646589,0.7292598256584266,1.0005692852429062,-0.00046727346746995135,-0.0036184612586345017,0.01756684241169669,-0.0268603018206095,0.00929345940891281,0.00686955627104576,0.1336646707775552,1.2385284691199492,9.2659373783302,-1.9561753256041146,0.7677630038189445,0.6089790822059183,0.005674546699176814,0.5564653059286991,0.1829944435649899,true
7.225,5.104801743057488,0.034043152488938376,0.7211232207172737,0.9862599149189886,-0.0004575579104259665,-0.0035859462272939914,0.017423735741328026,-0.02662282997719314,0.009199094235865114,0.006668849095900138,0.13300031274957183,1.2367340346734967,9.29873027443297,-1.979438693668416,0.7726245073217947,0.6113965822790541,0.005498595108873889,0.5453676423760487,0.17937114052620728,true
7.275,5.104801743057488,0.03303917319262338,0.7129378057580009,0.9720124261632335,-0.0004478651027673352,-0.0035532592189143875,0.017280194358585223,-0.026385593734279858,0.009105399375694635,0.0064721755820500845,0.13233477023023804,1.2349428183123294,9.331960271391692,-2.0029292469886792,0.7774700978949811,0.6137892543454885,0.005326609090627125,0.5344188619786493,0.1757958084730437,true
7.325,5.104801743057488,0.03205569898926811,0.7047076951455997,0.9578297970368335,-0.00043820249623299383,-0.003520405788504958,0.017136263754362255,-0.026148640497587076,0.009012376743224821,0.006279518892749116,0.13166810372268659,1.2331550853811832,9.365632605892152,-2.026648118065355,0.782299425404997,0.6161571855158036,0.005158554375191512,0.5236190869918219,0.1722685005821748,true
7.375,5.104801743057488,0.031092632931209674,0.6964369647344,0.9437149594879608,-0.0004285773138043071,-0.00348739160370759,0.016991989175593726,-0.025912017164416705,0.008920027988822979,0.006090860036532378,0.13100037402478776,1.2313710997756098,9.399752549886697,-2.0505964370266647,0.7871121273928207,0.6185004597857726,0.004994395042289692,0.5129683765961219,0.16878924973873016,true
7.425,5.104801743057488,0.030149867271031926,0.688129649446979,0.9296707943711402,-0.00041899655979867794,-0.003454222442357134,0.01684741532654175,-0.025675769963970526,0.008828354637428776,0.005906177906328221,0.13033164190618332,1.2295911245309044,9.434325437379217,-2.0747753309495187,0.791907834209901,0.6208191605843428,0.004834093568761525,0.5024667230376101,0.16535806723101906,true
7.475,5.104801743057488,0.02922728381090432,0.6797897410170761,0.9157001302418443,-0.0004094670063160725,-0.00342090418955429,0.01670258645808663,-0.025439944492171865,0.008737358034085235,0.005725449347891585,0.12966196814365225,1.2278154217362558,9.469356661129511,-2.0991859229083385,0.7966861680369246,0.6231133702879013,0.004677610902659122,0.4921140536400141,0.16197494339184182,true
7.525,5.104801743057488,0.02832475424902128,0.6714211857986554,0.9018057425454789,-0.0003999951917091462,-0.0033874428346913595,0.016557546264606253,-0.02520458565150492,0.008647039386898668,0.005548649227669389,0.128991413591577,1.226044252469421,9.504851666727376,-2.123829330206425,0.8014467414012665,0.6253831695146687,0.00452490654231888,0.4819102333033648,0.15863984839969533,true
7.575,5.104801743057488,0.027442140480223313,0.6630278828055027,0.887990350869279,-0.0003905874211753766,-0.0033538444683877326,0.016412337743087035,-0.024969737570183264,0.008557399827096229,0.005375750491690402,0.12832003902409883,1.224277877170558,9.540815966714563,-2.148706662859264,0.8061891598129558,0.6276286383899564,0.004375938599670417,0.4718550635828223,0.15535273194644528,true
7.625,5.104801743057488,0.026579294798366737,0.6546136813295425,0.8742566171073163,-0.0003812497452352904,-0.003320115278897557,0.016267003498550443,-0.02473544374514893,0.008468440246598489,0.0052067242052082595,0.12764790512270202,1.2225165548691084,9.577255135475665,-2.173819028711514,0.8109130211956889,0.6298498562557185,0.004230663844075726,0.4619482840337785,0.15211352366924502,true
7.675,5.104801743057488,0.025736060373590722,0.6461823790784547,0.8606071475957504,-0.0003719879693718622,-0.0032862615487619165,0.01612158551226131,-0.024501746921075478,0.008380161408814167,0.005041539646195207,0.12697507283984288,1.2207605429190882,9.614174779477123,-2.1991675282055096,0.8156179093736148,0.6320468986237794,0.00408903781324099,0.4521895789707081,0.14892213535791402,true
7.725,5.104801743057488,0.0249122714255593,0.6377377200643586,0.8470444862516289,-0.0003628076580878369,-0.0032522896515949067,0.015976124962702856,-0.024268688989361718,0.008292564026658861,0.00488016433927917,0.12630160278999378,1.219010098013639,9.651580590315476,-2.224753255535269,0.8203034044638295,0.6342198420657106,0.003951014841121054,0.44257857017187846,0.1457784585124624,true
7.775,5.104801743057488,0.024107753679865666,0.6292833929412355,0.8335711169889899,-0.00035371411808064897,-0.00321820604835304,0.015830662504086386,-0.024036311120973368,0.008205648616886982,0.0047225641451506175,0.12562755563667863,1.217265475386237,9.689478309254314,-2.2505772971611875,0.8249690756191912,0.6363687607997617,0.003816548152412978,0.43311482405207913,0.14268236669551024,true
7.825,5.104801743057488,0.02332232470940558,0.6208230292240879,0.8201894622497556,-0.00034471240522185163,-0.0031840172839545924,0.015685238116707016,-0.023804653685802993,0.008119415569095977,0.004568703327435558,0.12495299205442108,1.215526929008772,9.727873730941718,-2.2766407295579665,0.829614481409737,0.6384937268967813,0.0036855899345333175,0.42379785260043923,0.1396337158154435,true
7.875,5.104801743057488,0.022555794239673254,0.6123602015741926,0.8069018808483419,-0.00033580732402639424,-0.0031497299838343443,0.01553989106255613,-0.023573756223680485,0.008033865161124355,0.004418544612501172,0.12427797259962196,1.2137947117536803,9.766772714132387,-2.3029446189017597,0.8342391718295505,0.6405948112119896,0.0035580913970367596,0.4146271131533362,0.13663234402658922,true
7.925000000000001,5.104801743057488,0.02180796448348477,0.6038984221455745,0.793710667517868,-0.0003270034229144852,-0.003115350850319796,0.015394659955677448,-0.023343657474004215,0.007948997518326766,0.004272049255026118,0.12360255777831741,1.212069075045568,9.806181173203775,-2.3294900213217216,0.8388426866122103,0.6426720826169389,0.0034340028389528545,0.4056020108975688,0.13367807253617706,true
7.975,5.104801743057488,0.021078630480034555,0.5954411409655955,0.7806180521146959,-0.00031830499866442724,-0.003080886659028133,0.015249582675180843,-0.02311439532731973,0.007864812652138887,0.004129177104419661,0.12292680806897612,1.2103502687864531,9.84610507504032,-2.3562779816996464,0.843424554422954,0.6447256076518798,0.0033132737184251707,0.3967219007170164,0.13077070619123135,true
8.025,5.104801743057488,0.020367580456009456,0.5869917445231374,0.7676261978154435,-0.0003097161017105539,-0.003046344255224463,0.015104696262882394,-0.022886006768245447,0.007781310505363053,0.003989886675561748,0.12225078379083182,1.2086385418654697,9.886550452988681,-2.38330953062062,0.847984295092757,0.6467554515395919,0.003195852720378541,0.38798608707215204,0.1279100334102818,true
8.075,5.104801743057488,0.019674596123957125,0.5785535541984509,0.7547371999450053,-0.0003012405275402893,-0.0030117305498766353,0.01496003710410844,-0.022658527960421185,0.007698490856312745,0.0038541352072515855,0.12157454507484866,1.2069341417919823,9.927523405898171,-2.4105856865644744,0.852521419489869,0.6487616781151628,0.0030816878110007133,0.3793938252833861,0.12509582658892499,true
8.125,5.104801743057488,0.01899945313696185,0.5701298252561592,0.7419530877914187,-0.0002928818258621889,-0.0029770525157831037,0.014815640792662926,-0.022431994176512947,0.0076163533838500205,0.0037218787512759022,0.12089815215214503,1.2052373145523911,9.969030072814123,-2.438107449952278,0.8570354240568444,0.6507443474208084,0.0029707263306228094,0.37094432675365313,0.12232784380167183,true
8.175,5.104801743057488,0.01834192129744073,0.5617237453129125,0.7292758201090395,-0.0002846433011774443,-0.0029423171837428554,0.014671542130962107,-0.022206439792380933,0.007534897661418826,0.003593072213310865,0.12022166487998051,1.2035483051990898,10.011076675744045,-2.4658758061358017,0.8615257992147939,0.6527035194240771,0.0028629150247186544,0.3626367546474748,0.11960582734901007,true
8.225,5.104801743057488,0.01770176498478399,0.5533384334226501,0.7167072881777597,-0.00027652800937171803,-0.002907531638459709,0.014527775248613532,-0.021981898344772086,0.007454123096158553,0.003467669436694251,0.1195451432022936,1.2018673568077372,10.053669472576933,-2.493891723294559,0.8659920202234976,0.6546392500077453,0.0027582001294694522,0.3544702311746543,0.11692950614950312,true
8.275,5.104801743057488,0.017078743460152014,0.5449769388664958,0.7042493132416368,-0.0002685387728603862,-0.0028727030148209707,0.014384373347791067,-0.02175840240069407,0.007374029052903004,0.003345623262133352,0.11886864687993183,1.2001947112781601,10.096814784898378,-2.5221561495914946,0.8704335521219546,0.6565515931573261,0.0026565274273368223,0.34644383585328614,0.11429859513726418,true
8.325,5.104801743057488,0.016472611181829466,0.5366422400989261,0.6919036450908274,-0.00026067817863653403,-0.002837838493988421,0.014241368786689548,-0.021535983595215476,0.007294614808525928,0.0032268855894809546,0.11819223535230416,1.1985306094798285,10.140519010468678,-2.550670013318217,0.8748498519925989,0.6584406019192556,0.002557842299427009,0.33855660556913064,0.11171279525974759,true
8.375,5.104801743057488,0.015883118184162145,0.528337243944455,0.6796719634728634,-0.00025294857742095195,-0.0028029452993631955,0.0140987931982993,-0.021314672689542492,0.007215879491243192,0.003111407451966794,0.11751596797483352,1.1968752906711564,10.184788597643783,-2.579434221175448,0.8792403638886124,0.6603063262110906,0.002462089795839626,0.33080753899389026,0.10917179492079311,true
8.425,5.104801743057488,0.015310010403206136,0.5200647847239934,0.6675558774460923,-0.00024535209107498073,-0.0027680306926741688,0.013956677425239226,-0.021094499537371615,0.007137822112132389,0.0029991390799902653,0.11683990397406367,1.1952289926257347,10.229630049088826,-2.608449656394094,0.8836045193237334,0.6621488130543814,0.0023692146937997144,0.3231955976068859,0.10667527029644533,true
8.475,5.104801743057488,0.014753029991819391,0.5118276234866018,0.6555569247589212,-0.00023789061698108858,-0.002733101970037563,0.013815051491962122,-0.02087549306982352,0.007060441577861398,0.0028900299628449744,0.11616410238925624,1.1935919516765328,10.275049926154514,-2.6377171778654938,0.8879417380680624,0.6639681069234475,0.0022791615517311473,0.31571970660550364,0.10422288561538781,true
8.525,5.104801743057488,0.014211915640986788,0.5036284473560422,0.6436765717705473,-0.00023056583367733475,-0.0026981664580001774,0.013673944562290541,-0.020657681273398943,0.006983736711108402,0.002784028911664384,0.11548862207722439,1.1919644026405876,10.321054846801708,-2.6672376189009914,0.8922514277546024,0.66576424958348,0.0021918747653814946,0.3083787565396518,0.10181429367975392,true
8.575,5.104801743057488,0.013686402889496074,0.49546986892374373,0.6319162127971789,-0.00022337920712702615,-0.0026632315095997715,0.013533384899928391,-0.020441091169235336,0.006907706269306944,0.002681084120085473,0.11481352161845756,1.1903465790083625,10.367651494604107,-2.6970117859520237,0.8965329855048637,0.6675372807648683,0.0021072986196916717,0.30117160389477643,0.0994491360371516,true
8.625,5.104801743057488,0.013176224425180136,0.4873544256876841,0.6202771700031546,-0.0002163319913483842,-0.002628304500327478,0.013393399969116121,-0.02022574886299482,0.006832348893878699,0.002581143223260287,0.11413885930585699,1.1887387126761002,10.414846616704365,-2.727040459461886,0.9007857976714886,0.6692872380360502,0.002025377337920019,0.29409707259891354,0.09712704346190942,true
8.675,5.104801743057488,0.012681110416371499,0.4792845796658476,0.6087606945497029,-0.00020942523302044876,-0.0025933928240640613,0.01325401646460037,-0.020011679560981918,0.006757663096381547,0.0024841533627858836,0.11346469329309884,1.1871410334810495,10.462647005218264,-2.7573243926265407,0.9050092364200883,0.6710141553891289,0.001946055138938749,0.28715395713419034,0.09484763696750238,true
8.725,5.104801743057488,0.012200788814533157,0.4712627169705179,0.5973679659679484,-0.00020265978157059687,-0.0025585038891492193,0.013115260206013918,-0.019798907518125738,0.00668364731211182,0.0023900612459878947,0.112791081563346,1.185553769323595,10.511059499484995,-2.7878643091103354,0.9092026598699451,0.6727180633161981,0.0018692762892489122,0.2803410236944119,0.0926105281697448,true
8.775,5.104801743057488,0.011734985650351434,0.4632911474971061,0.5861000917215121,-0.00019603629318157593,-0.002523645114419673,0.012977156160038326,-0.01958745604966815,0.006610299889629825,0.00229881320392334,0.11211808170199297,1.1839771466361741,10.560091009968897,-2.818660902563483,0.9133654167566736,0.6743989906991266,0.0017949851448690272,0.27365700944962357,0.09041531902325915,true
8.825,5.104801743057488,0.011283425337788412,0.4553721047731978,0.5749581082021411,-0.0001895552337022716,-0.0024888239251839137,0.01283972850258364,-0.019377347564024032,0.006537619061440392,0.0022103552509426696,0.11144575109340335,1.1824113896298514,10.609748492240547,-2.84971483662913,0.9174968417428107,0.6760569628838788,0.001723126203145835,0.26710062606713325,0.08826160297257223,true
8.875,5.104801743057488,0.010845830962428407,0.4475077458454306,0.5639429810596833,-0.00018321688778664302,-0.002454047749295932,0.01270300053757134,-0.01916860352429486,0.00646560298672352,0.00212463314117511,0.11077414689875067,1.180856720265516,10.660038947037325,-2.8810267437779142,0.9215962557037258,0.6776920017995504,0.001653644149058581,0.26067056095688906,0.08614896534682884,true
8.925,5.104801743057488,0.010421924538389422,0.43970015114106553,0.5530556045078843,-0.00017702136516389437,-0.0024193240132812767,0.012566994678318764,-0.018961244440558366,0.0063942497622396025,0.0020415924188560705,0.11010332587118984,1.1793133584432556,10.710969438134295,-2.9125972264626823,0.9256629693992355,0.6793041274066169,0.0015864838925835811,0.25436547701644535,0.08407698325817492,true
8.975,5.104801743057488,0.010011427292455459,0.4319513245446124,0.5422968023808792,-0.00017096860280242077,-0.0023846601383665017,0.012431732554465284,-0.01875528992594519,0.006323557371479906,0.0019611784739869604,0.10943334445489764,1.1777815213672445,10.76254707588381,-2.9444268585390456,0.9296962809584252,0.6808933566577916,0.0015215906123244925,0.24818401509891877,0.08204522640511479,true
9.025,5.104801743057488,0.009614059951426196,0.42426319349243174,0.5316673291765861,-0.00016505837166920425,-0.0023500635365379372,0.01229723502335089,-0.018550758705869298,0.006253523682518407,0.0018833365986252618,0.1087642588871968,1.176261423099883,10.814779001250995,-2.9765161847503383,0.93369547325501,0.6824597024487021,0.00145890980079336,0.24212479638580467,0.08005325784329738,true
9.075,5.104801743057488,0.009229543010357957,0.4166376090303324,0.5211678700442419,-0.00015929028549049667,-0.0023155416066950223,0.012163522108246904,-0.01834766859054503,0.0061841464822981265,0.0018080120394313262,0.10809612510712235,1.1747532747119052,10.867672393878454,-3.0088657198930866,0.9376598155585163,0.6840031742606635,0.001398387304037195,0.2361864229511213,0.07810063415572033,true
9.125,5.104801743057488,0.00885759699362804,0.4090763459928268,0.5107990409792933,-0.0001536638071293283,-0.0022811017308277007,0.012030612982234097,-0.018146036470286307,0.00611542348805221,0.001735150048809308,0.10742899867691276,1.1732572842912297,10.92123447803643,-3.0414759490724883,0.94158856499374,0.6855237787014586,0.0013399693588307432,0.23036747849690542,0.07618690568107771,true
9.175,5.104801743057488,0.008497942709237464,0.40158110331655206,0.5005613895401189,-0.00014817825399857353,-0.0022467512701926087,0.011898525985762808,-0.01794587832805843,0.006047352342295621,0.0016646959347235445,0.10676293478130414,1.1717736566164,10.975472517842363,-3.0743473290233823,0.945480966329607,0.6870215193808725,0.0012836026290428864,0.22466652978493418,0.07431161697452254,true
9.225,5.104801743057488,0.00815030149316977,0.3941535044277775,0.49045539563959095,-0.00014283280395252808,-0.00221249756150258,0.011767278643647263,-0.0177472092522043,0.005979930608557036,0.0015965951085669782,0.10609798823097148,1.170302592755127,11.030393811119401,-3.1074802900799,0.9493362516942987,0.688496396756934,0.0012292342402284494,0.2190821280719479,0.07247430727031211,true
9.275,5.104801743057488,0.007814395449103595,0.3867950976851371,0.4804814723580956,-0.00013762650112349729,-0.002178347913121257,0.01163688769169956,-0.017550043454406535,0.005913155762706974,0.00153079313211941,0.10543421346347026,1.168844289650743,11.086005683114541,-3.1408752384157768,0.9531536403180791,0.6899484079922704,0.0011768118128974746,0.2136128104910207,0.07067451092701367,true
9.325,5.104801743057488,0.007489947686446395,0.37950735685925885,0.47063996689674426,-0.00013255826178214716,-0.0021443096012510256,0.011507369105604036,-0.01735439428921076,0.005847025183606726,0.0014672357641768747,0.1047716645708118,1.1673989396387265,11.142315476430358,-3.174532558242206,0.9569323375953346,0.6913775465527119,0.0011262834953248504,0.20825710161268515,0.06891175793276821,true
9.375,5.104801743057488,0.007176682555443783,0.3722916816346947,0.4609311614672832,-0.00012762688171036527,-0.002110389866141626,0.011378738085035697,-0.017160274251443813,0.005781536166408117,0.0014058690066081501,0.10411039531090131,1.1659667301113439,11.199330543597085,-3.208452613124213,0.9606715345318141,0.6927838019577297,0.0010775979958434433,0.20301351482716257,0.0671855743510651,true
9.425,5.104801743057488,0.006874325873679065,0.3651493981309156,0.4513552737385396,-0.0001228310440127382,-0.0020765959083503416,0.011251009018062561,-0.016967694963706877,0.0057166859456443155,0.001346639148724654,0.10345045901481234,1.164547843561512,11.257058254277718,-3.2426357469371596,0.9643704096826022,0.6941671604616689,0.0010307046123614486,0.19788055289371476,0.0654954824900185,true
9.475,5.104801743057488,0.00658260514283553,0.3580817595049951,0.4419124574982846,-0.00011816932431620291,-0.002042934884999934,0.011124195515604321,-0.016776667199048495,0.005652471683444174,0.0012894928097428758,0.10279190852371009,1.1631424573650284,11.315505997213164,-3.277082286659476,0.9680281303679565,0.6955276054380423,0.0009855532593059178,0.19285670875873445,0.0638410011623398,true
9.525,5.104801743057488,0.006301249769313274,0.3510899467385037,0.4326028041857608,-0.00011364019606377812,-0.002009413905999404,0.010998310452326318,-0.016587200907498774,0.005588890455172456,0.001234376982001887,0.10213479629020181,1.1617507430862122,11.374681159447944,-3.3117925447533048,0.9716438501255911,0.6968651163563195,0.0009420944964897189,0.18794046760029942,0.06222164635326881,true
9.575000000000001,5.104801743057488,0.006029991264522833,0.34417506938962517,0.42342634383488276,-0.00010924203744105141,-0.001976040030307179,0.010873365956093863,-0.01639930521713212,0.0055259392610382575,0.0011812390701996605,0.10147917435500506,1.1603728661278723,11.434591121805294,-3.3467668221659803,0.9752167091191776,0.6981796688697132,0.0009002795539239586,0.18313030785522377,0.06063693155104176,true
9.625,5.104801743057488,0.005768563437042201,0.33733816640169206,0.414383045972626,-0.00010497313801660395,-0.0019428202622228086,0.010749373397722809,-0.016212988435399384,0.005463615037676575,0.0011300269290354767,0.1008250942991406,1.1590089854339949,11.495243257549562,-3.3820054118105753,0.978745835217022,0.6994712351375527,0.0008600603547218845,0.17842470206059716,0.05908636801631724,true
9.675,5.104801743057488,0.005516702581171791,0.33058020696308765,0.4054728206067878,-0.00010083170477085674,-0.0019097615476903402,0.010626343405390298,-0.016028258062976582,0.005401914657586285,0.0010806889001467074,0.10017260720586893,1.1576592531764387,11.556644929858765,-3.417508602127151,0.9822303448420348,0.700739784047145,0.0008213895370163204,0.17382211776921322,0.05756946507662873,true
9.725,5.104801743057488,0.005274147661789175,0.3239020914009768,0.39669551944025827,-9.681586725825742e-5,-0.0018768707705851297,0.010504285910418791,-0.015845120823628166,0.005340834913209375,0.0010331738483207497,0.09952176367538493,1.156323814252916,11.618803481262196,-3.453276680948598,0.9856693424241052,0.7019852809165549,0.000784220475154515,0.16932101881868394,0.056085730539026275,true
9.775,5.104801743057488,0.005040640498278999,0.3173046521331683,0.3880509373348588,-9.292368380103005e-5,-0.0018441547489870046,0.01038321015886546,-0.015663582677326284,0.005280372518460825,0.0009874311975257906,0.09887261389446579,1.1550028057505184,11.681726215748075,-3.4893099379138817,0.9890619185388674,0.703207686726947,0.0007485073013221542,0.16491986692059482,0.054634671209165805,true
9.825000000000001,5.104801743057488,0.004815925934382629,0.3107886545868451,0.3795388131615436,-8.915314884367196e-5,-0.0018116202315089716,0.010263124673131653,-0.01548364880838845,0.005220524135256798,0.0009434109641833341,0.09822520755419917,1.153696357002406,11.745420404083278,-3.5256086662531003,0.9924071518927435,0.704406958745726,0.0007142049239837738,0.16061712217134821,0.05321579305229694,true
9.875,5.104801743057488,0.004599751995039156,0.30435479817412253,0.37115883059873317,-8.550219852153134e-5,-0.0017792738936559277,0.010144037260264565,-0.015305323636987434,0.005161286376722869,0.0009010637878924099,0.0975795937355022,1.1524045896152255,11.80989329325265,-3.562173166317555,0.995704112173107,0.7055830514306968,0.000681269043243724,0.1564112433854619,0.051828601296418475,true
9.925,5.104801743057488,0.004391870038377298,0.2980037174188528,0.36291061969583305,-8.196871487083169e-5,-0.0017471223341407036,0.010025955071633334,-0.015128610856733993,0.005102655785100659,0.0008603409612038754,0.09693582096762202,1.1511276167935254,11.875152088287557,-3.599003750357704,0.9989518585890267,0.7067359157737493,0.0006496561661452017,0.15230068956183865,0.05047260091313837,true
9.975,5.104801743057488,0.004192034898249576,0.2917359831155828,0.35479375852377576,-7.855053117760777e-5,-0.0017151720711809204,0.00990888462905195,-0.014953513455853001,0.005044628826801052,0.0008211944575420052,0.09629393731228823,1.1498655426086102,11.941203929376288,-3.636100746985538,1.0021494377649818,0.7078654984278276,0.0006193236210149963,0.1482839214263315,0.049147297124360785,true
10.025,5.104801743057488,0.004000005015223364,0.28555210344524695,0.3468077743336328,-7.524543823279912e-5,-0.0016834295388311548,0.009792831808938815,-0.01478003371747868,0.004987201908539865,0.0007835769568648492,0.09565399032353589,1.1486184617833533,12.008055888712184,-3.6734645050159345,1.0052958848378055,0.7089717419740047,0.0005902295693725386,0.14435940212971485,0.047852195628470595,true
10.075000000000001,5.104801743057488,0.0038155425617367967,0.27945252510641927,0.33895214460091727,-7.205119003756387e-5,-0.0016519010833472127,0.009677801834658623,-0.014608173224070937,0.004930371389412314,0.0007474418701815249,0.09501602696716317,1.1473864596987284,12.075714974856364,-3.71109539681271,1.008390225654856,0.7100545855566777,0.0005623330163667078,0.1405255977037116,0.04658680274649957,true
10.125,5.104801743057488,0.0036384135627284837,0.27343763449349323,0.33122629828142347,-6.896550882346912e-5,-0.0016205929595562007,0.009563799291366202,-0.0144379328732005,0.004874133581834299,0.000712743363182853,0.09438009358831001,1.1461696122972949,12.14418813035867,-3.7489938211560627,1.0114314777515063,0.7111139650683355,0.0005355938205423923,0.13678097781784918,0.04535062566886119,true
10.175,5.104801743057488,0.0034683880075232487,0.2675077589011766,0.32362961717682603,-6.598608983049417e-5,-0.0015895113272257821,0.00945082814935484,-0.014269312897754953,0.004818484748400112,0.0006794363781591017,0.09374623590750632,1.144967985910349,12.213482224929212,-3.787160205983517,1.014418650572454,0.7121498130593571,0.0005099727023619635,0.13312401668342572,0.04414317275167063,true
10.225,5.104801743057488,0.003305239950559284,0.26166316775872844,0.3161614373360624,-6.311060582354402e-5,-0.001558662247432017,0.009338891792996865,-0.01410231288911968,0.004763421096122815,0.0006474766537318317,0.09311449902429585,1.1437816370299099,12.283604046792641,-3.8255950115474935,1.0173507454916875,0.7131620585725744,0.0004854312509716885,0.1295531939646268,0.04296395381622503,true
10.275,5.104801743057488,0.003148747601337135,0.2559040739110837,0.30882105056059345,-6.033671139304175e-5,-0.0015280516789197619,0.009227993049791501,-0.013936931820589055,0.004708938770797554,0.0006168207424743616,0.09248492744625555,1.1426106119464778,12.354560288869415,-3.864298734095961,1.0202267551924444,0.7141506267542338,0.0004619319293971012,0.1260669957880313,0.041812480481981176,true
10.325000000000001,5.104801743057488,0.0029986934048571575,0.2502306349349914,0.30160770590856095,-5.766204771663624e-5,-0.0014976854744715687,0.009118134190443652,-0.013773168056411518,0.004655033865967866,0.0005874260266689828,0.09185756511151544,1.1414549464736772,12.426357536126137,-3.9032719089717625,1.023045663358581,0.7151154385726314,0.0004394380784664459,0.12266391566271659,0.04068826647029192,true
10.375,5.104801743057488,0.0028548641110861337,0.24464295443492462,0.2945206108492642,-5.508424759673709e-5,-0.0014675693773319415,0.009009316905630711,-0.013611019349218885,0.004601702443588174,0.0005592507319150521,0.09123245530037562,1.140314666173218,12.499002273026878,-3.942515113098147,1.0258064475027704,0.716056411601707,0.00041791391867245956,0.11934245477295223,0.03959082769990866,true
10.425,5.104801743057488,0.0027170508352063354,0.23914108334878284,0.28755893238422,-5.260093942464258e-5,-0.0014377090176767521,0.008901542319769744,-0.013450482856032182,0.0045489405362624385,0.0005322539389314218,0.09060964052887703,1.1391897866089002,12.57250089460231,-3.982028968276401,1.0285080823015087,0.7169734609480437,0.0003973245502703193,0.11610112220077852,0.038519682359908984,true
10.475,5.104801743057488,0.002585049113731211,0.2337250213319355,0.28072179869407765,-5.020975036355203e-5,-0.001408109909064546,0.008794811041016662,-0.013291555172527492,0.0044967441315108304,0.0005063955945491651,0.08998916260271385,1.1380803130051222,12.646859689422207,-4.021814144361903,1.031149538509709,0.7178664986559341,0.0003776359533560607,0.11293843598223761,0.0374743512605446,true
10.525,5.104801743057488,0.0024586589520749747,0.22839471812390633,0.27400830079686894,-4.7908310045453405e-5,-0.0013787774448836406,0.008689123187713406,-0.013134232355628045,0.00444510916791464,0.0004816365210301736,0.08937106269132641,1.1369862399220692,12.722084818987112,-4.061871361334521,1.0337297812493844,0.7187354329085432,0.00035881498705199813,0.1098529241920585,0.03645435819397621,true
10.575000000000001,5.104801743057488,0.002337684860714546,0.223150074861403,0.2674174938337649,-4.569425459917281e-5,-0.0013497168948476354,0.008584478384366738,-0.012978509930896774,0.004394031546530036,0.00045793842315106347,0.08875538129034956,1.1359075514362913,12.798182317761047,-4.102201390726229,1.0362477714241385,0.7195801682859388,0.0003408293867174824,0.10684312541197678,0.03545923009043024,true
10.625,5.104801743057488,0.002221935882212535,0.2179909454112065,0.2609483982697751,-4.356523022292174e-5,-0.0013209334015509592,0.00848087576173948,-0.012824382902021054,0.0043435071402815745,0.00043526389349681605,0.08814215814380183,1.1348442214956518,12.875158101350099,-4.142805057128341,1.038702468403958,0.7204006064325278,0.00032364775959905156,0.10390758899874183,0.03448849710829474,true
10.675,5.104801743057488,0.0021112256101022708,0.2129171377573478,0.25460000127290905,-4.151889619070034e-5,-0.0012924319770669978,0.008378313974722282,-0.012671845769252673,0.004293531794530391,0.0004135764161602417,0.08753143221401223,1.1337962140542297,12.953017965959079,-4.183683240214909,1.0410928314875019,0.7211966462954721,0.0003072395794401758,0.10104487558347895,0.033541692801824015,true
10.725,5.104801743057488,0.002005372199523364,0.2079284154177859,0.24837125822106548,-3.955292773120129e-5,-0.0012642174995818865,0.008276791221574131,-0.012520892548594878,0.004244101327020747,0.00039284036882542266,0.08692324169388466,1.1327634830347175,13.031767579768154,-4.224836876868558,1.043417820241598,0.721968183978855,0.0002915751801801331,0.09825355774428579,0.032618354347018055,true
10.775,5.104801743057488,0.0019041983695632873,0.2030244988467946,0.24226109410993726,-3.7665018915465466e-5,-0.0012362947100832103,0.008176305256810661,-0.012371516787871026,0.004195211531060365,0.0003730210232264143,0.0863176239898073,1.1317459724500543,13.11141248030292,-4.266266962971901,1.0456763957193924,0.722715112884067,0.0002766257485012038,0.09553222050764498,0.03171802271097126,true
10.825000000000001,5.104801743057488,0.0018075313990037539,0.19820506683043154,0.23626840492560103,-3.585288519882554e-5,-0.0012086682091066202,0.008076853414188782,-0.012223711587889288,0.004146858173700505,0.00035408454431398636,0.0857146156968846,1.1307436165980145,13.191958073949722,-4.30797455486237,1.0478675218878637,0.723437323909547,0.00026236331541927153,0.09287946179248086,0.03084024280255048,true
10.875,5.104801743057488,0.0017152031171598265,0.1934697579021401,0.2303920591739831,-3.4114265743736145e-5,-0.0011813424535223262,0.007978432633179176,-0.012077469625343278,0.004099036992164101,0.0003359979884610596,0.08511425263687782,1.1297563400800823,13.273409623884637,-4.3499607697841745,1.0499901652457817,0.7241347050468082,0.00024876074746439815,0.09029389310003945,0.029984563705222757,true
10.925,5.104801743057488,0.0016270498871595199,0.1888181717306126,0.2246308993016421,-3.244692596456458e-5,-0.00115432175338689,0.007881039460772586,-0.011932783163350164,0.004051743702577578,0.00031872930018727994,0.08451656986628316,1.128784058033633,13.355772244655986,-4.3922267852763275,1.0520432953802743,0.7248071412850722,0.00023579173694063073,0.08777414002690301,0.029150538851358484,true
10.975,5.104801743057488,0.0015429125793107146,0.18424987045642138,0.21898374281001004,-3.084865996610112e-5,-0.0011276102689073675,0.007784670041764029,-0.01178964405625945,0.004004974014495421,0.0003022473069417574,0.08392160157143357,1.1278266768094,13.43905092003518,-4.43477383917427,1.0540258889459349,0.7254545156274612,0.0002234307905827085,0.08531884228362444,0.028337726032479704,true
11.025,5.104801743057488,0.001462636537391752,0.17976438005394318,0.2134493834481376,-2.931729233987278e-5,-0.001101212007506165,0.007689320134174723,-0.011648043767076309,0.003958723632901586,0.0002865217124995956,0.08332938098418873,1.1268840944555016,13.523250516757367,-4.477603231149587,1.0559369331379402,0.7260767099193888,0.00021165321726181288,0.08292665381787201,0.027545687444806236,true
11.075000000000001,5.104801743057488,0.0013860715408558532,0.1753611917494681,0.20802659271940183,-2.7850679613372326e-5,-0.0010751308209476472,0.007594985141311968,-0.011507973393175025,0.003912988251863057,0.0002715230895579648,0.08273994041904713,1.1259562006599306,13.608375773023038,-4.520716324494267,1.0577754256161245,0.7266736045086061,0.00020043511555055074,0.08059624341989118,0.026773989895674068,true
11.125,5.104801743057488,0.0013130717623305802,0.17103976341989896,0.20271412135792438,-2.644671191628984e-5,-0.0010493704025423475,0.0075016601204014564,-0.011369423680243861,0.003867763559842405,0.0002572228714105015,0.08215331131171782,1.125042876784209,13.694431287320977,-4.564114546680599,1.0595403744600493,0.7272450779183486,0.00018975336089770855,0.07832629528248404,0.026022204994991024,true
11.175,5.104801743057488,0.0012434957191284645,0.16679952091124123,0.1975107004458437,-2.51033148660404e-5,-0.0010239342844916787,0.007409339750089177,-0.011232385015691886,0.003823045265602709,0.00024359334244853178,0.08156952412055708,1.1241439966170166,13.781421538705665,-4.607799388745735,1.0612308024685635,0.7277910079244001,0.00017958559189377402,0.07611550900054449,0.0252899091603027,true
11.225,5.104801743057488,0.0011772062182973974,0.16263985927375818,0.19241504217433752,-2.3818451424478186e-5,-0.0009988258354374875,0.007318018254068387,-0.011096847400278595,0.003778829146210208,0.0002306076273967728,0.08098860807122053,1.1232594278832344,13.869350944955762,-4.651772404650589,1.062845756668543,0.7283112742903309,0.0001699101955228381,0.07396259901626669,0.024576683437560445,true
11.275,5.104801743057488,0.0011140702935566343,0.15856014388292386,0.18742584018736544,-2.259012382433274e-5,-0.0009740482583020954,0.007227689246204471,-0.010962800380878249,0.0037351111346737784,0.00021823967895947497,0.08041059069794129,1.1223890346499132,13.958223971592453,-4.696035212184488,1.064384324903613,0.7288057637377298,0.0001607062912371391,0.07186629342640687,0.02388211310979573,true
11.325000000000001,5.104801743057488,0.001053959130697885,0.15455971133516053,0.18254176902365682,-2.141637610538044e-5,-0.0009496045886056789,0.007138345404210322,-0.010830232898459035,0.0036918874942487127,0.00020646426320694347,0.07983549693260794,1.1215326817623898,14.048045353924666,-4.740589496888687,1.0658456681310704,0.7292743798880114,0.0001519537132260075,0.06982533138403771,0.02320578683812219,true
11.375,5.104801743057488,0.000996747977080757,0.15063786993550699,0.17776148166771116,-2.0295297920610658e-5,-0.0009254976936452441,0.007049977835214032,-0.010699132984270176,0.0036491551490561436,0.00019525694184623933,0.07926334720437024,1.1206902439204427,14.13882057025536,-4.78543702048762,1.0672290870150847,0.7297170640582312,0.00014363298974849918,0.06783845748238747,0.02254729479808658,true
11.425,5.104801743057488,0.000942316031341538,0.14679389958611483,0.17308360399364048,-1.9225029776722046e-5,-0.0009017302731647462,0.006962575014848817,-0.010569487247631154,0.003606912232782337,0.00018459405061579219,0.07869415380311295,1.119861623096937,14.230556769169272,-4.830579636883086,1.068534149184289,0.7301338351999461,0.00013572531819728285,0.06590441110487476,0.021906225139987006,true
11.475,5.104801743057488,0.0008905463130003499,0.1430270510091354,0.16850672536409736,-1.820376898247348e-5,-0.0008783048623151365,0.006876121277232149,-0.01044128014800717,0.0035651588707750204,0.0001744526737422251,0.07812791486297527,1.1190467776066586,14.323264348847657,-4.87601932115399,1.0697609013329095,0.730524856486965,0.00012821253530443012,0.06402190945189493,0.021282158343608346,true
11.525,5.104801743057488,0.0008413255186962278,0.1393365444930099,0.16402938573212522,-1.722977478841846e-5,-0.0008552238376816423,0.006790594998008987,-0.010314493127564764,0.003523898129555777,0.00016481061577767,0.07756460575360585,1.118245764263107,14.416959299907504,-4.921758217267106,1.0709101769708138,0.7308905317648984,0.00012107708357756927,0.062189624633345854,0.02067465959656771,true
11.575000000000001,5.104801743057488,0.0007945438814019881,0.1357215687205341,0.15965006122296965,-1.6301370067484288e-5,-0.0008324894268072103,0.0067059669022525754,-0.010189103825298135,0.0034831369230455596,0.00015564637402080598,0.07700416848099724,1.1174587912258995,14.511666228843978,-4.967798709085501,1.0719839829926603,0.7312316263449269,0.00011430197717301842,0.06040615779736887,0.02008327018503072,true
11.625,5.104801743057488,0.0007500950645547592,0.13218128084040515,0.15536715327660994,-1.5416935449368455e-5,-0.0008101037206536923,0.006622199341987458,-0.010065085797547859,0.003442886455560401,0.00014693911777766608,0.0764465014690311,1.116686270483305,14.607421517329746,-5.014143514101526,1.0729858865511686,0.7315493872206347,0.00010787077412913139,0.058670018275773034,0.01950750055392796,true
11.675,5.104801743057488,0.0007078761372052514,0.12871480950196362,0.15117899016729963,-1.4574892150429694e-5,-0.0007880686866716213,0.00653924766107006,-0.009942409298704612,0.003403161637634553,0.0001386686834935285,0.0758914545970512,1.115928846475165,14.704275368027076,-5.060795784770189,1.0739212341677926,0.7318456097607768,0.00010176756617173268,0.056979621922093,0.018946829757068923,true
11.725,5.104801743057488,0.0006677876699823386,0.12532126236881852,0.14708385059985046,-1.3773673680145604e-5,-0.0007663861781073943,0.00645706450380459,-0.00982104353351029,0.0033639790297056993,0.00013081559355180197,0.07533883586346454,1.1151873694773877,14.802290965823062,-5.1077591804046785,1.0747969758078693,0.7321225797029234,9.597699756249149e-5,0.05533332470276435,0.01840071664558426,true
11.775,5.104801743057488,0.0006297339532597137,0.12199973818986856,0.14308001393505143,-1.3011693417115214e-5,-0.0007450579340309612,0.006375606922426641,-0.009700960280371825,0.0033253533579451836,0.00012336109901156292,0.0747884344290272,1.1144627894073618,14.90153922749868,-5.155037854930707,1.0756209122529796,0.7323828341539674,9.048431690357125e-5,0.05372949991351352,0.01786862558361281,true
11.825000000000001,5.104801743057488,0.0005936232763168144,0.11874934108438681,0.13916583011691935,-1.2287321446688087e-5,-0.0007240855656500194,0.006294844605271922,-0.009582138015069708,0.003287293409797786,0.00011628723429350415,0.07424005903204675,1.113755973381228,15.002089005619725,-5.202636307873146,1.0764003769971189,0.7326287463391123,8.52754509495128e-5,0.05216664922966953,0.017350063432191795,true
11.875,5.104801743057488,0.0005593681456447385,0.11556919231025395,0.135339788278556,-1.1598885224870397e-5,-0.0007034705284753865,0.006214766207628622,-0.009464565006460713,0.0032497987988320915,0.00010957685994475246,0.07369358200940472,1.1130674935844591,15.10399499161827,-5.2505590835055465,1.0771406720374512,0.7328620355910398,8.0337072586239e-5,0.050643514750451084,0.016844616866866117,true
11.925,5.104801743057488,0.0005268853024110211,0.11245843410533976,0.1316005545924473,-1.094470098312693e-5,-0.0006832140858645614,0.006135380649182548,-0.009348239825296539,0.0032128591761139908,0.00010321366606011355,0.07314897176122133,1.1123974694140542,15.207287848764711,-5.298810376326119,1.0778438530025911,0.7330833899706163,7.565662641066853e-5,0.04915914448771777,0.016351974195260664,true
11.975,5.104801743057488,0.0004960954556670213,0.10941622256665734,0.12794695612787776,-1.0323128061320059e-5,-0.0006633172745434632,0.006056711975283516,-0.009233168608102763,0.003176456632819247,9.718212001900158e-5,0.07260629654127754,1.111745548935596,15.311971576784055,-5.347393677402024,1.0785084858854455,0.7332923958765118,7.122228494169074e-5,0.04771287213421609,0.015871918631603397,true
12.025,5.104801743057488,0.00046692277101538775,0.10644171157980244,0.12437791018131868,-9.732624674341003e-6,-0.0006437808834302064,0.005978789436140162,-0.009119359966033695,0.0031405705298935323,9.146736631846693e-5,0.0720656932985557,1.1111110620728877,15.418030566496418,-5.396311616902272,1.079130641254821,0.733487855764385,6.702283751658605e-5,0.046304207390758405,0.01540429178730577,true
12.075000000000001,5.104801743057488,0.0004392942822233199,0.10353403489785719,0.12089232740723663,-9.171780683349778e-6,-0.0006246054518863098,0.005901637085950279,-0.00900681974026954,0.00310518265431926,8.60551113117681e-5,0.0715273131267607,1.1104932896717226,15.525443933616051,-5.445566082399792,1.0797057660891507,0.733668378563635,6.304754868869206e-5,0.044932679897575024,0.014948941709993325,true
12.125,5.104801743057488,0.00041313943991558684,0.10069229503502711,0.11748903341241018,-8.639314380372238e-6,-0.0006057912845967822,0.005825267553522166,-0.008895547937447965,0.003070280383925799,8.093153480004488e-5,0.07099126891167812,1.109891721791699,15.6342003574065,-5.495158548210255,1.0802305503136045,0.7338329647924183,5.92860407271427e-5,0.043597708015103424,0.014505679195434561,true
12.175,5.104801743057488,0.00038838993318138926,0.09791556394137801,0.1141667435933158,-8.134039692261864e-6,-0.000587338472856576,0.005749682172391671,-0.008785538897827391,0.00303585672543572,7.608325508617414e-5,0.07045761018451208,1.1093061798784034,15.744306072451064,-5.545090432367212,1.0807038821767676,0.7339813034415719,5.5728240798856846e-5,0.04229855034440675,0.014074261651135542,true
12.225,5.104801743057488,0.000364979761311041,0.09520289347606051,0.11092409404294347,-7.654824882725715e-6,-0.0005692469108522736,0.005674875923556198,-0.00867678385888691,0.003001907935330712,7.149734302755483e-5,0.06992633348848354,1.1087367602092284,15.855782863144553,-5.595363295505982,1.081126548787749,0.7341136752645548,5.2364394954162645e-5,0.04103434801741291,0.013654407187195275,true
12.275,5.104801743057488,0.0003428454025595207,0.09255332829527796,0.10775969902580164,-7.200564180621912e-6,-0.0005515163010807863,0.005600843221630527,-0.00856927388514648,0.0029684306635159525,6.716135509587404e-5,0.06939741477386287,1.1081836662550808,15.968659205334776,-5.6459788166704,1.0815001179005226,0.734230600971335,4.9185114567503106e-5,0.03980421316966255,0.013245824086916793,true
12.325000000000001,5.104801743057488,0.0003219259112376212,0.08996591372251575,0.10467219569239213,-6.770170873461157e-6,-0.0005341461510200006,0.005527581059778714,-0.008463001422190817,0.0029354203624121023,6.30633523966801e-5,0.06887083926467762,1.107647054899873,16.082961478704696,-5.6969386359918595,1.081825866053651,0.7343325056017936,4.618141118287578e-5,0.03860730084978248,0.012848234761227052,true
12.375,5.104801743057488,0.0003021628714797442,0.08743969625634543,0.10166025484257524,-6.362585197202489e-6,-0.0005171357677985741,0.005455088714409853,-0.008357960110976191,0.0029028713965663384,5.919189161277118e-5,0.06834661154537991,1.1071269852835421,16.19871066392876,-5.748244219182732,1.082104393368733,0.7344195986577927,4.334469650717599e-5,0.03744282821123083,0.012461382145706386,true
12.425,5.104801743057488,0.00028350025102635943,0.08497371951154506,0.09872256478299862,-5.976784007896896e-6,-0.0005004842563698946,0.005383365740421256,-0.00825414376430969,0.0028707780238884347,5.553599636105727e-5,0.0678247466826172,1.106623465696892,16.315924788857465,-5.79989684508363,1.082335923775402,0.7344919685873472,4.066675466632909e-5,0.03631005026077488,0.012085021628705965,true
12.475,5.104801743057488,0.0002658842513900036,0.08256702025000573,0.09585781113648933,-5.611782466530152e-6,-0.0004841905220438366,0.005312410425073594,-0.008151545599917459,0.0028391351748438647,5.208512784097938e-5,0.06730525638091045,1.1061365244182122,16.43462314678801,-5.851897708445516,1.0825207981025158,0.7345497371434101,3.81397096436827e-5,0.03520822811513313,0.011718910484387123,true
12.525,5.104801743057488,0.00024926332438297675,0.08021865693474128,0.09306470184773089,-5.2666449318235584e-6,-0.00046825327494526617,0.005242220751212108,-0.008050158746740033,0.002807937995527925,4.8829188072185954e-5,0.06678814690886475,1.1056662475404586,16.554827446390853,-5.904247545565629,1.082659784179685,0.7345931562662303,3.5756026323677085e-5,0.034136625458601404,0.011362806690936051,true
12.575000000000001,5.104801743057488,0.00023358729509358783,0.07792738325490162,0.09034161377527697,-4.940415822617704e-6,-0.000452671030176306,0.005172780382027793,-0.007949969157917437,0.002777188775889644,4.575834809084715e-5,0.06627337464172688,1.105212875140047,16.676574583908174,-5.956949181993037,1.0827530683733062,0.7346222931023934,3.350837549446384e-5,0.033094420793092216,0.01101643974185476,true
12.625,5.104801743057488,0.0002188121222485349,0.07569425025094409,0.08768936333053931,-4.632281113482023e-6,-0.00043744216372653116,0.0051041212070797705,-0.007850987806653609,0.002746866599573838,4.286398047605249e-5,0.06576113794948947,1.1047756802766084,16.799826078514283,-6.009998185052086,1.0828119257568387,0.7346406748112192,3.1390170894932485e-5,0.03208128824685655,0.010679704007010217,true
12.675,5.104801743057488,0.0002048846475790479,0.07351305548015127,0.085101232293097,-4.341366258607911e-6,-0.00042256468046651896,0.0050362180800200985,-0.007753194559128578,0.0027169764791084797,4.013567184223958e-5,0.06525102273189443,1.1043567502281237,16.92474238703877,-6.063403042700318,1.0828048523952059,0.7346384658200544,2.9394231314231333e-5,0.031095713997414204,0.01035209813740374,true
12.725,5.104801743057488,0.00019176823562279128,0.07138821015174823,0.08258136035452829,-4.066785846460403e-6,-0.0004080366584256241,0.004969039850102748,-0.007656569866928135,0.002687530016825387,3.756624552238398e-5,0.064743300783768,1.1039547447585554,17.05125829845443,-6.117161937173559,1.0827728062728261,0.7346284576124581,2.7514536413936108e-5,0.030137549639035564,0.010033575409058894,true
12.775,5.104801743057488,0.00017942066522796653,0.06931736069580938,0.08012725233162972,-3.807803400712904e-6,-0.000393855853391026,0.004902617284685811,-0.007561123509134007,0.002658506224448196,3.514743064644538e-5,0.06423809946725823,1.1035693108926328,17.179358045222298,-6.171270513839308,1.0826987165286284,0.7346053170785211,2.574525208915099e-5,0.029206350598638558,0.009723990288611765,true
12.825000000000001,5.104801743057488,0.0001678004543248862,0.06729877766069309,0.0777367010896157,-3.5636856029856066e-6,-0.00038001984096487255,0.004836945466247498,-0.0074668473109313896,0.002629901844683892,3.287110112612977e-5,0.06373521183264176,1.103201682237895,17.309139650068506,-6.225731528186217,1.0825840613172157,0.734569501632445,2.4080389507593215e-5,0.02830107152292772,0.009422997050632355,true
12.875,5.104801743057488,0.00015686902353647026,0.0653313391567304,0.07540825385806907,-3.3336758666203503e-6,-0.00036652602651888474,0.0047720159534684085,-0.00737373147076302,0.0026017155172946118,3.072969949319023e-5,0.06323459025836776,1.102852139421101,17.440646565669205,-6.280547702708405,1.0824298465744868,0.7345213190846472,2.251435463954716e-5,0.027420992443101155,0.009130358257037329,true
12.925,5.104801743057488,0.00014659043301315055,0.0634143446054733,0.0731409505172707,-3.1170575657143815e-6,-0.00035337165533619997,0.004707819541328978,-0.007281766092926139,0.002573946551597161,2.871618534696534e-5,0.06273627467154409,1.1025205943906111,17.573893256538742,-6.3357189710481405,1.0822380790321684,0.7344613881140466,2.104192705868292e-5,0.026565562951992347,0.008845892822826634,true
12.975,5.104801743057488,0.00013693041916866203,0.061547072709671365,0.07093379878214698,-2.913158918942738e-6,-0.000340553813567284,0.004644350554591222,-0.0071909432705398015,0.0025465927159485794,2.6823846656706485e-5,0.062240288270239454,1.1022071492809862,17.70890174054693,-6.391243706839011,1.0820114030067856,0.7343905254182749,1.9658139609596335e-5,0.02573421171693472,0.008569412573259777,true
13.025,5.104801743057488,0.00012785585997322188,0.05972858477498147,0.06878557190056404,-2.7213385354365754e-6,-0.0003280694209483356,0.004581607087738876,-0.007101257027487861,0.002519649939748985,2.5046195015723263e-5,0.06174661859604937,1.1019120820512094,17.845707297107136,-6.447120943627847,1.0817515342288262,0.7343092565573721,1.835821387279358e-5,0.02492631921922352,0.008300713186622637,true
13.075000000000001,5.104801743057488,0.00011933487000639933,0.05795782087866744,0.06669491958702459,-2.5409767396009884e-6,-0.0003159152305211902,0.0045195874494568505,-0.007012701473710275,0.002493114024253424,2.3376984261669775e-5,0.061255234590038406,1.1016357190160964,17.984352298852336,-6.503350834423013,1.08145945528705,0.7342178768962929,1.7137562542469725e-5,0.024141251391953805,0.008039585406052657,true
13.125,5.104801743057488,0.00011133712047610081,0.056233772038947125,0.06466055699084744,-2.3714754120508476e-6,-0.00030408783627644797,0.004458288636062804,-0.006925270097005708,0.0024669814609429037,2.181027316634165e-5,0.06076611398229761,1.1013783396568928,18.124876966424846,-6.559933394115571,1.081136260654196,0.7341167158687747,1.5991822403580976e-5,0.02337840494070229,0.00778583013140865,true
13.175,5.104801743057488,0.00010383388519948578,0.054555519733572075,0.06268131018554234,-2.2122609387347667e-6,-0.00029258367989670763,0.004397707983994683,-0.006838956631247211,0.0024412486472525276,2.034043444306128e-5,0.06027925511995904,1.101140145053939,18.267315063243725,-6.616867679474602,1.0807832059849032,0.7340061526554045,1.491686100909554e-5,0.022637223039787213,0.007539263648184942,true
13.225,5.104801743057488,9.679786564774335e-5,0.052922171815235314,0.06075605082158895,-2.0627847896901724e-6,-0.00028139905215517243,0.004337845501072784,-0.006753756181028041,0.0024159106799552573,1.8962120474000407e-5,0.05979467543300997,1.1009212468137928,18.411693664048613,-6.674152009292348,1.0804009986362701,0.7338863941145065,1.3908757886617005e-5,0.021917188979397605,0.007299715518354564,true
13.275,5.104801743057488,9.020307643180304e-5,0.051332822325834845,0.05888366080724595,-1.922521737441421e-6,-0.0002705300903214494,0.004278705652743432,-0.006669666012487442,0.00239096035974401,1.767024087751868e-5,0.05931241871201677,1.1007215981281147,18.558029195749306,-6.731784178462293,1.0799889132338727,0.7337571970515897,1.2963791782449118e-5,0.021217832980694164,0.0070670308579412955,true
13.325000000000001,5.104801743057488,8.402484909335632e-5,0.049786566332443744,0.057063062701119036,-1.7909681728880285e-6,-0.00025997277245092747,0.004220299434744052,-0.006586686439846744,0.002366387005102692,1.6459963250802014e-5,0.05883258117122531,1.100540830623302,18.706315594420502,-6.789761071575613,1.0795437778681862,0.7336175486716614,1.2078442533724318e-5,0.02053876395153268,0.00684108092167128,true
13.375,5.104801743057488,7.823985760331673e-5,0.04828252503478593,0.055293267603574094,-1.667641331848179e-6,-0.0002497229066023747,0.004162647732565528,-0.006504822272818761,0.0023421745402532326,1.5326718164857754e-5,0.05835535235179026,1.1003779994912415,18.856505104411102,-6.848077929504587,1.079058448141674,0.733465184490295,1.1249397247384464e-5,0.019879716471277627,0.006621778762222542,true
13.425,5.104801743057488,7.282612256462125e-5,0.04681985598903582,0.05357341512199094,-1.552078592359945e-6,-0.00023977611168066705,0.004105786448936244,-0.006424085004505243,0.0023182985555689987,1.4266199987818237e-5,0.057881071339946875,1.100231213587365,19.008480460313038,-6.906727487207596,1.0785193684708971,0.7332958163749472,1.0473555758432618e-5,0.019240610601953517,0.006409099165495081,true
13.475,5.104801743057488,6.776302397029589e-5,0.045397758283297444,0.05190282188300098,-1.443836615946512e-6,-0.00023012778599153352,0.004049773031354327,-0.006344495478841763,0.002294722447487436,1.3274369384169201e-5,0.057410310461087084,1.1000970709463198,19.162012225869596,-6.965698771560134,1.0779027953861688,0.7331019338733303,9.74803963568474e-6,0.018621637492001703,0.0062031071822088914,true
13.525,5.104801743057488,6.3031319298631e-5,0.04401548120157684,0.0502810433334272,-1.3424910554479232e-6,-0.00022077306191836975,0.003994692705253381,-0.006266086131883346,0.002271393426629965,1.2347456859485949e-5,0.056943984434354486,1.0999699049794387,19.316700717483045,-7.024975491163943,1.0771698903850262,0.7328712378734952,9.070201797936339e-6,0.01802336313963006,0.0060039927127699625,true
13.575000000000001,5.104801743057488,5.861311590496598e-5,0.04267233054537871,0.048707925793023334,-1.247636948686678e-6,-0.0002117067502860494,0.00394066190843161,-0.00618890155862219,0.00224823965019058,1.1481957352149789e-5,0.05648346007533464,1.0998409811494911,19.471912302868514,-7.084534451621732,1.076261709247942,0.7325850192211638,8.437625048053687e-6,0.01744681570022526,0.005812099611858624,true
13.625,5.104801743057488,5.449175451544642e-5,0.04136766525599424,0.0471836207211901,-1.1588893675956133e-6,-0.00020292328388191554,0.003887826368960675,-0.006112996221888017,0.0022251698529273424,1.0674607410474857e-5,0.05603063027359032,1.0996978662949486,19.626726683695438,-7.144344651317107,1.0750956310642306,0.7322169521546724,7.848099401458051e-6,0.0168935149496913,0.005627935520796519,true
13.675,5.104801743057488,5.0651578180528926e-5,0.04010087987169746,0.045708534554939076,-1.0758818380206317e-6,-0.0001944166749957212,0.0038363546196200945,-0.006038429908289341,0.0022020752886692464,9.922339932087449e-6,0.05558790801638531,1.0995242564670062,19.77991789406621,-7.204367961013175,1.0735651363960594,0.7317328832451263,7.299571115818451e-6,0.01636540210575547,0.005452148497672628,true
13.725,5.104801743057488,4.707766677641056e-5,0.03887137627840291,0.044283246109228055,-9.982601818258935e-7,-0.0001861804937321456,0.0037864272100767687,-0.005965261191517166,0.0021788339814403975,9.222232154350757e-6,0.0551581709160202,1.099300077660157,19.929958869264738,-7.264561454547134,1.0715418197596247,0.7310912395297164,6.790082738938169e-6,0.015864723443624468,0.0052854882490841705,true
13.775,5.104801743057488,4.37555102182057e-5,0.03767851790079643,0.04290837455042973,-9.2568139752538e-7,-0.00017820788075075897,0.0037382034929680495,-0.005893530091502969,0.00215532659853492,8.571441638789017e-6,0.05474461862650709,1.0990021317562113,20.07507147422303,-7.324881939165202,1.0688817750930129,0.7302447121744974,6.3177018162428675e-6,0.015393836090801036,0.005128741425602124,true
13.825000000000001,5.104801743057488,4.06702102572152e-5,0.03652152073672388,0.04158410356978922,-8.578354566460882e-7,-0.0001704916752117994,0.0036917485268719644,-0.005823222600994372,0.0021314740741224074,7.967049907966855e-6,0.05435009513979239,1.098608375856451,20.213550188472546,-7.385297543843126,1.0654556579653804,0.7291494136754749,5.88034382250299e-6,0.014954458138070326,0.004982481729622591,true
13.875,5.104801743057488,3.780542799804197e-5,0.03539930740921558,0.04030931715901545,-7.944827934996398e-7,-0.00016302473899936217,0.003646965591566467,-0.00575424152108109,0.002107275929514623,7.405856270413874e-6,0.053975716349412894,1.098107352996741,20.344470203750898,-7.445804783795714,1.061208673618954,0.7277838702530411,5.47552623500364e-6,0.014546272208459422,0.004846604530174079,true
13.925,5.104801743057488,3.5143486720284883e-5,0.034310512219267425,0.03908121861168385,-7.354538964804935e-7,-0.0001558003562591077,0.0036036227273207114,-0.005686426308136921,0.0020828035808162096,6.88439796277689e-6,0.05362001390211546,1.0975049114693274,20.468195205485163,-7.50643387123018,1.0561981785588004,0.7261616274390967,5.100367008443836e-6,0.01416624122027162,0.00472009877181292,true
13.975,5.104801743057488,3.2667167223502634e-5,0.033253736141679424,0.03789623685316017,-6.805753714008797e-7,-0.00014881241621192475,0.0035614805357750343,-0.005619620681523455,0.002058140145748421,6.3993018471148e-6,0.053279974016159276,1.0968180157550385,20.58593375857099,-7.567233124450859,1.0505496741834417,0.7243181591408119,4.7519746456791635e-6,0.013809951906464673,0.0046014946521116045,true
14.025,5.104801743057488,3.036161085553934e-5,0.03222782751883768,0.03675153385727204,-6.295951823204147e-7,-0.00014205525164380934,0.0035204084917098235,-0.0055537288176243475,0.002033320325914524,5.947657202717231e-6,0.05295326477829987,1.0960594203507796,20.69861839377923,-7.628246933223168,1.0443612118392425,0.7222804785739811,4.42790250720929e-6,0.013474003173566267,0.004489659567506057,true
14.075000000000001,5.104801743057488,2.8214591207008755e-5,0.0312319034395717,0.03564562668220096,-5.822002763053508e-7,-0.00013552333883787225,0.0034803814168471404,-0.005488708813935389,0.0020083273970882484,5.527068949422081e-6,0.05263943135274059,1.0952287421238438,20.806241898485524,-7.689506658302501,1.0376515224699923,0.7200497162559231,4.126258807754677e-6,0.01315710347240499,0.004384163870956124,true
14.125,5.104801743057488,2.6215260446253847e-5,0.030265131003227995,0.03457763125249727,-5.381069128091323e-7,-0.00012921117080322303,0.0034413729528340355,-0.005424517207963242,0.001983144255129207,5.13541206216412e-6,0.05233896460896521,1.0943186791575892,20.908298193008996,-7.751038330110969,1.0303995653283204,0.7176133031292301,3.84544835399354e-6,0.012858970623631977,0.004284914250375401,true
14.175,5.104801743057488,2.435294882557141e-5,0.029326538315809635,0.033546065865691664,-4.971280490148124e-7,-0.00012311340059668928,0.0034032671296445483,-0.005361067323248871,0.0019578001936043227,4.770596401455029e-6,0.05205139330344858,1.0933291501418256,21.00480084688509,-7.8128715496119305,1.0226264526150919,0.7149722157171993,3.5838779699613495e-6,0.012578405786721933,0.004191511823525101,true
14.225,5.104801743057488,2.2617231989420547e-5,0.028415059200248435,0.032548539361083026,-4.591417638294495e-7,-0.00011722505188552733,0.003365882771670208,-0.005298245617400573,0.0019323628457303655,4.430579898657162e-6,0.051774563997565484,1.0922734624457788,21.096719665222853,-7.8750356559910974,1.0144263496211945,0.7121524768309271,3.339924396646152e-6,0.01231268457232869,0.004103049179168113,true
14.275,5.104801743057488,2.099891945735019e-5,0.027529730066533954,0.03158259677339424,-4.240005783853569e-7,-0.00011154153617083711,0.0033290703889605608,-0.005235960974181191,0.0019068905852206303,4.1135621938518274e-6,0.051505889784177646,1.0911696743820896,21.18533781193489,-7.937545149321954,1.0059126364965099,0.7091879712618779,3.112137950704336e-6,0.012058843358121915,0.004018539075008783,true
14.325000000000001,5.104801743057488,1.949071782390121e-5,0.026669777083301056,0.030646573478880237,-3.9150494423046424e-7,-0.00010605847594753906,0.0032927601921328336,-0.005174165789454862,0.0018814055973220287,3.818114552716668e-6,0.05124388314331223,1.0900294588575394,21.271406302467103,-8.000380064795408,0.9971517482149487,0.7060976178837928,2.899413979447406e-6,0.011815107488937769,0.003937390448835141,true
14.375,5.104801743057488,1.8086984350812466e-5,0.02583451024676066,0.02973946369563914,-3.6145852865792253e-7,-0.00010077155456679204,0.003256919566580151,-0.00511283198621143,0.0018559124196312793,3.543131596718854e-6,0.05098813994424652,1.0888587847388398,21.355138389622823,-8.063467616405042,0.988163353026188,0.7028845228365275,2.700960050022198e-6,0.011580786351211998,0.003859373457250117,true
14.425,5.104801743057488,1.678310092183158e-5,0.02502320762176921,0.028860246329479207,-3.337167499273577e-7,-9.567651813464001e-5,0.003221488196217394,-0.005051918656582848,0.0018304304603654537,3.2877086646227814e-6,0.050738236159520514,1.0876670735975584,21.436832572932648,-8.126670487836252,0.978967710512746,0.6995522074412667,2.516156449995347e-6,0.0113552062509752,0.0037842638151647963,true
14.475,5.104801743057488,1.5575044866647716e-5,0.024235127000244973,0.028007534235715933,-3.0818484188522236e-7,-9.076926371375819e-5,0.0031863518043314873,-0.004991360807394953,0.001805009003063466,3.051057739476312e-6,0.05049298552799101,1.086473393963149,21.517313397142217,-8.18978322855579,0.9696185647585598,0.6961168251526234,2.3444604922870633e-6,0.011137054611394496,0.003711624228159619,true
14.525,5.104801743057488,1.445901051100804e-5,0.023469559749992444,0.02717961987181418,-2.847866370349764e-7,-8.604591677297684e-5,0.0031513534993373327,-0.004931076895222443,0.0017797233958851107,2.8324333125517055e-6,0.05025040586839522,1.0853061923287846,21.597958734327026,-8.252546432307232,0.9602050538294123,0.6926087955631014,2.1853481656725266e-6,0.010924396392825891,0.0036408098935203485,true
14.575000000000001,5.104801743057488,1.3431056425806345e-5,0.022725889289543513,0.026374703019144824,-2.6343317638250055e-7,-8.1502856623257e-5,0.0031163206863808243,-0.004870983260516357,0.001754662574135533,2.631063281560843e-6,0.05000806035253984,1.0841992367172046,21.680489686541897,-8.314674881439936,0.950837356789062,0.6890683594670239,2.0382713438200337e-6,0.01071501179413164,0.0035710810936853106,true
14.625,5.104801743057488,1.2485986691711805e-5,0.02200342860510636,0.025590887373656907,-2.439945376236371e-7,-7.71366872971144e-5,0.003081087623592124,-0.004811005324461664,0.0017299177008695404,2.4459297971155693e-6,0.049763362545986116,1.0831843808198711,21.7667039645664,-8.375953670633718,0.9416281549572254,0.6855390563415077,1.9025015293698249e-6,0.010506677711273268,0.003501697095260227,true
14.675,5.104801743057488,1.1618509960441833e-5,0.021302037603469035,0.024827074774256587,-2.2633225789658858e-7,-7.294418451670874e-5,0.00304549982448752,-0.004751079201729519,0.0017055793772419985,2.2759963158692627e-6,0.04951423490081392,1.082288398401664,21.85812626550094,-8.436192186652764,0.9326827206087851,0.6820639279591226,1.777311032551146e-6,0.010297723348608255,0.0034321012770499996,true
14.725,5.104801743057488,1.081645498855422e-5,0.02061954604492061,0.02407964465773636,-2.1018324697902195e-7,-6.8922258252823e-5,0.003009406398479769,-0.004691147574565794,0.0016817411760860247,2.118878564336913e-6,0.049257184615514885,1.081520854524279,21.956611263235388,-8.495799115240333,0.9241038964889273,0.6786872385830568,1.660927620327296e-6,0.01008542190415914,0.0033613854923473657,true
14.775,5.104801743057488,1.0083862763387986e-5,0.019962526780497265,0.023356162210963975,-1.9563981400910416e-7,-6.506792373888891e-5,0.0029726566924921814,-0.004631158067721146,0.0016585013752289648,1.97536814766646e-6,0.048995083834635855,1.080897512561416,22.06134632220595,-8.553970207564172,0.9159955569678329,0.6754556694280182,1.5540822041312388e-6,0.009872360330978986,0.0032904117554959865,true
14.825000000000001,5.104801743057488,9.361973548911886e-6,0.019301489996732438,0.022617939602194263,-1.8126184849910117e-7,-6.137830224352636e-5,0.002935033906821317,-0.0045710302068495716,0.0016359963000282546,1.833954386503675e-6,0.04870325708316723,1.0803920639272087,22.183158347752734,-8.615603169132108,0.9084788709682254,0.6724247283745033,1.4476448228233284e-6,0.009639140442034217,0.003212717971457325,true
14.875,5.104801743057488,8.810701673201488e-6,0.018757189207801693,0.022018907814580928,-1.6959194668728258e-7,-5.785068760434004e-5,0.0028961321412846065,-0.004510598046758864,0.001614465905474258,1.7259635372096498e-6,0.048472564580887674,1.0799294983437029,22.279190459204834,-8.66614971352119,0.901727238698586,0.669673125975911,1.366141449797827e-6,0.009457722289984545,0.003152280540759809,true
14.925,5.104801743057488,7.781906762640987e-6,0.017821731637113373,0.020902874070104837,-1.5717028928116455e-7,-5.448319964870615e-5,0.002852070822484545,-0.004447979617712051,0.0015959087952275063,1.5244287935813281e-6,0.04788672542486091,1.0802343447505036,22.558116788451112,-8.76580412473914,0.8962082023127516,0.6674031814784634,1.2133525619705056e-6,0.009008593681708463,0.0030026349186354807,true
14.975,5.104801743057488,7.187221972080714e-6,0.01724963749527418,0.020194731644244804,-1.4482664928679813e-7,-5.128221492959833e-5,0.002804829892753373,-0.00438447042559154,0.001579640532838167,1.4079336150234062e-6,0.04744447796246021,1.0810120878827352,22.784782008521017,-8.83112071438078,0.8964818631457468,0.6675161772304573,1.120323848602657e-6,0.008680319570383368,0.0028932479405311276,true
