r,tau,Dtau,Sr,E,nur,Pi,piR,piEta,piPhi,D,T,mu,alpha,phi,ur,v,n,e,P,ok
0.024999999999999994,11.20480784306328,0.050683241021853113,0.0,0.10480938923551107,-2.4959482897039625e-7,-0.003448283616433692,-0.0012636836031120018,0.0016890991457548014,-0.00042541554264279957,0.004523347631814169,0.08683851338365633,1.3713431579379112,15.79187741134233,-1.4815643088416,0.0,0.0,0.004523347631814199,0.10480938923551275,0.03285891954694415,true
0.07499999999999998,11.20480784306328,0.05046086021961667,0.001407230438508602,0.1042129303460429,-7.499091285595453e-7,-0.003452245033063813,-0.00132204716853948,0.0018566989820939079,-0.000534651813554428,0.004503500722759488,0.08670949301378214,1.3713548445552786,15.815509892755422,-1.4836340402114194,0.010653151483047218,0.01065254702335186,0.004503253182168105,0.10419793975762591,0.03266408202412184,true
0.125,11.20480784306328,0.05062691890248504,0.0021469971690319476,0.10464893121209187,-1.2404214040234634e-6,-0.0034514938116038197,-0.0010485670699771155,0.0018067216168588304,-0.0007581545468817149,0.004518321028934679,0.08679710353150143,1.3713634081970336,15.799644831458256,-1.4820378396184624,0.016151591966155582,0.016149485613686163,0.004517751817709365,0.10461425831219952,0.03279636522621496,true
0.175,11.20480784306328,0.05060672967536395,0.0030324423938859818,0.10460754180348625,-1.7509212549853349e-6,-0.003451782160841292,-0.0009949451621656452,0.0018124231139950585,-0.0008174779518294133,0.004516519192847539,0.08678105203509448,1.3713674175078494,15.802613420188372,-1.4822657651134634,0.02281775864085244,0.022811820925089918,0.004515383819971752,0.10453836627063334,0.03277212427277854,true
0.22499999999999998,11.20480784306328,0.05062076472558929,0.0038899426894613348,0.1046642244043886,-2.2467286311409876e-6,-0.003451848188009727,-0.0009557493190683271,0.0018105917699449633,-0.0008548424508766362,0.004517771784629739,0.08678356225513584,1.3713697033855656,15.802182668577979,-1.48219655049735,0.029253040674871934,0.029240532198107,0.004515905671926262,0.10455048040993094,0.032775927472961514,true
0.275,11.20480784306328,0.05062715532111116,0.004760233860829627,0.10470585673425262,-2.7527254052747102e-6,-0.0034519102978197817,-0.0009361678683866017,0.0018106199826997884,-0.0008744521143131867,0.004518342128683057,0.08678037380449927,1.371372692545828,15.802797711326832,-1.4822165636661853,0.03579022445539811,0.035767323885708115,0.004515549437530735,0.10453559590798336,0.032771123359291575,true
0.325,11.20480784306328,0.05063819181810242,0.005626219668222523,0.10476359675700864,-3.2535673461187676e-6,-0.0034519214580643,-0.000921231697350129,0.001808783734407321,-0.000887552037057192,0.004519327107376654,0.08677825089550567,1.371376918901307,15.803233007688242,-1.4822041210945234,0.04228985460996973,0.04225208899788028,0.004515428613031701,0.10452587722286805,0.03276793511201482,true
0.375,11.20480784306328,0.05064872918473763,0.006494522532805076,0.10483023248547099,-3.7573898485936454e-6,-0.003451962705036235,-0.000911037890765804,0.0018067862333927094,-0.0008957483426269054,0.004520267539982264,0.08677565261495239,1.3713781716181357,15.803720632368167,-1.482234065730338,0.04880426000214337,0.048746241271046147,0.00451507676581611,0.10451364892315007,0.032764015555464696,true
0.42500000000000004,11.20480784306328,0.0506589960052326,0.007363051831848617,0.104910293165779,-4.2589772659928245e-6,-0.003452063817094975,-0.0009028514393971212,0.0018042536969601463,-0.0009014022575630251,0.004521183827047492,0.08677362304768776,1.3713736895394055,15.80403861650154,-1.4823203865753758,0.05531436972030551,0.05522994129245226,0.004514517836123637,0.104503632245378,0.03276092950551225,true
0.475,11.20480784306328,0.050668516050834306,0.008232932540542744,0.10500259716891412,-4.761099224615774e-6,-0.0034522559727205556,-0.0008961553642165425,0.0018014746585938934,-0.0009053192943773509,0.004522033466392945,0.0867718911421688,1.3713634681923326,15.80423625832314,-1.482467768241985,0.06182821366226607,0.061710375181269456,0.004513708165578911,0.1044945398130009,0.0327582673633838,true
0.525,11.20480784306328,0.050677416109098435,0.009104054689459289,0.10510759135339523,-5.262458442475091e-6,-0.0034525544209563224,-0.0008902296939024847,0.0017984252864659716,-0.0009081955925634869,0.0045228277734786874,0.08677055617110085,1.371347432918664,15.804294606738898,-1.482675376975216,0.06834350138416467,0.06818444777140908,0.004512659925942794,0.10448683641192039,0.03275617866101386,true
0.5750000000000001,11.20480784306328,0.05068525117898395,0.009976732633007288,0.1052248562817203,-5.758374832333687e-6,-0.0034529690544958746,-0.000884764309147192,0.0017951537133374376,-0.0009103894041902456,0.004523527033117519,0.08676953075061512,1.3713250819382854,15.80422378772129,-1.4829504890551966,0.07486176385363204,0.0746528681966243,0.00451133317887847,0.10448006457544326,0.03275452909085347,true
0.625,11.20480784306328,0.05069207301628912,0.010851101828010813,0.10535425191154561,-6.242608639326098e-6,-0.0034535003089563848,-0.0008794902417653598,0.0017916531942966576,-0.0009121629525312978,0.00452413586438002,0.08676877801601039,1.371296611338623,15.8040327718525,-1.483291474240066,0.08138303618823514,0.0811148595907252,0.0045097324527817555,0.10447406631037122,0.03275326383412228,true
0.675,11.20480784306328,0.050699025128002104,0.011727350823909624,0.10549564306113343,-6.706460000083262e-6,-0.0034541389180976776,-0.0008742338878322955,0.0017879167332468713,-0.0009136828454145758,0.0045247563222950826,0.0867682244299438,1.3712641884869106,15.803759930503846,-1.4836746096726925,0.08790782738164846,0.08757011699731532,0.004507958858612957,0.10446867757742667,0.03275228159672198,true
0.725,11.20480784306328,0.05070775148059478,0.012605627395842423,0.10564900199321689,-7.164699627933947e-6,-0.003454869613265456,-0.0008688645086707964,0.0017839291155194196,-0.0009150646068486233,0.004525535126600779,0.08676780445973523,1.3712308516553144,15.803452215869273,-1.4840659982867395,0.09443629153229278,0.09401798587751505,0.004506159890766092,0.10446384629475172,0.03275149710275449,true
0.775,11.20480784306328,0.0507189737464926,0.013486072806440833,0.10581425063918116,-7.64328376049616e-6,-0.0034556784083646457,-0.0008633051891867073,0.0017796835705795107,-0.0009163783813928034,0.004526536684686825,0.08676747063432634,1.3711980327472404,15.803134777617645,-1.4844499477872746,0.10096859581124504,0.10045782772129866,0.004504402315307764,0.10445946906057321,0.032750845106465185,true
0.8250000000000001,11.20480784306328,0.050732370082469655,0.01436882961727674,0.10599126242039393,-8.131966969937716e-6,-0.003456556241095465,-0.0008575127770487258,0.0017751791286972289,-0.0009176663516485031,0.004527732272881169,0.08676719919359403,1.3711652428770098,15.802806309532716,-1.484832497998875,0.10750498017805252,0.10688907892237134,0.004502656913327758,0.10445539145743447,0.03275028751650018,true
0.8750000000000001,11.20480784306328,0.05074756286431174,0.015254046838992348,0.10617992451922234,-8.6267671156593e-6,-0.0034574974937678555,-0.000851458081684046,0.0017704148862965606,-0.0009189568046125146,0.004529088189203419,0.0867669703125539,1.3711318939631827,15.802463645141245,-1.4852207651437612,0.11404575835746117,0.11331125125925331,0.004500889993901795,0.10445146938515702,0.03274979174371356,true
0.9249999999999999,11.20480784306328,0.05076431630734607,0.01614186841905289,0.10638016933161094,-9.126909604706464e-6,-0.0034584984859590668,-0.0008451185159967838,0.0017653886903170534,-0.0009202701743202696,0.004530583390483885,0.08676676938622961,1.3710976307760194,15.80210535064154,-1.4856190928371493,0.12059119091399376,0.11972380706887609,0.004499080827090926,0.10444760339131141,0.032749334135351214,true
0.975,11.20480784306328,0.05078249311083208,0.01703243964646966,0.10659195639857737,-9.632706672036621e-6,-0.0034595566598240425,-0.0008384788234989877,0.0017600990125301102,-0.0009216201890311225,0.004532205622988057,0.08676658417418515,1.3710622617925234,15.80173144813557,-1.4860298977384223,0.12714154440146974,0.1261262177253768,0.004497217579539006,0.10444371920737577,0.032748895349342284,true
1.025,11.20480784306328,0.05080200286577761,0.017925905767039584,0.1068152653885441,-1.0144523213412045e-5,-0.0034606701567809718,-0.0008315286416459733,0.0017545447681152518,-0.0009230161264692784,0.004533946817948184,0.08676640502273907,1.3710256683415962,15.801342328085259,-1.4864547127958474,0.13369707978051332,0.13251795246050826,0.0044952926265597005,0.10443976106035097,0.0327484602797284,true
1.0750000000000002,11.20480784306328,0.05082277644330439,0.018822412284474486,0.10705008805845231,-1.0662635763395431e-5,-0.0034618375973950364,-0.0008242612660552919,0.0017487253723845989,-0.000924464106329307,0.004535800805791415,0.08676622388373442,1.3709877634010816,15.800938453172595,-1.486894678876345,0.14025805908127395,0.1388984850701211,0.0044933002539466905,0.1044356835068409,0.03274801638894087,true
1.125,11.20480784306328,0.050844756846263675,0.019722104183381252,0.10729642447595274,-1.1187242567964977e-5,-0.00346305794318835,-0.0008166725378432639,0.0017426406315034877,-0.0009259680936602238,0.004537762499670252,0.08676603381310088,1.3709484775192056,15.800520287377763,-1.4873507155896852,0.14682474089854472,0.1452672897045563,0.004491235845927208,0.10443144785404622,0.03274755288700248,true
1.1750000000000003,11.20480784306328,0.050867895680753505,0.020625125644361773,0.10755428039281106,-1.1718506430426475e-5,-0.003464330403092882,-0.0008087602451722834,0.0017362907406079284,-0.0009275304954356451,0.004539827580554629,0.08676582852015485,1.370907754260171,15.800088325575347,-1.4878235814902874,0.15339737976682988,0.15162384047737712,0.004489095575856158,0.1044270196323867,0.03274706003032642,true
1.225,11.20480784306328,0.05089215110380575,0.021531619955055203,0.10782366587535788,-1.2256576912932043e-5,-0.0034656543657388926,-0.0008005236545106758,0.0017296762507836795,-0.0009291525962730037,0.004541992314068311,0.08676560214386628,1.3708655474388163,15.799643102410336,-1.4883139097803475,0.15997622604399492,0.15796761157787376,0.004486876226329042,0.10442236729778015,0.03274652877137249,true
1.275,11.20480784306328,0.050917486164477055,0.022441729689780344,0.10810459449843676,-1.2801606504146938e-5,-0.0034670293493803727,-0.0007919631061898579,0.0017227980022091207,-0.0009308348960192628,0.004544253402435568,0.08676534912572915,1.3708218187076466,15.799185187640154,-1.4888222383012026,0.16656152739697117,0.16429807892726792,0.004484575043289928,0.10441746142275632,0.03274595055581662,true
1.3250000000000002,11.20480784306328,0.05094386745415731,0.023355596949230242,0.10839708287413222,-1.3353761594172824e-5,-0.0034684549642314995,-0.0007830796411482417,0.0017156570264574907,-0.000932577385309249,0.004546607864024715,0.08676506414131939,1.3707765354821668,15.798715174687153,-1.4893490346224982,0.1731535304171559,0.17061472193496038,0.004482189617293496,0.10441227419520566,0.03274531720990232,true
1.375,11.20480784306328,0.050971264054766,0.02427336354037847,0.10870115026049565,-1.3913228832137345e-5,-0.0034699308843511656,-0.0007738747045515377,0.0017082544547954673,-0.0009343797502439296,0.004549052939477361,0.08676474204080635,1.370729669343314,15.798233673058645,-1.4898947154811901,0.17975248182525563,0.1769170248331512,0.0044797177910997025,0.10440677900047086,0.032744620843489156,true
1.4250000000000003,11.20480784306328,0.05099964674878023,0.025195171024979878,0.10901681816817818,-1.4480216113450276e-5,-0.003471456827121705,-0.0007643499520909236,0.0017005914564330589,-0.0009362415043421353,0.004551586021205469,0.08676437778738565,1.370681194889799,15.79774130632995,-1.4904596610730514,0.1863586288843009,0.1832044772333706,0.0044771575903745295,0.10440095003203874,0.03274385375201182,true
1.475,11.20480784306328,0.051028987440338486,0.026121160651100754,0.10934410995638003,-1.5054949636938523e-5,-0.0034730325387115806,-0.0007545071562859142,0.0016926692137294802,-0.000938162057443566,0.004554204601726368,0.08676396639421582,1.370631088952419,15.797238714570717,-1.491044225200446,0.19297221916943902,0.18947657406189655,0.004474507172992037,0.10439476192606377,0.032743008317831855,true
1.525,11.20480784306328,0.05105925873441585,0.027051473218419886,0.10968305045465465,-1.5637669113901438e-5,-0.0034746577840167117,-0.0007443481839766633,0.0016844889256399775,-0.0009401407416633142,0.0045569062361052294,0.08676350286772642,1.370579330056997,15.796726558475706,-1.4916487424477163,0.19959349999964712,0.195732815176818,0.004471764792296472,0.10438818944738687,0.03274207692235175,true
1.5750000000000002,11.20480784306328,0.05109043362772836,0.027986248931518305,0.11003366564136807,-1.6228623040214545e-5,-0.0034763323397358995,-0.000733875009503612,0.0016760518250084587,-0.0009421768155048467,0.004559688514369092,0.08676298216241592,1.3705258980423192,15.796205523189187,-1.4922735333752344,0.2062227178408997,0.20197270496658293,0.004468928770276193,0.10438120724336068,0.03274105187619883,true
1.625,11.20480784306328,0.05112248527502438,0.028925627274304207,0.11039598239318951,-1.6828065036573375e-5,-0.0034780559895100124,-0.0007230897349491222,0.0016673591970557382,-0.0009442694621066161,0.004562549040648966,0.08676239914905798,1.3704707737663295,15.795676320704986,-1.4929189084679297,0.2128601178469379,0.2081957520873462,0.0044659974774911996,0.104373789668906,0.03273992537007597,true
1.6750000000000003,11.20480784306328,0.05115538680513462,0.029869746918321515,0.11077002829889947,-1.743625158263453e-5,-0.00347982852038181,-0.0007119946021576929,0.0016584123920900108,-0.0009464177899323179,0.00456548541676278,0.08676174859430198,1.3704139388633678,15.795139690780378,-1.4935851713014305,0.21950594359789077,0.2144014693926776,0.004462969317500691,0.10436591067007908,0.0327386894430704,true
1.725,11.20480784306328,0.05118911117087149,0.030818745661183346,0.11115583152038269,-1.8053440990470616e-5,-0.0034816497200973844,-0.00070059199170278,0.0016492128302457178,-0.0009486208385429378,0.004568495228819284,0.08676102514808519,1.3703553755367675,15.794596400835763,-1.4942726211677755,0.226160437008274,0.22058937402453566,0.004459842714403207,0.10435754370781944,0.03273733596294117,true
1.775,11.20480784306328,0.05122363102868663,0.03177276038258149,0.11155342068499165,-1.8679893040191227e-5,-0.0034835193749673437,-0.0006888844110696263,0.001639761999492765,-0.0009508775884231387,0.0045715760364778025,0.08676022333616011,1.3702950663875069,15.794047245339355,-1.4949815551988608,0.2328238383226589,0.22675898758559176,0.004456616103088757,0.10434866170913665,0.03273585661431686,true
1.8250000000000002,11.20480784306328,0.05125891863505821,0.03273192700616387,0.11196282479201843,-1.9315868816474013e-5,-0.003485437268180549,-0.0006768744780870408,0.0016300614500827709,-0.0009531869719957301,0.004574725363701065,0.08675933755501666,1.3702329942643543,15.79349304500451,-1.4957122702021164,0.23949638614143387,0.23290983633741755,0.004453287921015736,0.10433923703160097,0.03273424289063205,true
1.875,11.20480784306328,0.05129494575714113,0.033696380458712205,0.11238407312062107,-1.996163082810382e-5,-0.003487403178498452,-0.0006645649050239174,0.001620112788364205,-0.0009555478833402876,0.004577940690780969,0.08675836206701133,1.370169142139139,15.792934646240019,-1.496465064204195,0.24617831744257632,0.2390414513922698,0.004449856601348298,0.10432924143106645,0.032732486086516605,true
1.9250000000000003,11.20480784306328,0.05133168361202965,0.03466625462142005,0.11281719513711999,-2.0617443269377566e-5,-0.0034894168792168325,-0.0006519584865623056,0.0016099176718322214,-0.0009579591852699157,0.004581219448917929,0.08675729099532975,1.370103493032777,15.79237292121686,-1.4972402374137705,0.2528698675685797,0.24515336887025133,0.004446320568704781,0.10431864603300793,0.03273057729018965,true
1.975,11.20480784306328,0.05136910282671084,0.03564168227191011,0.11326222040179204,-2.1283571738062563e-5,-0.0034914781373419196,-0.0006390580927566808,0.001599477806216101,-0.0009604197134594202,0.0045845590166468265,0.08675611831930743,1.3700360299737313,15.791808768244902,-1.4980380928055586,0.25957127016995013,0.25124513001491827,0.004442678236651234,0.10430742130840936,0.03272850737656932,true
2.0250000000000004,11.20480784306328,0.05140717339112118,0.0366227950188622,0.11371917847329763,-2.1960282408954752e-5,-0.0034935867130234353,-0.0006258666668350919,0.0015887949447365565,-0.0009629282779014646,0.004587956715647431,0.08675483787060566,1.369966735940419,15.791243111810278,-1.4988589368759446,0.2662827571217423,0.25731628128340783,0.0044389280045299614,0.10429553705248584,0.03272626700163485,true
2.075,11.20480784306328,0.051445864606595566,0.03760972323245339,0.11418809880948946,-2.264784133382553e-5,-0.003495742359214174,-0.0006123872260399261,0.0015778708887697012,-0.0009654836627297751,0.004591409806143609,0.08675344332931649,1.3698955937962958,15.790676902542824,-1.4997030804855465,0.2730045584431357,0.2633663744388115,0.00443506825392862,0.10428296236259618,0.03272384659668395,true
2.125,11.20480784306328,0.05148514505145718,0.03860259597201325,0.11466901067155677,-2.3346514090603055e-5,-0.003497944821448918,-0.0005986228636514367,0.0015667074890662568,-0.0009680846254148201,0.004594915483832311,0.08675192822102941,1.3698225862529259,15.790111117332712,-1.5005708393639834,0.2797369022079215,0.26939496663383405,0.004431097346760857,0.10426966562320832,0.03272123636420274,true
2.1750000000000003,11.20480784306328,0.05152498256126951,0.03960154091360271,0.11516194303191538,-2.405656551228903e-5,-0.0035001938376743235,-0.0005845767512245944,0.0015553066470733851,-0.0009707298958487907,0.00459847087812111,0.08675028591468976,1.3697476958554002,15.789546759562386,-1.501462534344727,0.28648001446449695,0.2754016205025201,0.004427013624636334,0.10425561449663448,0.032718426275068026,true
2.225,11.20480784306328,0.05156534420957665,0.040606684278340396,0.11566692448494578,-2.4778259374005434e-5,-0.0035024891381187084,-0.0005702521402102803,0.001543670315951605,-0.0009734181757413247,0.004602073050409333,0.08674850962145765,1.369670904965052,15.788984859127279,-1.5023784916151521,0.29323411916855907,0.28138590426252297,0.004422815408269324,0.10424077591842465,0.03271540606728697,true
2.2750000000000004,11.20480784306328,0.05160619628559114,0.04161815076158608,0.1161839831574315,-2.551185814523522e-5,-0.0035048304451914154,-0.0005556523623663654,0.001531800500977562,-0.0009761481386111966,0.004605718992096748,0.08674659239372515,1.3695921957361779,15.78842647236075,-1.5033190430343089,0.2999994381368103,0.28734739183473385,0.00441850099662591,0.10422511609315951,0.032712165244990446,true
2.325,11.20480784306328,0.05164750427403135,0.04263606346129989,0.11671314661908302,-2.625762278260356e-5,-0.003507217473398773,-0.0005407808288682241,0.0015196992592717191,-0.000978918430403495,0.004609405622784108,0.0867445271246235,1.3695115500950723,15.787872681898795,-1.5042845264169635,0.3067761910043473,0.29328566296432884,0.004414068666287633,0.1042086004929174,0.03270869307821949,true
2.3750000000000004,11.20480784306328,0.05168923283485373,0.04366054380468544,0.11725444179170572,-2.7015812395574913e-5,-0.0035096499292746326,-0.0005256410281466661,0.0015073686988501928,-0.0009817276707035267,0.004613129788464308,0.08674230654762381,1.369428949717627,15.787324596513635,-1.5052752858339775,0.3135645951836222,0.299200303341161,0.00440951667077817,0.10419119385622891,0.032704978602891836,true
2.4250000000000003,11.20480784306328,0.05173134577876868,0.04469171147100367,0.11780789485751393,-2.7786684108125842e-5,-0.0035121275113381514,-0.0005102365231384901,0.0014948109773383013,-0.0009845744541998112,0.00461688825933724,0.08673992323694016,1.3693443759986073,15.78678335070789,-1.5062916719962014,0.3203648658041668,0.30509090470135186,0.004404843239616445,0.10417286019031254,0.03270101062198953,true
2.475,11.20480784306328,0.051773806067085835,0.045729684313138265,0.11837353116675337,-2.8570493548818794e-5,-0.0035146499100193814,-0.000494570950076978,0.0014820283014249412,-0.0009874573513479633,0.004620677729795981,0.08673736960728766,1.3692578100672086,15.786250104962415,-1.5073340421174874,0.327177215664122,0.31095706493731207,0.004400046579641204,0.10415356277428534,0.032696777706026706,true
2.5250000000000004,11.20480784306328,0.05181657583928051,0.04677457828083484,0.11895137514307286,-2.9367494346797593e-5,-0.0035172168075155975,-0.0004786480178876793,0.0014690229266088799,-0.0009903749087212005,0.00462449482088703,0.08673463791236433,1.369169232846021,15.785726046719809,-1.5084027593009486,0.3340018552192665,0.3167983882375916,0.004395124878345708,0.10413326416010148,0.03269226819183389,true
2.575,11.20480784306328,0.051859616351794806,0.04782650733455307,0.1195414501771084,-3.017793667871167e-5,-0.0035198278778118485,-0.00046247150456680424,0.0014557971554115116,-0.0009933256508447073,0.004628336074848465,0.08673172024482807,1.3690786249515303,15.785212389271967,-1.5094981937277636,0.3408389925310012,0.3226144851884586,0.004390076299424859,0.10411192616757932,0.032687470182954155,true
2.6250000000000004,11.20480784306328,0.05190288793511459,0.04888558335048267,0.12014377852680516,-3.1002067790472135e-5,-0.003522482786778589,-0.0004460452549419089,0.001442353336259011,-0.0009963080813171021,0.004632197951279178,0.08672860853898126,1.368985966630588,15.784710370572588,-1.5106207233859423,0.34768883313473026,0.32840497280609615,0.004384898980617366,0.10408950989547215,0.0326823715543378,true
2.6750000000000003,11.20480784306328,0.05194635006992514,0.04995191603741284,0.1207583812210773,-3.184013260063212e-5,-0.003525181192086684,-0.00042937318372705227,0.0014286938650346723,-0.00099932068130762,0.00463607683393556,0.08672529456867838,1.3688912379075389,15.784221255351333,-1.5117707324549376,0.3545515800365197,0.3341694746763781,0.004379591041473547,0.10406597572758419,0.03267695995081487,true
2.725,11.20480784306328,0.05198996134719512,0.05102561284603031,0.12138527793604431,-3.2692371698071266e-5,-0.0035279227432032066,-0.0004124592738673407,0.001414821184288578,-0.0010023619104212373,0.004639969027169108,0.08672176994390526,1.3687944185244023,15.783746335087342,-1.5129486121012767,0.36142743373346187,0.3399076211103331,0.004374150580443895,0.1040412833156189,0.03267122278271751,true
2.7750000000000004,11.20480784306328,0.05203367938211216,0.052106778862792844,0.12202448689517723,-3.355902206283521e-5,-0.0035307070815277447,-0.0003953075717300356,0.0014007377808565565,-0.0010054302091265209,0.004643870748245397,0.08671802611722222,1.368695487796255,15.783286925213254,-1.5141547620820206,0.3683165920156422,0.3456190491141743,0.004368575669286438,0.10401539160196682,0.032665147236067116,true
2.825,11.20480784306328,0.05207746099597938,0.05319551671859988,0.12267602477879386,-3.44403165109591e-5,-0.0035335338401725315,-0.00037792219158566654,0.0013864461881396683,-0.0010085239965540017,0.0046477781435778675,0.08671405438215964,1.3685944249245467,15.782844369068256,-1.515389587209618,0.3752192499243596,0.35130340248971015,0.004362864369320372,0.10398825884245735,0.03265872027269383,true
2.8750000000000004,11.20480784306328,0.05212126199815613,0.05429192648776181,0.12333990655853239,-3.5336483443722e-5,-0.003536402644249207,-0.00036030731525321744,0.0013719489859906646,-0.0010116416707374471,0.004651687269266611,0.08670984586678525,1.3684912086575038,15.782420035205172,-1.5166535014320839,0.38213559987253437,0.35696033206388805,0.004357014714016197,0.10395984255253779,0.0326519286202944,true
2.9250000000000003,11.20480784306328,0.0521650374060124,0.055396105582648805,0.12401614543949724,-3.624774723140767e-5,-0.0035393131104313816,-0.00034246717927204507,0.0013572487943069407,-0.0010147816150348956,0.004655594110728722,0.08670539150614859,1.3683858177068653,15.782015327268642,-1.517946923563588,0.3890658323157157,0.36258949635531185,0.0043510247263889015,0.10393009941623892,0.03264475873405022,true
2.975,11.20480784306328,0.05220874141587398,0.056508148633526746,0.12470475275642609,-3.717432211440795e-5,-0.003542264847368597,-0.0003244060948565106,0.0013423482831106668,-0.0010179421882541562,0.004659494580105235,0.08670068218711857,1.368278230418789,15.781631653898094,-1.5192702785997378,0.39601013184831824,0.36819055853612753,0.0043448924258606665,0.10389898594920541,0.032637197014770025,true
3.0250000000000004,11.20480784306328,0.05225232667065737,0.057628147402298976,0.12540573766243857,-3.8116417971467874e-5,-0.003545257456935143,-0.0003061284469670104,0.0013272501722355438,-0.0010211217252685334,0.004663384450899438,0.08669570852121418,1.3681684240027532,15.781270461247415,-1.5206240106450948,0.402968683356267,0.37376319154790716,0.004338615754887725,0.10386645736636205,0.032629229464743205,true
3.075,11.20480784306328,0.05229574541973547,0.05875619067674398,0.12611910727057343,-3.907424452751061e-5,-0.0035482905321411098,-0.00028763865887161395,0.0013119572136052818,-0.0010243185547336678,0.004667259461491876,0.08669046100189785,1.3680563762111004,15.780933223796682,-1.5220085608497458,0.40994166757970363,0.37930707461153756,0.0043321926886339245,0.10383246846966011,0.032620841933560255,true
3.1250000000000004,11.20480784306328,0.05233894947929381,0.05989236412929371,0.12684486651833393,-4.004800079860928e-5,-0.003551363657094567,-0.0002689412187310096,0.0012964722045125823,-0.0010275309857815727,0.004671115311602245,0.08668492997967846,1.3679420652427285,15.780621447850452,-1.5234243690135043,0.4169292616997853,0.38482189383604054,0.004325621226777609,0.10379697352778132,0.032612020081741966,true
3.1750000000000003,11.20480784306328,0.05238188902967457,0.06103675020326101,0.1275830177530685,-4.1037874594004925e-5,-0.0035544764091183794,-0.0002500406904197511,0.0012807979931702153,-0.0010307573027504642,0.004674947554955471,0.08667910562327619,1.3678254678422932,15.78033665676157,-1.5248718962579328,0.423931640447162,0.3903073432093838,0.00431889929330171,0.10375992594309902,0.03260274931572099,true
3.225,11.20480784306328,0.052424513061582495,0.06218942800258491,0.12833356081735658,-4.2044050521002704e-5,-0.0035576283586213567,-0.00023094169171758525,0.0012649374679801692,-0.001033995776262584,0.00467875163910443,0.08667297796113008,1.3677065599977605,15.780080391504846,-1.5263516163200104,0.4309489752027209,0.39576312398997215,0.004312024778963462,0.1037212785119042,0.032593014855155186,true
3.2750000000000004,11.20480784306328,0.052466770107899324,0.06335047320438009,0.12909649296023037,-4.306670671668153e-5,-0.003560819067753695,-0.00021164889351953813,0.0012488935571395915,-0.0010372446636200533,0.004682522970742481,0.086666536865262,1.3675853181737874,15.77985422793498,-1.5278640016743021,0.4379814341252157,0.4011889449137773,0.004304995601102372,0.10368098345557665,0.03258280171580994,true
3.325,11.20480784306328,0.05250860805864112,0.06451995789848758,0.12987180863883208,-4.4106007854273954e-5,-0.0035640480902959445,-0.0001921670202163939,0.0012326692288407654,-0.0010405022086243715,0.004686256899188893,0.08665977204822811,1.3674617189669729,15.779659773463859,-1.5294095276325743,0.445029182019043,0.4065845221934072,0.004297809686678657,0.10363899238473684,0.03257209470541057,true
3.3750000000000004,11.20480784306328,0.05254997369651079,0.06569795044470036,0.13065949933864318,-4.516210975928979e-5,-0.003567314972604421,-0.0001725008528291837,0.0012162674929100353,-0.0010437666400808516,0.004689948674938112,0.08665267306903889,1.3673357383568796,15.779498657444538,-1.5309886809541657,0.4520923802897909,0.41194957958284456,0.004290464936861314,0.10359525627349443,0.03256087843135788,true
3.4250000000000003,11.20480784306328,0.05259081266065449,0.06688451536753974,0.1314595534698404,-4.6235166931659434e-5,-0.00357061925405674,-0.00015265522696095352,0.0011996913998838738,-0.0010470361729229202,0.004693593446425111,0.08664522933920198,1.367207351686633,15.779372529954749,-1.5326019600398932,0.45917118694186027,0.4172838484698246,0.004282959228074226,0.10354972549423444,0.03254913731186698,true
3.475,11.20480784306328,0.052631069518761314,0.06807971322933021,0.13227195625924204,-4.732528305474509e-5,-0.003573960466752657,-0.000132635025149915,0.0011829440372301174,-0.0010503090120802024,0.004697186266460106,0.08663743013709697,1.3670765333633226,15.779283055834304,-1.534249878214721,0.46626575635095574,0.42258706779505856,0.004275290400538251,0.10350234986933098,0.032536855598511875,true
3.5250000000000004,11.20480784306328,0.05267068819565621,0.06928360051877332,0.13309668961338111,-4.843324723054202e-5,-0.00357733813607306,-0.00011244517611126172,0.0011660285290065256,-0.0010535833528952639,0.004700722130479355,0.08662926448334055,1.3669432636894876,15.779232016362796,-1.535932887160784,0.4733762399300303,0.42785898463375027,0.00426745657677792,0.10345307864364837,0.03252401722044075,true
3.575,11.20480784306328,0.05270961459337489,0.07049622945724426,0.13393373197144487,-4.955626648719701e-5,-0.0035807517758452492,-9.209063321548067e-5,0.0011489480248646484,-0.0010568573916491678,0.004704196210380046,0.08662072171130542,1.3668074978883848,15.779220847913972,-1.5376517244398733,0.48050278290548315,0.43309935189859416,0.004259454724984442,0.10340186068221781,0.03251060651168581,true
3.6250000000000004,11.20480784306328,0.05274778646046141,0.07171764778730896,0.1347830581711061,-5.069983004285985e-5,-0.0035842008991126178,-7.157637491403326e-5,0.0011317057004766073,-0.001060129325562574,0.0047076029503814055,0.08661179002025747,1.3666692475253188,15.779251845570576,-1.5394064993172027,0.48764553020122403,0.4383079327689418,0.004251284443967379,0.10334864422639983,0.03249660638746937,true
3.6750000000000003,11.20480784306328,0.05278514629255682,0.07294789888480896,0.13564463941046645,-5.1859155806605525e-5,-0.003587685009515202,-5.090738114764317e-5,0.001114304745252645,-0.0010633973641050018,0.004710937218368744,0.08660245885278813,1.3665284475664161,15.779326195452722,-1.5411981853825485,0.4948046170520899,0.443484493902888,0.004242941792640209,0.1032933773922581,0.032482001351021084,true
3.725,11.20480784306328,0.05282163748850109,0.07418702128678412,0.13651844318086287,-5.3036285863078954e-5,-0.003591203599294772,-3.008857301175518e-5,0.0010967483315765057,-0.0010666597585647505,0.0047141939628355285,0.08659271652902706,1.366385092955491,15.779445982589772,-1.5430270858833655,0.5019801763784218,0.4486288109543306,0.0042344256392701715,0.10323600803272946,0.032466774524831085,true
3.7750000000000004,11.20480784306328,0.05285719789874447,0.0754350486086634,0.1374044332098382,-5.4231078742584864e-5,-0.003594756157081507,-9.124765857359196e-6,0.001079039590665925,-0.0010699148248085658,0.004717367637095849,0.08658255183324673,1.3662391516816652,15.779612898369724,-1.5448938092740774,0.509172331201734,0.45374066322615747,0.004225733636621838,0.10317648422364592,0.03245090966563979,true
3.825,11.20480784306328,0.052891766787229476,0.07669200939781326,0.1383025696560644,-5.5443489887903454e-5,-0.003598342162630143,1.1979430340891464e-5,0.0010611815611567571,-0.0010731609914976486,0.004720452820614316,0.08657195356470124,1.3660905957127183,15.779828679639808,-1.546798920128352,0.5163811945729007,0.4588198338683533,0.004216863672763194,0.10311475464512973,0.03243439062388441,true
3.8750000000000004,11.20480784306328,0.052925282805503175,0.07795792679796489,0.13921280929529467,-5.667345715924454e-5,-0.003601961087373571,3.321974893134242e-5,0.0010431771178669095,-0.001076396866798252,0.004723444038200832,0.08656091077535785,1.3659393961912039,15.780095010045335,-1.548742990432588,0.5236068643361053,0.4638661064828621,0.004207813672906155,0.10305076932204706,0.03241720168205146,true
3.9250000000000003,11.20480784306328,0.05295768398776325,0.07923281829476969,0.14013510593224948,-5.792085495142125e-5,-0.0036056123945817295,5.4592435124604325e-5,0.001025028884222884,-0.0010796213193474884,0.004726335759568471,0.08654941299222202,1.365785522534697,15.780413469210206,-1.5507266060529425,0.5308494172782815,0.46887926149419423,0.004198581590752191,0.10298448060409454,0.032399327885767965,true
3.975,11.20480784306328,0.052988907993390386,0.0805166954098819,0.14106941096887166,-5.918546397021816e-5,-0.0036092955399566395,7.609443356619452e-5,0.0010067391340596891,-0.0010828335676258836,0.004729122420978864,0.08653745049739092,1.3656289419392942,15.780785475999982,-1.5527503674811527,0.5381089013793782,0.4738590714354935,0.004189165428438947,0.10291584444689096,0.03238075546218164,true
4.0249999999999995,11.20480784306328,0.05301889226590931,0.08180956341132664,0.1420156740529866,-6.046694548349657e-5,-0.0036130099736707303,9.772353467488409e-5,0.000988309713153954,-0.001086033247828838,0.00473179843942906,0.08652501463998069,1.3654696186995783,15.781212223784294,-1.5548148920885492,0.545385327364587,0.4788052960452221,0.004179563252429278,0.10284482182449686,0.03236147228406602,true
4.075,11.20480784306328,0.053047574138523346,0.08311142111859912,0.14297384358469123,-6.176482594017002e-5,-0.00361675514492648,0.00011947837165247725,0.0009697420353974845,-0.0010892204070499618,0.0047343582220702035,0.08651209808844738,1.3653075136446753,15.781694627829113,-1.5569208160645827,0.5526786621622798,0.483717678949783,0.004169773205932414,0.10277137986698529,0.03234146824375155,true
4.125,11.20480784306328,0.053074890809159156,0.08442226092799548,0.14394386662675868,-6.307850880271327e-5,-0.003620530510295769,0.0001413580978323083,0.0009510372406115399,-0.0010923953384438482,0.004736796163980356,0.08649869484390968,1.3651425841026366,15.782233322318799,-1.5590687945144026,0.5599888293230052,0.48859594920551724,0.004159793510419309,0.10269549191456995,0.03232073527047644,true
4.175,11.20480784306328,0.053100779055517175,0.08574206922729755,0.1449256875011754,-6.440733932614158e-5,-0.0036243355466908035,0.0001633615340888866,0.0009321966221928648,-0.0010955581562817514,0.004739106622733475,0.08648479973210432,1.364974785029363,15.78282876595095,-1.5612594974942613,0.5673157242563899,0.4934398325647518,0.004149622443898385,0.10261713521790378,0.03229926657285651,true
4.225,11.20480784306328,0.05312517454944783,0.0870708273650659,0.14591924418592106,-6.575075044925731e-5,-0.003628169768226289,0.0001854856193741314,0.0009132224121245224,-0.0010987080314986538,0.004741283857209277,0.08647040702752493,1.364804072095606,15.78348152867104,-1.563493599161143,0.5746592537468544,0.4982490779856222,0.004139258281430669,0.10253628473183336,0.03227705459496361,true
4.2749999999999995,11.20480784306328,0.05314801070374499,0.08840851322417126,0.1469244618282623,-6.710850360108776e-5,-0.00363203274289957,0.00020772321541350901,0.0008941189016566638,-0.0011018421170701728,0.004743321924672549,0.08645550794676972,1.3646304073574114,15.78419281507904,-1.5657717577223085,0.5820194065641366,0.5030235027303471,0.004128699187941565,0.10245290183505922,0.0322540873009524,true
4.325,11.20480784306328,0.05316921720914631,0.08975510315314997,0.14794124367699318,-6.84809924039241e-5,-0.00363592409944716,0.00023006079283142793,0.000874893635874533,-0.001104954428705961,0.004745214550204226,0.08644008714027053,1.364453767257881,15.784965198423684,-1.568094586972843,0.5893963506892826,0.5077630518427865,0.00411794307077498,0.10236691858148862,0.03223034298701718,true
4.375,11.20480784306328,0.05318871883265411,0.09111057349392218,0.148969461868037,-6.986949223498429e-5,-0.0036398435100916467,0.00025247724346275774,0.0008555580536327504,-0.0011080352970955082,0.004746955019454654,0.08642411915548716,1.3642741507830198,15.785803362699365,-1.5704626271376094,0.5967905289128982,0.5124678529818548,0.004106987435155715,0.10227822188566515,0.03220578507009536,true
4.425,11.20480784306328,0.05320643555232535,0.09247490034853617,0.15000895357946215,-7.127613383175689e-5,-0.0036437906338752163,0.00027494569475719044,0.0008361266193659776,-0.001111072314123168,0.00474853619067324,0.08640756705566756,1.3640915827852598,15.786714396280269,-1.572876333008914,0.6042026912446021,0.517138228106194,0.004095829334835118,0.10218664746892843,0.032180360090394156,true
4.475,11.20480784306328,0.05322228527214594,0.09384805596665527,0.15105953050187426,-7.270332949887529e-5,-0.003647765017418819,0.00029744002548083505,0.0008166135712338338,-0.0011140535967146688,0.004749950737003939,0.0863903863266182,1.3639061051243997,15.787706978966932,-1.575336106972214,0.6116337777475044,0.5217746111382278,0.004084465541009094,0.10209199759380069,0.03215400355254672,true
4.5249999999999995,11.20480784306328,0.05323618957881894,0.095230000899422,0.15212100789312416,-7.415253119321625e-5,-0.003651765982441052,0.0003199457387262414,0.0007970274297028494,-0.0011169731684290908,0.004751191660263645,0.08637253652433108,1.3637177496665829,15.788788943143109,-1.5778424001132179,0.6190845873670321,0.526377338474024,0.004072893016617157,0.10199409347681583,0.03212665719962884,true
4.575,11.20480784306328,0.05324808060048441,0.09662067368760899,0.1531932489841458,-7.562270296761484e-5,-0.003655792573656839,0.0003424703853126259,0.0007773656690115314,-0.0011198360543241573,0.00475225290306513,0.08635399893226,1.3635264968304326,15.78996356497682,-1.5803958688308508,0.6265552884681225,0.5309463554375979,0.004061109611133168,0.10189285442979627,0.03209829510567044,true
4.625,11.20480784306328,0.0532579036314761,0.09801998393977206,0.15427619983511243,-7.710968951017982e-5,-0.003659843673497071,0.0003650437134268866,0.0007576145007697141,-0.0011226582141966007,0.004753129583069756,0.08633479034546161,1.3633322431078325,15.791226661379149,-1.5829974955090829,0.6340450529766656,0.5354810152043328,0.004049114599202193,0.101788359324744,0.032068943940338185,true
4.675,11.20480784306328,0.05326560937004352,0.09942781811529697,0.15536987073337669,-7.860808666413177e-5,-0.0036639183194695025,0.0003876981885303049,0.0007377585544331961,-0.001125456742963501,0.004753817300224334,0.08631495548247302,1.3631348208008238,15.792568196106176,-1.5856484943326863,0.6415522992862029,0.5399802540123816,0.0040369084763896,0.10168081225159879,0.03203867160096737,true
4.725,11.20480784306328,0.053271135175300625,0.10084406289590638,0.15647423335375232,-8.011587149492645e-5,-0.0036680160520804013,0.0004104352519783093,0.000717797862405207,-0.0011282331143835163,0.004754310463992468,0.08629452603389895,1.3629340989700156,15.7939809349508,-1.5883498911175549,0.6490758504646976,0.5444432973806206,0.0040244915762887015,0.10157035922946908,0.0320075266787194,true
4.775,11.20480784306328,0.05327439577978152,0.10226863454156856,0.15758908738647448,-8.163794766877504e-5,-0.0036721368667848816,0.000433209416467965,0.0006977560667827748,-0.0011309654832507398,0.004754601464474276,0.08627346757210161,1.3627301181668117,15.795471730957525,-1.5911019424189403,0.6566163775316434,0.5488704903110061,0.004011862449010157,0.10145685180223425,0.03197546030915581,true
4.825,11.20480784306328,0.05327530376133144,0.10370147924497987,0.15871406288863293,-8.318094631672316e-5,-0.003676280557500304,0.00045596664336999544,0.0006776613568519707,-0.0011336280002219661,0.004754682499469488,0.08625168094642884,1.3625230735451455,15.797061096019826,-1.5939043152126142,0.664176284543707,0.5532631744373115,0.003999017270319231,0.1013398532877466,0.03194232853132276,true
4.875,11.20480784306328,0.053273709727376925,0.10514250186987197,0.159848837735524,-8.474308863852629e-5,-0.003680446292094328,0.00047870255005744416,0.0006575172124244769,-0.001136219762481921,0.0047545402360789114,0.08622909878577574,1.3623129154709361,15.798760913127644,-1.596758941794444,0.6717569815252675,0.5576220757946397,0.003985945642771329,0.10121905758865453,0.03190803399350789,true
4.925,11.20480784306328,0.053269587074745356,0.1065916205105068,0.16099344575573776,-8.632368918378814e-5,-0.0036846330892467767,0.0005014516422911194,0.0006373071545697803,-0.0011387587968608997,0.00475417230003848,0.0862057648623656,1.3620995521214696,15.800562228015384,-1.599666195163392,0.6793571673021678,0.5619463631894295,0.003972651764273284,0.10109467226345595,0.03187264404829799,true
4.975,11.20480784306328,0.05326326760094807,0.10804852199560187,0.1621476430936874,-8.793183850044695e-5,-0.0036888542444734364,0.0005242870661497515,0.0006169642736356686,-0.00114125133978542,0.00475360830341437,0.08618168670277863,1.3618837045651015,15.802472157013286,-1.6026176873426796,0.686974940367981,0.5662349116237005,0.003959171867112153,0.10096679779052266,0.0318361755604983,true
5.025,11.20480784306328,0.05325434963032994,0.10951309609637017,0.1633110745286695,-8.95554341203852e-5,-0.003693097836210285,0.0005471464910737052,0.0005965436737678696,-0.0011436901648415748,0.004752812397697553,0.08615679683472952,1.3616647996013338,15.804496564715034,-1.6056214423109072,0.6946121087572105,0.5704887073994475,0.0039454714974850764,0.10083508989344422,0.031798529516089837,true
5.075,11.20480784306328,0.053242876106396955,0.11098530458964069,0.16448392067135778,-9.12005962972565e-5,-0.003697359146582572,0.000569958794190418,0.0005760916005011589,-0.001146050394691577,0.00475178841548441,0.08613116678670645,1.36144283902718,15.80662250168549,-1.6086762334932752,0.7022673238402477,0.5747069741051591,0.003931563267074028,0.10069989210064667,0.03175981477047073,true
5.125,11.20480784306328,0.053228445796660584,0.11246499376396991,0.16566532604018808,-9.285707574379432e-5,-0.003701636290067155,0.0005927651066710254,0.0005555891890873619,-0.0011483542957583873,0.0047505005478173795,0.08610457929363587,1.3612176239677511,15.808887693715972,-1.6117885618948318,0.7099455164460251,0.5788923820305307,0.003917408366621661,0.10056019790529834,0.031719713313427406,true
5.175,11.20480784306328,0.05321126872528066,0.11395196371555957,0.16685609265543566,-9.451893963255615e-5,-0.0037059289288398174,0.0006155892548297604,0.0005350254728660205,-0.001150614727695781,0.004748967538807274,0.0860773669909475,1.3609887567570782,15.811226624766642,-1.614956963745664,0.7176378270519669,0.5830401000642867,0.0039030396264814614,0.10041752832841323,0.03167871765243128,true
5.225,11.20480784306328,0.053191051965979966,0.11544606170153626,0.1680552529596976,-9.619658304772658e-5,-0.003710236889022814,0.000638375204640044,0.0005144292937363926,-0.0011528044983764366,0.0047471632455446085,0.08604925912585863,1.360756529208523,15.813692564374476,-1.6181832616108245,0.7253508674184848,0.5871537213259882,0.00388843305390407,0.10027066821949407,0.031636433326300964,true
5.275,11.20480784306328,0.0531678061201261,0.11694711106360171,0.16926286821687908,-9.7882808497231e-5,-0.0037145594099401175,0.0006611429975139873,0.0004937917206131746,-0.001154934718127162,0.00474508861417391,0.0860203396043497,1.3605207588404358,15.816268165158927,-1.621468152777571,0.7330821047024012,0.5912318965824982,0.0038735950079069365,0.10012000594327483,0.03159298703432851,true
5.325,11.20480784306328,0.05314144698694372,0.11845492525845336,0.1704786540303287,-9.957886882562135e-5,-0.003718895991488287,0.0006838813950689731,0.0004731194313723709,-0.001157000826441344,0.004742736129994657,0.08599057702162476,1.3602814520412243,15.818959462257627,-1.6248123084886328,0.7408319711284584,0.5952748833470487,0.003858523656989465,0.09996541221567784,0.03154833649497962,true
5.375,11.20480784306328,0.05311190730314272,0.11996931173304468,0.17170236839257574,-0.00010128388531432653,-0.003723246058220384,0.0007065848229105057,0.0004524163271520008,-0.0011590011500625065,0.004740099789932896,0.0859599566389007,1.3600385828166166,15.82176906544807,-1.6282164702726785,0.7486004732666746,0.5992827199074415,0.003843218204656301,0.0998068329523618,0.031502464046931876,true
5.425,11.20480784306328,0.05307911345190551,0.12149006570896764,0.17293375939871836,-0.00010299709718172112,-0.0037276090335946663,0.0007292479957444328,0.0004316861888495796,-0.0011609341845940124,0.004737173023878848,0.08592846430546774,1.3597921151015555,15.824699371649658,-1.6316814926427456,0.7563875849686365,0.6032554367718123,0.0038276775641275986,0.0996442167467687,0.03145535305691254,true
5.475,11.20480784306328,0.053042988944122064,0.12301697058079644,0.17417256224581906,-0.00010471777192057598,-0.0037319843461970014,0.0007518655753027033,0.00041093284282602547,-0.0011627984181287287,0.004733949005378092,0.08589608519856831,1.3595420100211413,15.82775288161563,-1.6352082828240446,0.7641932819059775,0.607193074704064,0.003811900507865595,0.09947750963902617,0.031406986105123325,true
5.525,11.20480784306328,0.05300345913790665,0.12454979943825223,0.17541850245990553,-0.000106445180848058,-0.003736371426311733,0.0007744322073917471,0.0003901601402703849,-0.001164592347662132,0.00473042107283618,0.08586280435605678,1.3592882317198853,15.830932170386312,-1.6387977231282782,0.772017533605674,0.6110956804891536,0.0037958860064968183,0.09930665801860729,0.031357345797843376,true
5.575,11.20480784306328,0.05296045318930386,0.1260883163412127,0.17667129762562167,-0.0001081785889377566,-0.0037407697021902735,0.0007969424938904238,0.00036937196925720917,-0.001166314463147633,0.00472658290361408,0.0858286068425232,1.359030749718686,15.834239884753242,-1.6424506404952126,0.7798603047113261,0.6149633074907196,0.00377963335534945,0.09913160957400696,0.03130641502607006,true
5.625,11.20480784306328,0.05291390339473137,0.1276322766827176,0.17793065773528102,-0.0001099172381107162,-0.003745178598163546,0.0008193910053750336,0.0003485722466026735,-0.001167963251977707,0.004722428455342903,0.0857934777926302,1.3587695374257294,15.83767871853832,-1.6461678231023122,0.787721556185513,0.6187960161337622,0.0037631421118306347,0.09895231339582157,0.03125417702875119,true
5.675,11.20480784306328,0.05286374365450685,0.12918142692085857,0.179196284772025,-0.0001116603374554484,-0.003749597535008065,0.0008417723119500923,0.0003277649009581694,-0.0011695372129082618,0.004717951828797667,0.08575740240431352,1.358504569526187,15.84125138400712,-1.6499500510371787,0.7956012452620046,0.6225938737449516,0.003746411977964355,0.09876871977183066,0.0312006153784975,true
5.725,11.20480784306328,0.052809908477059776,0.1307355042198146,0.1804678722330022,-0.00011340706380258749,-0.003754025931263817,0.0008640810114765294,0.0003069538578466533,-0.0011710348693231827,0.0047131471790257925,0.08572036591982009,1.3582358204013785,15.844960597483054,-1.6537981152719636,0.80349932503036,0.626356954217964,0.0037294427286576055,0.09858078000470234,0.031145713953789907,true
5.775,11.20480784306328,0.05275233277755875,0.13229423616832914,0.18174510479079764,-0.00011515656827931955,-0.003758463204208359,0.0008863117547541433,0.0002861430268989274,-0.0011724547816530707,0.004708008697375109,0.08568235360637154,1.3579632638870018,15.848809080636885,-1.657712821073066,0.8114157439788701,0.6300853376707027,0.0037122341996346656,0.09838844632650191,0.03108945691601053,true
5.825,11.20480784306328,0.05269095198686922,0.1338573404579543,0.18302765792890124,-0.00011690798225926185,-0.0037629087702435887,0.0009084592670134241,0.00026533629136199743,-0.0011737955583754215,0.004702530621218047,0.08564335073115933,1.357686873546845,15.852799568862295,-1.6616949855206642,0.819350445384805,0.633779110044452,0.0036947862971232056,0.09819167182515104,0.031031828680442443,true
5.875,11.20480784306328,0.05262570203441801,0.13542452449349884,0.18431519750217135,-0.00011866041869329907,-0.0037673620452606856,0.0009305183579449462,0.00024453750345433353,-0.0011750558613992797,0.004696707232422353,0.08560334253484451,1.3574066227016695,15.856934817108833,-1.6657454379224557,0.8273033666251706,0.6374383626840094,0.0036770989965775242,0.09799041034752173,0.03097281388452209,true
5.925,11.20480784306328,0.0525565191904037,0.13699548510716447,0.18560737942220562,-0.00012041296961994552,-0.0037718224455008387,0.0009524839149063582,0.0002237504880591204,-0.0011762344029654787,0.004690532843268759,0.08556231422008594,1.3571224841283998,15.861217599112255,-1.6698650238010913,0.8352744387587457,0.6410631920600014,0.0036591723294379813,0.09778461644867756,0.030912397377003912,true
5.975,11.20480784306328,0.05248334003728175,0.1385699085572898,0.18690384968304372,-0.00012216470394183385,-0.003776289388816847,0.0009743508844465237,0.00020297905213095864,-0.0011773299365774824,0.004684001793906118,0.08552025096639618,1.356834429857737,15.865650702906422,-1.6740546072358649,0.8432635866328494,0.6446536997361081,0.003641006378124953,0.09757424546822506,0.03085056424575011,true
6.025,11.20480784306328,0.05240610178762286,0.14014747080359335,0.18820424471677344,-0.000123914668959562,-0.0037807622957296925,0.0009961142546301791,0.00018222699356780638,-0.0011783412481979855,0.0046771084807194305,0.08547713796370957,1.3565424314888412,15.87023692890582,-1.6783150667967561,0.851270729409162,0.6482099925149979,0.003622601295750277,0.09735925372695324,0.03078729987427251,true
6.075,11.20480784306328,0.05232474290722662,0.1417278378713079,0.18950819185279205,-0.000125661895739677,-0.003785240589699414,0.0010177690479754632,0.00016149810462450873,-0.0011792671525999718,0.00466984741194112,0.0854329604458243,1.3562464610366054,15.87497909424131,-1.682647285230777,0.8592957811243539,0.6517321825802562,0.0036039573478280594,0.09713959875778456,0.03072258999958394,true
6.125,11.20480784306328,0.05223920377542209,0.14331066609571713,0.19081530962806598,-0.00012740540510235813,-0.003789723696517335,0.0010393103261246014,0.00014079616928561664,-0.001180106495410218,0.004662213266581145,0.08538770370830594,1.3559464919129824,15.879880041569558,-1.6870521378478645,0.8673386509639355,0.6552203874950357,0.0035850749563615916,0.09691523947296692,0.03065642074767164,true
6.175,11.20480784306328,0.05214942707185585,0.1448956021613927,0.19212520784151915,-0.000129144210414547,-0.003794211043294394,0.0010607332003746547,0.00012012495754269768,-0.0011808581579173523,0.004654200928946831,0.0853413531090358,1.3556424995073704,15.884942646448819,-1.6915304859086573,0.8753992431941463,0.6586747300448912,0.0035659547235154347,0.09668613622309809,0.030588778642275164,true
6.225,11.20480784306328,0.05205535772689605,0.14648228299159927,0.19343748741576172,-0.0001308773156470109,-0.003798702057773717,0.0010820328412374633,9.948822004189605e-5,-0.0011815210612793592,0.004645805484216554,0.0852938940609209,1.3553344610463813,15.890169817763718,-1.6960831785953137,0.8834774569197698,0.6620953380080647,0.0035465974234612126,0.09645225077062583,0.030519650599786664,true
6.275,11.20480784306328,0.051956942501277914,0.14807033560341912,0.19475174020582636,-0.00013260371037767375,-0.0038031961685115663,0.0011032044839218678,7.888968472429072e-5,-0.0011820941686461585,0.004637022180924204,0.085245312026492,1.3550223548118525,15.8955644902883,-1.7007110624815618,0.891573185883138,0.6654823439489924,0.0035270039680244925,0.09621354622877248,0.03044902392468676,true
6.325,11.20480784306328,0.05185412944094028,0.14965937701512882,0.19606754886643465,-0.00013432236531327343,-0.003807692805992817,0.0011242434305901755,5.833305508666323e-5,-0.0011825764856768387,0.004627846382304749,0.08519559251962372,1.3547061591286393,15.901129613208571,-1.7054149935971636,0.8996863183774136,0.6688358850635494,0.0035071753647248315,0.09596998701844107,0.030376886314489662,true
6.375,11.20480784306328,0.051746867494799835,0.15124901423243015,0.19738448681978044,-0.0001360322313223032,-0.0038121914042815604,0.0011451450515691304,3.782200899525215e-5,-0.0011829670605643825,0.00461827353218159,0.0851447211116138,1.3543858516337326,15.90686814110656,-1.7101958461451292,0.9078167372456761,0.672156103060489,0.0034871126881400377,0.09572153886528566,0.03030322587195452,true
6.425,11.20480784306328,0.05163510647840458,0.15283884430316302,0.1987021183179665,-0.0001377322426189953,-0.0038166914026009557,0.0011659047865669567,1.736019752643592e-5,-0.0011832649840933926,0.004608299151722718,0.08509268343837981,1.3540614091425403,15.912783031729033,-1.7150545142126319,0.9159643198845493,0.6754431440436067,0.0034668170766394666,0.09546816884268848,0.0302280311209259,true
6.475,11.20480784306328,0.05151879738088188,0.15442845442563202,0.20001999858042385,-0.00013942132230097053,-0.0038211922463659955,0.0011865181453434548,-3.048755893287025e-6,-0.0011834693894501678,0.00459791886683504,0.08503946520735903,1.3537328081020337,15.918877250710723,-1.7199919065966665,0.9241289382241014,0.6786971583834277,0.0034462897530076345,0.09520984545214901,0.030151291023646387,true
6.525,11.20480784306328,0.05139789285447896,0.15601742210992237,0.2013376739960972,-0.00014109838745278642,-0.0038256933875325675,0.0012069807068291406,-2.3401255542576508e-5,-0.0011835794512865642,0.0045871284518545835,0.08498505220469321,1.3534000253323755,15.925153779662388,-1.7250089382133569,0.9323104587582427,0.6819183006084151,0.003425532056118105,0.09494653872249119,0.030072994999251427,true
6.575,11.20480784306328,0.05127234766669414,0.1576053153913078,0.20265468237812245,-0.00014276235178660565,-0.0038301942844663696,0.001227288116924919,-4.369373276323231e-5,-0.0011835943841616867,0.004575923869898049,0.08492943030663859,1.3530630386697053,15.931615622340303,-1.7301065225538101,0.9405087426475787,0.6851067293226234,0.003404545468185307,0.09467822031907584,0.02999313294763542,true
6.625,11.20480784306328,0.05114211895329329,0.15919169307647518,0.2039705532411439,-0.00014441212562601758,-0.0038346944017007105,0.0012474360866865214,-6.392264547194226e-5,-0.0011835134412145792,0.004564301295443864,0.08487258549323577,1.3527218272445167,15.93826580612802,-1.735285568356123,0.9487236459348743,0.6882626071629012,0.0033833316268456312,0.09440486363690506,0.029911695274930684,true
6.675,11.20480784306328,0.05100716623353495,0.16077610497914496,0.20528480805150207,-0.00014604661464699592,-0.0038391932098987493,0.0012674203931843837,-8.408447898640881e-5,-0.001183335914197975,0.0045522571156909825,0.08481450380378809,1.3523763714465395,15.945107390773158,-1.7405469811504939,0.9569550217519518,0.6913861015007519,0.003361892316612821,0.09412644361549546,0.029828672835648724,true
6.725,11.20480784306328,0.05086745126272488,0.16235809209076293,0.20659696039417386,-0.00014766471924869317,-0.003843690186141553,0.0012872368844798593,-0.00010417574891615636,-0.001183061135563703,0.004539787917399772,0.08475517156979889,1.3520266522314492,15.952143417207377,-1.7458916668782796,0.9652027129304197,0.6944773815082981,0.0033402294710946673,0.09384293773229767,0.029744057263127694,true
6.775,11.20480784306328,0.05072293784646016,0.1639371866502644,0.2079065160238977,-0.00014926533573051423,-0.00384818481447019,0.0013068814881097835,-0.00012419300584617322,-0.0011826884822636102,0.004526890470313771,0.08469457509648795,1.351672651233432,15.959376969464035,-1.751320537325875,0.9734665626225908,0.6975366220553159,0.0033183451344733967,0.09355432461862034,0.02965784052541431,true
6.825,11.20480784306328,0.050573591721632075,0.16551291212080602,0.20921297281622994,-0.00015084735918596687,-0.0038526765865121914,0.0013263502205163764,-0.00014413284054989013,-0.0011822173799664864,0.004513561716539511,0.08463270085919258,1.351314350260536,15.966811132599696,-1.7568345123103102,0.9817464071831576,0.7005640008677083,0.003296241467112183,0.09326058490561279,0.029570015204952536,true
6.875,11.20480784306328,0.05041938054736605,0.16708478312978348,0.2105158206847428,-0.00015240968699041033,-0.003857165002046566,0.0013456391941488813,-0.00016399188808876656,-0.0011816473060601146,0.004499798769737929,0.08456953544369096,1.350951731370651,15.974449005577863,-1.7624345202722564,0.9900420773969656,0.7035596988772415,0.0032739207402915746,0.09296170097898317,0.029480574419138768,true
6.925,11.20480784306328,0.050260273991751744,0.1686523054575173,0.21181454155915097,-0.00015395122157176638,-0.0038616495694547264,0.001364744619657624,-0.00018376682948021124,-0.0011809777901774128,0.004485598922864803,0.08450506553844904,1.3505847770105541,15.98229370517499,-1.7681214970653245,0.9983533981340562,0.7065238999804057,0.003251385340148101,0.09265765696661919,0.02938951181435071,true
6.975,11.20480784306328,0.0500962438713303,0.17021497615505243,0.2131086095103227,-0.00015547087167431888,-0.003866129806091712,0.0013836628026035241,-0.00020345439060615654,-0.0011802084119973675,0.004470959660619623,0.08443927793591019,1.3502134701850328,15.990348368561976,-1.7738963841999678,1.0066801882238814,0.7094567908833699,0.0032286377737071577,0.09234843876706984,0.029296821572643378,true
7.025,11.20480784306328,0.04992726430394727,0.17177228383125875,0.21439749106317985,-0.00015696755219608418,-0.003870605238645971,0.0014023901362841102,-0.0002230513391298151,-0.001179338797154295,0.004455878673087325,0.08437215954552285,1.3498377945808362,15.998616153146271,-1.7797601273693138,1.0150222606135968,0.7123585610485608,0.0032056806744027526,0.09203403412511937,0.029202498434393053,true
7.075,11.20480784306328,0.049753311851594074,0.17332370909209088,0.21568064567426604,-0.0001584401833855138,-0.0038750754035333478,0.0014209230936882398,-0.00024255448091341138,-0.0011783686127748284,0.004440353868486515,0.08430369741624033,1.3494577346258463,16.007100233849123,-1.785713675532731,1.0233794227765505,0.7152294027227202,0.0031825168060732626,0.0917144327426435,0.02910653773341413,true
7.125,11.20480784306328,0.04957436564348631,0.17486872506108592,0.2169575262932827,-0.0001598876903927148,-0.003879539847322434,0.001439258221893848,-0.0002619606576054641,-0.001177297564288384,0.0044243833841538845,0.0842338787628311,1.349073275505162,16.015803799129475,-1.7917579804176806,1.0317514772278162,0.7180695109909843,0.0031591490655900117,0.09138962640105192,0.02900893543656962,true
7.175,11.20480784306328,0.04939040747301322,0.17640679788214642,0.21822757989769906,-0.000161309003910429,-0.003883998127151465,0.0014573921412737259,-0.00028126674661207914,-0.0011761253946616468,0.004407965595196712,0.08416269098857194,1.348684403165782,16.024730047532742,-1.7978939962217266,1.0401382219713524,0.7208790837959344,0.0031355804844112813,0.09105960906504282,0.028909688177638632,true
7.225,11.20480784306328,0.04920142185754961,0.17793738710986223,0.21949024789661017,-0.00016270306212932465,-0.0038884498110947456,0.0014753215500410935,-0.0003004696637585248,-0.0011748518862825688,0.004391099119830906,0.08409012169830501,1.348291104322317,16.033882186062932,-1.804122679498287,1.0485394507124828,0.7236583218695419,0.003111814228794889,0.09072437694283635,0.02880879327727814,true
7.275,11.20480784306328,0.04900739605299169,0.17945994593441775,0.22074496634697036,-0.00016406881366417533,-0.0038928944784609285,0.0014930432327410546,-0.000319566367978476,-0.0011734768647625785,0.004373782820678304,0.08401615869897802,1.3478933664586448,16.04326343088381,-1.810444989354238,1.0569549527624642,0.7264074285615318,0.0030878535981586804,0.09038392849095843,0.028706248745335283,true
7.325,11.20480784306328,0.04880832002495676,0.1809739212512571,0.22199116599695473,-0.00016540522074992768,-0.0038973317200428383,0.0015105540697755058,-0.00033855386659029666,-0.0011720002031852092,0.004356015802196306,0.0839407899896852,1.3474911778110306,16.052877009813855,-1.8168618880964786,1.065384512661824,0.7291266095817817,0.0030637020213730667,0.09003826437230532,0.028602053268523484,true
7.375,11.20480784306328,0.04860418639942657,0.1824787536553436,0.22322827224717806,-0.0001667112619497995,-0.003901761138359551,0.0015278510446268124,-0.00035742921948411636,-0.001170421825142696,0.004337797406272938,0.0838640037470783,1.347084527333296,16.062726165518022,-1.8233743422013915,1.073827909678038,0.7318160727139084,0.00303936305181577,0.08968738739339584,0.02849620619172512,true
7.425,11.20480784306328,0.0483949904282108,0.1839738774793861,0.2244557051637172,-0.00016798593382119826,-0.003906182347929571,0.0015449312464548824,-0.00037618954102756685,-0.0011687417054273156,0.0043191272091445436,0.08378578831432806,1.3466734046588387,16.072814158013315,-1.8299833232569969,1.0822849173769769,0.7344760275655751,0.003014840362786725,0.08933130245682207,0.028388707504199032,true
7.475,11.20480784306328,0.04818073000236106,0.18545872098886718,0.2256728796670018,-0.0001692282514630367,-0.00391059497559134,0.0015617918676004315,-0.0003948319994185191,-0.0011669598681819124,0.004300005022592957,0.08370613220037061,1.3462578000833365,16.08314426547325,-1.836689808443721,1.0907553034533188,0.7371066854102243,0.002990137744954605,0.08897001655847851,0.028279557839791542,true
7.525,11.20480784306328,0.0479614057267571,0.18693270678553447,0.22687920595123443,-0.0001704372483227848,-0.003914998660855673,0.0015784301977327948,-0.00041335381432325654,-0.0011650763834095382,0.004280430900602124,0.08362502409179519,1.3458377045854204,16.093719783065108,-1.8434947802867674,1.09923882989207,0.7397082591348273,0.002965259106652988,0.08860353883954578,0.02816875849410098,true
7.575,11.20480784306328,0.04773702103896731,0.18839525238255692,0.22807409009031998,-0.00017161197591251864,-0.0039193930562545385,0.0015948436177505446,-0.00043175225434298974,-0.001163091363407555,0.004260405149966097,0.08354245287402907,1.3454131098818338,16.104544020398087,-1.8503992257835986,1.1077352533875677,0.7422809632624968,0.0029402084763692237,0.08823188067771462,0.028056311453721127,true
7.625,11.20480784306328,0.047507582333468044,0.18984577083980747,0.2292569347053069,-0.00017275150410543466,-0.003923777827651061,0.0016110295962835067,-0.0004500246357441923,-0.0011610049605393143,0.004239928341375282,0.0834584076544934,1.344984008495405,16.115620298717634,-1.8574041353190007,1.1162443258204873,0.7448250139840814,0.0029149900056739163,0.08785505578472864,0.02794221942738677,true
7.675,11.20480784306328,0.04727309905141497,0.19128367132991403,0.2304271395496979,-0.0001738549222908072,-0.0039281526544902075,0.0016269856902439575,-0.00046816832320252576,-0.0011588173670414319,0.004219001317428303,0.08337287777952211,1.3445503938094567,16.126951949110993,-1.8645105018640067,1.1247657945891472,0.7473406291379205,0.0028896079706536375,0.08747308027418924,0.027826485867884675,true
7.725,11.20480784306328,0.04703358371228818,0.1927083595509157,0.2315841019220168,-0.00017492134124657297,-0.003932517229998422,0.001642709548712074,-0.00048618073222959473,-0.0011565288164824793,0.004197625195456246,0.08328585284076605,1.3441122600862667,16.13854231229487,-1.871719320828407,1.1332994026582464,0.7498280281024043,0.002864066770617217,0.08708597268110467,0.02770911497911994,true
7.775,11.20480784306328,0.04678905189582118,0.19411923799029493,0.2327272169131651,-0.00017594989525887415,-0.003936871261355943,0.0016581989179398002,-0.0005040593321893891,-0.001154139585750411,0.004175801365909862,0.08319732267199531,1.3436696024518309,16.150394739855223,-1.8790315905296653,1.141844888350688,0.7522874316162689,0.0028383709243772503,0.08669375393813945,0.027590111709852892,true
7.825,11.20480784306328,0.046539522202656544,0.19551570612195132,0.23385587758032805,-0.0001769397439036772,-0.0039412144698692305,0.0016734516451536044,-0.0005218016487425749,-0.0011516499964110295,0.004153531488848194,0.08310727734180264,1.3432224168611924,16.16251259606067,-1.8864483129920695,1.1504019850251894,0.7547190615735008,0.002812525065350062,0.08629644733308928,0.02746948174171701,true
7.875,11.20480784306328,0.04628501622893004,0.19689716064748675,0.23496947517072103,-0.00017789007320867428,-0.003945546591160468,0.001688465679694726,-0.0005394052649730693,-0.0011490604147216567,0.0041308174916702715,0.08301570714907174,1.342770700069125,16.17489925921976,-1.8939704946262472,1.1589704208201317,0.7571231408458523,0.002786533937170964,0.08589407847766599,0.027347231480772435,true
7.925000000000001,11.20480784306328,0.046025558575253755,0.1982629958587846,0.23606739947855088,-0.00017880009621656725,-0.003949867375370565,0.0017032390716919571,-0.0005568678212763868,-0.0011463712504155704,0.004107661569916833,0.08292260262534276,1.342314449622861,16.18755812197124,-1.9015991464906974,1.1675499185879668,0.7594998931652821,0.0027604023908410808,0.08548667530517663,0.027223368057992366,true
7.975,11.20480784306328,0.0457611768879307,0.199612604129902,0.2371490393426547,-0.00017966905326148908,-0.003954176587360991,0.0017177699695894515,-0.0005741870146593318,-0.0011435829549301198,0.004084066190948622,0.08282795454421107,1.3418536638783776,16.200492590483282,-1.9093352841063902,1.1761401960203237,0.7618495430615073,0.002734135383396345,0.08507426809697302,0.027097899338644975,true
8.025,11.20480784306328,0.045491901913820285,0.20094537648279154,0.23821378322234713,-0.00018049621234316653,-0.003958474006894632,0.0017320566180482498,-0.0005913605982091021,-0.0011406960198391478,0.004060034098842989,0.08273175393397454,1.3413883420316504,16.213706083182615,-1.9171799270076193,1.1847409658738708,0.7641723158259122,0.002707737977301105,0.0846568895209838,0.02697083393537049,true
8.075,11.20480784306328,0.045217767545326235,0.20226070314978944,0.23926101976704914,-0.00018128086979014526,-0.00396275942878343,0.0017460973572055926,-0.0006083863812306516,-0.0011377109759749412,0.004035568318408945,0.08263399208918283,1.3409184841478792,16.227202029652535,-1.9251340983312524,1.193351936164593,0.7664684374644932,0.002681215339471394,0.0842345746633625,0.02684218121913053,true
8.125,11.20480784306328,0.04493881084102816,0.20355797407789872,0.240290138319739,-0.00018202235121962115,-0.003967032663002667,0.0017598906232158657,-0.0006252622300234993,-0.0011346283931923664,0.004010672157028473,0.08253466057794144,1.3404440911774886,16.24098387018437,-1.9331988246542198,1.2019728102521101,0.7687381346203026,0.002654572739218931,0.08380736104001096,0.026711951323940216,true
8.175,11.20480784306328,0.04465507202309527,0.20483657936895916,0.24130052934884355,-0.0001827200126134383,-0.0039712935347782875,0.0017734349493419338,-0.0006419860689382358,-0.001131448880403698,0.003985349204425717,0.08243375124498545,1.3399651649578177,16.255055055975383,-1.9413751360965443,1.210603286807857,0.7709816344665312,0.0026278155451309863,0.08337528858843322,0.026580155145528014,true
8.225,11.20480784306328,0.04436659446199767,0.20609590968904679,0.24229158484554947,-0.00018337324126687615,-0.003975541884655587,0.0017867289668366529,-0.0006585558813331066,-0.0011281730855035462,0.003959603331302493,0.08233125621258866,1.3394817082050827,16.269419049630297,-1.9496640665902243,1.2192430597272248,0.7731991645882963,0.0026009492213139988,0.08293839964891839,0.026446804336728788,true
8.275,11.20480784306328,0.04407342466195585,0.2073353566931701,0.24326269873741097,-0.0001839814565353649,-0.003979777568555071,0.001799771405056392,-0.000674969710148055,-0.001124801694908337,0.003933438688039707,0.08222716788212438,1.3389937245063743,16.28407932553229,-1.9580666541310774,1.2278918180552656,0.7753909528719003,0.0025739793236526434,0.0824967389470622,0.0263119113033159,true
8.325,11.20480784306328,0.0437756122542054,0.20855431349347714,0.2442132673484124,-0.00018454411037923733,-0.003984000457812845,0.0018125610908789134,-0.0006912256581274791,-0.0011213354327514343,0.0039068597040962365,0.08212147893764843,1.3385012183177454,16.29903936988295,-1.9665839409063033,1.2365492459753393,0.7775572274134637,0.0025469114964223904,0.08205035358331288,0.026175489202013305,true
8.375,11.20480784306328,0.043473209997488035,0.2097521751723792,0.24514268990673987,-0.00018506068779612482,-0.003988210439201206,0.001825096947821633,-0.0007073218878867139,-0.0011177750599349191,0.003879871088052761,0.08201418235150468,1.338004194969261,16.314302680415775,-1.9752169732844627,1.2452150228597167,0.7796982164452393,0.0025197514692612004,0.08159929302933445,0.02603755194061571,true
8.425,11.20480784306328,0.043166273779255505,0.21092833931888721,0.2460503690765839,-0.00018553070725668277,-0.00399240741492422,0.0018373779952123208,-0.0007232566219976917,-0.0011141213732146292,0.003852477827719202,0.08190527139083276,1.3375026606731841,16.329872765953425,-1.983966801738763,1.253888823341845,0.7818141482684885,0.002492505054238475,0.08114360912631245,0.025898114178711306,true
8.475,11.20480784306328,0.04285486261164531,0.21208220656544047,0.24693571148904295,-0.00018595372117971465,-0.003996591302585998,0.001849403347629292,-0.000739028143203348,-0.0011103752044259439,0.003824685189775573,0.08179473962359883,1.3369966225314098,16.345753146033235,-1.9928344807831824,1.2625703173798404,0.7839052511852105,0.002465178142745065,0.08068335607945881,0.025757191327218612,true
8.525,11.20480784306328,0.042539038618805564,0.21321318111042392,0.24779812825642897,-0.00018632931644328742,-0.004000762035132111,0.001861172214531834,-0.0007546347947225642,-0.0011065374198092697,0.0037964987186407495,0.08168258092354304,1.3364860885390502,16.36194735068466,-2.0018210689743388,1.2712591702850664,0.7859717534227858,0.0024377767020525203,0.08021859044623397,0.0256147995459796,true
8.575,11.20480784306328,0.0422188670167868,0.2143206712292322,0.24863703547290894,-0.0001866571148686076,-0.004004919560766317,0.0018726838999294168,-0.0007700749805703158,-0.001102608919359101,0.0037679242346778698,0.08156878947404238,1.3359710675846244,16.378458920366473,-2.0109276289747386,1.2799550427312962,0.7880138830559208,0.0024103067715705562,0.07974937111842817,0.025470955739443503,true
8.625,11.20480784306328,0.04189441608846012,0.2154040897831471,0.24945185471208076,-0.00018693677365549293,-0.004009063842845422,0.0018839378019128742,-0.0007853471658041386,-0.0010985906361087355,0.003738967831955841,0.08145335977169131,1.3354515694476718,16.39529140591449,-2.0201552276486465,1.2886575907519193,0.7900318679280224,0.0023827744589267823,0.079275759301387,0.02532567755148,true
8.675,11.20480784306328,0.04156575715669472,0.21646285473601087,0.2502420135317202,-0.0001871679857441169,-0.004013194859752054,0.00189493341201383,-0.000800449876678892,-0.001094483535334938,0.0037096358758555085,0.08133628662979671,1.3349276047975798,16.412448368506446,-2.0295049361393844,1.2973664657549064,0.7920259355789968,0.002355185936008433,0.07879781849135861,0.025178983359583414,true
8.725,11.20480784306328,0.041232964556074586,0.21749638968203133,0.2510069459901102,-0.00018735048011419918,-0.004017312604746528,0.0019056703144352428,-0.0008153817007302006,-0.001090288613705042,0.0036799350005454366,0.08121756518240893,1.3343991851924912,16.429933379503865,-2.0389778299260883,1.3060813145460957,0.7939963131769758,0.002327547434998954,0.07831561445330658,0.025030892269234863,true
8.775,11.20480784306328,0.040896115602489624,0.21850412438165273,0.2517460931701073,-0.0001874840220481304,-0.004021417085796673,0.00191614818522286,-0.0008301412868208256,-0.0010860068984020342,0.0036498721062680037,0.08109719088851168,1.3338663230788985,16.447750020252002,-2.0485749888611267,1.3148017793637485,0.7959432274544533,0.0022998652443869607,0.07782921519770722,0.024881424107938685,true
8.825,11.20480784306328,0.04055529055974795,0.21948549530002048,0.25245890370525575,-0.0001875684133654642,-0.004025508325385778,0.0019263667914434547,-0.0008447273451825887,-0.001081639446260866,0.003619454356359631,0.08097515953612998,1.3333290317916875,16.465901881882367,-2.0582974971966097,1.3235274979167515,0.7978669046469383,0.0022721457049166664,0.07733869095538286,0.02473059941863103,true
8.875,11.20480784306328,0.04021057260152294,0.2204399461428501,0.25314483430245804,-0.00018760349263423752,-0.004029586360298629,0.0019363259903692432,-0.0008591386474534351,-0.001077187342915808,0.0035886891738546567,0.08085146724622579,1.332787325552462,16.484392565116718,-2.06814644362986,1.3322581034148668,0.7997675704315502,0.002244395205408559,0.07684411414979063,0.024578439452300017,true
8.925,11.20480784306328,0.03986204776927292,0.2213669283891001,0.253803350260722,-0.00018758913534594254,-0.004033651241386351,0.0019460257286587007,-0.0008733740267046292,-0.0010726517019540717,0.003557584237729778,0.08072611047640527,1.3322412194670106,16.503225680077822,-2.0781229213566803,1.3409932245908383,0.8016454498656673,0.0022166201784840976,0.07634555936693156,0.024424966159857037,true
8.975,11.20480784306328,0.039509804925881235,0.22226590182118286,0.2544339259865809,-0.00018752525405805602,-0.0040377030333102635,0.0019554660414933213,-0.0008874323774374904,-0.0010680336640558309,0.0035261474787665484,0.08059908602435552,1.3316907295213398,16.522404846116096,-2.0882280281416628,1.3497324857233517,0.8035007673276762,0.0021888270961765545,0.07584310332258173,0.024270202183168107,true
9.025,11.20480784306328,0.03915393570606669,0.22313633505328617,0.25503604550715414,-0.0001874117984942413,-0.00404174181426437,0.0019646470516689386,-0.0009013126555486625,-0.001063334396120276,0.003494387075125637,0.0804703910312125,1.3311358725775513,16.54193369162623,-2.0984628663846117,1.358475506656533,0.8053337464588911,0.0021610224654899698,0.0753368248277031,0.02411417084550272,true
9.075,11.20480784306328,0.03879453446334387,0.2239777060586783,0.2556092029815383,-0.00018724875561081756,-0.004045767675676048,0.001973568968628612,-0.0009150138782569549,-0.001058555090371657,0.0034623114476131736,0.08034002298486992,1.3305766663689007,16.56181585384264,-2.1088285431908083,1.3672219028224284,0.8071446101080214,0.002133212823893699,0.0748268047520643,0.023956896141416373,true
9.125,11.20480784306328,0.03843169821387135,0.22478950269497333,0.2561529032096105,-0.00018703614962546357,-0.0040497807218838455,0.0019822320874653306,-0.0009285351240055533,-0.0010536969634597773,0.0034299292546693524,0.08020797972311564,1.3300131294950732,16.58205497864907,-2.1193261704350994,1.3759712852680668,0.8089335802784361,0.0021054047347739482,0.07431312598571957,0.02379840272593954,true
9.175,11.20480784306328,0.0380655265766481,0.22557122322516188,0.2566666621360706,-0.00018677404201037213,-0.004053781069791387,0.0019906367879011268,-0.0009418755323426689,-0.001048761255558458,0.0033972493870311096,0.08007425943677446,1.3294452814161668,16.602654720345914,-2.1299568648337095,1.384723260676009,0.8107008780759032,0.0020776047828245272,0.07379587339897947,0.023638715903292834,true
9.225,11.20480784306328,0.03769612171032739,0.22632237683384454,0.2571500073489975,-0.0001864625314579264,-0.0040577688484966,0.001998783533230961,-0.0009550343037744859,-0.0010437492294564752,0.0033642809620929347,0.07993886067254559,1.3288731424468632,16.62361874145718,-2.1407217480134677,1.393477431390125,0.8124467236592271,0.0020498195693910426,0.07327513379981518,0.023477861614768905,true
9.275,11.20480784306328,0.0373235882463607,0.22704248413711214,0.25760247857138463,-0.0001861017538096305,-0.004061744198894837,0.0020066728692428766,-0.0009680106995959587,-0.001038662169646918,0.0033310333179401327,0.0798017823357602,1.328296733749355,16.6449507125122,-2.1516219465903155,1.4022333954356858,0.8141713361915348,0.002022055707758694,0.07275099588951923,0.023315866426060237,true
9.325,11.20480784306328,0.03694803321890361,0.22773107768587442,0.2580236281455221,-0.00018569188195492734,-0.004065707273254916,0.0020143054230963523,-0.0009808040416900818,-0.0010335013814062705,0.0032975160070931116,0.0796630236928827,1.32771607732646,16.666654311855876,-2.162658592243873,1.4109907465422773,0.8158749337939347,0.0019943198184096647,0.07222355021607965,0.023152757513839838,true
9.375,11.20480784306328,0.036569565991069516,0.22838770246210366,0.2584130215096609,-0.00018523312568970962,-0.004069658234767399,0.00202168190217857,-0.00099341371230522,-0.00102826818987335,0.0032637387899257155,0.07952258437389789,1.3271311960131318,16.688733225435048,-2.1738328218066543,1.419749074164419,0.8175577335004953,0.0019666185242239623,0.0716928891257668,0.022988562651773504,true
9.425,11.20480784306328,0.036188298178401135,0.229011916367438,0.25877023766656243,-0.0001847257315434051,-0.004073597257063934,0.002028803092920162,-0.001005839153801056,-0.001022963939119106,0.0032297116278352544,0.07938046437453047,1.3265421134685276,16.711191146598452,-2.185145777342253,1.4285079635025666,0.8192199512150659,0.0019389584456793953,0.07115910671287509,0.022823310195918874,true
9.475,11.20480784306328,0.035804343568839624,0.22960329070326785,0.2590948696427659,-0.00018416998257672688,-0.004077524523707038,0.0020356698595653663,-0.0010180798683601781,-0.0010175899912051882,0.003195444676099959,0.07923666405815503,1.3259488541672142,16.73403177592189,-2.196598606234136,1.4372669955304551,0.8208618016710129,0.0019113461960071742,0.07062229876710927,0.022657029069361186,true
9.525,11.20480784306328,0.03541781803984697,0.23016141064175713,0.25938652493842185,-0.00018356619813437517,-0.004081440227649646,0.002042283142934209,-0.001030135417683899,-0.00101214772525031,0.003160948276482366,0.07909118415769768,1.3253514433898155,16.757258820998743,-2.208192461273025,1.4460257470168953,0.8224834983915589,0.0018837883763451948,0.07008256271977041,0.022489748746451762,true
9.575000000000001,11.20480784306328,0.035028839472467814,0.23068587568726737,0.25964482596697996,-0.00018291473356024424,-0.004085344570664555,0.002048643959162924,-0.0010420054226652276,-0.0010066385364976965,0.0031262329495595604,0.07894402577739056,1.3247499072128854,16.78087599622126,-2.2199285007492726,1.454783790546422,0.8240852536515841,0.0018562915708766675,0.06953999758828142,0.022321499236501563,true
9.625,11.20480784306328,0.0346375276625281,0.23117630012674728,0.25986941048364176,-0.00018221597987984602,-0.004089237762743282,0.002054753398410326,-0.001053689563032517,-0.0010010638353778088,0.003091309386797887,0.07879519039430416,1.3241442724983594,16.80488702257235,-2.2318078885478854,1.4635406945416072,0.8256672784413879,0.00182886234196206,0.06899470391886092,0.022152311066862454,true
9.675,11.20480784306328,0.03424400422914504,0.2316323134699077,0.26005993200284694,-0.0001814703634403483,-0.004093120021465064,0.0020606126235499164,-0.0010651875769734519,-0.0009954250465764646,0.003056188442387699,0.07864467985991491,1.3235345668824021,16.829295627370286,-2.243831794241203,1.472296023280399,0.8272297824311731,0.001801507225289044,0.06844678372830415,0.0219822152657046,true
9.725,11.20480784306328,0.03384839252047743,0.23205356087687107,0.2602160602033654,-0.00018067834551482943,-0.004096991571335976,0.0020662228688358756,-0.0010764992607332025,-0.0009897236081026731,0.0030208811248318224,0.078492496401562,1.3229208187630965,16.854105543988922,-2.2560013931902363,1.4810493369088367,0.8287729739363651,0.0017742327250202035,0.06789634044438093,0.021811243344336106,true
9.775,11.20480784306328,0.03345081751699993,0.232439703574167,0.2603374813208449,-0.00017984042187494303,-0.004100852643098839,0.002071585438533411,-0.0010876244681816752,-0.0009839609703517357,0.002985398588313034,0.07833864262345157,1.3223030572885806,16.879320511646625,-2.2683178666440647,1.4898001914695864,0.8302970598873349,0.001747045308951963,0.06734347884379355,0.021639427278706144,true
9.825000000000001,11.20480784306328,0.033051405732381564,0.23279041925774002,0.26042389852734954,-0.0001789571223244985,-0.004104703473014246,0.0020767017055286913,-0.0010985631103572209,-0.0009781385951714704,0.0029497521238477254,0.07818312150820877,1.3216813123432156,16.904944275017808,-2.280782401839276,1.4985481388990312,0.8318022457951788,0.0017199514037226896,0.06678830499113166,0.02146679949122048,true
9.875,11.20480784306328,0.032650285111952726,0.23310540248231132,0.26047503229674585,-0.00017802901020507353,-0.00410854430211378,0.002081573109897295,-0.0011093151549759579,-0.0009722579549213371,0.0029139531502243477,0.07802593641747044,1.3210556145347883,16.93098058402791,-2.2933961921044643,1.5072927270618854,0.8332887357256309,0.0016929573900126148,0.06623092617378253,0.021293392831214435,true
9.925,11.20480784306328,0.032247584929110396,0.23338436503691617,0.26049062075566487,-0.0001770566818694713,-0.004112375375425172,0.0020862011574408297,-0.0011198806259112317,-0.000966320531529598,0.0028780132047578457,0.07786709109265522,1.3204259951809612,16.957433193565258,-2.306160436959961,1.5160334997733576,0.8347567322721892,0.0016660695978000298,0.06567145083675194,0.021119240555372884,true
9.975,11.20480784306328,0.03184343567955934,0.23362703630577525,0.260470420019788,-0.0001760407661182048,-0.004116196941170619,0.002090587418203987,-0.0011302596026491107,-0.0009603278155548764,0.0028419439338509597,0.07770658965573436,1.3197924862943795,16.98430586313841,-2.3190763422252707,1.5247699968136674,0.8362064365293954,0.0016392943016509003,0.06510998851680488,0.020944376307910812,true
10.025,11.20480784306328,0.03143796897372009,0.23383316361408374,0.2604142045144806,-0.0001749819236042821,-0.004120009249938657,0.002094733524966557,-0.0011404522197169611,-0.0009542813052495957,0.002805757083391915,0.07754443660944464,1.3191551205685816,17.011602356627517,-2.3321451201231898,1.5335017539647564,0.8376380480712081,0.0016126377160477344,0.06454664977419046,0.020768834099932885,true
10.075000000000001,11.20480784306328,0.031031317427412962,0.2340025125584817,0.2603217672799653,-0.000173880846199858,-0.004123812553829866,0.0020986411717244277,-0.0011504586660919694,-0.0009481825056324583,0.0027694644889982617,0.07738063683759615,1.3185139313628509,17.03932644196381,-2.345367989385328,1.5422283030387167,0.8390517649292207,0.0015861059907777547,0.06398154612417792,0.02059264828870569,true
10.125,11.20480784306328,0.03062361455090464,0.23413486732128816,0.2601929202602518,-0.00017273825632657092,-0.00412760710557744,0.002102312112160733,-0.0011602791845900546,-0.0009420329275706782,0.0027330780661145595,0.07721519560553675,1.317868952685658,17.067481890716852,-2.3587461753613983,1.550949171892507,0.8404477835699513,0.0015597052063836023,0.06341478996863391,0.020415853556917975,true
10.175,11.20480784306328,0.030214994636461705,0.23423003096842643,0.2600274945755488,-0.00017155490625279883,-0.004131393157642836,0.0021057481581037317,-0.0011699140712333926,-0.000935834086870339,0.0026966097999768313,0.07704811855996173,1.3172202191789548,17.096072477796387,-2.372280910127599,1.5596638844717414,0.8418262988780808,0.0015334413696631466,0.06284649452509679,0.020238484891086435,true
10.225,11.20480784306328,0.02980559264467547,0.23428782573045784,0.2598253407776314,-0.00017033157735696204,-0.0041351709612871615,0.002108951177975504,-0.0011793636745984814,-0.0009295875033770227,0.0026600717354673463,0.07687941172929358,1.3165677661003927,17.125101980960363,-2.385973432594745,1.568371960819958,0.8431875041353463,0.0015073204092624698,0.06227677375737405,0.020060577560429727,true
10.275,11.20480784306328,0.02939554408947557,0.23430809326583946,0.259586329087507,-0.0001690690793613914,-0.0041389407656185345,0.0021119230952220593,-0.0011886283951399658,-0.0009232947000820935,0.00262347596685238,0.07670908152349709,1.3159116293056827,17.154574180406527,-2.3998249886218277,1.577072917115428,0.8445315910050399,0.0014813481713216415,0.06170574230405034,0.019882167095024425,true
10.325000000000001,11.20480784306328,0.02898498492209882,0.2342906949064598,0.25931034961494104,-0.00016776824954201744,-0.004142702816615784,0.002114665886718074,-0.0011977086844867236,-0.0009169572022313503,0.0025868346274267404,0.07653713473410305,1.3152518452303736,17.184492858266484,-2.413836831120713,1.58576626568511,0.8458587495140798,0.0014555304152250098,0.061133515407494135,0.019703289264082272,true
10.375,11.20480784306328,0.02857405141417893,0.23423551188443537,0.25899731255914693,-0.000166429951913759,-0.004146457356128626,0.0021171815811489563,-0.0012066050447113801,-0.0009105765364375762,0.002550159879079825,0.07636357853336949,1.3145884508716745,17.2148617982488,-2.4280102201772014,1.5944515150659055,0.8471691680434339,0.0014298728093903978,0.060560208840005174,0.019523980053259192,true
10.425,11.20480784306328,0.02816288004004964,0.23414244554007582,0.2586471483903417,-0.00016505507638626192,-0.004150204620854433,0.002119472257381239,-0.0012153180275787227,-0.0009041542298025163,0.0025134639017914827,0.07618842047404846,1.3139214837698288,17.245684785096454,-2.442346423149091,1.6031281700230862,0.8484630333129219,0.0014043809272058171,0.059985938831903445,0.019344275642546975,true
10.475,11.20480784306328,0.027751607358455888,0.23401141751053856,0.25825980801199494,-0.0001636445378928406,-0.004153944841292035,0.0021215400428241634,-0.0012238482337743966,-0.0008976918090497668,0.0024767588830750427,0.07601166848796484,1.31325098198972,17.276965604269705,-2.456846714788908,1.6117957316267262,0.8497405303756749,0.001379060242994537,0.0594108219959274,0.01916421238292435,true
10.525,11.20480784306328,0.02734036989393151,0.23384236989900908,0.2578352629035495,-0.00016219927548914297,-0.00415767824067282,0.002123387111790198,-0.0012321963121177469,-0.0008911907996724513,0.002440057007390582,0.07583333088605795,1.312576984099177,17.308708041209037,-2.4715123773533327,1.6204536972548884,0.8510018426025208,0.001353916128147738,0.058834975256317035,0.018983826774496504,true
10.575000000000001,11.20480784306328,0.026929304017899336,0.23363526542392543,0.2573735052432458,-0.00016072025142399216,-0.004161405033869844,0.0021250156838563015,-0.0012403629587598216,-0.0008846527250964799,0.0024033704455334185,0.07565341635574654,1.3118995291531126,17.34091588123584,-2.4863447007122437,1.6291015607166528,0.8522471516847908,0.0013289538472890422,0.05825851576990766,0.018803155441958676,true
10.625,11.20480784306328,0.026518545829729748,0.2333900875480986,0.2568745480110077,-0.00015920845017833315,-0.004165125426285386,0.0021264280222359254,-0.0012483489163715388,-0.0008780791058643866,0.0023667113440188946,0.07547193396171432,1.3112186566675548,17.373592908493833,-2.501344982470052,1.6377388122127599,0.8534766376141876,0.0013041785546345137,0.05768156085791787,0.018622235113539613,true
10.675,11.20480784306328,0.026108231037926297,0.23310684058758646,0.2563384250712473,-0.0001576648774759956,-0.004168839612718153,0.0021276264321583777,-0.0012561549733205505,-0.0008714714588378273,0.0023300918144785045,0.07528889314266458,1.3105344066038198,17.406742905895747,-2.5165145280747145,1.6463649384884904,0.8546904786911841,0.001279595290373366,0.05710422792588745,0.018441102595986542,true
10.725,11.20480784306328,0.02569849484154109,0.23278554979972743,0.2557651912350434,-0.00015609055927665199,-0.00417254777621055,0.002128613259239348,-0.0012637819628286942,-0.0008648312964106538,0.002293523923076523,0.07510430371181939,1.3098468193421418,17.440369654022998,-2.5318546509330497,1.6549794227918322,0.8558888515062287,0.0012552089772670605,0.05652663439532196,0.018259794753357133,true
10.775,11.20480784306328,0.02528947181199931,0.2324262614501485,0.25515492230126746,-0.0001544865407445719,-0.004176250086877118,0.0021293908878512687,-0.0012712307621144344,-0.0008581601257368343,0.002257019679963153,0.0749181758548629,1.3091559356603422,17.474476930625446,-2.5473666725331814,1.6635817449591983,0.8570719309399951,0.0012310244172940444,0.05594889762809062,0.01807834848337671,true
10.825000000000001,11.20480784306328,0.024881295775521797,0.23202904285870224,0.2545077150767693,-0.00015285388520177377,-0.0041799467007148945,0.002129961739484121,-0.0012785022915156952,-0.000851459447968426,0.0022205910287810436,0.0747305201278548,1.3084617967143997,17.509068510105124,-2.5630519225331474,1.6721713815055113,0.858239890164579,0.001207046288467172,0.055371134851444674,0.017896800693926088,true
10.875,11.20480784306328,0.024474099696253186,0.23159398242360318,0.2538236873747164,-0.00015119367306460263,-0.004183637758396547,0.0021303282710982523,-0.0012855975135938193,-0.000844730757504433,0.0021842498362347833,0.07454134745642646,1.3077644440109968,17.54414816254103,-2.5789117389027014,1.680747805627976,0.8593929006334731,0.0011832791417516132,0.054793463087323434,0.01771518828091617,true
10.925,11.20480784306328,0.02406801556034076,0.23112118962409262,0.25310297799162135,-0.00014950700076282988,-0.004187323384047221,0.0021304929734728764,-0.0012925174322206202,-0.0008379755412522563,0.002148007881745236,0.07435066913275785,1.3070639193893536,17.579719653302753,-2.5949474680065987,1.6893104873376996,0.8605311320895342,0.0011597273981340409,0.054215999076017526,0.01753354810421407,true
10.975,11.20480784306328,0.02366317426115002,0.23061079500162573,0.2523457466628632,-0.00014779497963964854,-0.004191003684006057,0.0021304583695603303,-0.0012992630916536171,-0.0008311952779067131,0.002111876847205329,0.0741584968138123,1.306360264996169,17.61578674222607,-2.611160464727285,1.6978588935076742,0.8616547525619396,0.0011363953458165966,0.053638859204256206,0.01735191696499028,true
11.025,11.20480784306328,0.023259705485768528,0.23006295011933187,0.25155217399694213,-0.0001460587348301072,-0.00419467874557378,0.002130227012854937,-0.00130583557560408,-0.0008243914372508569,0.002075868306850817,0.07396484251854851,1.3056535232643867,17.652353183026946,-2.627552092561762,1.7063924879906291,0.8627639283728424,0.0011132871375590897,0.05306215943128898,0.017170331582331614,true
11.075000000000001,11.20480784306328,0.02285773760302154,0.22947782749997928,0.25072246138847637,-0.0001442994041211098,-0.004198348635747499,0.002129801485775215,-0.0013122360062974626,-0.0008175654794777523,0.0020399937172659683,0.0737697186255786,1.304943736890158,17.689422722532758,-2.644123723717296,1.7149107316806202,0.8638588241368875,0.0010904067881785198,0.05248601521722386,0.01698882857053713,true
11.125,11.20480784306328,0.022457397553100004,0.22885562054240355,0.24985683091014665,-0.00014251813679323693,-0.0042020133999442115,0.0021291843980611857,-0.0013184655435272963,-0.0008107188545338894,0.0020042644075331487,0.07357313787136115,1.3042309488060757,17.72699909967761,-2.660876739228065,1.7234130825823,0.8649396027622337,0.0010677581721852691,0.05191054145381262,0.016807444417170164,true
11.175,11.20480784306328,0.022058810739027206,0.2281965434168142,0.24895552518384131,-0.0001407160924479883,-0.004205673060714481,0.0021283783851847467,-0.0013245253837017774,-0.0008038530014829693,0.0019686915695465023,0.07337511334581935,1.3035152021634298,17.765086045181548,-2.677812529031892,1.7318989959747335,0.8660064254638565,0.0010453450215531933,0.05133585238922197,0.016626215459045687,true
11.225,11.20480784306328,0.021662100920016504,0.22750083093815787,0.24801880723033082,-0.0001388944398250659,-0.004209327616447502,0.002127386106765057,-0.0013304167588792052,-0.0007969693478858519,0.0019332862484944058,0.07317565849186133,1.3027965403018702,17.803687280064153,-2.694932492067194,1.7403679243963686,0.8670594517544085,0.0010231709237092405,0.050762061564770894,0.016445177862109823,true
11.275,11.20480784306328,0.02126739010691138,0.22676873841833262,0.24704696029796136,-0.00013705435561477987,-0.004212977040069111,0.002126210244981317,-0.0013361409357886072,-0.0007900693091927096,0.0018980593335277665,0.0729747871006427,1.302075006730667,17.842806515282035,-2.7122380363558447,1.7488193178393054,0.8680988394618248,0.0010012393195927697,0.05018928174109827,0.016264367597765103,true
11.325000000000001,11.20480784306328,0.020874798459887208,0.22600054149674026,0.24604028766990613,-0.00013519702326311047,-0.004216621277733862,0.002124853502988686,-0.0013416992148385844,-0.0007831542881501018,0.0018630215486301683,0.0727725133097378,1.3013506451022052,17.8824474505001,-2.7297305790758393,1.7572526237808168,0.8691247447266737,0.000979553501945838,0.0496176248336573,0.016083820422202084,true
11.375,11.20480784306328,0.020484444188564085,0.22519653594986228,0.244999112450769,-0.00013332363177139241,-0.004220260247512482,0.0021233186033375465,-0.0013470929291146613,-0.0007762256742228852,0.001828183443703203,0.0725688515989088,1.30062349919187,17.922613773475053,-2.747411546624613,1.7656672873530945,0.8701373220167985,0.0009581166137138479,0.049047201843023004,0.015903571853952858,true
11.425,11.20480784306328,0.020096443454670022,0.2243570374796095,0.24392377733223833,-0.0001314353744911302,-0.004223893838076197,0.0021216082864007795,-0.0013523234433676751,-0.0007692848430331043,0.0017935553858794118,0.07236381678628322,1.2998936128762577,17.963309159262817,-2.7652823746808375,1.7740627514852907,0.8711367241383363,0.0009369316466138398,0.048478122787821536,0.01572365715224406,true
11.475,11.20480784306328,0.0197109102774933,0.22348238148109356,0.2428146443385652,-0.0001295334479093836,-0.0042275219073793675,0.0021197253088204677,-0.0013573921529991726,-0.0007623331558212951,0.0017591475510841548,0.0721574238964198,1.2991610304061045,18.004537305420136,-2.7833445091137796,1.7824384646846267,0.8721231031414374,0.0009160014365048307,0.0479104963038354,0.015544111185513796,true
11.525,11.20480784306328,0.019327956442165263,0.22257292279035334,0.24167209455262048,-0.0001276190504279576,-0.004231144281342264,0.002117672441976407,-0.0013623004830453332,-0.0007553719589310738,0.0017249699158500872,0.07194968865532529,1.2984257952412441,18.046301790982696,-2.801599402665887,1.7907938514907529,0.8730966068430085,0.0008953286754855573,0.04734443088923215,0.015364968841115224,true
11.575000000000001,11.20480784306328,0.018947691410992548,0.22162903541189163,0.24049652782226527,-0.00012569338113417537,-0.004234760752535642,0.002115452470483316,-0.0013670498871632094,-0.0007484025833201064,0.001691032249403792,0.07174062675838362,1.2976879516971267,18.088606279781054,-2.820048519846965,1.7991283558596667,0.8740573839323883,0.0008749158916282446,0.04678003292668865,0.015186264375204095,true
11.625,11.20480784306328,0.018570222237810415,0.2206511122270873,0.23928836244843016,-0.00012375763856820054,-0.004238371078869417,0.0021130681907125734,-0.001371641846617576,-0.0007414263440949974,0.0016573441060220365,0.07153025433879312,1.2969475438438771,18.13145438713338,-2.838693333794021,1.8074414133096428,0.8750055806750165,0.0008547654608130984,0.04621740786757939,0.015008031802215648,true
11.675,11.20480784306328,0.01819565348552845,0.21963956468320806,0.23804803485430504,-0.00012181301949186614,-0.004241974982287283,0.0021105224093313753,-0.0013760778692651662,-0.0007344445400662091,0.0016239148176729412,0.07131858784847257,1.2962046157486542,18.17484971102684,-2.857535327036211,1.8157324578799083,0.8759413417300765,0.0008348796030474335,0.04565665986868587,0.014830304775490464,true
11.725,11.20480784306328,0.017824087146859034,0.21859482246355805,0.2367759992362915,-0.00011986071766026358,-0.004245572147469456,0.002107817941857393,-0.0013803594885356376,-0.0007274584533217554,0.0015907534869412014,0.07110564405394501,1.2954592114553463,18.218795831066984,-2.876575991484963,1.8240009222848503,0.8768648101623654,0.0008152603820249278,0.04509789173430779,0.014653116568244539,true
11.775,11.20480784306328,0.017455622568392434,0.21751733313899183,0.23547272719676499,-0.00011790192260242166,-0.0042491622205455505,0.0021049576112198987,-0.0013844882624050336,-0.0007204693488148651,0.0015578689802519848,0.07089144003197398,1.2947113749652361,18.263296307442562,-2.895816828409369,1.832246238081615,0.8777761274555325,0.0007959097048451982,0.04454120485956581,0.014476500054864307,true
11.825000000000001,11.20480784306328,0.017090356378078417,0.21640756180125378,0.23413870735903014,-0.00011593781840973736,-0.004252744807819571,0.0021019442463311574,-0.001388465772363908,-0.0007134784739672494,0.0015252699213988562,0.07067599316485858,1.2939611502187165,18.30835467993251,-2.9152593483996467,1.840467835857474,0.8786754335272868,0.0007768293218885678,0.0439866991747304,0.014300487692473768,true
11.875,11.20480784306328,0.016728382416305324,0.21526599067846502,0.2327744449650258,-0.00011396958253558099,-0.004256319474508999,0.0020987806806659626,-0.0013922936223793225,-0.0007064870582866401,0.0014929646853927621,0.07045932113557955,1.2932085810780816,18.35397446690776,-2.934905071310655,1.8486651454253156,0.8795628667451828,0.0007580208268545208,0.04343447309113335,0.014125111502955222,true
11.925,11.20480784306328,0.01636979167065398,0.21409311873317644,0.2313804614558303,-0.00011199838460473301,-0.004259885743500136,0.002095469750855589,-0.001395973437854143,-0.0006994963130014461,0.0014609613926389873,0.07024144192242017,1.2924537113124068,18.40015916444153,-2.9547555261867005,1.8568375960501633,0.8804385639453891,0.0007394856569541126,0.042884623447802785,0.013950403055141482,true
11.975,11.20480784306328,0.016014672214517425,0.21288946124414632,0.22995729403665954,-0.0001100253852298364,-0.004263443094121557,0.0020920142953071074,-0.001399506864589474,-0.0006925074307176334,0.001429267903459126,0.07002237379356181,1.2916965845834683,18.446912245386244,-2.974812251161987,1.8649846166801665,0.8813026604514299,0.000721225093267048,0.042337245460121825,0.013776393447607978,true
12.025,11.20480784306328,0.015663109149602356,0.2116555493719351,0.22850549522628552,-0.00010805173484006438,-0.004266990960938434,0.002088417152845125,-0.0014028955677491608,-0.0006855215850959642,0.0013978918129594823,0.06980213530147801,1.2909372444332876,18.49423715847204,-2.99507679333537,1.8731056361909444,0.8821552900938263,0.0007032402612579295,0.04179243267011793,0.013603113291936178,true
12.075000000000001,11.20480784306328,0.015315184552424133,0.2103919297093294,0.22702563239198614,-0.00010607857251824985,-0.004270528732569654,0.002084681161386017,-0.00140614123083179,-0.0006785399305542271,0.001366840446255892,0.0695807452772205,1.2901757342731026,18.542137327400592,-3.015550708618094,1.8812000836399396,0.8829965852302322,0.000685532131450672,0.04125027689864928,0.013430592696537388,true
12.125,11.20480784306328,0.01497097742467508,0.20909916381716906,0.2255182872707846,-0.00010410702485163503,-0.004274055750530894,0.0020808091566401057,-0.0014092455546483688,-0.0006715636019917369,0.0013361208540442196,0.06935822282478218,1.2894120973727456,18.59061614987098,-3.036235561560695,1.8892673885196911,0.8838266767648935,0.0006681015202559584,0.04071086819993797,0.013258861251189186,true
12.175,11.20480784306328,0.014630563647585946,0.20777782774591858,0.22398405547711325,-0.00010213820480011808,-0.004277571308106081,0.0020768039708370534,-0.001412210256303717,-0.0006645937145333364,0.0013057398085272384,0.06913458731531993,1.2886463768515366,18.63967699661061,-3.0571329251520436,1.8973069810221548,0.884645694168709,0.0006509490909495416,0.040174294817958804,0.013087948012121542,true
12.225,11.20480784306328,0.01429401594022886,0.20642851154385328,0.2224235459977616,-0.00010017321058176141,-0.004281074649250049,0.002072668431475524,-0.0014150370681824886,-0.0006576313632930353,0.0012757037996932773,0.06890985838122013,1.2878786156703066,18.689323210411498,-3.078244380596528,1.9053182923169136,0.8854537655001348,0.000634075354793457,0.03964064314466872,0.012917881487651202,true
12.275,11.20480784306328,0.013961403821668317,0.205051818752377,0.2208373806746518,-9.821312458157806e-5,-0.004284564967525528,0.002068405360090772,-0.001417727736937032,-0.0006506776231537401,0.0012460190319382944,0.06868405591002767,1.2871088566241733,18.739558105162207,-3.099571517073808,1.9133007548420904,0.8862510174267629,0.0006174806722945372,0.039109997680149666,0.012748689624390998,true
12.325000000000001,11.20480784306328,0.013632793577194817,0.20364836588859497,0.219226193675472,-9.625901228285685e-5,-0.004288041405076788,0.0020640175710424165,-0.0014202840224785945,-0.000643733548563822,0.0012166914210523176,0.06845720003811201,1.2863371423373695,18.790384964930354,-3.121115931467815,1.9212538026134103,0.8870375752480617,0.0006011652546037218,0.03858244099442276,0.012580399793951653,true
12.375,11.20480784306328,0.013308248228476864,0.202218781916624,0.21759063095366962,-9.431192122355391e-5,-0.004291503051643218,0.0020595078703216745,-0.0014227076969718685,-0.000636800173349806,0.0011877265915555876,0.06822931114409554,1.2855635152592146,18.841807043078514,-3.142879228077072,1.9291768715550421,0.8878135629195554,0.0005851291650453708,0.03805805369101925,0.012413038780169382,true
12.425,11.20480784306328,0.012987827507956299,0.20076370770762855,0.21593134969774153,-9.237287997889932e-5,-0.0042949489436153315,0.0020548790543813713,-0.0014250005438349387,-0.0006298785105464326,0.0011591298744134072,0.06800040984194827,1.2847880176631306,18.893827561471067,-3.1648630182830004,1.9370693998551223,0.88857910307863,0.0005693723207857943,0.0375369143721568,0.012246632766804355,true
12.475,11.20480784306328,0.012671587837209987,0.19928379549016867,0.21424901777163724,-9.044289716740477e-5,-0.004298378063136266,0.0020501339089989182,-0.0014271643567501393,-0.000622969552248779,0.0011309063051049794,0.06777051697401854,1.2840106916463603,18.94644970966677,-3.1870689201979148,1.9449308283340736,0.8893343170707181,0.0005538944946272569,0.03701909960612755,0.012081207325918554,true
12.525,11.20480784306328,0.012359582309509082,0.1977797082909219,0.21254431314635708,-8.85229604857593e-5,-0.004301789337251789,0.0020452752081659862,-0.0014292009386831605,-0.0006160742694828257,0.0011030606220668662,0.06753965360399902,1.2832315791318412,18.999676644119788,-3.2094985582710183,1.952760600822294,0.890079324975516,0.000538695316935707,0.036504683896918896,0.011916787406935867,true
12.575000000000001,11.20480784306328,0.012051860676325897,0.19625211936710404,0.210817923323924,-8.661403577346063e-5,-0.0043051816371119985,0.0020403057130057595,-0.0014311121009112538,-0.0006091936120945058,0.001075597265488762,0.06730784100968286,1.2824507218714356,19.053511487420064,-3.2321535628704523,1.960558164560863,0.8908142456345131,0.0005237742776852305,0.0359937396557428,0.011753397326284214,true
12.625,11.20480784306328,0.011748469337903387,0.1947017116308366,0.20907054475412756,-8.471706610797174e-5,-0.004308553777227885,0.002035228170719544,-0.0014328996620618525,-0.0006023285086576916,0.0010485203764718444,0.06707510067566483,1.2816681614507697,19.107957327535775,-3.2550355698301945,1.9683229706126772,0.8915391966785786,0.0005091307286233183,0.03548633717482728,0.011591060757735526,true
12.675,11.20480784306328,0.01144945133753709,0.1931291770663695,0.20730288224475896,-8.283297093582628e-5,-0.004311904514786303,0.0020300453135524334,-0.0014345654471568947,-0.0005954798663955387,0.001021833796518453,0.0668414542857796,1.2808839392947555,19.163017217105363,-3.2781462199852376,1.9760544743001067,0.8922542945570895,0.0004947638855379177,0.03498254460301416,0.011429800723300243,true
12.725,11.20480784306328,0.011154846359766196,0.1915352161409028,0.20551564836611858,-8.096264523679818e-5,-0.004315232549026325,0.002024759857788725,-0.001436111286668552,-0.0005886485711201731,0.0009955410673706453,0.06660692371531018,1.280098096674562,19.21869417278493,-3.301487158682447,1.9837521356674128,0.8929596545683387,0.0004806728306305055,0.034482427923266175,0.011269639584708658,true
12.775,11.20480784306328,0.01086469073233894,0.1899205372094476,0.20370956285033134,-7.910695872598749e-5,-0.004318536520680913,0.0020193745027694615,-0.0014375390155830265,-0.000581835487186435,0.0009696454311856047,0.06637153102306417,1.2793106747153618,19.27499117461672,-3.3250600352724797,1.9914154199605134,0.8936553908904821,0.0004668565149900985,0.03398605093229233,0.011110599035550934,true
12.825000000000001,11.20480784306328,0.010579017431840212,0.18828585591496805,0.20188535198646518,-7.726675509420559e-5,-0.004321815011486745,0.0020138919299344106,-0.001438850472473927,-0.0005750414574604837,0.0009441498310378893,0.06613529844303787,1.2785217144050334,19.33191116550597,-3.3488665025943023,1.9990437981472529,0.8943416166150622,0.00045331376115655846,0.033493475221722184,0.010952700093891274,true
12.875,11.20480784306328,0.010297856093125486,0.18663189458438964,0.20004374801228753,-7.544285128595725e-5,-0.004325066543765799,0.0020083148018966144,-0.0014400474985897488,-0.0005682673033068656,0.0009190569117613852,0.06589824837594292,1.2777312566038463,19.389457050732474,-3.3729082164389665,2.006636747458894,0.8950184437812452,0.0004400432657800943,0.03300476016142218,0.010795963095550634,true
12.925,11.20480784306328,0.010021233022470771,0.18495938162142891,0.19818548850371498,-7.36360368177614e-5,-0.004328289580081814,0.002002645761548301,-0.0014411319369553046,-0.0005615138245929963,0.0008943690211229065,0.06566040338073077,1.2769393420544026,19.447631697449236,-3.397186834996791,2.0141937519452378,0.895685983410062,0.0004270436023727703,0.032519962885208885,0.010640407688144775,true
12.975,11.20480784306328,0.009749171214505928,0.1832690508972587,0.1963113157626841,-7.184707313889656e-5,-0.00433148252297474,0.001996887431196402,-0.0014421056314866693,-0.0005547817997097327,0.0008700882113334488,0.06542178616576985,1.2761460113935805,19.506437934299154,-3.4217040182792338,2.021714303069705,0.8963443455409579,0.00041431322414841335,0.03203913827826874,0.010486052825649,true
13.025,11.20480784306328,0.009481690372699914,0.18156164113968093,0.19442197620449966,-7.00766930353692e-5,-0.004334643714776308,0.0019910424117295707,-0.0014429704261210252,-0.0005480719856085455,0.0008462162408764447,0.06518241958015575,1.2753513051638483,19.565878550972332,-3.446461427531054,2.029197900311147,0.8969936392676436,0.0004018504669453485,0.03156233896721166,0.010332916763801244,true
13.075000000000001,11.20480784306328,0.00921880693347056,0.1798378953216149,0.19251821974510783,-6.832560007922544e-5,-0.004337771437509803,0.0019851132818152497,-0.001443728163961125,-0.0005413851178541246,0.0008227545766594988,0.06494232660471966,1.274555263826058,19.62595629786738,-3.4714607246232827,2.0366440518040605,0.8976339727760181,0.000389653552227963,0.031089615311889033,0.010181017056055317,true
13.125,11.20480784306328,0.008960534093761501,0.1780985600492978,0.19060079918889394,-6.659446812525562e-5,-0.004340863912876817,0.001979102597121884,-0.0014443806864323236,-0.0005347219106895604,0.0007997043964755564,0.06470153034298903,1.273757927772388,19.686673885765526,-3.49670357143457,2.044052274998225,0.8982654533824297,0.00037772059016287263,0.030621015399453947,0.010030370550245514,true
13.175,11.20480784306328,0.008706881841835,0.17634438495115093,0.1886704696176633,-6.48839408570122e-5,-0.004343919302334248,0.001973012889562215,-0.001444929832450551,-0.0005280830571116639,0.0007770665917510842,0.06446005401173134,1.2729593373392423,19.748033985630407,-3.5221916292443334,2.051422097367432,0.8988881875747711,0.0003660495827541748,0.030156585039935863,0.009880993385727047,true
13.225,11.20480784306328,0.00845785699133295,0.17457612206810164,0.18672798778166,-6.319463137975381e-5,-0.004346935707264175,0.0019668466665679367,-0.0014453774376067378,-0.0005214692289611988,0.0007548417705859254,0.06421792093116495,1.2721595328201822,19.810039228517027,-3.5479265581338186,2.0587530571631762,0.8995022810559034,0.00035463842703866187,0.029696367763508865,0.009732900991051494,true
13.275,11.20480784306328,0.008213463218374514,0.17279452524546862,0.18477411149298884,-6.152712186319934e-5,-0.004349911169239686,0.001960606410390312,-0.0014457253333654534,-0.0005148810770248587,0.000733030261064168,0.06397515451517391,1.271358554476634,19.872692205457472,-3.5739100164132607,2.0660447041860452,0.9001078387870322,0.00034348491833558376,0.029240404820059372,0.009586108082381709,true
13.325000000000001,11.20480784306328,0.007973701101594663,0.1710003495281281,0.18280959902267996,-5.9881963234434724e-5,-0.004352843670389404,0.001954294577428794,-0.001445975346279137,-0.0005083192311496571,0.0007116321148274806,0.06373177826090091,1.2705564425476286,19.935995467540685,-3.6001436600919976,2.0732966006294515,0.9007049650355364,0.0003325867535387313,0.028788735179882924,0.009440628662261589,true
13.375,11.20480784306328,0.007738568165171836,0.1691943505590645,0.18083520850206708,-5.825967491879972e-5,-0.004355731133863131,0.001947913597599037,-0.0014461292972240847,-0.0005017843003749523,0.0006906471109152185,0.0634878157384993,1.2697532372563698,19.999951525917524,-3.6266291423853083,2.0805083219346625,0.9012937634220431,0.00032194153445954385,0.028341395536939918,0.009296476019213256,true
13.425,11.20480784306328,0.007508058924651002,0.1673772839824943,0.1788516973294607,-5.666074463307759e-5,-0.0043585714244012514,0.0019414658737298106,-0.001446189000653373,-0.0004952768730764375,0.0006700747598540142,0.06324329058076655,1.2689489788133799,20.064562851814838,-3.65336811327915,2.087679457682265,0.9018743369688366,0.0003115467712106863,0.02789842031410434,0.009153662727977773,true
13.475,11.20480784306328,0.007282164935720616,0.16554990485258547,0.1768598215829832,-5.5085628230035564e-5,-0.004361362349009485,0.001934953780994428,-0.0014461562638699425,-0.0004887975171244856,0.0006499143080109928,0.0629982264724823,1.2681437074179849,20.129831876646744,-3.680362219137871,2.0948096125371696,0.9024467881509196,0.0003013998856330306,0.027459841670077388,0.009012200650288545,true
13.525,11.20480784306328,0.007060874845608157,0.16371296704789312,0.17486033544004892,-5.3534749596645605e-5,-0.00436410165774099,0.001928379666370533,-0.0014460328863171688,-0.00048234678005336417,0.000630164742180691,0.06275264713996057,1.2673374632543069,20.195760992005592,-3.7076131023887093,2.1018984072061455,0.9030112189463421,0.00029149821475837765,0.027025689508809406,0.008872100936462091,true
13.575000000000001,11.20480784306328,0.006844174447315103,0.16186722269248277,0.17285399060391748,-5.200850060556399e-5,-0.004366787044586861,0.001921745848129871,-0.0014458206588881298,-0.0004759251892417411,0.0006108247944253879,0.06250657634006904,1.2665302864860726,20.262352549841697,-3.735122401261076,2.1089454794687668,0.9035677308906518,0.00028183901430835467,0.026595991490100005,0.008733374027362397,true
13.625,11.20480784306328,0.00663204673640895,0.1600134215843072,0.17084153573826902,-5.05072411212013e-5,-0.004369416148476038,0.0019150546153549489,-0.0014455213632524034,-0.0004695332521025455,0.0005918929471436448,0.06226003784928079,1.2657222172465188,20.329608862599496,-3.7628917496102603,2.1159504852400173,0.9041164251320095,0.0002724194622239394,0.0261707730423247,0.008596029657057568,true
13.675,11.20480784306328,0.0064244719704885135,0.1581523106313946,0.1688237159100639,-4.90312990589295e-5,-0.004371986554385091,0.0019083082274876713,-0.0014451367712033122,-0.0004631714562843591,0.0005733674383774285,0.062013055452338824,1.2649132956260178,20.397532203492023,-3.790922776812086,2.122913099698392,0.9046574024895724,0.00026323666222556255,0.02575005737654315,0.008460076855920314,true
13.725,11.20480784306328,0.0062214277309980024,0.1562846332968139,0.1668012720419641,-4.7580970496987395e-5,-0.0043744957945583566,0.0019015089139110082,-0.0014446686440265537,-0.00045684026988445444,0.0005552462673288583,0.06176565293102414,1.2641035616532372,20.466124806693227,-3.8192171077701804,2.129833018445797,0.9051907635124129,0.0002542876473947605,0.025333865502764247,0.008325523954434953,true
13.775,11.20480784306328,0.006022888987451871,0.15441112905262494,0.16477494037416124,-4.6156519843048135e-5,-0.004376941349838251,0.0018946588735552607,-0.0014441187318863457,-0.000450540141668915,0.0005375272000921056,0.06151785405251037,1.2632930552727109,20.535388867667425,-3.8477763630252935,2.136709958739646,0.9057166085420479,0.0002455693837764508,0.024922216247470156,0.008192378587411876,true
13.825000000000001,11.20480784306328,0.005828828163813863,0.1525325328434317,0.16274545193651724,-4.475818005265584e-5,-0.004379320651105435,0.0018877602745355456,-0.001443488773232775,-0.00044427150130277055,0.0005202077755775524,0.06126968255775345,1.262481816315083,20.6053265434345,-3.8766021590046558,2.1435436607643212,0.9062350377759404,0.00023707877399467255,0.024515126273091565,0.008060647698843605,true
13.875,11.20480784306328,0.005639215207069923,0.15064957456031905,0.16071353203145033,-4.338615290033305e-5,-0.004381631080828007,0.0018808152538155416,-0.0014427804942282129,-0.0004380347595873287,0.000503285311631745,0.061021162149413125,1.2616698844625225,20.67593995298329,-3.9056961084076907,2.1503338889867156,0.9067461513352999,0.00022881266087974888,0.024112610098581927,0.00793033754711917,true
13.925,11.20480784306328,0.005454017657814404,0.14876297852544584,0.15867989972808003,-4.204060930263646e-5,-0.004383869974718253,0.0018738259168921212,-0.0014419956081904571,-0.0004318303087016641,0.0004867569113370293,0.06077231647969508,1.2608572992066907,20.74723117766889,-3.935059820752602,2.157080433565892,0.9072500493347688,0.0002207678311034389,0.023714680121684015,0.007801453710796212,true
13.975,11.20480784306328,0.005273200722780043,0.14687346298739268,0.156645267367499,-4.072168969270587e-5,-0.0043860346234954216,0.0018667943374839112,-0.0014411358150444187,-0.0004256585224394925,0.00047061946948466396,0.0605231691377291,1.2600440998004343,20.819202261749123,-3.964694903095901,2.1637831118491238,0.9077468319563063,0.00021294101881723045,0.02332134664224309,0.007674001094717714,true
14.025,11.20480784306328,0.00509672734912212,0.14498173962660982,0.15461034007793018,-3.942950445038427e-5,-0.004388122274751843,0.0018597225571620835,-0.00144020280075169,-0.00041951975641039345,0.0004548696792044875,0.06027374363550074,1.2592303252059796,20.891855213458207,-3.9946029609517915,2.170441770035706,0.9082365995330568,0.00020532890928316226,0.022932617885071893,0.00754798393598,true
14.075000000000001,11.20480784306328,0.004924558300023203,0.14308851306739356,0.15257581529503073,-3.816413439398568e-5,-0.004390130134919627,0.001852612584796481,-0.0014391982366545168,-0.00041341434814196423,0.0004395040387124461,0.06002406339012988,1.2584160140450218,20.965192007509952,-4.024785599481812,2.177056285180424,0.9087194526552161,0.00019792814247369963,0.022548500019181315,0.007423405808700672,true
14.125,11.20480784306328,0.00475665223062976,0.141194480388319,0.1505423822758774,-3.692563134518545e-5,-0.004392055371334234,0.0018454663955665088,-0.0014381237786084884,-0.00040734261695802047,0.00042451885808773854,0.059774151696192435,1.2576012045658127,21.039214591579405,-4.055244425152217,2.183626568044713,0.9091954923334717,0.00019073531657837477,0.022168997164452222,0.007300269624640517,true
14.175,11.20480784306328,0.004592965763194761,0.13930033061705796,0.14851072158694262,-3.571401878874334e-5,-0.0043938951143904555,0.0018382859290815075,-0.0014369810656754494,-0.00040130486340605813,0.00040991026597909876,0.0595240316770629,1.2567859346596106,21.11392490142604,-4.085981048123626,2.1901525677084357,0.9096648202824972,0.00018374699133739164,0.021794111370885782,0.007178577624761853,true
14.225,11.20480784306328,0.004433453558066619,0.13740674417414078,0.14648150451928513,-3.452929264887739e-5,-0.004395646459785877,0.0018310730859072994,-0.0014357717180236442,-0.0003953013678836552,0.00039567421594037424,0.05927372619275032,1.255970241977521,21.18932489402255,-4.116997086178226,2.196634279764053,0.9101275394479998,0.0001769596909978976,0.021423842540514892,0.007058331351845542,true
14.275,11.20480784306328,0.0042780683816758805,0.13551439225730594,0.14445539240806438,-3.337142222242228e-5,-0.004397306470841637,0.001823829721520339,-0.001434497333544899,-0.00038933238797544,0.0003818064924981614,0.05902325767343801,1.2551541642796376,21.265416612958138,-4.148294170325834,2.2030717610085424,0.910583754970911,0.0001703699068290699,0.021058188253806055,0.0069395315914714695,true
14.325000000000001,11.20480784306328,0.004126761151094564,0.13362393596859548,0.14243303562788273,-3.224035121703683e-5,-0.004398872180904978,0.0018165576365552346,-0.0014331594826210191,-0.0003833981539342155,0.00036830271512861115,0.05877264781507827,1.2543377400214843,21.342202310981822,-4.179873956869617,2.209465155072252,0.9110335758780839,0.00016397409825984164,0.02069714341950972,0.00682217825478617,true
14.375,11.20480784306328,0.00397948101965296,0.13173602571204146,0.14041507279917692,-3.113599914385429e-5,-0.004400340595773288,0.0018092585620982234,-0.001431759700424046,-0.0003774988616741775,0.00035515834589850586,0.058521917137542574,1.2535210099406857,21.4196846455759,-4.2117381335956745,2.21581473423186,0.9114771178287713,0.00015776869497230377,0.02034069976895064,0.006706270208956913,true
14.425,11.20480784306328,0.0038361752297561887,0.12985129832721432,0.13840212750551334,-3.005826187078223e-5,-0.004401708696337425,0.0018019341401996722,-0.0014302994768311946,-0.0003716346633684776,0.00034236867632951904,0.05827108408040776,1.2527040175055042,21.49786703430657,-4.243888480833037,2.22212096548951,0.9119145074237254,0.0001517500892217114,0.019988844753122823,0.006591804913140294,true
14.475,11.20480784306328,0.003696789818983076,0.12797038229238872,0.13639481344020393,-2.9007015831811226e-5,-0.004402973440630021,0.001794585896449419,-0.0014287802424691807,-0.0003658056539802383,0.0003299288904157067,0.05802016471507382,1.2518868178003089,21.576753943186667,-4.276326746367036,2.2283845965414675,0.9123458877006836,0.00014591466044844203,0.01964156140825909,0.006478778362092505,true
14.525,11.20480784306328,0.0035612668661644887,0.12609386776108308,0.1343937022521194,-2.7982106550597735e-5,-0.004404131768493525,0.0017872152243302308,-0.0014272033604993905,-0.00036001186383084033,0.0003178338188431507,0.0577691682796332,1.251069457092962,21.656352243763088,-4.309055337305241,2.2346068091717313,0.9127714279992608,0.00014025866496141233,0.019298822513886985,0.006367183190667359,true
14.575000000000001,11.20480784306328,0.0034295554604877533,0.12422242241044457,0.1323994456993183,-2.6983400045508143e-5,-0.004405180596245995,0.0017798233043823236,-0.0014255700868578245,-0.0003542532175244992,0.0003060789179540403,0.05751810915463431,1.2502520736562013,21.73666853851135,-4.342074696377188,2.2407892116627828,0.9131913225262585,0.00013477865917781233,0.01896060749091011,0.006257014107617241,true
14.625,11.20480784306328,0.003301568337207345,0.12235629825270516,0.13041225281830154,-2.6010572705500858e-5,-0.004406116850964702,0.001772411344909277,-0.001423881687775957,-0.00034852965713331996,0.0002946563995964727,0.05726694766748198,1.2494345209178364,21.817725089394028,-4.375394346789026,2.2469347197360077,0.9136058487121754,0.00012946980571942093,0.018626823107860978,0.006148242260278343,true
14.675,11.20480784306328,0.003177353469019242,0.12049738186402217,0.12843406258089995,-2.506397023704883e-5,-0.004406937350715229,0.001764979389933191,-0.0014221388558817683,-0.00034284053405142273,0.00028357054520897397,0.05701583596426478,1.248617869709584,21.89949245841396,-4.408987889750001,2.253044226161584,0.9140151420259789,0.00012433258217836308,0.018297630982699487,0.006040921249594679,true
14.725,11.20480784306328,0.003056418622891399,0.11864063699336141,0.12645946851832213,-2.414107131005471e-5,-0.004407639283690827,0.0017575318401699164,-0.0014203444248430846,-0.0003371874153268318,0.000272777424271812,0.0567640592619672,1.2477985759819186,21.98219423003744,-4.442977251753035,2.2591330729795938,0.914420293111243,0.00011934627563023763,0.017972062463950184,0.0059347378774364775,true
14.775,11.20480784306328,0.0029403870905736562,0.11680978769251377,0.12451359045498633,-2.325073428438814e-5,-0.004408218376781963,0.0017500522560519407,-0.0014184909542831027,-0.00033156130176883796,0.0002624219113578109,0.05651457342690407,1.2469909343616055,22.064944646082537,-4.4768818075860795,2.2651536768726923,0.9148182189979273,0.00011457355429446938,0.017653868516596272,0.005830912980345226,true
14.825000000000001,11.20480784306328,0.002822640918447122,0.11490862157430326,0.12249413277038093,-2.2350696049923907e-5,-0.004408675935159699,0.001742619127858037,-0.001416617908548961,-0.00032600121930907613,0.0002519133712939642,0.056254547190742285,1.246141653864639,22.151838670736193,-4.5126724649405405,2.2713591601815164,0.9152255947957287,0.00010974898171753277,0.017326821242883744,0.005724161897956693,true
14.875,11.20480784306328,0.002729136502758256,0.11334055942486733,0.12083007754024287,-2.1545133714236018e-5,-0.004408992353474192,0.0017348781116778463,-0.0014145504889164862,-0.0003203276227613601,0.00024356834503394195,0.056038918314576774,1.2454449999456583,22.22464382617633,-4.542468122339313,2.2765961336149205,0.9155672204918868,0.00010588777023232487,0.017059176578623984,0.005636759822388592,true
14.925,11.20480784306328,0.002553918603739263,0.11042398286609387,0.11773234675270265,-2.0699654981298693e-5,-0.004409230986689333,0.001727071273087338,-0.0014124024363776594,-0.0003146688367096787,0.00022793060260469829,0.05563178996063779,1.2441544041683383,22.364090838145568,-4.598910011931755,2.2862845227996598,0.9161940431304132,9.893964948181789e-5,0.016562551432055053,0.005474480954591471,true
14.975,11.20480784306328,0.002453304968853115,0.10861676663394798,0.11581704389093962,-1.9745064838869505e-5,-0.0044093336241699385,0.0017200269883229954,-0.0014105957369745206,-0.0003094312513484748,0.00021895109699466352,0.055381586460468604,1.2433249425927846,22.450150348803575,-4.634664223467671,2.292057124845531,0.916564351922669,9.479275348570276e-5,0.016262787573161866,0.005376507870850903,true
