r,tau,Dtau,Sr,E,nur,Pi,piR,piEta,piPhi,D,T,mu,alpha,phi,ur,v,n,e,P,ok
0.024999999999999994,14.704811343066604,0.021667417546345772,0.0,0.025185668984037825,2.2316132491704703e-7,-0.00018519650425097094,-0.0004262840621026756,0.0006568029629480134,-0.00023051890084533776,0.0014734917055948544,0.06042664566641791,1.3774662492179248,22.795676212480075,-2.02780990787601,0.0,0.0,0.0014734917055948548,0.02518566898403852,0.0077013984964106105,true
0.07499999999999998,14.704811343066604,0.021593628134415267,0.00029236140596791346,0.02507342548926405,6.693427769982695e-7,-0.00018713982244475386,-0.00043276143803235565,0.0006890113801686511,-0.00025624994213629547,0.0014684736601259952,0.06035598415087282,1.3775119422633042,22.82312121396141,-2.0294268987563924,0.009102830069885324,0.009102452956174855,0.0014684067315216445,0.02507076428332065,0.00766544495187659,true
0.125,14.704811343066604,0.02166284857643773,0.0004380868531566511,0.02517634575386645,1.1185554772897873e-6,-0.0001864224427298332,-0.00037150468976046347,0.0006761409183202961,-0.00030463622855983263,0.001473180993012323,0.06041704858164651,1.377481885335914,22.799556047071878,-2.0278732169201734,0.013558035676453244,0.01355678972691814,0.001473030448739412,0.02517040670251671,0.007696521860930773,true
0.175,14.704811343066604,0.021655849800899594,0.0006193120894754482,0.025167766987429355,1.5612668639744895e-6,-0.00018651695155663184,-0.0003599352524801741,0.0006769738148721471,-0.00031703856239197295,0.0014727050416128216,0.06040811822880731,1.3774883667690692,22.803033882822973,-2.028065710752561,0.019169384672995202,0.019165863601440604,0.0014724046146248387,0.025155897336396497,0.00769197421594539,true
0.22499999999999998,14.704811343066604,0.02166437238624056,0.0007936611612170622,0.025181894433062537,2.008725335527037e-6,-0.00018650411418282578,-0.0003506882095494636,0.0006761264661917924,-0.0003254382566423288,0.001473284619625904,0.060412019527869495,1.3774901942676003,22.80159155467616,-2.0279044913551183,0.02454956548755018,0.024542171049376987,0.0014727915761223343,0.025162416265089513,0.007693967506328508,true
0.275,14.704811343066604,0.021669940071094657,0.000970732422346014,0.025191267583813244,2.453634405790368e-6,-0.00018653566406887643,-0.00034622956578844765,0.0006760759771415354,-0.00032984641135308773,0.001473663249771113,0.06041169552929577,1.3774968802011374,22.801824516465366,-2.0278046945306567,0.03001855393286774,0.03000503800341905,0.0014729261409391228,0.025162140720590472,0.007693812021884703,true
0.325,14.704811343066604,0.021676589062929307,0.001147256646671035,0.02520423053037054,2.9000581745626388e-6,-0.00018655938548078264,-0.00034308429835682396,0.0006758606812953359,-0.00033277638293851197,0.0014741154141464,0.06041246987009714,1.3775006686439022,22.801594962197285,-2.027715993395137,0.03546557018017524,0.035443286783794506,0.0014730864886827644,0.025163567984029068,0.007694212742198839,true
0.375,14.704811343066604,0.02168343428011537,0.0013243761168949555,0.025219074929824017,3.345489515918056e-6,-0.0001865897605793049,-0.00034098595127525695,0.0006756701806188433,-0.00033468422934358635,0.0014745809228174304,0.06041323032912972,1.3775030274109425,22.80134698817364,-2.027651425386411,0.040927580614940604,0.04089334540177353,0.0014732107675641108,0.025164916759835114,0.0076946042881762015,true
0.42500000000000004,14.704811343066604,0.02169125880406232,0.0015016018696042228,0.02523651785337571,3.791080835293363e-6,-0.00018662140461350192,-0.00033931796234010366,0.00067538268650317,-0.0003360647241630664,0.001475113029198424,0.06041441585362799,1.3775045936419639,22.800925477445336,-2.0275857115761564,0.04638728311647836,0.0463374559001393,0.0014733530461387007,0.02516693744296449,0.007695211612188773,true
0.475,14.704811343066604,0.02169983548324561,0.001679128948653629,0.025256304965177168,4.23609500975602e-6,-0.00018665876246671577,-0.0003379650872688885,0.0006750436520752495,-0.00033707856480636106,0.0014756962858606954,0.06041586343335911,1.3775053072041192,22.80039097220811,-2.027525319256537,0.05185036450701265,0.05178080590653829,0.0014734975471039319,0.025169358314996466,0.007695951464930969,true
0.525,14.704811343066604,0.021708719942131048,0.0018569244327825613,0.025278522604916503,4.681041852663322e-6,-0.00018670330952574683,-0.0003367844289511922,0.0006746472657047166,-0.0003378628367535244,0.0014763004730670567,0.06041766317063372,1.3775036112754409,22.79968371807175,-2.027492992878597,0.05731472641610051,0.057220818912139544,0.001473614209467575,0.02517226786821657,0.007696867571951056,true
0.5750000000000001,14.704811343066604,0.021717798610815263,0.002035042723101038,0.02530314278927372,5.125732708364023e-6,-0.00018675748527598315,-0.0003357214239459385,0.0006742080417344486,-0.0003384866177885101,0.0014769178675015998,0.06041980010406324,1.377499241972708,22.798805020873793,-2.0274936000500587,0.06278128784115171,0.062657926479957,0.0014736952782108952,0.025175631231948034,0.007697951953985025,true
0.625,14.704811343066604,0.02172669731282769,0.0022135193559509013,0.025330153107589095,5.5737564570662835e-6,-0.0001868228819794837,-0.0003347269007152408,0.0006737294490080038,-0.000339002548292763,0.0014775230233111385,0.06042228919463656,1.3774910946590389,22.797730986685508,-2.0275449171799296,0.06825032192765569,0.06809191648324155,0.0014737151223917268,0.02517943033247209,0.00769921067523348,true
0.675,14.704811343066604,0.021734834480706823,0.002392384814790792,0.025359478108398968,6.029848924467449e-6,-0.00018690033842780004,-0.0003337648061728115,0.0006732122102812109,-0.0003394474041083994,0.001478076391027955,0.06042511848961757,1.377477579367537,22.796439854796798,-2.0276736512070768,0.07372212428321498,0.0735225991340138,0.0014736339227504685,0.025183583758689603,0.007700635355055593,true
0.725,14.704811343066604,0.021743252522785826,0.0025716761951728212,0.025391190833878745,6.489539853959329e-6,-0.00018698907311653077,-0.00033280674648491576,0.000672654708823339,-0.0003398479623384232,0.0014786488595814515,0.06042825686075708,1.3774617177289357,22.79499342340748,-2.0278308300937,0.0791968892371987,0.07894968423481256,0.0014735226602787645,0.025188157810318693,0.00770221462198226,true
0.775,14.704811343066604,0.021752705353577047,0.0027514251991803615,0.025425350838849933,6.9432406968703154e-6,-0.00018708786311412347,-0.000331835127161367,0.0006720566822994062,-0.0003402215551380392,0.0014792916988923875,0.06043168463060965,1.3774457074908817,22.79343552824246,-2.027980739875693,0.08467463549939432,0.08437270825746009,0.0014734332067770804,0.025193205643231055,0.0077039417365999925,true
0.8250000000000001,14.704811343066604,0.021763353710487633,0.0029316663158683656,0.025461975404095068,7.392395660459145e-6,-0.00018719581517261712,-0.00033084212221782557,0.000671420239597622,-0.0003405781173797964,0.0014800158399005349,0.06043539673380074,1.3774300101993031,22.79177575794624,-2.0281159126096227,0.09015555465663817,0.08979137991721052,0.001473376365324508,0.02519873704014069,0.0077058148655172925,true
0.8750000000000001,14.704811343066604,0.02177515231731665,0.0031124355710960266,0.025501063429629878,7.838620898996145e-6,-0.00018731231069640065,-0.0003298225187786042,0.0006707471832659599,-0.0003409246644873557,0.0014808182035999904,0.06043939010058266,1.3774145045909154,22.790013305869486,-2.028238458480123,0.09563993488097731,0.0952055038187296,0.0014733489035072727,0.025204742432985254,0.007707832340667235,true
0.9249999999999999,14.704811343066604,0.021788033781533246,0.0032937676612824402,0.02554261235733672,8.28274875937708e-6,-0.0001874368987016132,-0.0003287714628515391,0.0006700383426414321,-0.000341266879789893,0.0014816942069648801,0.06044366196602456,1.3773990086721035,22.78814624842454,-2.028351482026529,0.10112803017961826,0.10061485096998034,0.0014733461375860159,0.0252112104149733,0.007709992565205505,true
0.975,14.704811343066604,0.02180194883566674,0.0034756968749185494,0.02558662078401999,8.725091376103499e-6,-0.00018756924999916016,-0.0003276847993228699,0.000669294040110336,-0.0003416092407874661,0.0014826404995631904,0.06044820866083868,1.3773833955466188,22.786173917490387,-2.0284572060911747,0.10662008458928986,0.1060191828196727,0.0014733646495538838,0.02521813024161943,0.007712293565958504,true
1.025,14.704811343066604,0.021816862952944917,0.0036582571116378568,0.025633089344778363,9.165786264478113e-6,-0.0001877091228390274,-0.00032655906303574766,0.0006685143114307786,-0.0003419552483950309,0.0014836547334034097,0.06045302648563769,1.3773675798699467,22.784096346229727,-2.0285571667646454,0.11211632830396112,0.1114182475391568,0.0014734020328707065,0.025225492748360532,0.007714733419721368,true
1.0750000000000002,14.704811343066604,0.02183274898412063,0.003841482201081608,0.025682020275947307,9.604920620143424e-6,-0.00018785634415971074,-0.00032539148063454054,0.0006676990736039504,-0.0003423075929694099,0.0014847350622022694,0.06045811192696595,1.3773514961498345,22.78191382843199,-2.028652565239321,0.11761698788612174,0.11681179015646193,0.0014734563820357198,0.025233289863194695,0.007717310331490105,true
1.125,14.704811343066604,0.021849583709846347,0.0040254059619552725,0.025733417326403586,1.004256807884136e-5,-0.00018801079402591718,-0.00032417983531727034,0.0006668481805555121,-0.00034266834523824177,0.0014858799069291386,0.06046346184678837,1.3773350883630753,22.779626675250235,-2.028744433253788,0.12312228692959044,0.12219955325538316,0.0014735260558946328,0.025241514516193452,0.007720022715968899,true
1.1750000000000003,14.704811343066604,0.02186734685036195,0.004210062277052386,0.025787285626975832,1.0478790161320862e-5,-0.00018817239398505927,-0.0003229223556376979,0.0006659614569777492,-0.0003430391013400513,0.0014870878884598896,0.06046907346004117,1.3773183072876387,22.777235179530084,-2.0288336779863365,0.12863244773745358,0.12758127866208271,0.001473609610490455,0.0252501604984368,0.0077228691821766065,true
1.225,14.704811343066604,0.021886020845749102,0.00439548511622815,0.02584363161723778,1.0913636404065067e-5,-0.00018834109771801794,-0.0003216176175847884,0.000665038714466132,-0.00034342109688134366,0.0014883578126331065,0.06047494430162344,1.3773011100255097,22.774739620364336,-2.0289210910640967,0.13414769124733802,0.1329567074084822,0.0014737057844229145,0.025259222388737623,0.007725848515898486,true
1.275,14.704811343066604,0.021905590670736004,0.004581708557034894,0.025902462943832114,1.1347145383919623e-5,-0.00018851688399003244,-0.000320264475416848,0.0006640797645365153,-0.0003438152891196673,0.0014896886576558908,0.06048107217161046,1.3772834596904153,22.77214027857307,-2.0290073555803674,0.13966823717252141,0.1383255799083565,0.0014738134863426613,0.025268695450729056,0.007728959651238217,true
1.3250000000000002,14.704811343066604,0.02192604356382635,0.004768766795613026,0.025963788364340865,1.1779347025384049e-5,-0.00018869975128644144,-0.0003188620090947623,0.000663084427487862,-0.0003442224183930997,0.0014910795556832897,0.06048745509155322,1.3772653248099538,22.76943744327379,-2.02909305746582,0.14519430393051178,0.14368763592768136,0.001473931776480398,0.025278575537212827,0.007732201647408826,true
1.375,14.704811343066604,0.02194736871370373,0.004956694159326976,0.026027617657121915,1.2210264591571978e-5,-0.00018888971375310713,-0.0003174094838109021,0.0006620525382990327,-0.00034464305448813064,0.0014925297714922423,0.060494091267103374,1.3772466785845792,22.766631413695183,-2.0291786990140963,0.1507261087104107,0.14904261469211294,0.0014740598452604797,0.025288858999415534,0.007735573668537773,true
1.4250000000000003,14.704811343066604,0.021969556955966585,0.005145525121657918,0.026093961547842943,1.2639916098987929e-5,-0.00018908679804276939,-0.0003159063158037213,0.0006609839490529587,-0.0003450776332492374,0.0014940386818580536,0.06050097906020781,1.377227498141818,22.763722497304784,-2.02926471216283,0.15626386760999966,0.15439025506275816,0.0014741969926517589,0.025299542611912935,0.0077390749683537595,true
1.475,14.704811343066604,0.021992600504435723,0.005335294320532416,0.026162831651283046,1.3068315116746345e-5,-0.00018929104081285978,-0.0003143520422698154,0.0006598785284677045,-0.0003455264861978891,0.0014956057572819764,0.06050811696787479,1.377207763864578,22.76071100668644,-2.0293514703261257,0.16180779586463823,0.15973029580013898,0.0014743426099107725,0.025310623511325254,0.007742704878340901,true
1.525,14.704811343066604,0.022016492722973176,0.0055260365776004195,0.026234240425810393,1.349547122139904e-5,-0.0001895024867094988,-0.00031274629462976663,0.0006587361593792606,-0.00034598986474949396,0.0014972305464737614,0.06051550360578621,1.377187458815827,22.757597256187204,-2.02943929846814,0.16735810808747734,0.1650624758372236,0.0014744961641059069,0.025322099146793155,0.007746462798512536,true
1.5750000000000002,14.704811343066604,0.02204122793498614,0.005717786915606825,0.026308201135707907,1.392139035702689e-5,-0.00018972118675546223,-0.0003110887757690363,0.0006575567354044059,-0.0003464679596353696,0.0014989126633969836,0.060523137694328356,1.377166568260067,22.754381559254846,-2.029528481492523,0.1729150184538512,0.17038653449668603,0.001474657185217827,0.02533396723822564,0.007750348189563222,true
1.625,14.704811343066604,0.022066801265284236,0.00591058057141375,0.026384727817819656,1.4346075289398452e-5,-0.00018994719709688026,-0.00030937924197145696,0.0006563401578585078,-0.0003469609158870508,0.001500651776514552,0.06053101804568139,1.3771450792709483,22.751064226801013,-2.0296192711699623,0.17847874077500325,0.1757022116007227,0.0014748252554356491,0.02534622573964661,0.007754360565686244,true
1.6750000000000003,14.704811343066604,0.02209320850856595,0.006104453004047602,0.026463835250811432,1.4769526215812383e-5,-0.00019018057806994318,-0.00030761748970470397,0.000655086333568278,-0.000347468843863574,0.0015024475998451359,0.06053914355158304,1.37712298041043,22.747645566492647,-2.029711891858387,0.18404948845289149,0.1810092474674288,0.0014750000002583974,0.025358872806430795,0.007758499487837253,true
1.725,14.704811343066604,0.02212044601922543,0.006299439898942082,0.0265455389272504,1.519174148218516e-5,-0.0001904213935355021,-0.0003058033465290319,0.0006537951736414234,-0.00034799182711239146,0.0015042998854694818,0.06054751317220031,1.3771002614630057,22.74412588253559,-2.0298065452739738,0.18962747434798888,0.18630738282626122,0.0014751810810375696,0.02537190676650622,0.007762764557641711,true
1.775,14.704811343066604,0.022148510617914813,0.006495577170623037,0.026629855029607574,1.5612718295920365e-5,-0.00019066971041651265,-0.00030393666479038006,0.0006524665928308417,-0.00034852992804046163,0.0015062084171761885,0.060556125926831565,1.377076913210123,22.740505475432993,-2.0299034145348367,0.19521291061372442,0.19159635870515906,0.00147536818866118,0.025385326096146504,0.007767155412295566,true
1.8250000000000002,14.704811343066604,0.02217739951121755,0.006692900965965023,0.026716800410958554,1.603245332600187e-5,-0.00019092559837377126,-0.0003020173167222295,0.0006511005090141662,-0.00034908319229193664,0.001508173004999096,0.06056498088676861,1.3770529272337333,22.736784641412687,-2.03000266764926,0.2008060085471676,0.19687591633696327,0.0014755610381383848,0.02539912940047484,0.007771671720613548,true
1.875,14.704811343066604,0.02220711022181208,0.0068914476692247045,0.02680639258014948,1.6450943128543995e-5,-0.00019118912957142987,-0.0003000451900858428,0.0006496968424914441,-0.00034965165240560125,0.001510193480468068,0.060574077170022535,1.3770282957430253,22.7329636715374,-2.0301044605568017,0.20640697848528441,0.20214579711256508,0.0014757593639135164,0.025413315397961787,0.007776313180066235,true
1.9250000000000003,14.704811343066604,0.022237640527417068,0.007091253908925186,0.02689864969007901,1.686818439469599e-5,-0.00019146037850817366,-0.00029802018421461966,0.0006482555151304763,-0.00035023533091585663,0.001512269692456968,0.06058341393705028,1.377003011422886,22.729042850798617,-2.0302089397754166,0.212016029754172,0.20740574258690758,0.001475962915798059,0.025427882907428374,0.007781079514361683,true
1.975,14.704811343066604,0.022268988407484883,0.007292356566003178,0.02699359052725777,1.7284174054549903e-5,-0.00019173942191178444,-0.00029594220692803264,0.0006467764496714004,-0.0003508342427433678,0.0015144015035585497,0.06059299038629986,1.3769770673052135,22.725022457656248,-2.030316244675755,0.21763337066886992,0.21265549453452098,0.0014761714554441597,0.02544283083563121,0.0077859704709657045,true
2.0250000000000004,14.704811343066604,0.022301151996955478,0.007494792782593064,0.027091234500890373,1.7698909271785953e-5,-0.0001920263387065477,-0.00029381117302451913,0.0006452595696189284,-0.0003514483965944093,0.001516588786939493,0.06060280574859125,1.3769504566645452,22.720902764416206,-2.030426509391691,0.2232592085840279,0.2178947950537168,0.0014763847533088212,0.025458158163844603,0.00779098581805574,true
2.075,14.704811343066604,0.022334129546411063,0.007698599971297036,0.027191601630248696,1.811238733930928e-5,-0.00019232121006320377,-0.0002916270049506473,0.0006437048000921487,-0.0003520777951415014,0.0015188314236307236,0.0606128592793794,1.3769231729392633,22.71668403882235,-2.030539864378378,0.22889375001083226,0.22312338673246374,0.0014766025860558105,0.025473863931890033,0.007796125340416116,true
2.125,14.704811343066604,0.022367919387825237,0.007903815825349313,0.027294712529649268,1.8524605454270918e-5,-0.00019262411953374512,-0.0002893896359243833,0.0006421120698359296,-0.0003527224339115463,0.001521129300198185,0.0606231502483852,1.3768952096778597,22.712366547044223,-2.030656437643957,0.23453720082701363,0.22834101289898187,0.0014768247343373332,0.025489947218720933,0.007801388834004253,true
2.1750000000000003,14.704811343066604,0.02240251990498547,0.008110478330453901,0.02740058839069836,1.8935560329495155e-5,-0.00019293515326366896,-0.000287099015445995,0.0006404813144146356,-0.00035338229896864066,0.0015234823067314207,0.0606336779259512,1.3768665605097181,22.707950558288985,-2.0307763556856706,0.24018976661707278,0.23354741798869666,0.0014770509808857545,0.02550640711844992,0.007806776098849327,true
2.225,14.704811343066604,0.02243792950760047,0.008318625779082389,0.027509250961628075,1.934524759644659e-5,-0.000193254400265899,-0.000284755116862245,0.0006388124804604295,-0.00035405736359818445,0.0015258903350827465,0.06064444156574973,1.3768372191389642,22.70343635114884,-2.0308997441670678,0.2458516531753643,0.23874234805384498,0.0014772811088472608,0.02552324271111748,0.007812286930081512,true
2.2750000000000004,14.704811343066604,0.022474146608182033,0.008528296787658604,0.02762072252358647,1.9753660972292455e-5,-0.0001935819527346788,-0.00028235794647277457,0.0006371055307446453,-0.0003547475842718707,0.001528353277295102,0.060655440383517174,1.3768071793600394,22.698824221778796,-2.031026728369739,0.25152306719213163,0.24392555142939998,0.0014775149002959295,0.02554045302757785,0.007817921106912505,true
2.325,14.704811343066604,0.02251116960096912,0.00873953031648051,0.027735025863925837,2.016079119697656e-5,-0.00019391790637323915,-0.00027990755352546204,0.0006353604497551052,-0.00035545289622964315,0.0015308710241687836,0.06066667353164416,1.3767764350934542,22.694114493937402,-2.0311574334510296,0.25720421712159774,0.24909677954904527,0.0014777521348755577,0.025558037008127067,0.007823678379467033,true
2.3750000000000004,14.704811343066604,0.022548996842405904,0.008952365691534667,0.02785218424693591,2.0566624787500808e-5,-0.00019426236070441944,-0.0002774040402768041,0.000633577249363311,-0.0003561732090865069,0.0015334434639338555,0.06067814007018198,1.3767449804381329,22.68930753061568,-2.0312919845484227,0.2628953142000331,0.25425578787644715,0.0014779925885309083,0.02557599345563783,0.007829558453738627,true
2.4250000000000003,14.704811343066604,0.02258762663299605,0.009166842626647544,0.027972221383174525,2.097114270376825e-5,-0.00019461541932777886,-0.00027484757106062115,0.0006317559740359325,-0.0003569084029753114,0.0015360704810161495,0.06068983893551978,1.3767128097358212,22.684403746704888,-2.0314305067635106,0.26859657354740385,0.2594023368868641,0.0014782360323280788,0.025594320985093188,0.007835560975301352,true
2.475,14.704811343066604,0.022627057200647005,0.009383001243782694,0.028095161399503882,2.137431906716606e-5,-0.00019497719008122158,-0.00027223837903877775,0.0006298967048967692,-0.0003576583258579915,0.0015387519549045954,0.06070176890894763,1.376679917639516,22.679403621738427,-2.0315731250841083,0.2743082152472041,0.2645361930010165,0.0014784822313625523,0.02561301797289088,0.007841685512903668,true
2.5250000000000004,14.704811343066604,0.022667286685937274,0.00960088208880136,0.028221028812978666,2.177612011639853e-5,-0.0001953477850608326,-0.00026957676905892353,0.0006279995618071477,-0.0003584227927482242,0.0015414877591493222,0.06071392858860164,1.376646299175446,22.674307711227502,-2.031719964300124,0.2800304652606217,0.2696571293420533,0.0014787309438068024,0.025632082511357946,0.007847931543735531,true
2.575,14.704811343066604,0.022708313130001233,0.009820526139773352,0.02834984851274617,2.2176503615883604e-5,-0.00019572732045296622,-0.00026686311491454554,0.0006260647025546957,-0.00035920158764015016,0.001544277760537766,0.06072631636893999,1.376611949785397,22.66911665482644,-2.0318711489918875,0.28576355600314696,0.27476492616624953,0.0014789819201400398,0.02565151237492945,0.007854298442502843,true
2.6250000000000004,14.704811343066604,0.022750134465914333,0.010041974805035499,0.02848164575473913,2.257541894104505e-5,-0.00019611591614004153,-0.00026409784940105516,0.0006240923182789185,-0.0003599944688778634,0.0015471218185088204,0.060738930433089436,1.3765768653341186,22.663831179091446,-2.0320268036633515,0.2915077263913038,0.27985937080592704,0.0014792349026574473,0.025671305006397242,0.007860785477069076,true
2.6750000000000003,14.704811343066604,0.022792748514525528,0.010265269908768446,0.028616446174008787,2.297280804420281e-5,-0.00019651369505856246,-0.00026128144598066834,0.0006220826244663778,-0.0003608011784857095,0.0015500197848694215,0.06075176876290492,1.3765410420670996,22.65845209279926,-2.0321870531000004,0.297263221180896,0.28494025698212017,0.0014794896253259822,0.025691457530867347,0.00786739181318195,true
2.725,14.704811343066604,0.022836152985528962,0.010490453662967181,0.028754275818709138,2.336860744021136e-5,-0.00019692078231651577,-0.000258414391700332,0.0006200358472675225,-0.00036162145556719054,0.0015529715038674282,0.060764829171192476,1.3765044765062084,22.652980272983054,-2.03235202300772,0.30303028945616917,0.2900073833846734,0.0014797458140734631,0.02571196680453652,0.007874116530617651,true
2.7750000000000004,14.704811343066604,0.0228803454841799,0.010717568626343201,0.028895161207753373,2.3762751240478032e-5,-0.00019733730411712895,-0.00025549715226447765,0.000617952205531433,-0.0003624550532669553,0.001555976812648338,0.06077810935825269,1.3764671652774003,22.647416640815567,-2.0325218409549937,0.3088091822159282,0.29506055149890403,0.0014800031875597803,0.025732829501850307,0.007880958651908486,true
2.825,14.704811343066604,0.022925323523401833,0.010946657652875405,0.02903912941106527,2.415517510203803e-5,-0.0001977633865846049,-0.00025253013180322073,0.0006158318898038975,-0.0003633017580006768,0.0015590355420786303,0.0607916069919967,1.3764291048726272,22.641762127687066,-2.032696637607246,0.3146001491265755,0.3000995627686289,0.0014802614584172773,0.02575404224005614,0.00788791718333082,true
2.8750000000000004,14.704811343066604,0.02297108454009468,0.011177763835244213,0.0291862081469823,2.4545820754360983e-5,-0.0001981991546390626,-0.00024951363173170485,0.0006136750405061417,-0.0003641614087744368,0.0015621475178548053,0.06080531980617255,1.3763902913625925,22.636017633820103,-2.0328765481611604,0.3204034346809796,0.3051242153300798,0.001480520334886681,0.025775601732800614,0.007894991165400635,true
2.9250000000000003,14.704811343066604,0.023017625913316138,0.01141093045091333,0.02933642588637119,2.4934640543676005e-5,-0.00019864473111241447,-0.0002464478148550127,0.0006114817284476875,-0.0003650339135926748,0.0015653125617398056,0.06081924570634559,1.376350720090395,22.630183983797636,-2.0330617138302323,0.3262192741940709,0.3101343007088487,0.0014807795226714627,0.025797504956664677,0.007902179727584268,true
2.975,14.704811343066604,0.023064944980834168,0.0116462009206382,0.029489811947984234,2.5321601233295226e-5,-0.00019910023632088112,-0.0002433326820840062,0.0006092519414951348,-0.00036591925941112857,0.0015685304926886675,0.06083338286778404,1.3763103853917624,22.624261885666478,-2.0332522831594946,0.33204789024881187,0.3151296010135199,0.0014810387267321433,0.02581974930580243,0.007909482139066563,true
3.0250000000000004,14.704811343066604,0.023113039049627797,0.011883618789978009,0.02964639656585888,2.5706686179981376e-5,-0.00019956578829692347,-0.0002401680692271111,0.0006069855813272574,-0.00036681751210014627,0.0015718011275626272,0.06084772980543635,1.3762692803977903,22.618251901894777,-2.033448412912772,0.33788949033638194,0.3201098872482354,0.0014812976526421108,0.025842332703425657,0.007916897845321735,true
3.075,14.704811343066604,0.02316190539560284,0.012123227743242438,0.029806210908648656,2.6089895039457822e-5,-0.00020004150381799392,-0.00023695366977683006,0.0006046824734767902,-0.0003677288036999601,0.0015751242811097878,0.060862285395667313,1.3762273969778203,22.612154440651217,-2.0336502682659843,0.3437442664421574,0.32507491934504823,0.0014815560071221002,0.025865253637885426,0.007924426479903678,true
3.1250000000000004,14.704811343066604,0.023211541248353076,0.012365071655561874,0.029969287034106083,2.647124040663708e-5,-0.00020052750025616046,-0.0002336890860396925,0.0006023423920711317,-0.0003686533060314392,0.0015784997649288062,0.060877048831314375,1.3761847258721542,22.60596977500431,-2.0338580221082725,0.3496123971878732,0.3300244483686986,0.0014818134973428483,0.02588851109379465,0.007932067841784315,true
3.1750000000000003,14.704811343066604,0.023261943758882568,0.012609194682498423,0.03013565777074355,2.685074128301843e-5,-0.00020102389809124963,-0.00023037390555455075,0.0005999650979563288,-0.000369591192401778,0.0015819273852738477,0.06089201950251262,1.3761412570335176,22.599698093060177,-2.03407185339569,0.3554940527531241,0.33495822099718003,0.0014820698287913443,0.025912104365639965,0.00793982183414712,true
3.225,14.704811343066604,0.023313109951435953,0.012855641377980707,0.030305356532875707,2.7228413987599458e-5,-0.00020153082374115876,-0.00022700779294269554,0.0005975503853802178,-0.0003705425924375223,0.0015854069397788096,0.06090719680851447,1.37609698015909,22.593339576690546,-2.034291944685082,0.3613894022496865,0.33987598591261814,0.0014823247017147051,0.025936032761390344,0.007947688367135164,true
3.2750000000000004,14.704811343066604,0.023365036664881787,0.013104456822227842,0.030478417093208705,2.7604261941922883e-5,-0.00020204841218309893,-0.00022359058078631766,0.0005950981289966984,-0.0003715075482103807,0.001588938213471098,0.060922579925686234,1.376051885338367,22.586894498179234,-2.0345184792375135,0.3672986225177056,0.344777501163443,0.0014825778065315866,0.025960295235187385,0.007955667237415575,true
3.325,14.704811343066604,0.02341772049350884,0.013355686733840617,0.030654873354894377,2.797826647892442e-5,-0.00020257680874018798,-0.00022012233868111652,0.0005926083205550438,-0.00037248598187392725,0.0015925209747454814,0.060938167574781536,1.3760059636924942,22.580363316699668,-2.034751638295391,0.3732219066392662,0.3496625410417575,0.001482828818967398,0.0259848900168175,0.007963758006800582,true
3.3750000000000004,14.704811343066604,0.023471157740311836,0.013609377537263705,0.03083475917750578,2.8350381196292022e-5,-0.00020311616944980812,-0.0002166033993832154,0.0005900810843542854,-0.00037347768497107,0.001596154972187291,0.06095395784388033,1.3759592078467304,22.573746751128716,-2.034991599248925,0.3791594700422923,0.3545309007388423,0.0014830773960108367,0.026009814327257446,0.007971959909210777,true
3.4250000000000003,14.704811343066604,0.023525344396247594,0.013865576360851149,0.031018108312535167,2.8720532120284602e-5,-0.00020366665965252433,-0.00021303432679876607,0.0005875166633416023,-0.0003744823365428362,0.0015998399331617348,0.060969948125452304,1.3759116120738073,22.56704580497132,-2.035238535398904,0.3851115520746163,0.35938239713083364,0.0014833231738785612,0.026035064273498523,0.007980271816530512,true
3.475,14.704811343066604,0.02358027615554842,0.01412433095345978,0.031204954488524297,2.908862489459294e-5,-0.00020422845083557442,-0.00020941582291339272,0.0005849153739036499,-0.00037549955099025717,0.0016035755648552842,0.06098613520859683,1.375863171999997,22.56026172660389,-2.0354926177139396,0.39107841163999285,0.36421686470784165,0.0014835657689636257,0.026060634989032373,0.007988692285052014,true
3.5250000000000004,14.704811343066604,0.023635948468997282,0.014385689527490367,0.0313953316527435,2.9454558417981533e-5,-0.00020480171628715915,-0.0002057485878713775,0.0005822775360694479,-0.0003765289481980704,0.0016073615578986503,0.06100251553456904,1.3758138838595275,22.553395901844052,-2.035754018538767,0.39706031683236975,0.36903414679993035,0.001483804782135504,0.02608652103456232,0.007997219687195427,true
3.575,14.704811343066604,0.023692356625647046,0.014649700560001772,0.031589274329612935,2.9818242134082043e-5,-0.0002053866266155566,-0.0002020331654046153,0.000579603395098599,-0.00037757022969398365,0.001611197591924096,0.061019085573320885,1.375763743428897,22.54644969688658,-2.0360229164991344,0.40305753035386055,0.37383408373744426,0.0014840398058861726,0.02611271699372081,0.00800585240697427,true
3.6250000000000004,14.704811343066604,0.02374949584130189,0.014916412603803894,0.031786818007210706,3.0179612196273835e-5,-0.00020598334648660115,-0.00019826981841960644,0.0005768930570790523,-0.00037862323865944585,0.001615083341582611,0.061035842228796766,1.3757127449032334,22.539424290178317,-2.0362995013793355,0.4090702943617843,0.3786165009920603,0.0014842704326030625,0.02613921811827675,0.008014589051447165,true
3.6750000000000003,14.704811343066604,0.02380736132384298,0.0151858741689091,0.03198799943033885,3.0538640845823895e-5,-0.00020659203383809288,-0.00019445848014578815,0.0005741464618144283,-0.0003796879816686401,0.0016190184809863797,0.06105278314503696,1.3756608800801762,22.53232054650411,-2.0365839772520093,0.4150988195551815,0.38338120111930946,0.0014844962616261902,0.026166020819685568,0.00802342861145525,true
3.725,14.704811343066604,0.02386594828570049,0.015458133723780586,0.032192856680200596,3.089533434176757e-5,-0.00020721284227091937,-0.00019059881015557755,0.0005713634084406238,-0.0003807645982850463,0.0016230026845569434,0.061069906788826483,1.375608138183604,22.5251389844153,-2.036876562568375,0.4211432830230876,0.38812796290228446,0.0014847169022589308,0.02619312280747778,0.008032370506391086,true
3.7750000000000004,14.704811343066604,0.023925251886004334,0.015733239833789485,0.03240142896935808,3.12497179242515e-5,-0.00020784592629285092,-0.00018669035282920963,0.0005685436333709691,-0.00038185328054175945,0.0016270356230911602,0.061087212233482485,1.3755545065265395,22.5178798677047,-2.037177486473195,0.4272038373328947,0.3928565493174222,0.0014849319709518453,0.026220522751711366,0.008041414472860338,true
3.825,14.704811343066604,0.0239852671081488,0.016011241406617367,0.03261375617314367,3.160181109443043e-5,-0.00020849144793970052,-0.00018273275573785024,0.0005656869198154133,-0.0003829541640775631,0.0016311169554349965,0.06110469857597105,1.3754999721093268,22.51054344698513,-2.0374869820507033,0.43328063299981495,0.3975667255727275,0.0014851410790333466,0.026248219354760346,0.008050560260654163,true
3.8750000000000004,14.704811343066604,0.024045988606657027,0.01629218796621658,0.03282987823110555,3.195160134437951e-5,-0.000209149582431048,-0.00017872597206796087,0.0005627932009135932,-0.0003840672288456323,0.0016352463180695507,0.06112236467130667,1.3754445225855154,22.503130073290592,-2.0378052793653776,0.4393738285221495,0.4022582669179292,0.0014853438329027592,0.02627621093551414,0.008059807493874296,true
3.9250000000000003,14.704811343066604,0.024107410578635826,0.016576129849594272,0.03304983463872005,3.229902712493693e-5,-0.00020982052042565894,-0.00017467036186892304,0.0005598626132465083,-0.00038519225137758527,0.0016394233163693457,0.06114020809545279,1.3753881487493047,22.49564062003245,-2.038132599355073,0.44548362825263843,0.4069309873576713,0.0014855398034819643,0.02630449375245571,0.008069155125628735,true
3.975,14.704811343066604,0.024169526717325127,0.016863118232599294,0.033273664261818055,3.264397926786979e-5,-0.00021050446544231482,-0.00017056663340996172,0.0005568954702654604,-0.0003863288368554987,0.0016436475214434618,0.06115822529729452,1.3753308442198955,22.488076420372135,-2.0384691539703583,0.4516102754585742,0.4115847332533964,0.0014857285318822383,0.026333062242233217,0.008078601514989734,true
4.0249999999999995,14.704811343066604,0.024232330280263278,0.017153204948505585,0.0335014056111817,3.2986323532053753e-5,-0.00021120162691332605,-0.00016641562721844986,0.0005538921557787088,-0.0003874765285602589,0.0016479184747711128,0.061176411826808906,1.3752726046403962,22.480439168838604,-2.0388151517076283,0.4577540423602554,0.4162193748524131,0.0014859095299682955,0.026361909370799408,0.008088144543930295,true
4.075,14.704811343066604,0.024295814256160175,0.017446442152023865,0.033733097524822966,3.3325937179085486e-5,-0.00021191221150318665,-0.0001622180208371193,0.0005508529758142878,-0.0003886349549771685,0.001652235699549847,0.061194763069774054,1.3752134255640325,22.47273061578846,-2.039170807699448,0.46391520182655754,0.42083478442386935,0.0014860822934955602,0.02639102780281251,0.008097782001443617,true
4.125,14.704811343066604,0.024359971560683466,0.017742881964721364,0.033968779989489814,3.366274365898301e-5,-0.000212636416689849,-0.00015797408702549474,0.0005477780353656673,-0.00038980394834017254,0.0016565987140099775,0.06121327512226857,1.3751533000403917,22.464952206749828,-2.0395363540055174,0.4700939948597855,0.42543081216146245,0.001486246320254868,0.026420411305153463,0.008107512043440823,true
4.175,14.704811343066604,0.024424795160496525,0.018042576271327968,0.03420849469995655,3.3996726839107975e-5,-0.0002133744301982318,-0.00015368363624205665,0.0005446672064854199,-0.00039098357024336324,0.0016610070398497799,0.061231945379725636,1.3750922170940687,22.457104842358515,-2.039912044788458,0.47629060974449006,0.43000727170550995,0.0014864011248735133,0.026450055702984275,0.008117333504874341,true
4.225,14.704811343066604,0.024490278041825485,0.018345576786996415,0.03445228500718621,3.4327913308795317e-5,-0.00021412643642878973,-0.00014934620009580209,0.0005415202175992223,-0.00039217401750342017,0.0016654602000978939,0.061250772475088026,1.3750301620695948,22.449188908251703,-2.0402981526679196,0.4825051859386699,0.43456394441798873,0.0014865462418424942,0.026479958796005988,0.00812724587035659,true
4.2749999999999995,14.704811343066604,0.024556413011073634,0.018651935389680803,0.03470019517366936,3.4656327136696335e-5,-0.00021489262728774746,-0.00014496138809661277,0.0005383368315355305,-0.0003933754434389177,0.0016699577055541153,0.06126975548678984,1.374967118977301,22.441204604998838,-2.040694956741862,0.48873784475689364,0.4391006029777328,0.0014866812130572666,0.02651011909735884,0.008137248859113952,true
4.325,14.704811343066604,0.024623192412408068,0.01896170455995787,0.03495226924461881,3.498193909367425e-5,-0.0002156732118072389,-0.00014052923539787336,0.0005351170213975724,-0.00039458778599969904,0.0016744990355838897,0.06128889275149394,1.3749030738150811,22.43315243742215,-2.0411027278979446,0.4949887335592626,0.4436170437216885,0.0014868055643456597,0.026540533923806297,0.008147341798613669,true
4.375,14.704811343066604,0.024690607917759663,0.019274937680027603,0.0352085501472206,3.5304640844792223e-5,-0.00021646841860932466,-0.00013605033021720409,0.0005318610376142291,-0.00039581070739702504,0.0016790836238372699,0.06130818093395597,1.3748380170093248,22.42503359364657,-2.0415217200051243,0.5012580589657887,0.4481131097199707,0.0014869187831364722,0.026571197883764858,0.008157523130444978,true
4.425,14.704811343066604,0.024758650530984395,0.019591688986661332,0.03546907962055384,3.5624265354827985e-5,-0.00021727848872777535,-0.00013152560890285285,0.0005285693081968884,-0.0003970436992940355,0.001683710858531907,0.06132761498852337,1.3747719432608365,22.41684995443091,-2.04195217378987,0.5075460861599498,0.45258868872088726,0.0014870203113459355,0.026602102792253387,0.008167790385289468,true
4.475,14.704811343066604,0.024827310834205567,0.019912013157843078,0.035733899161341454,3.5940648230689603e-5,-0.00021810366215335142,-0.00012695590522238505,0.0005252422137799722,-0.00039828630855758717,0.0016883800992055417,0.06134718919637725,1.3747048484260016,22.40860366113045,-2.04239433322558,0.5138530987219572,0.45704368332992346,0.00148710956069924,0.026633239325167053,0.0081781407278459,true
4.5249999999999995,14.704811343066604,0.024896579339520157,0.02023596475240594,0.03600305150846013,3.625369451115282e-5,-0.00021894416642549477,-0.0001223415268544846,0.000521879873575977,-0.0003995383467214924,0.0016930907006337777,0.06136689875842381,1.374636725042246,22.400296460370665,-2.0428484654448247,0.5201793394720421,0.46147796922447337,0.0014871859439446998,0.026664599589221932,0.00818857179988086,true
4.575,14.704811343066604,0.024966446701143626,0.020563597862057456,0.03627658168970174,3.65634027298075e-5,-0.0002198002158070166,-0.00011768216766384898,0.0005184820979365619,-0.0004007999302727129,0.0016978420272569792,0.06138674090140984,1.3745675594719737,22.39192925520509,-2.0433148703801853,0.5265249712148669,0.46589136908321127,0.0014872489026873123,0.026696178928471325,0.008199082310060547,true
4.625,14.704811343066604,0.025036903593063008,0.02089496624839481,0.03655453674514547,3.686981858630916e-5,-0.00022067202340087205,-0.00011297727791348736,0.0005150485711106899,-0.00040207129319720257,0.0017026334448600757,0.06140671456647844,1.3744973331584254,22.383502241768774,-2.0437938705498793,0.5328900907575579,0.4702836644234236,0.001487297910649856,0.026727975449846727,0.008209671874048603,true
4.675,14.704811343066604,0.025107940278408424,0.021230123925231006,0.03683696405640855,3.7172939989291634e-5,-0.00022155981890839736,-0.00010822668085538748,0.0005115791603174805,-0.000403352479462093,0.0017074642912876914,0.06142681862785351,1.3744260278828235,22.375015646009718,-2.0442857846497025,0.5392747961677573,0.47465464329359003,0.0014873324450293056,0.02675998715759947,0.00822034007157612,true
4.725,14.704811343066604,0.025179546163464003,0.021569125784234602,0.03712390934659413,3.747264298615568e-5,-0.00022246385834824556,-0.00010343096843528141,0.0005080741171590905,-0.00040464314872380914,0.0017123338461146795,0.06144704979495737,1.3743536315389528,22.366470581175708,-2.044790903392701,0.545679263114183,0.4790041519087896,0.0014873519425723633,0.026792208542902953,0.008231085328872238,true
4.775,14.704811343066604,0.025251709721147493,0.021912027733711995,0.0374154160116572,3.7768700991393975e-5,-0.00022338441563260692,-9.859128127785353e-5,0.0005045339712054782,-0.00040594268992762464,0.0017172413254423564,0.06146740196372637,1.3742801394373143,22.357869301980838,-2.045309490010274,0.5521037654353051,0.48333210635488416,0.0014873557743100019,0.026824629492615784,0.00824190456636294,true
4.825,14.704811343066604,0.02532441893175115,0.022258886117476076,0.03771152673279242,3.8060904906646426e-5,-0.0002243217599564825,-9.370854046051756e-5,0.0005009591462829084,-0.0004072506058223908,0.0017221859118710656,0.061487867995889504,1.374205548705973,22.34921446288948,-2.04584181228135,0.5585486064190038,0.48763844418807967,0.001487343265887062,0.026857238137106988,0.008252794139601756,true
4.875,14.704811343066604,0.025397661919951443,0.022609756793675124,0.038012286398114326,3.834919167777168e-5,-0.00022527613799407288,-8.878276252410991e-5,0.000497349614577917,-0.0004085668520538071,0.0017271667978199922,0.06150844284569624,1.3741298493716343,22.340507835954465,-2.0463881835560542,0.5650140038600723,0.49192304778316776,0.001487313755675821,0.026890025926533775,0.008263751506162587,true
4.925,14.704811343066604,0.025471427156570407,0.022964694701981044,0.03831774363567274,3.863364320709892e-5,-0.00022624778118362848,-8.381320716477369e-5,0.0004937049661138273,-0.00040989175894905357,0.0017321831992479332,0.061529125147862754,1.3740530205875223,22.331749676035347,-2.04694897107362,0.5715000358842672,0.49618571123776223,0.001487266642764165,0.026922990261612732,0.008274776081070166,true
4.975,14.704811343066604,0.025545702873261057,0.023323754492879913,0.03862794875263722,3.891431061578845e-5,-0.00022723693683372867,-7.879942878572183e-5,0.000490024933906042,-0.0004112255051203201,0.0017372343158490089,0.06154991497010308,1.373975038102186,22.322939662379277,-2.0475245491245384,0.5780067282335225,0.5004262008715059,0.0014872013709863207,0.02695613090170617,0.008285868045462847,true
5.025,14.704811343066604,0.025620476157463542,0.023686991768597405,0.03894294927524623,3.919101938906535e-5,-0.0002282438924301364,-7.374222569315629e-5,0.00048630987299267656,-0.00041256764729952027,0.0017423192695051972,0.061570809097323514,1.373895887932299,22.31407883174987,-2.0481152337688324,0.5845342267209271,0.5046443676529966,0.0014871173467108127,0.026989442292581437,0.008297025824623858,true
5.075,14.704811343066604,0.025695732772679617,0.024054463553909375,0.039262787944589934,3.946341251401402e-5,-0.0002292689593592206,-6.864320999817896e-5,0.00048256055015902873,-0.00041391734016084977,0.001747437092064108,0.06159179904898389,1.3738155705763182,22.305170360159867,-2.0487212806258097,0.591082862500341,0.5088401855525455,0.001487013867074549,0.027022910246452734,0.008308245013740325,true
5.125,14.704811343066604,0.02577145814150482,0.02442622708884389,0.03958750690267856,3.9731269214054786e-5,-0.0002303124253233321,-6.350313310577539e-5,0.00047877730561567274,-0.00041527417250989735,0.0017525867921900403,0.061612875677712314,1.3737340858285434,22.296217644739386,-2.0493429787620143,0.5976529771044086,0.5130136357975096,0.0014868901555027177,0.027056519335016235,0.008319520828700319,true
5.175,14.704811343066604,0.025847638401133886,0.02480233807556141,0.03991715434483761,3.9994720018245056e-5,-0.00023137453611365717,-5.8321052426425085e-5,0.0004749596301368595,-0.00041663857771043444,0.001757767427143578,0.06163403618190749,1.3736514129938044,22.287221445948987,-2.0499807384557567,0.6042446707007105,0.5171645487595817,0.0014867454976492075,0.027090264365809018,0.008330851872396627,true
5.225,14.704811343066604,0.0259242599515,0.02518285086283415,0.04025178398264116,4.025394598271421e-5,-0.00023245554722640886,-5.3096001594910816e-5,0.0004711069971626338,-0.000418010995567723,0.00176297807205282,0.06165528328339569,1.3735675170569266,22.278180293866892,-2.0506350179583523,0.6108578454648252,0.5212926375528383,0.0014865793187447773,0.02712414923525642,0.008342239715434989,true
5.275,14.704811343066604,0.02600130781501135,0.02556782095808414,0.04059144492707749,4.050866274619648e-5,-0.0002335557816628586,-4.782921429662677e-5,0.00046721998069251206,-0.0004193907663958853,0.0017682177083673436,0.061676614440630356,1.3734823822530622,22.26909493508549,-2.05130613757542,0.6174926010885724,0.5253977471016404,0.0014863910504385538,0.02715816939740451,0.008353683107613271,true
5.325,14.704811343066604,0.026078765189689494,0.025957306203852535,0.04093617619644161,4.075829527347699e-5,-0.00023467558893240013,-4.2522960325348563e-5,0.0004632996790180265,-0.00042077671869267795,0.0017734851934693993,0.06169801650962892,1.373396022243249,22.259970416211186,-2.051994292830993,0.6241494097139566,0.5294799555095027,0.0014861799092132874,0.027192302862482125,0.00836517507805486,true
5.375,14.704811343066604,0.026156615012190458,0.026351363734214817,0.04128601899956702,4.1002822682766506e-5,-0.00023581524847121008,-3.717698285371225e-5,0.0004593459286219336,-0.00042216894576822133,0.0017787793669670872,0.061719479178387146,1.37330843364304,22.25081047223003,-2.052699861429239,0.6308286154480296,0.5335392610443612,0.0014859449503002962,0.027226531865306595,0.008376710141899337,true
5.425,14.704811343066604,0.02623484105307893,0.02675004719387849,0.04164102922637153,4.12427132064393e-5,-0.0002369750037654844,-3.1789248977178125e-5,0.00045535767217160796,-0.00042356842319442984,0.0017840991251784264,0.06174100757665322,1.3732195664076472,22.241612508554482,-2.053423463084098,0.6375300021172103,0.5375753265123554,0.0014856854565062547,0.027260863871906238,0.008388291128196319,true
5.475,14.704811343066604,0.026313429015154894,0.027153410917567372,0.04200126186058725,4.147762811416934e-5,-0.0002381551990804953,-2.6361012498807572e-5,0.0004513354957388609,-0.00042497448324005333,0.0017894434958230059,0.061762604486535616,1.3731293961347864,22.232375197748205,-2.0541653791959456,0.6442534640270166,0.5415878930657888,0.001485401125731283,0.027295303252198366,0.008399919636943275,true
5.525,14.704811343066604,0.02639236275474489,0.02756151348989503,0.04236675043002447,4.1706758831359135e-5,-0.00023935621957221043,-2.0895284986284567e-5,0.0004472808699473794,-0.00042638558496109485,0.0017948113810510753,0.06178425052332345,1.3730379613612038,22.22310620799526,-2.054925609089783,0.6509996759694967,0.5455771715234771,0.0014850912373917371,0.02732981785730884,0.008411585276858929,true
5.575,14.704811343066604,0.026471603265583565,0.027974408063740547,0.042737530416174396,4.193071527110285e-5,-0.00024057834013818853,-1.5390736847049468e-5,0.00044319309347722995,-0.0004278023566301805,0.0018002001282434042,0.0618059345057763,1.3729452008932546,22.213808623263205,-2.0557054936993318,0.6577689470364906,0.5495431526573592,0.0014847533920501637,0.027364386015112627,0.008423281944656628,true
5.625,14.704811343066604,0.026551151532004914,0.02839215731898094,0.04311368257853075,4.2149263246116575e-5,-0.000241821902421261,-9.846169988968851e-6,0.00043907149017821385,-0.000429225320189245,0.0018056098043395792,0.06182767490019998,1.3728510811331929,22.204475315450562,-2.0565049400943245,0.6645607701149508,0.5534853569162868,0.0014843884434195384,0.02739903925122394,0.008435019758989585,true
5.675,14.704811343066604,0.026631012781745563,0.028814790723565714,0.04349520838205012,4.235932769960093e-5,-0.00024309085354531587,-4.257117784226352e-6,0.00043491027850201013,-0.0004306531607177838,0.0018110407648515821,0.06184944328876409,1.3727557796201864,22.19511941620934,-2.0573220002277615,0.6713754617900319,0.5574037950844571,0.0014839982271000465,0.027433734678185294,0.008446783539789704,true
5.725,14.704811343066604,0.02671112438432411,0.02924236260557453,0.04388207261579695,4.256174308579048e-5,-0.00024438468500626357,1.3738355763400953e-6,0.0004307116251037915,-0.0004320854606801316,0.0018164887505964873,0.06187116593486053,1.3726593425102886,22.18576814853397,-2.058158361259568,0.6782154344124517,0.5612996669704675,0.00148357747577704,0.02746834422387895,0.008458533023579785,true
5.775,14.704811343066604,0.02679151468301339,0.029674939345525356,0.044274431763272955,4.2758206236366485e-5,-0.000245701332818574,7.043420300893353e-6,0.00042647954695368916,-0.0004335229672545825,0.0018219556890572235,0.06189292387878573,1.3725615934308462,22.176389600189854,-2.059014158367049,0.6850782793665816,0.5651714212800628,0.0014831290740498753,0.027503004116985728,0.008470312317395727,true
5.825,14.704811343066604,0.026872148697603446,0.03011258021359844,0.044672308486830445,4.29477744717238e-5,-0.0002470409177413527,1.2748803939390734e-5,0.00042221568372399955,-0.0004349644876633903,0.0018274392014062666,0.06191468775643308,1.3724625580374408,22.166994743421583,-2.0598899321640816,0.6919650299921909,0.5690194806391067,0.0014826511373858143,0.027537663733016027,0.008482105412174893,true
5.875,14.704811343066604,0.026953013382945173,0.03055533839708631,0.04507576344392808,4.313062418166106e-5,-0.0002484037547299579,1.8490591337315073e-5,0.00041791970376185147,-0.00043641029509916654,0.001832938400508869,0.061936466104866084,1.3723621957169359,22.157579888289998,-2.0607860330125645,0.6988753328809312,0.5728434895427256,0.0014821434967270191,0.027572336772420665,0.008493916959286375,true
5.925,14.704811343066604,0.02703408492485418,0.031003266979817444,0.0454848348570583,4.330638107642747e-5,-0.00024979022651451424,2.4267853252847083e-5,0.0004135920164326278,-0.00043785986968547486,0.0018384516668825469,0.061958247628323866,1.372260504238601,22.148149064359266,-2.061702850727555,0.7058095021548875,0.5766434719019958,0.001481605179535516,0.027607003345559714,0.008505740777828641,true
5.975,14.704811343066604,0.027115342557812963,0.03145641868550576,0.045899568055756595,4.347490824992724e-5,-0.0002512007032281716,3.0080259366966526e-5,0.0004092327368104944,-0.0004393129961774609,0.0018439775883692647,0.06198002760492591,1.3721574673753354,22.138703714715387,-2.062640782278455,0.7127676241948133,0.580419329664451,0.0014810354538775793,0.02764165460873342,0.008517574260157245,true
6.025,14.704811343066604,0.02719676301282156,0.03191484539477024,0.046320005584320964,4.363598545548944e-5,-0.00025263555448243357,3.592730045881147e-5,0.00040484207939618216,-0.00044076937985499363,0.00184951458256178,0.06200179947061242,1.3720530705008753,22.129245960856352,-2.0636002598564724,0.7197498373989952,0.5841709984556722,0.001480433469806424,0.02767627848457515,0.008529413774978727,true
6.075,14.704811343066604,0.027278321725661966,0.03237859811935651,0.046746189355515,4.3789405724865546e-5,-0.0002540951478342953,4.1808466819221086e-5,0.0004004202668229234,-0.0004422287336421445,0.0018550609789716097,0.06202355677980979,1.3719472964056207,22.1197778333832,-2.064581753171298,0.7267562658757747,0.5878984110577152,0.0014797983301477063,0.027710862968965536,0.008541255737693326,true
6.125,14.704811343066604,0.027359992902656026,0.03284772717942154,0.047178160548478884,4.39349577757057e-5,-0.0002555798551118302,4.772322065967321e-5,0.0003959675389454708,-0.00044369075960514403,0.0018606150235008902,0.062045292966006284,1.3718401263415179,22.110301374402876,-2.065585760529797,0.7337870313289758,0.5916015039819069,0.0014791290950063336,0.027745395746863893,0.008553096480052407,true
6.175,14.704811343066604,0.02744174963984968,0.033322282209812065,0.047615959645462856,4.4072426017248484e-5,-0.00025709005554516484,5.3671013967191046e-5,0.0003914841410734011,-0.00044515515504059216,0.0018661748865474981,0.06206700137198593,1.3717315402324588,22.100818630036034,-2.066612804423889,0.7408422525224679,0.5952802172158104,0.0014784247897481166,0.027779864253629983,0.008564932266863511,true
6.225,14.704811343066604,0.027523563942732993,0.03380231205073843,0.048059626311534126,4.420158864766655e-5,-0.0002586261366344447,5.96512957377942e-5,0.0003869703196303188,-0.000446621615368113,0.0018717386643461087,0.062088675231544176,1.371621516870085,22.091331660000247,-2.06766342897734,0.7479220446522763,0.5989344939367426,0.0014776844084129497,0.027814255649718768,0.008576759285936432,true
6.275,14.704811343066604,0.027605406812614773,0.03428786467889783,0.048509199327733024,4.4322216899239536e-5,-0.00026018849374919004,6.566351069365055e-5,0.0003824263232916264,-0.00044808983398527693,0.0018773043848420992,0.062110307663840916,1.3715100341814166,22.081842543824266,-2.068738195824251,0.7550265190756156,0.602564280423413,0.0014769069199288343,0.027848556820475746,0.008588573645087394,true
6.325,14.704811343066604,0.027687248363731033,0.03477898717352167,0.04896471656646338,4.443407414420084e-5,-0.0002617775293871068,7.170709671493989e-5,0.0003778524050462618,-0.0004495595017612017,0.001882870015655503,0.06213189167690273,1.371397069524091,22.0723533842428,-2.0698376792496194,0.7621557833086389,0.6061695261080027,0.0014760912757578303,0.02788275439326021,0.008600371374252229,true
6.375,14.704811343066604,0.027769057919866627,0.03527572566552176,0.049426214945435185,4.453691465451385e-5,-0.0002633936526317969,7.778148398200846e-5,0.000373248823156475,-0.0004510303071384835,0.0018884334706517594,0.06215342016669025,1.371282599957487,22.062866311778535,-2.070962461877461,0.7693099409080144,0.6097501835671452,0.0014752364165607288,0.02791683474577536,0.008612148425127681,true
6.425,14.704811343066604,0.02785080409575525,0.03577812526846581,0.04989373035986608,4.46304825630024e-5,-0.0002650372789617001,8.388609480750796e-5,0.00036861584141892085,-0.0004525019362264288,0.001893992615477318,0.062174885912054015,1.371166602489682,22.053383490388523,-2.072113130895841,0.7764890912425534,0.6133062084590565,0.001474341277909187,0.02795078400613343,0.008623900668503532,true
6.475,14.704811343066604,0.027932454876135375,0.036286230014549704,0.05036729762068169,4.471451132118588e-5,-0.00026670883030258346,9.002034298587452e-5,0.000363953729441769,-0.00045397407242764353,0.0018995452729358322,0.06219628157192332,1.371049054295925,22.043907121850268,-2.073290274675939,0.7836933293265458,0.6168375594943962,0.0014734047954937793,0.027984588055798974,0.008635623892793196,true
6.525,14.704811343066604,0.028013977682353836,0.03680008280359119,0.050846950406515726,4.478872353965675e-5,-0.0002684087351450904,9.618363255154495e-5,0.0003592627631613907,-0.00045544639571293565,0.0019050892275175345,0.062217599685760135,1.3709299328809244,22.034439448082594,-2.074494480194744,0.7909227458094,0.6203441984841678,0.0014724259092624354,0.028018232536241236,0.008647313804306557,true
6.575,14.704811343066604,0.028095339411163236,0.03731972535857307,0.05133272122078929,4.485283104414896e-5,-0.0002701374286020855,0.00010237535661938293,0.00035454322536670953,-0.00045691858198609246,0.0019106222280376509,0.06223883267524613,1.370809216163225,22.024982751780122,-2.0757263316758383,0.7981774270818232,0.6238260904400089,0.0014714035658058002,0.028051702854883842,0.00865896602811442,true
6.625,14.704811343066604,0.028176506442633687,0.03784519817920387,0.05182464134664131,4.490653514722527e-5,-0.0002718953523589407,0.000108594897416406,0.00034979540570028724,-0.00045839030311669324,0.001916141988174439,0.062259972847897936,1.3706868824782112,22.015539355065577,-2.0769864104776063,0.8054574553186544,0.6272832036377588,0.001470336718978547,0.028084984191501895,0.008670576109893502,true
6.675,14.704811343066604,0.02825744462783975,0.038376540486747795,0.05232274079712132,4.49495268813947e-5,-0.00027368295455153024,0.0001148416274541736,0.0003450196001359684,-0.000459861227590142,0.0019216461856318397,0.06228101240505168,1.370562910528087,22.00611161575978,-2.078275295688903,0.8127629082487394,0.6307155095486392,0.001469224329648401,0.028118061510562266,0.008682139520165937,true
6.725,14.704811343066604,0.028338119268000315,0.038913790155121,0.052827048248568355,4.498148664677707e-5,-0.00027550068964776736,0.00012111491022754115,0.0003402161107045246,-0.00046133102093206575,0.0019271324607208842,0.062301943445732325,1.3704372793410002,21.996701925273168,-2.079593564715272,0.8200938588821758,0.634122982754129,0.0014680653653146175,0.028150919566668486,0.008693651656298984,true
6.775,14.704811343066604,0.028418495095088377,0.0394569836287207,0.05333759094963775,4.5002083224669e-5,-0.0002773490183680783,0.00012741409955019015,0.00033538524589065425,-0.0004627993454408444,0.0019325984150410638,0.06232275795818984,1.3703099682827153,21.987312711706508,-2.0809417934342567,0.8274503755175815,0.6375056009934542,0.0014668587999109436,0.028183542889918995,0.00870510783771404,true
6.825,14.704811343066604,0.02849853626048278,0.040006155834698,0.05385439461846327,4.5010972993952665e-5,-0.00027922840761159033,0.00013373853883127907,0.00033052732104448034,-0.0004642658598757594,0.0019380416107085924,0.062343447804415274,1.3701809571013,21.977946445949712,-2.082320556058596,0.834832521959867,0.6408633453023858,0.001465603613786611,0.028215915759860287,0.008716503297205611,true
6.875,14.704811343066604,0.028578206333956246,0.04056134010159353,0.05437748335786892,4.5007800221893345e-5,-0.000281139330355944,0.0001400875617897869,0.00032564265806446643,-0.0004657302198542533,0.0019434595702875863,0.062364004717167416,1.3700502259366367,21.96860564279145,-2.083730425150055,0.8422403574068266,0.6441961999937325,0.001464298793938976,0.02824802220057762,0.008727833179196379,true
6.925,14.704811343066604,0.028657468310984396,0.04112256809315816,0.05490687960368197,4.4992197883137894e-5,-0.0002830822655781766,0.00014646049306288312,0.00032073158513419196,-0.00046719207819707507,0.0019488497772871152,0.06238442031539828,1.3699177552819461,21.959292854786867,-2.0851719717902997,0.8496739359205503,0.6475041524538496,0.0014629433347033603,0.028279846007208717,0.008739092548264202,true
6.975,14.704811343066604,0.028736284625649467,0.041689869756806996,0.05544260408384414,4.496378766099539e-5,-0.0002850576982440033,0.00015285664643459242,0.0003157944376606034,-0.0004686510840951958,0.001954209677038718,0.06240468611653548,1.3697835259739428,21.950010667724342,-2.086645765397953,0.8571333062497472,0.6507871931045651,0.0014615362388476578,0.028311370768091492,0.00875027639602137,true
7.025,14.704811343066604,0.028814617160717933,0.04226327327340057,0.05598467575990147,4.492217938240248e-5,-0.00028706611928586915,0.00015927532309984197,0.0003108315592064262,-0.00047010688230626817,0.001959536677381732,0.06242479353034224,1.3696475192330049,21.94076170339711,-2.08815237336165,0.8646185123486302,0.654045315667965,0.0014600765182580177,0.028342579855709274,0.008761379637772964,true
7.075,14.704811343066604,0.02889242725429563,0.042842804992430136,0.05653311175898819,4.486697069679941e-5,-0.0002891080254981206,0.0001657158128804608,0.00030584330094828076,-0.00047155911382874155,0.0019648281491158716,0.06244473385751548,1.3695097166850247,21.93154862041579,-2.089692360811787,0.8721295934812376,0.6572785172349034,0.0014585631946006337,0.0283734564255333,0.008772397111822287,true
7.125,14.704811343066604,0.02896967569597779,0.04342848934208546,0.057087927287029536,4.4797746578141293e-5,-0.00029118391940273004,0.0001721773965339775,0.0003008300205769593,-0.0004730074171109368,0.0019700814257394158,0.06246449829283634,1.3693701003637295,21.92237411311721,-2.091266290555504,0.8796665837988183,0.660486798103884,0.0014569952999164712,0.028403983422440427,0.008783323581336095,true
7.175,14.704811343066604,0.029046322705272513,0.04402034871709826,0.05764913551084021,4.4714078530875e-5,-0.0002932943091432321,0.00017865934688584975,0.00029579208177067955,-0.0004744514286565293,0.001975293801981894,0.06248407791856308,1.3692286527107058,21.913240913873334,-2.092874723377233,0.8872295120422382,0.6636701616807809,0.001455371876329269,0.028434143569497944,0.008794153730742807,true
7.225,14.704811343066604,0.029122327892597732,0.04461840336090553,0.05821674742912425,4.4615524300021014e-5,-0.0002954397084099402,0.0001851609290018065,0.00029072985413942194,-0.00047589078314122843,0.0019804625311516874,0.06250346369339066,1.3690853565382197,21.904151796358633,-2.0945182190858915,0.8948184014321356,0.6668286144609998,0.001453691974515428,0.028463919347369523,0.008804882159583811,true
7.275,14.704811343066604,0.029197650213366323,0.04522267126317393,0.05879077176715463,4.4501628366347934e-5,-0.0002976206364080558,0.000191681399631709,0.000285643713536062,-0.000477325113167771,0.00198558482201359,0.06252264645128071,1.3689401949261049,21.895109574301514,-2.0961973382879817,0.902433269490349,0.6699621659828343,0.0014519546515001664,0.028493292989185674,0.008815503381843238,true
7.325,14.704811343066604,0.02927224792324758,0.04583316808372374,0.059371214903374644,4.437192283531431e-5,-0.0002998376178788064,0.0001982200058990391,0.000280534042756427,-0.0004787540486554661,0.001990657835746366,0.06254161690866082,1.3687931510793394,21.88611709669098,-2.0979126445080913,0.9100741279673965,0.6730708288249224,0.0014501589682805937,0.028522246489271572,0.008826011829983849,true
7.375,14.704811343066604,0.02934607854841431,0.04644990709988488,0.059958080823744035,4.422592814754321e-5,-0.00030209118315758365,0.0002047759837426169,0.00027540123237963814,-0.00048017721612225506,0.0019956786839194058,0.06256036567611649,1.3686442082001586,21.87717724167112,-2.0996647059240052,0.9177409829057835,0.6761546186562142,0.0014483039881989293,0.028550761620788363,0.00883640186160431,true
7.425,14.704811343066604,0.029419098882765473,0.047072899161043735,0.06055137108118818,4.406315314198383e-5,-0.0003043818682301789,0.0002113485568957072,0.0002702456813522811,-0.0004815942382479883,0.0020006444283038514,0.06257888326751843,1.3684933494385043,21.868292912616113,-2.101454095933895,0.9254338348341552,0.6792135543321319,0.0014463887769360685,0.028578819951860977,0.008846667764828222,true
7.475,14.704811343066604,0.029491265012407997,0.04770215263021315,0.061151084739563225,4.3883094633537084e-5,-0.00030671021473937496,0.00021793693743940638,0.0002650677967875112,-0.0004830047342269176,0.0020055520825374806,0.06259716010339615,1.36834055793179,21.859467037667606,-2.1032813924903113,0.9331526789151885,0.6822476579636496,0.0014444124040906253,0.028606402854743487,0.008856803760622914,true
7.525,14.704811343066604,0.029562532362362396,0.04833767330029269,0.06175721829382749,4.368523633326062e-5,-0.00030907676994794886,0.00022454032701492774,0.00025986799342739536,-0.0004844083204423231,0.0020103986153009222,0.06261518651333947,1.368185816921394,21.850702570851837,-2.1051471762449254,0.9408975047347642,0.6852569548402455,0.001442373946438848,0.028633491516168924,0.008866804004722133,true
7.575,14.704811343066604,0.02963285574970264,0.04897946428301418,0.06236976555141299,4.346904734143979e-5,-0.00031148208666156353,0.00023115791794672542,0.0002546466931360456,-0.000485804611082771,0.002015180953931428,0.06263295272373899,1.3680291099365078,21.842002499396788,-2.1070520281167084,0.9486682963022953,0.688241473435724,0.0014402724914790365,0.02866006692356878,0.008876662581362004,true
7.625,14.704811343066604,0.029702189426945518,0.04962752588215201,0.06298871749790044,4.323398173847068e-5,-0.0003139267230842114,0.0002377888957999344,0.00024940432365966005,-0.00048719321945959445,0.002019895987373565,0.06265044884595591,1.3678704209352266,21.83336985020695,-2.108996527537286,0.9564650318737311,0.6912012453436556,0.0014381071399982685,0.02868610985045982,0.008886373497199757,true
7.675,14.704811343066604,0.02977048711316725,0.05028185547145075,0.06361406218843578,4.2979479035232905e-5,-0.00031641124268410854,0.00024443244137513104,0.00024414131765828153,-0.0004885737590334126,0.002024540568295301,0.06266766488845547,1.367709734337379,21.824807686257607,-2.110981251624573,0.9642876829725144,0.6941363049149415,0.0014358770081575102,0.02871160088153986,0.008895930688711544,true
7.725,14.704811343066604,0.029837702012848917,0.050942447391069026,0.06424578464908141,4.2704963827486047e-5,-0.000318936214161494,0.0002510877285172123,0.00023885811383374023,-0.0004899458423509525,0.0020291115143695844,0.06268459075928592,1.3675470350574126,21.816319106379872,-2.1130067746827588,0.9721362141467227,0.6970466891889974,0.0014335812287483809,0.02873652042036769,0.008905328024168185,true
7.775,14.704811343066604,0.02990378682262318,0.05160929286711087,0.06488386677831791,4.24098457477696e-5,-0.00032150221143061074,0.0002577539211988909,0.0002335551584327328,-0.0004913090796316237,0.0020336056087331563,0.0627012162494947,1.3673823085377408,21.807907251699607,-2.1150736683409703,0.9800105838513932,0.6999324382373155,0.0014312189508444736,0.028760848662380406,0.008914559294799096,true
7.825,14.704811343066604,0.02996869372950818,0.05228237995252784,0.06552828729123657,4.2093521342278875e-5,-0.0003241098135324281,0.00026443017459899765,0.0002282329047630996,-0.0004926630793620973,0.0020380195998664463,0.06271753104109647,1.3672155406567752,21.79957530153554,-2.117182502866959,0.9879107445986308,0.7027935952167821,0.0014287893386651107,0.028784565608198157,0.008923618219772129,true
7.875,14.704811343066604,0.03003237439586283,0.05296169347147804,0.06617902169389012,4.1755375753207794e-5,-0.00032675960458686466,0.00027111563664343274,0.00022289181248268006,-0.0004940074491261128,0.0020423502005704583,0.06273352474269213,1.3670467175385173,21.791326458151318,-2.119333849115031,0.9958366420380957,0.7056302060352727,0.0014262915705424682,0.02880765112412316,0.008932498466874562,true
7.925000000000001,14.704811343066604,0.03009477992591196,0.05364721493904256,0.06683604220414949,4.139478184627964e-5,-0.00032945217385846256,0.000277809445750614,0.0002175323487871649,-0.0004953417945377789,0.0020465940856903143,0.06274918675871442,1.3668758257256048,21.78316399512185,-2.121528280299302,1.0037882209774291,0.7084423214770673,0.0014237248322077315,0.028830084711954976,0.008941193578860503,true
7.975,14.704811343066604,0.03015586082149286,0.05433892244501834,0.06749931759844069,4.101109890541698e-5,-0.0003321881157984705,0.00028451072923128405,0.00021215498926850372,-0.0004966657184997877,0.0020507478891057997,0.06276450676907763,1.3667028512074042,21.775091075530312,-2.1237663713828097,1.0117654038037365,0.7112299895866058,0.0014210883353258034,0.02885184635372294,0.008949697246635845,true
8.025,14.704811343066604,0.030215566945291303,0.05503679051906926,0.06816881306425171,4.060367394634194e-5,-0.0003349680299629394,0.0002912186074721578,0.00020676021586956257,-0.0004979788233417204,0.0020548082012312317,0.0627794739728852,1.366527780758772,21.767111036148258,-2.1260487034165894,1.0197681234014988,0.7139932672931375,0.0014183812848006397,0.028872915180213538,0.00895800288031221,true
8.075,14.704811343066604,0.03027384750901277,0.0557407900038351,0.06884449010837979,4.017184427358384e-5,-0.00033779252094454744,0.00029793219930669446,0.0002013485142290155,-0.00049928071353571,0.0020587715682110434,0.06279407760427956,1.3663506008515622,21.759227191171327,-2.1283758635755365,1.0277963000856156,0.7167322122266507,0.0014156028977694636,0.028893270377669887,0.008966103902855804,true
8.125,14.704811343066604,0.030330651099750507,0.0564508879519172,0.06952630648157317,3.97149380454795e-5,-0.0003406621984674245,0.0003046506210754922,0.0001959203741775387,-0.0005005709952530309,0.002062634493712942,0.06280830684559571,1.3661712978322464,21.751442865523543,-2.130748445372843,1.0358498454333325,0.7194468841158174,0.0014127524007624516,0.028912891038995234,0.0089739937017719,true
8.175,14.704811343066604,0.030385925747508757,0.05716704755237177,0.07021421608800152,3.923227313556092e-5,-0.0003435776775615502,0.00031137298071294106,0.00019047629273582004,-0.0005018492734487611,0.0020663934435198234,0.06282215080617505,1.3659898581083356,21.743761405476533,-2.133167046526716,1.0439286634574032,0.7221373452066999,0.0014098290325449518,0.028931756135226583,0.008981665618251256,true
8.225,14.704811343066604,0.030439619011275947,0.05788922807961348,0.07090816890653535,3.872315710952314e-5,-0.0003465395786352877,0.0003180983743737574,0.0001850167758617455,-0.0005031151502355029,0.002070044851383176,0.06283559849137953,1.3658062683625278,21.736186193084546,-2.135632266729859,1.0520326524304653,0.7248036608620859,0.0014068320467305944,0.028949844469951316,0.008989112930732512,true
8.275,14.704811343066604,0.03049167805663386,0.05861738484162288,0.07160811094319622,3.818688910538573e-5,-0.0003495485274093825,0.0003248258886421391,0.00017954233741116206,-0.0005043682260533011,0.002073585124300887,0.06284863880776687,1.365620515620471,21.728720645763723,-2.138144706531373,1.0601617051249692,0.7274458996021707,0.001403760714085252,0.02896713469475526,0.008996328858977755,true
8.325,14.704811343066604,0.03054204973041353,0.05935146910447571,0.0723139841840719,3.7622761893731e-5,-0.0003526051548092072,0.0003315546047347923,0.00017405349709071432,-0.0005056081018255066,0.0020770106475942155,0.0628612605932534,1.365432587257085,21.721368206281728,-2.140704966348663,1.0683157076473084,0.7300641326886187,0.001400614325505753,0.02898360536851754,0.009003306582462846,true
8.375,14.704811343066604,0.030590680652855435,0.06009142799231369,0.07302572651593656,3.7030063076593945e-5,-0.00035571009688389107,0.0003382836009211183,0.00016855077928713315,-0.0005068343802082514,0.0020803177911751384,0.06287345263616904,1.365242471092352,21.714132338057297,-2.1433136444319634,1.0764945384039726,0.7326584337753096,0.0013973921960401452,0.028999234999766255,0.009010039252624337,true
8.425,14.704811343066604,0.030637517292522613,0.06083720437413746,0.07374327161478908,3.640807620659091e-5,-0.0003588639947558519,0.00034501195306357055,0.00016303471282637163,-0.0005080466658899422,0.0020835029146408167,0.06288520367408884,1.3650501555010974,21.707016527697935,-2.1459713352969096,1.0846980678225586,0.7352288788153594,0.001394093667498264,0.029014002052531167,0.0090165199935884,true
8.475,14.704811343066604,0.03068250593746231,0.06158873672937619,0.07446654880017853,3.5756082582499054e-5,-0.0003620674946152052,0.0003517387346500246,0.00015750583098044684,-0.0005092445656304714,0.002086562365312444,0.06289650238316749,1.3648556293141456,21.700024287509688,-2.148678631802935,1.092926158418737,0.7377755460777976,0.0013907181056263323,0.02902788492742135,0.009022741897191027,true
8.525,14.704811343066604,0.03072559255576992,0.06234595898141469,0.07519548285117128,3.507336355972802e-5,-0.00036532124779358534,0.0003584630165119874,0.00015196467162676,-0.0005104276881387474,0.0020894924687529025,0.06290733736452069,1.3646588814903018,21.693159155389086,-2.151436130978732,1.101178664829129,0.7402985161491846,0.0013872648920237778,0.029040861929332206,0.009028698016011291,true
8.575,14.704811343066604,0.030766722702328393,0.06310880035031102,0.07592999384846832,3.4359203278649265e-5,-0.00036862591090845736,0.0003651838654980347,0.00014641177793295597,-0.0005115956434309907,0.0020922895224245817,0.06291769713639567,1.3644599008548186,21.68642469378503,-2.1542444385933543,1.1094554338279439,0.7427978719265693,0.0013837334181236527,0.02905291124841867,0.009034381359860174,true
8.625,14.704811343066604,0.030805841651634115,0.06387718532858716,0.07666999716409179,3.361289213205373e-5,-0.00037198214600358393,0.00037190034221136904,0.00014084769952725824,-0.0005127480417386272,0.002094949804722196,0.06292757014789076,1.3642586762017608,21.679824487033507,-2.1571041672072107,1.117756304547998,0.745273698667737,0.0013801230890226669,0.02906401099377126,0.009039784905220317,true
8.675,14.704811343066604,0.030842894719334615,0.06465103380000808,0.0774154036168706,3.2833730576604607e-5,-0.000375390620607923,0.0003786114996242108,0.0001352729932532826,-0.0005138844928774934,0.0020974695968389422,0.06293694481586593,1.3640551966788494,21.67336213522366,-2.1600159289409913,1.126081108968107,0.7477260841117854,0.0013764333353378014,0.0290741392798121,0.009044901618500533,true
8.725,14.704811343066604,0.030877827463103986,0.06543026111188971,0.07816611956572717,3.202103211597002e-5,-0.0003788520077164125,0.0003853163848252187,0.00012968822236034504,-0.0005150046071855638,0.0020998451964270213,0.06294580954893009,1.3638494519833821,21.667041249556284,-2.1629803316896425,1.1344296723927938,0.7501551185843257,0.0013726636197098666,0.029083274282334357,0.009049724471679716,true
8.775,14.704811343066604,0.030910585486887444,0.06621477785280305,0.07892204665877892,3.117412573888774e-5,-0.0003823669858067758,0.00039201404378548255,0.000124093954151051,-0.0005161079979365336,0.0021020729042853003,0.06295415272261697,1.3636414319550971,21.660865454951857,-2.1659979865937355,1.1428018131881341,0.7525608948777662,0.0013688134261190682,0.02909139418374135,0.009054246429066335,true
8.825,14.704811343066604,0.030941113974768522,0.06700448938924006,0.07968308131864543,3.0292360715179525e-5,-0.00038593623904442745,0.0003987035254125889,0.00011849075794256295,-0.0005171942833551519,0.0021041489926599717,0.06296196263180406,1.3634311256822462,21.654838392752616,-2.169069524029871,1.1511973413806857,0.7549435078147517,0.001364882236976921,0.029098477059796683,0.009058460420293511,true
8.875,14.704811343066604,0.03096935745806971,0.0677992955870495,0.08044911446868594,2.9375113681891858e-5,-0.00038956045779213705,0.00040538387671146963,0.00011287920748151717,-0.0005182630841929868,0.002106069689406245,0.06296922750033665,1.3632185208383258,21.648963707408317,-2.17219560397089,1.1596160568391218,0.7573030537229617,0.0013608695202414066,0.02910450088034799,0.009062359346629653,true
8.925,14.704811343066604,0.030995260301805473,0.06859909119727045,0.08122003197154383,2.8421794631641772e-5,-0.0003932403391232744,0.00041205413189495424,0.00010725988645593266,-0.0005193140183508869,0.0021078312110695595,0.06297593553770109,1.3630036042077749,21.643245035904247,-2.175376905837485,1.1680577517769941,0.7596396311337416,0.00135677474622234,0.02910944363833983,0.009065936116124261,true
8.975,14.704811343066604,0.031018767777884888,0.06940376666506615,0.08199571552695553,2.743185172547809e-5,-0.0003969765866245932,0.00041871331965801086,0.00010163338496579895,-0.0005203467046238098,0.0021094298358686797,0.06298207503257446,1.3627863632492279,21.637686001046998,-2.1786141005961612,1.176522214668144,0.7619533418095275,0.0013525974293886816,0.029113283582340475,0.009069183701528132,true
9.025,14.704811343066604,0.031039826674724335,0.0702132080618519,0.0827760427036566,2.6404768573784087e-5,-0.00040076990974853273,0.00042536048418543356,9.600028903540155e-5,-0.0005213607732208351,0.0021108619451523786,0.06298763444019394,1.3625667871877796,21.632290199460048,-2.181907830539528,1.1850092246276005,0.7642442891321161,0.00134833715885189,0.02911599942074144,0.009072095194090107,true
9.075,14.704811343066604,0.031058383929223936,0.07102729519295417,0.08356088480115062,2.5340065138867622e-5,-0.0004046210240519441,0.00043199468067280555,9.036118272507448e-5,-0.0005223558633978801,0.002112123930367058,0.06299260209220277,1.3623448653568695,21.62706127558907,-2.1852587458070647,1.1935185467430534,0.7665125768561172,0.0013439935392946505,0.029117569735680294,0.00907466363579027,true
9.125,14.704811343066604,0.031074385336686126,0.07184590123648045,0.08435010631999587,2.423730721555932e-5,-0.0004085306524519897,0.0004386149465503941,8.471666247677188e-5,-0.000523331609027166,0.0021132121053248237,0.0629969660545525,1.3621205846105293,21.62200292996642,-2.188667550593998,1.2020499387343244,0.768758310915716,0.0013395661250000445,0.02911797263922296,0.009076881935664327,true
9.175,14.704811343066604,0.031087776749716665,0.07266889444218645,0.08514356673785223,2.309612142164169e-5,-0.0004124995250827452,0.0004452203246027481,7.906732560061626e-5,-0.0005242876502033644,0.0021141227877346904,0.0630007142515783,1.3618939305397402,21.617118896483333,-2.1921349797522334,1.210603162937231,0.7709816024705874,0.0013350544570507699,0.029117186051050962,0.009078742944963957,true
9.225,14.704811343066604,0.03109850540951381,0.07349613776930723,0.08594112061998625,2.191620859500464e-5,-0.0004165283787988692,0.00045180989506285593,7.341375414295103e-5,-0.000525223649205807,0.002114852389736841,0.06300383493568175,1.3616648888984773,21.612412804530866,-2.195661759998322,1.219177958923262,0.7731825606772179,0.001330458131840791,0.029115188619629546,0.009080239732304308,true
9.275,14.704811343066604,0.03110651907356886,0.07432748826158023,0.08674261688910967,2.069734717375717e-5,-0.0004206179589766551,0.00045838272222627007,6.775654150026697e-5,-0.000526139263726537,0.002115397358581941,0.06300631657245148,1.3614334440400835,21.607888194425076,-2.199248638834135,1.2277740450543697,0.7753612932793621,0.0013257767590457335,0.029111959464406378,0.009081365517419497,true
9.325,14.704811343066604,0.031111766713577627,0.07516280088178565,0.08754790249448588,1.9439224183627e-5,-0.00042476902012431473,0.0004649378634044046,6.209628799497908e-5,-0.0005270341513993837,0.0021157542240925783,0.06300814770048166,1.3611995833861619,21.60354863718294,-2.2028963186419315,1.2363911618676178,0.777517917562039,0.0013210100449036438,0.029107478074752256,0.009082113598244589,true
9.375,14.704811343066604,0.031114187438635636,0.0760018910262594,0.08835678159152471,1.8142041818849477e-5,-0.0004289823402981403,0.0004714737515103376,5.643391047362589e-5,-0.0005279076619839635,0.002115918845385673,0.06300931217501042,1.360963282520893,21.599399129144167,-2.2066058599866625,1.2450289460011077,0.7796525288693795,0.0013161571042194099,0.029101715054049737,0.009082474586118366,true
9.425,14.704811343066604,0.031113701710515737,0.07684430927091118,0.08916876858796671,1.6809741932355164e-5,-0.00043325875161842446,0.00047798701639266476,5.0771243480799615e-5,-0.0005287582598734644,0.002115885813467849,0.06300975692547857,1.3607245548902507,21.595457930421396,-2.2103790254971134,1.2536862442910288,0.7817650357339148,0.0013112149645255176,0.02909457440484806,0.00908241785105256,true
9.475,14.704811343066604,0.03111044219969896,0.07769100244374125,0.0899849148997445,1.5437369364356173e-5,-0.0004375990075218103,0.00048448022356098366,4.51071730842347e-5,-0.0005295873966452184,0.0021156641505888953,0.0630096341236489,1.3604831494105534,21.59166877148925,-2.2142145805141706,1.262366021994937,0.7838563468534325,0.0013061913492092786,0.02908632954081819,0.009082030997571634,true
9.525,14.704811343066604,0.03110419183650465,0.0785408537416443,0.09080398752991489,1.4021069939398557e-5,-0.000442003714756381,0.0004909562789642064,3.944034994346406e-5,-0.0005303966289076704,0.0021152390949354437,0.06300877724215571,1.360239456983804,21.5880948102853,-2.2181122874209622,1.271065608908836,0.7859260026434575,0.0013010822296744275,0.029076688304546367,0.009081218436665706,true
9.575000000000001,14.704811343066604,0.03109481345740498,0.07939326778836955,0.09162536239092449,1.2567906219143099e-5,-0.0004464737642553139,0.0004974098862895176,3.3773551642222316e-5,-0.0005311834379317399,0.002114601318708271,0.06300714034461652,1.359993313316107,21.584749059831093,-2.222076512568713,1.2797824867381835,0.7879736111629361,0.0012958816136135539,0.0290655624697044,0.009079953553897836,true
9.625,14.704811343066604,0.031082400076502266,0.080248811619586,0.09244966516899766,1.1079014192627093e-5,-0.0004510100519718194,0.0005038378909269098,2.8108523551689804e-5,-0.0005319464144785996,0.002113757147327006,0.06300481058528686,1.3597445019574155,21.58159812442875,-2.2261077644654894,1.2885191198193275,0.7899999581686064,0.001290592914271049,0.029053107346454447,0.009078286572862058,true
9.675,14.704811343066604,0.03106692024094656,0.08110724221486483,0.0932766360153969,9.553125111766047e-6,-0.00045561336890684366,0.0005102408729994636,2.2445140587345035e-5,-0.0005326860135868086,0.002112704441842076,0.06300176254496252,1.3594931217418447,21.57865219677964,-2.2302055146136532,1.2972751687335975,0.792005161796928,0.0012852172414110766,0.02903928152212295,0.009076203157667535,true
9.725,14.704811343066604,0.03104830260038483,0.08196824814921208,0.09410594718371261,7.990822908011373e-6,-0.00046028452717389426,0.0005166186065993551,1.6783675229762083e-5,-0.0005334022818291172,0.0021114383500760972,0.06299797154598495,1.3592391591236006,21.575919442603528,-2.2343710030989166,1.3060497609595807,0.7939892238752483,0.0012797534834511261,0.029024041453323202,0.009073689307260466,true
9.775,14.704811343066604,0.031026494365872757,0.08283160932513416,0.09493736983725365,6.393218408557384e-6,-0.00046502437003778066,0.0005229700580091228,1.1124806247968396e-5,-0.0005340948642570912,0.0021099552821194074,0.0629934244237885,1.358982567567639,21.57340357344409,-2.2386055960962796,1.3148424551366709,0.7959522512339053,0.0012742007917056198,0.02900736392160566,0.009070737679237597,true
9.825000000000001,14.704811343066604,0.031001457801956667,0.08369713257398906,0.09577070455905108,4.761479151215548e-6,-0.00046983375375656586,0.0005292941671619458,5.469230266126423e-6,-0.0005347633974280722,0.002108252671774264,0.06298811135409733,1.3587233113804758,21.571107343450958,-2.2429103775681676,1.323652948353648,0.7978943851904736,0.0012685588356363441,0.028989232421747963,0.00906734292765322,true
9.875,14.704811343066604,0.030973156711503715,0.08456461268133958,0.09660573960617701,3.0968547718276756e-6,-0.00047471354364747505,0.0005355899861184886,-1.8240812356984403e-7,-0.0005354075779949188,0.0021063280574563593,0.06298202188379806,1.3584613581306084,21.56903378930851,-2.2472864102478423,1.3324808953650673,0.7998157603371691,0.0012628273383805326,0.02896962961686461,0.009063499404024032,true
9.925,14.704811343066604,0.030941554247368767,0.08543383242452082,0.0974422509099788,1.4007479993436789e-6,-0.0004796646160793051,0.000541856599187805,-5.829476909183072e-6,-0.0005360271222786219,0.002104178933377331,0.06297514500528092,1.358196671941235,21.567186099013195,-2.2517348399415944,1.3413259142771243,0.8017165061883154,0.0012570059483988523,0.0289485372683511,0.009059201194371154,true
9.975,14.704811343066604,0.03090661476530474,0.0863045682886144,0.09828000821399806,-3.2527051904471257e-7,-0.0004846878595832075,0.0005480930871977306,-1.1471338838900825e-5,-0.0005366217483588298,0.0021018028755518427,0.06296746976528071,1.3579292136751584,21.565567407059756,-2.256256871277004,1.3501876123817407,0.8035967529651825,0.0012510942922927951,0.028925937371252014,0.009054442473215536,true
10.025,14.704811343066604,0.030868304750550277,0.08717659179766764,0.09911877650581871,-2.0794674039209147e-6,-0.0004897841748560713,0.0005542985310336685,-1.7107353163270367e-5,-0.0005371911778703981,0.0020991976048101322,0.06295898538542982,1.3576589421900747,21.564180773857714,-2.260853743727363,1.3590655916378496,0.8054566327157743,0.0012450920107650767,0.028901812424890476,0.009049217576958014,true
10.075000000000001,14.704811343066604,0.030826592618603533,0.0880496689985454,0.0999583154786631,-3.859951280359817e-6,-0.0004949544746365459,0.00056047201716739,-2.27368784188399e-5,-0.0005377351387485501,0.0020963609732496456,0.06294968122684062,1.3573858141542008,21.563029195697272,-2.2655267360590075,1.3679594453062487,0.8072962785282835,0.0012389987536009157,0.028876145370558277,0.00904352098545136,true
10.125,14.704811343066604,0.03078144890096282,0.08892356014424117,0.10079837917990388,-5.664678867897837e-6,-0.0005001996833717261,0.0005666126388100132,-2.8359273048399718e-5,-0.0005382533657616135,0.002093290976866319,0.06293954672679085,1.3571097846954203,21.562115637508285,-2.2702771585699555,1.3768687575877754,0.80911582440781,0.0012328141890563275,0.02884891950460377,0.009037347288583228,true
10.175,14.704811343066604,0.030732846973696732,0.08979801967758266,0.10163871603192864,-7.491441071597909e-6,-0.0005055207370334946,0.0005727194961106026,-3.397389554400776e-5,-0.0005387456005665949,0.0020899858051009563,0.06292857141700255,1.3568308084085712,21.561443043373647,-2.2751063367179225,1.3857931016481086,0.810915404835055,0.0012265380261045516,0.0288201185518055,0.009030691200290191,true
10.225,14.704811343066604,0.030680762169957812,0.0906727963470913,0.10247906895190673,-9.33980492807866e-6,-0.000510918585919338,0.0005787917323260732,-3.9580122612289513e-5,-0.0005392116097137837,0.0020864437804857627,0.06291674392713209,1.3565488881230578,21.561015453917385,-2.280014872401567,1.39473205799147,0.8126951583803755,0.0012201708864373881,0.028789726363941184,0.0090235470475684,true
10.275,14.704811343066604,0.030625141799544786,0.09154763370921351,0.10331917566855132,-1.1202780683172815e-5,-0.000516394221550791,0.0005848284017282584,-4.517728290681393e-5,-0.0005396511188214445,0.0020826613198260922,0.06290405762749897,1.356263790994891,21.56083156076072,-2.2850069522744705,1.4036851245059556,0.8144552098802054,0.0012137092249347185,0.02875772844203141,0.009015911669111703,true
10.325000000000001,14.704811343066604,0.03056602579401864,0.09242227009105325,0.10415876872744179,-1.3079441572867892e-5,-0.0005219485765613385,0.000590828631101696,-5.076473836022572e-5,-0.0005400638927414703,0.0020786411386658613,0.06289049838362025,1.3559756433306365,21.560898357959246,-2.2900813377378877,1.4126519374655409,0.8161957139276635,0.0012071559495567398,0.02872410800785184,0.009007778106190625,true
10.375,14.704811343066604,0.03050335992442227,0.09329643614823607,0.10499757446247074,-1.497150660064844e-5,-0.0005275826419325812,0.0005967916099068603,-5.6341878870018857e-5,-0.0005404497310368414,0.0020743795491674068,0.06287605654827406,1.3556844294244152,21.56121906887668,-2.2952388953461837,1.42163197133429,0.8179167958429415,0.0012005115706227633,0.02868885234476535,0.008999141883996043,true
10.425,14.704811343066604,0.0304371095558846,0.09416985992943544,0.10583531485608202,-1.6871308377539584e-5,-0.0005332974278534099,0.0006027164237693076,-6.190803914588473e-5,-0.0005408083846234229,0.0020698741959879587,0.06286072453165287,1.3553899301964132,21.561793000236907,-2.3004836625891882,1.4306247581526998,0.8196185947421486,0.0011937729213790788,0.028651946593925254,0.008989999543885473,true
10.475,14.704811343066604,0.03036727785673818,0.09504226405885566,0.10667170784230662,-1.8777547229413324e-5,-0.0005390939392880091,0.0006086022197407685,-6.746258144057117e-5,-0.0005411396383001974,0.0020651252945898223,0.0628444911651373,1.3550921709417463,21.56262459633817,-2.3058159334519477,1.4396298413405924,0.8213012541028605,0.0011869413040517406,0.02861337717832417,0.008980345951797463,true
10.525,14.704811343066604,0.030293854713588794,0.09591336500138839,0.10750646534754202,-2.0687212102222908e-5,-0.0005449731920033657,0.0006144481570353038,-7.300487100322512e-5,-0.0005414432860320786,0.0020601321572121024,0.06282734690471929,1.3547910996162458,21.563716540041902,-2.311237184724202,1.4486467196469157,0.8229649112028439,0.0011800167070025295,0.028573131436409518,0.00897017689777434,true
10.575000000000001,14.704811343066604,0.0302168259937743,0.09678287460347196,0.10833929467674998,-2.259731437472182e-5,-0.0005509362136617332,0.0006202533921934676,-7.853426867735673e-5,-0.0005417191235161108,0.002054893822763778,0.06280928230337018,1.3544866527006534,21.565071324306075,-2.3167490848966246,1.4576748960065882,0.8246097063353263,0.0011729989620086288,0.028531196872180996,0.008959488301064437,true
10.625,14.704811343066604,0.030136182249361196,0.09765050006300767,0.10916989874933361,-2.450484392500438e-5,-0.0005569840412712736,0.0006260170926360804,-8.405013772290302e-5,-0.0005419669549131775,0.0020494096487385788,0.06279028797071501,1.3541787723760337,21.566691540061324,-2.3223532227145767,1.466713866088975,0.8262357805603209,0.0011658880668415537,0.0284875616082472,0.008948276209457911,true
10.675,14.704811343066604,0.030051917202135237,0.09851594366845456,0.10999797582253494,-2.640677680869551e-5,-0.0005631177200856838,0.0006317384374063504,-8.955184425932762e-5,-0.0005421865931470228,0.002043679208186841,0.06277035461132856,1.3538674034594933,21.568579815146567,-2.3280511548063365,1.475763115278388,0.8278432751048015,0.001158684128958527,0.02844221436669606,0.008936536819403063,true
10.725,14.704811343066604,0.029964026466547746,0.09937890288330861,0.11082321954608161,-2.8300094068055737e-5,-0.000569338303042727,0.0006374166161497714,-9.503875682357977e-5,-0.0005423778593261916,0.002037702202869535,0.06274947303606775,1.3535524910769166,21.57073877415526,-2.333844442628338,1.4848221197175944,0.8294323315121771,0.0011513873226043146,0.02839514442528281,0.00892426648157641,true
10.775,14.704811343066604,0.029872507497099195,0.10023907051686834,0.11164531913808864,-3.0181801663325557e-5,-0.0005756468500799067,0.0006430508292655254,-0.00010051024651191917,-0.0005425405827536062,0.0020314784596800854,0.06272763416340678,1.3532339809456801,21.57317104325149,-2.339734648241178,1.4938903467044928,0.8310030916664455,0.0011439978942572161,0.0283463416337782,0.00891146170377051,true
10.825000000000001,14.704811343066604,0.029777359686827556,0.10109613487338281,0.1124639595433706,-3.204894880754141e-5,-0.0005820444273447947,0.0006486402882042434,-0.00010596568719626648,-0.0005426746010079769,0.0020250079373420687,0.06270482901924337,1.3529118199572463,21.575879260304713,-2.345723325353683,1.5029672546961752,0.8325556977446925,0.0011365161731752742,0.028295796435754583,0.008898119153194516,true
10.875,14.704811343066604,0.029678584354517534,0.10194977991258676,0.11327882160047881,-3.3898645085377476e-5,-0.000588532106380592,0.0006541842155765305,-0.00011140445564668131,-0.0005427797599298493,0.0020182907255393754,0.06268104873910056,1.3525859564987852,21.578866080060326,-2.351812014422433,1.5120522934042315,0.834090292185281,0.001128942576974504,0.028243499886354596,0.008884235659771736,true
10.925,14.704811343066604,0.029576184700826735,0.10279968543646831,0.11408958223454321,-3.5728076730572885e-5,-0.000595110963302795,0.0006596818452258405,-0.00011682593163613917,-0.0005428559135897013,0.0020113270419325757,0.06265628457259403,1.3522563406868664,21.582134177141196,-2.35800223905643,1.5211449039910596,0.8356070176720524,0.0011212776155148719,0.028189443671023048,0.008869808220554144,true
10.975,14.704811343066604,0.029470165769139897,0.10364552728586165,0.11489591465981795,-3.753452187843008e-5,-0.0006017820779665764,0.0006651324224470731,-0.00012222949811873562,-0.0005429029243283374,0.0020041172294968093,0.06263052788769868,1.351922924595453,21.585686249037433,-2.3642955025073484,1.530244519290599,0.8371060171206415,0.0011135218944398739,0.02813362012315667,0.00885483400393795,true
11.025,14.704811343066604,0.029360534406221682,0.1044869775320317,0.11569748857671078,-3.931536459512235e-5,-0.0006085465331310298,0.0006705352043634321,-0.00012761454148863102,-0.0005429206628748011,0.0019966617538459837,0.06260377017548707,1.3515856624642828,21.58952501863067,-2.3706932844410358,1.5393505638990665,0.8385874336417457,0.0011056761181686486,0.028076022241473774,0.008839310354042408,true
11.075000000000001,14.704811343066604,0.029247299219631907,0.10532370465515041,0.11649397035417894,-4.106810753424954e-5,-0.0006154054136281212,0.0006758894603765029,-0.0001329804518780505,-0.0005429090084984524,0.0019889612003367975,0.06257600305294056,1.3512445108846816,21.593653237032438,-2.377197038127672,1.5484624542131786,0.8400514104957064,0.001097741092130599,0.028016643702716823,0.008823234793887092,true
11.125,14.704811343066604,0.02913047052781978,0.10615537371133489,0.11728502319853358,-4.279038298883187e-5,-0.0006223598055461861,0.0006811944726728195,-0.0001383266234864247,-0.0005428678491863948,0.0019810162706749004,0.06254721826425447,1.3508994289456118,21.59807368631846,-2.38380818831073,1.5575795984231091,0.841498091040349,0.0010897177239895947,0.027955478870009935,0.008806605027594231,true
11.175,14.704811343066604,0.029010060304808318,0.10698164649355263,0.11807030731551722,-4.447996217202827e-5,-0.0006294107954375804,0.0006864495367699638,-0.00014365245493249887,-0.0005427970818374649,0.0019728277791531625,0.06251740768180111,1.3505503783347144,21.602789181673973,-2.3905281297962486,1.5667013964562444,0.8429276186721333,0.0010816070238792688,0.02789252279887236,0.008789418942273603,true
11.225,14.704811343066604,0.028886082138768483,0.10780218170382655,0.11884948008531335,-4.613476274993468e-5,-0.0006365594695562085,0.0006916539619364251,-0.00014895734954628798,-0.0005426966123901371,0.0019643966498345063,0.0624865633104495,1.3501973234221758,21.607802572115293,-2.3973582261768107,1.575827239781172,0.8443401367473529,0.0010734101044157017,0.02782777124830147,0.008771674611702827,true
11.275,14.704811343066604,0.02875855118306344,0.10861663513197933,0.11962219624070208,-4.775285451218917e-5,-0.0006438069131333106,0.0006968070715255739,-0.00015424071562040014,-0.0005425663559051738,0.001955723913222678,0.06245467728797675,1.3498402312964597,21.613116741799573,-2.4042998094627546,1.5849565114885027,0.8457357885485224,0.0010651281794702093,0.02776122068309536,0.00875337029766776,true
11.325000000000001,14.704811343066604,0.028627484127213693,0.10942465986046102,0.12038810807510475,-4.933246319467774e-5,-0.0006511542096909902,0.0007019082032550597,-0.00015950196663607716,-0.0005424062366189825,0.0019468107042877297,0.06242174189162404,1.3494790717809295,21.618734608910476,-2.4113541797728635,1.5940885861903262,0.8471147172234728,0.001056762562922622,0.02769286828619563,0.008734504454654374,true
11.375,14.704811343066604,0.028492899171289512,0.11022590648479036,0.12114686566452068,-5.087197260595034e-5,-0.0006586024404005618,0.0007069567093682026,-0.00016474052143174774,-0.0005422161879364549,0.00193765826072458,0.062387749543361556,1.349113817421049,21.624659124518832,-2.4185226055329982,1.603222830093238,0.8484770657521679,0.0010483146667231284,0.027622711967471094,0.00871507573367801,true
11.425,14.704811343066604,0.028354816059524748,0.11102002338152969,0.12189811714484569,-5.2369925176851e-5,-0.0006661526834915168,0.0007119519567342814,-0.0001699558043423083,-0.0005419961523919731,0.001928267925238918,0.06235269282432536,1.3487444435328588,21.63089326924273,-2.4258063223234614,1.612358600827957,0.8498229768779415,0.0010397860005029506,0.027550750389928262,0.008695082991196628,true
11.475,14.704811343066604,0.028213255970108545,0.11180665689152414,0.12264150888400563,-5.3825020893240575e-5,-0.0006738060137093547,0.0007168933271281682,-0.0001751472454295338,-0.0005417460816986345,0.001918641138052495,0.06231656446759441,1.348370927972657,21.63744005293859,-2.433206537022632,1.6214952479845797,0.8511525931435133,0.0010311781649825847,0.027476982949592315,0.008674525285486857,true
11.525,14.704811343066604,0.028068241589109,0.11258545161418106,0.12337668578861218,-5.523611489205136e-5,-0.0006815635017984785,0.0007217802175182208,-0.00018031428071872758,-0.0005414659367994932,0.0019087794419302988,0.06227935737791579,1.3479932511889414,21.64430250956537,-2.440724426372454,1.6306321127154415,0.8524660567889791,0.0010224928519054072,0.027401409810349303,0.008653401888283695,true
11.575000000000001,14.704811343066604,0.027919797097150797,0.11335605064900621,0.12410329154445933,-5.660221393679062e-5,-0.0006894262140399726,0.0007266120402394036,-0.00018545635237982554,-0.0005411556878595781,0.001898684481274568,0.06224106463521763,1.3476113961095275,21.651483695010796,-2.448361138801071,1.6397685279287741,0.853763509738371,0.0010137318400607774,0.027324031905132756,0.008631712287032297,true
11.625,14.704811343066604,0.027767948162666964,0.11411809583703268,0.12482096885795783,-5.792247174415525e-5,-0.0006973952118350731,0.0007313882232536861,-0.000190572908954169,-0.000540815314299517,0.0018883580016658763,0.06220167950139986,1.3472253480097784,21.6589866834618,-2.4561177964138947,1.648903818227437,0.8550450935495937,0.0010048969912202302,0.027244850942051882,0.00860945618882886,true
11.675,14.704811343066604,0.027612721947787577,0.11487122801004063,0.12552935970580578,-5.91961833936567e-5,-0.0007054715513307849,0.0007361082103935148,-0.00019566340557491935,-0.0005404448048185954,0.0018778018502635955,0.0621611954271934,1.3468350943851795,21.666814563800763,-2.4639954969047477,1.6580372998727078,0.8563109493694138,0.0009959902461636585,0.02716386941037381,0.008586633524269988,true
11.725,14.704811343066604,0.027454147117384267,0.11561508724514981,0.12622810558970798,-6.0422778951228415e-5,-0.0007136562830867021,0.000740771461574747,-0.00020072730417421814,-0.000540044157400529,0.0018670179764209652,0.06211960605807474,1.3464406248136032,21.674970436142736,-2.471995315663083,1.6671682807940607,0.8575612178960289,0.0009870136204975862,0.02708109058420184,0.008563244450630903,true
11.775,14.704811343066604,0.027292253851632947,0.11634931312724978,0.12691684779882167,-6.160181648219839e-5,-0.0007219504517807579,0.0007453774529642726,-0.00020576407366947497,-0.0005396133792947976,0.001856008432539421,0.062076905242013966,1.3460419308055263,21.683457407514545,-2.480118307996355,1.676296060519482,0.8587960393318055,0.0009779692004322784,0.026996518528680465,0.008539289355905685,true
11.825000000000001,14.704811343066604,0.027127073862490976,0.11707354502064617,0.12759522768140114,-6.273297457636934e-5,-0.0007303550959501218,0.000749925677132976,-0.00021077319014395812,-0.0005391524869890179,0.0018447753751891238,0.06203308703603456,1.3456390056517318,21.69227858787779,-2.488365511434262,1.6854199301970747,0.8600155533497678,0.0009688591384853947,0.02691015810367133,0.008514768862038035,true
11.875,14.704811343066604,0.026958640413526393,0.11778742234916534,0.12826288692483545,-6.381604457808128e-5,-0.0007388712477640988,0.0007544156431728426,-0.00021575413701096068,-0.0005386615061618819,0.0018333210664574445,0.061988145713280936,1.3452318442714397,21.701437085949554,-2.4967379480009395,1.6945391726311445,0.8612198990627075,0.0009596856492750915,0.02682201496794376,0.008489683828281342,true
11.925,14.704811343066604,0.026786988342022727,0.1184905848827012,0.12891946784200192,-6.485092263035477e-5,-0.0007474999328240905,0.0007588468768127288,-0.00022070640517863526,-0.0005381404716340936,0.0018216478754522025,0.06194207577066081,1.3448204430577195,21.710936004742365,-2.505236626502951,1.7036530622633135,0.8624092149857536,0.0009504510053611607,0.02673209558389604,0.008464035354712936,true
11.975,14.704811343066604,0.026612154082232258,0.11918267302801794,0.1295646136616645,-6.583760166502902e-5,-0.0007562421699870562,0.0007632189205343722,-0.00022562949321634648,-0.0005375894273180258,0.001809758279883001,0.06189487193471993,1.344404799729905,21.72077843779754,-2.5138625447710794,1.7127608652745325,0.8635836390155519,0.0009411575331416754,0.026640407218980616,0.008437824784622431,true
12.025,14.704811343066604,0.026434175688858842,0.11986332812225747,0.13019796882130777,-6.677616346701129e-5,-0.0007650989712080327,0.0007675313336732302,-0.00023052290751468275,-0.0005370084261585475,0.001797654867658176,0.061846529169432,1.3439849131847514,21.730967464687147,-2.522616691841131,1.7218618395308407,0.8647433083896501,0.0009318076089109467,0.02654695795000851,0.008411053707784449,true
12.075000000000001,14.704811343066604,0.02625309285982893,0.12053219272855886,0.13081917926179817,-6.766677086514495e-5,-0.000774071341397755,0.0007717836925306538,-0.00023538616245238967,-0.0005363975300782641,0.0017853403384333387,0.06179704268149499,1.3435607833573349,21.74150614750472,-2.5315000500745737,1.7309552346667378,0.8658883596645504,0.0009224036549722199,0.026451756662963264,0.008383723962207401,true
12.125,14.704811343066604,0.026068946957659975,0.12118891093396433,0.131427892724062,-6.850966016341842e-5,-0.0007831602782920968,0.000775975590464619,-0.00024021878055374273,-0.0005357568099108763,0.0017728175050645326,0.06174640792657492,1.3431324110850138,21.75239752703,-2.5405135971880926,1.740040292085538,0.8670189286836826,0.0009129481359178404,0.026354813054114273,0.008355837636236797,true
12.175,14.704811343066604,0.025881781029167373,0.12183312865017383,0.13202375904837632,-6.930513386000402e-5,-0.0007923667723294107,0.000780106637969202,-0.00024502029264129437,-0.0005350863453279077,0.0017600892949484026,0.06169462061432125,1.3426997979778486,21.763644619384625,-2.5496583082259385,1.7491162450337834,0.8681351505553765,0.0009034435549928952,0.02625613762875417,0.008327397069826572,true
12.225,14.704811343066604,0.02569163982329755,0.1224644939175288,0.13260643047670073,-7.005355369827911e-5,-0.000801691806532188,0.0007841764627497503,-0.0002497902379873937,-0.0005343862247623567,0.0017471587512349347,0.06164167671512323,1.3422629462924032,21.77525041208185,-2.5589351574029697,1.7581823185370877,0.8692371596143882,0.0008938924506766926,0.026155741702567965,0.00829840485658573,true
12.275,14.704811343066604,0.025498569806994328,0.12308265721215937,0.133175561957985,-7.075533411338077e-5,-0.0008111363563897081,0.0007881847097795304,-0.00025452816445723815,-0.0005336565453222923,0.0017340290339064458,0.061587572462117865,1.341821858824676,21.787217862013026,-2.56834511983109,1.7672377296490174,0.8703250894223032,0.0008842973933165756,0.026053637394914193,0.008268863843102214,true
12.325000000000001,14.704811343066604,0.025302619179017764,0.12368727175581365,0.13373081145596094,-7.141093609847178e-5,-0.000820701389737696,0.0007921310413435045,-0.00025923362864613254,-0.000532897412697372,0.0017207034207173343,0.06153230435986445,1.3413765387973582,21.79954989093981,-2.5778891730586126,1.7762816872747789,0.8713990727165941,0.0008746609821342184,0.02594983763289665,0.008238777131691065,true
12.375,14.704811343066604,0.02510383788109285,0.12427799382760403,0.13427184025866026,-7.202086149708515e-5,-0.0008303878666317646,0.0007960151370814428,-0.000263906196016942,-0.0005321089410645008,0.0017071853079522466,0.061475869185895204,1.3409269897685885,21.812249383799617,-2.587568298552965,1.785313392393867,0.8724592414086552,0.000864985842166235,0.025844356143348898,0.008208148079141291,true
12.425,14.704811343066604,0.02490227760590073,0.12485448307687867,0.13479831328882563,-7.258564775156567e-5,-0.0008401967392117908,0.000799836694017746,-0.00026854544103135886,-0.0005312912529863872,0.0016934782109695194,0.06141826382740591,1.3404732159243347,21.825319251798714,-2.5973834839089296,1.794332049118459,0.873505727831066,0.0008552746170237971,0.025737207175785252,0.008176980207686594,true
12.475,14.704811343066604,0.024697991801610274,0.12541640283663258,0.1353098994146142,-7.31058630887574e-5,-0.0008501289515541804,0.0008035954265909211,-0.0002731509472812779,-0.0005304444793096431,0.0016795857645093494,0.06135948593764583,1.3400152205288234,21.838762174288117,-2.6073357204093086,1.8033368221329866,0.8745386597831168,0.0008455299836817615,0.025628406563046036,0.008145277551835714,true
12.525,14.704811343066604,0.024491035672624437,0.1259634204370288,0.13580627176018,-7.35821021576783e-5,-0.000860185439510063,0.0008072910666700222,-0.0002777223076139186,-0.0005295687590561036,0.0016655117227445484,0.061299532990361276,1.3395530079889226,21.85258096826861,-2.617426009367902,1.8123268986914907,0.8755581677011653,0.0008357546244836397,0.02551797016496357,0.008113044152366432,true
12.575000000000001,14.704811343066604,0.024281466176631267,0.12649520751874174,0.136287108015851,-7.40149821020172e-5,-0.0008703671305265589,0.0008109233635596043,-0.00028225912425122355,-0.0005286642393083807,0.001651259959079999,0.06123840289726816,1.3390865824106686,21.866778345886697,-2.6276553596486716,1.821301448688016,0.8765643799828792,0.0008259512412601965,0.02540591486637957,0.008080284382581415,true
12.625,14.704811343066604,0.024069342017394572,0.12701144034573086,0.13675209074751404,-7.440513903546573e-5,-0.0008806749434497305,0.0008144920840075094,-0.0002867610089106778,-0.0005277310750968316,0.001636834465662383,0.0611760938618541,1.3386159478770554,21.88135697090885,-2.6380247893462583,1.8302596344584485,0.8775574241041109,0.0008161225489990621,0.025292258325961554,0.008047002867478484,true
12.675,14.704811343066604,0.023854723633928508,0.1275118001171248,0.13720090770485505,-7.475322495309758e-5,-0.0008911097883071115,0.0008179970121943627,-0.0002912275829168329,-0.0005267694292775298,0.0016222393526439994,0.06111260438207495,1.3381411083996693,21.89631945700815,-2.6485353264997795,1.8392006108802534,0.8785374266037028,0.000806271273664812,0.02517701896835055,0.008013204482138481,true
12.725,14.704811343066604,0.02363767318519617,0.127995973277829,0.13763325212811817,-7.505990490294758e-5,-0.0009016725660673402,0.0008214379498016479,-0.0002956584773519506,-0.0005257794724496973,0.0016074788471421946,0.0610479332529786,1.3376620678711995,21.91166836603651,-2.6591880097903213,1.8481235254669262,0.8795045130679647,0.0007964001500495295,0.02506021597574099,0.007978894349909546,true
12.775,14.704811343066604,0.023418254533110847,0.12846365182787017,0.1380488230533293,-7.532585431028013e-5,-0.00091236416837398,0.0008248147161109071,-0.0003000533332226242,-0.0005247613828882829,0.0015925572920833613,0.06098207956907659,1.3371788300226866,21.92740620640882,-2.6699838891666534,1.8570275184715386,0.8804588081164146,0.0007865119196945398,0.024941869278680716,0.007944077840297995,true
12.825000000000001,14.704811343066604,0.023196533220913453,0.1289145336295801,0.13844732561522366,-7.555175763474858e-5,-0.0009231854772616576,0.0008281271475630851,-0.00030441180135579686,-0.0005237153462072882,0.0015774791447324987,0.060915042725750296,1.336691398418838,21.943535432402896,-2.6809240258831406,1.8659117230413285,0.8814004353931436,0.0007766093292668391,0.024821999545607758,0.00790876056622371,true
12.875,14.704811343066604,0.022972576443562272,0.1293483227112685,0.13882847134642712,-7.573830644168309e-5,-0.0009341373648317858,0.0008313750977872652,-0.0003087335425256576,-0.0005226415552616076,0.0015622489746795673,0.060846822421386636,1.3361997764173754,21.960058442554324,-2.692009493088197,1.8747752653179677,0.8823295175524211,0.0007666951285134169,0.0247006281723788,0.00787294838147205,true
12.925,14.704811343066604,0.022746453017759398,0.12976472956822183,0.13919197847356612,-7.58861973665781e-5,-0.000945220692910264,0.0008345584378904654,-0.00031301822771410986,-0.0005215402101763555,0.0015468714618011384,0.060777418659284876,1.3357039671282933,21.97697757807356,-2.7032413764187964,1.883617264540715,0.883246176244905,0.0007567720682252092,0.02457777727098007,0.007836647377868817,true
12.975,14.704811343066604,0.02251823335009842,0.13016347146096474,0.13953757221049862,-7.599613128623803e-5,-0.0009564363126753193,0.0008376770562161003,-0.00031726553810378127,-0.000520411518112319,0.0015313513940942796,0.0607068317485457,1.3352039734150516,21.994295122262542,-2.71462077394438,1.8924368332082997,0.8841505321101395,0.0007468428986881469,0.02445346965698378,0.007799863881807526,true
13.025,14.704811343066604,0.022287989399299005,0.1305442727093683,0.13986498504719921,-7.606881223489942e-5,-0.0009677850642540266,0.0008407308582915555,-0.0003214751651644387,-0.0005192556931271168,0.0015156936651083191,0.06063506230529045,1.334699797876523,22.01201329944159,-2.7261487964044613,1.9012330772169193,0.8850427047665603,0.0007369103679091409,0.02432772883671658,0.007762604450787079,true
13.075000000000001,14.704811343066604,0.022055794634680013,0.13090686498236076,0.14017395703399288,-7.610494659493437e-5,-0.0009792677762886625,0.0008437197667569108,-0.0003256468107289699,-0.0005180729560279409,0.0014999032711208115,0.06056211125359557,1.3341914428340065,22.0301342740061,-2.73782656736805,1.9100050960086967,0.885922812802648,0.0007269772198970074,0.02420057899364345,0.0077248758696622085,true
13.125,14.704811343066604,0.02182172399183544,0.13125098758317394,0.1404642360611128,-7.610524246753762e-5,-0.0009908852654716182,0.0008466437212807233,-0.0003297801870617119,-0.0005168635342190115,0.001483985308123283,0.06048797982622027,1.333678910322546,22.048660149572793,-2.7496552233235168,1.9187519827286978,0.8867909737689824,0.0007170461929901136,0.024072044974089286,0.007686685146651451,true
13.175,14.704811343066604,0.02158585382509519,0.13157638772968483,0.14073557813315427,-7.60704091875741e-5,-0.0010026383360481938,0.0008495026784743287,-0.00033387501692477796,-0.0005156276615495508,0.0014679449685883275,0.060412669565183576,1.3331622020842178,22.067592968156674,-2.761635913734435,1.9274728243878705,0.8876473041708972,0.0007071200182036105,0.02394215227235495,0.007648039509134309,true
13.225,14.704811343066604,0.021348261856814647,0.1318828208294186,0.14098774763798905,-7.60011569737833e-5,-0.0010145277792868912,0.0008522966117960583,-0.0003379310336380087,-0.0005143655781580496,0.0014517875380210482,0.060336182322176156,1.3326413195632558,22.086934709381712,-2.7737698010640064,1.9361667020333662,0.888491919461856,0.0006972014175935294,0.023810927015214964,0.0076089463992347435,true
13.275,14.704811343066604,0.02110902712370257,0.13217005074882843,0.14122051760975968,-7.589819669868133e-5,-0.001026554372916641,0.0008550255114419237,-0.00034194798113067654,-0.0005130775303112472,0.001435518391309086,0.06025852025881136,1.332116263903036,22.10668728972391,-2.7860580607671843,1.9448326909264917,0.8893249340375438,0.0006872931026380405,0.02367839594581914,0.00756941346919821,true
13.325000000000001,14.704811343066604,0.020868229920288067,0.13243785007646722,0.141433669985572,-7.576223974506119e-5,-0.0010387188805303516,0.0008576893842333264,-0.00034592561399013995,-0.0005117637702431864,0.001419142988878096,0.06017968584672289,1.3315870359439799,22.126852561768434,-2.798501881265489,1.9534698607284555,0.8901464612306594,0.0006773977726254073,0.023544586407008124,0.007529448576570633,true
13.375,14.704811343066604,0.02062595173969759,0.13268600037966666,0.14162699585550334,-7.559399794722673e-5,-0.0010510220509546647,0.000860288253492593,-0.0003498636975027709,-0.0005104245559898221,0.0014026668726642886,0.060099681867502586,1.331053636222744,22.14743231348914,-2.8111024638985564,1.9620772756947653,0.8909566133064586,0.0006675181130531247,0.023409526324056313,0.00748905977918165,true
13.425,14.704811343066604,0.020382275211870884,0.1329142924543537,0.14180029570555303,-7.53941835968597e-5,-0.0010634646175852382,0.0008628221589089365,-0.0003537620076883133,-0.0005090601512206232,0.0013860956619128088,0.06001851141246214,1.3305160649722845,22.168428267549775,-2.8238610228597603,1.9706539948801944,0.8917555014591906,0.0006576567940333992,0.02327324418682759,0.0074482553299296305,true
13.475,14.704811343066604,0.02013728403935696,0.13312252656762796,0.14195337965316746,-7.516350949074137e-5,-0.0010760472976874419,0.0008652911564008832,-0.00035762033133064636,-0.0005076708250702367,0.001369435048811544,0.05993617788224402,1.3299743221221936,22.189842080607477,-2.8367787851246384,1.9791990723529234,0.8925432358092604,0.000647816468700575,0.023135769031392653,0.007407043671386786,true
13.525,14.704811343066604,0.019891062930892066,0.1333105126927564,0.14208606767499843,-7.490268902826436e-5,-0.0010887707916621672,0.0008676953179616231,-0.0003614384659980762,-0.0005062568519635469,0.0013526907939740967,0.059852684986246504,1.3294284073001124,22.211675342645037,-2.8498569903603013,1.9877115574210424,0.8933199254013677,0.000637999771628888,0.022997130421087458,0.007365433430213706,true
13.575000000000001,14.704811343066604,0.019643697532835097,0.13347807073621706,0.14219818982654037,-7.461243632835299e-5,-0.0011016357822762612,0.0008700347315000404,-0.0003652162200593939,-0.0005048185114406465,0.0013358687217770533,0.05976803674189741,1.3288783198330811,22.23392957630039,-2.863096890832998,1.9961904948694598,0.894085678203398,0.0006282093172510397,0.022857358427069006,0.0073234334114064825,true
13.625,14.704811343066604,0.01939527435864021,0.1336250307564394,0.1422895864532997,-7.429346635896343e-5,-0.0011146429338577154,0.000872309500676807,-0.00036895341269539114,-0.0005033560879814159,0.0013189747155637724,0.05968223747377816,1.3283240587488692,22.256606236193445,-2.876499751313076,2.0046349252074056,0.8948406011060481,0.0006184476982799473,0.02271648360839343,0.007281052592383751,true
13.675,14.704811343066604,0.01914588071651455,0.13375123317390966,0.1423601083931823,-7.394649508118987e-5,-0.0011277928914552875,0.0008745197447276379,-0.0003726498739017503,-0.0005018698708258876,0.0013020147127247527,0.059595291812600815,1.327765622777577,22.279706708254334,-2.8900668489722183,2.013043884926853,0.8955847999231783,0.0006087174841386632,0.02257453699164834,0.007238300116921932,true
13.725,14.704811343066604,0.018895604635398987,0.13385652897230224,0.14240961716976897,-7.357223958528859e-5,-0.001141086279962429,0.0008766655982838544,-0.0003763054444883212,-0.0005003601537955332,0.0012849946996639548,0.059507204694049166,1.3272030103527825,22.30323230903678,-2.9037994732845767,2.021416406771411,0.896318379392819,0.0005990212193931871,0.022431550050167316,0.007195185288950508,true
13.775,14.704811343066604,0.01864453478943695,0.13394077989031913,0.14243798517617312,-7.317141822472119e-5,-0.0011545237032056083,0.0008787472111822629,-0.00037991997607073123,-0.0004988272351115317,0.0012679207066623093,0.05941798135749349,1.3266362196126646,22.327184285020415,-2.917698925924073,2.0297515200152882,0.8970414431787684,0.000589361422195167,0.022287554682871653,0.007151717566219104,true
13.825000000000001,14.704811343066604,0.018392760421040013,0.13400385860391267,0.1424450958491658,-7.274475073372453e-5,-0.0011681057429968004,0.0008807647482707353,-0.0003834933310574201,-0.0004972714172133152,0.0012507988026457951,0.05932762734457999,1.3260652484005784,22.35156381189284,-2.9317665206665615,2.03804825075244,0.897754093872767,0.0005797405827312445,0.02214258319275617,0.007107906553843525,true
13.875,14.704811343066604,0.018140371262712333,0.13404564889857912,0.1424308438332582,-7.229295832368312e-5,-0.0011818329581504115,0.000882718389209192,-0.0003870253826319423,-0.0004956930065772498,0.0012336350898691137,0.059236148497690676,1.325490094265089,22.376371993813258,-2.9460035832970197,2.046305622196437,0.8984564329972682,0.0005701611616812492,0.02199666826503697,0.007063761997735711,true
13.925,14.704811343066604,0.017887457457742117,0.1340660458314111,0.1423951351344364,-7.181676376337693e-5,-0.0011957058834646938,0.0008846083282598858,-0.0003905160147273896,-0.0004940923135324962,0.0012164356985223171,0.059143550958263694,1.3249107544597036,22.40160986266557,-2.9604114515182394,2.0545226549919797,0.8991485610088632,0.0005606255886894724,0.021849842944975245,0.007019293777920342,true
13.975,14.704811343066604,0.01763410947994363,0.1340649558826134,0.14233788726324692,-7.131689143108725e-5,-0.0012097250286676373,0.0008864347740724789,-0.0003939651219956158,-0.0004924696520768631,0.0011992067812728658,0.05904984116495072,1.3243272259421066,22.42727837730691,-2.9749914748655533,2.062698367539789,0.8998305773024702,0.0005511362608483357,0.021702140615365004,0.0069745119017343505,true
14.025,14.704811343066604,0.017380418052593764,0.13404229709620197,0.1422590293669622,-7.079406733947535e-5,-0.0012238908773276375,0.0008881979494621205,-0.0003973726097703215,-0.0004908253396917991,0.0011819545077529146,0.05895502585161341,1.323739505373027,22.453378422813472,-2.989745014625404,2.070831776335006,0.9005025802162684,0.0005416955411981888,0.021553594973716866,0.006929426496918412,true
14.075000000000001,14.704811343066604,0.01712647406668051,0.13399799920963615,0.14215850235058133,-7.024901912937816e-5,-0.0012382038857291502,0.0008898980911820518,-0.0004007383940247013,-0.0004891596971573505,0.0011646850589998037,0.05885911204514841,1.3231475891146125,22.479910809726118,-3.004673443760607,2.0789218963201814,0.9011646670374285,0.0005323057572439056,0.021404240009148357,0.006884047804603466,true
14.125,14.704811343066604,0.01687236849847966,0.13393200377197667,0.1420362589862494,-6.968247603160299e-5,-0.0012526644817136862,0.0008915354496896275,-0.0004040624013230524,-0.0004874730483665751,0.0011474046218508658,0.05876210706311105,1.3225514732280144,22.506876273302822,-3.0197781468490272,2.0869677412543193,0.9018169340087242,0.0005229691994868837,0.021254109978961416,0.006838386172186647,true
14.175,14.704811343066604,0.016618192327271106,0.13384426425099863,0.1418922640115929,-6.909516879957461e-5,-0.0012672730634863095,0.0008931102889032749,-0.00040734456876505016,-0.00048576572013822475,0.001130119383347728,0.0586640185112132,1.3219511534722732,22.53427547278562,-3.0350605199964957,2.0949683240967363,0.9024594763358834,0.0005136881199965965,0.021103239385076272,0.0067924520461415455,true
14.225,14.704811343066604,0.01636403645069255,0.13373474612642028,0.14172649421391123,-6.848782960395913e-5,-0.0012820299983888638,0.0008946228859590297,-0.0004105848439269344,-0.00048403804203209536,0.0011128355249799434,0.058564854280386935,1.321346625296622,22.56210899066702,-3.050521970874401,2.1029226574124444,0.9030923881961797,0.0005044647309419412,0.020951662949793236,0.006746255964624302,true
14.275,14.704811343066604,0.016109991608762045,0.1336034269799311,0.14153893851191734,-6.786119189306557e-5,-0.0012969356216367763,0.0008960735309505338,-0.0004137831847916074,-0.0004822903461589264,0.0010955592175181485,0.05846462254480718,1.3207378838575852,22.59037733195616,-3.066163918274315,2.1108297537629923,0.9037157627453724,0.0004953012034123298,0.020799415593354287,0.006699808550544076,true
14.325000000000001,14.704811343066604,0.01585614827152368,0.13345029653724322,0.141329597986092,-6.721599020650303e-5,-0.0013119902350361707,0.0008974625267221155,-0.0004169395597021555,-0.00048052296701996,0.0010782966133734138,0.05836333175499754,1.3201249239292414,22.619080923463585,-3.0819877937375675,2.1186886262478732,0.904329692135957,0.0004861996651773314,0.020646532403115824,0.00665312050233817,true
14.375,14.704811343066604,0.01560259667682731,0.1332753568446321,0.1410984860576614,-6.65529600512897e-5,-0.0013271941056147258,0.0008987901883849626,-0.0004200539471748491,-0.00047873624121011347,0.0010610538491664509,0.05826099065090785,1.3195077402591122,22.648220112929906,-3.097995034488403,2.1264982884449037,0.9049342674881127,0.00047716220298569867,0.02049304863724896,0.006606202594118745,true
14.425,14.704811343066604,0.015349426253035977,0.13307862183401165,0.14084562799649042,-6.58728371762547e-5,-0.0013425474644455425,0.0009000568440650635,-0.0004231263363211858,-0.0004769305077438777,0.0010438370064688597,0.058157608189274804,1.3188863260642079,22.677795169496527,-3.114187112825462,2.1342577571836614,0.905529579078602,0.0004681908463492734,0.020338999582778718,0.006559065635989983,true
14.475,14.704811343066604,0.015096727556856253,0.13286011931659797,0.14057106310879997,-6.517635995919747e-5,-0.0013580505045159604,0.0009012628300810641,-0.00042615672449875474,-0.0004751061055823094,0.0010266522435851881,0.058053193835747,1.3182606792452491,22.70780627462245,-3.1305654133165457,2.1419660424179923,0.9061157155430585,0.00045928762746906955,0.020184421027105992,0.006511720602985177,true
14.525,14.704811343066604,0.01484458399333807,0.13261988304028674,0.1402748359280745,-6.446425464760564e-5,-0.0013737033823569532,0.0009024085112059555,-0.00042914512742788375,-0.0004732633837780718,0.0010095052324719125,0.05794775629606848,1.3176307767365754,22.738253574555937,-3.1471317428005,2.1496221963515976,0.9066927675666056,0.0004504543301879135,0.02002934713991893,0.006464178047324928,true
14.575000000000001,14.704811343066604,0.014593104751908937,0.13235798497220036,0.13995703211490204,-6.373731244810434e-5,-0.0013895062042414065,0.0009034941877495018,-0.00043209153303340627,-0.00047140265471609557,0.0009924033985508874,0.05784130894390792,1.3169966794444423,22.769136858946442,-3.1638862241694192,2.157225090717845,0.9072608111600223,0.0004416935033820837,0.019873819305519718,0.006416450565032345,true
14.625,14.704811343066604,0.01434229313179766,0.13207440489166622,0.13961763267663058,-6.299597867298863e-5,-0.0014054590742493519,0.0009045205138740126,-0.00043499610951592806,-0.00046952440435808453,0.0009753469661860114,0.05773384641072354,1.3163581071948753,22.80045742717696,-3.180835925926024,2.164774442940298,0.9078199839034765,0.00043300436903960293,0.019717848553818206,0.006368542200935542,true
14.675,14.704811343066604,0.014092563647072148,0.13176955546639696,0.1392571042647433,-6.22425089916543e-5,-0.0014215618974260382,0.0009054866029787119,-0.0004378582630020188,-0.0004676283399766931,0.0009583641243868706,0.0576254458639783,1.3157161361999297,22.832207481840666,-3.1979598775697506,2.1722660984140867,0.9083701372899664,0.0004243991589619842,0.019561575075096656,0.006320493923353118,true
14.725,14.704811343066604,0.01384274869524563,0.1314421761367487,0.13887401547928385,-6.146972187426332e-5,-0.0014378151308292186,0.0009063986162147764,-0.0004406809102407665,-0.00046571770597400987,0.0009413754704015676,0.057515826680842465,1.315066552608358,22.864429297099612,-3.2153488537658474,2.179713770489198,0.9089124249941378,0.00041583869907957583,0.019404588420328554,0.006272187369221489,true
14.775,14.704811343066604,0.013597572495608265,0.13109774181083328,0.138474629731459,-6.071884875977311e-5,-0.0014542169812393048,0.0009072307435798958,-0.0004434510643147683,-0.0004637796792651275,0.0009247022745395229,0.05740627475477083,1.3144251376435623,22.896889638955802,-3.2326581571296833,2.1870486902882496,0.909442033167619,0.0004074818993202801,0.019248832875333008,0.006224195798490418,true
14.825000000000001,14.704811343066604,0.013340732122619724,0.13071507151414002,0.13803444791106398,-5.9786619608577194e-5,-0.0014707732831678061,0.0009081028205805496,-0.00044622822208191515,-0.00046187459849863447,0.0009072358571203262,0.057291185712742346,1.3137355517708582,22.930849404268226,-3.251188571363675,2.1945837785943922,0.9099815244620241,0.0003987431084695414,0.019086147864468057,0.006174074692769145,true
14.875,14.704811343066604,0.013131826280965365,0.13037813223106637,0.13765175344408548,-5.92490170430561e-5,-0.0014874656195847692,0.0009084778694223143,-0.00044874501658679966,-0.00045973285283551463,0.0008930292252377035,0.05719544650066027,1.3131823088318122,22.9595604051566,-3.2663035713171884,2.2008623755630996,0.9104275527576952,0.00039173219001693176,0.01895190958383967,0.006132623725748481,true
14.925,14.704811343066604,0.01273190545516243,0.1297484617782389,0.1369276801843628,-5.862731923242446e-5,-0.0015043696161181966,0.0009087143402523575,-0.0004511724267896836,-0.0004575419134626739,0.0008658326283910872,0.05700988812116236,1.3121345466701306,23.015911623637436,-3.295313488961799,2.212577839029673,0.9112514047538927,0.00037859644349462105,0.018694212124290753,0.006052898836314388,true
14.975,14.704811343066604,0.012488068327939012,0.12929586205341742,0.1364203237159759,-5.727427071935887e-5,-0.0015214200504437341,0.0009100561568810788,-0.0004541399672873844,-0.00045591618959369437,0.0008492504960852287,0.05689620237998854,1.3114281342747969,23.049484489601905,-3.3143137474413824,2.219490670342686,0.9117324512825854,0.00037030965360862337,0.01853709046532297,0.006004421802345124,true
