r,tau,Dtau,Sr,E,nur,Pi,piR,piEta,piPhi,D,T,mu,alpha,phi,ur,v,n,e,P,ok
0.024999999999999994,9.904806543062046,0.07107858023200886,0.0,0.19148276678252946,-8.366975135430886e-7,-0.005749795059348953,-0.0017440073295502466,0.002006371641251095,-0.00026236431170084847,0.007176170470668789,0.10118617785413356,1.3718708430730495,13.557887768531888,-1.26627133907219,0.0,0.0,0.007176170470668779,0.19148276678253198,0.060575494572568854,true
0.07499999999999998,9.904806543062046,0.07073863271024214,0.002676407354016712,0.1902873515101669,-2.5124558251654474e-6,-0.0057548878052925325,-0.0018803129563174543,0.0023336931997711774,-0.0004533802434537231,0.007141849000553369,0.10102161993137812,1.3718552302524198,13.579818173419635,-1.2684885654637712,0.011022194167425692,0.011021524692050935,0.00714144290228537,0.1902578534204312,0.060182432378270714,true
0.125,9.904806543062046,0.07095982870312711,0.00412354639093177,0.191050975206005,-4.1725985126137145e-6,-0.0057538941016963534,-0.001386687609946639,0.0022511834001463942,-0.0008644957901997553,0.007164181187650946,0.10111861861424881,1.3718831926185449,13.567068176159106,-1.2669952293375373,0.01687974464820092,0.016877340424757765,0.007163231188082889,0.19098138070981088,0.0604140253508059,true
0.175,9.904806543062046,0.07092885951906325,0.005823873411708197,0.19096315526688507,-5.8649242238254606e-6,-0.005753925202267134,-0.0012847289535256453,0.0022617821313070034,-0.000977053177781358,0.00716105450527414,0.10109743100669995,1.3718868307261398,13.569947495849048,-1.2672247751317227,0.023846976826627436,0.023840199088089223,0.007159158986363181,0.19082431296528937,0.06036345093947221,true
0.22499999999999998,9.904806543062046,0.07094407989601,0.00747219403516081,0.19104511553292466,-7.534413405043656e-6,-0.0057535803953834095,-0.0012120243750719068,0.002257823436527012,-0.0010457990614551051,0.007162591171021278,0.10109628364324577,1.3718945910020568,13.57017826533837,-1.267162395899821,0.030582879783063326,0.03056858753265162,0.007159474096991664,0.19081670111550364,0.060360767257502924,true
0.275,9.904806543062046,0.07094738016502924,0.00914434117283083,0.19110425351226001,-9.218919508460666e-6,-0.005753155679095023,-0.0011751616281275971,0.0022563920002430294,-0.0010812303721154323,0.007162924369757155,0.10108889341951936,1.3718987455309362,13.57121142713028,-1.2672139355353615,0.03742342672306839,0.03739724822201763,0.007158258269400576,0.19076228031559647,0.06034315564207327,true
0.325,9.904806543062046,0.07095245660766027,0.01080577017763034,0.19119522197440042,-1.089322750668621e-5,-0.005752621409108777,-0.0011472576597896236,0.00225144007143101,-0.0011041824116413863,0.00716343689290528,0.1010829455219584,1.3718970835800801,13.571993539524042,-1.2673049420793927,0.044216083146711556,0.04417292382859875,0.007156925378282457,0.1907178995114402,0.06032894819998322,true
0.375,9.904806543062046,0.07095366803468715,0.012471195564834295,0.19130496511007755,-1.257116431884397e-5,-0.005752076446009465,-0.0011291398694226783,0.002246722714857697,-0.0011175828454350186,0.007163559199890441,0.10107658892017786,1.371886707341281,13.572744410920778,-1.2674872987640344,0.0510237344975912,0.050957445759447106,0.007154892248152716,0.19066946483853237,0.06031370574149889,true
0.42500000000000004,9.904806543062046,0.07095422479155412,0.014136754819304981,0.1914416690210915,-1.4245304645879346e-5,-0.0057515295548235664,-0.0011150603850671474,0.0022413393555357672,-0.0011262789704686198,0.007163615410666952,0.10107095560765503,1.3718690086149627,13.573325792430309,-1.2677330556013138,0.05782688620389276,0.05773044294016268,0.007152489000727865,0.19062554790364353,0.06030013924950016,true
0.475,9.904806543062046,0.07095419787057525,0.015804567745726923,0.19160161115035584,-1.592160374881756e-5,-0.005750993630922866,-0.0011036909821456132,0.002235657080371021,-0.0011319660982254077,0.007163612692695756,0.10106549071869476,1.3718456593300414,13.573828708242564,-1.268032636646101,0.06463411007998325,0.06449952491153334,0.007149720969832749,0.19058222403933386,0.0602869363849341,true
0.525,9.904806543062046,0.07095383961216148,0.01747430595808841,0.19178448607787602,-1.759579260685502e-5,-0.005750468221757777,-0.001093500531042414,0.002229505237644148,-0.0011360047066017339,0.007163576522538145,0.10106015284835049,1.3718171553150664,13.574263610837765,-1.26838166252611,0.07144293290377234,0.07126130222884441,0.007146615142215925,0.19053924427976865,0.06027400179730803,true
0.5750000000000001,9.904806543062046,0.07095232174015585,0.0191464026195226,0.19198884312777081,-1.9264227290945658e-5,-0.005749953594015755,-0.0010838479043372106,0.002222899242388299,-0.0011390513380510885,0.007163423276535911,0.10105475068770332,1.3717828644071903,13.574649930575836,-1.268788797362414,0.07825465320513739,0.07801614053840994,0.0071430881903310145,0.19049511469021396,0.06026087471018575,true
0.625,9.904806543062046,0.07094923471269826,0.020820990079391144,0.19221402636182916,-2.0914689772644157e-5,-0.0057494465542801175,-0.0010742511555425476,0.002215796672222647,-0.0011415455166800992,0.0071631116068991375,0.1010492008355391,1.3717424374208171,13.574995408953042,-1.2692585544335602,0.08506916500947947,0.0847630129872933,0.007139098982562295,0.19044917650933843,0.06024735393604025,true
0.675,9.904806543062046,0.07094549588467584,0.022498310333275612,0.19245956734413017,-2.2536094985029088e-5,-0.005748939755783702,-0.0010644345797340164,0.0022081770526266938,-0.0011437424728926774,0.007162734130771142,0.10104341250874037,1.37169742981933,13.575327631582878,-1.2697766929592922,0.09188686401534177,0.09150139386388885,0.007134739523837531,0.19040094058907364,0.06023323443188593,true
0.725,9.904806543062046,0.07094287688495807,0.024178552468594225,0.19272530725732007,-2.4152521959197576e-5,-0.005748422661468996,-0.001054207699555981,0.0022000154907422177,-0.0011458077911862367,0.007162469713722067,0.10103731897421273,1.3716505912671755,13.575682779322909,-1.270316849614572,0.09870785583853113,0.0982304742483482,0.0071301908438194195,0.19035023658171749,0.06021837712576199,true
0.775,9.904806543062046,0.07094207252388957,0.02586190362668741,0.19301107876863494,-2.5798193168775368e-5,-0.005747886279183753,-0.0010434699301113065,0.002191304309644798,-0.0011478343795334914,0.007162388504557102,0.10103087732361095,1.371603093855459,13.576078226680062,-1.2708679717119957,0.1055322750734307,0.104949478861443,0.0071255271609981284,0.19029688546068327,0.060202688559122475,true
0.8250000000000001,9.904806543062046,0.07094260609638431,0.027548557669333423,0.19331667148786374,-2.745615296154669e-5,-0.0057473251285350595,-0.0010321715961409523,0.0021820454676281338,-0.0011498738714871815,0.007162442374614273,0.10102406696625907,1.3715543095546217,13.576510535976599,-1.271436542821799,0.11236033012486095,0.11165771021164374,0.007120700181635014,0.19024066261891387,0.06018611570269183,true
0.8750000000000001,9.904806543062046,0.07094404626710679,0.029238715540337946,0.1936419097165773,-2.9121424063392462e-5,-0.0057467358487818965,-0.0010202815619800602,0.002172240743513431,-0.001151959181533371,0.007162587775810776,0.1010168704958114,1.371503679605702,13.576976527525376,-1.2720283232257323,0.11919227431176313,0.11835451987705338,0.00711566726151171,0.1901813755770294,0.06016861368510007,true
0.9249999999999999,9.904806543062046,0.070946156405914,0.030932570662005738,0.19398667771195388,-3.07935544627265e-5,-0.005746116175934415,-0.001007777453271104,0.002161890304252163,-0.001154112850981059,0.0071628008177109905,0.10100927438466499,1.3714509184986543,13.57747520565166,-1.272646321681346,0.12602832243433207,0.12503922679661947,0.0071104058988864,0.1901188929936091,0.06015014889291128,true
0.975,9.904806543062046,0.07094880344743354,0.03263031650848227,0.19435089010237294,-3.2473088102528954e-5,-0.0057454644880964596,-0.0009946460560265593,0.0021509950429207995,-0.0011563489868942401,0.0071630680658907545,0.10100126679134128,1.3713958856597035,13.578006783745327,-1.2732920925237503,0.13286869304638174,0.1317111591946788,0.007104904205038951,0.19005311329023789,0.06013069282670771,true
1.025,9.904806543062046,0.07095189351012962,0.03433214465819802,0.1947344820483974,-3.416043614700861e-5,-0.005744779583712757,-0.0009808801326699698,0.002139556397442055,-0.001158676264772085,0.007163380041968495,0.10099283778913024,1.3713384914710738,13.578571723416506,-1.2739666628396686,0.13971360074144154,0.1383696473369604,0.0070991543130853995,0.1899839552998241,0.06011022197336261,true
1.0750000000000002,9.904806543062046,0.07095534761605896,0.03603824530357509,0.19513740025429727,-3.585587342211271e-5,-0.0057440605625502916,-0.0009664768186308792,0.0021275764397900936,-0.0011610996211592144,0.007163728772245489,0.10098397864792331,1.3712786646472281,13.579170508107405,-1.2746708643908133,0.14656326128553024,0.1450140288463515,0.0070931499294440295,0.18991134911039823,0.060088715862092835,true
1.125,9.904806543062046,0.07095909542374534,0.037748806567168,0.19555959940296097,-3.755962343984906e-5,-0.005743306741909134,-0.0009514361417116847,0.002115057706177867,-0.0011636215644661824,0.007164107154970088,0.10097468150620009,1.3712163444050671,13.579803609688742,-1.2754054152379302,0.1534178893360131,0.15164364676991918,0.007086885714303583,0.189835232714067,0.06006615622737528,true
1.1750000000000003,9.904806543062046,0.07096307326541595,0.039464014342106474,0.19600103933427093,-3.927191684125769e-5,-0.005742517596019113,-0.0009357601808825918,0.00210200314009611,-0.0011662429592135181,0.0071645087621749655,0.10096493902799553,1.3711514787619636,13.580471517758964,-1.2761709409076083,0.16027769873813838,0.15825785015999927,0.007080357091057381,0.1897555492660027,0.06004252618064602,true
1.225,9.904806543062046,0.07096722271602489,0.04118405203873088,0.19646168329512098,-4.0993001048809875e-5,-0.0057416927113887765,-0.0009194524646652417,0.0020884160263711193,-0.0011689635617058776,0.0071649276952041865,0.10095474420637893,1.3710840230973336,13.581174751871643,-1.2769679911141882,0.16714290208257704,0.16485599393550285,0.007073560104391108,0.18967224546223688,0.060017809733320666,true
1.275,9.904806543062046,0.07097148916754803,0.042909100424309024,0.19694149654213675,-4.272313776998833e-5,-0.005740831754740542,-0.000902517583373676,0.0020742999494076674,-0.0011717823660339914,0.007165358440772471,0.10094409021366378,1.371013938557244,13.581913865935896,-1.2777970574576192,0.17401371073585273,0.17143743919819146,0.00706649127721928,0.189585270247417,0.059991991430470445,true
1.3250000000000002,9.904806543062046,0.07097582059988676,0.0446393374409875,0.19744044531058857,-4.44625970248578e-5,-0.005739934450019169,-0.0008849609167189227,0.0020596587560005497,-0.001174697839281627,0.007165795746874301,0.10093297030073163,1.3709411905899218,13.582689447315158,-1.278658589215646,0.18089033472827226,0.17800155340712376,0.007059147487195648,0.18949457390342755,0.0599650561027296,true
1.375,9.904806543062046,0.07098016662031019,0.04637493802186533,0.197958495993753,-4.621165255238713e-5,-0.005739000561970963,-0.0008667884527673319,0.0020444965293093284,-0.0011777080765419964,0.007166234525804969,0.10092137772048666,1.3708657477945532,13.58350211578882,-1.2795530057377829,0.18777298265528397,0.18454771056242913,0.007051525870463769,0.1894001073548463,0.05993698867820426,true
1.4250000000000003,9.904806543062046,0.07098447775065236,0.04811607389339223,0.19849561449573322,-4.797057820362404e-5,-0.0057380298843666125,-0.0008480066687296187,0.0020288175714000996,-0.001180810902670481,0.00716666978219523,0.10090930567147154,1.3707875810662289,13.584352522740325,-1.2804807056590546,0.19466186152012618,0.19107529132982565,0.007043623750551094,0.1893018216595298,0.059907774044752386,true
1.475,9.904806543062046,0.07098870490328024,0.04986291337842841,0.199051765710902,-4.9739645284879654e-5,-0.00573702223151245,-0.000828622454849322,0.00201262639283658,-0.001184003937987258,0.007167096560104471,0.10089674725580643,1.370706662969351,13.585241350686548,-1.2814420736760515,0.2015571765800949,0.19758368316607441,0.007035438586400133,0.1891996676329691,0.059877396948220855,true
1.525,9.904806543062046,0.07099279899409461,0.05161562120957827,0.19962691310929848,-5.1519120668249345e-5,-0.005735977432058349,-0.0008086430629231235,0.001995927705119789,-0.0011872846421966657,0.007167509903948852,0.10088369544929524,1.3706229672714632,13.586169312764188,-1.2824374855851959,0.20845913121915322,0.20407228046667183,0.007026967934275462,0.1890935955823169,0.059845841920985444,true
1.5750000000000002,9.904806543062046,0.07099671065377045,0.05337435836045762,0.20022101840594464,-5.330926565997032e-5,-0.005734895324398965,-0.0007880760661960206,0.001978726412495451,-0.0011906503462994304,0.007167904829347832,0.10087014308098746,1.3705364685900936,13.58713715206794,-1.2834673120862101,0.21536792687068337,0.21054048475735607,0.007018209419636158,0.18898355512433507,0.05981309323397495,true
1.625,9.904806543062046,0.07100039001025715,0.0551392818939605,0.20083404129316745,-5.511033546498349e-5,-0.005733775753181068,-0.0007669293226871788,0.0019610276011185956,-0.0011940982784314168,0.007168276301165148,0.10085608281975464,1.370447142120838,13.588145640853792,-1.2845319216957192,0.22228376298516409,0.21698770492315825,0.007009160716226252,0.18886949506537978,0.059779134866123455,true
1.6750000000000003,9.904806543062046,0.07100378652399889,0.05691054482020592,0.2014659392136725,-5.692257898545166e-5,-0.00573261856660368,-0.0007452109398667316,0.0019428365257994483,-0.0011976255859327167,0.007168619216872483,0.10084150716540048,1.3703549634274463,13.589195579750577,-1.2856316829924959,0.22920683702130942,0.22341335745371063,0.006999819530513199,0.1887513633227558,0.05974395048520175,true
1.725,9.904806543062046,0.07100684886282288,0.05868829595385313,0.20211666715438317,-5.874623863401736e-5,-0.005731423614321961,-0.0007229292425466928,0.0019241585961546558,-0.001201229353607963,0.007168928393918059,0.10082640844213552,1.37025990828103,13.590287797144189,-1.2867669663491788,0.23613734443366935,0.22981686667902496,0.006990183590117671,0.1886291068698608,0.05970752343477654,true
1.775,9.904806543062046,0.07100952480751098,0.06047267976213426,0.2027861774470576,-6.0581549906910353e-5,-0.005730190745842805,-0.0007000927472356055,0.00190499936448694,-0.0012049066172513346,0.007169198560193036,0.1008107787932466,1.3701619525387938,13.591423148797082,-1.287938145260159,0.24307547863432646,0.23619766497508557,0.006980250635313927,0.1885026716953392,0.05966983672445139,true
1.8250000000000002,9.904806543062046,0.07101176118126808,0.06226383619936756,0.203474419568284,-6.242874060526262e-5,-0.0057289198093368856,-0.000676710145291049,0.0018853645171326519,-0.0012086543718416028,0.0071694243469105625,0.10079461017621534,1.3700610720543684,13.592602517725336,-1.2891455973535124,0.25002143092167556,0.24255519293343517,0.006970018412885727,0.1883720027698064,0.059630873021565035,true
1.875,9.904806543062046,0.07101350379790816,0.06406190052873062,0.20418133993803983,-6.428802974313044e-5,-0.0057276106508018015,-0.000652790295085418,0.0018652598698398323,-0.0012124695747544143,0.007169600283374593,0.10077789435839632,1.369957242611923,13.593826814241083,-1.2903897051629794,0.25697539038048856,0.2488888994994496,0.00695948467180593,0.18823704402004943,0.05959061464455712,true
1.9250000000000003,9.904806543062046,0.07101469742440797,0.06586700313542046,0.20490688171891722,-6.615962628689474e-5,-0.005726263113508403,-0.0006283422213354455,0.001844691366577456,-0.0012163491452420105,0.007169720793199254,0.10076062291360043,1.3698504398771518,13.595096976045518,-1.2916708567239406,0.26393754376583506,0.2551982420914999,0.0069486471603218605,0.18809773831243826,0.059549043558770054,true
1.975,9.904806543062046,0.0710152857542376,0.06767926933655549,0.2056509846195087,-6.804372789491336e-5,-0.005724877037661449,-0.0006033751185459855,0.0018236650804471404,-0.001220289961901155,0.0071697801916162825,0.1007427872196251,1.3697406393598157,13.596413968314199,-1.2929894460455154,0.2709080753874356,0.26148268671640545,0.006937503624079742,0.18795402744522738,0.059506141374746524,true
2.0250000000000004,9.904806543062046,0.07101521138868644,0.06949881919216075,0.20641358470404703,-6.994051979473549e-5,-0.005723452260209786,-0.0005778983554381321,0.0018021872152159325,-0.0012242888597778004,0.007169772683589665,0.1007243784570852,1.369627816383121,13.597778783680129,-1.2943458735009772,0.27788716700402455,0.26774170808972314,0.0069260518050284535,0.1878058521517886,0.05946188934982173,true
2.075,9.904806543062046,0.07101441582402239,0.07132576731975375,0.20719461420870808,-7.185017387177552e-5,-0.005721988614753033,-0.0005519214780290869,0.0017802641063085103,-0.0012283426282794234,0.007169692362519224,0.10070538760931724,1.369511946057755,13.599192442123602,-1.2957405461609317,0.2848749977334428,0.27397478976561,0.006914289440903076,0.18765315211282954,0.05941626839245184,true
2.125,9.904806543062046,0.07101283944337723,0.07316022271300743,0.20799400136345184,-7.377284796789584e-5,-0.005720485931507254,-0.0005254542101236152,0.001757902220600373,-0.0012324480104767578,0.007169533209421351,0.10068580546318638,1.3693930032595967,13.600655990781998,-1.2971738780811262,0.29187174397996357,0.28018142427701853,0.006902214265183883,0.187495865976213,0.05936925906886356,true
2.1750000000000003,9.904806543062046,0.07101042151226974,0.07500228856347128,0.208811670217307,-7.570868534451805e-5,-0.005718944037305913,-0.0004985064510189111,0.0017351081548622413,-0.0012366017038433301,0.00716928909247702,0.10066562261042351,1.3692709626101827,13.602170503720703,-1.2986462905587879,0.2988775793737863,0.2863611132811063,0.006889824007390767,0.18733393138151727,0.05932084161113404,true
2.225,9.904806543062046,0.07100710017766532,0.0768520620837901,0.20964754046496897,-7.765781424993601e-5,-0.005717362755625378,-0.00047108827095531606,0.0017118886330792656,-0.0012408003621239496,0.00716895376693684,0.10064482944947159,1.369145798459955,13.603737081668267,-1.3001582123574449,0.3058926747186812,0.29251336770583225,0.006877116393709311,0.18716728498917967,0.05927099592664998,true
2.2750000000000004,9.904806543062046,0.07100281247012412,0.07870963433070854,0.2105015272728154,-7.962034752315373e-5,-0.005715741906630993,-0.0004432099050922433,0.0016882505030080053,-0.001245040597915762,0.007168520875337943,0.10062341618739859,1.3690174848752308,13.605356851784938,-1.3017100798966175,0.3129171979429732,0.29863770789316807,0.0068640891479223596,0.18699586251107403,0.05921970160790705,true
2.325,9.904806543062046,0.0709974943089815,0.08057509002666492,0.21137354110330586,-8.159638219196427e-5,-0.0057140813072435,-0.00041488174681713025,0.00166420073236555,-0.0012493189855484197,0.007167983948026996,0.10060137284197895,1.3688859956274249,13.60703096743642,-1.3033023374196329,0.31995131405135124,0.3047336637365265,0.00685073999256533,0.18681959874310328,0.05916693794288024,true
2.3750000000000004,9.904806543062046,0.0709910805104293,0.08244850737917703,0.21226348753694513,-8.358599903776666e-5,-0.005712380771226901,-0.00038611434099416813,0.0016397464049565352,-0.001253632063962367,0.007167336403976102,0.10057868924362671,1.3687513041860788,13.608760608031202,-1.304935437128277,0.32699518507530567,0.3108007748103928,0.006837066650346194,0.18663842759766053,0.05911268392523053,true
2.4250000000000003,9.904806543062046,0.07098350479825857,0.08432995789782771,0.21317126709185724,-8.55892621182388e-5,-0.005710640109298302,-0.000356918377509102,0.0016148947169259617,-0.0012579763394168597,0.007166571551867403,0.10055535503772421,1.3686133837131296,13.610546978822583,-1.3066098393027363,0.334048970018841,0.316838590489258,0.006823066845761609,0.18645228213965218,0.059056918265611255,true
2.475,9.904806543062046,0.07097469981714047,0.0862195062089191,0.21409677504108204,-8.760621825288433e-5,-0.005708859129258289,-0.0003273046852494668,0.001589652973218939,-0.0012623482879694722,0.007165682591433918,0.10053135968663751,1.3684722070603799,13.612391310790908,-1.3083260123965341,0.3411128248058484,0.3228466700613651,0.006808738306900036,0.1862610946211135,0.05899961940242032,true
2.5250000000000004,9.904806543062046,0.07096459714826135,0.08811720986804339,0.21503990122788735,-8.963689647544913e-5,-0.005707037636140689,-0.00029728422649783837,0.0015640285842462717,-0.0012667443577484333,0.007164662615038095,0.10050669247201446,1.3683277467688568,13.6142948605125,-1.3100844331118209,0.34818690222340964,0.32882458283231314,0.006794078767458906,0.18606479651863042,0.05894076551339156,true
2.575,9.904806543062046,0.07095312732710324,0.09002311917109942,0.2160005298795311,-9.168130747046573e-5,-0.005705175432379132,-0.00026686809165927627,0.0015380290627240924,-0.0012711609710648161,0.007163504609466936,0.10048134249702195,1.3681799750685557,13.616258910046962,-1.3118855864744359,0.3552713518654565,0.33477190822231795,0.006779085968804326,0.18586331857088503,0.05888033452720837,true
2.6250000000000004,9.904806543062046,0.07094021986338583,0.09193727696398768,0.21697853941981393,-9.373944300063787e-5,-0.005703272317987824,-0.00023606749417677542,0.0015116620206183694,-0.001275594526441594,0.007162201457945371,0.10045529868888779,1.368028863880912,13.618284766816796,-1.3137299658806998,0.3623663200766094,0.3406882358569202,0.00676375766230282,0.18565659081925256,0.0588183041360124,true
2.6750000000000003,9.904806543062046,0.07092580326291273,0.09385971845141597,0.21797380228066854,-9.581127533162949e-5,-0.005701328090754077,-0.00020489376552560302,0.0014849351661412294,-0.0012800414006156264,0.007160745942341868,0.10042854977903977,1.3678743848551302,13.620373766868994,-1.3156180731034057,0.3694719504151668,0.3465731660794275,0.0067480916095380445,0.1854445424896377,0.058754651755886914,true
2.725,9.904806543062046,0.07090980505134323,0.09579047100511305,0.21898618471316705,-9.789675666316543e-5,-0.005699342546440703,-0.00017335835019923287,0.001457856300754738,-0.001284497950555505,0.007159130745568469,0.10040108439033203,1.3677165092446455,13.622527262029728,-1.3175504184902265,0.37658838163340635,0.35242630840384176,0.006732085592917214,0.1852271026365699,0.05868935473702302,true
2.7750000000000004,9.904806543062046,0.07089215179985145,0.09772955397166563,0.22001554659808192,-9.999581856744799e-5,-0.005697315478996393,-0.00014147280062007167,0.0014304333161467137,-0.001288960515526642,0.007157348454171354,0.1003728909193467,1.3675552080937854,13.624746637940977,-1.3195275207589552,0.38371575042263767,0.35824728390649335,0.006715737406749193,0.1850041993303398,0.05862239009649971,true
2.825,9.904806543062046,0.07087276915258771,0.09967697848024651,0.22106174125622632,-0.00010210837143786153,-0.005695246680772869,-0.00010924877193561021,0.0014026741911563841,-0.001293425419220774,0.00715539156110338,0.10034395761586887,1.3673904521277604,13.627033302416955,-1.3215499071691792,0.3908541895815277,0.364035723815826,0.006699044867278271,0.18477576024739514,0.05855373471078836,true
2.8750000000000004,9.904806543062046,0.07085158185605607,0.10163274725042873,0.22212461525896046,-0.00010423430394861026,-0.005693135942747712,-7.669801669533721e-5,0.001374586988644613,-0.0012978889719492757,0.007153252468690063,0.1003142725676059,1.3672222117868404,13.629388688089358,-1.3236181135009992,0.3980038283893057,0.3697912699256092,0.006682005813744954,0.18454171258719593,0.05848336528754019,true
2.9250000000000003,9.904806543062046,0.07082851379017724,0.10359685440029322,0.22320400823875397,-0.0001063734825281387,-0.005690983054752252,-4.383237940339493e-5,0.0013461798523036214,-0.0013023474729002265,0.0071509234917657245,0.10028382370329655,1.3670504572335171,13.631814252297792,-1.3257326840651023,0.4051647925554332,0.37551357464912016,0.006664618111274617,0.18430198312049553,0.058411258380406436,true
2.975,9.904806543062046,0.07080348800131692,0.10556928525498357,0.22429975270031838,-0.00010852575084449714,-0.005688787805703773,-1.0663790947481504e-5,0.0013174610034040076,-0.001306797212456526,0.00714839686100807,0.10025259879594889,1.3668751583605645,13.634311476978874,-1.3278941717051522,0.41233720416999003,0.38120230106684294,0.006646879653867187,0.18405649823913686,0.058337390404318394,true
3.0250000000000004,9.904806543062046,0.07077642673700958,0.10755001615596911,0.22541167383235844,-0.00011069092930387644,-0.005686549983841768,2.2795737073663322e-5,0.0012884387374880299,-0.0013112344745616932,0.007145664726443938,0.10022058546617447,1.3666962847996713,13.636881868555298,-1.3301031377961778,0.4195211816554169,0.3868571229681634,0.00662878836745777,0.1838051840070808,0.058261737651146166,true
3.075,9.904806543062046,0.07074725148256247,0.10953901427121618,0.22653958932026208,-0.00011286881456495449,-0.005684269376967947,5.653411812518651e-5,0.0012591214210069842,-0.0013156555391321708,0.007142719161144882,0.10018777118562898,1.3665138059308635,13.63952695782574,-1.3323601522366624,0.4267168397193131,0.39247772488678706,0.006610342213062533,0.18354796621275385,0.058184276305758786,true
3.1250000000000004,9.904806543062046,0.07071588299956816,0.1115362374065222,0.22768330915998114,-0.00011505917906890286,-0.005681945772689411,9.053919657998248e-5,0.00122951748791786,-0.0013200566844978425,0.007139552165115436,0.10015414328055437,1.3663276908927462,13.64224829985669,-1.3346657934341017,0.4339242893084353,0.3980638021299728,0.0065915391900086655,0.18328477042266952,0.05810498246247119,true
3.1750000000000003,9.904806543062046,0.0706822413659792,0.11354163381819284,0.22884263547328476,-0.00011726177058429448,-0.005679578958665343,0.00012479875365062733,0.0011996354362283947,-0.001324434189879022,0.007136155669339097,0.10011968893542401,1.3661379085930456,13.645047473870878,-1.337020648289207,0.4411436375636984,0.4036150608014109,0.006572377339211876,0.1830155220362635,0.05802383214187419,true
3.225,9.904806543062046,0.07064624601836503,0.11555514202738142,0.230017362324778,-0.00011947631177235391,-0.005677168722856402,0.00015930051337688898,0.0011694838245058417,-0.0013287843378827306,0.00713252154004463,0.10008439519668763,1.3659444277203385,13.647926083141735,-1.339425312169925,0.4483749877763039,0.409131217817838,0.006552854746557197,0.18274014634200203,0.05794080130804234,true
3.2750000000000004,9.904806543062046,0.07060781579567577,0.11757669063632062,0.23120727554086523,-0.00012170249977165697,-0.005674714853777071,0.00019403214865835582,0.0011390712683536396,-0.0013331034170119954,0.007128641583124504,0.10004824897661833,1.365747216755987,13.6508857548838,-1.341880388885051,0.4556184393450391,0.4146120009194242,0.00653296954631603,0.1824585685746562,0.05785586588611405,true
3.325,9.904806543062046,0.07056686898503492,0.11960619814673282,0.23241215253101588,-0.00012394000580237197,-0.005672217140750466,0.0002289812873487731,0.0011084064368470973,-0.0013373877241958704,0.0071245075487581765,0.10001123705725827,1.3655462439870072,13.653928140146961,-1.3443864906502012,0.46287408773463773,0.42005714867385374,0.006512719924644204,0.18217071397377937,0.05776900178023591,true
3.3750000000000004,9.904806543062046,0.07052332336922938,0.12164357278070596,0.2336317621115957,-0.00012618847479433376,-0.005669675374165872,0.0002641355183768553,0.0010774980489448983,-0.0013416335673217537,0.007120111136206733,0.09997334609446402,1.3653414775194093,13.65705491370979,-1.3469442380507397,0.47014202443535585,0.4254664104742362,0.006492104123128036,0.18187650784332715,0.05768018489186625,true
3.4250000000000003,9.904806543062046,0.07047709627607578,0.12368871230434057,0.23486586433262652,-0.0001284475250397821,-0.005667089345738439,0.00029948239790846204,0.0010463548698685298,-0.0013458372677769919,0.007115443998796968,0.099934562622055,1.3651328852922475,13.66026777397403,-1.3495542599992134,0.47742233692365205,0.4308395465307835,0.006471120442391871,0.18157587561244795,0.057589391138440846,true
3.475,9.904806543062046,0.07042810462947754,0.12574150385436905,0.23611421030761115,-0.00013071674787166996,-0.0056644588487710975,0.00033500945553231244,0.0010149857074580153,-0.0013499951629903277,0.007110497749076164,0.0998948730560487,1.364920435092162,13.663568442860292,-1.35221719368969,0.4847151086239668,0.4361763278562851,0.006449767245746765,0.18126874289728553,0.057496596472357116,true
3.5250000000000004,9.904806543062046,0.07037626500241428,0.12780182376828786,0.2373765420471094,-0.0001329957073695666,-0.005661783678418828,0.00037070420045864547,0.0009833994085088628,-0.0013541036089675083,0.007105263964161953,0.0998542636990139,1.364704094568663,13.666958665703326,-1.3549336845460416,0.4920204188718303,0.4414765362455862,0.006428042962899477,0.18095503556401704,0.0574017769003427,true
3.575,9.904806543062046,0.07032149367158846,0.1298695374180206,0.23865259229590485,-0.00013528394009612655,-0.005659063631954365,0.00040655412774717574,0.0009516048550817182,-0.001358158982828894,0.007099734191259505,0.09981272074449607,1.3644838312499261,13.670440211150815,-1.3577043861670968,0.499338342878042,0.4467399642489259,0.006405946093694784,0.180634679792754,0.057304908503096254,true
3.6250000000000004,9.904806543062046,0.07026370667387616,0.13194449904771352,0.23994208437457137,-0.00013758095486440328,-0.005656298509036286,0.0004425467245316913,0.0009196109608006745,-0.0013621576853323659,0.007093899953360857,0.09977023028156218,1.364259612559165,13.67401487106003,-1.3605299602673178,0.5066689516941109,0.45196641513932667,0.00638347521190118,0.18030760214262215,0.057205967455301134,true
3.6750000000000003,9.904806543062046,0.07020281986443191,0.13402655161579918,0.24124473202544194,-0.0001398862325373839,-0.005653488111978321,0.00047866947625570385,0.0008874266671328069,-0.0013660961433885107,0.007087752755111246,0.09972677829943111,1.3640314058314902,13.677684460396042,-1.3634110766143686,0.5140123121788315,0.457155702874005,0.006360628969024217,0.17997372961774258,0.05710493004592672,true
3.725,9.904806543062046,0.07013874897655166,0.1361155266417327,0.24256023926342263,-0.00014219922586342383,-0.005650632246020542,0.0005149098729169609,0.0008550609396497845,-0.0013699708125667453,0.00708128408885293,0.09968235069219526,1.3637991783314065,13.681450817132331,-1.3663484129619095,0.5213684869660934,0.46230765204994184,0.006337406098154939,0.17963298973414252,0.057001772698823096,true
3.7750000000000004,9.904806543062046,0.07007140968322341,0.1382112440577782,0.24388830023212654,-0.0001445193593463939,-0.005647730719601694,0.0005512554153156395,0.0008225227642737598,-0.0013737781795893993,0.007074485440839414,0.09963693326365365,1.363562897270811,13.685315802149665,-1.3693426549787204,0.528737534433691,0.4674220978535272,0.006313805417844607,0.17928531058769473,0.05689647199364616,true
3.825,9.904806543062046,0.07000071766026486,0.14031351206609627,0.24522859906555478,-0.0001468460291512096,-0.005644783344632481,0.0005876936213468949,0.0007898211434869069,-0.0013775147648338018,0.007067348297609891,0.09959051173224964,1.3633225298273968,13.689281299133262,-1.372394496175121,0.5361195086728433,0.4724988860041669,0.006289825835994915,0.17893062092299314,0.05678900468708747,true
3.8750000000000004,9.904806543062046,0.0699265886511853,0.14242212700154175,0.2465808097560851,-0.00014917860304247745,-0.005641789936768944,0.0006242120324585089,0.0007569650924429456,-0.0013811771249014546,0.0070598641525377705,0.09954307173618396,1.3630780431635094,13.693349214458989,-1.3755046378252296,0.5435144594570274,0.4775378726910222,0.006265466353776049,0.178568850203639,0.05667934773456066,true
3.9250000000000003,9.904806543062046,0.06984893853374285,0.14453687320012765,0.24794459602921448,-0.00015151642033725844,-0.005638750315683278,0.0006607982205871696,0.0007239636348210037,-0.0013847618554081733,0.0070520245125503716,0.09949459883880063,1.3628294044451656,13.697521477052211,-1.3786737888865275,0.5509224322064066,0.48253892450055696,0.006240726069568819,0.17819992868455273,0.056567478312552426,true
3.975,9.904806543062046,0.06976768338851781,0.14665752287352019,0.24931961122760704,-0.00015385879182316182,-0.005635664305326562,0.0006974397964452846,0.0006908257979779824,-0.001388265594423267,0.007043820905052156,0.09944507853471529,1.3625765808604007,13.701800038146068,-1.3819026659185167,0.5583434679374027,0.48750191832829093,0.0062156041829625076,0.17782378748949235,0.05645337384268421,true
4.0249999999999995,9.904806543062046,0.06968273957012308,0.14878383598843775,0.25070549820823285,-0.00015620499951163086,-0.005632531734168905,0.0007341244214195285,0.0006575606062485192,-0.0013916850276680477,0.007035244885114217,0.09939449625772444,1.3623195396350074,13.706186870775904,-1.3851919930052743,0.5657776031684537,0.4924267412564826,0.0061900999988775615,0.17744035870080974,0.05633701201980018,true
4.075,9.904806543062046,0.06959402378354004,0.15091556014901414,0.2521018892642683,-0.00015855429586854504,-0.005629352435382177,0.0007708398285549633,0.0006241770696044546,-0.001395016898159418,0.007026288043181228,0.09934283739341583,1.362058248040964,13.710683968557932,-1.388542501687982,0.5732248697077704,0.4973132903513967,0.006164212932060716,0.17704957548134018,0.05621837085060804,true
4.125,9.904806543062046,0.06950145316992212,0.15305243047643644,0.2535084060983753,-0.00016090590164900901,-0.005626126246889756,0.000807573865272783,0.0005906841612290259,-0.0013982580265018089,0.007016942013734265,0.09929008730351943,1.3617926733837824,13.715293342636757,-1.3919549309462507,0.5806852941421409,0.5021614722684927,0.006137942512402985,0.17665137227605968,0.05609742871856461,true
4.175,9.904806543062046,0.06940494541423897,0.15519416947328674,0.2549246599103453,-0.00016325900031365464,-0.005622853011125833,0.0008443145850771674,0.0005570907701060483,-0.0014014053551832156,0.007007198486158682,0.09923623137854937,1.3615227829392782,13.720017014204968,-1.3954300272899587,0.588158896605628,0.506971202409109,0.006111288392323486,0.176245685205594,0.05597416451184487,true
4.225,9.904806543062046,0.06930441889826465,0.1573404868465912,0.2563502517344184,-0.00016561272465859278,-0.0056195325742104795,0.0008810504424262635,0.0005234056009642448,-0.0014044560433905083,0.006997049220189955,0.0991812551545393,1.3612485437707875,13.724856996916985,-1.398968545145117,0.5956456879221842,0.5117424030857913,0.006084250358590178,0.1758324528928603,0.05584855789383567,true
4.2749999999999995,9.904806543062046,0.06919979294592607,0.159491079241041,0.25778477329801414,-0.00016796612706638302,-0.0056161647840634425,0.0009177706875904832,0.0004896369720519678,-0.001407407659642451,0.006986486070684338,0.09912514456568092,1.3609699222880518,13.729815257785223,-1.4025712479019492,0.6031456633185194,0.516474999634842,0.006056828353309447,0.17541161820524384,0.05572058987498613,true
4.325,9.904806543062046,0.06909098823902977,0.16164562980333397,0.25922780888700053,-0.00017031811843355266,-0.005612749486857469,0.0009544661087675123,0.00045579243515601257,-0.0014102585439235249,0.006975501029591081,0.09906788646109252,1.3606868832913606,13.734893636049767,-1.4062389103592379,0.6106587895145427,0.5211689126405236,0.006029022512003883,0.17498313176931393,0.055590243968404486,true
4.375,9.904806543062046,0.06897792750590803,0.163803807471939,0.2606789389464115,-0.00017266735464537946,-0.005609286521508765,0.000991130284719627,0.000421878133295717,-0.001413008418015344,0.00696408629547889,0.09900946957879356,1.3603993880972176,13.740093688862627,-1.409972323825911,0.618184980441719,0.5258240436344327,0.006000833229621594,0.17454695853881236,0.05545750835165862,true
4.425,9.904806543062046,0.06886053655592042,0.16596526591063987,0.26213774618617125,-0.00017501205234415616,-0.005605775713399612,0.0010277613782716261,0.00038789787759604234,-0.0014156592558676685,0.006952234377980326,0.09894988618130728,1.3601073912822268,13.74541643019258,-1.4137723055228786,0.6257240567050905,0.5304402517836229,0.005972261263771236,0.1741030887492136,0.055322379475471216,true
4.475,9.904806543062046,0.06873874553366902,0.16812964217782833,0.2636038241768758,-0.00017734974970804254,-0.005602216872483289,0.0010643639997703338,0.00035385217757048727,-0.0014182161773408212,0.006939938224418728,0.098889134350924,1.3598108359367016,13.750861961347484,-1.4176397132349707,0.6332756893166902,0.5350173225789349,0.005943307868208577,0.17365155317275982,0.05518486709370685,true
4.5249999999999995,9.904806543062046,0.06861248972472045,0.17029655569145646,0.2650767856458623,-0.00017967712983012614,-0.005598609808270327,0.0011009495318958647,0.0003197380359509993,-0.001420687567846864,0.0069271913011547896,0.09882722021210714,1.3595096487428262,13.756429107537269,-1.4215754622628005,0.640839346716635,0.5395549405315524,0.005913974902201488,0.17319243766705578,0.05504499906845372,true
4.575,9.904806543062046,0.06848170831734834,0.17246560902136684,0.26655626175526226,-0.00018199022407457753,-0.005594954382824219,0.0011375315529397684,0.00028555121411901407,-0.0014230827670587824,0.006913987468570729,0.09876415776004904,1.3592037395532626,13.762115431141481,-1.425580530831912,0.6484143038641328,0.5440527004261277,0.005884264774350533,0.17272588143658674,0.05490282081504231,true
4.625,9.904806543062046,0.06834633817876942,0.17463639305220835,0.26804187479886576,-0.00018428558444750443,-0.005591250621914478,0.0011741117680793096,0.0002512933129718523,-0.001425405081051162,0.006900320352712343,0.09869996165269775,1.3588930150962653,13.767918369389994,-1.4296559242875642,0.6559998283228845,0.5485102216172489,0.005854179954395393,0.1722520281434132,0.054758379208715145,true
4.675,9.904806543062046,0.06820630287264462,0.17680850020334657,0.26953316412035444,-0.00018656307511597032,-0.005587498868102315,0.001210654756601491,0.0002169845871582397,-0.0014276393437597306,0.006886182236484027,0.09863462729126198,1.358577423852703,13.773838469941268,-1.4338025096367502,0.6635956815353051,0.5529274377596514,0.005823722039664196,0.1717708931288515,0.054611678699426965,true
4.725,9.904806543062046,0.06806150436593095,0.17898154399320565,0.2710294640211295,-0.00018882873323437387,-0.0055836998590091825,0.001247062686897481,0.00018267693775164895,-0.00142973962464913,0.006871563222363544,0.09856809807707685,1.3582570321906782,13.779884756714774,-1.438020724499358,0.6712029229621356,0.5573050416450431,0.005792890354192258,0.17128214719238136,0.05446260979449318,true
4.775,9.904806543062046,0.06791175639276992,0.18115517578136558,0.27252981035061785,-0.00019109552705816812,-0.005579854492267353,0.0012831882011103974,0.00014844777538818753,-0.001431635976498585,0.006856444504748012,0.09850024148313831,1.35793198455715,13.78607772032322,-1.442311341614018,0.6788244931068689,0.5616447758814974,0.0057616753337792394,0.1707849522492197,0.054310897228845856,true
4.825,9.904806543062046,0.06775699039444234,0.18332906852821101,0.27403311383276663,-0.00019339032957452112,-0.00557595972890991,0.0013189238934336314,0.00011434307703481371,-0.001433266970468445,0.006840819161874861,0.09843088670113388,1.3576027879776587,13.792446999890936,-1.4466720436513247,0.6864641424440334,0.5659487761759133,0.0057300819206942575,0.170278251861886,0.054156186273785864,true
4.875,9.904806543062046,0.0675975946545615,0.1855026475358753,0.2755381504786611,-0.0001957192079687013,-0.005572002574029214,0.0013543926933330872,8.026671727793638e-5,-0.0014346594106110235,0.006824726395278375,0.09835987980294293,1.3572704623142215,13.799025222818663,-1.4510950803490914,0.6941240027854377,0.5702182012085358,0.0056981476767893275,0.1697611644815058,0.053998165719333704,true
4.925,9.904806543062046,0.06743286929451,0.18767528583899543,0.2770448967027959,-0.00019799992666699056,-0.005567991281027971,0.0013899004256921852,4.61174936756227e-5,-0.001436017919367808,0.006808095544455057,0.09828739066000121,1.3569330583008252,13.805769480591566,-1.4555981264583204,0.7017994852313478,0.5744504835291561,0.005665795603719048,0.1692347380063234,0.05383722038267361,true
4.975,9.904806543062046,0.06726350162514282,0.18984645993215202,0.27855591197603446,-0.00020025698471717442,-0.005563929317080954,0.0014252891264508385,1.1982241680572956e-5,-0.0014372713681314114,0.006790996001053492,0.09821409197058331,1.3565903733145988,13.812583775869141,-1.4601736248638812,0.7094758749618988,0.5786376818191284,0.0056331394508637184,0.16870359649959749,0.053674841633627846,true
5.025,9.904806543062046,0.06708857151370175,0.19201588394554708,0.2800666113541631,-0.0002025235208687351,-0.0055598174089889615,0.001460329873900585,-2.2021537650912382e-5,-0.0014383083362496725,0.006773334867473493,0.09813902388224408,1.356243377748926,13.819613483992539,-1.4648262899330033,0.7171745547210636,0.5827915816202501,0.005600071590915006,0.1681613706536889,0.05350895305118587,true
5.075,9.904806543062046,0.0669084294456021,0.1941829979158131,0.2815784780263807,-0.0002047597484086252,-0.005555654308619045,0.0014952209433501979,-5.598954591827309e-5,-0.0014392313974319248,0.006755147529102323,0.09806265844635968,1.3558913163449982,13.826785219030864,-1.4695571784220938,0.7248843926894193,0.5869062165412351,0.005566638540322422,0.16761126940342144,0.053340604374514544,true
5.125,9.904806543062046,0.06672295007516067,0.19634725302593325,0.28309067757926076,-0.00020697619470156422,-0.005551440451315848,0.001529910682189105,-8.989316769317009e-5,-0.0014400175144959348,0.006736421330904,0.09798493108920524,1.3555342680807305,13.834109520847194,-1.4743668267495973,0.7326064048677994,0.5909822667543084,0.00553284005569946,0.16705293291557866,0.05316967570618411,true
5.175,9.904806543062046,0.0665320584369763,0.19850812590018946,0.28460244866545026,-0.000209172702259524,-0.005547175986442115,0.0015643762656439339,-0.0001237180116164594,-0.0014406582540274744,0.0067171487042903995,0.09790578963597825,1.3551722652756242,13.841594764867999,-1.4792560814110913,0.7403414064658915,0.595020292583003,0.005498675569058898,0.16648608551293745,0.05299607538274972,true
5.225,9.904806543062046,0.06633571398164953,0.20066507495558739,0.28611321718593163,-0.00021134691034077247,-0.005542860962715189,0.0015986129853412029,-0.00015745869287255455,-0.0014411542924686483,0.006697325555350222,0.09782522936845686,1.3548052720356722,13.849241967354086,-1.4842257861461747,0.7480891120438734,0.5990202783662291,0.005464149083160736,0.16591076812857947,0.05281981531491513,true
5.275,9.904806543062046,0.06613386516108778,0.20281754295811188,0.2876223603710941,-0.00021349758417944055,-0.005538495474676144,0.0016326118068935558,-0.00019110767004278405,-0.0014415041368507717,0.0066769466797321885,0.09774323740824244,1.3544332607413054,13.85705340497643,-1.4892768350889438,0.7558494128232336,0.602982312402974,0.005429263776761216,0.16532696932349716,0.052640890312766135,true
5.325,9.904806543062046,0.06592645951207705,0.20496496117024857,0.28912923902987664,-0.0002156234493511248,-0.0055340796342266425,0.0016663632885062735,-0.00022465718896984196,-0.0014417060995364315,0.006656006780693372,0.09765979943071994,1.3540562024670517,13.865031572460088,-1.4944101706504231,0.7636222326923615,0.6069065092765635,0.005394022643733772,0.1647346699235368,0.05245929269038305,true
5.375,9.904806543062046,0.06571344740581891,0.2071067492174466,0.2906332050309617,-0.00021772323982575592,-0.005529613564618401,0.0016998583257793634,-0.00025809965547071457,-0.0014417586703086489,0.0066345008476565125,0.09757490139488761,1.3536740692749951,13.873178962248177,-1.499626734264592,0.7714074861038941,0.6107929877254986,0.005358428922450171,0.16413385490019114,0.052275016034910374,true
5.425,9.904806543062046,0.06549478497932132,0.2092423151131243,0.292133600992266,-0.00021979575228947695,-0.005525097397040885,0.001733088047054767,-0.00029142758562500175,-0.0014416604614297653,0.00661242445216641,0.09748852939012478,1.353286839277879,13.881498138743714,-1.504927416999097,0.7792050801378191,0.614641871624361,0.005322486344117323,0.16352451281049532,0.05208805490645604,true
5.475,9.904806543062046,0.06527043491789394,0.21137105570308473,0.2936297605059183,-0.0002218398172002571,-0.005520531267273716,0.0017660437300078189,-0.0003246335658988299,-0.001441410164108989,0.0065897738268915,0.09740066958132299,1.352894497594096,13.889991756827918,-1.510313050600549,0.7870149164904097,0.6184532908561338,0.005286199165543772,0.1629066355175479,0.05189840472979738,true
5.525,9.904806543062046,0.06504036455791737,0.21349235737734892,0.29512100877697456,-0.00022385424336500843,-0.005515915315423394,0.0017987167522179794,-0.0003577102296304883,-0.0014410065225874912,0.006566545674077376,0.09731130826181994,1.3524970328438348,13.898662519312635,-1.5157844426395193,0.7948368927025447,0.6222273817513511,0.005249571977579814,0.16228021822582647,0.051706061893333814,true
5.575,9.904806543062046,0.06480454303710195,0.21560559678465996,0.29660666324023255,-0.00022583778399672258,-0.0055112496888389765,0.001831098588832368,-0.0003906502567858802,-0.001440448332046488,0.006542736877833839,0.09722043191980644,1.3520944323499466,13.907513118901177,-1.5213424249344545,0.8026709032023744,0.6259642873977697,0.005212609452678515,0.16164525949458103,0.051511023868501295,true
5.625,9.904806543062046,0.06456293963978355,0.2177101411682642,0.29808603379533927,-0.00022778914581876946,-0.005506534545854656,0.001863180863122035,-0.00042344640032780385,-0.0014397344627942311,0.006518344337074157,0.0971280272614654,1.3516866795908284,13.916546209181549,-1.5269878797179424,0.8105168395566509,0.629664157544911,0.005175316214273185,0.16100176117336842,0.05131328924774524,true
5.675,9.904806543062046,0.06431552419472289,0.2198053481600979,0.29955842252745984,-0.00022970702772885345,-0.005501770057924774,0.0018949554193845447,-0.00045609152422977585,-0.0014388638951547687,0.006493365005677325,0.09703408117545098,1.351273755153434,13.925764419927313,-1.5327217308076377,0.818374589675288,0.6333271480160344,0.005137696886730399,0.16034972826560842,0.05111285767620651,true
5.725,9.904806543062046,0.06406226877367285,0.22189056529158563,0.30102312318376634,-0.00023159015766859977,-0.00549695640941093,0.0019264143738410085,-0.0004885786309169589,-0.0014378357429240497,0.0064677960639772545,0.09693858066893098,1.3508556397300282,13.935170397672021,-1.5385449141176966,0.8262440364956031,0.6369534199082781,0.005099756246436778,0.1596891687847085,0.05090972973482213,true
5.775,9.904806543062046,0.0638031492532008,0.2239651296920836,0.3024794208740584,-0.00023343730510800607,-0.005492093796068023,0.001957550120076355,-0.000520900866089122,-0.0014366492539872329,0.006441635076446048,0.09684151282238605,1.3504323166636516,13.944766839200836,-1.544458352387222,0.8341250569893401,0.6405431389815011,0.005061499346601027,0.15902009368956457,0.05070390686185925,true
5.825,9.904806543062046,0.0635381457865031,0.2260283682675085,0.30392659227279734,-0.0002352472689124236,-0.00548718242387931,0.001988355298083482,-0.0005530515051128075,-0.0014353037929706746,0.00641488003932891,0.0967428647892446,1.3500037725039038,13.954556498248238,-1.5504629496228444,0.8420175219791683,0.6440964754407632,0.005022931540985012,0.15834251693543466,0.050495391358991205,true
5.875,9.904806543062046,0.06326724225768152,0.2280795983106915,0.3053639062607278,-0.00023701885642026844,-0.005482222509217285,0.0020188227518878094,-0.0005850239333071481,-0.0014337988185806612,0.0063875293255472925,0.09664262383211458,1.3495699958217944,13.96454216895267,-1.5565596029297515,0.8499212966431382,0.6476136040284126,0.004984058422495035,0.15765645560983518,0.050284186464550316,true
5.925,9.904806543062046,0.06299042549240255,0.23011812833242384,0.3067906247996951,-0.00023875086969177812,-0.005477214280182439,0.0020489454946550655,-0.0006168116296082735,-0.001432133865046792,0.006359581605006211,0.09654077737205526,1.3491309756539316,13.974726663475694,-1.5627492180287648,0.8578362412731141,0.6510947042111564,0.0049448857470316574,0.1569619301196795,0.050070296450610945,true
5.975,9.904806543062046,0.0627076849629028,0.23214325897751847,0.30820600392116393,-0.0002404421044188827,-0.005472157978265496,0.0020787166873604108,-0.0006484081567810288,-0.001430308530579382,0.006331035814811268,0.09643731303422118,1.3486867007973327,13.985112798805849,-1.569032716091677,0.8657622119884442,0.6545399603245503,0.004905419402937556,0.15625896442498932,0.049853726714835074,true
6.025,9.904806543062046,0.06241901315037637,0.2341542839768268,0.30960929477437926,-0.00024209135721570276,-0.005467053859506009,0.0021081296327005736,-0.000679807159165225,-0.0014283224735353486,0.006301891195855673,0.09633221868505501,1.3482371601985448,13.995703396040545,-1.5754110293838766,0.8736990613199519,0.6579495616411019,0.004865665435556798,0.15554758630550963,0.04963448385816775,true
6.075,9.904806543062046,0.06212440616766576,0.2361504910044739,0.3109997445580124,-0.00024369743458926122,-0.0054619021948181246,0.0021371777885150463,-0.0007110023702435953,-0.001426175418271451,0.006272147355687793,0.09622548245601989,1.3477823438160494,14.006501286517913,-1.5818850921690315,0.8816466386087712,0.6613237023439665,0.004825630092283924,0.15482782757316732,0.049412575735106344,true
6.125,9.904806543062046,0.06182386411408433,0.23813116216933256,0.3123765970019532,-0.00024525916011128827,-0.005456703269661738,0.0021658548025336715,-0.0007419876311011692,-0.0014238671714325024,0.006241804304334413,0.09611709274480915,1.347322243173486,14.017509318042173,-1.5884558351330234,0.889604789977118,0.664662581312084,0.004785319846548773,0.15409972410808986,0.04918801145468796,true
6.175,9.904806543062046,0.06151739093483055,0.24009557393149644,0.3137390921647199,-0.0002467753796046145,-0.005451457383467749,0.0021941545584572802,-0.0007727569148881571,-0.0014213976435691231,0.006210862440107044,0.09600703818565112,1.3468568512823753,14.028730359100608,-1.5951241868485526,0.8975733577121618,0.6679664016665795,0.0047447413843985905,0.15336331564343905,0.04896080131471557,true
6.225,9.904806543062046,0.061204993971180593,0.24204299657657335,0.3150864657287442,-0.0002482449646053414,-0.005446164849173075,0.002222071211379434,-0.0008033043462575908,-0.0014187668651218432,0.006179322504188883,0.09589530759970773,1.346386162163257,14.040167301860352,-1.6018910797801256,0.9055521791872203,0.6712353701491657,0.004703901568420564,0.1526186453946046,0.04873095669439164,true
6.275,9.904806543062046,0.060886683590115204,0.24397269376578706,0.31641794841275733,-0.0002496668133470538,-0.0054408259930296046,0.002249599191835018,-0.0008336242052205344,-0.0014159749866144837,0.006147185543241538,0.09578188995398407,1.3459101704227565,14.05182306456225,-1.6087574556241473,0.9135410858964248,0.6744696965795617,0.004662807406909024,0.15186575975340322,0.04849848996625984,true
6.325,9.904806543062046,0.060562473171176745,0.24588392274727183,0.3177327661708798,-0.0002510398486618555,-0.005435441154662578,0.0022767331754823023,-0.0008637109136470964,-0.0014130222618352057,0.0061144529080781026,0.09566677435853854,1.3454288711806712,14.063700591997515,-1.6157242664002587,0.9215399032198377,0.6776695936325147,0.004621466046968575,0.15110470825608857,0.04826341448859561,true
6.375,9.904806543062046,0.0602323794419525,0.24777593543792814,0.3190301413917528,-0.000252363014077895,-0.005430010687241947,0.0023034680374728832,-0.0008935590137517741,-0.0014099090237211093,0.006081126287533912,0.09554995011098183,1.3449422603216827,14.075802852429796,-1.6227924713536406,0.9295484511029835,0.6808352769816325,0.004579884790603897,0.1503355438716783,0.048025744694185545,true
6.425,9.904806543062046,0.0598964229250918,0.24964798001556046,0.3203092946566637,-0.00025363527113244423,-0.005424534957615066,0.002329798819972028,-0.0009231631528029934,-0.0014066356671690345,0.006047207753597878,0.09543140672068313,1.3444503349057444,14.088132839127034,-1.629963032500734,0.9375665465200791,0.6839669661173731,0.004538071114335948,0.14955832316809037,0.047785496136717384,true
6.475,9.904806543062046,0.05955462822534591,0.25149930232774464,0.3215694462541928,-0.00025485560042889797,-0.005419014346314906,0.0023557207310765573,-0.0009525180833648051,-0.0014032026477117522,0.006012699790392347,0.09531113411951779,1.3439530931569958,14.100693539872394,-1.637236911348943,0.9455939997602253,0.6870648827283063,0.004496032696362959,0.1487731075941301,0.0475426859060331,true
6.525,9.904806543062046,0.059207024028454375,0.25332914658223465,0.32280981685405713,-0.00025602300643928256,-0.005413449247471183,0.002381229171448695,-0.0009816186774559352,-0.0013996104939927598,0.0059776052940606625,0.09518912244507687,1.3434505347777406,14.11348797288154,-1.6446150694643376,0.9536306212200432,0.690129253169914,0.004453777392558221,0.14797996211708778,0.04729733218438609,true
6.575,9.904806543062046,0.05885364288516521,0.2551367553046391,0.32402962734789253,-0.0002571365235046568,-0.005407840068733977,0.0024063197679557906,-0.0010104599443946205,-0.0013958598235611702,0.005941927550961612,0.09506536215583575,1.3429426605837569,14.126519166700698,-1.6520984705111323,0.9616762164873508,0.6931603063642411,0.004411313231577639,0.1471789558761505,0.04704945446658565,true
6.625,9.904806543062046,0.05849452096826277,0.25692136903629886,0.32522809841191047,-0.00025819521990480413,-0.005402187231328013,0.002430988392613836,-0.0010390370414450245,-0.0013919513511688113,0.005905670213138695,0.0949398439559778,1.3424294723793968,14.13979017073023,-1.6596880830525307,0.9697305864051525,0.6961582736802866,0.00436864839244516,0.146370161672025,0.0467990733998277,true
6.675,9.904806543062046,0.05812969796696983,0.2586822263576498,0.32640445045571886,-0.00025919819862212096,-0.005396491170283291,0.0024552311584087874,-0.0010673452729197464,-0.001387885885489041,0.005868837287658845,0.09481255877413587,1.3419109728819796,14.15330405836534,-1.6673848819397739,0.977793526498052,0.6991233885817397,0.004325791193050716,0.14555365579869,0.046546210732705304,true
6.725,9.904806543062046,0.05775921716083582,0.26041856452231604,0.32755790426749254,-0.0002601445958131305,-0.0053907523347838885,0.002479044399959395,-0.0010953800815983866,-0.0013836643183610085,0.005831433144072262,0.09468349777433656,1.3413871657698542,14.167063926671178,-1.6751898478462945,0.9858648270705859,0.7020558865347206,0.004282750089228218,0.14472951808167872,0.04629088932829937,true
6.775,9.904806543062046,0.05738312559134499,0.2621296205426398,0.32868768216112954,-0.0002610335792795978,-0.005384971188520444,0.002502424654533709,-0.001123137040185107,-0.001379287614348602,0.005793462531738166,0.09455265238871818,1.3408580557987912,14.181072893506471,-1.6831039656820586,0.9939442737763499,0.7049560050827817,0.004239533679846185,0.14389783204952483,0.046033133218951194,true
6.825,9.904806543062046,0.05700147420617681,0.2638146323119305,0.32979300915068455,-0.0002618643486777258,-0.005379148209942785,0.002525368654613917,-0.0011506118484579122,-0.0013747568061560048,0.0057549305943894735,0.09442001434967533,1.3403236489054298,14.195334094545588,-1.6911282231246483,1.0020316481925224,0.7078239839111076,0.004196150710683069,0.14305868509360997,0.04577296765771412,true
6.875,9.904806543062046,0.05661431789783114,0.2654728394242274,0.3308731137731895,-0.0002626361375800198,-0.005373283892376339,0.002547873332696191,-0.0011778003365389205,-0.0013700729961572703,0.005715842874032446,0.09428557570467909,1.339783952245565,14.209850682166179,-1.6992636101227516,1.010126728036689,0.7106600647739367,0.004152610072378149,0.1422121685122471,0.04551041913388209,true
6.925,9.904806543062046,0.05622171544396634,0.2671034836400262,0.3319272285104341,-0.00026334821623032753,-0.005367378744027126,0.0025699358308749467,-0.0012046984706137727,-0.001365237360261174,0.005676205304923153,0.09414932881259422,1.3392389741687039,14.224625826430277,-1.7075111193972885,1.0182292869856946,0.7134644912824996,0.0041089207926438675,0.14135837743541943,0.0452455153513189,true
6.975,9.904806543062046,0.05582372941529121,0.2687058091997896,0.33295459004297456,-0.0002639998936710929,-0.005361433287922534,0.0025915535069164384,-0.001231302356949583,-0.0013602511499668554,0.005636024204268147,0.09401126633272602,1.3386887241690562,14.239662716925329,-1.7158717473289709,1.0263390943292912,0.7162375086444243,0.0040650920263981625,0.14049741070343336,0.04497828519236261,true
7.025,9.904806543062046,0.05542042611589383,0.27027906323897377,0.33395443962164173,-0.00026459051872594283,-0.005355448061815747,0.002612723933396168,-0.0012576082424589656,-0.0013551156909372025,0.005595306266200001,0.09387138121932438,1.3381332128560337,14.254964564008837,-1.724346494548483,1.034455914739435,0.7189793634535081,0.004021133047602277,0.13962937077927398,0.04470875869219723,true
7.075,9.904806543062046,0.05501187557703491,0.2718224964209338,0.3349260236835221,-0.00026511948021895696,-0.0053494236180483485,0.0026334448920936207,-0.001283612512867074,-0.0013498323792265467,0.005554058561150668,0.09372966672675101,1.3375724519614094,14.270534598835377,-1.7329363659439196,1.0425795082750862,0.721690303565999,0.003977053244184346,0.1387543637254309,0.04443696703332536,true
7.125,9.904806543062046,0.05459815158136899,0.2733353637281679,0.33586859464210594,-0.0002655862071593599,-0.005343360523350055,0.002653714368149022,-0.0013093116907182314,-0.0013444026774307905,0.005512288538296894,0.09358611642181873,1.3370064543711704,14.286376072545947,-1.7416423702653954,1.0507096305476704,0.7243705780320399,0.003932862114880838,0.13787249922173525,0.04416294255284679,true
7.175,9.904806543062046,0.05417933167800279,0.2748169252656182,0.3367814116864746,-0.0002659901693624144,-0.005337259358564743,0.002673530546943575,-0.0013347024347104255,-0.0013388281122331494,0.005470004027080511,0.09344072419589876,1.3364352341559225,14.30249225545472,-1.7504655197359507,1.0588460328868476,0.7270204370259282,0.003888569265754138,0.13698389057774318,0.04388671874806428,true
7.225,9.904806543062046,0.0537554971670795,0.2762664469754687,0.33766374147866846,-0.0002663308784855204,-0.005331120718313095,0.002692891813648215,-0.0013597815403449565,-0.0013331102733032585,0.005427213235652064,0.09329348427219424,1.3358588065845487,14.31888643677441,-1.7594068299191281,1.066988462398259,0.7296401317407231,0.003844184405124412,0.1360886547119461,0.04360833027174572,true
7.275,9.904806543062046,0.0533267330578943,0.2776832012602791,0.3385148587473845,-0.0002666078891356146,-0.005324945210617663,0.002711796753549367,-0.0013845459409530076,-0.0013272508125963592,0.005383924746642096,0.09314439120826244,1.3352771881221501,14.335561924889186,-1.7684673198361944,1.0751366619185971,0.7322299142519897,0.0037997173370535203,0.13518691209935224,0.043327812917495795,true
7.325,9.904806543062046,0.0528931280171793,0.2790664675784046,0.3393340468505838,-0.000266820799763203,-0.005318733456519157,0.0027302441513777148,-0.0014089927082084552,-0.0013212514431692596,0.005340147511939948,0.09299343989713375,1.3346903964212018,14.352522047765863,-1.777648012178689,1.0832903699399203,0.734790037375945,0.00375517795428262,0.13427878670827506,0.04304520360177773,true
7.375,9.904806543062046,0.05245477432293419,0.2804155330742279,0.3401205983763387,-0.00026696925327927514,-0.005312486089701153,0.002748232989196929,-0.0014331190518963473,-0.0013151139373005817,0.005295890848032447,0.09284062556993661,1.334098450317821,14.369770153184158,-1.7869499334341057,1.091449320573542,0.7373207545444547,0.0037105762315281523,0.1333644059440638,0.04276054034808831,true
7.425,9.904806543062046,0.052011767825635984,0.2817296932592901,0.3408738157991875,-0.0002670529375142786,-0.005306203756130121,0.0027657624435024923,-0.0014569223192550974,-0.0013088401242473948,0.0052511644320876035,0.09268594380073207,1.3335013698350873,14.387309608693382,-1.7963741138879967,1.099613243568935,0.7398223197004766,0.00366592221928688,0.132443900603596,0.04247386227449192,true
7.475,9.904806543062046,0.051564207910188314,0.283008252719195,0.34159301216362914,-0.0002670715856637512,-0.0052998871137102145,0.0027828318823898282,-0.001480399994320133,-0.0013024318880696952,0.005205978298112966,0.09252939051231335,1.3328991761899427,14.405143801445089,-1.8059215875610937,1.1077818643595074,0.7422949872040252,0.0036212260378157765,0.13151740483280128,0.0421852095820867,true
7.525,9.904806543062046,0.05111219745093685,0.28425052581357935,0.3422775117588426,-0.0002670249767808133,-0.005293536831949585,0.0027994408631718862,-0.001503549697461324,-0.0012958911657105622,0.005160342832413932,0.09237096198158018,1.3322918917979316,14.423276138053058,-1.8155933921691894,1.115954904097033,0.7447390117366177,0.003576497870867003,0.13058505607882379,0.041894623541795344,true
7.575,9.904806543062046,0.05065584275756439,0.2854558373538586,0.34292665076783957,-0.00026691293626372183,-0.005287153591634118,0.002815589130337249,-0.0015263691850626849,-0.0012892199452745642,0.005114268768131262,0.09221065484377883,1.331679540274189,14.441710044574457,-1.8253905691373264,1.124132079661912,0.747154648200761,0.0035317479590376848,0.1296469950328642,0.04160214647822388,true
7.625,9.904806543062046,0.05019525351353844,0.2866235232649437,0.3435397778988314,-0.00026673533628219766,-0.005280738084503854,0.0028312766134809663,-0.0015488563491625285,-0.0012824202643184378,0.005067767179026669,0.09204846609617513,1.331062146430499,14.46044896652339,-1.835314163660146,1.1323131036517575,0.7495421516158216,0.003486986592825914,0.12870336556711856,0.04130782175168726,true
7.675,9.904806543062046,0.04973054271088291,0.28775293124463064,0.344116255013576,-0.0002664920961154681,-0.005274291012923134,0.002846503424991306,-0.0015710092169462016,-0.0012754942080451042,0.005020849472897311,0.09188439310165022,1.33043973627181,14.479496368876985,-1.8453652247624721,1.140497684369862,0.7519017770169787,0.0034422241056039733,0.12775431466889428,0.041011693739333104,true
7.725,9.904806543062046,0.0492618265823848,0.28884342142715325,0.34465545775997997,-0.0002661831824113402,-0.005267813089535367,0.002861269857489354,-0.0015928259500900923,-0.0012684439073992616,0.004973527384731296,0.09171843359257582,1.3298123369927017,14.498855736022337,-1.8555448053473316,1.1486855258203974,0.7542337793591749,0.003397470866580447,0.12679999237394457,0.04071380781601195,true
7.775,9.904806543062046,0.04878922453089361,0.28989436704882415,0.3451567762061206,-0.0002658086094081542,-0.005261305036891608,0.0028755763811099486,-0.0016143048440014672,-0.0012612715371084814,0.004925812969569676,0.09155058567469025,1.329179976974531,14.518530571694544,-1.8658539622285928,1.156876327715256,0.7565384134272418,0.0033527372737456713,0.1258405516975106,0.04041421033439272,true
7.825,9.904806543062046,0.0483128590548314,0.29090515510926857,0.3456196154687383,-0.0002653684391235447,-0.005254767587044288,0.0028894236407517792,-0.001635444327018642,-0.0012539793137331372,0.004877718594985865,0.09138084783075483,1.3285426857828262,14.538524398935335,-1.8762937561569517,1.1650697854849135,0.7588159337497915,0.003308033746760802,0.12487614856187354,0.040112948603942246,true
7.875,9.904806543062046,0.04783285566858714,0.2918751870227607,0.34604339633016995,-0.00026486278150176905,-0.005248201481101314,0.002902812453339623,-0.0016562429595936062,-0.0012465694937460168,0.004829256933048562,0.09120921892374334,1.3279004941633727,14.558840760094451,-1.8868652518613638,1.1732655902901508,0.7610665945158956,0.0032633707197101624,0.12390694171906963,0.03981007086835641,true
7.925000000000001,9.904806543062046,0.04734934281822195,0.2928038792586535,0.3464275558436135,-0.00026429179450380784,-0.005241607468738311,0.002915743805098324,-0.0016766994334573345,-0.0012390443716409896,0.004780440951811263,0.09103569819987548,1.3272534340367173,14.579483216821561,-1.8975695181027243,1.181463429024423,0.763290649491761,0.003218758633759054,0.1229330926705716,0.03950562628202558,true
7.975,9.904806543062046,0.04686245179326716,0.2936906639727175,0.3467715479283115,-0.0002636556841319765,-0.005234986307669907,0.002928218848804818,-0.0016968125707508095,-0.0012314062780540084,0.0047312839064072975,0.09086028529141202,1.3266015384920986,14.600455350072371,-1.9084076277305146,1.1896629843163666,0.7654883519401193,0.003174207929753776,0.12195476558364009,0.03919966488541871,true
8.025,9.904806543062046,0.04637231663471928,0.2945349896294368,0.347074843955658,-0.0002629547043801192,-0.005228338763083238,0.0029402389010411848,-0.0017165813231330151,-0.0012236575779081696,0.004681799329760902,0.09068298021958784,1.3259448417798223,14.621760760057304,-1.9193806577453127,1.1978639345223945,0.7676599545396571,0.003129729040785148,0.12097212720638932,0.03889223758005877,true
8.075,9.904806543062046,0.04587907403926156,0.2953363216145153,0.3473369333252879,-0.0002621891571235793,-0.0052216656070376965,0.0029518054394079888,-0.001736004770844882,-0.0012158006685631067,0.00463200102291732,0.09050378339760351,1.3252833793022847,14.643403066146044,-1.930489689366309,1.2060659537121403,0.7698057093053832,0.0030853323847225477,0.11998534678118696,0.038583396102959494,true
8.125,9.904806543062046,0.04538286325988431,0.2960941428363432,0.3475573240290127,-0.00026135939197028426,-0.005214967617835693,0.0029629200996342214,-0.0017550821216963798,-0.0012078379779378416,0.004581903045009329,0.09032269563331104,1.324617187604888,14.665385906799363,-1.9417358080977243,1.2142687116578033,0.7719258675128957,0.0030410283567262482,0.11899459595458733,0.038273192999919325,true
8.175,9.904806543062046,0.04488382600303557,0.2968079543149164,0.3477355432014182,-0.0002604658060692155,-0.005208245579367859,0.0029735846726032487,-0.0017738127099853152,-0.0011997719626179336,0.004531519702873455,0.09013971813169293,1.323946304366728,14.687712939510863,-1.953120103793311,1.2224718738225893,0.7740206796251858,0.00299682732175465,0.11800004868443201,0.037961681597876815,true
8.225,9.904806543062046,0.044382106321830796,0.2974772757562447,0.34787113765464217,-0.0002595088438723046,-0.005201500280435992,0.0029838011012995845,-0.0017921959953491559,-0.0011916051059504286,0.004480865540268309,0.08995485249691908,1.3232707683904708,14.710387840787048,-1.9646436707300716,1.230675101353096,0.7760903952231721,0.0029527396070303915,0.11700188114307453,0.037648915975995956,true
8.275,9.904806543062046,0.04387785050605466,0.29810164611248935,0.34796367439803744,-0.0002584889968480842,-0.005194732514055679,0.002993571477683259,-0.001810231561552469,-0.0011833399161307898,0.004429955326769051,0.08976810073412182,1.32259061959213,14.733414306151172,-1.9763076076804509,1.2388780510737392,0.7781352629393561,0.0029087754945166158,0.11600027161765122,0.037334950935765984,true
8.325,9.904806543062046,0.04337120696907415,0.29868062412713636,0.3480127411421321,-0.000257406803126595,-0.005187943076739482,0.003002898039553643,-0.001827919115240262,-0.001174978924313381,0.004378804046350011,0.08957946525094607,1.321905898990347,14.75679605015711,-1.988113017986253,1.2470803754815283,0.7801555303940997,0.0028649452134057877,0.11499540040779645,0.03701984197024733,true
8.375,9.904806543062046,0.04286232613164222,0.2992137888647628,0.34801794678707076,-0.00025626284708549647,-0.005181132767761199,0.0030117831673894865,-0.0018452584846504422,-0.0011665246827390443,0.004327426885653381,0.08938894885909918,1.3212166486944594,14.78053680636797,-2.0000610096372293,1.2552817227347965,0.7821514441329205,0.0028212589326336896,0.1139874497220301,0.03670364523286797,true
8.425,9.904806543062046,0.042351360302811,0.29970074022423265,0.347978921894039,-0.00025505775887327286,-0.0051743023884005795,0.0030202293811797,-0.0018622496182924783,-0.0011579797628872217,0.004275839221966084,0.08919655477575349,1.3205229118918524,14.804640327328128,-2.0121526953520323,1.2634817366394735,0.7841232495657402,0.0027777267534269817,0.11297660357217341,0.03638641750555145,true
8.475,9.904806543062046,0.04183846355821483,0.300141099434863,0.34789531913959537,-0.0002537922138663863,-0.005167452741167871,0.003028239337250805,-0.0018788925835952286,-0.0011493467536555762,0.004224056610931098,0.08900228662497488,1.3198247328342896,14.829110384495834,-2.0243891926609394,1.2716800566277902,0.7860711909068728,0.002734358701903905,0.11196304766675652,0.036068216166489385,true
8.525,9.904806543062046,0.04132379161543444,0.30053450953461003,0.34776681375163404,-0.00025246693207783973,-0.005160584629006781,0.003035815825038289,-0.001895187565497572,-0.001140628259540717,0.004172094773964085,0.08880614843898955,1.319122156823088,14.85395076816482,-2.036771623996016,1.2798763177356831,0.7879955111173113,0.002691164721712048,0.11094696930254706,0.03574909915727523,true
8.575,9.904806543062046,0.040807501707303524,0.30088063583004393,0.34759310392677645,-0.0002510826775162566,-0.005153698854475242,0.003042961763807278,-0.0019111348649843143,-0.0011318268988229638,0.004119969585462291,0.08860814465932061,1.318415230194372,14.87916528738297,-2.0493011167741155,1.288070150578475,0.7898964518491786,0.0026481546667542757,0.10992855725453302,0.035429124949487405,true
8.625,9.904806543062046,0.040289752452568314,0.3011791663367017,0.34737391122754796,-0.00024964025748845127,-0.005146796218902302,0.003049680199347078,-0.001926734897579611,-0.001122945301767467,0.004067697059746191,0.08840828013766967,1.3177040003031353,14.904757769874069,-2.0619788034898177,1.296261181328224,0.7917742533930848,0.002605338293958652,0.10890800166379316,0.03510835251055312,true
8.675,9.904806543062046,0.03977070372459259,0.3014298121998507,0.34710898095982945,-0.00024814052185825034,-0.005139877521521173,0.0030559743006099097,-0.0019419881917830816,-0.0011139861088268282,0.004015293337803807,0.08820656013670246,1.316988515507009,14.930732061945745,-2.0748058218046372,1.3044490316887252,0.7936291546273927,0.002562725256146767,0.10788549392421726,0.03478684126918886,true
8.725,9.904806543062046,0.03925051651825727,0.3016323080948896,0.3467980825295072,-0.00024658436224145335,-0.005132943558577473,0.0030618473563532194,-0.0019568953874781305,-0.001104951968875089,0.003962774673852748,0.08800299033062157,1.3162688251495518,14.957092028400563,-2.087783314637173,1.312633318871658,0.7954613929701504,0.0025203250949903566,0.10686122656760569,0.03446465108026555,true
8.775,9.904806543062046,0.038729352814947667,0.3017864126069426,0.34644100977871706,-0.00024497271115149857,-0.005125995122413883,0.003067302771749909,-0.0019714572342949778,-0.001095845537454931,0.003910157421709176,0.08779757680586066,1.315544979542061,14.983841552381499,-2.100912430257713,1.3208136555631582,0.7972712043312468,0.002478147234071529,0.10583539314884446,0.034141842189657226,true
8.825,9.904806543062046,0.03820737544592749,0.3018919085889388,0.3460375812997857,-0.0002433065411099097,-0.005119033000531114,0.0030723440649323645,-0.0019856745899109133,-0.0010866694750214512,0.003857458020993894,0.08759032606137279,1.314817029945493,15.010984535258233,-2.1141943223815938,1.3289896498991953,0.7990588230688979,0.0024362009720452476,0.10480818812876987,0.03381847519827798,true
8.875,9.904806543062046,0.03768474795429969,0.3019486034974135,0.34558764072684356,-0.00024158686370672015,-0.005112057974625714,0.0030769748635100552,-0.0019995484183076674,-0.0010774264452023878,0.0038046929831957676,0.08738124500879242,1.314085028551625,15.038524896496954,-2.127630150264716,1.3371609054396625,0.8008244819480673,0.0023944954759170796,0.10377980675618896,0.033494611025790454,true
8.925,9.904806543062046,0.03716163445562099,0.3019563297055027,0.34509105700419485,-0.00023981472862504908,-0.005105070819606007,0.0030811989010375487,-0.0020130797879741604,-0.0010681191130633883,0.0037518788775992152,0.08717034097229226,1.3133490284640412,15.066466573550503,-2.141221078798891,1.3453270211476651,0.8025684121021605,0.0023530397744424723,0.10275044494836041,0.03317031087375115,true
8.975,9.904806543062046,0.0366381994974497,0.301914944792707,0.3445477246313249,-0.0002379912226182111,-0.005098072302585835,0.003085020013473442,-0.0020262698700747577,-0.0010587501433986842,0.003699032317104004,0.08695762168828651,1.3126090836783353,15.094813521735821,-2.1549682786104407,1.3534875913696058,0.8042908429969151,0.002311842751654531,0.1017202991707769,0.032845636188469966,true
9.025,9.904806543062046,0.036114607918088536,0.3018243318112731,0.34395756388445087,-0.00023611746843244858,-0.0050910631818575965,0.00308844213566134,-0.0020391199365988664,-0.0010493221990624736,0.003646169943963771,0.08674309530485098,1.3118652490620264,15.123569714126425,-2.1688729261596045,1.3616422058206386,0.8059920023973647,0.0022709131405290327,0.10068956631579876,0.03252064862342973,true
9.075,9.904806543062046,0.03559102470458044,0.30168439952840626,0.3433205210146409,-0.00023419462368312092,-0.00508404420584529,0.0030914692978335416,-0.002051631358492417,-0.0010398379393411245,0.0035933084154491286,0.08652677038148733,1.3111175803325292,15.152739141331073,-2.182936203844293,1.369790449552063,0.8076721163329266,0.0022302595168129527,0.09965844358311224,0.03219541000224573,true
9.125,9.904806543062046,0.035067614850388326,0.30149508264436203,0.34263656842164814,-0.00023222387968328543,-0.005077016112038064,0.0030941056221368,-0.002063805603771211,-0.001030300018365589,0.0035404643894788542,0.08630865588845409,1.3103661340354755,15.182325811318414,-2.1971593001008918,1.3779319029307042,0.8093314090669466,0.002189890293007135,0.0986271283585706,0.0318699822810213,true
9.175,9.904806543062046,0.03454454321260191,0.30125634198539397,0.34190570480337024,-0.00023020646023155737,-0.005069979625905909,0.003096355319167381,-0.0020756442356100807,-0.0010207110835573005,0.0034876545102033416,0.08608876120643214,1.309610967520754,15.212333749122482,-2.2115434095132636,1.3860661415996582,0.8109701030643088,0.002149813712517327,0.09759581809498002,0.031544427511281066,true
9.225,9.904806543062046,0.034021974369209174,0.3009681646718021,0.34112795528038153,-0.00022814362036802406,-0.00506293545979718,0.0030982226845005546,-0.0020871489104005124,-0.0010110737741000422,0.0034348953935945696,0.08586709612588417,1.3088521389189587,15.242766996570323,-2.2260897329148275,1.3941927364454778,0.8125884189623208,0.0021100378439872594,0.09656471019207392,0.03121880780255639,true
9.275,9.904806543062046,0.03350007247624437,0.3006305642595506,0.34030337149419254,-0.00022603664509730507,-0.005055884311819486,0.0030997120952114456,-0.002098321375775474,-0.0010013907194359717,0.0033822036130236126,0.08564367084625582,1.308089707116784,15.273629611988675,-2.24079947749701,1.4023112535647564,0.8141865755433211,0.0020705705757973042,0.09553400187643768,0.030893185284884498,true
9.325,9.904806543062046,0.03297900112509619,0.30024358085609876,0.3394320316797954,-0.00022388684808468152,-0.005048826864703958,0.0031008280063787824,-0.002109163468597252,-0.0009916645377815304,0.003329595684854317,0.08541849597506564,1.3073237317316162,15.304925669883426,-2.255673856920023,1.4104212542302546,0.815764789708991,0.0020314196107469643,0.0945038900817322,0.030567622071329216,true
9.375,9.904806543062046,0.03245892320028902,0.29980728120917555,0.338514040711071,-0.0002216955703323701,-0.00504176378465371,0.0031015749475591476,-0.002119677112902248,-0.0009818978346568998,0.0032770880540847424,0.08519158252646172,1.3065542730866415,15.336659260682323,-2.2707140914217843,1.4185222948700298,0.8173232764588854,0.001992592460920239,0.09347457132753255,0.030242180219962098,true
9.425,9.904806543062046,0.031940000737924155,0.29932175876927547,0.33754953011980143,-0.0002194641788258764,-0.005034695720176786,0.003101957519267454,-0.002129864317820723,-0.0009720932014467311,0.003224697080055234,0.08496294191965732,1.3057813921854577,15.368834490456216,-2.2859214079262853,1.4266139270473397,0.8188622488706145,0.0019540964427535853,0.09244624159875409,0.029916921695952857,true
9.475,9.904806543062046,0.031422394785040136,0.2987871337252508,0.33653865808850564,-0.0002171940651434742,-0.005027623300904231,0.0031019803895076512,-0.0021397271754939563,-0.0009622532140136949,0.003172439022249291,0.08473258597722687,1.3050051506859464,15.401455480618587,-2.3012970401547923,1.4346956974403957,0.8203819180814396,0.0019159386723045587,0.09141909622569616,0.02959190833377974,true
9.525,9.904806543062046,0.030906265260022464,0.2982035530124786,0.33548160941607763,-0.00021488664403081947,-0.005020547136394406,0.003101648290355239,-0.002149267858990133,-0.0009523804313651056,0.0031203300262003775,0.084500526923255,1.3042256108736279,15.434526367606566,-2.3168422287375576,1.4427671478210138,0.8218824932710607,0.0018781260607312338,0.09039332976480124,0.02926720179958803,true
9.575000000000001,9.904806543062046,0.030391770814306916,0.29757119029475876,0.3343785954585168,-0.0002125433519348609,-0.00501346781492452,0.0031009660146138194,-0.0021584886202307895,-0.0009424773943830299,0.0030683861095293415,0.08426677738174473,1.3034428356331027,15.468051302451684,-2.3325582213314684,1.4508278150196194,0.8233641816432687,0.001840665309991698,0.08936913588192634,0.028942863554291407,true
9.625,9.904806543062046,0.029879068695654244,0.29689024591906354,0.33322985404315675,-0.00021016564551644933,-0.005006385902270931,0.0030999384124984495,-0.002167391787904777,-0.0009325466245936726,0.003016623148140479,0.08403135037508758,1.3026568884188574,15.502034450288336,-2.348446272733564,1.458877230880986,0.8248271884074017,0.0018035629087794665,0.0883467072373657,0.028618954817155175,true
9.675,9.904806543062046,0.029368314612917064,0.2961609468428168,0.33203564935581575,-0.00020775500015546497,-0.004999301940479158,0.0030985703883016527,-0.002175979765348006,-0.0009225906229536466,0.002965056862568254,0.08379425932235225,1.301867833225502,15.536479989843729,-2.3645076449962232,1.4669149222216211,0.826271716761629,0.001766825128678753,0.08732623537167958,0.028295536529553116,true
9.725,9.904806543062046,0.028859662602726516,0.29538354653390175,0.3307962718009925,-0.00020531290844577477,-0.004992216446624096,0.0030968668970537423,-0.002184255028394941,-0.0009126118686588014,0.002913702804517838,0.08355551803716782,1.3010757345586144,15.571392112964457,-2.3807436075364716,1.4749404107968567,0.8276979678794053,0.0017304580205498637,0.08630791059156863,0.02797266931863971,true
9.775,9.904806543062046,0.02835326489803431,0.29455832484252087,0.32951203783376415,-0.00020284087868804735,-0.004985129911561682,0.003094832941157536,-0.0021922201231921613,-0.0009026128179653748,0.0028625763435929734,0.08331514072517636,1.3002806574056003,15.60677502417851,-2.397155437247531,1.4829532132787264,0.8291061408990875,0.0016944674111335379,0.08529192185584943,0.027650413460961313,true
9.825000000000001,9.904806543062046,0.027849271798883676,0.2936855878456566,0.3281832897645602,-0.00020034043336827654,-0.004978042798672455,0.0030924735670410817,-0.0021998776639960147,-0.000892595903045067,0.002811692654248868,0.08307314198116297,1.2994826672069044,15.642632940277679,-2.413744418605996,1.4909528412400328,0.8304964329157275,0.0016588588998937843,0.0842784566621652,0.02732882884620836,true
9.875,9.904806543062046,0.02734783154566452,0.29276566766464984,0.32681039553782465,-0.0001978131076099569,-0.0049709555425980975,0.0030897938618770285,-0.0022072303309793144,-0.0008825635308977141,0.002761066702995898,0.0828295367861798,1.2986818298264442,15.678970089847596,-2.4305118437792106,1.4989388011353382,0.8318690389733264,0.0016236378561044443,0.08326770093582361,0.02700797494157067,true
9.925,9.904806543062046,0.026849090194990592,0.2917989222558607,0.32539374848469527,-0.00019526044761796494,-0.0049638685479724476,0.0030867989503373487,-0.002214280868032142,-0.0008725180823052066,0.002710713235868034,0.08258434050416515,1.2978782115225105,15.715790712853751,-2.4474590127325104,1.5069105942968195,0.833224152060587,0.0015888094161668656,0.08225983891888775,0.02668791075607626,true
9.975,9.904806543062046,0.02635319149852574,0.29078573517524253,0.32393376705035665,-0.00019268400909615158,-0.004956782188147933,0.0030834939914406645,-0.0022210320805860066,-0.0008624619108546579,0.002660646766189006,0.0823375688790152,1.2970718789174893,15.753099060082462,-2.4645872333283037,1.5148677169066467,0.8345619631035182,0.0015543784812038902,0.08125505306344873,0.02636869480620289,true
10.025,9.904806543062046,0.02586027678477744,0.28972651531653826,0.32243089449667817,-0.00019008535564581428,-0.004949696803919349,0.0030798841754799155,-0.0022274868334562618,-0.0008523973420236537,0.0026108815626380523,0.08208923803185128,1.296262898966014,15.790899392476438,-2.481897821428605,1.522809659957186,0.835882660957031,0.0015203497149025279,0.08025352392801813,0.026050385082420906,true
10.075000000000001,9.904806543062046,0.025370484844010208,0.28862169662389225,0.32088559858018645,-0.0001874660571680457,-0.004942612702246369,0.0030759747209707375,-0.002233648048673575,-0.0008423266722971624,0.0025614316376306513,0.08183936445806202,1.2954513389233977,15.829195980465395,-2.4993921009909816,1.5307359092129753,0.8371864323979148,0.001486727541609298,0.07925543007548348,0.02573303901614592,true
10.125,9.904806543062046,0.024883951816417622,0.2874717377782905,0.319298371204663,-0.00018482768827269766,-0.0049355301549761504,0.0030717708716098057,-0.0022395187032995183,-0.0008322521683102875,0.0025123107360282486,0.0815879650244013,1.2946372663140595,15.867993103233545,-2.5170714041528144,1.538645945165643,0.8384734621176942,0.0014535161446938677,0.07826094797381551,0.025416713447490514,true
10.175,9.904806543062046,0.02440081108372878,0.2862771218581146,0.3176697280479236,-0.00018217182669912784,-0.004928449397567022,0.0030672778932305006,-0.002245101827220376,-0.0008221760660101244,0.0024635323241947267,0.08133505696550435,1.2938207489004019,15.90729504805209,-2.534937071317752,1.5465392430060279,0.8397439327192886,0.0014207194651411684,0.07727025189715712,0.02510146459304266,true
10.225,9.904806543062046,0.02392119316441233,0.28503835597486,0.3160002081646164,-0.0001795000517384492,-0.004921370627814396,0.003062501070787111,-0.0022504005009351758,-0.0008121005698519352,0.002415109579416092,0.0810806578798266,1.2930018546541322,15.947106109703132,-2.55299045122043,1.554415272617251,0.8409980247178105,0.0013883412004084275,0.07628351382757001,0.02478734801374584,true
10.275,9.904806543062046,0.02344522561258855,0.2837559708835327,0.31429037356442324,-0.0001768139426698246,-0.004914294004580315,0.0030574457053501544,-0.002255417853329858,-0.0008020278520202962,0.0023670553796945252,0.08082478572625337,1.2921806517249672,15.987430589689064,-2.5712329009927615,1.562273498532802,0.8422359165364525,0.0013563848035462382,0.07530090336214934,0.024474418584452075,true
10.325000000000001,9.904806543062046,0.02297303292087252,0.282430520568248,0.31254080876571055,-0.00017411507720284307,-0.004907219646527746,0.0030521171111409203,-0.0022601570594520666,-0.0007919600516888537,0.0023193822939393286,0.08056745881910653,1.2913572084142497,16.02827279576559,-2.5896657862103347,1.5701133799528373,0.8434577845122891,0.001324853482549947,0.07432258761719203,0.024162730462390234,true
10.375,9.904806543062046,0.02250473642744988,0.28106258180555554,0.3107521203282936,-0.00017140502990621646,-0.004900147630860888,0.0030465206126727602,-0.002264621338321249,-0.0007818992743515111,0.0022721025725851883,0.08030869582345056,1.2905315931478052,16.069637041359638,-2.608290480929824,1.5779343707568674,0.8446638029017984,0.001293750199977305,0.07334873113666822,0.023852337056950564,true
10.425,9.904806543062046,0.022040454227436657,0.2796527537052801,0.3089249363656656,-0.00016868537063815167,-0.004893077992073877,0.0030406615419799844,-0.0022688139507656014,-0.000771847591214383,0.002225228138642969,0.08004851575195888,1.2897038744448681,16.111527644574814,-2.627108367714934,1.585735919430938,0.8458541438737001,0.0012630776728633252,0.07237949580945523,0.023543291002258087,true
10.475,9.904806543062046,0.02158030108851472,0.2782016572287944,0.30705990603582956,-0.0001659576629861271,-0.004886010720709377,0.003034545235911819,-0.0022727381972753573,-0.0007618070386364618,0.002178770579182178,0.0797869379597044,1.2888741208931047,16.153948927630708,-2.6461208376429024,1.593517469088229,0.8470289775169173,0.0012328383728432903,0.07141504078219701,0.023235644128194496,true
10.525,9.904806543062046,0.021124388370812534,0.27670993468542204,0.3051576990114454,-0.00016322346272579065,-0.004878945762129216,0.0030281770334568215,-0.002276397415855901,-0.0007517796176009207,0.002132741137242039,0.07952398214125429,1.2880424011180127,16.196905215713798,-2.665329290295072,1.6012784573783607,0.8481884718321568,0.0012030345265877304,0.07045552238360014,0.022929447435093293,true
10.575000000000001,9.904806543062046,0.02067282395106538,0.2751782492080762,0.30321900493002374,-0.0001604843163052963,-0.004871883015298718,0.0030215622730702593,-0.0022797949798674362,-0.0007417672932028231,0.0020871507041746247,0.07925966832584819,1.2872087837558666,16.240400836197818,-2.684735133754501,1.6090183164824559,0.8493327927372766,0.00117366811640965,0.06950109404501656,0.02262475106712002,true
10.625,9.904806543062046,0.02022571215119605,0.27360728420739866,0.3012445328230703,-0.00015774175936986197,-0.0048648223315864375,0.00301470628997697,-0.0022829342958378728,-0.0007317719941390974,0.002042009812434289,0.07899401687246958,1.2863733374301534,16.28444011787519,-2.704339784552699,1.6167364730999316,0.8504621040717812,0.0011447408811589505,0.068551906224112,0.02232160428655176,true
10.675,9.904806543062046,0.01978315367145291,0.27199774280641054,0.29923501052572,-0.00015499731529659418,-0.00485776351358034,0.003007614413539635,-0.0022858188012943176,-0.0007217956122453173,0.0019973286288272113,0.07872704846427687,1.2855361307272988,16.329027390257398,-2.7241446676362595,1.6244323484637406,0.8515765676057976,0.0011162543173011718,0.06760810632972584,0.022020055448371285,true
10.725,9.904806543062046,0.01934524552812697,0.27035034725506824,0.29719118406848943,-0.00015225249374241004,-0.00485070631392308,0.0030002919646984526,-0.002288451962617226,-0.0007118400020812267,0.0019531169482232447,0.07845878410326164,1.2846972321744956,16.374166982803,-2.744151216288782,1.6321053583456433,0.8526763430477344,0.0010882096802742748,0.06666983865112823,0.02172015197620164,true
10.775,9.904806543062046,0.018912080995943846,0.26866583832641844,0.29511381705096246,-0.00014950878922482925,-0.004843650434168019,0.0029927442534353455,-0.002290837272894351,-0.0007019069805409943,0.001909384187739746,0.0781892451049755,1.2838567102157918,16.419863224054772,-2.7643608720613426,1.6397549130400502,0.8537615880491007,0.00106060798605164,0.0657372442910087,0.02142194033939177,true
10.825000000000001,9.904806543062046,0.01848374955555737,0.266944974696217,0.2930036900004957,-0.00014676767971491834,-0.004836595523657756,0.002984976576328551,-0.0022929782498083313,-0.0006919983265202198,0.0018661393814404746,0.0779184530925352,1.2830146331934804,16.466120440940795,-2.7847750846494588,1.647380417390476,0.8548324582156248,0.0010334500129577826,0.06481046109971361,0.021125466030403568,true
10.875,9.904806543062046,0.01806033684609773,0.26518853230750916,0.29086159971733805,-0.0001440306252420572,-0.004829541178427487,0.0029769942142237496,-0.0022948784335720318,-0.0006821157806517178,0.0018233911755448,0.07764642999020828,1.2821710693307828,16.512942958130502,-2.805395311757241,1.6549812708389715,0.8558891071215171,0.0010067363036917255,0.06388962361181887,0.02083077354288344,true
10.925,9.904806543062046,0.01764192462280665,0.26339730371878467,0.28868835860567943,-0.0001412990665283099,-0.004822486940135309,0.002968802429978445,-0.002296541384891096,-0.0006722610450873492,0.001781147824150505,0.07737319802002396,1.2813260867088667,16.560335096621742,-2.8262230189133595,1.6625568673086508,0.8569316863006456,0.0009804671676586264,0.06297486299625057,0.020537906354110208,true
10.975,9.904806543062046,0.017228590719413836,0.2615720974377085,0.28648479399091237,-0.0001385744236566603,-0.0048154322950218756,0.002960406466248333,-0.002297970682938705,-0.0006624357833096279,0.0017394171854352707,0.0770987796951711,1.2804797532532641,16.60830117306596,-2.8472596792668177,1.6701065952519456,0.8579603452613176,0.0009546426834385612,0.06206630699937531,0.02024690690503632,true
11.025,9.904806543062046,0.01682040901551937,0.25971373724107577,0.284251747424744,-0.00013585809478174968,-0.004808376672901583,0.002951811543293951,-0.00229916992333244,-0.0006526416199615112,0.0016982067183635655,0.07682319781553675,1.2796321367170975,16.65684549853904,-2.868506773332146,1.6776298375881757,0.8589752314859354,0.0009292627015281921,0.061164079898685164,0.019957816583736437,true
11.075000000000001,9.904806543062046,0.01641744940838616,0.257823061480032,0.281990073975539,-0.00013315145487981293,-0.00480131944618756,0.002943022856807778,-0.002300142716113724,-0.0006428801406940538,0.001657523479838784,0.07654647546142802,1.2787833046673982,16.705972377680283,-2.8899657887458643,1.6851259717102158,0.8599764904404531,0.0009043268472065458,0.06026830245417014,0.019670675708028017,true
11.125,9.904806543062046,0.016019777789772913,0.25590092237412276,0.27970064150895513,-0.00013045585454323538,-0.004794259928952667,0.0029340455757494136,-0.0023008926837243576,-0.0006331528920250559,0.0016173741223642758,0.07626863598751175,1.2779333244755684,16.755686107783774,-2.9116382199465694,1.6925943694930696,0.8609642655841164,0.0008798345236445893,0.05937909186418696,0.01938552350947864,true
11.175,9.904806543062046,0.01562745602737385,0.253948185292581,0.27738432995572393,-0.00012777261882022074,-0.004787197376028624,0.002924884840207634,-0.0023014234589899285,-0.0006234613812177055,0.0015777648921694802,0.07598970301572554,1.2770822633093766,16.805990978081507,-2.933525567858742,1.7000343973446,0.8619386983847033,0.0008557849151511902,0.05849656172184609,0.019102398117523046,true
11.225,9.904806543062046,0.015240541950741416,0.2519657280234384,0.27504203056841503,-0.00012510304605921815,-0.0047801309821460265,0.0029155457593982984,-0.0023017386831655218,-0.0006138070762327767,0.0015387016277886676,0.0757097004278196,1.2762301881269598,16.85689126908773,-2.955629339550468,1.707445416255891,0.8628999283333918,0.0008321769905929544,0.05762082197417122,0.018821336544424035,true
11.275,9.904806543062046,0.01485908934306577,0.2499544400390351,0.2726746451780434,-0.00012244840681023642,-0.004773059881117806,0.0029060334096831448,-0.0023018420039874745,-0.0006041914056956702,0.0015001897592309885,0.07542865235991571,1.2753771656695996,16.90839125143061,-2.977951047813887,1.714826781778427,0.8638480929499579,0.0008090095070638709,0.05675197889124492,0.018542374673447055,true
11.325000000000001,9.904806543062046,0.014483147936701657,0.247915221747338,0.270283085434709,-0.00011980994275626908,-0.004765983145068403,0.002896352832672996,-0.0023017370737631916,-0.0005946157589098045,0.0014622343075288604,0.0751465831944411,1.274523262460005,16.960495185285904,-3.0004922107579537,1.7221778441062845,0.8647833278014936,0.0007862810136357824,0.055890135031083574,0.018265547245572625,true
11.375,9.904806543062046,0.014112763414758374,0.24584898374240483,0.267868272052027,-0.00011718886568099757,-0.00475889978371149,0.002886509033417259,-0.0023014275475013828,-0.0005850814859158764,0.001424839884898494,0.07486351755338067,1.2736685448051162,17.013207319532373,-3.023254351273309,1.7294979481108201,0.8657057665146118,0.0007639898553677986,0.055035389212455633,0.017990887848736377,true
11.425,9.904806543062046,0.013747977415819294,0.24375664604078817,0.2654311340359268,-0.00011458635648795771,-0.0047518087436794225,0.0028765069786313093,-0.0023009170810588007,-0.0005755898975725086,0.0013880106952163793,0.07457948029287507,1.27281307878849,17.066531890409106,-3.04623899656236,1.7367864332682028,0.8666155407741357,0.0007421341774052845,0.05418783649512059,0.017718428909501007,true
11.475,9.904806543062046,0.013388827544026038,0.24163913731673564,0.26297260791536003,-0.00011200356424362835,-0.00474470890790678,0.0028663515950261937,-0.0023002093293368426,-0.0005661422656893511,0.0013517505350373977,0.07429449649412781,1.2719569302792544,17.12047312117916,-3.0694476775782444,1.7440426338137986,0.8675127803502519,0.000720711929207306,0.05334756815306215,0.01744820168233097,true
11.525,9.904806543062046,0.013035347383527547,0.23949739413367938,0.26049363696977457,-0.00010944160528244017,-0.004737599095070815,0.0028560477676363655,-0.0022993079444765885,-0.000556739823159777,0.0013160627950536128,0.07400859145798488,1.2711001649300822,17.175035220764784,-3.0928819284429383,1.7512658786655244,0.8683976130964354,0.000699720868957898,0.05251467166207413,0.017180236243566294,true
11.575000000000001,9.904806543062046,0.01268756651829131,0.2373323601770958,0.2579951704599696,-0.00010690156238416595,-0.004730478059091831,0.0028456003381233516,-0.002298216574041409,-0.0005473837640819425,0.0012809504620944349,0.07372179069755924,1.2702428481900565,17.230222382974635,-3.11654328572285,1.7584554915161192,0.8692701649683284,0.0006791585681456392,0.051689230685351986,0.016914561484651175,true
11.625,9.904806543062046,0.012345510555071368,0.23514498547893664,0.255478162850477,-0.00010438448397991113,-0.0047233444886976865,0.0028350141031776637,-0.0022969388592485466,-0.0005380752439291172,0.0012464161214454962,0.07343411993322584,1.26938504530475,17.286038784954606,-3.140433287754383,1.7656107907192962,0.8701305600173266,0.0006590224162290157,0.050871325069103995,0.016651205108661745,true
11.675,9.904806543062046,0.01200920114603786,0.23293622561671257,0.2529435730023645,-0.00010189138336622102,-0.0047161970070538515,0.0028242938130822737,-0.002295478433283069,-0.0005288153797992049,0.0012124619591333528,0.07314560507497853,1.268526821331212,17.34248858876617,-3.1645534742861785,1.7727310898166138,0.8709789204609036,0.0006393096250077911,0.05006103080674283,0.016390193616491737,true
11.725,9.904806543062046,0.01167865602417209,0.23070704095966488,0.2503923634252454,-9.942323800173337e-5,-0.004709034171461807,0.0028134441702581175,-0.002293838919605322,-0.0005196052506527956,0.0011790897654990102,0.07285627209757013,1.2676682414793754,17.39957597311178,-3.1889053863404193,1.7798157046066452,0.8718153675184156,0.0006200172315569059,0.04925841972190909,0.016131552199951778,true
11.775,9.904806543062046,0.011353889037121586,0.2284583958846616,0.24782549949273036,-9.698098886130333e-5,-0.004701854473130301,0.0028024698278358738,-0.0022920239302736665,-0.0005104458975622073,0.0011463009386159663,0.0725661475266102,1.2668093697832965,17.457304996365615,-3.213490562265165,1.786863924185437,0.8726400180057945,0.0006011421118759553,0.04846356079436439,0.015875305177682097,true
11.825000000000001,9.904806543062046,0.011034910186121238,0.22619125799952144,0.24524394866838722,-9.456553981806067e-5,-0.004694656337021276,0.0027913753883442444,-0.002290037064328887,-0.0005013383240153576,0.0011140964882197309,0.07227525770019494,1.2659502710793604,17.51567979640626,-3.2383105417832123,1.7938750537778254,0.8734529893997905,0.000582680972871313,0.04767651819260602,0.015621475343024025,true
11.875,9.904806543062046,0.01072172566910594,0.22390659737060076,0.24264867973719925,-9.217775708653858e-5,-0.004687438121773397,0.0027801654024330064,-0.002287881906200065,-0.0004922834962329415,0.0010824770400605266,0.07198362923786929,1.2650910097329195,17.57470445887685,-3.2633668620795113,1.8008483869337901,0.8742543965525057,0.0005646303660193309,0.046897352568839853,0.01537008438961207,true
11.925,9.904806543062046,0.010414337927479863,0.22160538575294272,0.24004066204035518,-8.981846872097862e-5,-0.004680198119705801,0.0027688443676339475,-0.0022855620241340096,-0.00048328234349993794,0.0010514428406251635,0.07169128891578394,1.2642316499638204,17.63438304825177,-3.2886610577351685,1.8077832124107025,0.8750443525125945,0.000546986690446279,0.046126120750867666,0.015121152807348002,true
11.975,9.904806543062046,0.010112745696460437,0.21928859582421878,0.23742086471460544,-8.748846416987752e-5,-0.0046729345569046675,0.002757416727156582,-0.0022830809686472243,-0.00047433575850935753,0.001020993762219823,0.07139826365811958,1.2633722558594258,17.6947196070328,-3.314194659881821,1.8146788142697803,0.8758229685410682,0.0005297461981745356,0.0453628757526357,0.014874699883619323,true
12.025,9.904806543062046,0.00981694405884122,0.2169572004234983,0.23479025593729674,-8.518849388022278e-5,-0.00466564559339543,0.002745886868744142,-0.00228044227101374,-0.00046544459773040225,0.0009911293083980151,0.0711045805282127,1.2625128913876185,17.755718154988365,-3.3399691953481394,1.8215344719881341,0.8765903541282717,0.0005129049994214138,0.04460766678738398,0.014630743705356846,true
12.075000000000001,9.904806543062046,0.009526924502001259,0.21461217179598024,0.23214980217840042,-8.291926895232052e-5,-0.004658329323403477,0.0027342591235929607,-0.0022776494417910474,-0.0004566096818019133,0.0009618486197163054,0.07081026671956843,1.261653620408401,17.817382688374238,-3.3659861858101423,1.8283494605771633,0.8773466170109196,0.0004964590679433604,0.04386053928383085,0.014389301162079458,true
12.125,9.904806543062046,0.009242674977993765,0.21225448084484827,0.22950046746086056,-8.06814608454476e-5,-0.004650983775706164,0.0027225377653393615,-0.002274705969386802,-0.0004478317959525596,0.0009331504798009327,0.07051534954694823,1.2607945066825508,17.87971717906794,-3.3922471469589643,1.835123050697467,0.8780918631880957,0.0004804042464181099,0.04312153490578581,0.014150387950060428,true
12.175,9.904806543062046,0.008964179966600039,0.20988509639132025,0.22684321263036905,-7.847570113409936e-5,-0.0046436069140791385,0.0027107270091179204,-0.0022716153186689136,-0.00043911169044900684,0.0009050333217138015,0.07021985643761512,1.2599356138763433,17.942725573580432,-3.4187535876968815,1.8418545087658948,0.8788261969357769,0.00046473625185850323,0.0423906915752862,0.013914018577649925,true
12.225,9.904806543062046,0.008691420541224248,0.2075049844437312,0.22417899463528373,-7.630258131897211e-5,-0.004636196637839378,0.0026988310106736096,-0.002268380929610835,-0.00043045008106277474,0.0008774952346052907,0.06992381492265269,1.2590770055620426,18.006411791959437,-3.4455070093709574,1.8485430970595895,0.8795497208204796,0.0004494506810513028,0.041668043498942035,0.013680206371651332,true
12.275,9.904806543062046,0.008424374437556195,0.20511510747624784,0.2215087658170644,-7.416265269839186e-5,-0.004628750782487289,0.0026868538655059836,-0.002265006215961641,-0.0004218476495443427,0.0008505339706465201,0.06962725262815628,1.258218745214774,18.07077972664353,-3.472508905046946,1.855188073828366,0.8802625357132681,0.00043454301601688944,0.04095362119692296,0.013448963484564598,true
12.325000000000001,9.904806543062046,0.008163016124989273,0.2027164237177964,0.21883347321159627,-7.205642629589466e-5,-0.004621267120449498,0.00267479960805785,-0.0022614945639475564,-0.00041330504411029364,0.0008241469522397857,0.06933019726609782,1.2573608962063187,18.135833241327916,-3.4997607588278243,1.8617886934266792,0.8809647408052823,0.0004200086294851856,0.040247451534073976,0.0132203009025273,true
12.375,9.904806543062046,0.007907316880745372,0.20030988645189096,0.2161540578620247,-6.998437284588019e-5,-0.004613743361924048,0.0026626722109414245,-0.0022578493310019044,-0.0004048228799395201,0.0007983312795022895,0.06903267662479581,1.2565035217961578,18.20157616986902,-3.5272640452185633,1.8683442064698859,0.8816564336251721,0.0004058427903857904,0.03954955775298738,0.012994228453896868,true
12.425,9.904806543062046,0.007657244866635572,0.19789644332815873,0.21347145414395308,-6.794692283929945e-5,-0.004606177155828927,0.0026504755841980517,-0.002254073844521966,-0.0003964017396760858,0.0007730837380159829,0.06873471855904328,1.2556466851196069,18.268012315217433,-3.555020228539862,1.874853860012788,0.8823377100581064,0.00039204066935060274,0.038859959509141694,0.012770754818511474,true
12.475,9.904806543062046,0.00741276520833874,0.19547703568646532,0.2107865891040741,-6.594446661914013e-5,-0.004598566090855087,0.0026382135746342537,-0.002250171400674609,-0.00038804217395964477,0.0007484008068316196,0.0684363509801083,1.2547904491711301,18.33514544829907,-3.5830307624107904,1.8813168977379042,0.8830086643649525,0.00037859734422160054,0.038178672908548233,0.012549887537779934,true
12.525,9.904806543062046,0.007173840077041584,0.1930525978945587,0.20810038181329735,-6.397735453294846e-5,-0.004590907696624973,0.0026258899652098914,-0.002246145263239116,-0.00037974470197077535,0.0007242786667112237,0.06813760184578341,1.2539348767817722,18.402979306783013,-3.611297089309802,1.887732560144007,0.8836693892006323,0.0003655078055609335,0.03750571054821744,0.012331633025705863,true
12.575000000000001,9.904806543062046,0.006940428773290517,0.19062405670002747,0.20541374273517254,-6.204589714040677e-5,-0.004583199444957045,0.0026135084744863734,-0.002241998662491629,-0.00037150981199474435,0.0007007132085938653,0.06783849915054563,1.253080030589419,18.471517593698717,-3.6398206402329443,1.894100084731262,0.8843199756313121,0.00035276696215603834,0.036841081559462426,0.012115996580855196,true
12.625,9.904806543062046,0.006712487812889747,0.1881923305972222,0.20272757311016118,-6.01503654745847e-5,-0.004575438751236737,0.0026010727561355685,-0.0022377347941319645,-0.000363337962003604,0.0006777000422680239,0.0675390709157757,1.2522259730007683,18.540763975897022,-3.668602834472171,1.900418706185989,0.8849605131507818,0.00034036964651117395,0.03618479165380194,0.011902982399191775,true
12.675,9.904806543062046,0.00648997101475423,0.18575832920968416,0.20004276435612586,-5.829099136489475e-5,-0.004567622975893819,0.0025885863984715096,-0.002233356818234232,-0.0003552295802372778,0.0006552345052413181,0.06723934517986165,1.2513727661456815,18.610722082410625,-3.697645079517862,1.9066876565765785,0.8855910896972115,0.0003283106203233912,0.035536843170988375,0.011692593587623652,true
12.725,9.904806543062046,0.006272829590707782,0.18332295268876364,0.19736019748561195,-5.646796781319439e-5,-0.0045597494259852515,0.0025760529240388074,-0.0022288678582385716,-0.0003471850658002358,0.000633311671806621,0.06693934998811255,1.2505204718238494,18.681395502733796,-3.7269487710958433,1.9129061655656143,0.8862117916707513,0.00031658457993942153,0.03489723512893043,0.011484832178184887,true
12.775,9.904806543062046,0.006061012237094904,0.18088709112893364,0.19468074254046233,-5.468144942613928e-5,-0.004551815356882857,0.0025634757892479725,-0.0022242709999794334,-0.00033920478926853905,0.0006119263622912878,0.06663911338254142,1.2496691514431255,18.752787784996592,-3.7565152933510957,1.919073460634764,0.8868227039515852,0.0003051861617903883,0.034265963275564575,0.011279699142872291,true
12.825000000000001,9.904806543062046,0.005854465228215439,0.17845162400035058,0.19200525804430585,-5.2931552904182736e-5,-0.004543817974063733,0.0025508583840477372,-0.002219569290745821,-0.00033128909330191634,0.0005910731524904217,0.0663386633915306,1.248818865950318,18.82490243404201,-3.7863460191715284,1.9251887673221335,0.8874239099183691,0.00029410994780635616,0.0336430201426321,0.011077194409121693,true
12.875,9.904806543062046,0.005653132511481383,0.1760174195993623,0.1893345904736935,-5.121835759055503e-5,-0.004535754435001727,0.0025382040316446093,-0.002214765738378876,-0.0003234382932657334,0.0005707463832740071,0.06603802801950762,1.2479696757542669,18.89774290936757,-3.8164423106529384,1.9312513094646313,0.8880154914663032,0.00028335047080964775,0.03302839510153544,0.01087731687598213,true
12.925,9.904806543062046,0.005456955804085405,0.17358533451715807,0.186669573748047,-4.954190602322294e-5,-0.004527621851157208,0.002525515988464019,-0.0022098633105045676,-0.0003156526779594512,0.000550940170346669,0.06573723523678113,1.2471216406341807,18.971312622779646,-3.846805519808801,1.9372603094294498,0.8885975290233172,0.0002729022198569475,0.032422074421414586,0.010680064431048856,true
12.975,9.904806543062046,0.0052658746910187225,0.17115621312660084,0.18401102873825825,-4.79022046596853e-5,-0.004519417290058649,0.0025127974435770802,-0.0022048649335131964,-0.00030793251006388384,0.0005316484141436639,0.06543631296884778,1.2462748196507283,19.04561493622114,-3.8774369893068776,1.9432149883963257,0.8891701015703612,0.00026275964558674,0.03182404132808031,0.010485433967674177,true
13.025,9.904806543062046,0.005079826724149578,0.16873088708699407,0.1813597627935607,-4.629922455699029e-5,-0.004511137777491592,0.0025000515185535973,-0.0021997734917656503,-0.00030027802678794704,0.0005128648098339498,0.06513528908562415,1.2454292710365498,19.12065315929373,-3.908338053567278,1.9491145666367755,0.8897332866604765,0.0002529171654782663,0.03123427606451184,0.010293421402735954,true
13.075000000000001,9.904806543062046,0.004898747522422952,0.16631017486724653,0.17871656928689308,-4.473290207258439e-5,-0.004502780299761055,0.0024872812676874135,-0.0021945918270015585,-0.00029268944068585505,0.000494582857436458,0.06483419139028473,1.2445850520740558,19.19643054668457,-3.9395100401332006,1.9549582638106493,0.8902871604386211,0.00024336916905169965,0.030652755952281757,0.010104021694737448,true
13.125,9.904806543062046,0.004722570873099564,0.16389488128775598,0.1760822271789081,-4.320313970732988e-5,-0.004494341806044544,0.002474489677607051,-0.002189322737455046,-0.0002851669401520052,0.00047679587204129206,0.06453304760685677,1.2437422189762932,19.272950295999085,-3.9709542711334596,1.9607452993661498,0.8908317976702947,0.00023411002304934612,0.03007945545237696,0.00991722886170931,true
13.175,9.904806543062046,0.0045512288336486606,0.16148579707907074,0.17345750059799797,-4.170980695799107e-5,-0.004485819210825583,0.00246167966694352,-0.0021839689770137317,-0.00027771068992978824,0.00045949699409693465,0.06423188536603176,1.2429008267576525,19.35021554598404,-4.002672065084847,1.9664748930566922,0.891367271779777,0.00022513407652962868,0.029514346224444085,0.00973303599862188,true
13.225,9.904806543062046,0.0043846518338924,0.15908369845252177,0.17084313842923038,-4.0252741237999094e-5,-0.004477209396403165,0.0024488540855940946,-0.0021785332541908236,-0.000270320831403271,0.0004426791997228546,0.06393073218561218,1.2420609291108413,19.428229376518406,-4.034664739022162,1.9721462658162785,0.8918936549198848,0.00021643566586370042,0.028957397178238076,0.009551435292238394,true
13.275,9.904806543062046,0.004222768777442414,0.15668934667136372,0.1682398738951842,-3.883174888474373e-5,-0.004468509215472066,0.002436015712998019,-0.002173018230618758,-0.0002629974823792607,0.00042633531095065245,0.06362961543702896,1.2412225783155564,19.506994813506804,-4.066933611134939,1.9777586415718589,0.8924110181249124,0.00020800911956156754,0.02840857450286519,0.009372418028639804,true
13.325000000000001,9.904806543062046,0.004065507140591822,0.154303487598429,0.16564842409317188,-3.7446606289229644e-5,-0.004459715493770228,0.0024231672543735703,-0.0021674265185407555,-0.0002557407358328148,0.00041045800570830546,0.06332856227963608,1.2403858252328028,19.586514845476934,-4.09948000431203,1.9833112512462931,0.8929194316573194,0.00019984876278362438,0.027867841644040485,0.009195974583560735,true
13.375,9.904806543062046,0.0039127930657998885,0.1519268511778374,0.16306948942554395,-3.609706119861088e-5,-0.004450825032790625,0.0024103113332120995,-0.002161760676452901,-0.0002485506567591984,0.0003950398272584795,0.06302759952854105,1.2395507194888984,19.666792464904006,-4.132305251339317,1.9888033413483777,0.8934189657565842,0.00019194892129738062,0.02733515917558627,0.00902209437772243,true
13.425,9.904806543062046,0.0037645514457573487,0.14956015078440468,0.1605037528234239,-3.478283424416604e-5,-0.004441834612558773,0.0023974504776275735,-0.002156023201707988,-0.00024142727591958558,0.00038007319268585607,0.06272675339914158,1.2387173100258875,19.747830756419148,-4.165410703014134,1.9942341912213257,0.8939096921388866,0.00018430392452177877,0.026810484479491383,0.00885076576876692,true
13.475,9.904806543062046,0.0036207059932370734,0.14720408235037807,0.15795187862697307,-3.350362072872881e-5,-0.004432740994482605,0.0023845870976501294,-0.0021502165186504845,-0.0002343705789996449,0.0003655503999493302,0.062426049045002506,1.2378856462856735,19.82963306540977,-4.198797741073923,1.9996031450948555,0.894391686764429,0.00017690810720228048,0.02629377111500868,0.008681975840161749,true
13.525,9.904806543062046,0.00348117929221426,0.14485932316638633,0.15541451096415865,-3.225909264924591e-5,-0.004423540924290434,0.002371723450724949,-0.002144342960960083,-0.00022738048976486637,0.0003514636330431611,0.06212550978355538,1.2370557803785567,19.912203291183378,-4.2324677984541,2.0049096670225355,0.8948650345361804,0.0001697558092421778,0.02578496773598276,0.008515710040357869,true
13.575000000000001,9.904806543062046,0.003345892828058414,0.14252653027051132,0.15289227149291595,-3.1048900821249454e-5,-0.004414231135084914,0.002358861594151259,-0.002138404747648101,-0.00022045684650315788,0.000337804965045187,0.06182515590208477,1.2362277706137372,19.995546352873024,-4.266422389682454,2.0101534274875767,0.8953298366243142,0.00016284137337607842,0.02528401643118888,0.008351951630606674,true
13.625,9.904806543062046,0.003214766999852674,0.14020633840795263,0.15038575647189273,-2.9872676828681596e-5,-0.004404808350555069,0.0023460033264403146,-0.0021324039538077894,-0.00021359937263252518,0.0003245663593605976,0.061525002975972486,1.2354016866707282,20.079668864919725,-4.300663153687387,2.0153344283354104,0.8957862208924443,0.00015615914081227653,0.024790850444266054,0.008190680926907588,true
13.675,9.904806543062046,0.003087721126302676,0.13789935767963557,0.1478955333277805,-2.8730034373654342e-5,-0.004395269288399891,0.0023331501247496216,-0.002126342479838172,-0.0002068076449114496,0.0003117396703184992,0.06122505973360017,1.2345776163895912,20.16458002264811,-4.335191909412636,2.0204531659852254,0.896234355296891,0.00014970344573889428,0.02430539140191706,0.008031874378568454,true
13.725,9.904806543062046,0.0029646734670860818,0.13560617119696394,0.14542213718775276,-2.76205695206083e-5,-0.004385610664019849,0.002320303091867363,-0.002120222026025676,-0.00020008106584168666,0.00029931664532738673,0.06092532567574404,1.2337556736158724,20.250292631707058,-4.3700107210116474,2.025510820609255,0.8966744630765515,0.00014346861061031676,0.023827546439848513,0.007875503612324726,true
13.775,9.904806543062046,0.002845541290917147,0.13332733328323326,0.14296606818736388,-2.6543859404795138e-5,-0.004375829194516928,0.002307462931790264,-0.002114044082114912,-0.0001934188496753521,0.00028728893174701577,0.06062578888163109,1.2329360058015981,20.336824122962685,-4.405121964183119,2.0305094420915366,0.8971068371546885,0.0001374489451514028,0.02335720591937373,0.007721534671642782,true
13.825000000000001,9.904806543062046,0.002730241025446312,0.13106336893149423,0.1405277906298074,-2.5499459268868136e-5,-0.0043659216030023556,0.002294629975024781,-0.0021078099424442958,-0.00018682003258048505,0.00027564809202242785,0.06032642464925165,1.232118799314141,20.424197297915374,-4.4405283794517425,2.0354520859808236,0.8975318497862674,0.0001316387525996818,0.022894242673503585,0.0075699277625293614,true
13.875,9.904806543062046,0.0026186885175815133,0.1288147752394891,0.13810773510282803,-2.4486898203191368e-5,-0.004355884623141727,0.0022818042704797897,-0.0021015207549291114,-0.00018028351555067837,0.00026438562996627214,0.06002719572745301,1.231304279951456,20.512440486842994,-4.476233093888442,2.0403428412936826,0.8979499526951463,0.0001260323463455629,0.02243851377009304,0.007420637833578416,true
13.925,9.904806543062046,0.002510799413127927,0.12658202530166052,0.13570630431047595,-2.3505674585192366e-5,-0.0043457150037785,0.002268985748658434,-0.0020951776058933764,-0.0001738081427650577,0.00025349302908764536,0.05972805479516014,1.2304927063710445,20.6015868186411,-4.512239592487016,2.045186695282305,0.8983616634291796,0.00012062407846838677,0.021989865500241897,0.007273616225623482,true
13.975,9.904806543062046,0.0024064896334507787,0.1243655745191275,0.13332388260139305,-2.255525271283494e-5,-0.004335409513391026,0.0022561744421031554,-0.0020887816331905396,-0.00016739280891261586,0.00024296180071648512,0.05942894946112635,1.2296843552705787,20.691672432724722,-4.5485516264466375,2.0499892044851378,0.8987675358814708,0.00011540837874286517,0.021548141642353334,0.007128813408440486,true
14.025,9.904806543062046,0.002305675891520396,0.1221658685769286,0.13096084809725603,-2.1635062244921947e-5,-0.00432496494408864,0.0022433707283381517,-0.0020823341496038414,-0.0001610365787343103,0.00023278353610403803,0.05912982942251866,1.228879499173908,20.782733709458473,-4.585173058572024,2.054755986458252,0.8991681167849671,0.0001103797991300149,0.021113194113539534,0.006986182510679258,true
14.075000000000001,9.904806543062046,0.0022082761619509157,0.11998335164008789,0.12861758525341388,-2.0744501610045225e-5,-0.004314378114871181,0.002230575545159698,-0.002075836750885371,-0.00015473879427432705,0.00022294995387847654,0.05883065468388903,1.228078380116555,20.874803904789253,-4.622107663845388,2.0594921030615394,0.8995638946102764,0.00010553305570843142,0.020684894163662485,0.006845683031813838,true
14.125,9.904806543062046,0.002114210011640083,0.1178184729048764,0.1262944950280412,-1.9882945566301453e-5,-0.004303645873982465,0.0022177905251240834,-0.002069291381544277,-0.00014849914357980632,0.0002134529334266513,0.05853140314865992,1.2272811845790983,20.967909849384792,-4.659358921026406,2.064201456209394,0.8999552511650664,0.00010086305874194363,0.020263141653048905,0.0067072839207411705,true
14.175,9.904806543062046,0.0020233987169428406,0.11567168973570675,0.1239919999460969,-1.9049755887053504e-5,-0.004292765100370123,0.0022050180091181754,-0.0020627003384161647,-0.00014231767070201073,0.0002042845267240638,0.0582320757117633,1.2264880258145698,21.06206950075816,-4.696929842227465,2.0688863402269786,0.9003424276669293,9.636492302429807e-5,0.019847869997115148,0.006570965219069859,true
14.225,9.904806543062046,0.0019357651374427094,0.11354346627072334,0.12171054231187514,-1.8244293152371186e-5,-0.004281732704478932,0.0021922609261262834,-0.0020560662061138812,-0.0001361947200124022,0.0001954369455906882,0.057932697352709485,1.2256989387021078,21.15729104135667,-4.734822886424143,2.073547277267708,0.9007255151066732,9.203395473805904e-5,0.01943904516818086,0.006436717734278782,true
14.275,9.904806543062046,0.001851233377604475,0.11143426751174026,0.11945057550872751,-1.7465927242354892e-5,-0.004270545628783659,0.002179522560384598,-0.0020493917358636177,-0.00013013082452098014,0.00018690252753105976,0.05763331362231157,1.2249138895512903,21.253573889200947,-4.773039986064859,2.0781832027054707,0.9011044734402164,8.786561693168824e-5,0.01903665855936481,0.0063045406767647276,true
14.325000000000001,9.904806543062046,0.0017697283146808638,0.10934454995198957,0.11721254998158716,-1.671404442802974e-5,-0.004259200848554035,0.00216680625812135,-0.0020426796948749223,-0.0001241265632464278,0.0001786736880712217,0.05733398307820386,1.2241327993495599,21.350911512284718,-4.811582692138375,2.08279197958744,0.9014791768267502,8.385548098904811e-5,0.0186407151003762,0.006174437720677205,true
14.375,9.904806543062046,0.0016911751434661583,0.10727475151176305,0.11499689778367894,-1.5988050026350233e-5,-0.0042476953732584755,0.0021541151445110688,-0.002035932722453309,-0.00011818242205775993,0.00017074287479655669,0.05703476746082524,1.2233555756445755,21.449295405383157,-4.850452393716513,2.0873711282081557,0.9018494747470094,7.999917695297107e-5,0.018251219479179754,0.006046412433940633,true
14.425,9.904806543062046,0.0016154989483739284,0.10522528090457947,0.11280401699742482,-1.5287366173034187e-5,-0.004236026248906355,0.0021414519215219264,-0.002029153228610937,-0.00011229869291098926,0.00016310252414829103,0.056735721794355314,1.2225821433436552,21.548719302012845,-4.889650609573197,2.0919185867805923,0.9022152536527366,7.629234977582149e-5,0.017868163495419462,0.005920464082878069,true
14.475,9.904806543062046,0.0015426248592831284,0.10319651918858463,0.11063427064687523,-1.4611427785752637e-5,-0.004224190560951228,0.0021288187934770477,-0.0020223433584361716,-0.00010647543504087613,0.0001557450771578856,0.05643688834000183,1.221812472585578,21.649182095667932,-4.92917904577751,2.0964332891749646,0.9025764820630101,7.273065213899788e-5,0.017491519396494806,0.005796585414084324,true
14.525,9.904806543062046,0.0014724769759940893,0.10118879112127022,0.1084879558209133,-1.3959671047648087e-5,-0.0042121854386139475,0.0021162175394607136,-0.0020155050306954097,-0.00010071250876530395,0.0001486628708589473,0.05613829068960872,1.2210465692240429,21.750690201368393,-4.969040335023807,2.1009154141675,0.9029332281790382,6.930969375975881e-5,0.01712123399825058,0.005674760718490316,true
14.575000000000001,9.904806543062046,0.001404983401535287,0.09920248856641531,0.10636543629306061,-1.333154676930365e-5,-0.004200008055258566,0.002103649646813673,-0.002008640007536656,-9.50096392770168e-5,0.000141848646455334,0.05583995243711351,1.220284536703281,21.853251721114113,-5.009235342951485,2.105366127740324,0.9032856369367867,6.60252792393671e-5,0.0167572532226319,0.005554973899081254,true
14.625,9.904806543062046,0.0013400577469611127,0.0972375802461723,0.10426662531995734,-1.2726440572733968e-5,-0.004187655643609766,0.0020911166671234702,-0.0020017500714465493,-8.9366595676921e-5,0.00013529368202549842,0.05554183628771536,1.2195262714744888,21.956895071980565,-5.0497741391302515,2.109787501269307,0.9036339216098463,6.287258299556487e-5,0.016399449354256686,0.0054371846108343174,true
14.675,9.904806543062046,0.0012776749692009941,0.09529569729480838,0.10219320294669487,-1.2143974461705869e-5,-0.00417512544897997,0.0020786195699112335,-0.001994836709211774,-8.378286069945931e-5,0.00012899544919390258,0.05524413985698465,1.2187725602174595,22.06157184042693,-5.090629350200377,2.114179907272249,0.9039781585029919,5.984960828699234e-5,0.01604797399287571,0.005321444287271235,true
14.725,9.904806543062046,0.0012175698956878535,0.0933714496718703,0.10013939418807727,-1.1582811091789556e-5,-0.004162414925919494,0.002066162517996123,-0.0019879029721478368,-7.825954584828607e-5,0.00012292717585087178,0.0549460644588888,1.2180206268617868,22.16756812079093,-5.131930301381148,2.1185515750069928,0.9043190336283126,5.694349249606223e-5,0.01570181505233737,0.005207421571636534,true
14.775,9.904806543062046,0.0011604429572962273,0.09148871082024948,0.09813053083299422,-1.1045311527874723e-5,-0.004149520962120915,0.0020537349739158076,-0.0019809446067038474,-7.279036721196015e-5,0.00011715957825638454,0.05465110946037071,1.2172815773068157,22.273684639275366,-5.173150654849789,2.1228700758377346,0.9046540730130549,5.418530450361034e-5,0.015364895954742362,0.005096409647817669,true
14.825000000000001,9.904806543062046,0.0011031565391525495,0.08954912074395167,0.09606194548148977,-1.0517538736890288e-5,-0.0041364429901671815,0.00204139575313219,-0.0019739918808158187,-6.740387231637121e-5,0.00011137587941334101,0.0543443677346033,1.2165120894540524,22.38524690166648,-5.216509499758871,2.127298077185214,0.904995874573927,5.1430855505853707e-5,0.015020360636491429,0.004982857505659857,true
14.875,9.904806543062046,0.0010580054060741182,0.08796455952999133,0.09437202167927927,-1.0033384805736556e-5,-0.004123170616144969,0.002028877119796579,-0.001966911881132247,-6.196523866433198e-5,0.00010681737209852042,0.05408993528470687,1.215876716976035,22.478797775892442,-5.252793916806492,2.1310564729453287,0.9052846201415675,4.9235150772980606e-5,0.01473905881925092,0.004890121102121027,true
14.925,9.904806543062046,0.000974671130107306,0.08501702962272027,0.09123142172867749,-9.531132440969932e-6,-0.004109734077765033,0.0020163742496699293,-0.0019598037586430984,-5.6570491026830885e-5,9.840385330797071e-5,0.053612837890537945,1.214720115749327,22.65726202051526,-5.3211114254599385,2.137895364197343,0.9058068301978406,4.535069626405561e-5,0.014222415613285801,0.004719730719673209,true
14.975,9.904806543062046,0.0009277052038508689,0.08322974691680662,0.08932786726968266,-9.010280636978049e-6,-0.00409610294157043,0.002004506181160292,-0.0019529774777249606,-5.152870343533159e-5,9.366212250765185e-5,0.0533202521146519,1.2139902869107508,22.76790222785083,-5.363997763443741,2.1419131316537054,0.9061117099161927,4.307650543429386e-5,0.013912418975003215,0.004617466735227408,true
