r,tau,Dtau,Sr,E,nur,Pi,piR,piEta,piPhi,D,T,mu,alpha,phi,ur,v,n,e,P,ok
0.024999999999999994,13.504810143065464,0.028703992098361296,0.0,0.039866744721853864,1.691555759170338e-7,-0.0005742673215108224,-0.0006187756373390962,0.0009218771601424858,-0.0003031015228033896,0.002125464319326281,0.06792072810107323,1.3746320488112436,20.238770803010908,-1.8457981045520544,0.0,0.0,0.0021254643193262925,0.03986674472185486,0.012295161141015639,true
0.07499999999999998,13.504810143065464,0.028597850125415093,0.0004873143511050482,0.039674007491055534,5.071668168716792e-7,-0.0005768122088761665,-0.0006324021281013594,0.0009769132412643358,-0.0003445111131629764,0.0021176047513781376,0.06783469867413922,1.3746721826292863,20.265029689788477,-1.8475473440629104,0.009612586103313357,0.009612142023903406,0.002117502048165856,0.03966932335630347,0.012232996151683608,true
0.125,13.504810143065464,0.028691384105553327,0.0007342805492761401,0.03983952667808588,8.496523342865988e-7,-0.000576047155387145,-0.0005324825283373933,0.0009567464477079118,-0.00042426391937051854,0.00212453072657863,0.06790401924717092,1.3746520473723767,20.244045383655973,-1.8459577800741993,0.014395171989390696,0.014393680730352796,0.0021242984087599137,0.039828957678294065,0.01228309474712848,true
0.175,13.504810143065464,0.02868179160353254,0.0010376516987643568,0.039825433899836726,1.1826696838944396e-6,-0.0005762252010361647,-0.0005133629929194761,0.0009583296633315092,-0.00044496667041203316,0.0021238204239591068,0.06789325683490646,1.374658833020285,20.24735440756646,-1.846150454742547,0.020345870302298535,0.020341660477603225,0.0021233569254546195,0.03980432634128747,0.012275314366647739,true
0.22499999999999998,13.504810143065464,0.02869173183811084,0.001330289339517037,0.03984798086903375,1.5225855869585898e-6,-0.0005762765767864149,-0.0004984416913060992,0.0009571433160463008,-0.00045870162474020157,0.0021245564753713812,0.06789711456247836,1.3746596304099903,20.246215752586068,-1.8460338174558588,0.026066707954918278,0.02605785664976905,0.0021237953914851173,0.03981331638012292,0.012278109635708835,true
0.275,13.504810143065464,0.02869682710006939,0.0016270791251365882,0.03986351236927434,1.858925867213542e-6,-0.0005763829901566888,-0.0004912907990051452,0.0009571445441407307,-0.0004658537451355855,0.0021249337677512496,0.06789635104897349,1.374662266356712,20.24648225005746,-1.846015753525283,0.03187384031846493,0.0318576616631438,0.0021237959941341903,0.03981167743300783,0.012277562297216377,true
0.325,13.504810143065464,0.028704417433173972,0.0019232577026801916,0.0398851664034658,2.1967550216324783e-6,-0.0005764841258703,-0.0004862077580298403,0.0009567924158212489,-0.0004705846577914086,0.0021254958143867944,0.06789678159490455,1.374664347240461,20.246384511156645,-1.8459733998488248,0.03766356233756326,0.03763687701610549,0.002123907241382745,0.03981278098984106,0.012277878516009592,true
0.375,13.504810143065464,0.028713121462336188,0.0022201692374538232,0.039910131217374384,2.5332138582509033e-6,-0.0005765992767578953,-0.0004826880089774551,0.0009563773426120355,-0.0004736893336345804,0.002126140327643183,0.06789713297132735,1.3746669079222305,20.246317447641655,-1.845926132561402,0.04346390674833677,0.043422910747408505,0.002124025015030231,0.039813725006733885,0.012278138424420073,true
0.42500000000000004,13.504810143065464,0.028723170652477745,0.0025173038262233417,0.03993941547252981,2.869892548761837e-6,-0.0005767310952237228,-0.00047989121445209316,0.0009557938872893873,-0.0004759026728372941,0.0021268844469632697,0.06789787906694875,1.3746688996606138,20.246124305372796,-1.8458765142841516,0.04926277910382346,0.049203111700086184,0.002124167313847827,0.03981555629118683,0.012278682996750296,true
0.475,13.504810143065464,0.02873377614423596,0.002814914480424312,0.03997277650630145,3.205744058448356e-6,-0.0005768906721194144,-0.0004775976472884485,0.0009551106944673869,-0.00047751304717893843,0.00212766975913322,0.06789894003815972,1.3746687195940486,20.245805292711115,-1.8458503230759464,0.05506451742338736,0.05498122619481948,0.0021242754320123275,0.03981800905653633,0.012279451027737729,true
0.525,13.504810143065464,0.028744956776092664,0.00311299034686637,0.04001039368890985,3.5412069391962105e-6,-0.0005770856472805088,-0.0004755953819043986,0.0009543342727165596,-0.00047873889081216094,0.002128497659099103,0.0679003984188693,1.374666134660354,20.245332379056244,-1.8458487469613463,0.06086768766358447,0.06075524640355942,0.002124350922606102,0.03982126319333672,0.012280501834330817,true
0.5750000000000001,13.504810143065464,0.02875588951046941,0.003411635342723752,0.04005217629406436,3.878861170843403e-6,-0.0005773243398585898,-0.00047377944189698994,0.0009534834648449928,-0.00047970402294800283,0.0021293072028291467,0.0679022513743926,1.3746592017517871,20.244677811525417,-1.8459004776899282,0.06667348720966616,0.0665257858431953,0.002124332689024833,0.039825214571882296,0.012281829290057498,true
0.625,13.504810143065464,0.0287652185866785,0.0037108879353624944,0.040097991051344,4.2235185530684896e-6,-0.0005776127587618935,-0.00047206196251004597,0.0009525610488001954,-0.00048049908629014946,0.0021299979993757295,0.06790450849446293,1.3746446775096828,20.243790993962854,-1.8460530128207753,0.07248190420598859,0.07229225471629029,0.002124120313563651,0.03982972259550075,0.012283433522294076,true
0.675,13.504810143065464,0.028773890597528447,0.0040108223225954545,0.04014788720610783,4.578524593608176e-6,-0.0005779507344043894,-0.00047038517262247114,0.000951568803768861,-0.00048118363114638986,0.002130640141750045,0.06790713472440274,1.374624906945882,20.242716947559625,-1.8462727600412783,0.07829344232150229,0.07805457588422819,0.0021237834607569475,0.03983482417077535,0.012285294203654188,true
0.725,13.504810143065464,0.02878334423985662,0.004311498319207614,0.040201961995750816,4.937978317129776e-6,-0.0005783336580832721,-0.0004687024486930586,0.000950503710397844,-0.00048180126170478536,0.002131340162130045,0.06791009027008729,1.3746034341974336,20.241519761355878,-1.8465086013558207,0.08410821992575852,0.083812290225223,0.0021234287631591094,0.03984060544732081,0.012287390120027795,true
0.775,13.504810143065464,0.02879444201425268,0.004612972796080922,0.040260269358592456,5.287555348721321e-6,-0.0005787562328238566,-0.000466987228422194,0.0009493660595835006,-0.00048237883116130655,0.002132161926692337,0.06791334621824059,1.3745824318804267,20.240240076864787,-1.8467293264646683,0.08992634448722915,0.089564929203862,0.002123121060772852,0.0398471087766981,0.012289705022960902,true
0.8250000000000001,13.504810143065464,0.028807223474846905,0.004915304633428513,0.040322806308405,5.631226547090209e-6,-0.0005792146107597155,-0.00046522622937304064,0.000948158653924902,-0.0004829324245518614,0.0021331083643289146,0.06791689299117076,1.3745620170980595,20.23888250124683,-1.846933470856029,0.09574805092303398,0.09531215159706248,0.0021228629667634333,0.03985431804804492,0.012292232310310337,true
0.8750000000000001,13.504810143065464,0.028821535621900464,0.0052185556613317165,0.04038955159758949,5.9714799655385075e-6,-0.0005797062157184716,-0.0004634097921627238,0.0009468834229465753,-0.0004834736307838515,0.002134168145762488,0.06792072228964831,1.3745418491765884,20.23744452119998,-1.8471262759602969,0.10157367847859923,0.10105371983452925,0.0021226429250938016,0.03986219713585726,0.012294965339130024,true
0.9249999999999999,13.504810143065464,0.028837249673215177,0.005522784735243709,0.040460490656857584,6.309306099627004e-6,-0.0005802292880150989,-0.00046152892329597164,0.0009455407259345052,-0.0004840118026385336,0.0021353317349687225,0.06792482727696132,1.3745216432087692,20.23592401058601,-1.8473121216723416,0.10740350556431859,0.10678933678191767,0.0021224512877779846,0.03987071613780288,0.012297898649508808,true
0.975,13.504810143065464,0.028854281826604426,0.005828050062177738,0.04053561450623677,6.644977790943601e-6,-0.00058078261250603,-0.0004595764927768334,0.0009441304736395875,-0.00048455398086275406,0.00213659292658925,0.06792920080185208,1.3745012233711225,20.234320544717008,-1.8474937898202952,0.11323779911809732,0.11251869469679773,0.0021222817876768336,0.039879849920626,0.012301026789069682,true
1.025,13.504810143065464,0.02887257500400564,0.006134409087465508,0.040614919791539965,6.9786158179445125e-6,-0.0005813653452457776,-0.00045754696426220066,0.0009426523914869798,-0.0004851054272247791,0.0021379474941253663,0.06793383650147451,1.3744804746177792,20.23263436016816,-1.8476731456127369,0.11907680804475479,0.11824146893472831,0.0021221301445545336,0.03988957825000684,0.012304345009534413,true
1.0750000000000002,13.504810143065464,0.028892085109579024,0.006441919214993181,0.04069840718561279,7.310314464190528e-6,-0.000581976912539167,-0.00045543617033403906,0.0009411061903381784,-0.00048567002000413935,0.00213939217238198,0.06793872876548238,1.3744593099226659,20.23086588309829,-1.8478516209905533,0.12492077847359312,0.12395733307044221,0.002121993036419916,0.03989988405988621,0.012307849171087914,true
1.125,13.504810143065464,0.028912775401558437,0.006750637914633473,0.04078608084891791,7.640160572309684e-6,-0.0005826169393348964,-0.000453240894868702,0.0009394915569703888,-0.0004862506621016868,0.002140924240716168,0.06794387279305307,1.3744376567550374,20.229015513162903,-1.8480304122110738,0.13076995450516807,0.1296659597010958,0.0021218676824903008,0.03991075290514392,0.012311535755115727,true
1.1750000000000003,13.504810143065464,0.028934614577573736,0.007060622813066599,0.04087794782271426,7.968220859249655e-6,-0.0005832851984279473,-0.00045095862795392806,0.0009378081699030315,-0.0004868495419491034,0.0021425413812597187,0.06794926440767585,1.3744154532497648,20.227083622328436,-1.848210541276274,0.13662457977107187,0.13536702203434497,0.0021217517033561874,0.03992217233882903,0.012315401721860785,true
1.225,13.504810143065464,0.02895757600228734,0.00737193167046009,0.04097401764937845,8.294539930387384e-6,-0.0005839815726639205,-0.00044858740571422824,0.0009360557175605896,-0.00048746831184636136,0.0021442416217274003,0.06795489992802498,1.3743926468613301,20.225070573527884,-1.8483928792729885,0.14248489656969104,0.14106019310553955,0.0021216430648442583,0.03993413154441432,0.012319444413982285,true
1.275,13.504810143065464,0.028981637113095315,0.007684622399811355,0.04107430207271035,8.619141661121135e-6,-0.0005847060267796878,-0.00044612570963935337,0.000934233918882348,-0.0004881082092429946,0.0021460232914105046,0.06796077606177019,1.3743691933363065,20.222976737156877,-1.8485781644033392,0.14835114595118346,0.1467451459270969,0.0021215400343446967,0.039946621037294065,0.01232366147738641,true
1.3250000000000002,13.504810143065464,0.029006778830670953,0.00799875311378067,0.04117881484083408,8.94203187513002e-6,-0.0005854585859124462,-0.0004435723759583305,0.0009323425297013702,-0.0004887701537430397,0.0021478849775289537,0.06796688984355553,1.3743450555340715,20.220802492176766,-1.848767021047423,0.1542235681634868,0.15242155398712998,0.002121441137176669,0.03995963246131801,0.012328050813760589,true
1.375,13.504810143065464,0.02903298498331125,0.008314382182134733,0.04128757154172808,9.263200395054035e-6,-0.0005862393192461501,-0.00044092651365296436,0.0009303813392503721,-0.0004894548255974078,0.0021498254826054918,0.06797323858486619,1.3743202022373353,20.21854822352571,-1.8489599786502817,0.16010240331601336,0.15808909195253582,0.002121345113949664,0.03997315841246408,0.012332610541699464,true
1.4250000000000003,13.504810143065464,0.029060241781783538,0.008631568265362327,0.04140058944213566,9.582623315720304e-6,-0.0005870483278191019,-0.00043818743894034114,0.0009283501645147416,-0.0004901627255744004,0.0021518437855792866,0.06797981982449786,1.3742946070800015,20.216214321073377,-1.8491574888625713,0.16598789170236847,0.16374743603522443,0.0021212508816870327,0.03998719226978694,0.012337338958496336,true
1.475,13.504810143065464,0.029088537362794573,0.008950370317021512,0.04151788731991915,9.900265763581005e-6,-0.0005878857357698354,-0.0004353546329445427,0.0009262488488129784,-0.0004908942158684357,0.0021539390080008744,0.06798663127568844,1.3742682476487662,20.21380118211851,-1.8493599402121668,0.1718802737092931,0.16939626395719418,0.0021211575000438508,0.040001728027264344,0.012342234499846862,true
1.525,13.504810143065464,0.029117861404597364,0.009270847566914217,0.04163948530559927,1.0216084822384085e-5,-0.0005887516842471849,-0.0004324277182746432,0.0009240772647535033,-0.0004916495464788601,0.0021561103855687294,0.06799367077626842,1.3742411047449783,20.211309215336918,-1.849567670332558,0.1777797894891556,0.17503525469140666,0.0021210641428727477,0.040016760140619306,0.012347295702045357,true
1.5750000000000002,13.504810143065464,0.029148204808235385,0.009593059505402735,0.041765404751283666,1.0530031906956407e-5,-0.0005896463271948113,-0.0004294064440444191,0.000921835317863793,-0.0004924288738193739,0.002158357244526136,0.06800093624827566,1.3742131617700646,20.208738843723072,-1.849780976113032,0.18368667868244815,0.18066408825605845,0.002120970074677443,0.04003228340227558,0.012352521171281005,true
1.625,13.504810143065464,0.029179559434221552,0.00991706588191733,0.04189566813521954,1.0842054134709645e-5,-0.0005905698283353729,-0.0004262906697736513,0.0009195229470092503,-0.000493232277235599,0.0021606789821628745,0.06800842566945313,1.3741844042032358,20.206090505348495,-1.8500001221653903,0.18960118035511753,0.18628244571808622,0.002120874631232792,0.04004829284853107,0.012357909561735391,true
1.6750000000000003,13.504810143065464,0.029211917884814257,0.010242926718035547,0.042030298996434706,1.1152094755983312e-5,-0.0005915223589081282,-0.0004230803446530751,0.0009171401203575101,-0.000494059775704435,0.0021630750506932655,0.06801613705416618,1.3741548191569934,20.203364652459673,-1.8502253478874715,0.19552353313700555,0.19189000938870035,0.0021207772036529837,0.04006478369251773,0.012363459560671287,true
1.725,13.504810143065464,0.029245273324568645,0.010570702326237535,0.04216932188633338,1.1460093095447823e-5,-0.000592504095946636,-0.000419775484701895,0.0009146868285285186,-0.0004949113438266236,0.002165544943968405,0.06802406843900072,1.374124395009002,20.20056175030492,-1.8504568732738247,0.20145397542767357,0.19748646308053394,0.0021206772253535167,0.04008175127185838,0.012369169877070846,true
1.775,13.504810143065464,0.029279619334037214,0.010900453324185088,0.04231276232526551,1.1765984513106955e-5,-0.0005935152210298921,-0.00041637615290640194,0.000912163077850257,-0.000495786924943855,0.0021680881866430308,0.06803221786930401,1.3740931211099812,20.197682276796225,-1.8506949035807894,0.20739274553076692,0.20307149229423835,0.0021205741614939676,0.04009919100229577,0.012375039231104756,true
1.8250000000000002,13.504810143065464,0.029314949792437962,0.011232240639447645,0.04246064675882134,1.206970066026882e-5,-0.000594555919476657,-0.0004128824460586987,0.0009095688859716854,-0.0004966864399129867,0.002170704325487374,0.06804058338537554,1.3740609875612744,20.194726723295723,-1.8509396329749082,0.2133400816548786,0.20864478427779629,0.0021204675005635433,0.04011709833395576,0.012381066343476488,true
1.875,13.504810143065464,0.02935125878479133,0.011566125506117207,0.04261300251521079,1.23711700028147e-5,-0.0005956263799171336,-0.0004092944886765552,0.0009069042803771782,-0.000497609791700623,0.002173392922510858,0.06804916300924986,1.374027985047956,20.1916955960382,-1.851191247347462,0.2192962218075026,0.21420602798630542,0.002120356747767574,0.04013546871172388,0.012387249925295532,true
1.9250000000000003,13.504810143065464,0.02938854052854112,0.01190216945855498,0.0427698577680382,1.2670318402067996e-5,-0.0005967267941304309,-0.00040561243156553935,0.0009041692988404369,-0.0004985568672748976,0.002176153549528553,0.06805795473364211,1.3739941047105684,20.18858941747454,-1.8514499265013167,0.22526140365534697,0.2197549140128749,0.0021202414198546213,0.04015429754255108,0.012393588669588493,true
1.975,13.504810143065464,0.02942678931479967,0.012240434327411735,0.042931241507750406,1.2967069535924515e-5,-0.0005978573570231878,-0.00040183645170555656,0.000901363990301822,-0.0004995275385962654,0.0021789857838105135,0.06806695651402378,1.3739593380410717,20.185408727037707,-1.8517158458959482,0.2312358644182229,0.2252911345537945,0.0021201210410372877,0.040173580171232515,0.01240008124512575,true
2.0250000000000004,13.504810143065464,0.029465999460175328,0.012580982240312726,0.043097183521970325,1.3261345067650683e-5,-0.0005990182666507016,-0.00039796675103928407,0.0008984884150106707,-0.0005005216639713866,0.0021818892045147127,0.06807616626364775,1.3739236767946867,20.182154081264024,-1.8519891780779851,0.2372198408247261,0.23081438343329846,0.0021199951397274795,0.04019331186383333,0.012406726292418954,true
2.075,13.504810143065464,0.02950616526646846,0.012923875626630858,0.04326771438247423,1.3553064602414208e-5,-0.0006002097242288713,-0.0003940035533916465,0.0008955426435554076,-0.0005015390901637611,0.002184863389702629,0.06808558185061778,1.3738871129140555,20.178826053486823,-1.852270093874511,0.2432135691188747,0.23632435617648936,0.0021198632458774794,0.04021348779648159,0.012413522421226057,true
2.125,13.504810143065464,0.02954728098656642,0.013269177224004112,0.043442865435617234,1.384214554961348e-5,-0.0006014319341263269,-0.00038994710005763413,0.0008925267550525198,-0.0005025796549948857,0.0021879079138138456,0.06809520109594118,1.3738496384654364,20.175425233413765,-1.8525587633822673,0.24921728508500576,0.24182075009921103,0.0021197248888041643,0.04023410304704335,0.012420468208791953,true
2.1750000000000003,13.504810143065464,0.02958934079549142,0.013616950084101409,0.04362266879379309,1.4128503013199147e-5,-0.0006026851038493286,-0.00038579764508595363,0.0008894408350244675,-0.0005036431899385138,0.0021910223455222097,0.068105021771935,1.3738112455860714,20.171952226762183,-1.8528553567826478,0.2552312240568193,0.24730326438328587,0.002119579595401891,0.04025515258816825,0.012427562198364444,true
2.225,13.504810143065464,0.029632338765796483,0.013967257576014355,0.043807157326809225,1.4412049780738585e-5,-0.0006039694440357672,-0.0003815554510979539,0.0008862849734170426,-0.0005047295223190887,0.002194206245913963,0.0681150416009113,1.3737719264411077,20.168407654950745,-1.853160045008378,0.26125562088604026,0.2527716001152569,0.0021194268886854228,0.04027663128145228,0.012434802897928435,true
2.2750000000000004,13.504810143065464,0.029676268846585748,0.014320163386801758,0.04399636465315672,1.4692696428854692e-5,-0.0006052851684677187,-0.0003772207859818105,0.0008830592629625455,-0.000505838476980735,0.002197459166934243,0.06812525825425733,1.373731673187857,20.164792154780695,-1.8534730002913729,0.2672907098638859,0.2582254602835731,0.002119266286606106,0.04029853387287888,0.012442188779238776,true
2.325,13.504810143065464,0.029721124845382058,0.014675731519552133,0.044190325131798644,1.4970351519223786e-5,-0.0006066324941031232,-0.0003727939203686932,0.0008797637978746102,-0.000506969877505917,0.0022007806500444174,0.06813566935243763,1.3736904779438401,20.16110637789889,-1.853794396629656,0.27333672459598995,0.2636645497361577,0.0021190973010868507,0.04032085499059756,0.012449718277530789,true
2.3750000000000004,13.504810143065464,0.029766900412167396,0.015034026289653678,0.04438907385485173,1.5244921849843316e-5,-0.0006080116411207593,-0.0003682751255566376,0.0008763986727305258,-0.0005081235471738882,0.00220417022504032,0.06814627246580891,1.3736483327575721,20.157350990060007,-1.8541244101916563,0.27939389784200097,0.26908857510980205,0.0021189194372317377,0.04034358914473855,0.012457389791828541,true
2.4250000000000003,13.504810143065464,0.029813589025030597,0.015395112319880493,0.04459264664170326,1.5516312739460466e-5,-0.0006094228329694387,-0.0003636646714474808,0.0008729639813362177,-0.0005092993098887369,0.00220762740898949,0.06815706511674972,1.3736052295793342,20.15352666999988,-1.8544632196846762,0.28546246132163317,0.2744972447341331,0.0021187321926781264,0.040366730730308616,0.012465201686214794,true
2.475,13.504810143065464,0.029861183977131778,0.015759054534479316,0.044801080034819335,1.5784428348523704e-5,-0.0006108662964115737,-0.0003589628240590198,0.0008694598153581545,-0.0005104969912991347,0.002211151705265926,0.06816804478306103,1.3735611602310864,20.149634107921493,-1.8548110067010777,0.2915426454866067,0.2798902685108253,0.0021185350570603807,0.0403902740330335,0.012473152292032132,true
2.5250000000000004,13.504810143065464,0.029909678364721977,0.016125918152167337,0.045014411297852205,1.6049172064351345e-5,-0.0006123422615542952,-0.00035416984226036507,0.0008658862625428062,-0.0005117164202824412,0.002214742602662962,0.06817920890310779,1.3735161163736926,20.145674003428987,-1.855167956056203,0.2976346792455925,0.2852673577579417,0.0021183275115785835,0.04041421323916911,0.012481239911359604,true
2.575,13.504810143065464,0.02995906507626705,0.016495768677831348,0.04523267841649343,1.6310446971612783e-5,-0.0006138509618675358,-0.00034928597362337774,0.0008622434044641244,-0.0005129574308407466,0.00221839957458792,0.06819055488314037,1.3734700894696763,20.141647062755563,-1.8555342561321102,0.3037387896298793,0.29062822501032054,0.0021181090286639197,0.04043854245023795,0.01248946282208797,true
2.6250000000000004,13.504810143065464,0.030009336782512927,0.016868671892960974,0.04545592010191195,1.656815641064735e-5,-0.0006153926341979158,-0.00034431144963667504,0.0008585313139178917,-0.0005142198642812167,0.002222122078326463,0.06820208010673408,1.3734230707420754,20.13755399531381,-1.8559100992203723,0.30985520139705536,0.29597258377577074,0.0021178790717519113,0.04046325570259337,0.01249781928455581,true
2.6750000000000003,13.504810143065464,0.03006048592736372,0.01724469384532714,0.04568417579615229,1.682220459344679e-5,-0.0006169675187934818,-0.00033924648086810485,0.0008547500522583169,-0.000515503571390212,0.0022259095543671428,0.06821378194580595,1.3733750511300564,20.133395509739756,-1.8562956818688598,0.31598413659160757,0.30130014826574913,0.002117637095126426,0.04048834699059359,0.012506307549357295,true
2.725,13.504810143065464,0.03011250471936625,0.017623900838786656,0.04591748567795783,1.7072497215292524e-5,-0.0006185758593604655,-0.0003340912529002615,0.0008508996670985414,-0.0005168084141982798,0.002229761425770847,0.06822565777244728,1.3733260212438916,20.129172309695267,-1.8566912052149582,0.32212581409228097,0.306610633128002,0.0021173825438341675,0.0405138102917417,0.012514925865773147,true
2.7750000000000004,13.504810143065464,0.030165385123343314,0.018006359424368477,0.04615589066705982,1.731894198689419e-5,-0.0006202179031742723,-0.0003288459240006975,0.0008469801908742856,-0.0005181342668735881,0.0022336770975512625,0.06823770497004011,1.3732759713232443,20.124885089939404,-1.8570968752890225,0.32828044919675314,0.3119037532253416,0.0021171148536287604,0.040539639590396796,0.012523672489710683,true
2.825,13.504810143065464,0.03021911885174301,0.018392136394012777,0.046399432424476354,1.7561448978725197e-5,-0.0006218939012653733,-0.0003235106256844944,0.0008429916408799111,-0.0005194810151954167,0.0022376559560343106,0.06824992094175748,1.3732248912039036,20.120534533304063,-1.8575129032644986,0.3344482533062584,0.3171792235131004,0.002116833450901203,0.04056582889583997,0.012532545689766045,true
2.8750000000000004,13.504810143065464,0.030273697354908882,0.01878129877866501,0.046648153345489614,1.7799930634251136e-5,-0.0006236041087065576,-0.00031808546757737196,0.000838934021518517,-0.000520848553941145,0.0022416973681376787,0.06826230311422005,1.3731727702981407,20.116121309304145,-1.8579395056396706,0.3406294337935266,0.3224367590829045,0.002116537752519526,0.040592372249691165,0.012541543749774493,true
2.9250000000000003,13.504810143065464,0.030329111809357698,0.019173913852847675,0.046902096540967615,1.8034301258727322e-5,-0.0006253487850279714,-0.00031257054828639575,0.0008348073296700526,-0.0005222367813836568,0.002245800680502812,0.0682748489327738,1.373119597599129,20.11164607557255,-1.858376904294619,0.3468241941670514,0.32767607546200356,0.0021162271655242437,0.04061926371483297,0.01255066496525563,true
2.975,13.504810143065464,0.030385353102645122,0.019570049148076887,0.047161305801323085,1.826447574415481e-5,-0.0006271281947838834,-0.00030696597415372565,0.0008306115641768341,-0.0005236455900231085,0.0022499652183742536,0.06828755584424122,1.3730653617183124,20.107109483463887,-1.8588253264067025,0.3530327346730017,0.33289688927642347,0.0021159010865123896,0.04064649733643868,0.012559907630693675,true
3.0250000000000004,13.504810143065464,0.03044241181356263,0.019969772477472766,0.047425825536756075,1.8490367268616057e-5,-0.0006289426082841407,-0.00030127188764223726,0.0008263467403921971,-0.0005250748527499599,0.0022541902841332717,0.06830042126250327,1.3730100509700771,20.102512189391952,-1.8592850041415483,0.3592552534878936,0.33809891939004183,0.0021155589006596528,0.04067406706476359,0.012569270014224755,true
3.075,13.504810143065464,0.030500278186222356,0.0203731519733243,0.04769570068717188,1.8711883722149167e-5,-0.0006307923024798872,-0.0002954885064219092,0.0008220129104012472,-0.000526524403979338,0.0022584751553789027,0.06831344251174017,1.3729536535154225,20.09785487357734,-1.8597561740903867,0.3654919486599378,0.34328188862898756,0.00211519998019073,0.040701966627924205,0.012578750315890034,true
3.1250000000000004,13.504810143065464,0.030558942097229227,0.020780256137775593,0.047970976597031444,1.8928922722573783e-5,-0.0006326775619495709,-0.00028961617261439915,0.0008176101887072435,-0.0005279940160928443,0.0022628190824971225,0.06832661674360194,1.3728961575759338,20.093138267445255,-1.8602390763913856,0.3717430209000056,0.34844552614677243,0.002114823682249688,0.04073018934621693,0.012588346606657426,true
3.1750000000000003,13.504810143065464,0.030618393016095646,0.02119115390374609,0.04825169885475252,1.9141365329495227e-5,-0.0006345986798677987,-0.0002836554088938995,0.0008131387817666739,-0.0005294833728727744,0.002267221285729646,0.06833994082881609,1.3728375517158373,20.08836318946547,-1.8607339535556577,0.37800867719035813,0.35358957037192984,0.0021144293461543653,0.040758727888811,0.01259805674849817,true
3.225,13.504810143065464,0.030678619960829826,0.021605914698930154,0.04853791310478673,1.934906894884329e-5,-0.0006365559587643885,-0.0002776069744290947,0.0008085990178413112,-0.0005309920434122165,0.0022716809518853456,0.06835341122853694,1.3727778251783005,20.083530587646486,-1.8612410490580664,0.38428913497919404,0.35871377231762197,0.0021140162901704326,0.040787573984402,0.01260787829932209,true
3.2750000000000004,13.504810143065464,0.030739611453110306,0.022024608500611362,0.04882966485127055,1.9551860391404742e-5,-0.0006385497108064148,-0.0002714719097763025,0.0008039913716192449,-0.0005325194618429424,0.002276197231021028,0.06836702386015771,1.3727169682366729,20.0786415837629,-1.8617606058687004,0.39058462644196135,0.36381789880947524,0.0021135838081561154,0.04081671811845366,0.012617808413497461,true
3.325,13.504810143065464,0.03080135547983978,0.022447305864640374,0.04912699928417478,1.974953050520694e-5,-0.0006405802573309811,-0.0002652515567432728,0.0007993164763876959,-0.0005340649196444231,0.002280769233594584,0.06838077398087432,1.3726549724996766,20.073697511578324,-1.8622928651837285,0.39689540199862644,0.36890173497484846,0.0021131311666708506,0.04084614926899309,0.012627843755022333,true
3.3750000000000004,13.504810143065464,0.03086383946987424,0.022874077909723418,0.04942996116856711,1.9941832135533207e-5,-0.00064264792734525,-0.00025894753820304554,0.0007945751159409127,-0.0005356275777378672,0.0022853960287418334,0.06839465611980054,1.3725918310880945,20.06869993883518,-1.8628380657216337,0.4032217320431146,0.3739650851851288,0.0021126576032787377,0.04087585474988479,0.012637980446010309,true
3.4250000000000003,13.504810143065464,0.03092705029545505,0.02330499623887214,0.04973859484306298,2.01284832834359e-5,-0.0006447530548326853,-0.0002525616844199115,0.0007897681890906298,-0.0005372065046707183,0.0022900766443825697,0.06840866409354168,1.372527538593015,20.063650661504326,-1.863396443945753,0.4095639057331283,0.37900777160223875,0.002112162326985075,0.04090582024020851,0.012648214076293969,true
3.475,13.504810143065464,0.03099097430675611,0.023740132785038164,0.050052944371414644,2.030917708619657e-5,-0.0006468959748761926,-0.00024609589807474065,0.0007848966424289676,-0.000538800744354227,0.0022948100697786967,0.06842279113911193,1.3724620907227696,20.058551659086604,-1.8639682356413991,0.415922225769567,0.38402962959537834,0.0021116445215472596,0.04093603007620319,0.012658539799319435,true
3.5250000000000004,13.504810143065464,0.031055597404324092,0.024179559578715606,0.050373053876894995,2.0483599403363197e-5,-0.0006490770188979683,-0.00023955196114423068,0.0007799613725197293,-0.0005404094113754986,0.00229959526089826,0.06843703011046746,1.3723954837303507,20.05340502817118,-1.864553678961182,0.42229700105557405,0.389030501657611,0.0021111033487857403,0.040966467684127233,0.012668952475074316,true
3.575,13.504810143065464,0.031120905146886736,0.02462334845333671,0.05069896805723439,2.065145312980104e-5,-0.0006512965097033817,-0.00023293130394179613,0.0007749631074328059,-0.0005420318034910097,0.002304431148398402,0.06845137417570976,1.3723277127641527,20.048212753793457,-1.8651530195452577,0.4286885227607266,0.39401021866849195,0.002110537971924663,0.04099711714878472,0.012679447182686751,true
3.6250000000000004,13.504810143065464,0.031186882880733374,0.025071570728767048,0.05103073282420707,2.0812485836818912e-5,-0.0006535547574384433,-0.00022623477838997277,0.0007699022887247878,-0.000543667510334815,0.002309316647205693,0.06846581690729225,1.3722587713521903,20.04297667565012,-1.8657665155851524,0.4350970610848614,0.398968597891596,0.0021099475493899776,0.0410279634036109,0.012690019286774325,true
3.6750000000000003,13.504810143065464,0.03125351586257045,0.02552429693974121,0.05136839594292171,2.096651444124452e-5,-0.0006558520578348318,-0.00021946249804695222,0.0007647789856605909,-0.0005453164876136387,0.0023142506656132966,0.06848035304820341,1.3721886495643711,20.03769823731028,-1.8663944437561863,0.44152283990428565,0.4039054241545737,0.002109331259719033,0.0410589939612282,0.012700665003385184,true
3.725,13.504810143065464,0.03132078933454349,0.02598159669352418,0.05171200748086213,2.111343838061387e-5,-0.0006581886941964255,-0.0002126138161786563,0.0007595928782609918,-0.0005469790620823355,0.002319232110836174,0.06849497880304783,1.372117333219167,20.03237839031365,-1.8670371028006307,0.4479660279414189,0.40882044443096976,0.002108688308200668,0.041090199573589385,0.01271138161722024,true
3.7750000000000004,13.504810143065464,0.031388688505577717,0.02644353873799249,0.0520616198474996,2.1253232607307742e-5,-0.0006605649438466305,-0.0002056875004611418,0.0007543433399242001,-0.0005486558394630583,0.0023242598876294,0.06850969187930457,1.3720448038000002,20.027017581938182,-1.8676948135370697,0.4544267388334602,0.4137133694478915,0.002108017928858053,0.041121574336078895,0.012722167515444955,true
3.825,13.504810143065464,0.03145719840451125,0.026910191284798393,0.05241728724705437,2.1385914993294263e-5,-0.0006629810886900438,-0.0001986821196024041,0.0007490296287345878,-0.0005503475091321838,0.002329332887413015,0.06852449108144253,1.3719710395501403,20.021615890872205,-1.86836791385572,0.4609050464184221,0.41858388671033525,0.00210731937523645,0.0411531147869449,0.012733021891415851,true
3.8750000000000004,13.504810143065464,0.03152630360295407,0.027381622561481876,0.052779064502211426,2.1511489914328186e-5,-0.0006654374278648645,-0.0001915965868542125,0.0007436511610826543,-0.0005520545742284418,0.0023344499677503718,0.06853937542849155,1.371896017809085,20.016173319822716,-1.8690567486213565,0.46740101573803433,0.42343168471893805,0.0021065918987890108,0.04118481793066514,0.012743944095059315,true
3.9250000000000003,13.504810143065464,0.031595987856386315,0.027857901472584892,0.05314700542908461,2.162987995684448e-5,-0.0006679342888544549,-0.000184430722774703,0.0007382077989991299,-0.0005537770762244269,0.002339609925772294,0.0685543429362318,1.3718197182019463,20.010690197672698,-1.869761656344443,0.47391474444989784,0.42825648384051673,0.002105834717869688,0.041216678497259907,0.012754932732636552,true
3.975,13.504810143065464,0.03166623376742098,0.028339098160997396,0.053521161202419246,2.1740867924611208e-5,-0.0006704720325508553,-0.000177185635540744,0.0007327000492450512,-0.0005555144137043071,0.0023448114732424552,0.06856938940266397,1.3717421257767013,20.005167578806063,-1.8704829566167291,0.4804464028216301,0.43305806474579506,0.002105046985423377,0.04124868619617665,0.012765984765312823,true
4.0249999999999995,13.504810143065464,0.03173702261042533,0.02882528422091288,0.053901579344540526,2.1844076593213942e-5,-0.0006730510484057479,-0.00016986371278275927,0.0007271290686971052,-0.0005572653559143459,0.0023500532235709998,0.06858450768160065,1.3716632328091518,19.99960747953479,-1.8712209437537077,0.48699625595348894,0.43783628256787954,0.0021042277674672323,0.04128082405729353,0.012777094965524535,true
4.075,13.504810143065464,0.03180833444192868,0.029316532366362794,0.0542883039611198,2.193900798580287e-5,-0.0006756717389016514,-0.00016246811083682272,0.0007214964155117718,-0.000559028304674949,0.002355333699989987,0.06859968791747927,1.3715830380478784,19.994012796352646,-1.871975891590038,0.49356465283908024,0.4425910563711634,0.0021033760448538655,0.04131306893195199,0.012788256083394376,true
4.125,13.504810143065464,0.03188014853448401,0.029812915534220955,0.0546813775108246,2.2025143580022776e-5,-0.0006783344969116164,-0.00015500182397229143,0.0007158035845002558,-0.0005608017605279644,0.002360651367679836,0.06861491895145191,1.3715015428946826,19.988386838510742,-1.8727480709586746,0.5001519763230944,0.447322330988533,0.0021024907451514716,0.041345394640492625,0.012799459882356961,true
4.175,13.504810143065464,0.0319524440197494,0.030314505663060775,0.055080843728854925,2.2102075131658422e-5,-0.000681039684720542,-0.00014746665887989483,0.0007100514881531606,-0.0005625848292732658,0.002366004681388027,0.0686301905960596,1.3714187453916462,19.982732577029825,-1.8735377753087032,0.5067585654690433,0.45203002095884925,0.0021015707993532937,0.04137777709862452,0.012810698823618119,true
4.225,13.504810143065464,0.032025200467315135,0.030821372638500603,0.05548675054533344,2.216960639470891e-5,-0.0006837876254039885,-0.0001398626082183104,0.0007042401322371783,-0.0005643775240188679,0.002371392128289907,0.06864549588200285,1.371334634442467,19.977051907377906,-1.8743453434832833,0.5133846413850692,0.45671395954230626,0.002100615202926604,0.04141019940907498,0.012821967736981908,true
4.2749999999999995,13.504810143065464,0.032098398057300886,0.031333583964532646,0.05589915139423487,2.222776007405055e-5,-0.0006865786145018253,-0.00013218806015095062,0.0006983687090007392,-0.0005661806488497886,0.002376812240769114,0.06866083205090405,1.3712491874974386,19.97134532947134,-1.8751711661039523,0.5200302774608003,0.4613738812992242,0.0020996230503101923,0.04144265414550344,0.012833264566973868,true
4.325,13.504810143065464,0.03217201712610674,0.031851205485189694,0.05631810368041171,2.2276658255921696e-5,-0.0006894129499482828,-0.00012444093180262092,0.0006924361581078419,-0.0005679952263052209,0.00238226356278149,0.06867619936538594,1.3711623740405694,19.965612347669612,-1.8760156669992885,0.5266954435963513,0.4660094569620188,0.0020985935160910624,0.041475140708673,0.012844589499219834,true
4.375,13.504810143065464,0.03224603718629289,0.0323743029529912,0.05674366451395343,2.231631477430973e-5,-0.0006922909668675475,-0.00011662026719433014,0.0006864419693213742,-0.0005698217021270441,0.0023877445772794363,0.06869159784588899,1.3710741643904691,19.959852549455935,-1.8768792640226337,0.5333801182470765,0.4706203733936117,0.0020975257793657497,0.04150765796985901,0.012855942540483237,true
4.425,13.504810143065464,0.03232043590933664,0.03290294365390716,0.05717588566083397,2.2346451699543775e-5,-0.0006952130563905057,-0.00010872739511050592,0.0006803867735936764,-0.0005716593784831704,0.002393253630887417,0.0687070234499041,1.3709845396193958,19.9540668592493,-1.8777623291259644,0.5400844153873534,0.47520641986247647,0.0020964189231678578,0.04154019560412425,0.012867320673121064,true
4.475,13.504810143065464,0.03239518875012351,0.03343719703847593,0.05761481087743163,2.2366474454343305e-5,-0.000698179652394931,-0.00010076577311914742,0.0006742722791270872,-0.0005735065060079398,0.002398788906096395,0.06872246612169747,1.37089349613868,19.94825816802074,-1.8786651752673011,0.5468086449877781,0.47976752502712505,0.0020952718684662595,0.04157272961043806,0.012878716390789175,true
4.5249999999999995,13.504810143065464,0.03247026963916537,0.03397713370698766,0.05806047811546143,2.2375665747037405e-5,-0.0007011911891115581,-9.273934555391252e-5,0.0006681004571238273,-0.0005753611115699148,0.002404348472520986,0.06873791158867776,1.3708010402533144,19.942430728126855,-1.8795880869905095,0.5535532468659223,0.4843037070130632,0.0020940833976696677,0.04160522630748911,0.012890119021120059,true
4.575,13.504810143065464,0.032545652463154065,0.03452282313242566,0.0585129261220111,2.237350416209724e-5,-0.0007042480547267876,-8.465033403691317e-5,0.0006618724315353901,-0.0005772220974984769,0.0024099303965310326,0.06875334649120589,1.3707071742644215,19.936588460312198,-1.8805313826013712,0.5603186160181726,0.48881495370282907,0.002092852272403555,0.04163765393084389,0.012901518541290957,true
4.625,13.504810143065464,0.032621312321071017,0.03507433156318754,0.05897220125200428,2.2359879844037613e-5,-0.0007073505761758145,-7.649807607544069e-5,0.0006555878837059329,-0.0005790898076304922,0.002415532834263621,0.0687687636082704,1.3706118830784457,19.930733245196958,-1.881495465857024,0.5671049305840625,0.4933011107844082,0.0020915773771382437,0.04166999453186403,0.012912909482172623,true
4.675,13.504810143065464,0.032697225445928804,0.03563172173935951,0.05943835886603738,2.2334999006789324e-5,-0.0007104990537801195,-6.828006232004636e-5,0.0006492455574191035,-0.0005809654950990571,0.0024211540258282254,0.06878416288422297,1.3705151325997136,19.92486460737416,-1.8824808207411705,0.5739121246590949,0.4977618702533873,0.0020902577790516234,0.04170224641270645,0.012924291712978651,true
4.725,13.504810143065464,0.032773367566007044,0.03619505491090848,0.05991145681665863,2.2298989777396076e-5,-0.0007136938242035616,-5.999468333835352e-5,0.0006428446312376759,-0.0005828499478993224,0.002426792173960011,0.0687995464075354,1.3704168840461788,19.91898138293658,-1.8834879402581117,0.5807400622177057,0.5021968899127268,0.0020888926348605645,0.041734412810180914,0.012935666707970042,true
4.775,13.504810143065464,0.03284971187345225,0.03676439372808128,0.06039154513337817,2.225150871238008e-5,-0.0007169353002051961,-5.164351391232175e-5,0.0006363858737917144,-0.0005847423598793926,0.0024324452935993424,0.06881491056001995,1.3703171146739583,19.913084294119308,-1.8845172400962873,0.5875887987874032,0.5066059630973654,0.0020874809940647767,0.04176648404107398,0.012947031679390644,true
4.825,13.504810143065464,0.03292622846922108,0.03733980348773762,0.06087866081226241,2.219172981609064e-5,-0.0007202239458962598,-4.3230902683520926e-5,0.0006298714552268697,-0.0005866405525433488,0.0024381111707911162,0.06883024216211676,1.3702158265685809,19.907177187337126,-1.885569037019175,0.5944587022823576,0.5109890898917651,0.002086021660063495,0.0417984286113275,0.012958376675128254,true
4.875,13.504810143065464,0.033002886136695726,0.03792135026761562,0.06137283391430385,2.2118816971268787e-5,-0.0007235602009226742,-3.4760774744303324e-5,0.0006233033528818515,-0.0005885425781375482,0.0024437874940168823,0.06884552329640652,1.3701130320528465,19.901265419306668,-1.8866436295057272,0.601350282855144,0.5153463610312969,0.002084513254753868,0.04183020404849697,0.012969688163952055,true
4.925,13.504810143065464,0.033079655046736614,0.038509097221397885,0.06187410124875202,2.2032502752706692e-5,-0.0007269444208586305,-2.6233403217114826e-5,0.0006166817245898028,-0.0005904483213726879,0.00244947205449775,0.06886074185503653,1.3700087251324653,19.895352391302502,-1.8877414237155365,0.6082638394671765,0.5196777333891357,0.0020829544621826417,0.0418617808898772,0.012980956927700545,true
4.975,13.504810143065464,0.033156507583004216,0.039103102460950785,0.06238251464593551,2.193314958790252e-5,-0.0007303769043265583,-1.7645713700195132e-5,0.0006100050424848765,-0.0005923593287846813,0.00245516280730756,0.06887589780461677,1.3699028666095432,19.88943752857648,-1.8888629772857404,0.6151992609386916,0.523982913116518,0.002081344236768204,0.041893157106556174,0.012992182777903396,true
5.025,13.504810143065464,0.03323341585649034,0.03970342118226282,0.06289813240669972,2.18210277158842e-5,-0.0007338579978997704,-8.995773094780174e-6,0.0006032723341047989,-0.0005942765610100187,0.002460857687329669,0.06889099649060318,1.3697954053848793,19.883518531651973,-1.8900088726816537,0.6221562630699451,0.5282615125606985,0.0020796817455514265,0.04192434307912751,0.013003369568289918,true
5.075,13.504810143065464,0.03331034832223651,0.04031011066966121,0.06342099847486904,2.16954495656481e-5,-0.000737388166081538,-2.8698229609022945e-7,0.0005964852977122714,-0.0005961983154161812,0.0024665543587327602,0.06890603266468734,1.3696863232327119,19.877596637988457,-1.8911795053043403,0.6291349215011558,0.5325133783139581,0.002077966045510555,0.04195532526196286,0.013014513218550081,true
5.125,13.504810143065464,0.033387269714567465,0.04092323234006646,0.06395113321784004,2.155502962893004e-5,-0.0007409679099213209,8.474389139005918e-6,0.0005896470874384136,-0.0005981214765774195,0.0024722502101750293,0.06892098383484757,1.3695756478608347,19.871678720412504,-1.892375077693255,0.6361358705924364,0.536738700307601,0.002076195779870519,0.04198605067925401,0.013025596682038313,true
5.175,13.504810143065464,0.03346414537223491,0.0415428460069837,0.06448855668902198,2.1399289966382495e-5,-0.0007445975981083053,1.7287334463403207e-5,0.0005827582370753238,-0.000600045571538727,0.002477942675071096,0.06893582875848238,1.3694633936251124,19.86577108433767,-1.8935959533064353,0.6431596650315203,0.5409376159818134,0.0020743693277140577,0.04201646860891327,0.013036603788046363,true
5.225,13.504810143065464,0.0335409469268258,0.04216900310309292,0.06503332256340605,2.1229304974281583e-5,-0.000748277483020708,2.6157504069944707e-5,0.0005758159364931202,-0.0006019734405630649,0.0024836296528054943,0.0689505724699357,1.3693495015895285,19.859871391011314,-1.8948428378522688,0.6502059797695492,0.5451097411344493,0.0020724856200540123,0.04204658819799174,0.013047538089166377,true
5.275,13.504810143065464,0.03361763897637167,0.042801749392549285,0.06558549581707125,2.1045434671380584e-5,-0.0007520079805786732,3.50851432837383e-5,0.0005688200674797287,-0.000603905210763467,0.0024893085219442252,0.06896522965515935,1.3692338852972021,19.853974127885305,-1.8961165699970253,0.657274200731874,0.5492545396966103,0.0020705437800152293,0.04207644065627239,0.013058410411532051,true
5.325,13.504810143065464,0.033694158328253704,0.0434411405136939,0.06614509135672828,2.0845514449479118e-5,-0.0007557897128441579,4.406083148111276e-5,0.0005617753607766991,-0.0006058361922578119,0.002494974603219816,0.06897977759417213,1.3691165298597259,19.848085592775206,-1.897417978212386,0.6643649920350391,0.5533722374986925,0.0020685411849785014,0.04210597023118863,0.013069203374412908,true
5.375,13.504810143065464,0.03377051674258394,0.04408724550494963,0.0667121161627531,2.0626855196405674e-5,-0.0007596240141870078,5.308408219143997e-5,0.000554681474323064,-0.000607765556514504,0.002500628767441402,0.06899417838493462,1.3689976219804791,19.8422193586033,-1.8987453881779421,0.6714794774192073,0.5574633175090762,0.0020664796815648536,0.04213509402374972,0.013079888445067704,true
5.425,13.504810143065464,0.033846765245133026,0.04474005741896345,0.06728656100034541,2.0388334561753293e-5,-0.0007635253672776581,6.218871329988793e-5,0.0005475121878636274,-0.0006097009011635154,0.0025062747929494498,0.06900842563531737,1.368877359965095,19.836380084934532,-1.9000960944658711,0.6786167768554628,0.561527111229549,0.0020643647364175185,0.04216380580166035,0.013090460984258721,true
5.475,13.504810143065464,0.03392284739197626,0.04539964975636024,0.06786848373341406,2.013051767858064e-5,-0.0007674822724282246,7.134173432533854e-5,0.0005402920679887255,-0.000611633802314064,0.002511908500201699,0.0690225129215923,1.3687556483686558,19.83056817887122,-1.90147165143689,0.6857774827187331,0.5655638051120307,0.002062193013115253,0.042192085066492,0.013100915711946309,true
5.525,13.504810143065464,0.03399867389085684,0.04606607822067182,0.06845789631480387,1.9854818881117662e-5,-0.000771492000320828,8.054062409979564e-5,0.0005330243764704044,-0.0006135650005702001,0.002517523277312765,0.06903641875238095,1.3686323622058638,19.824787944387136,-1.9028744562391648,0.6929622576165952,0.5695736203476164,0.002059958747106814,0.042219873367483736,0.013111235817965316,true
5.575,13.504810143065464,0.03407421938680609,0.046739384129081074,0.06905489910618426,1.9561656655836875e-5,-0.0007755548943497326,8.978737808575717e-5,0.000525708150604198,-0.0006154955286899552,0.0025231172468057786,0.06905018311031896,1.3685073758104953,19.81902602088804,-1.9043052207323434,0.7001697207113136,0.5735556490583835,0.0020576625723264623,0.042247261305500126,0.01312145124326566,true
5.625,13.504810143065464,0.034149419094947855,0.047419611145787854,0.06965947398797051,1.9249789183214836e-5,-0.0007796714526079647,9.907775476385215e-5,0.0005183454950100277,-0.0006174232497738798,0.0025286856115102896,0.06906376895113918,1.3683807010367344,19.813293161061456,-1.9057647875600716,0.7074008683702567,0.5775103166903988,0.002055301228682136,0.04227415933790631,0.013131533628504935,true
5.675,13.504810143065464,0.03422423392077559,0.048106798797916475,0.07027165878398257,1.8919331532414826e-5,-0.0007838420308993187,0.00010841176469640547,0.0005109364522264987,-0.0006193482169229042,0.0025342254765683813,0.06907717742742454,1.368252288058672,19.80758825150632,-1.9072538405285562,0.7146554863791705,0.5814373833555716,0.002052873601686402,0.042300567569404195,0.01314148352991994,true
5.725,13.504810143065464,0.034298615574640465,0.04880098384602057,0.07089146891543072,1.8569796104858788e-5,-0.0007880670057636381,0.00011778773124216648,0.0005034819175944053,-0.0006212696488365717,0.0025397332662430903,0.06909039671629395,1.3681221112759945,19.80191425002113,-1.908773071104744,0.7219337477758252,0.5853368291346418,0.0020503779643498113,0.04232645577246715,0.013151291667114352,true
5.775,13.504810143065464,0.03437251707420054,0.04950220089813054,0.07151892182022784,1.8200863471926388e-5,-0.0007923467622118165,0.00012720435243189086,0.0004959825988185221,-0.0006231869512504129,0.0025452055016005064,0.0691034175647307,1.367990139873943,19.79627329708428,-1.9103231761641968,0.7292357380313038,0.5892085927906034,0.0020478127156617347,0.04235179968915195,0.013160950693125421,true
5.825,13.504810143065464,0.034445890758384584,0.05021048240439943,0.07215403239368537,1.7812175942924504e-5,-0.0007966817072481085,0.00013666028580723306,0.0004884392189618897,-0.0006250995047691227,0.002550638653448385,0.0691162303012958,1.367856344391492,19.79066766848607,-1.9119048453953458,0.736561548932642,0.5930526231199659,0.0020451762662056032,0.042376574095827325,0.013170452933327026,true
5.875,13.504810143065464,0.034518688506756316,0.05092585834702038,0.07279681308316496,1.7403370053821024e-5,-0.0008010722638015059,0.00014615421527994248,0.0004808524854591644,-0.0006270067007391069,0.0025560291585795592,0.06912882509283132,1.3677206961069357,19.785099692787472,-1.91351876319943,0.743911267815139,0.5968688731355396,0.0020424670469065547,0.04240075339835502,0.013179790579981844,true
5.925,13.504810143065464,0.03459086172002765,0.051648356033547664,0.07344727377680632,1.697407862042152e-5,-0.0008055188635937133,0.00015568482627851057,0.00047322310649215585,-0.0006289079327706664,0.0025613734183289934,0.06914119199885516,1.367583166859851,19.77957173319337,-1.9151656098486345,0.7512849748917447,0.6006572987390004,0.002039683509780091,0.042424311757693275,0.013188955733816139,true
5.975,13.504810143065464,0.034662361373714604,0.052378000169226474,0.07410542180041944,1.6523935284675138e-5,-0.0008100219418451942,0.0001652507741946206,0.00046555180986651486,-0.0006308025840611355,0.0025666678025468765,0.06915332093388805,1.3674437291018298,19.77408619911592,-1.9168460618817809,0.7586827465063678,0.6044178604715442,0.002036824125945497,0.042447223002737046,0.013197940375865847,true
6.025,13.504810143065464,0.03473313814984204,0.05311481298155263,0.07477126214672586,1.6052578252104106e-5,-0.000814581934881027,0.0001748506795077972,0.00045783934684049483,-0.000632690026348292,0.002571908659351056,0.06916520175249616,1.3673023558030344,19.76864552055888,-1.9185607911882738,0.76610465476884,0.608150523343977,0.0020338873920488563,0.04246946083515128,0.013206736432838085,true
6.075,13.504810143065464,0.03480314244619072,0.0538588141953607,0.0754447974241286,1.555964754162044e-5,-0.0008191992799605425,0.0001844831353319472,0.0004500864882991736,-0.0006345696236311208,0.0025770923158117596,0.06917682423872423,1.3671590205098378,19.76325215207727,-1.9203104645529478,0.7735507683892074,0.6118552572681464,0.0020308718312600977,0.04249099880905262,0.01321533576986876,true
6.125,13.504810143065464,0.03487232432095861,0.05461002081728308,0.07612602760734133,1.504478177360486e-5,-0.0008238744157380472,0.00019414672628436335,0.00044229401461251647,-0.0006364407408968798,0.0025822150738538945,0.06918817807906373,1.367013697391043,19.75790858127394,-1.9220957438276376,0.7810211519687085,0.6155320367021139,0.0020277759922360567,0.04251181027005974,0.013223730170671976,true
6.175,13.504810143065464,0.03494063339371943,0.05536844681434046,0.07681494967794844,1.450761668979304e-5,-0.0008286077825712531,0.00020384004086148536,0.00043446270872911255,-0.0006383027495905979,0.002587273202923254,0.06919925282636963,1.3668663612228216,19.752617338983065,-1.9239172872462786,0.7885158646978578,0.619180840027229,0.002024598445368672,0.042531868269355205,0.013231911310620459,true
6.225,13.504810143065464,0.035008018740511196,0.05613410284912301,0.07751155733211745,1.3947787394563764e-5,-0.0008333998225372931,0.00021356166867787904,0.00042659335716574995,-0.000640155025843629,0.0025922629322180685,0.06921003787571849,1.3667169872419025,19.74738100412742,-1.9257757523184114,0.7960349596171716,0.6228016492320695,0.002021337776441476,0.04255114550065644,0.013239870738684939,true
6.275,13.504810143065464,0.035074428856151654,0.05690699619913893,0.07821584090779407,1.336493322708863e-5,-0.0008382509792621782,0.00022331018736589255,0.0004186867565521117,-0.0006419969439180042,0.002597180447898551,0.06922052247552836,1.3665655509328172,19.742202197562744,-1.927671798697505,0.8035784838243621,0.6263944500635824,0.0020179925820394545,0.042569614320268574,0.013247599886280796,true
6.325,13.504810143065464,0.035139811739642424,0.057687130835486364,0.07892778750042034,1.2758701738209146e-5,-0.0008431616975860431,0.00023308415073859326,0.00041074371980117725,-0.0006438278705397705,0.002602021899410873,0.0692306957648459,1.3664120279580028,19.737083570548805,-1.9296060882553026,0.8111464793128325,0.6299592324627132,0.0020145614718554013,0.04258724683805962,0.013255090096556794,true
6.375,13.504810143065464,0.03520411508024276,0.05847450750710746,0.0796473810843157,1.212874964514516e-5,-0.0008481324230102437,0.00024288208603138648,0.00040276507780223256,-0.000645647163833619,0.002606783413265502,0.06924054680632948,1.366256394352253,19.732027798303864,-1.931579281455373,0.8187389836668242,0.6334959909028732,0.0020110430782355093,0.04260401501068654,0.013262332651047358,true
6.425,13.504810143065464,0.03526728642646201,0.05926912370044924,0.08037460248334044,1.1474742022241254e-5,-0.0008531636009877779,0.00025270249905900543,0.0003947516770702251,-0.0006474541761292306,0.0026114611055506978,0.06925006459300019,1.366098626819868,19.72703758254622,-1.9335920329764824,0.8263560301689237,0.6370047244334972,0.0020074360659427313,0.04261989067576094,0.013269318776512242,true
6.475,13.504810143065464,0.03532927323306988,0.060070973479107885,0.08110942919826794,1.079635220039785e-5,-0.0008582556762672196,0.00026254388097869837,0.00038670437646572836,-0.0006492482574444267,0.002616051085413517,0.06925923803624293,1.3659387028589747,19.722115656891685,-1.9356449903603024,0.8339976474141295,0.6404854364929927,0.0020037391349060846,0.042634845532183704,0.013276039637093248,true
6.525,13.504810143065464,0.03539002267747118,0.060880047264851335,0.0818518351533727,1.009326491862374e-5,-0.0008634090924594347,0.0002724047162112554,0.0003786240432360823,-0.0006510287594473377,0.002620549441462787,0.0692680559464435,1.3657766004029837,19.717264787378635,-1.937738799841515,0.8416638588977285,0.643938134718088,0.0019999510082434504,0.042648851080081616,0.013282486319879782,true
6.575,13.504810143065464,0.035449481489723864,0.061696331655602635,0.08260179053770338,9.3651769276513e-6,-0.0008686242920502006,0.0002822834791777017,0.0003705115546379621,-0.0006527950338156638,0.0026249522291823322,0.06927650705312915,1.3656122974227092,19.712487761188672,-1.9398741116411506,0.8493546818210588,0.6473628304156177,0.0019960704233001844,0.042661878655778036,0.013288649850779313,true
6.625,13.504810143065464,0.03550759583260067,0.06251980928619871,0.08335926156408255,8.61179786013917e-6,-0.0008739017163910893,0.00029217863249060593,0.00036236779883231567,-0.0006545464313229216,0.002629255462049819,0.0692845799384713,1.3654457718165345,19.707787404197717,-1.9420515835263406,0.8570701291956957,0.6507595395102705,0.0019920961223174865,0.042673899268751245,0.013294521144477557,true
6.675,13.504810143065464,0.03556431115248043,0.06335045866191974,0.08412421033987624,7.832855368984665e-6,-0.000879241805690047,0.000302088637070515,0.0003541936698184954,-0.0006562823068890104,0.0026334551004955978,0.06929226307144311,1.3652770009409583,19.703166564689955,-1.9442718867492739,0.8648102083113528,0.6541282818512096,0.001988026843078079,0.04268488366818376,0.013300091031031724,true
6.725,13.504810143065464,0.03561957187870883,0.06418825392544511,0.08489659464119574,7.028100276796343e-6,-0.0008846449993859787,0.0003120119557981346,0.00034599006557806393,-0.0006580020213761985,0.002637547029641064,0.06929954482271941,1.3651059609057306,19.69862809918759,-1.946535715917795,0.8725749194502305,0.6574690806664167,0.001983861301024964,0.04269480235217709,0.013305350267318695,true
6.775,13.504810143065464,0.03567332172397013,0.06503316486742355,0.085676368019027,6.197304728465779e-6,-0.0008901117367045555,0.00032194703438411676,0.0003377578977105257,-0.0006597049320946425,0.0026415270815404904,0.06930641352475043,1.3649326269892292,19.694174861635133,-1.948843781427761,0.8803642549908551,0.6607819622156985,0.0019795982082114515,0.04270362573969003,0.013310289585555232,true
6.825,13.504810143065464,0.03572550433136174,0.06588515707755586,0.08646347986453676,5.340255843288124e-6,-0.0008956424566198759,0.0003318922761161277,0.0003294981042481012,-0.0006613903803642289,0.002645391083095404,0.06931285739294883,1.364756975094054,19.689809747085828,-1.951196790794895,0.8881782041908113,0.6640669578388899,0.001975236307716802,0.042711324050495776,0.01331489963713931,true
6.875,13.504810143065464,0.035776063671626085,0.06674419211168175,0.08725787554425389,4.4567635762051576e-6,-0.0009012375965315896,0.0003418460742874062,0.00032121163359852544,-0.0006630577078859316,0.0026491348854686867,0.06931886451278967,1.364578982308744,19.685535703732892,-1.953595441054436,0.8960167555532597,0.6673241048615267,0.001970774388792426,0.04271786730463108,0.013319170985386835,true
6.925,13.504810143065464,0.03582494352270842,0.06761022698993152,0.08805949611932051,3.5466728829310298e-6,-0.0009068975916182245,0.0003518068494845763,0.0003128994258670424,-0.0006647062753516187,0.002652754325547038,0.06932442301097883,1.3643986253651774,19.68135566233417,-1.9560404363314723,0.9038798873467953,0.6705534425928675,0.001966211260581085,0.04272322567606384,0.013323094235863767,true
6.975,13.504810143065464,0.03587208746839672,0.06848321400415727,0.08886827817825926,2.6098364987381816e-6,-0.0009126228760535377,0.00036177298352837333,0.00030456244592867363,-0.000666335429457047,0.0026562452258402573,0.06932952104796666,1.3642158811025715,19.677272545395468,-1.9585324814732847,0.9117675675213408,0.6737550123862525,0.0019615457651590354,0.0427273695019506,0.013326660033378825,true
7.025,13.504810143065464,0.03591743852181295,0.0693631003847378,0.08968415264330595,1.6461402113866723e-6,-0.0009184138812455259,0.0003717428752354859,0.0002962016554049905,-0.0006679445306404764,0.002659603366601645,0.06933414621822122,1.3640307267279712,19.67328944146571,-1.9610722953749398,0.9196797727443786,0.6769288653202877,0.001956776725420163,0.042730267832837975,0.01332985860253977,true
7.075,13.504810143065464,0.035960940268497874,0.07024982862379392,0.09050704664521166,6.554987099831416e-7,-0.0009242710362071623,0.00038171493567886567,0.0002878180151571566,-0.0006695329508360222,0.0026628245704707907,0.0693382866560542,1.3638431393808739,19.669409285321464,-1.9636605861710854,0.9276164525693474,0.6800750477152039,0.0019519030441844105,0.04273189112569802,0.013332680600124018,true
7.125,13.504810143065464,0.03600253544942184,0.07114333550864455,0.09133688088697034,-3.621441738460508e-7,-0.0009301947679438179,0.00039168754125677697,0.00027941250857257526,-0.0006711000498293522,0.0026659045975487967,0.06934192981951895,1.3636530963772562,19.66563520695964,-1.9662980822371596,0.9355775664581761,0.6831936160263656,0.0019469235899918333,0.042732208285230125,0.013335116181128833,true
7.175,13.504810143065464,0.03604216682166356,0.07204355337467458,0.09217357224913235,-1.4068039648725538e-6,-0.0009361855018081121,0.0004016590602445156,0.00027098612861800305,-0.0006726451888625187,0.0026688392091295497,0.06934506353531504,1.3634605738002652,19.661970215167543,-1.968985523103602,0.9435630584145532,0.6862846266887501,0.0019418372627223691,0.04273118916475193,0.013337155802683891,true
7.225,13.504810143065464,0.03607977653110303,0.0729504086674467,0.09301703134592469,-2.4784345250823562e-6,-0.0009422436617837479,0.0004116278255183554,0.00026253989146716864,-0.000674167716985524,0.002671624121249087,0.06934767521162521,1.3632655470731156,19.658417429465356,-1.9717236736432462,0.9515728740464584,0.6893481427964208,0.0019366429321783418,0.042728802673086624,0.0133387896210181,true
7.275,13.504810143065464,0.036115308045581995,0.07386382636009868,0.09386716838039036,-3.57700846333758e-6,-0.0009483696696874531,0.0004215922157439798,0.0002540747962827345,-0.0006756670120267143,0.002674255147831657,0.0693497530606621,1.363067991961919,19.654979748372092,-1.974513275026413,0.9596069534654185,0.692384231230973,0.0019313395884094592,0.04272501981980672,0.013340008437395363,true
7.325,13.504810143065464,0.03614870246471144,0.0747837171136605,0.09472387742208682,-4.702448460155302e-6,-0.0009545639448634085,0.000431550561957677,0.00024559187093449187,-0.0006771424328921689,0.0026767279274394914,0.06935128341399585,1.3628678861619747,19.651660633679533,-1.977355098382368,0.9676652198836554,0.6953929583868308,0.001925926120036814,0.04271980722221238,0.013340801634985825,true
7.375,13.504810143065464,0.03617989887032046,0.07570998833027479,0.09558705115479926,-5.854379348514823e-6,-0.0009608269238910463,0.0004415004231785067,0.00023709253800873107,-0.0006785929611872378,0.0026790379492227325,0.06935225401820094,1.3626651939831878,19.648462955876923,-1.9802500720563434,0.9757475728199475,0.6983743878894313,0.0019204012171007742,0.04271313449623934,0.013341159690818826,true
7.425,13.504810143065464,0.03620881673918701,0.07664234217330906,0.09645634975606154,-7.030669626292962e-6,-0.0009671590753193287,0.0004514377848256806,0.00022857902645918702,-0.0006800168112848676,0.0026811792506227674,0.06935262261258929,1.3624599378958828,19.64539892754627,-1.9831991483931295,0.9838533201548583,0.7013283752243159,0.0019147622573636842,0.042704900563642914,0.013341050104361945,true
7.475,13.504810143065464,0.036235517019510284,0.07758142648154318,0.09733250513365703,-8.235051666062916e-6,-0.0009735607517179446,0.0004613671774399146,0.00022004930226480283,-0.0006814164797047175,0.002683156344712978,0.06935248525959699,1.3622519231131616,19.64243845067763,-1.98620246082352,0.9919846674617568,0.7042558291289055,0.0019090142706600756,0.04269533330189463,0.013340546572961468,true
7.525,13.504810143065464,0.03625980133434312,0.07852636216270917,0.09821451179180282,-9.468264787626702e-6,-0.000980032198574207,0.00047128907157834455,0.00021150327918654458,-0.0006827923507648891,0.0026849545421386047,0.06935171098140858,1.3620413744386015,19.639621793955886,-1.989260590822073,1.0001392192209853,0.7071559974750937,0.0019031515435761566,0.04268412382854176,0.01333954869527795,true
7.575,13.504810143065464,0.03628160630850166,0.07947703123380974,0.09910225138414507,-1.072510192636446e-5,-0.0009865740066947618,0.000481194156311429,0.0002029458329953988,-0.0006841399893068278,0.0026865691501136556,0.06935029836436545,1.3618281340507128,19.63694700916336,-1.9923759408118804,1.0083166170348858,0.7100288850326852,0.00189717062051655,0.042671263511495264,0.013338055212424298,true
7.625,13.504810143065464,0.03630095682507367,0.08043368143488047,0.09999599781464888,-1.2006176794808128e-5,-0.000993186626305065,0.0004910807226255258,0.00019437807549017383,-0.0006854587981156996,0.002688002011173309,0.0693482803894362,1.3616121387539868,19.634403782006405,-1.995548562543647,1.0165181126309222,0.7128750616044524,0.0018910740543175496,0.042656832206685605,0.013336091584105017,true
7.675,13.504810143065464,0.036317783093097494,0.0813961037902923,0.10089551588491438,-1.3312258423137636e-5,-0.0009998704158028146,0.0005009496463907673,0.00018579981021010794,-0.0006867494566008752,0.0026892479574580452,0.06934563179024424,1.3613934133668661,19.631999568261072,-1.9987789144727854,1.024743284316372,0.7156945090866258,0.0018848611286971047,0.04264077134115708,0.01333363860414789,true
7.725,13.504810143065464,0.036332012659958585,0.08236411917114757,0.10180060655793084,-1.464279539657295e-5,-0.00100662577102745,0.0005107995813902943,0.00017721194703322518,-0.0006880115284235196,0.0026903016240190964,0.06934233399376943,1.3611719255257295,19.629739109272467,-2.002068094315148,1.032991824152191,0.7184872582369379,0.0018785302592306335,0.04262303639755265,0.01333068216343862,true
7.775,13.504810143065464,0.0363435894398859,0.08333759282172237,0.1027111209356284,-1.599713361092957e-5,-0.0010134530987048552,0.0005206286178843212,0.00016861568416497895,-0.0006892443020493002,0.0026911588578346535,0.06933837441955049,1.3609476436508086,19.62762546776809,-2.0054170221502132,1.0412636165561582,0.7212534121322225,0.001872080509149322,0.04260359775407538,0.013327212820986967,true
7.825,13.504810143065464,0.03635246069067394,0.08431638759759164,0.10362690831663915,-1.737466232137746e-5,-0.0010203528006191116,0.0005304350107022062,0.00016001214459357283,-0.000690447155295779,0.0026918157534662145,0.0693337408720188,1.3607205412988566,19.62566167907444,-2.00882653884543,1.0495585495037203,0.7239930799902976,0.0018655111579481533,0.042582427166203085,0.013323221494532918,true
7.875,13.504810143065464,0.03635857233174935,0.08530035509832079,0.10454780635736274,-1.877473413992038e-5,-0.0010273252748248822,0.0005402170999681945,0.00015140241461165683,-0.0006916195145798513,0.002692268306372228,0.06932842058868187,1.3604905911869176,19.623850934937106,-2.012297519956164,1.0578764843292254,0.7267063671294004,0.0018588214472515243,0.04255949518901432,0.01331869871925776,true
7.925000000000001,13.504810143065464,0.03636187009233202,0.0862893392512622,0.10547364504331833,-2.019663969959139e-5,-0.0010343709174169765,0.0005499732274068045,0.00014278758541697717,-0.0006927608128237816,0.0026925124979267734,0.06932240065854738,1.3602577647969223,19.622196459943343,-2.0158308696115195,1.0662172715841887,0.7293933804057166,0.0018520106122390597,0.04253477219386459,0.013313634972364648,true
7.975,13.504810143065464,0.03636230023708743,0.08728317767375988,0.10640424820854298,-2.1639611147218587e-5,-0.0010414901226587939,0.000559701734079871,0.00013416875427177838,-0.0006938704883516493,0.0026925443491524373,0.069315668179532,1.360022032995421,19.620701476510003,-2.019427507241613,1.0745807563829752,0.7320542299339292,0.001845077914709651,0.0425082287903924,0.013308020798442474,true
8.025,13.504810143065464,0.036359809596976995,0.08828170144053624,0.10733943330909088,-2.3102824765684717e-5,-0.0010486832828756185,0.00056940096824246,0.00012554702055748271,-0.0006949479887999428,0.0026923599230047127,0.06930821025658351,1.3597833661180403,19.619369207256018,-2.0230883666288393,1.0829667770447735,0.7346890285838135,0.0018380226461402625,0.042479835836017235,0.013301846811209782,true
8.075,13.504810143065464,0.03635434561583449,0.08928473490423741,0.10827901123659203,-2.458540266369271e-5,-0.001055950788420261,0.0005790692844394814,0.00011692348618641829,-0.0006959927706258997,0.0026919553278208766,0.06930001398955218,1.3595417340689728,19.61820288050649,-2.0268143950476394,1.0913751647059196,0.7372978918067065,0.0018308441301265954,0.04244956442117723,0.013295103687452136,true
8.125,13.504810143065464,0.03634585668768664,0.09029209571924238,0.10922278635188733,-2.608641329259962e-5,-0.0010632930273659223,0.0005887050429605416,0.0001082992558435395,-0.0006970042988040811,0.0026913267422977983,0.06929106647159593,1.359297106878092,19.617205739433963,-2.0306065455001416,1.0998057438538031,0.7398809377497372,0.0018235417378354767,0.042417385899745405,0.013287782169947956,true
8.175,13.504810143065464,0.03633429236662292,0.09130359486561729,0.11017055654783428,-2.760486948804675e-5,-0.0010707103851626213,0.000598306609748678,9.967543700980888e-5,-0.0006979820467584869,0.002690470431032315,0.06928135481725693,1.3590494548974459,19.616381037613994,-2.034465773285448,1.1082583317794867,0.7424382870308142,0.0018161148964801796,0.042383271976050005,0.013279873092546789,true
8.225,13.504810143065464,0.036319602980338615,0.0923190366135403,0.11112211319879495,-2.9139739286526413e-5,-0.0010782032447522608,0.0006078723540023485,9.105314114650313e-5,-0.0006989254951488516,0.002689382715904987,0.06927086616338196,1.3587987481708286,19.615732030345512,-2.038393045297496,1.1167327391189876,0.7449700628477232,0.001808563073460795,0.04234719469076488,0.013271367382885264,true
8.275,13.504810143065464,0.03630174109692581,0.09333821848656951,0.1120772411386013,-3.068987545528616e-5,-0.001085771986467682,0.0006174006586688313,8.243347841486073e-5,-0.000699834137083692,0.0026880600846925836,0.06925958765430945,1.3585449578423856,19.61526199987208,-2.0423893203587795,1.1252287696790082,0.7474763908636332,0.0018008858124279573,0.042309126454619206,0.01326225605676731,true
8.325,13.504810143065464,0.036280653782678696,0.0943609313017311,0.1130357187219357,-3.225695204953361e-5,-0.001093416997819928,0.000626889929431149,7.381755320874042e-5,-0.0007007074826398894,0.0026864986177764457,0.06924750555913337,1.3582881004432548,19.614975145687453,-2.0464549359937805,1.1337462329675,0.7499574027725211,0.0017930837971738389,0.04226903975969344,0.013252529624071805,true
8.375,13.504810143065464,0.036256286959256506,0.09538695942057425,0.11399731780796901,-3.383020313555688e-5,-0.0011011386741647893,0.000636338482597281,6.52065203402042e-5,-0.0007015450029374852,0.0026846943107803416,0.06923461120962146,1.3580279345369195,19.614870522277098,-2.050593814027958,1.1422848714100033,0.7524132152067898,0.0017851515632200578,0.04222690898153549,0.013242182100107927,true
8.425,13.504810143065464,0.03622864357016908,0.0964160798710856,0.11496180343619286,-3.542014153078404e-5,-0.0011089373150487464,0.0006457447798831839,5.660146651360625e-5,-0.0007023462463967902,0.0026826473816643766,0.06922088508203697,1.3577647680502583,19.614958208654894,-2.054802272192446,1.1508445585281946,0.7548439866882156,0.001777096873818909,0.042182705325453596,0.013231200253856573,true
8.475,13.504810143065464,0.03619762233900878,0.09744806146667953,0.11592893317766131,-3.702041440039059e-5,-0.001116813335538069,0.0006551072783782748,4.800348707765011e-5,-0.0007031107654559249,0.002680350331144475,0.06920631937742049,1.357498350813342,19.615236918035617,-2.0590843505130993,1.1594249784533819,0.7572498257912627,0.0017689142252907708,0.04213640560832257,0.013219578934361879,true
8.525,13.504810143065464,0.03616319241921595,0.09848266899749175,0.11689845915974392,-3.862925034221685e-5,-0.0011247671075510855,0.0006644243261066997,3.941373694314512e-5,-0.0007038380630498449,0.0026778008751041386,0.06919090028813905,1.3572286691626574,19.6157104982101,-2.063440860615843,1.1680259513721396,0.7596308838587812,0.0017606037179266683,0.04208798226440832,0.013207308906699335,true
8.575,13.504810143065464,0.036125325626818285,0.09951965850990187,0.11787012655798221,-4.0245848529720193e-5,-0.0011327989861078104,0.0006736943962006672,3.083331375289646e-5,-0.0007045277099535636,0.0026749969265853135,0.06917461483665005,1.3569557309486995,19.61638289064615,-2.067872287964123,1.1766472291768952,0.7619872969061736,0.0017521661187298728,0.04203741098099745,0.01319438170987583,true
8.625,13.504810143065464,0.036083977562469643,0.10055877903534999,0.1188436731830311,-4.1868844786073126e-5,-0.001140909329346267,0.0006829159360843722,2.2263333195902035e-5,-0.0007051792692802743,0.002671935197918963,0.06915745052725819,1.3566794989973907,19.61725726807497,-2.0723797640012767,1.1852885638137491,0.764319204961098,0.0017436011382333427,0.041984667138874825,0.013180789275295916,true
8.675,13.504810143065464,0.03603910687454282,0.10159977329759151,0.11981883076575815,-4.349682072889861e-5,-0.0011490984934478035,0.00069208740069708,1.3704912411172538e-5,-0.0007057923131082525,0.0026686126271126005,0.06913939485986187,1.3563999391169868,19.618336866648367,-2.0769643872943226,1.1939497052866952,0.7666267513453332,0.0017349086165781686,0.04192972662520429,0.013166523643079618,true
8.725,13.504810143065464,0.03599067586097192,0.10264237724064723,0.1207953245830677,-4.5128328658146676e-5,-0.0011573668303703735,0.0007012072612937359,5.159165510270117e-6,-0.000706366426804006,0.002665026422415323,0.06912043536555747,1.356117021716628,19.619625000110716,-2.0816271992850965,1.2026303955323066,0.7689100809213576,0.0017260885661216944,0.04187256599300294,0.013151576995339117,true
8.775,13.504810143065464,0.035938648316163266,0.1036863200033291,0.12177287336915633,-4.676189387213698e-5,-0.0011657146879458758,0.0007102740021430833,-3.3727948470158096e-6,-0.0007069012072960675,0.002661173902886541,0.06910055963971765,1.3558307175402804,19.62112498957209,-2.086369245218876,1.2113303693121045,0.7711693402745357,0.0017171410662430505,0.04181316237669687,0.013135941677218875,true
8.825,13.504810143065464,0.03588298934454282,0.10473132403378652,0.12275118943357105,-4.839602099816611e-5,-0.0011741424098878277,0.0007192861210314343,-1.1889857772781902e-5,-0.0007073962632586524,0.0026570524845895924,0.06907975535443119,1.3555409972912662,19.622840155358393,-2.091191579465652,1.2200493546692042,0.773404677765605,0.001708066255453144,0.04175149351725734,0.013119610208974251,true
8.875,13.504810143065464,0.035823665530059334,0.10577710511297753,0.12372997869054314,-5.0029199060408204e-5,-0.0011826503356012384,0.0007282421311240405,-2.039091516007084e-5,-0.0007078512159639696,0.002652659693143061,0.06905801025613043,1.3552478319799286,19.624773823535126,-2.096095260827783,1.228787072864524,0.775616243442911,0.0016988643401849113,0.041687537780552224,0.013102575287980872,true
8.925,13.504810143065464,0.03576064497710439,0.10682337234882151,0.12470894065723863,-5.165990570778629e-5,-0.001191238799977597,0.0007371405626000384,-2.8874862590416733e-5,-0.0007082657000096217,0.002647993166750811,0.06903531216615472,1.3549511930095988,19.626929327827067,-2.1010813515450857,1.23754323808497,0.7778041888991524,0.0016895355971648322,0.041621274171994314,0.013084829792510936,true
8.975,13.504810143065464,0.035693897320579066,0.10786982818753701,0.1256877684681867,-5.328661173041431e-5,-0.0011999081332115414,0.0007459799635790282,-3.734059989612265e-5,-0.0007086393636829056,0.0026430506569473985,0.0690116489818154,1.3546510522055792,19.629310010582856,-2.1061509171114032,1.246317557259811,0.7799686671601358,0.0016800803743472039,0.04155268234996577,0.013066366785773035,true
9.025,13.504810143065464,0.03562339372998541,0.10891616843015509,0.1266661488934147,-5.490778540701913e-5,-0.0012086586606384472,0.0007547589007692456,-4.5787031589918385e-5,-0.0007089718691793271,0.002637830028901038,0.06898700867640968,1.3543473818327638,19.63191922388551,-2.111305026290298,1.2551097299326863,0.7821098325902948,0.001670499091424088,0.04148174263613597,0.013047179519113383,true
9.075,13.504810143065464,0.035549106899481715,0.1099620822544825,0.12764376235783842,-5.652189642577459e-5,-0.0012174907025702406,0.000763475959770764,-5.421306712409722e-5,-0.0007092628926466668,0.0026323292606772186,0.06896137929619528,1.354040154585138,19.634760331132803,-2.116544751634846,1.26391944829361,0.7842278408386266,0.001660792239341699,0.04140843601729508,0.013027261432850362,true
9.125,13.504810143065464,0.03547101113400607,0.11100725235389887,0.12862028309883713,-5.812741976364919e-5,-0.0012264045741278758,0.0007721297447187286,-6.261762081773587e-5,-0.0007095121239009928,0.00262654644961595,0.06893474897530606,1.3537293436957676,19.637836705268967,-2.1218711677129596,1.2727463971189374,0.7863228487621643,0.0016509603842763745,0.04133274419466745,0.013006606170864375,true
9.175,13.504810143065464,0.03538908239018326,0.11205135507603077,0.12959537931292558,-5.9722839466970026e-5,-0.0012354005850864183,0.0007807188777066304,-7.09996116708386e-5,-0.0007097192660357917,0.0026204798153608307,0.06890710594287909,1.3534149229787027,19.64115172825025,-2.127285350553102,1.2815902540295758,0.7883950144245488,0.0016410041691459272,0.041254649611478844,0.012985207589083869,true
9.225,13.504810143065464,0.03530329833009595,0.1130940605963284,0.1305687133416413,-6.130665225617667e-5,-0.0012444790397189683,0.0007892419984546218,-7.935796329762456e-5,-0.0007098840351569972,0.0026141277038406728,0.06887843853434278,1.353096866879421,19.64470878945328,-2.132788376834837,1.2904506897227965,0.7904444970838795,0.0016309243156016828,0.04117413549041703,0.012963059767046581,true
9.275,13.504810143065464,0.035213638377296415,0.11413503310698145,0.13153994187267135,-6.287737118223844e-5,-0.0012536402366360615,0.0007976977643530734,-8.769160404631236e-5,-0.0007100061603067611,0.0026074885914170467,0.06884873520287878,1.3527751505319499,19.648511284131565,-2.1383813229715543,1.2993273682121453,0.7924714571784935,0.0016207216260860785,0.04109118587128511,0.012940157019493468,true
9.325,13.504810143065464,0.03512008376083662,0.11517393099199835,0.13250871612453335,-6.443352936887854e-5,-0.0012628844686180026,0.0008060848510719383,-9.599946740430703e-5,-0.0007100853836676313,0.002600561088144605,0.06881798452855249,1.3524497498084447,19.6525626124275,-2.144065264369039,1.3082199469945381,0.7944760562926354,0.0016103969853942485,0.041005785642310014,0.012916493906076574,true
9.375,13.504810143065464,0.035022617541834056,0.11621040696998328,0.13347468199524662,-6.59736838147024e-5,-0.0012722120224427722,0.0008144019537233699,-0.00010428049268657722,-0.0007101214610367927,0.0025933439397382192,0.06878617522391332,1.3521206413567588,19.656866179218785,-2.1498412749635096,1.317128077083629,0.7964584570902604,0.0015999513615419867,0.040917920562130276,0.012892065238280601,true
9.425,13.504810143065464,0.03492122462216035,0.1172441081994314,0.13443748016976115,-6.749641917712519e-5,-0.001281623178714905,0.0008226477883406099,-0.000112533625891788,-0.0007101141624488219,0.0025858360282163557,0.06875329613578976,1.3517878026245838,19.66142539486054,-2.1557104270709124,1.3260514029058876,0.7984188232190291,0.0015893858059023048,0.040827577271842726,0.012866866083368894,true
9.475,13.504810143065464,0.034815891739926254,0.11827467635622754,0.13539674619691983,-6.900035135913035e-5,-0.0012911182117033087,0.0008308210934080632,-0.0001207578205947525,-0.0007100632728133107,0.002578036371566744,0.0687193362444515,1.3514512118700277,19.666243676489902,-2.161673791515504,1.3349895620896883,0.800357319193788,0.0015787014527305244,0.040734743299978116,0.01284089176625556,true
9.525,13.504810143065464,0.03470660746053972,0.11930174770530647,0.13635211055980134,-7.048413078575406e-5,-0.0013006973891964808,0.0008389206310815917,-0.00012895203869364952,-0.0007099685923879421,0.0025699441230842544,0.06868428466197977,1.3511108481635834,19.671324449441222,-2.167732437909982,1.343942185222652,0.8022741102775722,0.0015678995183686052,0.040639407065016994,0.012814137870706283,true
9.575000000000001,13.504810143065464,0.03459336217334066,0.12032495319347333,0.13730319876852382,-7.194644523889804e-5,-0.0013103609723798195,0.0008469451879191206,-0.00013711525091916323,-0.0007098299369999574,0.002561558571121703,0.06864813063203629,1.350766691387015,19.67667114822567,-2.1738874349382735,1.3529088956594226,0.8041693623778847,0.0015569813004514723,0.04054155788083875,0.012786600241516264,true
9.625,13.504810143065464,0.034476148101589,0.12134391858586728,0.13824963149952485,-7.338602221135345e-5,-0.0013201092157360198,0.0008548935751018264,-0.0001452464370921193,-0.0007096471380097071,0.00255287913982945,0.06861086353277239,1.3504187222349453,19.682287216657894,-2.1801398505005887,1.3618893094392122,0.8060432419694676,0.001545948177392271,0.04044118596936741,0.012758274988958181,true
9.675,13.504810143065464,0.034354959328731755,0.12235826465600422,0.13919102479165368,-7.480163084543835e-5,-0.0013299423669656566,0.0008627646282587755,-0.00015334458618302614,-0.0007094200420757495,0.0025439053911004116,0.0685724728833279,1.3500669222238386,19.68817610706412,-2.1864907516353367,1.3708830353416452,0.8078959160472726,0.00153480160827749,0.040338282481529916,0.012729158495810976,true
9.725,13.504810143065464,0.034229791838141614,0.12336760742343271,0.14012699029234377,-7.619208354085063e-5,-0.0013398606669214237,0.0008705572071681654,-0.00016140869630843806,-0.0007091485108597274,0.0025346370275126113,0.06853294835324152,1.3497112737082726,19.694341278758557,-2.1929412042378438,1.3798896750562302,0.8097275521020973,0.0015235431330935883,0.040232839524792854,0.012699247426427486,true
9.775,13.504810143065464,0.034100643558894764,0.12437155841973171,0.14105713553298171,-7.755623737293656e-5,-0.0013498643495504403,0.0008782701955716895,-0.0001694377747825908,-0.0007088324207890987,0.002525073895718925,0.06849227977311043,1.3493517599018223,19.700786196221316,-2.1994922726651756,1.3889088234021332,0.8115383181042939,0.0015121743730698023,0.04012485019316585,0.012668538736569701,true
9.825000000000001,13.504810143065464,0.033967514408588334,0.12536972495792895,0.14198106420671186,-7.889299538745539e-5,-0.0013599536418395478,0.0008859025013123569,-0.00017743083833112925,-0.0007084716629812277,0.0025152159896176095,0.06845045714457063,1.3489883648962298,19.70751432743688,-2.2061450193798775,1.3979400685238574,0.8133283824801616,0.0015006970308280173,0.04001430859486776,0.012637029682553437,true
9.875,13.504810143065464,0.033830406326024146,0.12636171038432675,0.14289837642628062,-8.020130780424097e-5,-0.0013701287637637573,0.0008934530568382076,-0.0001853869134905236,-0.000708066143347684,0.0025050634527724624,0.06840747064807347,1.3486210736733766,19.71452914275171,-2.2129005047621453,1.4069829920028645,0.8150979140699872,0.0014891128900968902,0.03990120987390675,0.012604717828565423,true
9.925,13.504810143065464,0.03368932329089188,0.12734711430322201,0.14380866895194833,-8.148017311274376e-5,-0.0013803899282401257,0.000900920819953976,-0.00019330503713627632,-0.0007076157828176996,0.002494616579870313,0.06836331064790488,1.3482498721065759,19.72183411436198,-2.2197597871611383,1.4160371688620341,0.8168470820649234,0.001477423814882912,0.03978555022422457,0.01257160105175272,true
9.975,13.504810143065464,0.03354427133248264,0.128325532779057,0.14471153539453968,-8.272863896456015e-5,-0.0013907373410914886,0.0009083047746705989,-0.00020118425706590844,-0.0007071205176046904,0.0024838758173662415,0.06831796769497045,1.347874746950496,19.729432716273937,-2.2267239231810976,1.4251021674817475,0.8185760559282053,0.0014656317481462058,0.039667326897685366,0.01253767754548952,true
10.025,13.504810143065464,0.03339525853308085,0.1292965585314849,0.14560656641031655,-8.394580280606956e-5,-0.0014011712010246614,0.0009156039319509143,-0.00020902363253576896,-0.0007065802994151453,0.002472841763734743,0.06827143252857705,1.3474956858228715,19.73732842443048,-2.2337939681182646,1.4341775494764135,0.8202850053113541,0.0014537387101679665,0.03954653820894723,0.012502945821747552,true
10.075000000000001,13.504810143065464,0.033242295032697614,0.13025978114251335,0.14649334990816343,-8.513081219776975e-5,-0.0014116916996249236,0.000922817330235245,-0.00021682223469233797,-0.000705995095542907,0.00246151516982022,0.06822369607868806,1.347112677182446,19.745524716642574,-2.240970976436345,1.4432628695899332,0.8219740999767926,0.0014417467968357571,0.03942318354081563,0.012467404713665075,true
10.125,13.504810143065464,0.03308539304002067,0.13121478729056307,0.1473714712848565,-8.628286482697494e-5,-0.0014222990213668331,0.0009299440357251371,-0.0002245791468855895,-0.0007053648888395475,0.002449896939647802,0.06817474946959398,1.3467257103082213,19.754025072125312,-2.248256002174811,1.4523576756514023,0.8236435097340321,0.0014296581780323715,0.03929726335239779,0.01243105337900129,true
10.175,13.504810143065464,0.032924566851131494,0.13216116101666475,0.14824051369386354,-8.740120825852831e-5,-0.001432993343638063,0.0009369831424967183,-0.00023229346489882154,-0.0007046896775978967,0.002437988131809303,0.06812458402530845,1.3463347752823414,19.76283297057894,-2.2556500992442263,1.4614615086066343,0.8252934043912042,0.0014174750961961774,0.03916877919077944,0.012393891304684945,true
10.225,13.504810143065464,0.032759832873983166,0.13309848401767616,0.14910005834211415,-8.848513949116163e-5,-0.0014437748367726988,0.0009439337725539324,-0.00023996429714937,-0.0007039694754045623,0.002425789961275753,0.06807319127636915,1.345939862976851,19.77195189090656,-2.2631543216136714,1.4705739025983067,0.8269239537158874,0.0014051998650234177,0.03903773370540913,0.012355918312199121,true
10.275,13.504810143065464,0.03259120965453938,0.1340263359547321,0.1499496848021069,-8.953400439000331e-5,-0.0014546436640904999,0.0009507950759190029,-0.000247590764908859,-0.0007032043110101439,0.0024133038013329287,0.0680205629669118,1.3455409650425565,19.781385309867062,-2.270769723452292,1.4796943850728363,0.828535327400651,0.001392834868178183,0.038904130662462746,0.012317134562955061,true
10.325000000000001,13.504810143065464,0.03241871790043424,0.1349442947644066,0.15078897132602986,-9.054719703305168e-5,-0.0014655999819396933,0.0009575662308240755,-0.00025517200257545457,-0.000702394228248621,0.0024005311853333095,0.06796669106140903,1.3451380738968113,19.791136700791522,-2.2784973592913094,1.4888224768639478,0.8301276950242994,0.0013803825578949888,0.03876797495766285,0.01227754056320004,true
10.375,13.504810143065464,0.0322423804994688,0.13585193696447645,0.1516174951533267,-9.15241589919069e-5,-0.001476643939742873,0.0009642464439892165,-0.0002627071579912704,-0.0007015392859979461,0.0023874738080657005,0.06791156775024207,1.3447311827087625,19.80120953258319,-2.286338284256206,1.4979576922503164,0.8317012260088038,0.0013678454533823873,0.03862927262560771,0.012237137167853235,true
10.425,13.504810143065464,0.03206222253263265,0.13674883795303971,0.15243483281046516,-9.246437852801201e-5,-0.001487775680046075,0.0009708349509527816,-0.0002701953927883448,-0.0007006395581644368,0.002374133526719453,0.06785518545437397,1.3443202853799348,19.811607268892658,-2.294293554392313,1.5070995389671824,0.8332560895689747,0.0013552261390136963,0.038488030846187696,0.012195925583468973,true
10.475,13.504810143065464,0.031878271283153514,0.13763457230555992,0.15324056040783446,-9.336738969926961e-5,-0.001498995338571814,0.0009773310163862898,-0.00027763588272929567,-0.0006996951336569941,0.0023605123615545657,0.0677975368292845,1.3439053765219453,19.82233336744851,-2.3023642270530265,1.5162475182029582,0.8347924546607784,0.0013425272623620956,0.03834425794853887,0.012153907370450641,true
10.525,13.504810143065464,0.03169055624370039,0.13850871407686183,0.15403425394125858,-9.4232771375885e-5,-0.001510303044275907,0.0009837339343419407,-0.0002850278180164044,-0.0006987061163255363,0.0023466124964350616,0.0677386147689761,1.3434864514320457,19.83339127931732,-2.310551361313586,1.525401124581585,0.8363104899286511,0.0013297515321626944,0.038197963414406254,0.012111084445101394,true
10.575000000000001,13.504810143065464,0.03149910912364087,0.13937083711393705,0.15481548960432984,-9.506014614983268e-5,-0.0015216989194069123,0.0009900430284471898,-0.00029237040357590834,-0.0006976726248712815,0.0023324362793663736,0.06767841241004682,1.343063506069202,19.844784448132607,-2.3188560183705027,1.5345598461749765,0.8378103636592277,0.001316901716257554,0.03804915788098149,0.012067459081506984,true
10.625,13.504810143065464,0.031303963857120295,0.14022051538194108,0.1555838441141249,-9.58491791917514e-5,-0.0015331830795670032,0.0009962576520218616,-0.000299662859304822,-0.0006965947927170396,0.002317986223093588,0.06761692313609251,1.342636537032117,19.856516309235097,-2.3272792618965785,1.5437231645405827,0.8392922437402507,0.0013039806395708756,0.03789785314383132,0.012023033913434391,true
10.675,13.504810143065464,0.03110515661111036,0.14105732330183093,0.15633889504859005,-9.659957705795317e-5,-0.0015447556337715468,0.0010023771881669493,-0.00030690442030446966,-0.0006954727678624797,0.002303265005697428,0.06755414058278297,1.3422055415376546,19.868590288597833,-2.335822158361694,1.5528905547618228,0.8407562976207748,0.0012909911821084514,0.03774406216061035,0.011977811936480245,true
10.725,13.504810143065464,0.030902725792014866,0.14188083609567628,0.1570802211912635,-9.731108648928133e-5,-0.0015564166845066963,0.0010084010498424296,-0.00031409433710931416,-0.0006943067127331154,0.00228827547108339,0.06749005864251395,1.3417705174012282,19.881009801879294,-2.3444857773334107,1.5620614855193276,0.8422026922770308,0.001277936276927562,0.037587799053114275,0.0119317965096791,true
10.775,13.504810143065464,0.03069671205077307,0.1426906301361926,0.1578074028799859,-9.798349320794629e-5,-0.0015681663277812591,0.001014328679961199,-0.0003212318759244992,-0.0006930968040366998,0.002273020629359637,0.06742467146936819,1.3413314630173423,19.89377825336123,-2.353271191758682,1.5712354191365445,0.8436315941748068,0.0012648189080978645,0.037429079109252965,0.0118849913570888,true
10.825000000000001,13.504810143065464,0.030487158286401916,0.1434862832985912,0.15852002235781426,-9.861662070392438e-5,-0.0015800046531722995,0.00102015955149943,-0.00032831631887241073,-0.0006918432326270192,0.0022575036570992935,0.06735797348355821,1.3408883773436309,19.906899035062803,-2.3621794782054657,1.580411811636962,0.8450431692344211,0.0012516421086546286,0.03726791878318558,0.011837400568765918,true
10.875,13.504810143065464,0.030274109645739556,0.1442673753133653,0.1592176641241743,-9.921032914700888e-5,-0.001591931743865078,0.0010258931674930502,-0.00033534696418274204,-0.0006905462033103081,0.0022417278973214517,0.06728995937607295,1.3404412598843034,19.920375525756956,-2.3712117170995457,1.589590112759029,0.8464375827900078,0.0012384089585204417,0.03710433569509819,0.011789028601636399,true
10.925,13.504810143065464,0.030057613511628823,0.14503348811838407,0.1598999152843511,-9.976451410104054e-5,-0.001603947676690439,0.0010315290612380721,-0.0003423231264848241,-0.000689205934753248,0.002225696858616187,0.06722062411236959,1.339990110651777,19.934211089914577,-2.380368993312853,1.5987697660089228,0.8478149995556407,0.0012251225819262003,0.036938348627437466,0.011739880279418356,true
10.975,13.504810143065464,0.02983771949753724,0.14578420621521448,0.16056636590242265,-0.00010027910500344385,-0.0016160525221502,0.001037066796635146,-0.00034924413717366974,-0.0006878226594614762,0.0022094142147461807,0.06714996293562797,1.3395349301420092,19.948409076951073,-2.389652396559289,1.6079502087231448,0.8491755835936761,0.0012117861450416584,0.0367699775198489,0.011689960792014306,true
11.025,13.504810143065464,0.02961447944897803,0.14651911703341552,0.16121660936317872,-0.00010075406487984584,-0.0016282463444362825,0.0010425059675471544,-0.0003561093442822445,-0.0006863966232649099,0.002192883804751943,0.0670779713700672,1.33907571935879,19.962972821153887,-2.3990630210534447,1.6171308721530677,0.85051949828697,0.0011984028544671699,0.036599243464912806,0.011639275694765852,true
11.075000000000001,13.504810143065464,0.02938794742868618,0.14723781129651356,0.16185024273588117,-0.00010118938907258357,-0.0016405292014218618,0.0010478461978813288,-0.00036291811271257327,-0.0006849280851687555,0.0021761096318541353,0.06700464522578904,1.3386124797806853,19.977905640271555,-2.408601965960401,1.6263111814668028,0.8518469062996796,0.0011849759547491417,0.0364261687047386,0.011587830908452048,true
11.125,13.504810143065464,0.029158179698020696,0.14793988338845818,0.16246686713688271,-0.00010158510359742271,-0.0016529011446574948,0.001053087142080931,-0.0003696698246749013,-0.0006834173174060298,0.0021590958620764486,0.06692998060266124,1.338145213318179,19.993210834203833,-2.4182703360201687,1.635490555792375,0.853157969545288,0.0011715087256453395,0.03625077662439209,0.01153563271834844,true
11.175,13.504810143065464,0.028925234702334462,0.14862493172322228,0.16306608809513984,-0.00010194126460770835,-0.0016653622193527529,0.0010582284847783629,-0.0003763638797063314,-0.0006818646050720314,0.0021418468231622773,0.06685397389328383,1.3376739223131158,20.008891684559963,-2.4280692415681746,1.6446684083101282,0.8544528491624518,0.0011580044800632862,0.03607309174376506,0.011482687772451037,true
11.225,13.504810143065464,0.028689173053298322,0.14929255911577988,0.16364751591914856,-0.00010225795734130364,-0.0016779124643391138,0.001063269940790112,-0.0003829996948593375,-0.0006802702459307744,0.0021243670032658566,0.06677662178609499,1.3371986095240667,20.02495145393105,-2.437999798753428,1.6538441463313993,0.8557317054893593,0.00114446656172971,0.03589313970857186,0.011429003079535097,true
11.275,13.504810143065464,0.028450057506945257,0.1499423731528444,0.16421076606328516,-0.00010253529520923669,-0.0016905519120175236,0.0010682112550702207,-0.0003895767048688354,-0.0006786345502013853,0.0021066610493264857,0.06669792126916847,1.3367192781112232,20.041393384910933,-2.4480631297313664,1.6630171713357123,0.8569946980329948,0.0011308983428782848,0.03571094728204764,0.011374586007439494,true
11.325000000000001,13.504810143065464,0.028207952938491442,0.15057398656305138,0.16475545949318002,-0.00010277341893201381,-0.0017032805882895177,0.0010730522026442912,-0.0003960943623085765,-0.0006769578403357147,0.0020887337652040847,0.06661786963265226,1.3362359316213852,20.0582206994869,-2.4582603628973905,1.672186879063427,0.8582419854469091,0.0011173032218257195,0.035526542332945193,0.011319444280168789,true
11.375,13.504810143065464,0.02796292631422555,0.15118701758644415,0.16528122305003243,-0.00010297249572308974,-0.0017160985124708024,0.001077792588526415,-0.000402552137737876,-0.000675240450788539,0.002070590109597663,0.06653646447226674,1.335748573973253,20.07543659807789,-2.468592633069781,1.6813526595624801,0.8594737255033207,0.0011036846206090014,0.03533995382506,0.011263585975476635,true
11.425,13.504810143065464,0.027715046660508655,0.1517810903430098,0.1657876898136414,-0.00010313271851768119,-0.0017290056971860633,0.001082432247619779,-0.00040894951983887353,-0.0006734827277809054,0.0020522351937498325,0.0664537036918748,1.3352572094442912,20.09304425883416,-2.4790610816752974,1.6905138972591343,0.8606900750693101,0.001090045982569259,0.035151211804044784,0.011207019521570187,true
11.475,13.504810143065464,0.02746438502986325,0.15235583519985013,0.16627449946373718,-0.00010325430524621976,-0.0017420021482442215,0.001086971044601673,-0.00041528601554451734,-0.0006716850290571557,0.002033674278935779,0.06636958550573545,1.3347618426579095,20.1110468369968,-2.489666856934207,1.699669971058869,0.8618911900876407,0.00107639076990567,0.034960347382826135,0.011149753693362562,true
11.525,13.504810143065464,0.02721101446409635,0.1529108891364242,0.16674129863905143,-0.00010333749814778985,-0.0017550878644930546,0.0010914088737958847,-0.0004215611501585916,-0.0006698477236372931,0.002014912773732612,0.06628410844179752,1.3342624785691755,20.1294474638783,-2.500411114020711,1.7088202543630697,0.8630772255471494,0.0010627224612620527,0.03476739272845107,0.011091797609187276,true
11.575000000000001,13.504810143065464,0.026955009954446583,0.15344589610724577,0.167187741293498,-0.00010338256312790568,-0.0017682628376525312,0.0010957456590265026,-0.00042777446746465413,-0.0006679711915618485,0.001995956231068351,0.06619727134342107,1.333759122454466,20.148249246334228,-2.5112950152144844,1.7179641152020038,0.8642483354691557,0.0010490445492619643,0.034572381044979276,0.011033160726218127,true
11.625,13.504810143065464,0.0266964483988149,0.15396050740145528,0.16761348904887793,-0.00010338978915871005,-0.0017815270521256005,0.0010999813534532772,-0.00043392552982373587,-0.0006660558236295413,0.001976810345054955,0.0661090733720712,1.3332517798972565,20.16745526583813,-2.5223197300658105,1.7271009162645499,0.865404672881023,0.0010353605380365916,0.034375346557622026,0.010973852836308756,true
11.675,13.504810143065464,0.026435408556072074,0.15445438199874392,0.16801821154359775,-0.00010335948771063461,-0.0017948804847857966,0.0011041159393965277,-0.00044001391826466543,-0.0006641020211318623,0.001957480947604902,0.066019514008497,1.3327404567805803,20.187068578073006,-2.533486435508942,1.7362300150428598,0.8665463898050991,0.0010216739407530053,0.03417632449318409,0.010913884060599252,true
11.725,13.504810143065464,0.02617197099748142,0.15492718692114765,0.16840158677693318,-0.00010329199221832223,-0.0018083231047408303,0.0011081494281461682,-0.0004460392325641362,-0.000662110195582032,0.0019379740048341494,0.06592859305504349,1.3322251592728045,20.207092212032123,-2.5447963160251432,1.7453507638914407,0.8676736372372087,0.0010079882771049362,0.03397535106204134,0.010853264844653196,true
11.775,13.504810143065464,0.025906218055301126,0.15537859758028463,0.1687633014484243,-0.00010318765757834144,-0.0018218548730714011,0.0011120818597543133,-0.00045200109131608116,-0.0006600807684382322,0.00191829561325626,0.0658363106380127,1.3317058938160875,20.22752916909631,-2.556250563754138,1.754462510065191,0.8687865651234284,0.0009943070708456907,0.033772463439604335,0.010792005953404016,true
11.825000000000001,13.504810143065464,0.02563823376861933,0.15580829811960223,0.16910305129198772,-0.0001030468596710282,-0.00183547574254443,0.0011159133028151547,-0.00045789913199204414,-0.0006580141708231106,0.0018984519957716114,0.06574266720755921,1.33118266712022,20.24838242290173,-2.5678503786102707,1.7635645959338448,0.8698853223590454,0.000980633847246142,0.033567699742185104,0.01073011846427021,true
11.875,13.504810143065464,0.025368103826469243,0.15621598175117962,0.1694205414043053,-0.00010286999490323709,-0.0018491856573002445,0.0011196438542328223,-0.0004637330109927563,-0.000655910843240066,0.0018784494974552026,0.06564766354128991,1.3306554861458937,20.26965491786256,-2.57959696840688,1.7726563589174429,0.8709700567539396,0.0009669721306258597,0.03336109900962553,0.010667613762492405,true
11.925,13.504810143065464,0.025095915508321347,0.15660135108664014,0.1697154865670492,-0.00010265747977730654,-0.0018629845525130206,0.0011232736389693314,-0.00046950240368683147,-0.0006537712352824999,0.0018582945811502398,0.0655513007428444,1.3301243581021347,20.291349569403188,-2.591491548951589,1.7817371317768211,0.8720409150414677,0.0009533254417882631,0.03315270117736102,0.010604503532992159,true
11.975,13.504810143065464,0.024821757622031662,0.1569641184617042,0.16998761156248254,-0.0001024097504716621,-0.001876872354023666,0.001126802809783493,-0.00047520700444181785,-0.0006515958053416751,0.0018379938228733482,0.0654535802465852,1.3295892904254614,20.31346926197865,-2.603535344171325,1.790806242478134,0.8730980428369116,0.0009396972955668533,0.03294254705995817,0.010540799756006717,true
12.025,13.504810143065464,0.024545720439278117,0.15730400625390062,0.17023665148195932,-0.00010212726243567857,-0.0018908489779449914,0.0011302315469564274,-0.00048084652664535726,-0.0006493850203110701,0.0018175539070337846,0.06535450364562659,1.3290502911523132,20.33601690801382,-2.615729587277287,1.7998630253559498,0.8741415858926972,0.0009260911934521989,0.032730677987899914,0.010476514589370526,true
12.075000000000001,13.504810143065464,0.024267895628632782,0.15762074719299388,0.17046235202687454,-0.00010181048999947653,-0.0019049143302382282,0.0011335600579986344,-0.0004864207027137325,-0.0006471393552849019,0.00179698162147759,0.06525407335070064,1.3285073674621033,20.358995220454524,-2.628075516699608,1.8089067792647808,0.875171685263651,0.0009125106397221169,0.032517137073466144,0.01041166078316916,true
12.125,13.504810143065464,0.0239883761863048,0.15791408466366869,0.17066446980161465,-0.00010145992598893832,-0.0019190683062606814,0.001136788577345086,-0.0004919292840909033,-0.0006448592932541827,0.001776283852359265,0.06515229163668662,1.3279605277615216,20.382407040518586,-2.6405743822156613,1.8179368284431408,0.876188484300287,0.0008989591118015952,0.03230196731048758,0.010346251059778181,true
12.175,13.504810143065464,0.02370725636463729,0.15818377300002745,0.1708427725980623,-0.00010107608135350879,-0.0019333107902839422,0.0011399173660300405,-0.0004973720412337309,-0.0006425453247963096,0.0017554675788471297,0.06504916126038925,1.3274097803209652,20.406255124603312,-2.653227441137371,1.8269524833993909,0.8771921241038223,0.000885440075361127,0.032085212761411415,0.010280298502715286,true
12.225,13.504810143065464,0.023424631598523933,0.15842957777149758,0.1709970396712597,-0.00010065948479042742,-0.0019476416549820096,0.0011429467113539108,-0.0005027487635894,-0.0006401979477645109,0.001734539867674642,0.06494468531099618,1.3268551335928422,20.430542195085277,-2.6660359593403338,1.8359530505609758,0.8781827446213646,0.0008719569775377442,0.03186691823468213,0.010213816452187155,true
12.275,13.504810143065464,0.02314059842979432,0.15865127605973875,0.17112706200584393,-0.00010021068236738924,-0.001962060760889322,0.0011458769265382477,-0.0005080592595629935,-0.0006378176669752542,0.0017135078675413072,0.06483886721035076,1.3262965962011741,20.45527093954915,-2.6790012113459034,1.8449378324095593,0.8791604846387926,0.0008585132444528376,0.0316471292566012,0.010146818496847992,true
12.325000000000001,13.504810143065464,0.022855254429700086,0.15884865672614196,0.1712326425728597,-9.97302371545681e-5,-0.001976567955828237,0.0011487083503572415,-0.0005133033564692527,-0.0006354049938879888,0.0016923788033729559,0.06473171071306956,1.325734176931526,20.48044401001526,-2.6921244803945688,1.8539061276236874,0.8801254817747322,0.0008451122787488838,0.03142589204249497,0.010079318465319518,true
12.375,13.504810143065464,0.022568698119621027,0.15902152066954284,0.17131359657659662,-9.921872884002902e-5,-0.0019911630743053113,0.0011514413467676064,-0.0005184809004792974,-0.0006329604462883089,0.0016711599704502136,0.06462321990654266,1.3251678847204462,20.50606402214078,-2.7054070585215952,1.862857231226898,0.8810778724753603,0.0008317574571388871,0.031203253467279347,0.010011330417505009,true
12.425,13.504810143065464,0.022281028890073114,0.1591696810737512,0.171369751691074,-9.867675333897837e-5,-0.0020058459368768352,0.0011540763045275939,-0.0005235917565576909,-0.000630484547969903,0.0016498587284112334,0.0645133992108222,1.3245977286446717,20.532133554396072,-2.7188502466306925,1.8717904347412793,0.8820177920099982,0.000818452127975259,0.03097926103546838,0.009942868635709845,true
12.475,13.504810143065464,0.02199234691812648,0.15929296364448867,0.171400948285773,-9.810492239860233e-5,-0.0020206163494830343,0.001156613636800596,-0.0005286358083873632,-0.0006279778284132329,0.0016284824951366865,0.06440225337839138,1.3240237179102134,20.558655147219703,-2.7324553545642107,1.8807050263471596,0.8829453744675436,0.0008051996088418909,0.030753962850645147,0.009873947615573152,true
12.525,13.504810143065464,0.02170275308336353,0.15939120683534821,0.17140703964023896,-9.750386318736813e-5,-0.00203547410275106,0.001159053780752844,-0.0005336129582871222,-0.0006254408224657218,0.0016070387405266557,0.06428978749382,1.3234458618410065,20.585631302144616,-2.7462237011743915,1.8896002910486167,0.8838607527536664,0.000792003184168551,0.030527407584432783,0.009804582056823427,true
12.575000000000001,13.504810143065464,0.021412348882509345,0.15946426206238973,0.17138789214716854,-9.687421787546045e-5,-0.002050418971266614,0.0011613971971380767,-0.0005385231271180643,-0.0006228740700200124,0.0015855349801792136,0.06417600697328435,1.3228641698674801,20.613064480907507,-2.7601566143910956,1.8984755108464322,0.8847640585889107,0.0007788661028737322,0.030299644444962942,0.009734786853854534,true
12.625,13.504810143065464,0.021121236342814643,0.15951199390697765,0.17134338550359407,-9.621664319909491e-5,-0.002065450712814268,0.0011636443698739953,-0.0005433662541812052,-0.0006202781156927901,0.0015639787689766308,0.06406091756395187,1.3222786515147136,20.640957104535474,-2.774255431291124,1.9073299649185058,0.8856554225076575,0.0007657915760346416,0.030070723144870935,0.009664577086132421,true
12.675,13.504810143065464,0.020829517934363658,0.15953428030651112,0.17127341288980508,-9.553181001667697e-5,-0.0020805690675866255,0.001165795805603071,-0.0005481422971025363,-0.0006176535085005348,0.001542377694591977,0.06394452534318765,1.3216893163907284,20.66931155243199,-2.788521498162438,1.9161629298107932,0.8865349738582158,0.0007527827745916064,0.029840693868783113,0.00959396800841765,true
12.725,13.504810143065464,0.02053729648140253,0.15953101273269765,0.17117788113567375,-9.48204028436698e-5,-0.002095773757362045,0.0011678520332484713,-0.0005528512317107548,-0.0006150008015377165,0.0015207393709231929,0.06382683671760035,1.3210961741743683,20.69813016144781,-2.802956170571096,1.9249736796378005,0.8874028408038852,0.0007398428270839558,0.029609607240357157,0.009522975040825476,true
12.775,13.504810143065464,0.02024467507283199,0.15950209635704687,0.17105671087406504,-9.408311937166509e-5,-0.002111064484651628,0.001169813603559842,-0.0005574930519050469,-0.0006123205516547952,0.0014990714314652809,0.06370785842190735,1.3204992346030604,20.727415224947787,-2.8175608134272854,1.9337614862942885,0.888259150325102,0.000726974817422759,0.029377514288882165,0.009451613758723198,true
12.825000000000001,13.504810143065464,0.019951756972020583,0.15944745020330547,0.17090983668107598,-9.332066997704836e-5,-0.0021264409318152923,0.0011716810886439602,-0.000562067769510264,-0.0006096133191336962,0.0014773815226321813,0.06358759751762189,1.319898507460754,20.757168991877286,-2.832336801045751,1.942525619678441,0.8891040282226357,0.0007141817827066769,0.029144466415489123,0.009379899882478738,true
12.875,13.504810143065464,0.019658645526041563,0.1593670072865495,0.1707372072028483,-9.253377719959928e-5,-0.002141902760147351,0.0011734550814980925,-0.0005665754141283893,-0.0006068796673697032,0.0014556772970359757,0.063466061391606,1.3192940025651423,20.787393665799964,-2.847285517212792,1.9512653479237574,0.8899375991215157,0.0007014667110754734,0.02891051535907542,0.009307849267097693,true
12.925,13.504810143065464,0.019365444074508777,0.15926071473869102,0.17053878526873328,-9.172317520797641e-5,-0.002157449608932256,0.0011751361955316152,-0.0005710160329790704,-0.0006041201625525449,0.0014339664067363929,0.06334325775447847,1.3186857297549341,20.818091403922164,-2.8624083552483004,1.9599799376408071,0.8907599864757652,0.0006888325396122762,0.02867571316197627,0.009235477891754489,true
12.975,13.504810143065464,0.019072255858121605,0.15912853392016457,0.17031454799060336,-9.088960924279401e-5,-0.002173081094470708,0.0011767250640835917,-0.000575389690732938,-0.0006013353733506537,0.0014122564964687747,0.06321919463891089,1.3180736988766864,20.84926431608515,-2.8777067180691276,1.968668654166821,0.8915713125737112,0.0006762821522931276,0.028440112135472023,0.009162801849248161,true
13.025,13.504810143065464,0.018779183927060083,0.15897044051756704,0.17006448684809516,-9.003383503777494e-5,-0.002188796809077107,0.0011782223399366772,-0.0005796964693379608,-0.0005985258705987163,0.001390555196860945,0.06309388039781046,1.3174579197712242,20.88091446372577,-2.893182018253399,1.977330761823387,0.8923716985438733,0.0006638183779867583,0.02820376482516618,0.009089837335392894,true
13.075000000000001,13.504810143065464,0.018486331049388217,0.158786424627062,0.1697886077596073,-8.915661822449682e-5,-0.0022045963200487345,0.0011796286948230605,-0.000583936467836582,-0.0005956922269864784,0.0013688701176506873,0.06296732370238127,1.3168384022599475,20.913043858812564,-2.9088356781014935,1.9859655241831196,0.893161264361484,0.0006514439885098345,0.027966723976261192,0.009016600638349942,true
13.125,13.504810143065464,0.018193799619572876,0.15857649082334233,0.1694869311388521,-8.825873370938487e-5,-0.0022204791686076244,0.0011809448189322577,-0.0005881098021785778,-0.0005928350167536799,0.0013472088409117802,0.06283953354006785,1.3162151561304842,20.945654462747353,-2.9246691297020937,1.9945722043450007,0.8939401288555902,0.0006391616967345412,0.027729042498766406,0.008943108127913891,true
13.175,13.504810143065464,0.01790169156729127,0.1583406582139817,0.16915949193678625,-8.734096504032176e-5,-0.002236444868816092,0.0011821714204050243,-0.0005922166050217533,-0.000589954815383271,0.0013255789143014013,0.06271051921233226,1.3155881911225926,20.97874818526263,-2.9406838149913153,2.003150065222207,0.8947084097170444,0.0006269741547580972,0.027490773432604716,0.008869376244737553,true
13.225,13.504810143065464,0.017610108266662115,0.1580789604790055,0.16880633966875241,-8.640410375160416e-5,-0.002252492906466447,0.0011833092248241931,-0.0005962570255257797,-0.0005870521992984134,0.0013039878443389052,0.0625802903322644,1.3149575169138967,21.012326883308607,-2.9568811858116497,2.011698369842437,0.8954662235073487,0.0006148839521318657,0.02725196991265041,0.008795421489507465,true
13.275,13.504810143065464,0.017319150446015574,0.15779144589553168,0.1684275384266824,-8.544894868874745e-5,-0.0022686227379462823,0.0011843589747026057,-0.0006002312291393238,-0.0005841277455632818,0.001282443089724495,0.062448856821993075,1.3143231431055133,21.046392359942104,-2.9732627039714754,2.0202163816633156,0.896213685668524,0.0006028936141514426,0.027012685133682827,0.008721260412064181,true
13.325000000000001,13.504810143065464,0.017028918098370503,0.15747817734737574,0.1680231668762615,-8.447630531737335e-5,-0.0022848337890802404,0.0011853214289638822,-0.0006041393973782753,-0.0005811820315856069,0.0012609520547102707,0.062316228909894036,1.3136850792078656,21.080946363224008,-2.9898298413008257,2.028703364903496,0.8969509105340091,0.000591005600212584,0.02677297231529707,0.008646909600478874,true
13.375,13.504810143065464,0.016739510392785286,0.15713923231957444,0.16759331823903195,-8.348698501534046e-5,-0.002301125453949538,0.0011861973624179116,-0.0006079817275960408,-0.0005782156348218708,0.0012395220825359619,0.062182417127587375,1.313043334626775,21.115990585130216,-3.006584079702513,2.037158584890706,0.8976780113406346,0.0005792223022353131,0.026532884666802564,0.008572385670095333,true
13.425,13.504810143065464,0.016451025586705154,0.15677470287779616,0.16713810025942957,-8.24818043493938e-5,-0.002317497093690363,0.0011869875652320589,-0.0006117584327463496,-0.0005752291324857093,0.0012181604489384496,0.062047432306758764,1.3123979186497576,21.15152666046423,-3.0235269111983394,2.0455813084246963,0.8983951002414431,0.000567546043158631,0.02629247535220981,0.008497705252569742,true
13.475,13.504810143065464,0.016163560939422388,0.15638469563262963,0.1666576351567687,-8.146158432811409e-5,-0.0023339480352728152,0.001187692842406672,-0.0006154697411429263,-0.0005722231012637456,0.0011968743557436944,0.06191128557581194,1.3117488404320934,21.18755616576276,-3.0406598379771697,2.0539708041552247,0.8991022883193192,0.0005559790755037976,0.026051797455351706,0.008422884984924625,true
13.525,13.504810143065464,0.01587721262680212,0.15596933168877597,0.16615205956222653,-8.042714964426103e-5,-0.0023504775702619966,0.0011883140132446658,-0.0006191158962109624,-0.0005691981170337034,0.0011756709245523789,0.06177398835637139,1.3110961089832176,21.22408061819746,-3.0579843724352758,2.0623263429741625,0.8997996856013174,0.0005445235800137167,0.02581090394521894,0.008347941498639863,true
13.575000000000001,13.504810143065464,0.015592075657413083,0.15552874657918797,0.1656215244408887,-7.937932790380739e-5,-0.002367084953562766,0.0011888519108180428,-0.0006226971562317819,-0.0005661547545862609,0.0011545571905295833,0.06163555235963633,1.3104397331533668,21.26110147447211,-3.0755020372101303,2.0706471984222645,0.9004874010736942,0.0005331816643689694,0.025569847641546913,0.008272891408793089,true
13.625,13.504810143065464,0.015308243790147655,0.1550630901841985,0.16506619499891234,-7.831894883547237e-5,-0.0023837694021501253,0.001189307381440005,-0.0006262137940851059,-0.0005630935873548991,0.00113354009630474,0.06149598958260277,1.3097797216199827,21.29862012970224,-3.0932143652149744,2.078932647109633,0.9011655426975397,0.0005219553619780654,0.025328681180711844,0.00819775130326973,true
13.675,13.504810143065464,0.01502580945344857,0.15457252663568977,0.16448625057586558,-7.724684349176623e-5,-0.0024005300937872706,0.0011896812841335816,-0.0006296660969844505,-0.0005600151871491311,0.0011126264859905577,0.061355312304132305,1.3091160828743726,21.336637916293405,-3.1111228996673406,2.087181969151895,0.901834217425138,0.0005108466308467215,0.02508745698194268,0.008122537732042646,true
13.725,13.504810143065464,0.014744863666291868,0.15405723420640033,0.16388188452234592,-7.61638434415693e-5,-0.002417366165733268,0.0011899744900971533,-0.0006330543662058302,-0.0005569201238913231,0.0010918230993319927,0.06121353308085606,1.3084488252087625,21.37515610282536,-3.1292291941100734,2.095394448623323,0.902493531217132,0.0004998573525277695,0.024846227213867433,0.008047267196526781,true
13.775,13.504810143065464,0.014465495960979385,0.15351740518444892,0.1632533040629625,-7.507077994793374e-5,-0.0024342767134426092,0.001190187882176604,-0.0006363789168147139,-0.0005538089653618901,0.0010711365659892094,0.06107066474292269,1.3077779567031467,21.41417589293068,-3.1475348124343023,2.1035693740266446,0.903143589060426,0.0004889893311480122,0.024605043761436348,0.00797195613902469,true
13.825000000000001,13.504810143065464,0.014187794307869053,0.15295324573318808,0.16260073014479615,-7.396848314275644e-5,-0.0024512607892591323,0.0011903223543327584,-0.0006396400773856599,-0.0005506822769470985,0.0010505733999640336,0.060926720389542305,1.3071034852126424,21.45369842419745,-3.166041328895607,2.1117060387834656,0.9037844949871081,0.00047824429251704987,0.024363958193188585,0.007896620932249411,true
13.875,13.504810143065464,0.013911845042212637,0.15236497573657912,0.16192439727153557,-7.28577811985997e-5,-0.0024683174011064213,0.0011903788111052786,-0.0006428381897151746,-0.000547540621390104,0.0010301399941824564,0.0607817133843302,1.3064254183555537,21.493724767100034,-3.1847503281200806,2.119803741746016,0.904416352094394,0.0004676238833204113,0.02412302172890873,0.007821277868938986,true
13.925,13.504810143065464,0.013637732793174996,0.15175282863026993,0.16122455332349067,-7.173949949062155e-5,-0.00248544551117734,0.0011903581670844406,-0.0006459736085336271,-0.0005443845585508134,0.0010098426152386738,0.06063565735046279,1.305743763501648,21.5342559239474,-3.2036634051081063,2.1278617877296324,0.9050392625655037,0.00045712967039394513,0.023882285207722478,0.007745943151580501,true
13.975,13.504810143065464,0.013365540415162504,0.1511170512185963,0.16050145936371432,-7.061445975768807e-5,-0.002502644034625385,0.0011902613463827076,-0.0006490467012122677,-0.0005412146451704399,0.0009896873983101144,0.060488566165638774,1.3050585277611504,21.575292827861805,-3.2227821652282502,2.135879488067483,0.9056533276915361,0.00044676314008362615,0.0236417990566617,0.00767063288225169,true
14.025,13.504810143065464,0.013095348921592614,0.15045790347775606,0.1597553894305024,-6.948347926542825e-5,-0.002519911838260509,0.0011900892821042983,-0.0006520578474644886,-0.0005380314346398097,0.0009696803422532302,0.06034045395683803,1.304369717974765,21.616836341798,-3.242108224196833,2.1438561611889146,0.9062586478944098,0.0004365256976928219,0.0234016132597245,0.007595363052587689,true
14.075000000000001,13.504810143065464,0.01282723742121012,0.14977565834548054,0.15898663031662,-6.834736996864041e-5,-0.0025372477392521854,0.001189842915819318,-0.0006550074390446948,-0.0005348354767746231,0.0009498273048878611,0.060191335094941,1.3036773407044764,21.658887257578854,-3.261643208044147,2.1517911332176394,0.9068553227505318,0.0004264186670170933,0.023161777327557774,0.007520149533915296,true
14.125,13.504810143065464,0.012561283056894986,0.1490706014971751,0.15819548133521688,-6.720693767605446e-5,-0.002554650503842787,0.0011895231970419059,-0.0006578958794446186,-0.0005316273175972872,0.0009301339984660972,0.06004122418911859,1.3029814022249435,21.701446294978872,-3.281388753075468,2.1596837385956156,0.9074434510156086,0.00041644328996183076,0.02292234026764919,0.007445008067519255,true
14.175,13.504810143065464,0.01229756094762349,0.14834303110998442,0.15738225407397566,-6.606298121701006e-5,-0.00257211884607412,0.001189131082714792,-0.0006607235835883789,-0.0005284074991264131,0.0009106059853746347,0.05989013608118134,1.3022819085172894,21.74451410082022,-3.3013465057869102,2.1675333207260183,0.9080231306500596,0.00040660072626128973,0.02268335055537015,0.0073699542551456405,true
14.225,13.504810143065464,0.012036144131099713,0.147593257610116,0.15654727213248773,-6.491629162027505e-5,-0.0025896514265319522,0.001188667536689507,-0.00066349097752101,-0.0005251765591684971,0.0008912486738867712,0.059738085839284236,1.3015788652568052,21.7880912481611,-3.321518122910987,2.1753392326512873,0.9085944588461876,0.0003968920532204898,0.022444856104880947,0.007295003549449574,true
14.275,13.504810143065464,0.011777103517551787,0.14682160342436898,0.15569087086523067,-6.376765130811649e-5,-0.00260724685110524,0.0011881335292073716,-0.0006661984980931091,-0.0005219350311142625,0.0008720673147411235,0.05958508875316389,1.300872277833097,21.832178235431805,-3.341905270827168,2.183100837732059,0.9091575320545495,0.00038731826580828537,0.02220690424364224,0.007220171245480935,true
14.325000000000001,13.504810143065464,0.011520507812125243,0.1460284026504548,0.15481339703878788,-6.26178332372816e-5,-0.0026249036697897,0.0011875300364337222,-0.0006688465926676298,-0.0005186834437660924,0.0008530669953950346,0.05943116032190876,1.300162151238818,21.87677548606644,-3.3625096275886377,2.190817510467031,0.9097124460196284,0.00037788027573842437,0.02196954167530578,0.007145472468773388,true
14.375,13.504810143065464,0.011266423579150246,0.1452140010026444,0.1539152087848421,-6.146760035616909e-5,-0.0026426203754352125,0.001186858039762035,-0.0006714357187093384,-0.0005154223210526967,0.0008342526447834145,0.05927631627239252,1.2994484905067385,21.92188334604636,-3.3833328739874275,2.1984886368210295,0.9102592957793617,0.00036857891509896996,0.021732814494874034,0.007070922178717882,true
14.425,13.504810143065464,0.011014914747060803,0.14437875455535965,0.15299667426652427,-6.031770368911664e-5,-0.002660395402861521,0.0011861185261675357,-0.000673966343887163,-0.0005121521822803726,0.0008156289966591505,0.05912057244577559,1.2987312988992552,21.967502092278114,-3.4043767300349654,2.2061136170319426,0.9107981758397641,0.00035941492195760245,0.0214967679874894,0.006996535108292126,true
14.475,13.504810143065464,0.010766044380895417,0.1435230334120443,0.1520581756276626,-5.916888683043485e-5,-0.002678227126644709,0.0011853124838320937,-0.0006764389438422002,-0.0005088735399898936,0.0007972007208426868,0.058963945246595414,1.298010585294428,22.01363188751986,-3.425642803595049,2.213691856998811,0.9113291795445969,0.00035038899925455,0.021261447342515196,0.0069223259744114005,true
14.525,13.504810143065464,0.010519867387606057,0.14264720491961067,0.1511000909819873,-5.8021860837918485e-5,-0.0026961138644216493,0.0011844409193917434,-0.0006788540106196345,-0.0005055869087721089,0.0007789718830670023,0.05880644968370481,1.2972863342048113,22.06027300036594,-3.4471332121816625,2.221222813155821,0.9118524021779055,0.0003415015790588949,0.021026894512079865,0.006848308541712118,true
14.575000000000001,13.504810143065464,0.010276459309794019,0.1417517014634716,0.15012286733709213,-5.6877416389026595e-5,-0.0027140538584080444,0.0011835047764020077,-0.0006812120123173985,-0.0005022927640846093,0.0007609480770872473,0.05864810773179488,1.2965586264532758,22.10742471662684,-3.4688480398564097,2.228705788091543,0.9123679268116842,0.00033275376738000555,0.020793161350840524,0.006774499558014652,true
14.625,13.504810143065464,0.01003580274142592,0.14083673860889467,0.14912671702379382,-5.5735900713488936e-5,-0.0027320453430228204,0.0011825053046948023,-0.0006835135755725881,-0.0004989917291222142,0.0007431280140268516,0.05848891237408849,1.2958271585731325,22.15509069967258,-3.490795659201201,2.236140887847959,0.9128758898939189,0.0003241435903156882,0.020560253936445363,0.006700901960465796,true
14.675,13.504810143065464,0.00979822978182042,0.13990347681274717,0.1481128712362353,-5.459963104436387e-5,-0.002750086277734669,0.001181442373700558,-0.0006857586511335458,-0.0004956837225670121,0.0007255362850733356,0.05832898233616256,1.2950931310367577,22.2032526398773,-3.512951208068737,2.2435245695613117,0.9133761785765692,0.0003156808003194788,0.020328368215435846,0.006627576459281661,true
14.725,13.504810143065464,0.00956272153259365,0.13894923031590847,0.14707839977713466,-5.346173080284305e-5,-0.0027681753603179754,0.0011803221581517453,-0.000687950318214429,-0.0004923718399373163,0.0007080974431546509,0.058167894575566925,1.2943519617189931,22.25199951216178,-3.5354217267370047,2.2508703692996996,0.9138698280831377,0.0003073290641708316,0.02009689055605597,0.006554335580024332,true
14.775,13.504810143065464,0.00933333049329345,0.13798719072108678,0.1460375862178408,-5.235724705692892e-5,-0.002786308258558286,0.0011791221177959899,-0.0006900774384724703,-0.0004890446793235195,0.0006911115665025464,0.0580075703201883,1.293620713639435,22.300894633216828,-3.557799184165088,2.2581124634242853,0.9143525729647326,0.00029922886289998667,0.019868643345844917,0.006482054047337997,true
14.825000000000001,13.504810143065464,0.009095576933286506,0.1369653459545213,0.1449338257362127,-5.112231653465999e-5,-0.002804491131629582,0.0011779506054326928,-0.0006921937572186869,-0.0004857568482140059,0.0006735064645064234,0.057839767996290065,1.292838344090363,22.35206656038606,-3.581647421596239,2.265554255309866,0.9148446006849104,0.00029085160751654733,0.01963181850878092,0.00640704425312782,true
14.875,13.504810143065464,0.008903953016675636,0.136099312637629,0.14400236894519847,-5.019216080485116e-5,-0.002822694977159858,0.001176324484923713,-0.0006940597341558788,-0.00048226475076783423,0.0006593171560614418,0.05770044396709246,1.2922072120912083,22.395099989666907,-3.6012337795407516,2.2717812099636023,0.9152531998959118,0.00028413278790999775,0.01943703754998101,0.006345270936864606,true
14.925,13.504810143065464,0.008538451640315168,0.13449848774664558,0.14226996949231063,-4.917607575181251e-5,-0.0028410217231598254,0.0011745667984667558,-0.0006958261457703004,-0.00047874065269645533,0.0006322526233143341,0.05743401537647261,1.2910166762331714,22.47825905555658,-3.6386681724579013,2.283321844021706,0.9160030731359684,0.00027171250774640847,0.019068941384249916,0.006228403022111854,true
14.975,13.504810143065464,0.008320572011524394,0.13344265106012732,0.141137636850362,-4.760686208054327e-5,-0.0028593863396225963,0.0011738061530094527,-0.0006980671583159482,-0.0004757389946935045,0.0006161191400233712,0.057270420583768876,1.2902212608719565,22.528580159189904,-3.662950908858827,2.290145229322028,0.9164419654560508,0.00026400981336208493,0.018845191437160298,0.006157437543246326,true
