r,tau,Dtau,Sr,E,nur,Pi,piR,piEta,piPhi,D,T,mu,alpha,phi,ur,v,n,e,P,ok
0.024999999999999994,5.304801943057678,0.2255205704353052,0.0,2.110340307314149,-5.983488412607213e-6,-0.005892559219320567,0.015419201753869866,-0.03988571224076857,0.024466510486898702,0.04251253352265883,0.18561805198852838,1.4084189060128995,7.587725929264375,-0.49338463046019027,0.0,0.0,0.042512533522658894,2.110340307314163,0.6856007926746001,true
0.07499999999999998,5.304801943057678,0.22446915756920027,0.02425613107890543,2.09711279546433,-1.7969712217157002e-5,-0.005901397250400731,0.013307171370706469,-0.03668711321511635,0.02337994184440988,0.042314333311342565,0.18531942323586173,1.4082027492033689,7.598786595677593,-0.49534608512027345,0.008707644734964512,0.008707314633528498,0.0423128856630972,2.096901589699248,0.6812003460385833,true
0.125,5.304801943057678,0.2247730110060044,0.0390423635382213,2.1010271163183862,-2.9890837484706875e-5,-0.005901301406672152,0.01666528444961786,-0.036975900069049925,0.020310615619432065,0.04237161225220892,0.1853990418063337,1.4082683794311057,7.595877334156727,-0.4947793671162355,0.013974194202522888,0.01397282997525075,0.04236789335280011,2.10048158401085,0.6823718302220853,true
0.175,5.304801943057678,0.2245987436402855,0.055374644814177,2.0995284213131775,-4.193553797023273e-5,-0.005901569996426562,0.01751439313446875,-0.036884998595567944,0.019370605461099193,0.0423387613809437,0.18535365058668968,1.4082079392510702,7.597411406755397,-0.49522661387237543,0.019831229998459137,0.019827331558203713,0.04233126969716845,2.0984304898705486,0.681702797704314,true
0.22499999999999998,5.304801943057678,0.22442699597488008,0.07102013560660289,2.0987811263029776,-5.387254062858593e-5,-0.005901098171643637,0.018088320459036796,-0.03694016439841913,0.018851843939382332,0.04230638549448291,0.18532187959894048,1.4081149082684772,7.598211885805456,-0.4958135106894747,0.02544341171013376,0.025435180091486514,0.04229406807093624,2.096974716363727,0.6812326639893248,true
0.275,5.304801943057678,0.224199783330558,0.08682257978479713,2.0977973855323304,-6.585911757022318e-5,-0.005900462012991312,0.01830291129836028,-0.036942641373763296,0.018639730075403017,0.04226355399073197,0.18528089966697006,1.4079906514868146,7.599221797916477,-0.49659381338587,0.03112505636399108,0.031109990812444335,0.04224514492460593,2.095096335872938,0.6806264405168977,true
0.325,5.304801943057678,0.22396838394590196,0.10251554586832153,2.0969946650040296,-7.782016900833577e-5,-0.0058995735498261065,0.018432699589304612,-0.03695477077740551,0.0185220711881009,0.04221993325104368,0.18524018632625927,1.4078570750358201,7.600170907603137,-0.49742405679667506,0.03677466666030421,0.03674982526336525,0.04219427150604971,2.0932272366066127,0.6800241356292953,true
0.375,5.304801943057678,0.22372037811411,0.1182032620696745,2.0961592138656706,-8.981171406280788e-5,-0.005898514435154614,0.018493915808599423,-0.0369561041187947,0.018462188310195277,0.04217318205572026,0.1851948043968328,1.4077145704829126,7.601263842512999,-0.49831543502343345,0.04243366050552516,0.0423955086660521,0.04213906860069719,2.09114792644427,0.6793535072684337,true
0.42500000000000004,5.304801943057678,0.22345205356395562,0.13384761137519696,2.095300307456165,-0.00010179573975908242,-0.005897274484185311,0.01853356575420686,-0.03695661309744641,0.018423047343239553,0.0421226006102611,0.1851450643488089,1.4075594454734885,7.602468099401667,-0.49928716626415515,0.048088859741997066,0.04803335232760243,0.042078863802420374,2.0888711579808055,0.6786190941243908,true
0.475,5.304801943057678,0.22315283843663666,0.14945667792614475,2.094368661158774,-0.00011378005098935312,-0.005895860600286809,0.018560447041682547,-0.03695486951593961,0.018394422474257065,0.04206619602993355,0.18508990550026322,1.407385216129968,7.603792396598131,-0.5003772821630202,0.05374544307820902,0.05366798703242243,0.04201166925103252,2.0863476221059667,0.6778052788724167,true
0.525,5.304801943057678,0.22281764420577282,0.16502100176502954,2.0933547237921126,-0.00012574568962903858,-0.00589426885486824,0.018583446912082944,-0.03695254209798858,0.018369095185905637,0.04200300908450904,0.1850291718726322,1.407187966404646,7.6052222044927404,-0.5016075716927632,0.05940159388083981,0.05929706968582705,0.04193654300684055,2.083569461950871,0.676909836663038,true
0.5750000000000001,5.304801943057678,0.2224442214481948,0.18053717608844622,2.092247200923044,-0.00013768161330788545,-0.005892499128655776,0.01860510079887058,-0.03694961770457102,0.018344516905700436,0.041932615738709066,0.18496263219177533,1.4069662612232152,7.6067595089392235,-0.5029866718177126,0.06505790498603667,0.06492066070085262,0.04185307542374934,2.0805266081703753,0.6759295805309606,true
0.625,5.304801943057678,0.22203319474209124,0.195999802049094,2.091042633520504,-0.0001495513269658739,-0.005890551641230701,0.018627159643847795,-0.036946348524854775,0.01831918888100698,0.04185513373080084,0.1848902193113466,1.4067206775430647,7.608410454499013,-0.5045119358090931,0.07071409759682938,0.07053795557608154,0.041761399383595584,2.077217208190719,0.6748638372041434,true
0.675,5.304801943057678,0.22158710758704603,0.21140436562320988,2.089738698408654,-0.00016131655092089457,-0.005888428212527802,0.01865025315806875,-0.03694274762182343,0.01829249446375468,0.04177104253195241,0.1848118759959338,1.4064533568481423,7.610189276359528,-0.5061722502828545,0.07637021766109002,0.07614847594136066,0.041662008219110314,2.0736405781591665,0.6737121717751474,true
0.725,5.304801943057678,0.2211088691042432,0.22674612120251847,2.0883345516552465,-0.00017303316126302635,-0.005886130996990771,0.018674741702961573,-0.03693884541107752,0.018264103708115945,0.04168089053609351,0.18472757806735593,1.4061667098805082,7.612110355107819,-0.5079549632014232,0.08202618534914434,0.08175162189308995,0.04155547190304839,2.069797688489064,0.6724746691164196,true
0.775,5.304801943057678,0.22059925138419287,0.2420204423779737,2.086829305630433,-0.00018478391626749425,-0.005883661740194571,0.0187007193428317,-0.036934614039429346,0.018233894696597645,0.04158482328881064,0.18463731796967872,1.4058613479976136,7.61417769417819,-0.5098571244294497,0.08768196223935788,0.08734683835337342,0.041441963071253356,2.0656895851719472,0.6711516065660051,true
0.8250000000000001,5.304801943057678,0.22005763705935666,0.25722275526811345,2.0852220596733666,-0.00019649860174512297,-0.0058810214486722245,0.018728188948086883,-0.0369300153312658,0.01820182638317892,0.041482724411105135,0.18454110045784305,1.4055366344510967,7.616388061867987,-0.5118825308537852,0.09333752231160583,0.09293358643149832,0.04132138232187555,2.06131742651465,0.6697434134984767,true
0.8750000000000001,5.304801943057678,0.21948390914637136,0.27234854150535476,2.0835120271938483,-0.00020817438169245107,-0.005878210693229857,0.01875712944285129,-0.03692501631106656,0.018167886868215268,0.04137457185062431,0.18443892987953825,1.405192365836872,7.6187406137882,-0.5140326623292022,0.09899284923805786,0.09851134091745542,0.041193730752215475,2.0566826071733963,0.6682505559262676,true
0.9249999999999999,5.304801943057678,0.2188781966462544,0.28739329034149064,2.0816985292941768,-0.00021981315998973038,-0.005875229754885206,0.018787509620962664,-0.036919587854635144,0.01813207823367248,0.041260389925150236,0.18433081242592086,1.40482853641497,7.621235527183197,-0.5163079483701494,0.10464791584418442,0.10407957024057485,0.04105905746214761,2.0517867591456223,0.66667355891553,true
0.975,5.304801943057678,0.21824067932212132,0.3023525300145669,2.079780890616692,-0.00023141443018758406,-0.005872078697082464,0.018819283504649908,-0.03691369794607399,0.018094414441424084,0.04114021252154945,0.1842167551224119,1.4044451744760815,7.623873157155703,-0.5187086563348832,0.11030269862234275,0.10963775105120913,0.04091742212524974,2.0466316392015047,0.6650129847732821,true
1.025,5.304801943057678,0.21757155046060883,0.3172218201905962,2.0777584343133837,-0.00024297655304853058,-0.005868757396146659,0.018852400155609326,-0.036907314243576184,0.018054914087966858,0.04101407607598655,0.18409676601609115,1.4040423112084237,7.626653860316601,-0.5212350595185851,0.11595717389110698,0.11518536465956183,0.04076888805276547,2.0412191232770547,0.6632694340939855,true
1.0750000000000002,5.304801943057678,0.21687101708200332,0.3319967555018477,2.075630469893059,-0.0002544977216506315,-0.005865265572367509,0.01888680561709211,-0.03690040391712348,0.01801359830003137,0.040882019613535145,0.18397085384579884,1.4036199819991282,7.62957801552423,-0.5238874310039126,0.12161131889894215,0.12072189834583671,0.04061352227450478,2.0355511913245548,0.6614435406681615,true
1.125,5.304801943057678,0.2161393015114585,0.3466729648763998,2.0733962918040927,-0.0002659760875134044,-0.005861602815278158,0.018922444456220343,-0.036892933860221556,0.017970489404001214,0.04074408504436571,0.18383902797599877,1.4031782280284206,7.6326460353761965,-0.5266660351588673,0.12726511091803216,0.1262468446896087,0.04045139580721216,2.029629923849682,0.6595359702116508,true
1.1750000000000003,5.304801943057678,0.21537664098266746,0.3612461125047184,2.071055177049414,-0.0002774097466791739,-0.005857768605400437,0.01895925976831926,-0.0368848704185812,0.017925610650261936,0.04060031708903439,0.18370129831474133,1.4027170961766884,7.635858369239004,-0.5295711283250361,0.1329185270998658,0.13175970164574846,0.04028258353528209,2.0234574970456056,0.6575474187898164,true
1.225,5.304801943057678,0.2145832868941144,0.37571189861394494,2.068606385042747,-0.0002887967150751221,-0.005853762331761034,0.018997193114406702,-0.03687617922136408,0.01787898610695738,0.040450763138280145,0.18355767528793965,1.4022366385103107,7.639215501670947,-0.5326029616377077,0.13857154416629913,0.13725997245637042,0.04010716402418339,2.0170361801881174,0.655478612024495,true
1.275,5.304801943057678,0.21375950418962258,0.39006606083407097,2.0660491580764866,-0.00030013492520062854,-0.005849583306051856,0.019036184406745777,-0.036866825055763046,0.01783064064901727,0.040295473136252855,0.18340816982296904,1.4017369118588505,7.642717950960681,-0.5357617833272962,0.14422413830669628,0.14274716576082933,0.03992521935741831,2.0103683334336835,0.6533303044254293,true
1.3250000000000002,5.304801943057678,0.21290557088344814,0.40430437579154227,2.0633827224734995,-0.00031142222945368744,-0.005845230773917437,0.01907617192606508,-0.03685677184445155,0.017780599918386465,0.040134499490989434,0.18325279334511663,1.4012179774907887,7.646366267672114,-0.5390478404505242,0.1498762851214214,0.14822079574621475,0.039736835000082966,2.003456406170906,0.6511032788950987,true
1.375,5.304801943057678,0.21202177766405306,0.4184226608657541,2.0606062899560555,-0.00032265640606611394,-0.005840703923979326,0.019117092409343162,-0.03684598267981997,0.017728890270476808,0.039967896999721746,0.18309155777646396,1.400679900853806,7.650161033442584,-0.5424613802644777,0.15552795961408342,0.15368038233986117,0.0395420996762655,1.9963029354556352,0.6487983462555735,true
1.4250000000000003,5.304801943057678,0.21110842755129544,0.4324167759611498,2.05771905912661,-0.00033383516401400734,-0.005836001895059256,0.019158881171607647,-0.0368344198879476,0.01767553871633995,0.03979572278425402,0.18292447553581986,1.4001227513607561,7.65410285998927,-0.546002651349333,0.16117913618349425,0.1591254513957478,0.03934110525539582,1.9889105444620305,0.6464163447768597,true
1.475,5.304801943057678,0.21016583559474356,0.4462826252578532,2.054720216977951,-0.0003449561461058278,-0.005831123781978628,0.019201472224035114,-0.036822045098062674,0.01762057287402756,0.03961803623409253,0.1827515595380918,1.3995466022141185,7.658192388352255,-0.5496719045231648,0.1668297886084985,0.16455553486807492,0.03913394664514308,1.9812819408778732,0.6439581396838268,true
1.525,5.304801943057678,0.20919432860479692,0.460016158932959,2.051608940435367,-0.0003560169301675698,-0.005826068640212026,0.01924479837928948,-0.0368088193095361,0.01756402093024662,0.03943489895575964,0.18257282319337886,1.3989515302615112,7.662430288322589,-0.5534693935880014,0.1724798900230555,0.1699701709695069,0.03892072168935685,1.973419915254688,0.6414246226458772,true
1.5750000000000002,5.304801943057678,0.2081942449080343,0.47361337486570354,2.0483843979369922,-0.00036701502884894444,-0.00582083548961411,0.019288791345946316,-0.03679470295529377,0.017505911609347457,0.03924637472667481,0.1823882804059634,1.3983376158745686,7.666817258006499,-0.5573953759482203,0.17812941288615117,0.17536890431851912,0.038701531069463474,1.965327339318489,0.638816711251971,true
1.625,5.304801943057678,0.20716593411900303,0.48707032033725195,2.045045751059166,-0.0003779478885869126,-0.005815423317397567,0.01933338181793631,-0.03677965596350342,0.017446274145567108,0.03905252945213502,0.18219794557344593,1.39770494284455,7.6713540234794815,-0.5614501131365047,0.183778328949655,0.180751286078824,0.03847647820802075,1.9570071642501576,0.6361353484745621,true
1.6750000000000003,5.304801943057678,0.20610975692250677,0.5003830937314638,2.041592156186667,-0.0003888128881493316,-0.005809831080509947,0.019378499563259433,-0.03676363781912589,0.017385138255866454,0.03885343112427408,0.18200183358605063,1.3970535982896202,7.676041338501636,-0.5656338712747456,0.18942660922621848,0.18611687409283284,0.038245669173395835,1.948462418935718,0.6333815021229741,true
1.725,5.304801943057678,0.20502608486220325,0.5135478462380653,2.0380227662266615,-0.0003996073370412048,-0.0058040577075364475,0.019424073513706216,-0.03674660762596623,0.017322534112260014,0.03864914978221159,0.18179995982616973,1.3963836725704528,7.680879984272947,-0.5699469214878882,0.19507422395760057,0.19146523300945567,0.03800921258493774,1.9396962081892066,0.6305561642873868,true
1.775,5.304801943057678,0.20391530013264933,0.5265607835580616,2.034336732360158,-0.00041032847392575704,-0.00579810210023321,0.0194700318558563,-0.036728524169264296,0.017258492313407994,0.03843975747285165,0.18159234016801165,1.395695259211916,7.685870769221875,-0.5743895402833611,0.20072114258397603,0.1967959344067013,0.037767219518168416,1.9307117109426544,0.6276603507718073,true
1.8250000000000002,5.304801943057678,0.20277779537288232,0.5394181676106777,2.03053320582976,-0.0004209734651400691,-0.005791963134777214,0.01951630212320213,-0.03670934597871964,0.01719304385551751,0.03822532821197121,0.18137899097749066,1.3949884548292795,7.691014528812762,-0.5789620099041822,0.20636733371369925,0.20210855690851837,0.037519803409802766,1.9215121784095566,0.6246951005182393,true
1.875,5.304801943057678,0.20161397346052126,0.5521163182410045,2.0266113397592367,-0.000431539403351435,-0.005785639662800698,0.019562811289069813,-0.036689031391775845,0.017126220102706032,0.038005937945406375,0.18115992911217077,1.3942633590582416,7.6963121253759175,-0.5836646186601689,0.2120127650940452,0.20740268629631803,0.03726707996243793,1.912100932214875,0.6216614750198002,true
1.9250000000000003,5.304801943057678,0.20042424730514413,0.5646516149274536,2.022570291002534,-0.00044202330637304916,-0.005779130512267194,0.019609485860127653,-0.036667538617059195,0.017058052756931542,0.03778166451010233,0.1809351719214302,1.3935200744876757,7.701764447947146,-0.5884976612427929,0.21765740358253186,0.21267791561476113,0.03700916704884202,1.9024813624993329,0.6185605577254125,true
1.975,5.304801943057678,0.19920903964044173,0.5770204984881107,2.0184092220183234,-0.0004524221161391455,-0.005772434488230241,0.019656251970501984,-0.03664482579798241,0.016988573827480424,0.03755258759493253,0.1807047372466761,1.3927587065948064,7.707372412122112,-0.5934614390258118,0.22330121511914677,0.2179338452720751,0.036746184615786354,1.8926569259920187,0.6153934534340977,true
2.0250000000000004,5.304801943057678,0.19796878281453828,0.5892194727845894,2.014127302768019,-0.00046273269785435827,-0.005765550373511105,0.019703035476162617,-0.0366208510763472,0.016917815600184585,0.0373187887011724,0.18046864342164265,1.3919793636823428,7.713136959921371,-0.5985562603542178,0.2289441646993571,0.22317008313475675,0.03647825458742392,1.8826311440537928,0.6121612876797108,true
2.075,5.304801943057678,0.1967039185777204,0.6012451064219047,2.0097237126309775,-0.00047295183929835726,-0.0057584769293210075,0.01974976204960096,-0.03659557265595026,0.0168458106063493,0.03708035110248445,0.18022690927284113,1.3911821568169553,7.719059059659502,-0.6037824408246827,0.2345862163475664,0.22838624461632642,0.03620550076820895,1.8724076006954333,0.6088652061074377,true
2.125,5.304801943057678,0.19541489786738997,0.6130940344434999,2.005197642337928,-0.00048307625031422755,-0.005751212895848332,0.019796357275013124,-0.036568948866302,0.016772591591288875,0.03683735980438003,0.17997955411997385,1.390367199768842,7.725139705824737,-0.6091403035595757,0.2402273330916404,0.2335819527606992,0.035928048745307105,1.8619899405639613,0.6055063738398883,true
2.1750000000000003,5.304801943057678,0.19410218058960488,0.6247629600166564,2.000548295912742,-0.0004931025624701563,-0.00574375699282853,0.019842746743036006,-0.03654093822596712,0.016698191482931116,0.03658990150303797,0.1797265977763591,1.3895346089523168,7.731379918966527,-0.6146301794748243,0.24586747693727323,0.2387568383190325,0.03564602579059675,1.8513818669005526,0.602085974833888,true
2.225,5.304801943057678,0.1927662353973837,0.6362486561128076,1.9957748926278067,-0.0005030273289587165,-0.0057361079201090626,0.019888856145747646,-0.036511499505879556,0.01662264336013191,0.03633806454351312,0.1794680605495512,1.388684503366916,7.737780745580073,-0.620252407543847,0.2515066088435565,0.24391053982131566,0.03535956076233535,1.8405871394787414,0.5986052112308473,true
2.2750000000000004,5.304801943057678,0.1914075394633651,0.6475479671579326,1.9908766689402762,-0.0005128470245801897,-0.005728264358222199,0.019934611368548426,-0.03648059179089003,0.0165459804223416,0.0360819388768807,0.1792039632413708,1.3878170045385128,7.744343258018542,-0.6260073350631612,0.2571446886948641,0.2490427036382592,0.03506878400612512,1.8296095724923462,0.5950653026906635,true
2.325,5.304801943057678,0.1900265782509229,0.6586578106901818,1.9858528804538818,-0.000522558045934474,-0.005720224968967749,0.01997993858437078,-0.03644817454230003,0.01646823595792925,0.035821616017089594,0.17893432714840635,1.3869322364617436,7.751068554394461,-0.6318953179088949,0.2627816752781187,0.2541529840418146,0.03477382725601676,1.8184530324383847,0.5914674857239166,true
2.3750000000000004,5.304801943057678,0.18862384528317638,0.6695751790827963,1.9807028039904724,-0.0005321567124774193,-0.005711988396002718,0.0200247643597136,-0.03641420766617312,0.01638944330645952,0.03555718899741881,0.17865917406447743,1.3860303255399453,7.757957758383749,-0.6379167208000383,0.2684175262779697,0.2592410432755179,0.03447482353576749,1.8071214360541288,0.5878130130420864,true
2.4250000000000003,5.304801943057678,0.1871998418943042,0.6802971410299106,1.9754257393496402,-0.0005416392671458286,-0.005703553265476266,0.02006901574444217,-0.03637865157326424,0.01630963582882207,0.03528875232359807,0.17837852627749504,1.3851114005267644,7.7650120192831515,-0.6440719175721232,0.2740521982211971,0.26430655157260674,0.03417190705774476,1.7956187480079564,0.584103152826648,true
2.475,5.304801943057678,0.1857550769897281,0.6908208431944796,1.9700210113228889,-0.0005510018769918901,-0.005694918186702938,0.020112620354149215,-0.03634146723501393,0.016228846880864713,0.035016401928600414,0.1780924065710295,1.384175592466975,7.772232511861291,-0.6503612914390609,0.27968564646444644,0.26934918720738327,0.03386521312377388,1.7839489787600025,0.5803391880540364,true
2.5250000000000004,5.304801943057678,0.18429006679875282,0.7011435117943006,1.9644879716336239,-0.000560240634779457,-0.0056860817528533725,0.020155506465823297,-0.03630261624585068,0.016147109780027386,0.03474023512601271,0.1778008382247357,1.3832230346383743,7.779620436265975,-0.6567852352530681,0.28531782517108456,0.2743686365305187,0.03355487802571238,1.7721161823582945,0.5765224157992387,true
2.575,5.304801943057678,0.18280533461929005,0.7112624541438586,1.9588260008309346,-0.0005693515606699923,-0.005677042541687272,0.020197603110187305,-0.03626206088356416,0.016064457773376853,0.03446035056191399,0.1775038450139764,1.3822538624912737,7.78717701795382,-0.6633441517813609,0.2909486872840563,0.2793645939947537,0.03324103894534834,1.7601244541856211,0.5726541465232811,true
2.6250000000000004,5.304801943057678,0.18130141055868676,0.721175060170366,1.9530345101684636,-0.0005783306041595374,-0.0056677991163305574,0.020238840160432994,-0.03621976416758112,0.015980924007148123,0.03417684816601937,0.17720145120947445,1.381268213589128,7.794903507625877,-0.6700384539769709,0.2965781844986278,0.2843367621746065,0.0329238338547728,1.7479779286933994,0.5687357033562234,true
2.6750000000000003,5.304801943057678,0.1797788312705157,0.7308788039011419,1.9471129434628776,-0.0005871736463134187,-0.005658350026100004,0.02027914841907251,-0.036175689915966355,0.015896541496893846,0.03388982910206286,0.17689368157319377,1.3802662275522644,7.802801181347723,-0.67686856524716,0.3022062672811585,0.28928485182065455,0.032603401416003354,1.7356807769774787,0.5647684213277879,true
2.725,5.304801943057678,0.17823813968707453,0.7403712449171989,1.941060778924931,-0.0005958765022982215,-0.0056486938073768145,0.020318459702480265,-0.0361298028009099,0.015811343098429638,0.033599395717371194,0.1765805613717964,1.3792480459833536,7.810871339792039,-0.6838349197588008,0.3078328846621432,0.2942085817099015,0.03227988088536126,1.7232372050190468,0.5607536468179489,true
2.7750000000000004,5.304801943057678,0.17667988474792284,0.7496500297697559,1.9348775309595783,-0.000604434924180096,-0.005638828984532232,0.020356706922294507,-0.03608206840225775,0.015725361479963243,0.033305651491690735,0.17626211635565356,1.3782138124301777,7.819115309209618,-0.6909379626651466,0.3134579844613447,0.29910767887041795,0.03195341201014751,1.7106514505900068,0.5566927365652367,true
2.825,5.304801943057678,0.17510462112476244,0.7587128933582752,1.9285627519338453,-0.0006128446039796624,-0.00562875407090839,0.02039382416280675,-0.03603245325862124,0.015638629095814493,0.033008700985325094,0.17593837277080282,1.3771636723130765,7.827534440750599,-0.6981781504080636,0.3190815130928533,0.3039818784309759,0.03162413493383005,1.697927781420997,0.5525870570927948,true
2.8750000000000004,5.304801943057678,0.1735129089432011,0.7675576602693086,1.9221160339119925,-0.000621101176978193,-0.005618467569854901,0.020429746753909843,-0.03598092491581714,0.015551178161907299,0.032708649786685265,0.17560935735477343,1.3760977728707768,7.836130110599552,-0.7055559509788004,0.32470341557163324,0.3088309236428413,0.03129219009821884,1.6850704927418827,0.5484379839264042,true
2.9250000000000003,5.304801943057678,0.17190531350161553,0.776182246075553,1.915537010357455,-0.0006292002252882113,-0.005607967975822567,0.02046441133946386,-0.03592745197253966,0.015463040633075797,0.0324056044592929,0.17527509733543103,1.3750162631039053,7.844903719964743,-0.7130718441816536,0.33032363548009963,0.3136545658612232,0.03095771814727545,1.6720839049354381,0.5442469008496557,true
2.975,5.304801943057678,0.17028240498739677,0.7845846585952401,1.9088253578016698,-0.0006371372816803753,-0.005597253775512595,0.02049775594125865,-0.03587200412332588,0.015374248182067233,0.03209967248829017,0.17493562042978167,1.373919293719667,7.853856695075727,-0.720726321892466,0.3359421149344025,0.3184525645214713,0.03062085983192465,1.6589723611878129,0.5400151991577035,true
3.0250000000000004,5.304801943057678,0.1686447581908677,0.7927629991117826,1.9019807974794354,-0.0006449078337080309,-0.005586323449082456,0.02052972001858916,-0.03581455219880846,0.015284832180219303,0.031790962226510795,0.1745909548427658,1.3728070170779287,7.862990487189098,-0.728519888310477,0.34155879455087973,0.3232246871105487,0.030281755915986964,1.6457402251387099,0.5357442769105288,true
3.075,5.304801943057678,0.16699295221715538,0.8007154635532381,1.8950030969302365,-0.0006525073281151412,-0.00557517547140636,0.02056024452368965,-0.03575506820335513,0.015194823679665483,0.03147958284016556,0.17424112926607116,1.3716795871388734,7.872306572601924,-0.7364530602024376,0.34717361341296,0.32797070913413867,0.029940547083330448,1.6323918785340115,0.5314355381865892,true
3.1250000000000004,5.304801943057678,0.16532757019635774,0.8084403436314351,1.8878920715656613,-0.0006599311755124849,-0.005563808313389859,0.02058927195298873,-0.03569352535007574,0.015104253397087014,0.031165644254206266,0.17388617287700894,1.3705371594124076,7.881806452671768,-0.7445263671376704,0.3527865090388226,0.3326904140797601,0.029597373846345795,1.6189317188841361,0.5270903923379044,true
3.1750000000000003,5.304801943057678,0.16364919899223335,0.8159360279401562,1.880647586201664,-0.0006671747553535196,-0.005552220443337391,0.020616746393700452,-0.035629898092938456,0.015013151699238003,0.030849257097411306,0.17352611533746126,1.369379890909582,7.891491653844202,-0.7527403517124629,0.3583974173502557,0.33738359337636864,0.029252376455839134,1.6053641571299735,0.5227102532471634,true
3.225,5.304801943057678,0.16195842890963058,0.8232010030121388,1.8732695565559028,-0.0006742334211670656,-0.005540410328370271,0.020642613565718927,-0.03556416215597088,0.014921548590251951,0.030530532647233585,0.17316098679294836,1.3682079400960518,7.9013637276856254,-0.7610955697632645,0.36400627264295654,0.34205004635074443,0.028905694812409694,1.5916936153196213,0.5182965385878965,true
3.2750000000000004,5.304801943057678,0.1602558534008074,0.8302338543348412,1.8657579507099933,-0.0006811025060720738,-0.00552837643589206,0.0206668208585575,-0.03549629455940927,0.014829473700851768,0.03020958277443931,0.17279081787184816,1.3670214668476952,7.911424250920317,-0.7695925905676857,0.36961300755872734,0.34668958018112955,0.028557468379383357,1.577924524298486,0.5138506690885438,true
3.325,5.304801943057678,0.15854206877052163,0.8370332673249733,1.8581127905362396,-0.0006877773285978478,-0.005516117235098178,0.020689317363433362,-0.03542627364283388,0.014736956279400516,0.029886519887515024,0.1724156396847919,1.3658206324082518,7.921674825469592,-0.7782319970337565,0.37521755306006,0.35130200984859844,0.028207836097322886,1.5640613214148371,0.5093740678011074,true
3.3750000000000004,5.304801943057678,0.15681767387964124,0.8435980282617463,1.8503341530882191,-0.0006942531988585486,-0.005503631198523221,0.020710053900925843,-0.035354079085496266,0.014644025184570423,0.029561456876795636,0.1720354838242564,1.3646055993487534,7.932117078490459,-0.7870143858784353,0.3808198384075697,0.3558871580865982,0.027856936300118616,1.550108448242688,0.504868159375015,true
3.4250000000000003,5.304801943057678,0.15508326984681042,0.8499270251781964,1.8424221719532592,-0.0007005254251426453,-0.005490916803621224,0.02072898304508619,-0.03527969192426859,0.014550708879182396,0.02923450705822595,0.17165038236434216,1.3633765315283934,7.942752662411865,-0.7959403677972119,0.386419791140676,0.3604448553290282,0.027504906632630503,1.5360703483226732,0.5003343693364332,true
3.475,5.304801943057678,0.1533394597476597,0.8560192487094271,1.8343770385637075,-0.0007065893209921249,-0.005477972534372655,0.020746059145069783,-0.0352030945697469,0.014457035424677116,0.02890578411665924,0.1712603678606967,1.362133594056516,7.95358325496811,-0.8050105676266246,0.39201733706192554,0.36497493965721267,0.02715188396984886,1.5219514649205719,0.4957741233729262,true
3.5250000000000004,5.304801943057678,0.15158684831103658,0.8618737928952704,1.8261990034630964,-0.0007124402128459901,-0.005464796882913028,0.020761238345532153,-0.03512427082113111,0.014363032475598954,0.02857540204859415,0.17086547335054278,1.3608769532554097,7.96461055922909,-0.8142256245015012,0.3976124002248099,0.36947725674566856,0.026798004337545006,1.5077562388031676,0.4911888466233735,true
3.575,5.304801943057678,0.14982604161166893,0.8674898559339508,1.817888377521888,-0.0007180734483176977,-0.0054513883511791705,0.02077447860691017,-0.03504320588044636,0.014268727273536192,0.02824347510423914,0.17046573235273874,1.3596067766235815,7.975836303628433,-0.8235861920090057,0.40320490292482,0.37395165980648615,0.026443402834371795,1.4934891060300968,0.4865799629727153,true
3.6250000000000004,5.304801943057678,0.14805764675888916,0.8728667408821755,1.8094455330960035,-0.0007234844051465691,-0.005437745452570343,0.020785739726577948,-0.034959886366609835,0.014174146640031887,0.02791011772883438,0.17006117886776878,1.3583232327994221,7.987262241993439,-0.8330929383403767,0.4087947656932811,0.3783980095319972,0.026088213555402827,1.479154495759506,0.4819488943508039,true
3.6750000000000003,5.304801943057678,0.14628227158122303,0.8780038562965369,1.8008709051213163,-0.0007286685008564945,-0.0054238667136243465,0.020794983361369847,-0.03487430032960207,0.014079316968232225,0.027575444503194064,0.16965184737756298,1.357026491525351,7.998890153581801,-0.8427465464402469,0.4143819072933525,0.38281617403528856,0.025732569517129357,1.4647568280656458,0.47729706003473105,true
3.725,5.304801943057678,0.14450052430676152,0.8829007168104096,1.7921649921370875,-0.0007336212031195799,-0.005409750675708355,0.020802173051763132,-0.03478643726489783,0.013984264213134697,0.027239570083453804,0.16923777284505268,1.3557167236125733,8.010721843130217,-0.8525477141531912,0.4199662447172861,0.3872060287879229,0.02537660258394097,1.4503005117669183,0.4726258759541255,true
3.7750000000000004,5.304801943057678,0.14271301323947116,0.8875569436401807,1.7833283572318344,-0.0007383380407943174,-0.0053953958967283555,0.02080727424770806,-0.034696288128165026,0.013889013880456966,0.02690260914005239,0.1688189907133866,1.354394100906741,8.022759140920178,-0.8624971543661352,0.4255476931837497,0.39156745655403263,0.02502044339614674,1.4357899422637768,0.46793675399919943,true
3.825,5.304801943057678,0.14092034643172846,0.8919722650150814,1.774361628905104,-0.0007428146156086657,-0.005380800952860101,0.020810254335402567,-0.034603845349886135,0.013793591014483568,0.026564676296001778,0.16839553690471773,1.3530587962549725,8.035003902868079,-0.8725955951443677,0.4311261661344271,0.39590034732031715,0.0246642212996078,1.4212294993855439,0.4632311013312012,true
3.8750000000000004,5.304801943057678,0.139123131353583,0.8961465165255398,1.7652655018400418,-0.0007470466144123291,-0.005365964440306473,0.020811082664471306,-0.034509102849638595,0.01369802018516729,0.026225886064540366,0.16796744781850054,1.3517109834747776,8.047458010646128,-0.8828437798582145,0.4367015752290553,0.4002045982214599,0.024308064277070364,1.406623545246378,0.4585103196953159,true
3.9250000000000003,5.304801943057678,0.1373219745592463,0.9000796413851243,1.7560407375824791,-0.0007510298219387902,-0.00535088497708576,0.02080973057463272,-0.03441205604957792,0.013602325474945203,0.02588635278626334,0.1675347603292654,1.3503508373253923,8.06012337183921,-0.8932424672974961,0.4422738303379377,0.40448011346042684,0.02395209888128434,1.3919764221116044,0.4537758047363819,true
3.975,5.304801943057678,0.135517481351479,0.9037716906026271,1.7466881651241413,-0.0007547601339765351,-0.005335561204856065,0.020806171421003224,-0.03431270188669653,0.013506530465693306,0.025546190565856827,0.16709751178386476,1.348978533482073,8.073001920141895,-0.9037924317704289,0.4478428395312505,0.40872680422335206,0.02359645017000235,1.377292450276593,0.4490289453181146,true
4.0249999999999995,5.304801943057678,0.13371025544433107,0.9072228230615682,1.7372086813878236,-0.0007582335708889119,-0.005319991790779799,0.020800380596970182,-0.034211038823320994,0.013410658226350812,0.02520551320852155,0.16665573999817873,1.347594248513735,8.086095615599332,-0.914494463184589,0.4534085090648365,0.41294458858903,0.023241241642918194,1.362575925960087,0.4442711228464447,true
4.075,5.304801943057678,0.13190089862513943,0.9104333055053663,1.7276032516130873,-0.0007614462913980043,-0.005304175429432206,0.020792335553919468,-0.03410706685548293,0.013314731301563465,0.02486443415625655,0.16620948325326243,1.34619815986482,8.099406444899083,-0.9253493671045455,0.4589707433624854,0.4171333914332735,0.02288659518066458,1.3478311192138295,0.4395037105975393,true
4.125,5.304801943057678,0.13009001041660326,0.9134035124272297,1.717872909645641,-0.0007643946065475565,-0.005288110844756479,0.020782015817238125,-0.03400078751886996,0.013218771701631833,0.02452306642415751,0.16575878029107882,1.3447904458418634,8.11293642171087,-0.9363579647822134,0.46452944499348847,0.42129314432749326,0.022532630985978092,1.3330622718553975,0.43472807305276057,true
4.175,5.304801943057678,0.12827818773877253,0.9161339258651424,1.7080187581293242,-0.0007670749936127462,-0.005271796792066831,0.020769402998769573,-0.033892203892439764,0.01312280089367019,0.024181522536698745,0.1653036703097787,1.3433712856039504,8.12668758707218,-0.9475210931646454,0.4700845146462889,0.42542378543240633,0.022179467526890723,1.3182735954247236,0.4299455652407875,true
4.225,5.304801943057678,0.12646602457305448,0.9186251351044321,1.6980419686032562,-0.0007694841101182847,-0.005255232060102824,0.020754480803447054,-0.033781320598591597,0.013026839795144542,0.023839914464395574,0.16484419295852146,1.3419408591600388,8.140662009839204,-0.958839604860891,0.47563585109998247,0.42952525938843644,0.021827221482331915,1.3034692691667895,0.42515753208755935,true
4.2749999999999995,5.304801943057678,0.12465411162619044,0.9208778362847934,1.6879437815086162,-0.0007716188082365609,-0.005238415473137123,0.020737235027409883,-0.0336681437984515,0.012930908771041614,0.023498353560461118,0.16438038833210533,1.340499347370911,8.154861787177664,-0.9703143680792529,0.48118335119078687,0.4335975172009075,0.021476007689895816,1.2886534380501875,0.4203653077773834,true
4.325,5.304801943057678,0.12284303599641991,0.9228928319174357,1.6777255061043634,-0.0007734761483094847,-0.005221345893125513,0.02071765355684115,-0.03355268118688215,0.012835027630041,0.023156950497875407,0.16391229696528942,1.3390469319551015,8.169289045096246,-0.9819462665390043,0.48672690977507826,0.4376405161214954,0.021125939095623776,1.27383021081919,0.4155702151244811,true
4.375,5.304801943057678,0.12103338084388304,0.9246710303181283,1.667388520300022,-0.0007750534122339188,-0.005204022221904178,0.020695726361625144,-0.03343494198448739,0.012739215622862246,0.022815815207253457,0.16343995982689263,1.3375837955031646,8.183945939046154,-0.9937361993288447,0.4922664196918464,0.4416542195282448,0.02077712670637025,1.2590036580844912,0.41077356495645134,true
4.425,5.304801943057678,0.11922572506201853,0.9262134449526913,1.6569342704074792,-0.0007763481170851233,-0.00518644340343679,0.020671445479625513,-0.03331493692428861,0.012643491444663094,0.022475056814901,0.16296341831385613,1.3361101214969764,8.198834654558619,-1.005685080730101,0.49780177172253903,0.4456385968028438,0.020429679544328484,1.2441778104588346,0.40597665551190437,true
4.475,5.304801943057678,0.11742064295163798,0.9275211936989151,1.6463642708118078,-0.0007773580280408049,-0.0051686084260995566,0.020644804998869427,-0.03319267823679455,0.012547873237925125,0.022134783581374756,0.16248271424520766,1.334626094333511,8.213957407920857,-1.0177938400076088,0.5033328545489194,0.44959362320581375,0.020083704603590758,1.229356656736533,0.40118077185198636,true
4.5249999999999995,5.304801943057678,0.1156187038983309,0.9285954980288302,1.6356801035666,-0.0007780811709594887,-0.005150516325003199,0.020615801035217755,-0.03306817963226854,0.012452378597050784,0.021795102840670523,0.16199788985601238,1.3331318993546721,8.229316446896881,-1.0300634211571784,0.5088595547102496,0.45351927975073153,0.019739306808935275,1.2145441421207948,0.396387185287016,true
4.575,5.304801943057678,0.11382047205285578,0.9294376821132704,1.6248834179161573,-0.0007785158444755982,-0.0051321661843471145,0.020584431706295224,-0.03294145628059484,0.012357024574299616,0.021456120939974222,0.1615089877913658,1.331627722882113,8.244914051484763,-1.0424947826147428,0.5143817565598823,0.45741555307768356,0.019396588976681017,1.199744166501077,0.39159715281904317,true
4.625,5.304801943057678,0.1120265060145667,0.930049171850601,1.6139759297464331,-0.0007786606315628756,-0.005113557139799885,0.020550697102059465,-0.032812524788946126,0.012261827686886662,0.02111794317998512,0.16101605110045908,1.330113752256755,8.260752534707782,-1.0550888969277463,0.5198993422215673,0.46128243532629826,0.01905565177754785,1.1849605827819834,0.38681191660085507,true
4.675,5.304801943057678,0.11023735851784203,0.9304314938211474,1.6029594209658689,-0.0007785144104963718,-0.005094688380901144,0.020514599252572645,-0.032681403177551964,0.01216680392497932,0.020780673755804994,0.16051912323072837,1.3285901758825507,8.276834243436841,-1.0678467503903992,0.5254121915457295,0.46511992400865554,0.01871659370143843,1.170197195264519,0.3820327034117431,true
4.725,5.304801943057678,0.10845357612152737,0.9305862741688069,1.591835738817597,-0.000778076365161241,-0.005075559153478473,0.02047614209335149,-0.03254811085377364,0.012071968760422151,0.020444415698395505,0.16001824802211176,1.3270571832740568,8.293161559240922,-1.080769342644256,0.5309201820658562,0.4689280218822739,0.01837951102407045,1.155457758080826,0.3772607241504259,true
4.775,5.304801943057678,0.10667569890133424,0.930515237410847,1.5806067951236136,-0.0007773459946440618,-0.005056168762073501,0.020435331428798244,-0.03241266858475566,0.011977337155957415,0.020109270816592743,0.15951346970141583,1.3255149651072615,8.309736899262598,-1.0938576862464786,0.5364231889550376,0.4727067368233047,0.01804449777537274,1.140745973682771,0.3724971733452928,true
4.825,5.304801943057678,0.10490426014517176,0.9302202051765807,1.5692745654612257,-0.0007763231220461219,-0.005036516572370885,0.0203921748941685,-0.032275098468901704,0.011882923574733206,0.01977533963967468,0.1590048328767913,1.3239637132730881,8.326562717115607,-1.1071128062083357,0.5419210849825852,0.47645608169997467,0.01771164570956386,1.1260654913846486,0.3677432286820887,true
4.875,5.304801943057678,0.10313978605145008,0.9297030948754693,1.5578410882721223,-0.0007750079024585591,-0.005016602013624409,0.02034668191642288,-0.03213542390636974,0.011788741989946859,0.019442721360488815,0.15849238253231723,1.322403620933034,8.343641503801551,-1.1205357395063027,0.5474137404705295,0.48017607424623265,0.017381044276844254,1.111419905960252,0.3630000505491479,true
4.925,5.304801943057678,0.10138279543035789,0.928965918294996,1.5463084639041047,-0.0007734008300519412,-0.004996424581074226,0.02029886367413159,-0.031993669568691006,0.011694805894559415,0.01911151377914046,0.15797616402268935,1.3208348825763188,8.36097578864248,-1.1341275345687507,0.5529010232497767,0.4838667369355492,0.017052780596630224,1.0968127562943757,0.3582687816002326,true
4.975,5.304801943057678,0.09963379940820075,0.9280107801286632,1.5346788535850768,-0.0007715027442147563,-0.0049759838383495875,0.020248733056779482,-0.03184986136770507,0.011601128310925586,0.018781813247258014,0.15745622306798154,1.3192576940779461,8.378568140227511,-1.147889250741259,0.5583827986158761,0.487528096854931,0.01672693943226241,1.0822475240880967,0.3535505463347818,true
5.025,5.304801943057678,0.0978933011349315,0.9268398764343244,1.5229544783295348,-0.000769314834688995,-0.0049552794198516395,0.02019630462365503,-0.03170402642392563,0.011507721800270598,0.018453714612859985,0.15693260574848347,1.3176722527570535,8.396421167369718,-1.1618219577336526,0.5638589292838921,0.49116018557891183,0.016403603167137463,1.0677276326181224,0.34884645069568704,true
5.075,5.304801943057678,0.0961617954950743,0.925455493023206,1.5111376177776272,-0.0007668386456565512,-0.004934311033111111,0.0201415945623577,-0.031556193034371655,0.011414598472013954,0.018127311165861703,0.15640535849960047,1.316078757434995,8.414537520070688,-1.1759267350515665,0.5693292753421507,0.494763039043475,0.016082851782222678,1.0532564455499995,0.34415758168454386,true
5.125,5.304801943057678,0.09443976882224125,0.9238600037800861,1.499230608967085,-0.0007640760787253692,-0.004913078461116167,0.020084620647105828,-0.03140639063997591,0.011321769992870084,0.017802694584259322,0.15587452810680774,1.3144774084924744,8.432919890488927,-1.1902046714162464,0.5747936942044461,0.4983366974197467,0.0157647628349093,1.038837265805133,0.3394850069943762,true
5.175,5.304801943057678,0.09272769861756694,0.9220558689151117,1.4872358450383683,-0.0007610293947744464,-0.004891581564605504,0.020025402196846058,-0.031254649792589774,0.011229247595743716,0.01747995488105233,0.15534016170065307,1.3128684079252169,8.45157101390926,-1.204656864175238,0.5802520405603302,0.5018812049873356,0.015449411439187743,1.0244733344816146,0.3348297746598414,true
5.225,5.304801943057678,0.09102605327234575,0.9200456331482076,1.4751557738737875,-0.0007577012146237349,-0.004869820284322653,0.01996396003311278,-0.031101002121578045,0.011137042088465266,0.017159180351958344,0.1548023067517944,1.3112519593975362,8.470493669709716,-1.2192844187076421,0.5857041663233478,0.5053966100073563,0.015136870247118493,1.0101678298286267,0.33019291272484524,true
5.275,5.304801943057678,0.08933529179525368,0.917831923826889,1.4629928966712504,-0.0007540945185047333,-0.004847794643227363,0.019900316437634027,-0.030945480300018726,0.011045163862384699,0.01684045752399212,0.15426101106606124,1.3096282682932703,8.489690682323031,-1.2340884478269385,0.5911499205768866,0.5088829645950512,0.014827209431592894,0.9959238662742645,0.32557542892751473,true
5.325,5.304801943057678,0.08765586354458839,0.9154174489787426,1.4507497664540208,-0.0007502126442991138,-0.0048255047486599235,0.01983449510974033,-0.03078811801055428,0.010953622900813951,0.016523871104990533,0.15371632277955197,1.30799754176352,8.509164922188182,-1.2490700711845362,0.5965891495172553,0.5123403245918988,0.01452049667038723,0.9817444935071866,0.3209783104026635,true
5.375,5.304801943057678,0.08598820796593765,0.9128049952999525,1.4384289865177338,-0.0007460592845424431,-0.004802950794454922,0.019766521123438182,-0.03062894991084314,0.010862428787404958,0.01620950393416087,0.1531682903537538,1.3063599887706454,8.528919306688792,-1.2642304146774002,0.6020216963938727,0.5157687494372707,0.014216797131513343,0.9676326956118125,0.31640252340165054,true
5.425,5.304801943057678,0.08433275433575124,0.9099974260814796,1.4260332088163166,-0.0007416384821854474,-0.004780133063000323,0.019696420884177644,-0.03046801159864226,0.010771590714464617,0.01589743693374196,0.15261696257068944,1.3047158201279976,8.548956801074302,-1.2795706098629127,0.6074474014462962,0.519168302039607,0.013916173459882159,0.9535913902572198,0.3118490130296739,true
5.475,5.304801943057678,0.08268992151131851,0.9069976790745446,1.413565132288519,-0.0007369546251160798,-0.0047570519272388985,0.019624222085254325,-0.030305339576507887,0.010681117491253563,0.015587749061872836,0.1520623885280949,1.3030652485349146,8.56928041935999,-1.2950917933838713,0.6128661018378105,0.5225390486470767,0.013618685765305739,0.9396234279398461,0.3073187030005217,true
5.525,5.304801943057678,0.08106011768763606,0.9038087642975011,1.4010275011270605,-0.0007320124394605525,-0.004733707852608068,0.019549953663806616,-0.030140971216111208,0.010591017552304592,0.01528051726676023,0.15150461763462467,1.3014084886064803,8.589893225201989,-1.310795106406934,0.6182776315855429,0.525881058717844,0.013324391611861903,0.9257315912798774,0.30281249540872685,true
5.575,5.304801943057678,0.07944374016169406,0.9004337617862124,1.3884231029923193,-0.0007268169816839047,-0.004710101398914819,0.019473645756411653,-0.029974944722186384,0.01050129896577473,0.01497581644224456,0.15094369960507711,1.2997457568976511,8.610798332744277,-1.3266816940772341,0.6236818214870204,0.5291944047900278,0.013033346008657517,0.9119185943710831,0.29833127051902764,true
5.625,5.304801943057678,0.07784117510471912,0.8968758192900222,1.3757547671727082,-0.0007213736295241857,-0.004686233222142372,0.019395329654238923,-0.029807299096105827,0.010411969441866904,0.014673719384865783,0.15037968445563696,1.2980772719213622,8.631998907434228,-1.342752704991919,0.6290784990431137,0.5324791623514576,0.012745601402030519,0.8981870821839479,0.29387588657306424,true
5.675,5.304801943057678,0.07625279734288817,0.893138149915931,1.363025362694601,-0.0007156880718029576,-0.00466210407618509,0.0193150377577719,-0.029638074099103438,0.010323036341331537,0.01437429675252611,0.149812622499161,1.2964032541601882,8.653498166801322,-1.359009290695462,0.6344674883770325,0.5357354097091503,0.012461207669236205,0.8845396300225971,0.289447179613452,true
5.725,5.304801943057678,0.07467897014706731,0.8892240297231608,1.3502377963833956,-0.0007097662971608545,-0.00463771481450842,0.019232803531136683,-0.029467310215179482,0.010234506684042799,0.014077617024853994,0.14924256434046004,1.294723926071343,8.675299381198988,-1.3754526051989453,0.6398486101497203,0.538963227858855,0.012180212113663158,0.8709787430342366,0.28504596332478616,true
5.775,5.304801943057678,0.07312004503210431,0.8851367952709668,1.3373950108790529,-0.0007036145817734105,-0.004613066391730232,0.019148661456068836,-0.029295048613718632,0.010146387157649796,0.013783746465369085,0.14866956087161726,1.2930395120846698,8.697405874503568,-1.3920838045257273,0.6452216814712427,0.5421627003545394,0.011902659461634487,0.8575068557718891,0.28067302889180573,true
5.825,5.304801943057678,0.07157636156619003,0.8808798411221546,1.3244999826081216,-0.000697239476117621,-0.004588159865120846,0.019062646985466367,-0.029121331111809038,0.01005868412634267,0.013492749085545229,0.14809366326731083,1.2913502385934468,8.719821024769603,-1.4089040462854776,0.6505865158083881,0.545333913178073,0.011628591860845146,0.8441263318094445,0.27632914487436794,true
5.875,5.304801943057678,0.0700482471908275,0.8764566173051185,1.3115557197151095,-0.0006906477908576131,-0.004562996396018043,0.018974796496647205,-0.028946200136335577,0.009971403639688372,0.013204686610873134,0.14751492298013144,1.289656333937863,8.742548264839382,-1.4259144892782665,0.6559429228886673,0.5484769546093251,0.01135804888049178,0.8308394634085888,0.2720150570990573,true
5.925,5.304801943057678,0.0685360170519223,0.8718706267372188,1.298565259956038,-0.0006838465819228736,-0.0045375772511543275,0.018885147244359968,-0.028769698685886358,0.00988455144152639,0.01291961844901947,0.1469333917359162,1.287958028381058,8.76559108290312,-1.4431162931299204,0.6612907086002657,0.5515919150965202,0.011091067513158564,0.8176484712378477,0.2677314885674771,true
5.975,5.304801943057678,0.06703997384247462,0.8671254226122381,1.2855316685566929,-0.0006768431348652324,-0.004511903803893351,0.018793737313541524,-0.02859187029248313,0.009798132978941606,0.012637601660172993,0.14634912152906623,1.2862555540776286,8.788953023009208,-1.4605106179603535,0.6666296748883557,0.5546788871271886,0.010827682178506317,0.8045555041426877,0.2634791393808465,true
6.025,5.304801943057678,0.06556040765734261,0.8622246057549388,1.2724580360385833,-0.0006696449485819393,-0.004485977535372729,0.018700605571882023,-0.028412758983179087,0.009712153411297064,0.01235869092966621,0.1457621646178305,1.2845491450347664,8.812637685524825,-1.4780986240847742,0.6719596196480128,0.5577379650999437,0.010567924728830875,0.7915626389660251,0.2592586866806526,true
6.075,5.304801943057678,0.06409759586061124,0.8571718219455154,1.2593474760151517,-0.0006622597185319655,-0.004459800035550599,0.018605791622377348,-0.028232409241627923,0.009626617619250575,0.012082938542973296,0.145172573519565,1.282839037066357,8.836648727546791,-1.4958814717462878,0.6772803366133038,0.5607692451969117,0.010311824456566978,0.7786718804190418,0.25507078460528726,true
6.125,5.304801943057678,0.06265180296694026,0.8519707592168204,1.246203122962043,-0.0006546953186143788,-0.00443337300415326,0.018509335756001423,-0.02805086596970544,0.009541530213704016,0.011810394363343163,0.14458040100602915,1.2811254677361714,8.86098986323013,-1.5138603209068517,0.682591615242026,0.5637728252566055,0.010059408103524231,0.7658851610027718,0.25091606426291124,true
6.175,5.304801943057678,0.06122328051207393,0.846625145107045,1.2330281299444121,-0.0006469597776313235,-0.0044066982515407385,0.0184112788860256,-0.027868174439909195,0.009456895553883595,0.011541105807389474,0.14398570009874714,1.279408676203199,8.885664863425777,-1.5320363317018058,0.6878932405979501,0.5667488046483665,0.009810699866009655,0.753204340970231,0.2467951337196795,true
6.225,5.304801943057678,0.05981226697339045,0.8411387441156457,1.219825666486447,-0.0006390614292067572,-0.0043797776997102685,0.018311661904591985,-0.027684379955011586,0.009372718050419601,0.011275117830113516,0.14338852404381686,1.277688904377,8.910677565706457,-1.5504106559815483,0.6931849938804427,0.5696972845091652,0.00956572148627158,0.740631208068909,0.24270857787708933,true
6.275,5.304801943057678,0.05841899050969211,0.8355153410227366,1.2065988925924456,-0.0006310075789243359,-0.0043526118486744685,0.018210504411480734,-0.027499509614044185,0.009289005202563452,0.011012473441377816,0.14278892509356034,1.275966396902165,8.936031951120206,-1.5689844499567471,0.6984666717348491,0.5726183783157549,0.009324492008290995,0.7281674529587268,0.23865695038308746,true
6.325,5.304801943057678,0.05704358613358063,0.8297589333484143,1.1933510243014216,-0.0006227950705651062,-0.004325162278974408,0.01810768750248874,-0.027313338344810575,0.009205650842321837,0.010753198092198862,0.14218694699678122,1.2742411376827014,8.961730767814764,-1.5877608112818486,0.7037383827893342,0.5755123736072869,0.009087009416186627,0.7158144910490267,0.23464072223727012,true
6.375,5.304801943057678,0.055686287352604495,0.8238732943428821,1.1800851997169814,-0.0006144441577689503,-0.0042974684117395336,0.018003411251975444,-0.02712617720045635,0.009122765948480906,0.010497335800723038,0.14158264473789092,1.2725135342286482,8.987779092447571,-1.6067397680873448,0.7089997591239977,0.5783792974488411,0.008853299439305132,0.7035739425490185,0.23066042058853992,true
6.425,5.304801943057678,0.05434731529395566,0.8178622702916967,1.1668047293582284,-0.000605964183226906,-0.004269534411063307,0.017897743327117778,-0.02693809413573419,0.009040350808616412,0.010244928251294895,0.14097608205289255,1.2707839016133615,9.014180867479197,-1.6259218943298432,0.7142503850054067,0.5812191569949655,0.008623380415124107,0.691447510082367,0.22671660325041676,true
6.475,5.304801943057678,0.053026849612627436,0.8117297382279189,1.1535128040082683,-0.0005973642635680146,-0.004241364535337831,0.017790734964451882,-0.02674914755407564,0.008958412589623758,0.009996009310399035,0.14036731328840474,1.2690525104303458,9.040940377785075,-1.6453081857821092,0.7194899946344692,0.5840320460290448,0.008397263118079524,0.6794366241696582,0.22280974054745303,true
6.525,5.304801943057678,0.051725049140019894,0.8054796248667156,1.1402126477145855,-0.0005886531512753039,-0.004212961799403524,0.017682431912785457,-0.02655938688120035,0.008876954968414893,0.009750608919096737,0.13975639347898447,1.2673196087595546,9.068061769568523,-1.6648997977715712,0.7247183325880178,0.5868180677045126,0.008174954511370038,0.6675426506763994,0.2189402828700376,true
6.575,5.304801943057678,0.050442060702199025,0.7991158737398039,1.1269074797570966,-0.0005798395468880518,-0.004184328782837913,0.017572878340143275,-0.026368858076904117,0.008795979736760842,0.009508754755342349,0.1391433774822648,1.265585449437252,9.095549298410292,-1.684697862049715,0.7299351438924768,0.5895773289597513,0.007956459327671013,0.655766877390009,0.21510865551015737,true
6.625,5.304801943057678,0.04917801739345381,0.7926424409123518,1.1136005165934382,-0.0005709321205264549,-0.004155468310610574,0.017462119073087857,-0.02617760791678125,0.008715488843693393,0.009270471908534195,0.13852832046439315,1.2638502847390005,9.123407260711403,-1.704703518163989,0.7351401649506939,0.5923099356185697,0.007741779883051094,0.6441105234501258,0.21131526189126315,true
6.675,5.304801943057678,0.04793303885646928,0.7860632953429494,1.1002949716542894,-0.0005619395529780938,-0.00412638338536095,0.01735019896236646,-0.025985683405670833,0.008635484443304371,0.009035782932329567,0.13791127783159654,1.2621143672912085,9.15164000461497,-1.7249179069986837,0.7403331266553154,0.5950159940309204,0.0075309161623566155,0.6325747386069774,0.20756048328689486,true
6.725,5.304801943057678,0.04670723148872487,0.7793824151406324,1.0869940489182404,-0.0005528704903639514,-0.004097077113898008,0.01723716294478734,-0.025793131456200668,0.008555968511413329,0.00880470788355256,0.13729230494654196,1.260377950818563,9.180251954465485,-1.745342168118887,0.7455137577989458,0.5976956127929404,0.00732386585220122,0.6211605987035401,0.20384467730285913,true
6.775,5.304801943057678,0.04550068873331106,0.7726037843707316,1.0737009455562516,-0.0005437335165337002,-0.0040675527094475444,0.01712305614007192,-0.025599998932769694,0.008476942792697773,0.008577264377015469,0.1366714575682459,1.258641289483402,9.20924757720469,-1.7659774382378066,0.7506817776719505,0.6003488988580487,0.007120624430611824,0.6098691143589351,0.20016818073718326,true
6.825,5.304801943057678,0.04431349091686511,0.7657313903588858,1.0604188458579338,-0.0005345371545072254,-0.004037813498622558,0.01700792353906186,-0.025406332512742588,0.00839840897368073,0.0083534675549683,0.13604879151748933,1.256904638010344,9.23863140562161,-1.7868248536291167,0.7558369012246777,0.602975960196579,0.006921185158700444,0.5987012255072608,0.19653130776574237,true
6.875,5.304801943057678,0.043145705307170726,0.7587692208252796,1.0471509196901767,-0.0005252898392190021,-0.004007862921643719,0.01689181018665037,-0.02521217876811015,0.008320368581459781,0.0081333300979568,0.1354243627424374,1.2551682511382765,9.2684080302853,-1.8078855525232727,0.760978837622453,0.6055769050071842,0.006725539114303343,0.5876578033323445,0.19293435057606223,true
6.925,5.304801943057678,0.041997386419316426,0.7517212614294905,1.0339003219164276,-0.0005159999127789238,-0.003977704532114362,0.01677476105573486,-0.025017584091093642,0.008242823035358782,0.007916862282535889,0.13479822743452427,1.2534323838157937,9.29858209318535,-1.8291606713001618,0.7661072883518915,0.6081518407363404,0.006533675273833424,0.5767396530622637,0.1893775802666081,true
6.975,5.304801943057678,0.040868576001215504,0.7445914929116135,1.0206701878110236,-0.0005066756030991785,-0.003947341996303299,0.016656821134877375,-0.024822594724153085,0.00816577358927571,0.007704071978540058,0.1341704418255971,1.2516972910657191,9.329158300698984,-1.850651347314186,0.7712219500245574,0.6107008754718026,0.006345580522941843,0.5659475112266436,0.1858612459306726,true
7.025,5.304801943057678,0.03975930339485102,0.7373838885914892,1.0074636344714616,-0.0004973250200223008,-0.003916779091916907,0.01653803525380618,-0.024627256661420058,0.008089221407613877,0.007494964717181097,0.1335410624939099,1.249963227829816,9.360141401352264,-1.8723587149951484,0.7763225093331971,0.6132241154053832,0.006161239754580834,0.5552820516822965,0.18238557662597138,true
7.075,5.304801943057678,0.038669585403018736,0.7301024114454254,0.9942837535644512,-0.0004879561410011938,-0.0038860197065278728,0.016418448051713153,-0.02443161561505039,0.008013167563337236,0.007289543665928018,0.13291014590798786,1.2482304490565932,9.391536218165982,-1.8942839105579188,0.7814086500370244,0.6157216682907266,0.00598063585251925,0.5447438787735742,0.1789507791041244,true
7.125,5.304801943057678,0.037599426697934334,0.7227510116682462,0.9811336140722932,-0.0004785767983288709,-0.0038550678359581046,0.01629810399574819,-0.0242357170132912,0.007937613017543008,0.007087809705532964,0.1322777488632796,1.2464992091957787,9.423347614451338,-1.9164280688374589,0.7864800455972454,0.6181936397790645,0.005803749797014972,0.5343335355235576,0.17555704049897206,true
7.175,5.304801943057678,0.03654881984697,0.7153336240472872,0.9680162561177501,-0.0004691946723290662,-0.003823927583064685,0.01617704730373897,-0.02403960594718445,0.00786255864344548,0.006889761434882775,0.13164392808616976,1.2447697625967922,9.455580524625542,-1.9387923249763754,0.7915363654509923,0.6206401364882567,0.005630560677277838,0.5240514980640902,0.17220452646667983,true
7.225,5.304801943057678,0.035517745596624614,0.7078541653357173,0.9549346922174744,-0.00045981726696187324,-0.0037926031562188997,0.016055322159257708,-0.023843327268590293,0.007788005109332585,0.006695395224529769,0.13100874056427506,1.2430423626700349,9.48823992442075,-1.9613778151229342,0.7965772689504319,0.623061263033567,0.005461045766674985,0.5138981819309127,0.1688933832550005,true
7.275,5.304801943057678,0.034506173145429864,0.7003165319200296,0.9418919047890768,-0.0004504519251043316,-0.003761098868381522,0.01593297228134321,-0.023646925364735265,0.007713953083392056,0.006504705268136848,0.13037224347291246,1.2413172624289814,9.521330839772585,-1.9841856723495386,0.8016024066300242,0.6254571226674193,0.005295180594302503,0.5038739417903203,0.16562373758353854,true
7.325,5.304801943057678,0.033514060205554155,0.692724597248207,0.9288908406697731,-0.000441105810942151,-0.0037294191355954636,0.015810041012510864,-0.02345044418755215,0.007640403175041284,0.00631768359409036,0.1297344938188579,1.2395947146589437,9.554858373978247,-2.0072170297642495,0.8066114258766156,0.6278278199664672,0.005132938958986625,0.49397906695643967,0.16239569514564825,true
7.375,5.304801943057678,0.032541353387656166,0.6850822095064948,0.9159344136020009,-0.00043178589174114324,-0.003697568475065833,0.015686571506029614,-0.02325392733841722,0.007567355832387605,0.006134320138048244,0.1290955488832589,1.2378749710821282,9.588827669043328,-2.0304730192898557,0.8116039629319267,0.6301734570018281,0.004974293023333186,0.4842137893230301,0.15920934321491095,true
7.425,5.304801943057678,0.03158798835571102,0.6773931891384801,0.9030255002491308,-0.00042249894214195575,-0.003665551503541151,0.015562606516315585,-0.0230574179523794,0.007494811436063816,0.005954602772126072,0.12845546600593177,1.236158282633189,9.623243923120453,-2.0539547718010494,0.8165796463013535,0.6324941349743202,0.00481921335553384,0.47457828106567407,0.15606474986322497,true
7.475,5.304801943057678,0.03065389006338056,0.66966132652612,0.8901669384531044,-0.00041325153325877156,-0.003633372935385751,0.015438188424408483,-0.022860958700045862,0.00742277027563738,0.005778517349454845,0.12781430258858528,1.2344448992312027,9.65811238828797,-2.0776634178694273,0.821538096343923,0.6347899540159655,0.004667668984622422,0.46507265580186397,0.15296196432602827,true
7.525,5.304801943057678,0.029738973036848387,0.66189037973529,0.877361525901647,-0.0004040500307775204,-0.0036010375806888556,0.015313359164477618,-0.022664591740875886,0.007351232576398269,0.005606047757497785,0.12717211613447615,1.2327350697017985,9.693438366616958,-2.1016000867327427,0.8264789242761358,0.6370610127299888,0.004519627467155967,0.4556969702943287,0.14990101754353546,true
7.575,5.304801943057678,0.028843141664421874,0.6540840723682908,0.8646120175901088,-0.0003949005934926032,-0.003568550343376414,0.015188160152457823,-0.022468358676861203,0.00728019852440338,0.005437175972642768,0.12652896414103473,1.231029042107219,9.72922722053632,-2.1257659044214905,0.8314017338467266,0.639307408963499,0.004375054948447495,0.4464512240661558,0.1468819220079403,true
7.625,5.304801943057678,0.0279662904493201,0.646246091300487,0.8519211242893989,-0.00038580915849885166,-0.0035359162190613516,0.015062632441748712,-0.02227230062074506,0.00720966817899635,0.00527188210785498,0.1258849041224209,1.229327063384307,9.765484368076475,-2.150161995218015,0.8363061203759261,0.6415292393556029,0.004233916216792982,0.4373353609301848,0.14390467225198972,true
7.675,5.304801943057678,0.02710830437339865,0.6383800847372676,0.8392915127601489,-0.0003767814450034237,-0.0035031402930679177,0.014936816574663177,-0.022076458114379267,0.00713964153971609,0.005110144481242117,0.12523999379820286,1.2276293791889106,9.802215266530352,-2.1747894785906468,0.8411916671797178,0.6437265977311697,0.0040961747866041,0.428349272785908,0.14096924608076933,true
7.725,5.304801943057678,0.026269059068520593,0.6304896600450447,0.8267258011846148,-0.0003678229553775024,-0.0034702277384732476,0.0148107524621168,-0.021880871058021792,0.007070118595904992,0.004951939648359267,0.12459429074330046,1.2259362343520657,9.839425442678122,-2.1996494703965475,0.8460579516122672,0.6458995778413452,0.0039617929325714675,0.4194927959649987,0.13807560334034294,true
7.775,5.304801943057678,0.025448421145104518,0.622578381841028,0.8142265593621253,-0.00035893896282462374,-0.003437183813760068,0.014684479543817151,-0.02168557878216991,0.007001099238352758,0.004797242464142986,0.12394785257658059,1.2242478722972585,9.87712047323178,-2.2247430832443778,0.850904541192853,0.6480482716051946,0.003830731758892741,0.4107657151126018,0.13522368718366848,true
7.825,5.304801943057678,0.024646248504273882,0.6146497700156285,0.8017963074579193,-0.00035013451410663757,-0.0034040138605822318,0.014558036720610158,-0.02149062000629129,0.006932583285681131,0.004646026141754094,0.12330073698498083,1.2225645350294694,9.915305982140147,-2.250071424993387,0.8557309927461572,0.650172768745754,0.003702951266039878,0.402167764723743,0.13241342455555222,true
7.875,5.304801943057678,0.02386239063641698,0.6067072978177407,0.7894375138121372,-0.00034141443022325693,-0.0033707233014793705,0.014431462296686832,-0.02129603280184903,0.006864570505162199,0.0044982623088587435,0.12265300162204305,1.220886463370915,9.953987649915767,-2.2756355974815614,0.8605368539071767,0.6522731574696135,0.0035784104094595923,0.39369862905581327,0.12964472613957567,true
7.925000000000001,5.304801943057678,0.02309668894489844,0.5987543900945824,0.7771525939290136,-0.00033278330263166996,-0.00333731763744741,0.014304794004997644,-0.02110185459761879,0.006797060592621147,0.004353921068650784,0.1220047041362467,1.219213896865414,9.993171210053323,-2.3014366955967764,0.865321662203525,0.6543495240683868,0.003457067163135285,0.3853579437937417,0.12691748688721102,true
7.975,5.304801943057678,0.02234897705966638,0.5907944216030439,0.7649439094592243,-0.00032424549470865135,-0.0033038024455268266,0.01417806895121234,-0.020908122144882323,0.0067300531936699826,0.004212971058969351,0.12135590219050228,1.2175470737250143,10.032862446308801,-2.3274758060930263,0.8700849443716651,0.6564019526354234,0.0033388785827229758,0.3771452975758924,0.12423158650057145,true
8.025,5.304801943057678,0.02161908114142169,0.5828307154003789,0.7528137664759946,-0.0003158051442617112,-0.003270183376399973,0.014051323546769724,-0.020714871476840868,0.006663547930071144,0.004075379509637355,0.12070665337673764,1.2158862310341811,10.073067200689241,-2.3537540062441393,0.874826217736446,0.6584305256721409,0.0032238008636222724,0.36906023222718015,0.12158688948623295,true
8.075,5.304801943057678,0.02090682016271916,0.5748665411758103,0.7407644141698131,-0.0003074661585721931,-0.0032364661518453327,0.013924593593874272,-0.020522137944440938,0.006597544350566666,0.003941112295451413,0.12005701519475957,1.2142316045105246,10.113791372713763,-2.380272364975046,0.8795449901026011,0.6604353240369212,0.0031117893937852373,0.361102243847895,0.11898324549664265,true
8.125,5.304801943057678,0.020212006280142084,0.5669051138440542,0.7287980450344465,-0.00029923221838919304,-0.0032026565622363915,0.01379791423983454,-0.02032995618849926,0.00653204194866472,0.0038101340063399092,0.11940704520193159,1.2125834283737513,10.155040905024723,-2.407031939699981,0.8842407565606881,0.6624164255966188,0.003002798827239377,0.3532707859548634,0.11642049034653187,true
8.175,5.304801943057678,0.019534445103147703,0.5589495919051408,0.7169167921874033,-0.00029110677992209144,-0.003168760464079504,0.01367131994975716,-0.020138360119871582,0.006467040170114423,0.003682407998042635,0.11875680079589285,1.2109419357099105,10.196821803840562,-2.434033776195211,0.8889130032110373,0.6643739068200946,0.0028967831307631113,0.34556526819241384,0.1138984455639527,true
8.225,5.304801943057678,0.018873936044909882,0.5510030761543181,0.7051227297405369,-0.00028309307272885494,-0.0031347837774079587,0.013544844558287803,-0.01994738294079236,0.006402538382504557,0.003557896458247597,0.11810633938163,1.209307358057498,10.2391401205818,-2.4612789073345516,0.8935612034664269,0.6663078412266155,0.0027936956499868795,0.3379850596627203,0.11141691947286088,true
8.275,5.304801943057678,0.018230272633219746,0.5430686083624312,0.6934178714850527,-0.0002751941076832487,-0.0031007324833147425,0.013418521143749407,-0.019757057077272395,0.006338535933522987,0.0034365604651984145,0.11745571829986373,1.2076799256670627,10.282001959103116,-2.488768350866034,0.8981848191840313,0.6682182998841459,0.0026934891668374643,0.33052948939897764,0.10897570732673863,true
8.325,5.304801943057678,0.017603242799611528,0.535149170007506,0.6818041692104174,-0.00026741267820147964,-0.003066612621404472,0.013292382025461295,-0.01956741417253453,0.006275032147073235,0.0033183600421969857,0.11680499466817308,1.2060598677559196,10.32541349093992,-2.5165031091275156,0.9027833035532663,0.6701053526028998,0.0025961159476929514,0.3231978459473886,0.10657459114911941,true
8.375,5.304801943057678,0.016992629212294767,0.5272476812030086,0.6702835128716638,-0.00025975135859631986,-0.0030324302871039665,0.013166458851414091,-0.019378485126986762,0.006212026275572671,0.0032032542203640213,0.11615422557702058,1.2044474119421682,10.369380932624896,-2.544484168265184,0.9073560965414139,0.671969066054695,0.002501527805890011,0.3159893809541742,0.10421334090302514,true
8.425,5.304801943057678,0.01639820959743129,0.5193669995983997,0.6588577301687908,-0.0002522125083115424,-0.0029981916290103337,0.013040782585425077,-0.01919030008866959,0.006149517503244512,0.0030912010992024696,0.11550346800600211,1.202842784459717,10.413910553726502,-2.572712496605222,0.9119026264079122,0.6738095044139815,0.0024096761545400126,0.3089033095604168,0.10189171460023023,true
8.475,5.304801943057678,0.015819757046128653,0.5115099193016626,0.6475285855882231,-0.00024479827666899767,-0.002963902846259418,0.01291538346594938,-0.0190028884295175,0.00608750496356812,0.002982157904468376,0.11485277884635713,1.2012462100964236,10.45900867321091,-2.6011890430899416,0.9164223086516589,0.6756267289416003,0.002320512061951119,0.3019388119892585,0.09960945880683261,true
8.525,5.304801943057678,0.015257040325693434,0.5036791699260584,0.636297779764113,-0.00023751060729058882,-0.002929570185888688,0.012790290969303085,-0.018816278723990023,0.006025987754686938,0.0028760810468447585,0.11420221485754896,1.1996579123050224,10.504681663148348,-2.629914735625852,0.9209145465763274,0.6774207982262745,0.0022339863037063195,0.29509503442285484,0.09736630891339744,true
8.575,5.304801943057678,0.014709824186101679,0.4958774157296915,0.6251669487660928,-0.00023035124269925016,-0.0028951999402097583,0.012665533780858476,-0.01863049873179117,0.005964964950932695,0.0027729261797138772,0.11355183261377198,1.1980781133443497,10.550935953798446,-2.6588904794041355,0.925378732095637,0.6791917685082403,0.0021500494134336894,0.28837108981334786,0.09516198938358945,true
8.625,5.304801943057678,0.014177869656454635,0.4881072548270332,0.6141376636375908,-0.00022332172576419273,-0.002860798444133915,0.012541139840611264,-0.018445575418205993,0.0059044355775947285,0.002672648255041646,0.11290168848207821,1.1965070341857542,10.597778033901463,-2.6881171565686697,0.9298142457925004,0.6809396936937163,0.0020686517307068994,0.2817660590459901,0.09299621412141208,true
8.675,5.304801943057678,0.013660934350493748,0.48037121852256237,0.603211430709196,-0.00021642340217720575,-0.0028263720724670816,0.012417136380815317,-0.01826153497150011,0.005844398590684792,0.0025752015809697906,0.11225183871664784,1.1949448941350118,10.645214437434351,-2.717595625627343,0.9342204545054665,0.6826646244005632,0.0019897434522134876,0.27527899324365007,0.09086868721744584,true
8.725,5.304801943057678,0.013158772758755707,0.4726717706400664,0.5923896912327671,-0.00020965742730740696,-0.0027919272372696068,0.012293549875144845,-0.018078402776332728,0.005784852901187883,0.0024805398768895444,0.1116023394381184,1.1933919108365747,10.693251744048702,-2.747326720094737,0.9385967113956155,0.6843666079993044,0.0019132746797198706,0.2689089148627998,0.08877910329346754,true
8.775,5.304801943057678,0.012671136531364346,0.46501130688798875,0.5816738206466592,-0.00020302477126604596,-0.0027574703852209863,0.012170406019677397,-0.01789620340294255,0.0057257973832651535,0.002388616326750312,0.11095324653917783,1.1918483004135145,10.741896587881007,-2.7773112477396182,0.9429423575869145,0.6860456892548473,0.0018391954637744525,0.26265481810139163,0.08672714761945934,true
8.825,5.304801943057678,0.012197774772122404,0.45739215436373926,0.5710651286577887,-0.00019652622177216715,-0.0027230079949265374,0.012047729768544763,-0.017714960624226218,0.005667230855681455,0.00229938363449845,0.11030461571335802,1.1903142772493038,10.79115565156858,-2.8075499900698433,0.9472567211173762,0.6877019099105282,0.00176745584968971,0.25651567052375385,0.08471249663528542,true
8.875,5.304801943057678,0.01173843433485124,0.4498165711366125,0.5605648594016099,-0.0001901623902187436,-0.002688546574241143,0.011925545310035597,-0.01753469740356025,0.0056091520935246525,0.002212794079939812,0.10965650248596452,1.1887900538874507,10.841035660786371,-2.838043700622155,0.9515391159093288,0.6893353082913821,0.0016980059244479369,0.25049041466258054,0.08273481846421693,true
8.925,5.304801943057678,0.011292860099007027,0.44228674583308425,0.550174190913225,-0.00018393371792427914,-0.002654092657625831,0.01180387603346186,-0.01735543587791687,0.0055515598444550104,0.002128799570695724,0.10900896211414225,1.187275841226918,10.891543394237004,-2.8687931038700425,0.9557888436358356,0.6909459200124691,0.0016307958577286789,0.24457796840426355,0.08079377302335192,true
8.975,5.304801943057678,0.01086079524286061,0.43480479736568234,0.5398942352224558,-0.00017784047895334635,-0.0026196528034470278,0.011682744574769234,-0.017177197380770712,0.005494452806001478,0.0020473516936997025,0.1083620495802648,1.185771848302944,10.942685680973868,-2.8997988955930944,0.9600051935000765,0.6925337778725434,0.0015657759420815171,0.23877722626569414,0.07888901243156833,true
9.025,5.304801943057678,0.010441981516290636,0.42737277477479974,0.5297260390029097,-0.00017188278396323945,-0.002585233591240888,0.011562172853185807,-0.017000002461331522,0.005437829608145714,0.001968401766621262,0.10771581967793664,1.184278281787116,10.994469385537164,-2.9310617433620387,0.9641874399295168,0.6940989109693231,0.0015028966342925186,0.2330870614537836,0.07702018167781854,true
9.075,5.304801943057678,0.0100361595015524,0.41999265706518163,0.5196705837225936,-0.00016606058693169063,-0.002550841619013708,0.011442182042532043,-0.01682387087139806,0.0053816888288660165,0.0018919008870230463,0.10707032700284837,1.1827953457982952,11.046901404969367,-2.9625822866242513,0.9683348424265998,0.6956413446425472,0.0014421085940284088,0.22750632702177437,0.07518691898941708,true
9.125,5.304801943057678,0.009643068870546384,0.41266635308057575,0.5097287855156741,-0.00016037369173715993,-0.0025164835005646808,0.011322792539510337,-0.016648821550683778,0.00532602901117344,0.0018177999808581238,0.10642562587667961,1.1813232419288902,11.09998867469894,-2.994361136671873,0.9724466469855827,0.6971611009912317,0.0013833627202738039,0.22203385645998333,0.07338885601267642,true
9.175,5.304801943057678,0.009262448646597529,0.40539570147502846,0.4999014953526774,-0.0001548217574663002,-0.002482165862792993,0.011204023965945917,-0.016474872629316524,0.0052708486633706066,0.0017460498518175912,0.10578177031099342,1.1798621691723716,11.153738169664134,-3.0263988765402416,0.9765220866177513,0.6986581990402831,0.0013266101879177137,0.21666846466146197,0.07162561811840037,true
9.225,5.304801943057678,0.00889403746386144,0.3981824707576498,0.4901894994476703,-0.00014940430345174378,-0.0024478953429865305,0.011085895185783663,-0.01630204143810113,0.005216146252317469,0.0016766012302308374,0.10513881400737277,1.178412323734288,11.208156900568166,-3.058696061029953,0.980560381022981,0.7001326545850592,0.0012718024838549505,0.21140894918687936,0.06989682480728038,true
9.275,5.304801943057678,0.008537573816783581,0.39102835939515945,0.48059351972158837,-0.00014412071430624447,-0.0024136785860975527,0.010968424325080849,-0.01613034452068296,0.005161920195602111,0.0016094048200907083,0.10449681036088208,1.1769738987659357,11.263251908849943,-3.091253217380381,0.9845607361611082,0.7015844799998581,0.0012188914411447344,0.20625409153013782,0.06820209011633407,true
9.325,5.304801943057678,0.008192796299169965,0.38393499598846653,0.47111421436711076,-0.0001389702448699952,-0.0023795222420019413,0.010851628792730831,-0.015959797646489717,0.005108168853758886,0.0015444113441203525,0.10385581247413779,1.175547083972847,11.319030259048642,-3.1240708468574963,0.9885223435730734,0.7030136839575962,0.0011678292712274756,0.20120265843701388,0.0665410230438241,true
9.375,5.304801943057678,0.007859443836546656,0.3769039395256321,0.46175217847980254,-0.00013395202597474924,-0.0023454329627524,0.010735525279764707,-0.015790415813319154,0.0050548905335544465,0.0014815715875749523,0.10321587317257534,1.1741320651992326,11.37549903042628,-3.157149426580166,0.9924443797295976,0.7044202711633463,0.0011185685949954938,0.19625340319662335,0.0649132279655608,true
9.425,5.304801943057678,0.007537255913786489,0.36993667967989374,0.452507944487971,-0.00012906507114083792,-0.00231141739984611,0.010620129734994006,-0.01562221323824939,0.0050020835032553845,0.0014208364411512843,0.10257704496296739,1.1727290242354802,11.43266531667842,-3.190489410985391,0.9963260068177763,0.7058042426022044,0.0010710624723698956,0.1914050664757295,0.06331830489939427,true
9.475,5.304801943057678,0.007225972798612943,0.36303463714757145,0.44338198251838884,-0.00012430828229182637,-0.002277482201485749,0.010505457366645592,-0.015455203361664884,0.004949745995019293,0.0013621569431200868,0.10193937996606746,1.1713381386823734,11.490536229200888,-3.2240912337021106,1.0001663741472262,0.707165595991154,0.001025264430147676,0.18665637697449414,0.061755849710894664,true
9.525,5.304801943057678,0.006925335767850904,0.3561991640822453,0.4343747012132117,-0.00011968045459264656,-0.002243634009792626,0.010391522673632463,-0.015289398866475899,0.004897876192843436,0.001305484321976242,0.10130292993662489,1.1699595815533368,11.549118888123607,-3.25795530941836,1.0039646174159762,0.7085043254567575,0.000981128490452841,0.18200605273685966,0.060225454536948886,true
9.575000000000001,5.304801943057678,0.006635087327544987,0.34943154455428216,0.42548644857793394,-0.00011518028207217541,-0.0022098794579890873,0.010278339459696216,-0.015124811689133573,0.004846472229437357,0.0012507700379329404,0.100667746289231,1.1685935208808758,11.608420412267508,-3.2920820355603477,1.0077198577900366,0.7098204211520636,0.0009386091982677277,0.1774528024585974,0.058726708208929834,true
9.625,5.304801943057678,0.006354971422166056,0.34273299502735277,0.41671751262783113,-0.00011080636379667842,-0.0021762251675694257,0.010165920826395253,-0.014961453020257972,0.004795532193862719,0.0011979658223588764,0.10003388007135747,1.1672401194763653,11.668447916283307,-3.32647179421878,1.0114312023048144,0.7111138693388166,0.0008976616466687144,0.17299532638384904,0.05725919653964879,true
9.675,5.304801943057678,0.006084733635564764,0.33610466490855506,0.4080681220371071,-0.0001065572096335222,-0.0021426777454507206,0.01005427917235199,-0.014799333308559339,0.0047450541362073495,0.0011470237156596906,0.09940138191849136,1.1658995347034447,11.729208509993114,-3.3611249546864053,1.0150977447970522,0.712384652643086,0.0008582415001737129,0.16863231707450532,0.05582250256871313,true
9.725,5.304801943057678,0.005824121384904318,0.32954763719078806,0.3995384469933689,-0.00010243124516840363,-0.002109243781080379,0.009943426216758366,-0.01463846227716211,0.004695036060403744,0.0010978961038359343,0.09877030204132213,1.1645719180652598,11.790709292131583,-3.3960418769845258,1.0187185660748994,0.7136327500332964,0.0008203050167307393,0.16436246039793184,0.05441620688124317,true
9.775,5.304801943057678,0.0055728841101927735,0.32306292917678864,0.39112860031445384,-9.842681676183039e-5,-0.002075929843488625,0.009833373022003523,-0.014478848939845499,0.004645475917841976,0.0010505357542115086,0.09814069026624733,1.1632574146081893,11.852957335559502,-3.4312229155741285,1.022292732769358,0.7148581363406592,0.0007838090693110366,0.1601844368423802,0.053039888035963316,true
9.825000000000001,5.304801943057678,0.005330773457613123,0.3166514932098293,0.3828386383949304,-9.454219774927493e-5,-0.002042742478316326,0.009724129983180377,-0.014320501600933755,0.004596371617753378,0.0010048958499929359,0.09751259603039016,1.1619561625632533,11.915959679723073,-3.466668422317401,1.0258192973798983,0.7160607821933493,0.0007487111663541103,0.15609692248440804,0.051693122877745676,true
9.875,5.304801943057678,0.005097543455925804,0.3103142173947848,0.37466856186553665,-9.077559454154482e-5,-0.0020096882048320887,0.009615706815888605,-0.014163427854406514,0.004547721038517909,0.0009609300235227235,0.0968860682975759,1.1606682933031651,11.979723335849362,-3.502378749177966,1.029297300365455,0.7172406546367172,0.0007149694702335766,0.15209858943822044,0.05037548667828541,true
9.925,5.304801943057678,0.004872950690008978,0.30405192639296963,0.3666183165033241,-8.712515142984962e-5,-0.0019767735128981044,0.009508112582206775,-0.01400763460228915,0.004499522020082376,0.0009185923889931729,0.09626115552457586,1.1593939311219306,12.044255284530973,-3.5383542512234993,1.0327257709351942,0.7183977172884198,0.0006825428149943532,0.14818810664546817,0.04908655339057016,true
9.975,5.304801943057678,0.004656754469286258,0.29786538229843407,0.3586877945037824,-8.358895512151335e-5,-0.0019440048598597028,0.009401355728210666,-0.01385312807914216,0.004451772350931495,0.0008778375741964297,0.09563790571479162,1.1581331927110956,12.109562459103238,-3.574595289742217,1.036103725543623,0.7195319297119546,0.0006513907237429481,0.14436414118420135,0.047825896076543674,true
10.025,5.304801943057678,0.004448716983657654,0.2917552855242359,0.35087683565215944,-8.01650400606242e-5,-0.0019113886673857996,0.009295444093106281,-0.013699913862598105,0.004404469769491824,0.0008386207499187843,0.09501636644549775,1.1568861867157447,12.175651732371234,-3.611102235540321,1.0394301670837782,0.7206432470334867,0.0006214734241660507,0.14062535935279205,0.04659308726055676,true
10.075000000000001,5.304801943057678,0.004248603446179541,0.28572227569407016,0.34318522824897,-7.685139400229596e-5,-0.001878931318286447,0.009190384899146142,-0.013547996874405166,0.004357611975259024,0.0008008976568370532,0.09439658482038292,1.1556530135142808,12.242529914755373,-3.6478754728355893,1.0427040861333952,0.721731620242094,0.0005927518615543777,0.13697042727303052,0.045387699123617994,true
10.125,5.304801943057678,0.004056182228085424,0.27976693259144547,0.3356127100618675,-7.364596310866266e-5,-0.0018466391532999636,0.00908618475020362,-0.013397381385918703,0.004311196635715083,0.0007646246309711326,0.0937786074111862,1.1544337650233367,12.31020375426936,-3.6849154035896152,1.0459244626115487,0.7227969966076842,0.0005651877103600874,0.13339801143462643,0.04420930367874783,true
10.175,5.304801943057678,0.0038712249898566675,0.27388977717759116,0.3281589694533932,-7.054665663008902e-5,-0.0018145184678320745,0.00898284964543557,-0.013248071031320387,0.004265221385884817,0.0007297586283919397,0.09316248023385115,1.1532285244299263,12.378679931396821,-3.722222451566636,1.0490902665883923,0.7238393197998535,0.0005387433851669213,0.12990677944103235,0.04305747301368941,true
10.225,5.304801943057678,0.0036935068077636104,0.2680912726472062,0.3208236466106611,-6.755135141127371e-5,-0.0017825755086381407,0.008880385001995209,-0.013100068825573422,0.004219683823578213,0.0006962572490754821,0.0925482487490056,1.1520373659159309,12.44796505053597,-3.759797065720359,1.05220045843771,0.7248585297798149,0.0005133820510032343,0.12649540087280786,0.04193177957307648,true
10.275,5.304801943057678,0.0035228062932357897,0.26237182549892435,0.3136063348193232,-6.465789624511529e-5,-0.0017508164704429364,0.008778795681584226,-0.01295337718449521,0.004174581502910984,0.0006640787594051534,0.09193595787771645,1.1508603543732991,12.51806562894632,-3.7976397231982912,1.0552539885181154,0.7258545625331656,0.0004890676325848199,0.1231625482007735,0.04083179645766235,true
10.325000000000001,5.304801943057678,0.0033589057026343324,0.25673178661382257,0.30650658175182954,-6.186411633278823e-5,-0.0017192474925002005,0.008678086006348684,-0.012807997939654757,0.004129911933306073,0.0006331821128647577,0.09132565202467188,1.149697545114984,12.588988084140807,-3.835750932173808,1.058249796626065,0.7268273497270324,0.0004657648222370222,0.11990689769661904,0.03975709772327876,true
10.375,5.304801943057678,0.0032015910354023028,0.25117145232656135,0.2995238906005597,-5.916781807119756e-5,-0.0016878746551177407,0.008578259752369985,-0.012663932342157982,0.0040856725897879965,0.0006035269685406788,0.0907173750521833,1.1485489837934675,12.660738729849584,-3.874131234555316,1.061186812875777,0.7277768188273162,0.0004434390860147812,0.11672713004609818,0.038707258581446705,true
10.425,5.304801943057678,0.0030506521209415346,0.24569106550589004,0.29265772104917176,-5.656679354384453e-5,-0.0016567039761675117,0.008479320143403128,-0.012521181066639958,0.00404186092323683,0.0005750737074988976,0.09011117019181199,1.1474147065372913,12.733323783221183,-3.9127812091685237,1.0640639604330522,0.7287028937987394,0.0004220566678050285,0.11362193063453416,0.03768185549165047,true
10.475,5.304801943057678,0.00290588269845318,0.24029081671616614,0.28590749045474095,-5.405882417435339e-5,-0.0016257414075545131,0.00838126987197006,-0.012379744229080775,0.003998474357110714,0.0005477834478356104,0.08950708000283544,1.1462947398865684,12.806749363852061,-3.9517014754835795,1.06688015704819,0.7296054953935909,0.00040158459240940834,0.11058999008601207,0.03668046633863976,true
10.525,5.304801943057678,0.0027670804909294957,0.23497084545752758,0.279272575327846,-5.1641684113150605e-5,-0.0015949928316171522,0.008284111132109893,-0.012239621410626112,0.003955510278516219,0.0005216180586253057,0.0889051464177275,1.1451891004294599,12.881021477077413,-3.990892697071039,1.0696343141854052,0.7304845406590047,0.00038199066818222127,0.107630005215546,0.03570267074759904,true
10.575000000000001,5.304801943057678,0.0026340472702379696,0.22973124140055487,0.27275231275694034,-4.9313143991054743e-5,-0.0015644640574758299,0.008187845634662733,-0.01210081167280808,0.003912966038145347,0.0004965401721896727,0.08830541077620505,1.1440977945512245,12.956145999374202,-4.030355584333884,1.0723253364816898,0.73133994255223,0.00036324348854128655,0.10474067986860608,0.034748050362270425,true
10.625,5.304801943057678,0.0025065889121990686,0.2245720455810241,0.2663460016007486,-4.707097480117332e-5,-0.00153416081736018,0.008092474607335899,-0.011963313565242037,0.003870838957906138,0.00047251319448022135,0.08770791378800356,1.143020818515871,13.032128677449059,-4.070090896780122,1.0749521232654164,0.7321716102068939,0.00034531243186323687,0.10192072538023446,0.03381618899699076,true
10.675,5.304801943057678,0.00238451544337426,0.2194932515915325,0.26005290362394784,-4.4912951408563524e-5,-0.0015040887629195715,0.007997998799950744,-0.011827125135988844,0.0038291263360381005,0.0004495013138982206,0.08711269547379671,1.1419581586656755,13.108975132208757,-4.110099445172405,1.0775135707470536,0.7329794493953996,0.00032816766009353954,0.0991688609263806,0.03290667275338391,true
10.725,5.304801943057678,0.002267641080644571,0.21449480680321342,0.25387224474902464,-4.283685567205765e-5,-0.00147425346150472,0.007904418499712669,-0.011692243947008261,0.003787825447295593,0.00042746950875559113,0.08651979514137069,1.1409097915100668,13.186690856651419,-4.15038209352196,1.080008573232639,0.7337633626655887,0.00031178011649056253,0.09648381403479321,0.03201909019064109,true
10.775,5.304801943057678,0.0021557842626238584,0.20957661360976873,0.2478032163681696,-4.084047943490789e-5,-0.0014446603924210284,0.007811733546981577,-0.011558667089944059,0.0037469335429624823,0.00040638355319657206,0.0859292513804875,1.139875683766551,13.265281210460884,-4.190939760883624,1.0824360238474442,0.734523249313158,0.000296121522396615,0.09386432115947405,0.031153032517437784,true
10.825000000000001,5.304801943057678,0.002048767671967107,0.2047385306821886,0.24184497662818416,-3.8921627361399344e-5,-0.0014153149431645022,0.00771994335123174,-0.011426391202089785,0.0037064478508580453,0.0003862100214030236,0.08534110204596333,1.1388557924434692,13.344751416850698,-4.2317734233385496,1.0847948156678437,0.7352590054738901,0.00028116437277565716,0.09130912817661284,0.030308093758243795,true
10.875,5.304801943057678,0.001946418249652897,0.19998037424869797,0.23599665176725348,-3.707811951310377e-5,-0.0013862224056386744,0.007629046911756513,-0.011295412484800493,0.00366636557304398,0.00036691629028679347,0.08475538425696633,1.137850064842036,13.425106555970954,-4.272884116246546,1.0870838424296845,0.735970524074861,0.0002668819307434854,0.08881699092675274,0.02948387093551293,true
10.925,5.304801943057678,0.001848567202433969,0.1953019193919105,0.2302573375030854,-3.530779389221457e-5,-0.0013573879723537843,0.0075390428325799634,-0.011165726719050802,0.003626683886470839,0.00034847054089421074,0.0841721344165087,1.1368584385204208,13.506351554481295,-4.314272936012849,1.089301998702068,0.73665769461392,0.0002532482213634715,0.08638667581016723,0.028679964269955657,true
10.975,5.304801943057678,0.0017550500031341494,0.19070290132141557,0.22462610028508395,-3.3608509088917846e-5,-0.0013288167326364684,0.007449929322444555,-0.011037329273577166,0.0035873999511326117,0.000330841758462059,0.08359138818321833,1.1358808415466777,13.58849118592237,-4.3559410409028505,1.0914481815866262,0.7373204034065147,0.00024023802449440145,0.08401696015198526,0.027895977304497728,true
11.025,5.304801943057678,0.0016657063839541925,0.18618301662361142,0.21910197840691387,-3.1978146701559494e-5,-0.0013005136688734745,0.007361704194974325,-0.010910215113184515,0.0035485109182101897,0.00031399973115567114,0.08301318038769855,1.1349171930422326,13.67153008403967,-4.39788965141092,1.0935212941907544,0.7379585343658995,0.00022782686659893864,0.08170663233553195,0.027131516951459263,true
11.075000000000001,5.304801943057678,0.0015803803237982577,0.18174192453567994,0.2136839832221169,-3.0414613279477393e-5,-0.0012724836527765416,0.007274364885363826,-0.010784378815380611,0.003510013930016785,0.00029791504767986293,0.08243754498508696,1.1339674035739526,13.75547274945037,-4.440120050788304,1.0955202480608952,0.7385719694441357,0.00021599101187819936,0.07945449208723265,0.026386193590583414,true
11.125,5.304801943057678,0.0014989200291563006,0.1773792482441418,0.20837110051846316,-2.8915842048352236e-5,-0.0012447314416514873,0.007187908471811151,-0.010659814589395165,0.003471906117584014,0.0002825590936751026,0.08186451507573048,1.133031375230194,13.840323541671989,-4.48263358587459,1.097443963551217,0.7391605884296335,0.00020470745285933948,0.07725935101111758,0.02565962125053895,true
11.175,5.304801943057678,0.0014211779070354203,0.1730945761523185,0.2031622918070577,-2.7479794766683074e-5,-0.001217261674695391,0.007102331675761072,-0.010536516284610994,0.0034341846088499217,0.0002679040466148405,0.08129412290219434,1.1321090017768887,13.926086675895855,-4.525431668236634,1.0992913710019259,0.7397242689908036,0.00019395390008773315,0.07512003299651096,0.024951417748574362,true
11.225,5.304801943057678,0.0013470105299475288,0.16888746307915606,0.19805649531942457,-2.6104463732977267e-5,-0.0011900788693805344,0.007017630826343782,-0.010414477381179588,0.003396846554835806,0.00025392286920538916,0.080726399726137,1.1312001693446008,14.012766247252188,-4.56851577558948,1.1010614159231755,0.7402628879325099,0.00018370877070152773,0.07303537416485371,0.02426120467706883,true
11.275,5.304801943057678,0.001276278594018642,0.16475743137857427,0.19305262666237094,-2.478787385184133e-5,-0.0011631874179984726,0.006933801776665846,-0.01029369095679825,0.0033598891801324034,0.0002405893014891707,0.08016137554248941,1.1303047578871426,14.100366295336666,-4.611887453414532,1.1027530698510382,0.74077632414963,0.0001739511759802423,0.07100422226941593,0.023588607208191486,true
11.325000000000001,5.304801943057678,0.0012088468692900884,0.16070397192465252,0.18814957896510465,-2.3528084952230274e-5,-0.0011365915844795665,0.006850839729914047,-0.010174149608904885,0.0033233098789908384,0.0002278778514760744,0.07959907853651906,1.1294226438750326,14.188890934922917,-4.655548317119666,1.1043653504010702,0.7412644643187511,0.0001646609077367906,0.06902543530248177,0.02293325363492088,true
11.375,5.304801943057678,0.0011445841376957469,0.15672654481195697,0.1833462219427904,-2.232319489321407e-5,-0.0011102955017257882,0.00676873888627179,-0.010055845288429198,0.0032871064021574078,0.00021576378345164208,0.07903953398712688,1.1285537055823827,14.278344628982625,-4.699500056239129,1.105897361014134,0.7417272144582796,0.00015581842271577973,0.06709787842774696,0.022294774354706667,true
11.425,5.304801943057678,0.0010833631121778841,0.15282457954755763,0.17864139887499947,-2.1171343960145364e-5,-0.0010843031699051585,0.006687491795912771,-0.009938768989133802,0.0032512771932210307,0.00020422310272971957,0.07848276206140511,1.1276978335293018,14.368732749836047,-4.743744443899771,1.1073483701319446,0.7421645232249643,0.00014740482353755256,0.06522041765803113,0.021672799769784652,true
11.475,5.304801943057678,0.0010250603322889372,0.14899747454315357,0.1740339204570766,-2.007072049963351e-5,-0.0010586184563896144,0.006607088332473613,-0.009822910252271937,0.0032158219197983232,0.00019323253597251067,0.07792877381882381,1.1268549493238484,14.460062620049271,-4.788283356590141,1.1087179548310588,0.7425764243286465,0.00013940183484201923,0.06339190857682327,0.021066956537581078,true
11.525,5.304801943057678,0.0009695560379103471,0.14524459589119204,0.1695225550465228,-1.9019566944353706e-5,-0.001033245098162845,0.006527514294496269,-0.00970825649403893,0.0031807421995426605,0.00018276950738550983,0.07737756489364365,1.126025035658289,14.552345207632513,-4.833118809770555,1.1100062300628704,0.7429631042096154,0.00013179177445078345,0.06161117921353183,0.020476861874581836,true
11.575000000000001,5.304801943057678,0.0009167340317917175,0.14156527571012542,0.16510601593661037,-1.8016184441418778e-5,-0.0010081867074562827,0.006448749816037878,-0.009594792250975393,0.0031460424349375148,0.0001728121128049719,0.0768291067929877,1.12520817824378,14.645597550360684,-4.878253013744888,1.1112141692982511,0.7433249965038948,0.00012455752122409686,0.0598770078643088,0.019902116176890017,true
11.625,5.304801943057678,0.000866481553816778,0.13795881081893013,0.1607829482530286,-1.7058933011700175e-5,-0.0009834467808822259,0.006370768052730061,-0.009482498580538522,0.003111730527808461,0.00016333909599598354,0.07628333677216016,1.124404615691797,14.739845728695915,-4.923688451516159,1.1123439864912936,0.7436628941577834,0.00011768248396035392,0.058188099724856994,0.01934229524436887,true
11.675,5.304801943057678,0.0008186892048862387,0.13442446314410839,0.15655192114778554,-1.6146223204508778e-5,-0.0009590287111570805,0.0062935349396993,-0.009371353015760532,0.0030778180760612324,0.00015432983430373797,0.07574014909525062,1.1236147843885322,14.835127707175188,-4.9694279732421265,1.1133994826992344,0.7439780503753175,0.00011115057948748356,0.05654307113508342,0.018796945038079854,true
11.725,5.304801943057678,0.0007732509665729638,0.1309614636941296,0.1524114338024351,-1.5276496396879023e-5,-0.0009349357986484935,0.006217010949983489,-0.009261330531661626,0.0030443195816781373,0.00014576434235870142,0.07519939261331716,1.1228393348179257,14.931494734161996,-5.015474887163947,1.1143861811744455,0.7442722162472268,0.00010494623122397913,0.05494045497582495,0.01826558347945824,true
11.775,5.304801943057678,0.0007300643483835662,0.12756902149636412,0.14835994338277073,-1.4448195409590623e-5,-0.0009111712580596881,0.00614115541924039,-0.00915240578948838,0.0030112503702479894,0.0001376232998366681,0.07466088038990389,1.1220790912696372,15.029009642128086,-5.061833007550064,1.1153110383484361,0.7445475525605089,9.905439799477715e-5,0.05337874064511413,0.017747713762708544,true
11.825000000000001,5.304801943057678,0.0006890306496150544,0.12424633718346767,0.14439591704779947,-1.3659733855575763e-5,-0.0008877382147798209,0.0060659330312108385,-0.009044556430638069,0.0029786233994272306,0.00012988810082095137,0.07412441479417835,1.1213349372564736,15.127740844498945,-5.108506607370428,1.1161815907906645,0.7448063752939743,9.346063389503479e-5,0.05185645300662839,0.017242850644216854,true
11.875,5.304801943057678,0.000650055257838549,0.12099261827712575,0.1405178987095695,-1.2909477968794966e-5,-0.0008646396870376108,0.005991320751157002,-0.008937766538319302,0.0029464457871623004,0.00012254091006908701,0.07358982542242225,1.1206076378718497,15.22775236167919,-5.1555002332231705,1.11700460930273,0.7450507570410086,8.815116460236145e-5,0.0503722568658235,0.01675055523382575,true
11.925,5.304801943057678,0.0006130478516047967,0.1178070908904991,0.13672456897049148,-1.2195753921090352e-5,-0.0008418785544009291,0.005917312544043288,-0.008832028923270717,0.0029147163792274293,0.00011556470122453565,0.07305700915455633,1.119897649622522,15.329092479727901,-5.202818384932096,1.1177846253489057,0.7452820933132868,8.311295014532836e-5,0.04892505366447202,0.01627046719803963,true
11.975,5.304801943057678,0.0005779223717324206,0.11468900232383157,0.13301477150026902,-1.1516884439273864e-5,-0.0008194575190676685,0.005843919437123914,-0.0087273450271989,0.0028834255900749865,0.00010894325140427529,0.07252595606089696,1.1192049963189326,15.431785489034901,-5.250465135010838,1.1185229152265106,0.7455008068247013,7.833369904703755e-5,0.047514027733932936,0.015802320170763825,true
12.025,5.304801943057678,0.0005445966986433405,0.11163761201089198,0.12938748801795738,-1.0871244071558032e-5,-0.0007973790708218691,0.005771164216290009,-0.008623722129747107,0.0028525579134570985,0.0001026610803738011,0.07199674689976451,1.1185292809187466,15.535830840746016,-5.298443825695979,1.1192174818007754,0.7457063479720263,7.380181230664967e-5,0.04613861206899754,0.015345930368493015,true
12.075000000000001,5.304801943057678,0.0005129921032958863,0.10865217370764965,0.1258417664593786,-1.025731109487128e-5,-0.0007756454663397083,0.005699072621172899,-0.008521168844485066,0.002822096223312167,9.670334704337682e-5,0.07146951937359544,1.1178698484637264,15.641211222090933,-5.346756979555852,1.119864181376609,0.7458975327663108,6.950626599562586e-5,0.04479837816114647,0.014901159919216707,true
12.125,5.304801943057678,0.00048303265721570947,0.10573191675294687,0.12237663173304754,-9.673694008236667e-6,-0.0007542587277552273,0.005627664823686885,-0.00841969083390912,0.002792026010222234,9.105573825387539e-5,0.07094441635956501,1.1172260370047429,15.747906520822536,-5.395406469414841,1.1204585595478502,0.7460730872604754,6.543647290918099e-5,0.043492894179209186,0.014467869650013851,true
12.175,5.304801943057678,0.0004546448122910832,0.10287603519738009,0.11899101937595351,-9.119123298800466e-6,-0.0007332206566662224,0.005556950854043721,-0.008319288575188728,0.0027623377211450067,8.570438956464166e-5,0.07042154006638958,1.116597399865137,15.855907138816761,-5.444393856956435,1.1209975405726045,0.7462321453600543,6.158217570850132e-5,0.04222161492447631,0.014045882452568652,true
12.225,5.304801943057678,0.00042775726478959494,0.10008368929682647,0.11568375981541935,-8.592417318038243e-6,-0.0007125328531602457,0.005486931349983817,-0.008219957825629017,0.0027330264756452,8.063585961948967e-5,0.06990093307887288,1.1159837957445542,15.965220299496307,-5.493720717892853,1.12148018302455,0.746374469059504,5.793340574897916e-5,0.0409838493549845,0.01363497247630136,true
12.275,5.304801943057678,0.0004023010573969853,0.09735401670857952,0.1124536112759904,-8.092443043755252e-6,-0.0006921967290699259,0.005417601988840727,-0.008121691914696258,0.002704089925855531,7.583714938188621e-5,0.06938259105063811,1.115385322136012,16.07586723479324,-5.543388795948559,1.1219072805309107,0.7465003280819065,5.448050381480948e-5,0.03977880586294458,0.013234880211914176,true
12.325000000000001,5.304801943057678,0.00037820976041130566,0.09468614594929332,0.10929931295210957,-7.618090906369437e-6,-0.0006722135104511753,0.005348958263890612,-0.008024484159940918,0.0026755258960503066,7.12957362915808e-5,0.06886649313082406,1.1148021611790364,16.18787469054469,-5.593399943993261,1.1222802799854208,0.7466101797406849,5.121416748338721e-5,0.038605672505955285,0.012845339214299983,true
12.375,5.304801943057678,0.0003554195498859548,0.09207920280005984,0.10621962201557925,-7.1682693205786854e-6,-0.0006525842318046599,0.0052809978862591814,-0.007928329050750882,0.002647331164491701,6.699958899522866e-5,0.06835262795775522,1.1142344457251998,16.30126710583598,-5.643756001791466,1.1226003093010075,0.7467043825692565,4.8125481369952644e-5,0.037463677741291404,0.012466096333898143,true
12.425,5.304801943057678,0.00033386922551846435,0.08953231936551537,0.10321333125546173,-6.741915405118796e-6,-0.0006333097287513011,0.00521372053605023,-0.007833222094866997,0.002619501558816767,6.293717071857781e-5,0.06784100291252418,1.1136822241003053,16.41606368255366,-5.694458503183129,1.122867877441565,0.7467831086188698,4.520592510096949e-5,0.0363521074778249,0.01209691739671747,true
12.475,5.304801943057678,0.00031349980097782927,0.08704458521674707,0.1002792036355454,-6.337990671612174e-6,-0.0006143906336234618,0.00514712566932851,-0.007739158695096109,0.0025920330257675987,5.909736203970861e-5,0.06733162879242033,1.1131454972583956,16.532282334802286,-5.745509349465692,1.1230830816929844,0.7468464049744571,4.244730845051098e-5,0.03527026809392528,0.011737574906074673,true
12.525,5.304801943057678,0.0002942552189989327,0.08461525926592972,0.09741619859411424,-5.955531245158476e-6,-0.0005958273779434013,0.005081214132530846,-0.007646135012491102,0.0025649208799602558,5.5469595690376434e-5,0.06682454242107526,1.1126242201077703,16.649933988277766,-5.796908828066414,1.1232464467644394,0.7468944407252325,3.9841865211237094e-5,0.0342175318478673,0.011387863135837192,true
12.575000000000001,5.304801943057678,0.0002760796667961521,0.08224277178334738,0.09462235708532146,-5.593547586630458e-6,-0.0005776201828648459,0.005015959509467826,-0.0075541333919157665,0.0025381738824479406,5.204335048878758e-5,0.06631964892641569,1.1121189027425262,16.769071018100032,-5.848660292032658,1.1233570053568058,0.7469269426628419,3.738190073926324e-5,0.033193015001068193,0.011047490996802117,true
12.625,5.304801943057678,0.00025892553317422256,0.07992924676816171,0.09189955230852041,-5.2511050324523826e-6,-0.000559769187331045,0.004951409824089866,-0.007463174882365511,0.0025117650582756447,4.88096513222468e-5,0.06581714736942976,1.1116286215846,16.8896505852048,-5.900762854936306,1.1234338030002284,0.7469495164294092,3.506046655998544e-5,0.032196440086475445,0.01071636915910745,true
12.675,5.304801943057678,0.00024273510369724445,0.07766766273323428,0.08924061736603664,-4.9273538406441235e-6,-0.0005422739866693842,0.0048875522047054035,-0.007373246567137916,0.002485694362432512,4.5757618531811275e-5,0.06531695546708934,1.1111539360999605,17.011722731930266,-5.953217830184443,1.1234260902035755,0.7469472494599655,3.287056185344372e-5,0.031226970315463242,0.010394221873200478,true
12.725,5.304801943057678,0.00022746608495015922,0.0754623853179569,0.08664925483757097,-4.621444909350684e-6,-0.0005251343541411272,0.00482433585957993,-0.007284320265629134,0.002459984406049204,4.287927945129808e-5,0.06481891063874089,1.1106958418239505,17.13536730066721,-6.006027474694563,1.1233893957521328,0.7469364637546195,3.08054061054189e-5,0.0302836476016879,0.010080732858211918,true
12.775,5.304801943057678,0.00021307067332616505,0.07331081502897674,0.08412270055036289,-4.332506630814353e-6,-0.0005083497236192984,0.004761790486179814,-0.007196406731859291,0.0024346162456794765,4.016562269681109e-5,0.06432308027844694,1.11025405131746,17.26058588163537,-6.059192858852163,1.12330609073636,0.7469119754834099,2.885873478872352e-5,0.029365974872771265,0.00977573927719453,true
12.825000000000001,5.304801943057678,0.00019950481375641493,0.07121200757327455,0.08165979277317356,-4.059725054309033e-6,-0.0004919193113051747,0.004699913616161613,-0.0071095005857484345,0.0024095869695868214,3.760834351553957e-5,0.06382953500581662,1.1098282246398679,17.38737756022713,-6.112715302165006,1.123173755933668,0.7468730682082433,2.702453833536551e-5,0.028473462183653573,0.009479080555198308,true
12.875,5.304801943057678,0.00018672662172557428,0.06916524200002586,0.07925952822556849,-3.802334883593128e-6,-0.00047584215380276564,0.004638695864035265,-0.007023593234780914,0.002384897370745649,3.519954632235439e-5,0.06333828075840628,1.109418478986756,17.515765595508583,-6.166594930213761,1.1229949699417998,0.7468204918029097,2.529705006215359e-5,0.02760550817944212,0.009190558870165726,true
12.925,5.304801943057678,0.00017469611975372734,0.0671697677379352,0.07692086394991438,-3.559603154495784e-6,-0.00046011710524015216,0.00457813308944739,-0.006938678897244456,0.0023605458077970657,3.293169502442024e-5,0.06284930586994016,1.1090251225495014,17.645781559537173,-6.220830477580435,1.1227728643429304,0.7467551566947825,2.3670773175958186e-5,0.026761493517620718,0.008909970282374608,true
12.975,5.304801943057678,0.00016337451976196284,0.06522458616523144,0.07464251468333856,-3.330821845064188e-6,-0.00044474281722678985,0.004518226268362217,-0.006854754307496717,0.0023365280391344995,3.0797477741043445e-5,0.062362586983889225,1.1086484658201126,17.777461125955554,-6.275421740938832,1.1225084397803384,0.746677344741069,2.214041456154762e-5,0.025940793873648737,0.008637109100686352,true
13.025,5.304801943057678,0.00015272427174239657,0.06332856361945202,0.07242306024922326,-3.1153019182574053e-6,-0.00042971773608512735,0.004458974963379612,-0.006771815400616454,0.0023128404372368414,2.878981597838252e-5,0.06187808397554547,1.1082888042557932,17.910845537715655,-6.33037047331674,1.122201787403939,0.7465870680489621,2.0700866553520328e-5,0.025142773612824697,0.008371765781375936,true
13.075000000000001,5.304801943057678,0.00014270972356861814,0.06148069401433527,0.07026122405557622,-2.91237445040761e-6,-0.00041504011560643543,0.004400374817449199,-0.006689856189912062,0.002289481372462863,2.690198900929382e-5,0.061395769261238464,1.1079463718672884,18.045972632951077,-6.385678245426437,1.1218537629278695,0.7464845616622914,1.9347270920566417e-5,0.024366835133592023,0.00811374334638924,true
13.125,5.304801943057678,0.00013329730355470171,0.0596801649160395,0.06815594748128437,-2.721397825583952e-6,-0.0004007080281578675,0.004342420132424198,-0.006608870170588236,0.0022664500381640376,2.512766828724795e-5,0.06091564437445229,1.1076213342859689,18.182871504688535,-6.441344743922511,1.1214662179563897,0.7463703524175765,1.8075044854120925e-5,0.023612441760561133,0.007862865002180771,true
13.175,5.304801943057678,0.00012445509014434887,0.0579262116812983,0.06610623258904186,-2.5417607981638173e-6,-0.0003867193656260633,0.004285107182274575,-0.0065288519638655035,0.002243744781590929,2.3460836329096426e-5,0.06043772322651879,1.1073138411390646,18.32156775643062,-6.497368495983202,1.1210411218963423,0.7462450010146219,1.687983721971936e-5,0.022879086694158488,0.007618963809332325,true
13.225,5.304801943057678,0.00011615242646637551,0.056217986740844085,0.064111002012459,-2.37287905802554e-6,-0.00037307183412703317,0.004228435363183381,-0.006449797799684205,0.0022213624365008244,2.189571405552334e-5,0.059962015148533235,1.107024045847136,18.46208875910695,-6.553748288469199,1.120579649610138,0.7461088331445035,1.5757484233082904e-5,0.0221662655235148,0.007381873540323743,true
13.275,5.304801943057678,0.00010835991831964344,0.05455456850787023,0.06216911439079663,-2.2141908231177556e-6,-0.00035976294908784674,0.004172406956918441,-0.00637170531142963,0.002199298354511189,2.0426760411187943e-5,0.059488533412432425,1.106752041939142,18.6044600270452,-6.610483323474802,1.1200817760166564,0.7459618191834605,1.4704006617416906e-5,0.02147348922189725,0.00715143301267892,true
13.325000000000001,5.304801943057678,0.00010104960403068764,0.05293504182109532,0.06027946166995253,-2.065155219637047e-6,-0.0003467900313522153,0.004117027723213498,-0.00629457376095981,0.002177546037746312,1.904870438432294e-5,0.05901732342197014,1.1064977308803567,18.74869388719932,-6.667572270367581,1.1195459728919834,0.7458034833300357,1.3715628430703433e-5,0.020800323089558728,0.006927499061474179,true
13.375,5.304801943057678,9.419502864941247e-5,0.05135854507761362,0.05844103464834831,-1.925252607266613e-6,-0.00033415019963743903,0.004062309328243243,-0.006218405138646507,0.002156095810403264,1.77565589932503e-5,0.05854849611669214,1.1062606417277339,18.89477467572971,-6.725012329736191,1.1189683135529096,0.7456326367835042,1.2788788231510812e-5,0.020146427260763003,0.006709960036863712,true
13.425,5.304801943057678,8.777120118750624e-5,0.04982426434424492,0.05665293675682291,-1.793984662162451e-6,-0.0003218403544482093,0.004008273321668286,-0.006143205930176106,0.0021349326085078196,1.6545613225460985e-5,0.058082265406630154,1.1060396867624602,19.04264027959565,-6.782798681825671,1.1183406651831134,0.7454468388239469,1.1920139008115544e-5,0.019511596404677062,0.006498749038188328,true
13.475,5.304801943057678,8.175455156392568e-5,0.04833141679379535,0.054914395887462386,-1.6708734846419802e-6,-0.00030985715002063234,0.003954956251655371,-0.006068989296042869,0.0021140330443874984,1.541142392147491e-5,0.057619003118609555,1.105832787946901,19.192154117462394,-6.840923839687058,1.1176478581807556,0.7452415505081991,1.1106549693383346e-5,0.018895815897796514,0.0062938626381539185,true
13.525,5.304801943057678,7.612294619477853e-5,0.046879254140896304,0.05322481004601776,-1.5554605710606272e-6,-0.00029819695157489405,0.003902415446568965,-0.00599577738063736,0.002093361934068395,1.4349818713665569e-5,0.057159323169256766,1.1056363122862307,19.343061656141145,-6.899376441984856,1.1168637357907476,0.7450089482476088,1.0345114824228717e-5,0.018299346223876384,0.006095389012850421,true
13.575000000000001,5.304801943057678,7.085571708017325e-5,0.045467079901490376,0.05158381419661822,-1.4473065318208967e-6,-0.00028685577713314156,0.003850734241112547,-0.005923603101933231,0.002072868860820684,1.335690150937702e-5,0.05670418816081491,1.1054443428016776,19.49493289043486,-6.95813960124691,1.115946338286022,0.7447364658231478,9.633164567156681e-6,0.017722821799483767,0.005903540880432454,true
13.625,5.304801943057678,6.593362987011502e-5,0.04409426123707403,0.04999133287481339,-1.345991657464306e-6,-0.00027582922803234594,0.003800024463975418,-0.005852510338582505,0.002052485874607087,1.2429046471075412e-5,0.056255012914435236,1.1052479221743574,19.647101030008773,-7.017189355659143,1.1148331299430065,0.7444053233686028,8.968261656591753e-6,0.017167330079929773,0.00571868187250572,true
13.675,5.304801943057678,6.133873838534503e-5,0.0427602247059424,0.04844758568238166,-1.2511160333072756e-6,-0.0002651124196401955,0.0037504247790910257,-0.005782551910000355,0.0020321271309093293,1.1562870592297645e-5,0.05581372506467021,1.1050345095798055,19.79861599094891,-7.076493997893101,1.1134379418085447,0.7439895243553475,8.348173262088157e-6,0.016634426442079978,0.0055413315086349745,true
13.725,5.304801943057678,5.7054143211023226e-5,0.04146443659371478,0.0469530424380834,-1.162296298111366e-6,-0.00025469992496375364,0.0037020955599763993,-0.005713785828724524,0.0020116902687481245,1.0755188190520328e-5,0.05538276674243666,1.1047877546544114,19.948222518249082,-7.13601483984295,1.1116504216324046,0.7434555352281542,7.770820361019496e-6,0.016126077537369433,0.005372146337066442,true
13.775,5.304801943057678,5.306370945459912e-5,0.0402063701208909,0.04550834760131478,-1.0791603940470655e-6,-0.0002445857401275258,0.0036552048961525927,-0.0056462672430010056,0.001991062346848413,1.0002957702133042e-5,0.05496505086987089,1.1044875138664987,20.094359895733742,-7.195708543413749,1.1093376990114117,0.7427625352726891,7.234218129720528e-6,0.01564456219620988,0.005211886929471354,true
13.825000000000001,5.304801943057678,4.935154902549396e-5,0.038985435192578896,0.044114103697786594,-1.0013520224662775e-6,-0.00023476331340232384,0.0036098885656089706,-0.005580028021534329,0.0019701394559253583,9.303184087782894e-6,0.054563704174196384,1.1041112267621542,20.235268911312243,-7.255533311557406,1.106355989174295,0.7418655393290222,6.736367260872242e-6,0.015192152792667519,0.00506131171515091,true
13.875,5.304801943057678,4.5901003777472855e-5,0.037800840452511676,0.04277029474105515,-9.285565472215988e-7,-0.00022522573715278997,0.003566183251103176,-0.00551504497964087,0.0019488617285376942,8.652727146117656e-6,0.05418123555385808,1.1036392030700217,20.369398958666512,-7.315462500591769,1.1025880182171572,0.7407262861674727,6.275035184151873e-6,0.01477021857865716,0.004920878180237476,true
13.925,5.304801943057678,4.269376179019521e-5,0.03665146290362946,0.04147554365247651,-8.605334962192399e-7,-0.00021596614274533232,0.0035239826022819944,-0.005451222373889045,0.0019272397716070507,8.048134925389243e-6,0.05381831176653299,1.1030630735771048,20.496054918300995,-7.375499405199313,1.0979979430440132,0.7393297818163033,5.847552652785149e-6,0.014378025580687886,0.004790342908081874,true
13.975,5.304801943057678,3.971040021478339e-5,0.035535902098059804,0.04022699907186479,-7.97104471624874e-7,-0.00020697812108896974,0.0034830781725194685,-0.0053884177448343335,0.001905339572314865,7.485746054431278e-6,0.05347329315146482,1.1023898265952683,20.615708545810218,-7.435677699491747,1.0926526993172714,0.7376914101644143,5.450904707846351e-6,0.01401246934168255,0.004668672444628597,true
14.025,5.304801943057678,3.693238545406826e-5,0.03445275608527755,0.03902130700198014,-7.380750150889104e-7,-0.00019825587382335763,0.0034432721569491367,-0.0053265007132413935,0.0018832285562922569,6.962066793539987e-6,0.053143414004433454,1.1016346041268883,20.72946619566039,-7.496044492735795,1.0866705489050124,0.7358422364098866,5.082150892019777e-6,0.013669513913705246,0.004554522788326446,true
14.075000000000001,5.304801943057678,3.4343825123663276e-5,0.0334008849010084,0.03785591642973834,-6.831696381478949e-7,-0.00018979400839442488,0.003404463620827782,-0.005265393968207669,0.0018609303473798868,6.474101293943419e-6,0.052826739921423525,1.1008072918516998,20.838069763325958,-7.556640987917755,1.0801349170575998,0.7338029812953671,4.738833019165972e-6,0.013346247511475035,0.004446924450967086,true
14.125,5.304801943057678,3.193145453718963e-5,0.032379408908121535,0.03672946578321036,-6.320636312790959e-7,-0.000181587229564047,0.0033666278372720716,-0.0052050591309524144,0.0018384312936803428,6.019349050152172e-6,0.05252298070661325,1.099906364544723,20.941430774629133,-7.617496761848869,1.0730583244460004,0.7315723429559502,4.419022181519331e-6,0.013041585744767166,0.004345516858854987,true
14.175,5.304801943057678,2.96832087494939e-5,0.031387476748703555,0.03564094817431665,-5.844788639231959e-7,-0.00017363025785355012,0.0033297204805380703,-0.00514544777134481,0.0018157272908067399,5.595535718037487e-6,0.052232389261661474,1.0989263485359764,21.03917442931502,-7.678638812688037,1.06543052129528,0.7291413569350937,4.121031754053004e-6,0.012755040786998281,0.004250138189770845,true
14.225,5.304801943057678,2.7587103823555397e-5,0.030424081609794353,0.0345886706250291,-5.402367979794509e-7,-0.00016591802604797468,0.003293618234877765,-0.005086474422289575,0.0017928561874118103,5.200402224188269e-6,0.0519540890784026,1.0978701317702528,21.13154423925102,-7.740100449512322,1.0572916297845896,0.7265166921309172,3.843149995309463e-6,0.012485067492760281,0.004160274175574668,true
14.275,5.304801943057678,2.5631468557244557e-5,0.02948812607399709,0.03357019659659233,-4.992048562991049e-7,-0.00015844588498519115,0.0032581584949413858,-0.005028039522233426,0.0017698810272920406,4.831748448363489e-6,0.05168580358592313,1.0967514701094343,21.21958824314651,-7.801920487125643,1.0487435278058774,0.7237253989607311,3.583651980904728e-6,0.012228890789084481,0.004075000556660028,true
14.325000000000001,5.304801943057678,2.380587796169007e-5,0.028578627734831122,0.03258322484893041,-4.612073739423749e-7,-0.00015120957020786651,0.003223219506614831,-0.0049700693887743536,0.0017468498821595225,4.48760919205372e-6,0.05142519401156255,1.0955852738264125,21.304446096597687,-7.86413612912492,1.039890938141533,0.7207967476922879,3.3409979157010896e-6,0.011983842924155554,0.003993428761395912,true
14.375,5.304801943057678,2.210160339028561e-5,0.02769480527601039,0.03162623874371541,-4.260181901270402e-7,-0.00014420499724920836,0.0031887433109034176,-0.004912525058369385,0.0017237817474659673,4.166339031603183e-6,0.05117102220337045,1.0943789606880379,21.386693358178707,-7.926772259891368,1.0307907083168035,0.7177453909127968,3.11395657710522e-6,0.011748419904631567,0.0039150580126255585,true
14.425,5.304801943057678,2.0511315352566672e-5,0.026835976196608366,0.030698242133483027,-3.934253940107116e-7,-0.00013742813017978523,0.0031546879864696982,-0.004855376623499209,0.0017006886370295104,3.866556296113854e-6,0.050922851926036045,1.0931351570569883,21.466495212105073,-7.989828290331638,1.0214650871573037,0.7145749660181276,2.9015521097021244e-6,0.011521925354728344,0.0038396566329090393,true
14.475,5.304801943057678,1.9028686683356842e-5,0.02600142991760957,0.02979810510254518,-3.6327931492405154e-7,-0.00013087502367597527,0.003120972718277853,-0.0047985764324426985,0.0016776037141648455,3.587068261475704e-6,0.05067997183519118,1.0918609077668477,21.544228779714533,-8.053262017595449,1.0119487984054032,0.7112936863733912,2.7029589625717674e-6,0.011303452165469303,0.00376692262534996,true
14.525,5.304801943057678,1.7648247288415376e-5,0.02519039127572417,0.028924226542623006,-3.354849726644928e-7,-0.00012454194711098424,0.0030874622916656925,-0.004742053309879692,0.0016545910182139993,3.326843768693645e-6,0.050440754357744456,1.0905736345031194,21.620882724480456,-8.116975463790205,1.0023166276807571,0.7079244113272389,2.5174525514723293e-6,0.011091333709193811,0.0036963007580581644,true
14.575000000000001,5.304801943057678,1.636555468579053e-5,0.02440211475684969,0.028074696279314443,-3.0996530245324936e-7,-0.00011842547405805886,0.0030539865742790747,-0.004685723927260243,0.001631737352981168,3.0850453723739697e-6,0.05020278264556518,1.0893012102126571,21.698024547826215,-8.180797321274047,0.9926787545310354,0.7045040649055766,2.3444350228322464e-6,0.010883307305947023,0.003627037043328441,true
14.625,5.304801943057678,1.5176457612182771e-5,0.023635800769941824,0.027247404732472023,-2.866162370841868e-7,-0.00011252249101751249,0.0030203691995594525,-0.004629507683694391,0.0016091384841349383,2.860890524300157e-6,0.049963234518089594,1.0880771842320516,21.777556932149867,-8.244518589340096,0.9831599666414713,0.7010770976599136,2.18334694998524e-6,0.010676886179700588,0.0035583027716999728,true
14.675,5.304801943057678,1.4078724796239278e-5,0.022891282238013386,0.026441088839039992,-2.653335766849997e-7,-0.00010683014405136757,0.002986444207926867,-0.004573334673861168,0.0015868904659343012,2.653958610964527e-6,0.049719719688021115,1.086938979879538,21.86132558067121,-8.307790605263211,0.9738815750025626,0.6976892604728729,2.033917652994673e-6,0.010470087104565248,0.003489436955099452,true
14.725,5.304801943057678,1.3063871526491024e-5,0.022166294541242595,0.025651961343486275,-2.458639121413884e-7,-0.00010134577629919165,0.002952055590905354,-0.004517144936072585,0.0015650893451672307,2.462650192546309e-6,0.04946857804462292,1.085916098714803,21.95163357505965,-8.370644915478959,0.9649581670742478,0.6943862730643223,1.8949829321066827e-6,0.010259990722559599,0.003419466968118348,true
14.775,5.304801943057678,1.2142739707143475e-5,0.021467764932013356,0.024887844232016322,-2.2838929264032652e-7,-9.606687544593166e-5,0.002917052594823652,-0.004460885900163393,0.001543833305339741,2.2890090596189955e-6,0.049212444299016195,1.0850516201733176,22.04831797381397,-8.431777485089837,0.9565007515476193,0.691214725722798,1.768232905411251e-6,0.010049009009465688,0.0033491960387677885,true
14.825000000000001,5.304801943057678,1.1252789226205636e-5,0.020764350165782403,0.024108339445418184,-2.1124564173505792e-7,-9.099106833261916e-5,0.0028812345057609885,-0.004404484710881709,0.0015232502051207202,2.1212458725121696e-6,0.048926967610943894,1.0843510560325085,22.162645857291242,-8.495293378339678,0.9486331451089501,0.6882280510144664,1.644428172808538e-6,0.00981773122214797,0.003272157938250273,true
14.875,5.304801943057678,1.0580366852672626e-5,0.020185384306529986,0.023475457647522947,-1.9740227795618774e-7,-8.611616546084191e-5,0.002844696295806602,-0.0043480250013309876,0.0015033287055243854,1.994488572098155e-6,0.04870224983335433,1.0837504445113342,22.25257453648711,-8.546823953984816,0.9415104040390482,0.6854936139804795,1.550666672256919e-6,0.009638505627818716,0.00321245725031005,true
14.925,5.304801943057678,9.375541941113006e-6,0.019184634889720633,0.022303036642424244,-1.8295656938403925e-7,-8.143932780919348e-5,0.0028034546488370166,-0.004289535670733119,0.0014860810218961023,1.7673688936460013e-6,0.04814059565626871,1.0838885383519699,22.515062881462903,-8.643670814111447,0.934887589225846,0.6829248025618652,1.38231430469128e-6,0.009201373663271215,0.0030668181941908637,true
14.975,5.304801943057678,8.691365488711358e-6,0.018575633284287185,0.021564715400430326,-1.6869285221734104e-7,-7.697146494277083e-5,0.0027584271468962225,-0.004229774150945684,0.0014713470040494617,1.638395850025208e-6,0.047717360641801126,1.0845797771911716,22.72924911611862,-8.70585081030056,0.9344727143252468,0.6827630346168604,1.2812304401757521e-6,0.008881959664031436,0.0029603886375630466,true
