r,tau,Dtau,Sr,E,nur,Pi,piR,piEta,piPhi,D,T,mu,alpha,phi,ur,v,n,e,P,ok
0.024999999999999994,9.704806343061856,0.07492513308828198,0.0,0.21087625770910937,-9.610353147925685e-7,-0.006040481578767229,-0.0018088788496520352,0.0020004363142914474,-0.0001915574646394122,0.007720415064422933,0.10369171332857717,1.372170315243316,13.23317236446077,-1.2327859252515068,0.0,0.0,0.007720415064422919,0.21087625770911178,0.06680149135431923,true
0.07499999999999998,9.704806343061856,0.07456273931200866,0.0029600413414049183,0.20954352909136625,-2.885737973685906e-6,-0.006045790274003883,-0.00196424661799718,0.0023638088930684462,-0.0003995622750712661,0.007683073384077873,0.1035210698851677,1.3721492461159137,13.25478231279865,-1.2350215663913313,0.011049877462172042,0.011049202930072098,0.007682636259354018,0.20951082299390614,0.06636287644711801,true
0.125,9.704806343061856,0.07479251870893679,0.004567715098995578,0.21037595412092613,-4.793570280367472e-6,-0.006044765307957745,-0.0014240621958033855,0.0022752617428234007,-0.0008511995470200152,0.007706750249829285,0.10361933461050367,1.3721794718217708,13.242504181093977,-1.2335586660413886,0.016949872399706346,0.016947438090525138,0.00770572464774569,0.2102985430520734,0.0666153271363874,true
0.175,9.704806343061856,0.07475913206226402,0.006453009158688031,0.21027614186693178,-6.7366246373883285e-6,-0.006044757585850035,-0.0013110143655359753,0.0022868463800695487,-0.0009758320145335734,0.0077033100321173015,0.10359712999870223,1.3721828416549773,13.245375056936101,-1.2337905340295034,0.02395313950651996,0.02394627087051872,0.007701262355189374,0.21012161636169183,0.06655829728818052,true
0.22499999999999998,9.704806343061856,0.07477437259512969,0.008279032292266725,0.2103601860339469,-8.655145469038705e-6,-0.006044335146621102,-0.00122949503488301,0.0022815540834297387,-0.0010520590485467286,0.007704880442935089,0.10359502660311974,1.3721922225110068,13.245734544458175,-1.2337250317878126,0.030718581663189658,0.030704098405574094,0.007701513353813328,0.21010598581174625,0.06655296665448429,true
0.275,9.704806343061856,0.074776114173576,0.010129615779093546,0.21041956937236767,-1.0587773741183716e-5,-0.006043830473420411,-0.0011888138301564977,0.0022795245584657274,-0.0010907107283092297,0.007705059898184864,0.10358659050046178,1.3721962356031243,13.246852019876137,-1.2337867650572585,0.037582799389782054,0.03755628524585755,0.007700021442172068,0.21003913863274026,0.06653133148344818,true
0.325,9.704806343061856,0.07477866657570331,0.011969804409439688,0.2105160838407107,-1.2510323989653159e-5,-0.006043212968906879,-0.0011589241470477889,0.0022741262968650655,-0.0011152021498172767,0.007705322902106538,0.1035798828697095,1.3721921164810622,13.247670092532426,-1.2339064302641092,0.04440457769768959,0.04436086460126232,0.007698291991242846,0.2099850929680048,0.06651407662481872,true
0.375,9.704806343061856,0.0747771976675155,0.013814128377076313,0.21063455482818022,-1.4436652615408675e-5,-0.006042569440229055,-0.0011395433430006609,0.0022689514905711505,-0.0011294081475704896,0.007705171543270938,0.10357289102370243,1.3721787318721956,13.24843516782954,-1.234118955881542,0.05124034108095586,0.05117320563719999,0.007695813976905832,0.20992764159604882,0.06649602424832331,true
0.42500000000000004,9.704806343061856,0.07477520002193447,0.015658669093685112,0.2107822929542651,-1.6359704988162483e-5,-0.0060419035834008185,-0.0011244873394175721,0.002263054227977573,-0.001138566888560001,0.007704965702421526,0.10356654528070307,1.372158343503615,13.249050065197851,-1.2343914354764605,0.05807224280362406,0.05797456878869776,0.007692953265762464,0.20987448836576222,0.06647957984702794,true
0.475,9.704806343061856,0.07477277944944946,0.017505525371975472,0.21095522974178077,-1.8285045541294106e-5,-0.006041225408614479,-0.001112237247786058,0.002256788487911932,-0.0011445512401258738,0.0077047162824537855,0.1035602843086492,1.372132673303515,13.249603189713497,-1.2347139402919314,0.06490798681529428,0.06477168715052259,0.007689719088178104,0.20982136732899148,0.0664633154234041,true
0.525,9.704806343061856,0.07476997342464248,0.019354373526479104,0.2111528885279249,-2.0208140707912214e-5,-0.0060405340633604065,-0.0011011847181965021,0.0022499865673201373,-0.0011488018491236352,0.007704427144813343,0.10355405234665045,1.3721019487596733,13.250103860412134,-1.2350849468660479,0.07174534783632146,0.07156140682519956,0.007686116918938459,0.209767862330162,0.06644708960209895,true
0.5750000000000001,9.704806343061856,0.07476576604773626,0.021205654187590274,0.2113736989870717,-2.2124810380970777e-5,-0.006039829899006379,-0.001090650900388431,0.0022426673911248945,-0.0011520164907364635,0.0077039936094332965,0.1035476609114099,1.3720652971119094,13.25056775822081,-1.2355151411633047,0.07858553901719707,0.07834399736383893,0.007682042521303784,0.20971236327131682,0.06643041222587388,true
0.625,9.704806343061856,0.07475967022413929,0.023059493981954046,0.21161693345951704,-2.4022187263496855e-5,-0.00603911012153227,-0.0010801316228167546,0.0022347898534861646,-0.00115465823066941,0.007703365485246015,0.10354102574878939,1.3720222782999623,13.251001411061491,-1.2360097920078223,0.08542844769915615,0.08511841439660567,0.007677446067480864,0.2096541458950029,0.06641306414661545,true
0.675,9.704806343061856,0.07475263000021759,0.02491613420646916,0.21188207347336407,-2.5888771174219267e-5,-0.006038368201635643,-0.0010693394546542278,0.0022263346418059664,-0.0011569951871517386,0.007702640048418856,0.10353405553487242,1.3719744484013574,13.25143153442152,-1.2365549764011796,0.0922744376958119,0.09188409000226683,0.007672424345339252,0.20959267715545052,0.06639482360231136,true
0.725,9.704806343061856,0.07474647148235612,0.026775761528572944,0.21216893690544802,-2.7750332064462e-5,-0.006037594786578894,-0.001058076096814152,0.0022172769644592753,-0.0011592008676451233,0.007702005464106323,0.10352668384195661,1.3719245619165723,13.251893241465615,-1.2371248969874,0.09912359770109579,0.0986401882575962,0.0076671680019143726,0.20952777074755677,0.0663755420299723,true
0.775,9.704806343061856,0.07474189480005321,0.028638564075794785,0.21247733606164448,-2.9642623745295115e-5,-0.006036781972902132,-0.0010462373781046945,0.002207609650278177,-0.0011613722721734825,0.007701533874860631,0.10351886841328319,1.3718737692598217,13.252403067070116,-1.2377089578361111,0.10597605689651397,0.1053859185654503,0.007661753628215707,0.20945923468015565,0.06635512064879585,true
0.8250000000000001,9.704806343061856,0.07473839926544,0.03050473828797321,0.21280704126057431,-3.15472668334467e-5,-0.006035924997455141,-0.0010337717449077518,0.0021973350610933664,-0.0011635633161856146,0.007701173688939383,0.10351058921539488,1.3718214261552242,13.252957369420486,-1.2383136335747196,0.1128320186711343,0.11212056879517039,0.007656129580521791,0.20938683265282618,0.0663335039954759,true
0.8750000000000001,9.704806343061856,0.07473554495358412,0.03237448816085367,0.2131578601709428,-3.345908268428576e-5,-0.006035020955996877,-0.0010206468339402563,0.0021864551488602227,-0.0011658083149199664,0.007700879575718059,0.1035018291617297,1.3717669787779503,13.253553003729596,-1.2389444926782462,0.11969172988024171,0.11884347476755253,0.0076502516665045055,0.20931036350414434,0.06631064495930544,true
0.9249999999999999,9.704806343061856,0.07473309431459718,0.034248008954874704,0.21352966279217073,-3.5377678110589914e-5,-0.006034067898250197,-0.0010068396111422833,0.0021749702122527935,-0.0011681306011105102,0.007700627057646054,0.1034925748901336,1.3717101502613955,13.254189024841498,-1.2396043858682166,0.12655539844700178,0.1255539395993695,0.00764409707285986,0.2092296903445239,0.06628650819443957,true
0.975,9.704806343061856,0.0747309136417095,0.0361254952622342,0.213922349469079,-3.73036472526839e-5,-0.006033064437923533,-0.000992336948143816,0.0021628814697135477,-0.0011705445215697318,0.0077004023573469865,0.10348281461385155,1.3716508053833358,13.254865655729231,-1.240294778370709,0.13342323476661921,0.13225127479728147,0.0076376538591189595,0.20914470666805385,0.06626106356973119,true
1.025,9.704806343061856,0.07472890720191971,0.03800713903501315,0.21433584092410346,-3.9237419931730784e-5,-0.0060320095599122985,-0.000977132163137913,0.0021501908320574028,-0.0011730586689194897,0.007700195610327122,0.10347253838892564,1.3715888569749395,13.25558334926996,-1.2410166506440319,0.14029544456295834,0.13893479360152963,0.007630914077310964,0.20905532690700715,0.06623428613377952,true
1.0750000000000002,9.704806343061856,0.07472699342106637,0.039893130302812246,0.21477006911234575,-4.117928210651877e-5,-0.006030902515655601,-0.0009612232371351095,0.0021369009523175414,-0.001175677715182432,0.007699998411044035,0.10346173742242125,1.3715242348250087,13.2563425764372,-1.241770807022512,0.14717223439536228,0.1456038166889219,0.0076238713229467535,0.20896147708072765,0.06620615410358528,true
1.125,9.704806343061856,0.07472509908983413,0.041783656540884354,0.21522497366690088,-4.312946931706599e-5,-0.0060297427483980565,-0.0009446111848034919,0.00212301500849481,-0.0011784038236913182,0.007699803215883485,0.10345040376083424,1.371456878697187,13.257143798760243,-1.2425579468978225,0.1540538097453106,0.1522576706164703,0.007616520151823617,0.2088630914523274,0.06617664801294043,true
1.1750000000000003,9.704806343061856,0.07472315757177217,0.0436789025080878,0.21570049895163956,-4.508822430529647e-5,-0.0060285298394983115,-0.0009272991474121833,0.0021085366268889408,-0.0011812374794767575,0.007699603158510538,0.10343852995230923,1.371386736907618,13.25798749788789,-1.2433786825052489,0.1609403753658461,0.1588956884686873,0.0076088559026196035,0.20876010966628,0.0661457498374509,true
1.225,9.704806343061856,0.0747211073898594,0.045579049913041854,0.21619659216049936,-4.7055802916055693e-5,-0.006027263469344777,-0.0009092917758983924,0.002093469815075005,-0.0011841780391766126,0.007699391904226805,0.10342610884786249,1.3713137649582627,13.258874187903896,-1.2442335545179588,0.1678321347235202,0.16551720962186564,0.0076008745532694195,0.20865247500194928,0.06611344247671203,true
1.275,9.704806343061856,0.07471889077858668,0.04748427715579087,0.21671320176997902,-4.90324688602667e-5,-0.006025943389729832,-0.0008905948601791141,0.0020778189323908624,-0.0011872240722117483,0.0076991635007744984,0.10341313344801063,1.3712379239657921,13.259804419862792,-1.245123049084873,0.17472928984458755,0.1721215798989727,0.007592572572271855,0.20854013296590934,0.06607970935185953,true
1.3250000000000002,9.704806343061856,0.07471645243513203,0.049394759071122896,0.21725027641534916,-5.101848688431814e-5,-0.006024569404223231,-0.0008712150762379813,0.0020615886650577914,-0.0011903735888198102,0.007698912249655367,0.10339959680209264,1.3711591792108233,13.260778780745433,-1.2460476130847848,0.18163204109816725,0.17870815166148862,0.0075839467904305945,0.20842303032040801,0.06604453413943305,true
1.375,9.704806343061856,0.07471373854878191,0.05131066672339367,0.2178077640481066,-5.30141192499138e-5,-0.006023141354092213,-0.0008511598060917042,0.0020447840024267203,-0.001193624196335016,0.007698632606120588,0.10338549193717438,1.371077498990421,13.26179789156105,-1.2470076661038954,0.18854058713482885,0.18527628404710433,0.007574994301555723,0.20830111438616866,0.06600790058368237,true
1.4250000000000003,9.704806343061856,0.07471069608595864,0.05323216723798231,0.21838561132406759,-5.501962449340793e-5,-0.006021659107960641,-0.0008304369931202307,0.0020274102074852203,-0.0011969732143649896,0.007698319105498759,0.10337081181077225,1.3709928537591534,13.262862405190887,-1.2480036093457751,0.1954551248941932,0.19182534326783426,0.0075657123897293725,0.2081743325714288,0.06596979237234726,true
1.475,9.704806343061856,0.07470727226920759,0.05515942365684476,0.21898376313819,-5.70352574444057e-5,-0.006020122554072568,-0.0008090550218483755,0.0020094727837412334,-0.001200417761892858,0.007697966309509844,0.10335554927799633,1.3709052154988512,13.26397300459906,-1.2490358321634127,0.2023758496614327,0.19835470294762012,0.007556098476667394,0.20804263204483125,0.06593019305134504,true
1.525,9.704806343061856,0.07470341419692561,0.057092594792059206,0.21960216224710322,-5.906126930183741e-5,-0.006018531594452801,-0.0007870226207484005,0.0019909774428856627,-0.0012039548221372623,0.007697568767081319,0.10333969706745771,1.3708145572581953,13.265130401566399,-1.2501047168492805,0.20930295510131922,0.20486374443087266,0.007546150083593227,0.2079059594998005,0.0658890859634172,true
1.5750000000000002,9.704806343061856,0.07469906856447725,0.05903183505891752,0.22024074893452333,-6.109790711515438e-5,-0.006016886140533169,-0.0007643487918182171,0.0019719300787452943,-0.0012075812869270773,0.007697120985611525,0.10332324776186165,1.370720852818311,13.266335336046872,-1.2512106421552893,0.21623663323062742,0.21135185702555842,0.007535864803498745,0.20776426097251963,0.0658464541999599,true
1.625,9.704806343061856,0.07469418145969076,0.060977294281028396,0.22089946069797325,-6.314541245547657e-5,-0.006015186109944233,-0.000741042768198722,0.001952336750815521,-0.001211293982616799,0.00769661740989721,0.10330619378153287,1.3706240764514914,13.267588576054049,-1.2523539858811057,0.2231770743162117,0.21781843817044208,0.007525240280973589,0.20761748169548727,0.06580228056130136,true
1.6750000000000003,9.704806343061856,0.07468869821306,0.06292911747241023,0.22157823195131904,-6.520401947357516e-5,-0.006013431424227007,-0.0007171139963925526,0.001932203677549644,-0.0012150896811570914,0.007696052406698081,0.10328852737053486,1.3705242027467441,13.268890917866973,-1.2535351267888388,0.23012446671880515,0.22426289354700432,0.0075142741975755345,0.2074655659806943,0.06575654752435428,true
1.725,9.704806343061856,0.07468256328807865,0.06488744460846227,0.2222769937467588,-6.727395273894868e-5,-0.006011622007242508,-0.0006925721354832694,0.0019115372368582147,-0.0012189651013749454,0.007695420253436647,0.10327024058579687,1.37042120648101,13.270243186297844,-1.2547544460433018,0.23707899671580693,0.2306846371682649,0.007502964261259288,0.20730845713305537,0.06570923721852841,true
1.775,9.704806343061856,0.07467572020044666,0.06685241039829758,0.22299567352068494,-6.935542525746718e-5,-0.00600975778407714,-0.0006674270643957675,0.0018903439700650943,-0.0012229169056693268,0.007694715129873117,0.10325132528950563,1.3703150625202496,13.271646234835565,-1.2560123283272904,0.24404084833560885,0.23708309147507384,0.007491308198746869,0.20714609739413348,0.06566033141042076,true
1.8250000000000002,9.704806343061856,0.07466811145819174,0.06882414406679001,0.22373419486465346,-7.144863691467204e-5,-0.006007838680279262,-0.0006416888896435382,0.0018686305858824075,-0.0012269416962388693,0.007693931111935412,0.10323177314451733,1.370205745740177,13.273100945597282,-1.257309162733454,0.2510102032231079,0.24345768745754798,0.00747930375003107,0.20697842791290355,0.06560981149656452,true
1.875,9.704806343061856,0.07465967851668184,0.07080276914915828,0.2244924773180298,-7.355377340938655e-5,-0.006005864621306208,-0.0006153679490188317,0.0018464039622341382,-0.0012310360132153065,0.007693062167083572,0.10321157561239312,1.3700932309600609,13.274608229074909,-1.2586453435009919,0.25798724054107236,0.24980786480497758,0.007466948664441564,0.20680538873955068,0.06555765850315834,true
1.9250000000000003,9.704806343061856,0.07465036174525733,0.07278840329641001,0.22527043617655718,-7.567100559660426e-5,-0.006003835532105047,-0.0005884748097732717,0.0018236711451926988,-0.001235196335419427,0.007692102150871485,0.10319072395313628,1.369977492887173,13.276169023771399,-1.2600212706316143,0.2649721369022494,0.25613307207843655,0.007454240697898637,0.2066269188346615,0.06550385309039519,true
1.975,9.704806343061856,0.07464010040289953,0.07478115808750806,0.2260679823100683,-7.780048908754517e-5,-0.0060017513367857725,-0.0005610202620847983,0.0018004393453933574,-0.0012394190833085591,0.007691044804439721,0.1031692092260904,1.3698585060700466,13.277784295778279,-1.2614373504090215,0.2719650663190711,0.262432766893213,0.007441177611103026,0.2064429560892773,0.06544837555999282,true
2.0250000000000004,9.704806343061856,0.07462883262174082,0.07678113884393428,0.22688502198368388,-7.994236395232982e-5,-0.005999611958368676,-0.0005330153096334428,0.0017767159328238066,-0.0012437006231903638,0.007689883752816391,0.1031470222912666,1.3697362448606398,13.279455038389553,-1.2628939958297714,0.27896620016305074,0.2687064161032911,0.00742775716851171,0.2062534373500158,0.06539120586406007,true
2.075,9.704806343061856,0.07461649539717646,0.07878844444328278,0.22772145667898183,-8.209675441391767e-5,-0.005997417318598788,-0.0005044711591652273,0.001752508430945019,-0.0012480372717797918,0.007688612503898253,0.1031241538110151,1.3696106833836035,13.281182271745438,-1.2643916269640132,0.2859757071223413,0.274953495977173,0.007413977137947157,0.20605829844836304,0.06533232361506794,true
2.125,9.704806343061856,0.07460302458402185,0.08080316712995286,0.22857718291286638,-8.426376847282226e-5,-0.0059951673378235305,-0.0004753992104208494,0.001727824510870192,-0.0012524253004493426,0.007687224448054744,0.10310059425166701,1.3694817955130136,13.282967042557766,-1.2659306712470868,0.2929937531558949,0.2811734923635819,0.007399835290784557,0.20585747423122208,0.06527170809597889,true
2.1750000000000003,9.704806343061856,0.074588354897627,0.08282539232227093,0.22945209205365621,-8.644349744098937e-5,-0.005992861934929449,-0.0004458110471343918,0.0017026719860012917,-0.0012568609388668999,0.007685712858242821,0.10307633388533155,1.3693495548544572,13.284810423872912,-1.2675115637202075,0.30002050144173126,0.2873659008448489,0.007385329402599239,0.2056508985939213,0.06520933827098864,true
2.225,9.704806343061856,0.07457241991951072,0.0848551984162701,0.23034607013453684,-8.863601540279571e-5,-0.005990501027331556,-0.0004157184292965285,0.001677058807264735,-0.0012613403779682065,0.007684070890587519,0.1030513627915544,1.3692139347319139,13.286713514904902,-1.2691347472292207,0.30705611232082725,0.2935302268794016,0.00737045725417016,0.205438504513297,0.06514519279613136,true
2.2750000000000004,9.704806343061856,0.07455515210680352,0.08689265658671566,0.23125899766474722,-9.084137861991626e-5,-0.005988084531007617,-0.00038513328649696977,0.0016509930588875206,-0.0012658597723905509,0.007682291585354959,0.10302567085939865,1.3690749081785505,13.288677440857983,-1.270800672583106,0.31410074323642767,0.2996659859332463,0.00735521663288911,0.20522022408515614,0.06507925003116359,true
2.325,9.704806343061856,0.07453648280500583,0.08893783058619514,0.23219074943923856,-9.30596249052365e-5,-0.005985612360569788,-0.0003540677120141885,0.0016244829545704535,-0.001270415242556265,0.007680367868266978,0.10299924778931042,1.368932447930284,13.290703352809883,-1.2725097986911569,0.32115454867413684,0.30577270360515857,0.007339605334358987,0.20499598856096327,0.06501148805110327,true
2.3750000000000004,9.704806343061856,0.07451634226370135,0.09099077654287077,0.23314119434710823,-9.529077298669899e-5,-0.005983084429365872,-0.00032253395732374747,0.0015975368339053264,-0.001275002876581579,0.007678292552120265,0.1029720830954774,1.3687865264214147,13.292792427557803,-1.2742625926769102,0.3282176800988813,0.31184991574213533,0.007323621164275412,0.20476572838922683,0.06494188465920923,true
2.4250000000000003,9.704806343061856,0.07449465965486561,0.09305154275747063,0.23411019517929033,-9.753482187396625e-5,-0.00598050064960404,-0.0002905444267495311,0.0015701631589017575,-0.0012796187321522264,0.0076760583386729,0.10294416610808264,1.368637115782722,13.294945867508112,-1.2760595299723752,0.3352902858947732,0.3178971685503075,0.007307261940494041,0.20452937325693119,0.06487041739989184,true
2.475,9.704806343061856,0.07447136309376529,0.0951201694998938,0.23509760843566946,-9.979175023621021e-5,-0.005977860932496015,-0.00025811167206197107,0.001542370510523792,-0.001284258838461821,0.00767365782079786,0.10291548597582803,1.368484187841025,13.29716490055193,-1.277901094397634,0.3423725113068509,0.32391401870028974,0.007290525495287475,0.20428685213382664,0.06479706357249163,true
2.5250000000000004,9.704806343061856,0.07444637966202067,0.09719668880572713,0.23610328413189205,-0.00010206151579143459,-0.005975165188414691,-0.00022524838691900004,0.0015141675851792135,-0.0012889191982602135,0.007671083484859412,0.10288603166878907,1.3683277141195003,13.299450779911735,-1.2797877782319318,0.3494644983797249,0.3299000334226703,0.00727340967775215,0.20403809331996445,0.06472180024607299,true
2.575,9.704806343061856,0.07441963543291186,0.09928112427283893,0.23712706560595004,-0.00010434405471424179,-0.005972413327063723,-0.00019196740110021416,0.0014855631911310598,-0.0012935957900308457,0.0076683277133207115,0.10285579198108193,1.3681676658401067,13.301804784039302,-1.2817200822695618,0.3565663859034932,0.33585479060238627,0.007255912356352613,0.2037830244925632,0.06464460427393275,true
2.6250000000000004,9.704806343061856,0.07439105549885182,0.10137349085825012,0.23816878932470054,-0.00010663928105781491,-0.005969605257656381,-0.00015828167451622664,0.001456566244816165,-0.0012982845702999384,0.007665382787574669,0.102824755514637,1.3680040139555254,13.304228219252039,-1.2836985158275926,0.36367830979298593,0.34177787922530395,0.007238031419706503,0.20352157260950213,0.06456545226105556,true
2.6750000000000003,9.704806343061856,0.07436056400088185,0.10347379467544704,0.2392282846905339,-0.00010894708619059879,-0.005966740889102787,-0.0001242042910159283,0.0014271857670767128,-0.0013029814760607845,0.007662240890983218,0.1027929107548306,1.3678367290452904,13.306722409171694,-1.2857235969310148,0.37080040139362314,0.34766889809338763,0.007219764786610552,0.20325366451417964,0.06448432076145902,true
2.725,9.704806343061856,0.07432808416030184,0.10558203279231404,0.24030537384833717,-0.00011126733824760055,-0.005963820130203888,-8.974845200498548e-5,0.0013974308793067588,-0.0013076824273017733,0.007658894112136545,0.10276024597053292,1.367665781474956,13.309288709440633,-1.2877958521332422,0.37793278976248723,0.35352745784258305,0.007201110398706633,0.20297922620141837,0.06440118603653618,true
2.7750000000000004,9.704806343061856,0.07429353831217125,0.10769819302982267,0.24139987149297087,-0.00011359988159775009,-0.005960842889851484,-5.492746990460131e-5,0.0013673107995241277,-0.0013123833296195264,0.0076553344483050985,0.10272674928292523,1.3674911413046413,13.311928498178803,-1.28991581667214,0.38507560013589964,0.35935317977336606,0.0071820662300304755,0.20269818337185846,0.06431602423577426,true
2.825,9.704806343061856,0.07425684794101964,0.10982225376171471,0.2425115846773723,-0.00011594453632588168,-0.005957809077233607,-1.975476147523733e-5,0.0013368348383769042,-0.0013170800769016669,0.0076515538091192535,0.1026924086532838,1.3673127783197958,13.314643178116489,-1.2920840344507905,0.3922289542334462,0.3651456962066908,0.00716263028861122,0.20241046136856317,0.06422881137489175,true
2.8750000000000004,9.704806343061856,0.07421793371836666,0.1119541837154493,0.2436403126217992,-0.00011830109772829254,-0.005954718602044687,1.5756158982404515e-5,0.0013060123950878204,-0.0013217685540702249,0.007647544020435443,0.10265721188653877,1.3671306620391908,13.317434176472698,-1.2943010580460945,0.3993929702092818,0.37090465053749955,0.007142800619707595,0.2021159852346093,0.06413952335361149,true
2.9250000000000003,9.704806343061856,0.07417671554218407,0.11409394177446866,0.2447858465240541,-0.00012066933582871971,-0.005951571374699833,5.1591686527554343e-5,0.0012748529533450975,-0.0013264446398726518,0.007643296828402388,0.10262114663491423,1.3669447617238257,13.320302944839224,-1.2965674487104748,0.40656776260455507,0.37662969728145607,0.007122575309136614,0.20181467977188797,0.06404813597379586,true
2.975,9.704806343061856,0.074133112578606,0.1162414767822812,0.24594796937147922,-0.00012304899490964166,-0.005948367306553066,8.773813256704433e-5,0.0012433660771447542,-0.0013311042097117985,0.007638803903758999,0.10258420040169729,1.366755046386967,13.32325095906634,-1.298883776363951,0.413753442301013,0.3823205021149296,0.007101952486717059,0.2015064696014966,0.06395462495806047,true
3.0250000000000004,9.704806343061856,0.0740870433052363,0.11839672734840112,0.2471264557545207,-0.00012543979306257037,-0.0059451063101189465,0.0001241817319161565,0.0012115614065898491,-0.0013357431385060056,0.007634056846296834,0.10254636054509479,1.3665614848045478,13.32627971914812,-1.3012506195846183,0.42095011647577774,0.3879767419082074,0.0070809303297628585,0.20119127922529378,0.06385896596875311,true
3.075,9.704806343061856,0.0740384255566045,0.12055962165653406,0.24832107168242262,-0.00012784142176065397,-0.005941788299297475,0.00016090864992461757,0.00117944865364948,-0.0013403573035740976,0.0076290471895439655,0.10250761428219318,1.3663640455266335,13.329390749112259,-1.3036685655904559,0.42815788855731346,0.3935981047519444,0.007059507066675938,0.2008690330887993,0.06376113462733592,true
3.1250000000000004,9.704806343061856,0.07398717657149889,0.12273007727529694,0.24953157440140322,-0.00013025354545199457,-0.005938413189601765,0.0001979049896660731,0.0011470375978770754,-0.0013449425875431485,0.00762376640564226,0.10246794869303474,1.366162696889524,13.332585596908595,-1.306138210216495,0.4353768581824636,0.3991842899767568,0.007037680980608199,0.20053965564547138,0.06366110653419574,true
3.1750000000000003,9.704806343061856,0.07393321304229955,0.12490800097169229,0.25075771221541077,-0.00013267580117627594,-0.005934980898388498,0.0002351567991717824,0.0011143380820966909,-0.0013494948812684733,0.007618205910430738,0.10242735072477792,1.365957407028747,13.335865834303103,-1.308660157885223,0.44260712115475404,0.4047350081661256,0.007015450413200957,0.20020307142211863,0.0635588572887973,true
3.225,9.704806343061856,0.07387645116600905,0.1270932885276969,0.25199922430996746,-0.00013510779820837833,-0.005931491345090639,0.0002726500787017256,0.00108136000805988,-0.0013540100867616056,0.007612357068703867,0.10238580719597189,1.3657481438924481,13.339233056768634,-1.3112350215746862,0.44984876940379737,0.4102499811624977,0.006992813768370542,0.1998592050856001,0.06345436251024499,true
3.2750000000000004,9.704806343061856,0.07381680669744217,0.12928582456027737,0.2532558405793435,-0.00013754911772788513,-0.005927944451452631,0.00031037078805280197,0.0010481133320725269,-0.0013584841201253288,0.007606211199692322,0.10234330480091922,1.3655348752558738,13.342688883382717,-1.3138634227777886,0.4571018909460405,0.4157289420667991,0.006969769516179502,0.1995079815106658,0.06334759785818549,true
3.325,9.704806343061856,0.07375419500414324,0.13148548234514335,0.25452728145749515,-0.00013999931251731438,-0.005924340141767533,0.00034830485389260074,0.0010146080605968526,-0.0013629129144894533,0.007599759582721757,0.10229983011415197,1.365317568736291,13.346234956722723,-1.3165459914588578,0.4643665698465661,0.4211716352311702,0.006946316196749991,0.19914932584903172,0.06323853905410301,true
3.3750000000000004,9.704806343061856,0.07368853112315388,0.13369212364451644,0.25581325775287456,-0.0001424579066912287,-0.0059206783431159545,0.00038643817711702245,0.0009808542458287633,-0.0013672924229457858,0.007592993463062265,0.10225536959498406,1.3650961918086297,13.349872942766146,-1.3192833660051404,0.47164288618231087,0.4265778162452418,0.0069224524242280806,0.19878316359940812,0.06312716190290868,true
3.4250000000000003,9.704806343061856,0.07361972981961928,0.13590559853929995,0.25711347048778077,-0.00014492439545745524,-0.005916958985607085,0.00042475664020873215,0.0009468619812617189,-0.001371618621470451,0.007585904057967254,0.10220990959218504,1.36487071182171,13.353604530788743,-1.3220761931739535,0.4789309160061843,0.4319472519156152,0.0068981768907950625,0.1984094206787836,0.06301344231492671,true
3.475,9.704806343061856,0.07354770564740111,0.13812574526605703,0.25842761074242865,-0.00014739824491231566,-0.005913182002620936,0.0004632461146034235,0.0009126413972333161,-0.0013758875118367396,0.007578482562919116,0.1021634363487347,1.3646410960154123,13.357431433269456,-1.3249251280325023,0.48623073131284095,0.4372797202391649,0.006873488370738048,0.19802802349466123,0.06289735632817106,true
3.5250000000000004,9.704806343061856,0.07347237301113346,0.1403523900590395,0.2597553595040906,-0.0001498788918709584,-0.005909347331052275,0.000501892468068184,0.0008782026564519413,-0.0013800951245201254,0.007570720158023576,0.10211593600667916,1.364407311537975,13.361355385791423,-1.3278308338980147,0.49354240000556115,0.44257501036981906,0.006848385724525057,0.19763889901828258,0.06277888013094823,true
3.575,9.704806343061856,0.07339364623030412,0.14258534699754866,0.2610963875216322,-0.00015236574373757986,-0.005905454911555898,0.0005406815720606247,0.0008435559495189545,-0.0013842375215795792,0.0075626080146127365,0.10206739461207594,1.3641693254643095,13.365378146949487,-1.3307939822696322,0.5008659858641034,0.44783292257879986,0.006822867902938354,0.19724197485880815,0.06265799008475235,true
3.6250000000000004,9.704806343061856,0.07331143960495504,0.14482441785922603,0.2624503551659734,-0.00015485817841156803,-0.005901504688792858,0.0005795993090730643,0.0008087114904440763,-0.0013883107995171407,0.007554137302014968,0.10201779812003423,1.363927104814724,13.369501498257453,-1.3338152527578826,0.5082015485142144,0.45305326820890196,0.006796933951221987,0.19683717933839956,0.06253466274745331,true
3.6750000000000003,9.704806343061856,0.07322566748311182,0.14706939197944996,0.2638169122967245,-0.00015735554423632143,-0.005897496611678188,0.0006186315799521991,0.0007736795121586593,-0.0013923110921108585,0.007545299194502958,0.10196713239984816,1.3636806165742936,13.373727244057756,-1.3368953330093785,0.5155491433982127,0.45823586962246904,0.006770583013255136,0.19642444156817376,0.0624088748967635,true
3.725,9.704806343061856,0.07313624432975296,0.1493200461172726,0.2651956981354032,-0.00015985715998959282,-0.005893430633629064,0.0006577643112048814,0.0007384702620213354,-0.0013962345732262168,0.007536084878400424,0.10191538324022197,1.363429827712634,13.37805721143128,-1.340034918629116,0.5229088217468425,0.46338056014331197,0.006743814335730335,0.1960036915249569,0.06228060355396749,true
3.7750000000000004,9.704806343061856,0.07304308479746022,0.15157614432820832,0.2665863411455398,-0.00016236231491825433,-0.005889306712814068,0.0006969834622615553,0.0007030939973301607,-0.001400077459591716,0.007526485559362043,0.10186253635457795,1.3631747052043457,13.382493250111196,-1.343234713097786,0.5302806305523519,0.4684871839926346,0.006716627272348568,0.19557486012875636,0.062149826007883026,true
3.825,9.704806343061856,0.07294610379854832,0.1538374378443495,0.26798845892014467,-0.0001648702688195128,-0.005885124812403006,0.000736275032708336,0.0006675609808357529,-0.001403836013544089,0.007516492469805833,0.10180857738645367,1.3629152160498748,13.387037232397473,-1.346495427686482,0.5376646125429589,0.47355559621919574,0.006689021288010899,0.19513787932093105,0.06201651983905476,true
3.8750000000000004,9.704806343061856,0.07284521657887502,0.15610366496205735,0.2694016580769567,-0.00016738025216546834,-0.00588088490081673,0.0007756250695052887,0.0006318814762464352,-0.001407506545751724,0.007506096876518655,0.10175349191500517,1.3626513272970677,13.391691053072579,-1.3498177813657717,0.5450608061578965,0.4785856626232659,0.006660995963023846,0.1946926821431717,0.061880662944211136,true
3.9250000000000003,9.704806343061856,0.07274033879285124,0.15837455093769115,0.2708255341617972,-0.00016989146627263284,-0.0058765869519772,0.0008150196742371591,0.0005960657437018176,-0.0014110854179389767,0.007495290088385395,0.10169726546060934,1.3623830060628193,13.396456629313347,-1.3532025007150688,0.5524692455233766,0.48357725967476395,0.0066325509972728425,0.19423920281712853,0.06174223356094988,true
3.975,9.704806343061856,0.0726313865800397,0.16064980789159142,0.27225967156090514,-0.00017240308350883527,-0.00587223094555527,0.0008544450106327876,0.0005601240350949309,-0.0014145690457277186,0.007484063464281821,0.10163988349067755,1.3621102195551362,13.401335900587386,-1.3566503198275612,0.5598899604264115,0.4885302744236815,0.006603686214402433,0.19377737682551563,0.061601210292911907,true
4.0249999999999995,9.704806343061856,0.07251827664344432,0.1629291347203573,0.27370364342339004,-0.00017491424750236683,-0.00586781686721278,0.0008938873129428857,0.0005240665889431353,-0.001417953901886021,0.007472408421141651,0.10158133142589966,1.3618329350951868,13.406330828500712,-1.3601619802119025,0.5673229762803033,0.4934446043990104,0.006574401566012317,0.19330714099623222,0.061457572135953355,true
4.075,9.704806343061856,0.07240092632987041,0.16521221701739458,0.27515701159767714,-0.00017742407326361872,-0.005863344708827467,0.0009333328969324365,0.0004879036239147995,-0.001421236520847236,0.0074603164422370125,0.10152159464772122,1.3615511201377268,13.411443396474354,-1.3637382306955403,0.5747683140624815,0.49832015748414293,0.006544697135914663,0.19282843359526744,0.06131129850721888,true
4.125,9.704806343061856,0.07227925371411795,0.1674987269996669,0.27661932659018995,-0.0001799316469473733,-0.005858814468672091,0.0009727681781502289,0.00045164532864037504,-0.0014244135067906039,0.007447779085853858,0.10146065850914145,1.3612647422866435,13.41667560894054,-1.3673798273333369,0.5822259901694391,0.503156851734506,0.006514573144637968,0.19234119444350467,0.06116236928207732,true
4.175,9.704806343061856,0.072153177691452,0.16978832343647646,0.27809012757075857,-0.00018243602451111703,-0.00585422615147754,0.0010121797092088834,0.0004153018418366697,-0.0014274815510455531,0.007434787994820282,0.10139850835474758,1.3609737692952715,13.422029489169988,-1.3710875333425867,0.5896960160408404,0.5079546150467196,0.006484029954639031,0.19184536510016015,0.06101076485297105,true
4.225,9.704806343061856,0.0720226180894594,0.17208065156860583,0.27956894248402286,-0.00018493622739515982,-0.005849579768220134,0.0010515542636770543,0.0003788832086879911,-0.0014304374723650454,0.007421334908032419,0.10133512956474443,1.3606781690254734,13.427507073508178,-1.3748621191184434,0.5971783971808552,0.5127133844541895,0.00645306807736812,0.1913408892192045,0.060856466245148955,true
4.2749999999999995,9.704806343061856,0.07188749582515115,0.1743753429921816,0.2810552884093067,-0.00018743123074673655,-0.005844875335299678,0.0010908790268102926,0.00034239928278572123,-0.0014332783095960138,0.007407411676642558,0.10127050765829775,1.3603779093014245,13.433110396676875,-1.3787043624752218,0.6046731306965506,0.517433104524078,0.006421688184814955,0.19082771333241977,0.06069945537273748,true
4.325,9.704806343061856,0.07174773316096657,0.17667201545371808,0.2825486724795346,-0.00018991993448042296,-0.005840112872491405,0.0011301420119346,0.00030585951297827196,-0.001436001524912872,0.007393010290438236,0.10120462853347019,1.3600729575130077,13.438841456378718,-1.3826150494758833,0.6121801994381706,0.5221137237321122,0.006389891130973114,0.19030578861174738,0.06053971561710774,true
4.375,9.704806343061856,0.07160325416028307,0.17897027245879193,0.28404859397361737,-0.00019240109830396862,-0.0058352923987254075,0.0011693329061869707,0.0002692725108960278,-0.0014386054170829985,0.0073781229247787666,0.10113747899657699,1.3597632796729224,13.444702133804856,-1.38659497664386,0.6196995589876134,0.5267551866569973,0.006357677993406138,0.18977507469854837,0.060377233085862986,true
4.425,9.704806343061856,0.0714539854940387,0.18126970254163632,0.2855545486222606,-0.00019487320990119614,-0.005830413924748441,0.0012084446188515888,0.0002326452585488859,-0.0014410898774004748,0.00736274202371101,0.10106904784046528,1.3594488383992362,13.450694029937722,-1.3906449561355314,0.6272311111857884,0.5313574184665856,0.006325050150572858,0.18923554743354867,0.06021199915727498,true
4.475,9.704806343061856,0.07129985774867155,0.183569878028696,0.2870660364694898,-0.00019733425083546868,-0.005825477443107387,0.0012474757089805427,0.00019598186239188172,-0.0014434575713724244,0.007346860434741712,0.10099932780774226,1.3591295890882042,13.456818164922659,-1.3947658263622336,0.6347746562001533,0.5359202974585051,0.006292009411974555,0.18868721283195336,0.06004401508477077,true
4.5249999999999995,9.704806343061856,0.07114080715366358,0.18587035326515053,0.2885825739172294,-0.00019978135805615287,-0.005820482920756865,0.001286433257094292,0.0001592820678350548,-0.0014457153249293469,0.007330471586846599,0.10092831860519268,1.3588054737563517,13.463074512037322,-1.3989584706742941,0.6423298196133133,0.5404436144704775,0.006258558199722329,0.18813012837573925,0.05987329901978565,true
4.575,9.704806343061856,0.07097677695192925,0.18817066292960727,0.29010370708013616,-0.00020221051187544256,-0.005815430310287742,0.0013253341012131076,0.00012254058048434516,-0.0014478746816974529,0.007313569631677591,0.10085603025228661,1.3584764137092278,13.46946147207126,-1.4032238423102479,0.6498959733730327,0.5449270313121869,0.0062246997193514545,0.18756442634989917,0.059699893721400554,true
4.625,9.704806343061856,0.07080771567660255,0.1904703220560279,0.29162901400081687,-0.00020461671122571474,-0.005810319611416041,0.0013641994225966382,8.57497337122348e-5,-0.001449949156308873,0.007296149265999963,0.10078248374134535,1.3581423064526237,13.475975745331375,-1.4075629839749637,0.657472225195915,0.5493700819527992,0.006190437891717309,0.18699031756337106,0.05952386782842672,true
4.675,9.704806343061856,0.07063357076982918,0.19276883300351985,0.2931580705682923,-0.00020699562391883345,-0.0058051510174963045,0.0014030350441262649,4.8909394300963756e-5,-0.0014519444384272287,0.007278205074161672,0.1007077023294046,1.3578030450740293,13.482613679664682,-1.4119769554552941,0.665057642670861,0.553772309472894,0.006155776926120876,0.18640802872160533,0.059345295153288416,true
4.725,9.704806343061856,0.07045427366134895,0.195065699456276,0.29469033625361774,-0.00020934651937280847,-0.005799925149917923,0.001441792398365876,1.2046748052231371e-5,-0.0014538391464181074,0.007259729990564727,0.10063168365726503,1.3574585735971063,13.489375555122251,-1.4164666755290147,0.6726519343988776,0.5581336558406843,0.006120719541581895,0.18581760428705002,0.05916418936890719,true
4.775,9.704806343061856,0.07026964951287779,0.19736047049917133,0.2962249744901605,-0.0002116783097260373,-0.005794643222038898,0.00148032955792598,-2.4763748240831924e-5,-0.0014555658096851482,0.007240705999570496,0.10055435279113717,1.3571088959355706,13.496271998830723,-1.4210335017642695,0.68025664856836,0.5624551195438072,0.006085258880084585,0.18521856746244164,0.05898039455123195,true
4.825,9.704806343061856,0.07007961559388753,0.19965271326649636,0.29776066548906466,-0.00021403304881195844,-0.005789300452594912,0.0015184120172443839,-6.14190843282525e-5,-0.0014569929329161313,0.007221124576482532,0.10047551758549585,1.3567546405410558,13.503335669672731,-1.4256742627581391,0.6878759577564854,0.5667391390417471,0.006049404473861124,0.18460965866520396,0.058793486113810446,true
4.875,9.704806343061856,0.06988449410838643,0.20194201249470448,0.29929529210963235,-0.00021644155225148957,-0.0057838854394250995,0.0015559585946348037,-9.790262136482759e-5,-0.001458055973269976,0.007201018921758098,0.10039480856244368,1.3563973168135828,13.510632036017373,-1.430379570843039,0.6955174282325142,0.570989940365423,0.006013186051988544,0.18398843443820284,0.05860263523518337,true
4.925,9.704806343061856,0.06968350350361607,0.20422771502144738,0.30082816919231115,-0.00021880412770261212,-0.005778407819839437,0.0015934273447819973,-0.0001343921733543683,-0.001459035171427629,0.0071803085028516915,0.10031226044529087,1.3560350449900345,13.518138649956951,-1.4351680878379003,0.7031793263540616,0.5752064892030636,0.005976504100249791,0.1833550622371072,0.058407943101867144,true
4.975,9.704806343061856,0.06947748024023953,0.20650902442134905,0.3023633822988061,-0.0002211142840350529,-0.005772870177656518,0.0016308704907575314,-0.00017090609108454216,-0.0014599643996729892,0.007159079510114105,0.10022889186863576,1.3556668867378312,13.525709617887681,-1.440035009579253,0.7108391109217647,0.5793765367016734,0.005939495513215972,0.1827168989322347,0.05821180261290106,true
5.025,9.704806343061856,0.06926563342728154,0.20878557206469106,0.3038964012442313,-0.00022342599653268333,-0.005767274556467423,0.0016679355819896658,-0.00020726512057898496,-0.0014606704614106808,0.00713725044877385,0.10014382000823466,1.3552939780336735,13.533475934133827,-1.4449820463651937,0.7185161638539217,0.583510827319633,0.005902074723380888,0.18206775935675015,0.058012188714378174,true
5.075,9.704806343061856,0.06904810391088767,0.21105679885080794,0.30542750431917004,-0.00022570896071494556,-0.005761620184018811,0.0017047516932433091,-0.0002435299195618964,-0.0014612217736814127,0.007114835831860924,0.10005723267280066,1.3549159232243007,13.541409121867689,-1.4500108877700222,0.7262059693630161,0.587606998844653,0.005864259931901932,0.1814090521611929,0.05780956329341403,true
5.125,9.704806343061856,0.06882488450164174,0.21332208069771946,0.3069563269331844,-0.00022796251130541273,-0.005755907264874755,0.0017413255032789137,-0.00027970046449796887,-0.0014616250387809449,0.007091834918565471,0.09996918841227871,1.3545326172865129,13.549500989248228,-1.4551221733797741,0.7339067772810026,0.5916642521926454,0.005826063192904837,0.18074127758163264,0.05760408788599168,true
5.175,9.704806343061856,0.06859589434609772,0.21558081233485277,0.308482016724455,-0.000230188496848125,-0.005750136174560535,0.0017776284445635718,-0.0003157591200283994,-0.0014618693245351724,0.007068239377608827,0.09987963597853178,1.3541440902124906,13.557759566760451,-1.460316793894401,0.7416193425050661,0.5956831348629565,0.005787484847939432,0.18006416261734381,0.0573956713222114,true
5.225,9.704806343061856,0.06836108748248429,0.21783238142967654,0.3100038864775187,-0.0002323849224142285,-0.005744307176442766,0.001813651302615954,-0.00035169785370230627,-0.0014619534489136478,0.0070440444730107245,0.09978856193730266,1.3537503101073345,13.566187184438014,-1.465595726136974,0.7493435836672604,0.5996637559600854,0.005748528568761885,0.17937770246071813,0.05718431041618456,true
5.275,9.704806343061856,0.06812041858734309,0.22007616026769602,0.31152124187940505,-0.00023455036954316818,-0.005738420550374609,0.0018493850198533367,-0.0003875087101186817,-0.001461876309734655,0.007019245534563771,0.09969595421607692,1.353351245436781,13.574786018934962,-1.4709599373047617,0.757079376899565,0.6036062122500769,0.005709198442424161,0.17868190437498888,0.056970005822222856,true
5.325,9.704806343061856,0.06787384901871771,0.22231150943007918,0.3130333731202105,-0.00023668362326990206,-0.005732476588859323,0.0018848199374437,-0.000423183431942421,-0.001461636505501279,0.006993838580534064,0.09960179939793888,1.3529468758306735,13.583558570315054,-1.4764103164623101,0.7648266241407949,0.6075106232894655,0.0056694991045057345,0.17797676946356947,0.056752755890658625,true
5.375,9.704806343061856,0.06762134871334904,0.22453777969825606,0.31453956242491005,-0.0002387834909975435,-0.0057264755879346,0.001919946412412431,-0.00045871376701480814,-0.001461232645397623,0.006967820513151484,0.09950608402182477,1.352537190493365,13.592507471168412,-1.4819476714036086,0.7725852279309129,0.6113771178931949,0.005629435863162604,0.17726230181695496,0.05653255966362427,true
5.425,9.704806343061856,0.06736289278470622,0.22675431292680043,0.31603908573513484,-0.00024084873284661244,-0.005720417846742368,0.001954754917686659,-0.0004940915192484448,-0.001460663398438214,0.0069411887680649285,0.09940879487727726,1.3521221819829274,13.60163538499946,-1.4875727866898656,0.780355087621891,0.6152058319550355,0.005589014384175978,0.1765385100042452,0.05630941751582777,true
5.475,9.704806343061856,0.06709845710936779,0.2289604418850545,0.3175312120858777,-0.00024287803941846128,-0.00571430367136752,0.0019892361138486828,-0.0005293085859632351,-0.0014599275278854478,0.0069139408595554,0.0993099189991862,1.3517018395705158,13.610944940772656,-1.4932864906545682,0.7881360998134332,0.6189969084428797,0.005548240311743575,0.17580540640658582,0.05608333110447846,true
5.525,9.704806343061856,0.06682801633427292,0.2311554892856436,0.31901520221347746,-0.00024487006327993766,-0.005708133379163244,0.002023380942152278,-0.0005643570064292873,-0.0014590239357229907,0.006886074175199744,0.09920944358863262,1.3512761467733438,13.620438719285112,-1.4990896818586419,0.795928157441211,0.6227504967347478,0.005507119122209088,0.17506300644195466,0.05585430317710336,true
5.575,9.704806343061856,0.06655154515091352,0.23333876692114483,0.32049030758949726,-0.0002468234720650626,-0.005701907301018137,0.002057180671722273,-0.000599228987896455,-0.0014579516838258179,0.006857586107165595,0.0991073559312125,1.350845083842021,13.630119289829533,-1.5049833057952133,0.8037311481861313,0.6264667516639817,0.00546565625639881,0.1743113282442467,0.05562233740427029,true
5.625,9.704806343061856,0.06626902115494866,0.2355095756659305,0.3219557705907406,-0.0002487369822467495,-0.005695625781158189,0.002090626880982954,-0.0006339168986614191,-0.001456709982321535,0.006828474346870981,0.09900364336543423,1.3504086322521713,13.63998926047249,-1.5109683104860003,0.8115449535785974,0.6301458329418802,0.005423857365511203,0.1735503928732926,0.05538743833779061,true
5.675,9.704806343061856,0.06598042691459118,0.23766720627795418,0.32341082553362177,-0.00025060935714618323,-0.005689289175852741,0.0021237114058997703,-0.0006684132441453781,-0.0014552981617543923,0.006798737098114461,0.09889829330848093,1.349966777568211,13.650051304297339,-1.517045617398163,0.8193694491802782,0.6337879051075044,0.005381728468547558,0.17278022476176194,0.055149611488146164,true
5.725,9.704806343061856,0.06568575010400018,0.23981094040569723,0.32485469980300663,-0.00025243938158895973,-0.005682897852710615,0.002156426292131681,-0.000702710644542931,-0.0014537156475887502,0.00676837309082011,0.09879129330775062,1.349519509198263,13.660308150783033,-1.523216123236349,0.8272045053278985,0.6373931377281199,0.005339275939474618,0.17200085204585772,0.0549088634405629,true
5.775,9.704806343061856,0.06538498233074201,0.24194005142937144,0.3262866146991855,-0.00025422583686182307,-0.005676452191261939,0.002188763762466962,-0.000736801819905249,-0.0014519619425617128,0.006737381460217074,0.09868263108986827,1.3490668182292604,13.670762558009754,-1.5294807212151424,0.835049987874533,0.640961705574589,0.005296506390952674,0.1712123067001963,0.054665201952807364,true
5.825,9.704806343061856,0.06507811809219988,0.24405380527008375,0.32770578625089447,-0.00025596749149778194,-0.005669952584253327,0.0022207161959838006,-0.0007706795810142125,-0.001450036614969588,0.00670576163930622,0.09857229460282221,1.3486086955841259,13.681417288885086,-1.5358403192892667,0.842905758825353,0.6444937887265809,0.005253426578473118,0.17041462465399398,0.05441863603748303,true
5.875,9.704806343061856,0.06476515472303444,0.24615146138103206,0.32911142627991496,-0.00025766310845015206,-0.0056633994385389555,0.0022522761236060352,-0.0008043368284601902,-0.001447939295145845,0.006673513353446382,0.09846027205581588,1.3481451317759636,13.692275103726274,-1.5422958423063444,0.8507716769450495,0.6479895726463986,0.005210043392453993,0.16960784603143647,0.05416917604575332,true
5.925,9.704806343061856,0.06444609307440166,0.2482322737174027,0.330502743453719,-0.00025931145998386217,-0.005656793174866434,0.0022834362539781296,-0.0008377665670003487,-0.0014456696869777808,0.006640636690342137,0.0983465519448892,1.34767611787772,13.703338767107176,-1.5488482220265167,0.8586475981804956,0.6514492481548811,0.005166363912106758,0.16879201539481767,0.05391683372386993,true
5.975,9.704806343061856,0.06412093807982104,0.25029549114416033,0.3318789436628231,-0.00026091134141086926,-0.005650134226713268,0.0023141895316219595,-0.0008709619363382466,-0.001443227595283713,0.006607132158351854,0.09823112304267217,1.347201646482158,13.714611059642733,-1.5554983877305932,0.8665333754425023,0.6548730111198073,0.0051223954504209385,0.16796718173450997,0.05366162218924933,true
6.025,9.704806343061856,0.06378969867769102,0.2523403569913021,0.33323922938937045,-0.0002624615791399661,-0.005643423038919477,0.002344529202478171,-0.0009039162459421278,-0.0014406129565360433,0.006573000678503538,0.09811397434500195,1.3467217118463615,13.726094787586852,-1.5622472657631845,0.8744288575660546,0.6582610618028963,0.005078145547551189,0.16713339809351682,0.0534035558080946,true
6.075,9.704806343061856,0.06345238727399777,0.2543661081682127,0.33458279858034673,-0.0002639610322634527,-0.005636660066848813,0.0023744488476541738,-0.0009366229941484221,-0.0014378258535057515,0.006538243529131423,0.09799509500252744,1.3462363093537677,13.737792787680304,-1.5690957862969213,0.8823338878984257,0.6616136040834871,0.005033621926490613,0.1662907210384244,0.05314265003893896,true
6.125,9.704806343061856,0.0631090193238538,0.2563719747434756,0.33590884409874205,-0.00026540858889626245,-0.005629845776367266,0.0024039423623924954,-0.0009690758597000975,-0.001434866502692398,0.0065028623027569826,0.09787447428520352,1.3457454349637716,13.749707927342799,-1.5760448897711044,0.890248303415209,0.6649308449458958,0.004988832454957799,0.16543921036055362,0.052878921350185404,true
6.175,9.704806343061856,0.06275961342473713,0.25835718068083746,0.3372165545360266,-0.00026680315992636417,-0.005622980644442348,0.002433003893963181,-0.0010012686722401256,-0.0014317352217230552,0.00646685891569646,0.09775210160980821,1.3452490851398375,13.761843100924784,-1.5830955274790237,0.8981719350374,0.668212994488274,0.004943785143069666,0.1645789292442567,0.05261238727723116,true
6.225,9.704806343061856,0.062404191833691475,0.2603209456195465,0.338505116214596,-0.00026814367394162856,-0.0056160651599297855,0.002461627780324707,-0.001033195382606826,-0.0014284323977178809,0.006430235661354065,0.09762796661858976,1.3447472572239865,13.774201223278652,-1.590248656745568,0.9061046089583344,0.6714602663336466,0.00489848817156769,0.16370994480714382,0.05234306658977323,true
6.275,9.704806343061856,0.06204278099650502,0.26226248684115594,0.3397737153606644,-0.00026942907675464475,-0.005609099824187419,0.0024898085283451186,-0.00106485005256101,-0.0014249584757841085,0.006392995264749466,0.09750205925977858,1.3442399498770667,13.786785223638768,-1.597505235329806,0.9140461480953292,0.6746728780536747,0.0048529499221871995,0.16283232864283453,0.052070979458963836,true
6.325,9.704806343061856,0.06167541173505337,0.264181020473482,0.3410215393589864,-0.00027065833631589853,-0.0056020851513980275,0.0025175408400781073,-0.0010962268685714976,-0.0014213139715066098,0.006355140901821936,0.09737436982172107,1.3437271632577217,13.79959804328284,-1.6048662191949705,0.9219963727089205,0.6778510512220711,0.004807178986123327,0.16194615702002865,0.05179614751985337,true
6.375,9.704806343061856,0.061302119045234235,0.2660757615897428,0.3422477767291232,-0.00027183045035403415,-0.005595021668712425,0.002544819662562655,-0.0011273201676696865,-0.0014174994948929686,0.0063166761786091945,0.09724488887272047,1.3432088989357363,13.812642643808282,-1.6123325645369464,0.9299551008845862,0.6809950113994956,0.00476118414383201,0.16105151043218685,0.05151859373020998,true
6.425,9.704806343061856,0.060922941734795656,0.2679459236652306,0.34345161638536226,-0.0002729444524775385,-0.0055879099164089325,0.002571640225079029,-0.0011581244573659858,-0.001413515767713043,0.006277605093928596,0.09711360734028719,1.3426851594325069,13.825921991835013,-1.6199052313674243,0.9379221434878137,0.6841049859639604,0.0047149743490343034,0.16014847403725924,0.05123834252440359,true
6.475,9.704806343061856,0.06053792218885473,0.26979071823725037,0.344632247158439,-0.00027399941399489146,-0.0055807504481916025,0.0025979980427726047,-0.0011886344189012002,-0.0014093636238714045,0.006237932015215781,0.09698051627811878,1.3421559483141197,13.839439093777473,-1.6275851866288105,0.9458973087386547,0.6871812057729431,0.004668558691147598,0.1592371360938171,0.05095541930860539,true
6.525,9.704806343061856,0.060147106395147795,0.2716093553493265,0.34578885822615085,-0.0002749944419963349,-0.005573543831597746,0.0026238888920520663,-0.0012188448963128145,-0.0014050439957392518,0.006197661681126493,0.0968456069894927,1.341621270029907,13.853196977488786,-1.6353734040541077,0.9538803985749316,0.6902239035897331,0.004621946401852768,0.15831758872544777,0.0506698507127334,true
6.575,9.704806343061856,0.05975054415570704,0.27340104472874577,0.3469206403722207,-0.00027592867663332467,-0.005566290648375008,0.0026493087804582375,-0.0012487508825540887,-0.0014005578979041488,0.006156799223348109,0.09670887103481042,1.3410811301013756,13.867198693888719,-1.643270862312325,0.9618712101003729,0.6932333145154981,0.004575146859974169,0.15738992794291237,0.05038166459550439,true
6.625,9.704806343061856,0.059348289303092855,0.2751649971636869,0.3480267874514877,-0.0002768012904341943,-0.005558991494682652,0.0026742539314269396,-0.0012783475129194987,-0.0013959064185074409,0.0061153501888805886,0.09657030027525955,1.3405355352790442,13.881447313077036,-1.6512785428483248,0.9698695363628365,0.6962096761359459,0.004528169599769503,0.15645425389220863,0.05009089012330072,true
6.675,9.704806343061856,0.05894039978314021,0.27690042553651684,0.3491064974475819,-0.0002776114903748315,-0.005551646981059104,0.0026987207888747406,-0.0013076300683600882,-0.0013910907205146525,0.006073320548562804,0.09642988689654924,1.3399844936132808,13.895945922355244,-1.6593974289152196,0.9778751667454986,0.6991532285081885,0.004481024311435696,0.15551067095843482,0.04979755780446599,true
6.725,9.704806343061856,0.05852693758973327,0.27860654534195683,0.35015897294146087,-0.0002783585213225543,-0.005544257732197793,0.002722706031797662,-0.0013365939838745101,-0.0013861120479231517,0.006030716690351606,0.096287623406045,1.339428014426721,13.910697627028883,-1.6676285060661096,0.9858878868159816,0.7020642139444903,0.004433720832635836,0.15455928768616992,0.04950169946647222,true
6.775,9.704806343061856,0.05810796863758422,0.2802825749230784,0.35118342126585733,-0.00027904166888313735,-0.005536824386621791,0.002746206585302638,-0.0013652348551933813,-0.0013809717301092568,0.005987545406212734,0.09614350261657675,1.3388661082432711,13.925705552695645,-1.6759727633320765,0.9939074778880264,0.7049428767005667,0.004386269136027424,0.15360021661054032,0.049203348205112546,true
6.825,9.704806343061856,0.057683562672774746,0.2819277357967659,0.3521790547678867,-0.00027966026064548066,-0.005529347596328982,0.002769219621130039,-0.001393548440229379,-0.00137567118090066,0.005943813882902855,0.09599751763550972,1.3382987867406153,13.940972847047613,-1.684431194078825,1.0019337166820084,0.7077894627130987,0.004338679318818051,0.15263357412437342,0.04890253834481293,true
6.875,9.704806343061856,0.05725379325962732,0.28354125327478197,0.35314509140720196,-0.00028021366622683864,-0.005521828026432615,0.0027917425500902275,-0.0014215306564402286,-0.001370211893649999,0.005899529700616757,0.09584966186836855,1.3377260627537195,13.95650268011205,-1.693004796085073,1.0099663752887482,0.7106042194543438,0.004290961596855191,0.1516594804407691,0.04859930542871359,true
6.925,9.704806343061856,0.05681873781671053,0.28512235732322627,0.35408075561888264,-0.000280701297179167,-0.005514266354788525,0.0028137730134687898,-0.0014491775776026867,-0.001364595435866103,0.005854700836697405,0.09569992903327644,1.3371479503158181,13.972298243302456,-1.7016945710331253,1.0180052213676363,0.7133873958709366,0.004243126301849891,0.1506780596234837,0.0482936862299456,true
6.975,9.704806343061856,0.056378477645799646,0.28667028345705337,0.35498527920990264,-0.0002811226075167452,-0.005506663271604975,0.0028353088784869983,-0.0014764854325503623,-0.001358823445936636,0.005809335668620081,0.09554831317613427,1.3365644646998254,13.988362748340677,-1.7105015239661707,1.026050018364776,0.7161392423272377,0.004195183878448486,0.1496894396172339,0.04798571876294853,true
7.025,9.704806343061856,0.05593309791996422,0.2881842735118174,0.3558579021133592,-0.00028147709488848485,-0.005499019479052485,0.00285634823808488,-0.0015034506060332862,-0.0013528976320515936,0.005763442972764914,0.0953948086792082,1.3359756224369261,14.004699426878865,-1.719426663086582,1.0341005255947602,0.7188600105003495,0.0041471448790741,0.14869375223061854,0.047675442279995754,true
7.075,9.704806343061856,0.05548268763436642,0.2896635762801816,0.3566978729897055,-0.0002817643018900998,-0.005491335690905553,0.0028768894121114583,-0.0015300696402562172,-0.0013468197718552411,0.005717031919347058,0.09523941026305822,1.3353814413115832,14.021311530837517,-1.7284709999119932,1.04215649817968,0.721549953228753,0.0040990199566151774,0.1476911330726673,0.04736289725323062,true
7.125,9.704806343061856,0.05502733954536265,0.2911074481046324,0.357504449779282,-0.0002819838170807824,-0.005483612632242226,0.0028969309470340326,-0.001556339235649849,-0.0013405917113841837,0.005670112066141609,0.09508211298640278,1.334781940348857,14.038202332963904,-1.737635549546212,1.0502176869441786,0.7242093243510478,0.004050819856419096,0.14668172147386854,0.04704812535184278,true
7.175,9.704806343061856,0.054567150118552454,0.292515153517779,0.358276900308443,-0.000282135275615405,-0.005475851039205107,0.002916471613386601,-0.001582256250475002,-0.001334215362911599,0.005622693353130484,0.09492291224825984,1.3341771398081286,14.055375127121504,-1.7469213308392921,1.058283838358696,0.7268383785658051,0.004002555408843972,0.14566566041965334,0.046731169423147235,true
7.225,9.704806343061856,0.05410221948957736,0.2938859659550186,0.3590145029752164,-0.00028221835966280777,-0.0054680516588061475,0.0029355104020531183,-0.0016078176998011405,-0.0013276927022519778,0.00557478609846306,0.09476180379317786,1.3335670611881427,14.072833228235252,-1.7563293663669075,1.0663546945590487,0.7294373713201331,0.003954237522656929,0.1446430965011098,0.04641207347902705,true
7.275,9.704806343061856,0.05363265142654358,0.2952191685022443,0.3597165474726335,-0.00028223279884195053,-0.005460215248747632,0.002954046520725352,-0.0016330207545310655,-0.0013210257661942864,0.005526400994584148,0.09459878371793584,1.3329517272357443,14.090579972044798,-1.7658606823354275,1.0744299933973063,0.7320065587105994,0.0039058771786848762,0.1436141798719013,0.046090882684331674,true
7.325,9.704806343061856,0.05315855328379121,0.2965140546307388,0.3603823354957915,-0.00028217837075798004,-0.005452342577232748,0.002972079391099879,-0.0016578627407611763,-0.0013142166503387026,0.005477549103470285,0.0944338484773292,1.332331161952182,14.108618714951934,-1.7755163085201418,1.082509468481607,0.7345461973824667,0.0038574854231199127,0.14257906419632568,0.04576764334247839,true
7.375,9.704806343061856,0.05268003594416597,0.2977699288998003,0.36101118141185784,-0.00028205490156450584,-0.005444434422745011,0.002989608646546485,-0.0016823411393506729,-0.0013072675071958122,0.005428241850681327,0.09426699488834485,1.3317053905943337,14.12695283403996,-1.7852972782786165,1.090592849184489,0.737056544421266,0.003809073360296164,0.1415379065844051,0.04544240287697018,true
7.425,9.704806343061856,0.05219721375295858,0.2989861076382526,0.36160241290615974,-0.0002818622664575774,-0.0054364915737835605,0.00300663412968097,-0.0017064535854201326,-0.0013001805442608375,0.005378491018553433,0.09409822013340705,1.3310744396718799,14.145585727176977,-1.7952046286170682,1.098679860631085,0.7395378572410188,0.003760652145105169,0.1404908675185343,0.04511520981026412,true
7.475,9.704806343061856,0.05171020444842976,0.300161919625257,0.3621553716269318,-0.00028160039005309655,-0.005428514828544767,0.0030231558895861647,-0.0017301978676521584,-0.0012929580219340063,0.005328308739040252,0.09392752176357437,1.3304383369439436,14.164520813109489,-1.8052394002565213,1.1067702236916637,0.7419903934769936,0.003712232975332972,0.13943811077737803,0.044786113741760385,true
7.525,9.704806343061856,0.051219129090836917,0.30129670677937287,0.3626694138392712,-0.000281269246662036,-0.00542050499454613,0.003039174178783277,-0.001753571927444717,-0.0012856022513385603,0.0052777074863997065,0.09375489770232713,1.3297971114163534,14.183761531461261,-1.8154026376738497,1.114863654981444,0.7444144108837317,0.003663827084057668,0.13837980336089595,0.04445516532614216,true
7.575,9.704806343061856,0.050724111989079015,0.30238982485192517,0.36314391108351884,-0.0002808688604953926,-0.005412462888192798,0.0030546894501820993,-0.0017765738580308912,-0.001278115592151208,0.005226700069635353,0.09358034624967249,1.3291507933394124,14.203311342674843,-1.825695389123285,1.1229598668671386,0.7468101672379774,0.0036154457320659713,0.13731611541479022,0.04412241625151723,true
7.625,9.704806343061856,0.05022528062264112,0.3034406441142536,0.3635782508269949,-0.0002803993058345917,-0.005404389334292674,0.0030697023540835907,-0.001799201903601202,-0.0012705004504823887,0.005175299624453413,0.09340386608626668,1.3284994142041593,14.223173727918,-1.8361187066651488,1.1310585674667388,0.7491779202423999,0.003567100200174132,0.13624722015246438,0.04378791921677553,true
7.675,9.704806343061856,0.04972276555853727,0.30444855003344107,0.36397183710269987,-0.0002798607071688484,-0.005396285165528946,0.0030842137351855792,-0.0018214544584026794,-0.0012627592767828998,0.005123519604704424,0.09322545627715816,1.3278430067377704,14.243352189021303,-1.8466736462024802,1.1391594606440751,0.7515179274307008,0.0035188017814367233,0.1351732937722873,0.04345172790743506,true
7.725,9.704806343061856,0.049216700362880894,0.3054129439350437,0.3643240911333939,-0.00027925323929243946,-0.005388151221900731,0.0030982246294819146,-0.001843330065757905,-0.0012548945637240096,0.005071373773271304,0.0930451162750801,1.3271816048973228,14.263850248449597,-1.8573612675355688,1.1472622460000343,0.7538304460747366,0.003470561773216632,0.1340945153698419,0.04311389696988124,true
7.775,9.704806343061856,0.048707221508444656,0.30633324365618964,0.36463445194440325,-0.0002785771273530822,-0.005379988350140131,0.003111736261004499,-0.0018648274169764953,-0.0012469088440280039,0.005018876192544155,0.09286284592329813,1.3265152438635868,14.284671449324822,-1.8681826344166357,1.1553666188706602,0.7561157330965688,0.003422391469193689,0.13301106684545425,0.04277448198406359,true
7.825,9.704806343061856,0.04819446827838992,0.3072088841896961,0.3649023769665727,-0.0002778326468355023,-0.005371797403112659,0.0031247500384815313,-0.0018859453501937403,-0.001238804688287791,0.004966041214500383,0.09267864545827341,1.3258439600341307,14.305819355452964,-1.8791388146072907,1.1634722703278777,0.7583740449840627,0.003374302151328625,0.13192313280859383,0.04243353943517283,true
7.875,9.704806343061856,0.047678582666393514,0.3080393183177018,0.36512734262805224,-0.0002770201234805512,-0.005363579239204868,0.0031372675519705804,-0.0019066828491645376,-0.0012305847028060428,0.004912883470413586,0.09249251551219585,1.3251677910159432,14.327297551348462,-1.8902308799354024,1.1715788871794495,0.7606056377090139,0.0033263050818068155,0.13083090047956916,0.04209112668442903,true
7.925000000000001,9.704806343061856,0.04715970927282119,0.3088240172333889,0.3653088449338975,-0.0002761399331321342,-0.005355334721700449,0.003149290569518696,-0.0019270390420382056,-0.0012222515274804904,0.00485941786015509,0.09230445711552893,1.3244867756164114,14.349109642221006,-1.9014599063609139,1.1796861519623771,0.7628107666462175,0.0032784114949473762,0.12973455958933505,0.041747301939259907,true
7.975,9.704806343061856,0.04663799519756766,0.309562471149316,0.36544640003176976,-0.0002751925015106741,-0.0053470647181443785,0.0031608210338536277,-0.00194701320011622,-0.0012138078337374076,0.004805659541152,0.09211447169946085,1.323800953833836,14.371259253952648,-1.912826974039903,1.1877937429311174,0.7649896864939628,0.003230632589117562,0.12863430227696154,0.041402124222701245,true
8.025,9.704806343061856,0.04611358992895184,0.3102541898909784,0.3655395447631037,-0.00027417830392546203,-0.005338770099693342,0.0031718610590441843,-0.0019666047365620937,-0.0012052563224820905,0.004751623916938775,0.09192256109852932,1.3231103668457636,14.393750033003945,-1.9243331673998203,1.1959013340312739,0.7671426511935573,0.0031829795186345293,0.12753032298623226,0.0410556533425172,true
8.075,9.704806343061856,0.045586645229287084,0.31089870347514914,0.365587837197793,-0.0002730978649450234,-0.005330451740449335,0.003182412927043456,-0.0019858132050200473,-0.0011965997220234085,0.004697326625366184,0.09172872755285562,1.3224150569974304,14.41658564636071,-1.935979575212598,1.204008594877654,0.7692699138530797,0.0031354633856765304,0.12642281835843686,0.040707949859051615,true
8.125,9.704806343061856,0.045057315017017555,0.311495562672072,0.3655908571517696,-0.00027195175802100733,-0.005322110516772885,0.0031924790841095056,-0.0020046382981395326,-0.001187840785969973,0.00464278352645644,0.09153297371007268,1.3217150677896286,14.439769781500951,-1.9477672906714731,1.2121151907343415,0.7713717266745957,0.0030880952321998517,0.1253119871219453,0.04035907505200823,true
8.175,9.704806343061856,0.044525755245928444,0.3120443395513478,0.365548206687216,-0.0002707406050675515,-0.005313747306572504,0.0032020621371290268,-0.0020230798460182313,-0.0011789822911107955,0.00458801068995681,0.09133530262690094,1.3210104438668049,14.463306146398297,-1.9596974114637402,1.2202207824999112,0.7734483408855344,0.003040886031894088,0.1241980299785096,0.04000909088612693,true
8.225,9.704806343061856,0.043992123781207496,0.31254462800948873,0.36545951059338744,-0.000269465075980268,-0.005305362988567936,0.003211164849887961,-0.0020411378145853295,-0.0011700270353026316,0.0045330243825687745,0.09113571777032965,1.3203012310046702,14.48719846956108,-1.9717710398483623,1.2283250266966046,0.7755000066737572,0.0029938466821557382,0.12308114948618833,0.03965805997573043,true
8.275,9.704806343061856,0.04345658027295747,0.31299604428042965,0.36532441685027417,-0.00026812588808318254,-0.0052969584415257336,0.003219790139347666,-0.0020588123039547357,-0.0011609778353929303,0.004477841054914545,0.09093422301877094,1.3195874760970483,14.511450500046113,-1.9839892827336345,1.2364275754561127,0.777526973124356,0.0029469879961256077,0.12196154994102394,0.03930604554883148,true
8.325,9.704806343061856,0.04291928602673181,0.31339822742632256,0.3651425970724287,-0.0002667238055141227,-0.005288534543467574,0.0032279410719090237,-0.0020761035467395297,-0.001151837525169494,0.004422477328196827,0.0907308226631582,1.3188692271412024,14.536066007442223,-1.9963532517637679,1.2445280764985687,0.779529488157363,0.0029003206947714978,0.12083943725737326,0.0389531114107758,true
8.375,9.704806343061856,0.04238040387198089,0.31375083980899365,0.3649137469330296,-0.00026525963854585357,-0.005280092170851424,0.00323562085966288,-0.0020930119063269654,-0.0011426089533359148,0.004366949980643294,0.09052552140786828,1.318146533223161,14.561048781858666,-2.0088640634002766,1.2526261731110009,0.7815077984679714,0.0028538553990620614,0.11971501884643874,0.03859932190724903,true
8.425,9.704806343061856,0.041840098028039584,0.314053567542097,0.36463758656901946,-0.0002637342428351006,-0.005271632197726879,0.0032428328566594146,-0.002109537875130442,-0.0011332949815289727,0.004311275933697722,0.09031832437177952,1.317419444501122,14.586402633846442,-2.021522839012349,1.2607215041168676,0.7834621494672082,0.0028076026222152045,0.11858850349466474,0.03824474188721068,true
8.475,9.704806343061856,0.041298533967921255,0.31430612092158194,0.36431386096428664,-0.00026214851862668454,-0.005263155494866353,0.0032495805551113507,-0.0021256820727757987,-0.001123898482335552,0.004255472237985082,0.09010923708917226,1.3166880121882512,14.612131394312598,-2.0343307049680486,1.2688137038422316,0.7853927852244907,0.002761572762039707,0.11746010124060068,0.037889436665280204,true
8.525,9.704806343061856,0.04075587828025183,0.3145082348350716,0.36394234031126843,-0.00026050340991214,-0.0052546629288728035,0.0032558675815332417,-0.0021414452442226816,-0.00111442233731056,0.004199556059084987,0.0898982655104095,1.3159522885352823,14.638238914441633,-2.047288792723219,1.276902402084218,0.7872999484133849,0.002715776093384815,0.1163300232500581,0.037533471983510876,true
8.575,9.704806343061856,0.0402122985294809,0.31465966914917753,0.3635228203501324,-0.00025879990353631227,-0.005246155361264955,0.0032616976928473034,-0.002156828257835996,-0.0011048694350113074,0.0041435446631276065,0.08968541600236139,1.3152123268127536,14.664729065627842,-2.0603982389107838,1.2849872240821525,0.7891838802605435,0.0026702227606974498,0.11519848168951471,0.03717691397253596,true
8.625,9.704806343061856,0.03966796311453467,0.31476020907456415,0.3630551226855742,-0.00025703902823557515,-0.005237633647540645,0.0032670747725075415,-0.002171832103433267,-0.0010952426690742745,0.004087455402229023,0.0894706953487433,1.3144681812922632,14.691605739383874,-2.0736601854334733,1.2930677904864305,0.7910448204965733,0.0026249227706964433,0.11406568959875626,0.036819829112413854,true
8.675,9.704806343061856,0.03912304112598895,0.31480966550769596,0.3625390950809623,-0.0002552218536366472,-0.0052290986362196765,0.0032720028265822436,-0.002186457890278231,-0.0010855449363040125,0.004031305699774085,0.08925411075058873,1.3137199072264516,14.718872847184645,-2.0870757795580825,1.3011437173167804,0.7928830073069169,0.0025798859851884556,0.11293186076397939,0.036462284193568555,true
8.725,9.704806343061856,0.03857770220200492,0.31480787534895827,0.36197461172773526,-0.0002533494892060619,-0.005220551167865854,0.0032764859798107776,-0.002200706845028197,-0.0010757791347825807,0.003975113035571784,0.08903566982617542,1.312967560829167,14.746534320373815,-2.1006461740106728,1.3092146159337072,0.7946986772881989,0.002535122114003436,0.11179720958806766,0.036104346276739266,true
8.775,9.704806343061856,0.03803211638321697,0.31475470179636666,0.36136157349145726,-0.00025142308315339326,-0.005211992074089502,0.0032805284716295843,-0.0022145803096330426,-0.0010659481619965418,0.0039188949309026475,0.08881538061123116,1.3122111992539927,14.774594109976226,-2.114372527073993,1.3172800929946098,0.796492065403421,0.0024906407080942535,0.11066195096230476,0.03574608265334104,true
8.825,9.704806343061856,0.03748645396666646,0.31465003461456664,0.36069990813182334,-0.00024944382130960395,-0.005203422176529943,0.003284134652120212,-0.002228079739161803,-0.0010560549129584092,0.0038626689334678183,0.0885932515584356,1.3114508805734781,14.803056186604152,-2.1282560026838606,1.3253397504291349,0.798263404943766,0.0024464511527716257,0.10952630013480111,0.035387560804673895,true
8.875,9.704806343061856,0.03694088535912379,0.31449379037863323,0.35998957049777297,-0.0002474129259501253,-0.00519484228581827,0.003287308977977868,-0.0022412066996063337,-0.0010461022783715343,0.0038064526022751097,0.08836929153688415,1.310686663757374,14.831924540328707,-2.1422977705282293,1.3333931854110836,0.8000129274916976,0.0024025626611047504,0.10839047257909877,0.03502884836112256,true
8.925,9.704806343061856,0.0363955809298455,0.3142859126915989,0.3592305426963473,-0.00024533165458465894,-0.005186253200520772,0.0032900560084578186,-0.0022539628656409326,-0.001036093142816886,0.0037502634924668405,0.08814350983128008,1.309918608650484,14.861203180561619,-2.156499006147593,1.3414399903333616,0.8017408628867427,0.002358984267488806,0.10725468386195332,0.034670013061012146,true
8.975,9.704806343061856,0.03585071086328982,0.3140263723766266,0.3584228342363008,-0.000243201298686901,-0.005177655706063137,0.0032923804013864507,-0.0022663500183816056,-0.0010260303830048451,0.0036941191401433943,0.0879159161410386,1.3091467759498636,14.890896135913236,-2.170860891035489,1.3494797527823612,0.803447439193078,0.0023157248213984453,0.10611914951133636,0.034311122709459185,true
9.025,9.704806343061856,0.0353064450117728,0.31371516764293284,0.35756648214667797,-0.00024102318237086655,-0.00516905057363652,0.003294286909238725,-0.0022783700431467093,-0.0010159168660920158,0.0036380370471806502,0.08768652057967256,1.3083712271801478,14.921007453949011,-2.1853846127437233,1.3575120554971263,0.8051328826658175,0.0022727929813391216,0.10498408488649742,0.033952245137825895,true
9.075,9.704806343061856,0.03476295274829977,0.3133523242248619,0.3566615510687179,-0.00023879866104106195,-0.005160438559086366,0.0032957803752038366,-0.0022900249271802,-0.0010057554480236365,0.0035820346660654845,0.08745533367395943,1.3075920246686803,14.951541200945952,-2.200071364985379,1.3655364763305369,0.8067974177197498,0.0022301972089976032,0.10384970504780605,0.033593448163016806,true
9.125,9.704806343061856,0.034220402819626225,0.3129378954936599,0.3557081333205786,-0.00023652912000164854,-0.005151820401784549,0.0032968657292807508,-0.002301316757358597,-0.0009955489719221536,0.0035261293847549074,0.08722236636300915,1.3068092315195845,14.982501461618222,-2.214922347742532,1.3735525882078845,0.8084412668994799,0.002187945763587817,0.10271622462705673,0.03323479954684725,true
9.175,9.704806343061856,0.03367896319970705,0.31247196254146903,0.35470634893522157,-0.00023421597302936836,-0.005143196823486043,0.003297547984390317,-0.0023122477178755757,-0.0009853002665147414,0.0034703385115752213,0.08698762999735969,1.306022911586355,15.01389233878422,-2.229938767380289,1.381559959077944,0.8100646508499656,0.0021460466964011247,0.1015838576989336,0.03287636695571182,true
9.225,9.704806343061856,0.03313880094405126,0.3119546342384144,0.3536563456712011,-0.0002318606609325329,-0.005134568527170828,0.0032978322324471155,-0.002322820087875885,-0.0009750121445712303,0.0034146792602144805,0.08675113633778625,1.3052331294447823,15.045717953048426,-2.24512183675435,1.3895581518704954,0.811667788290282,0.002104507845583005,0.10045281765234583,0.032518217920112814,true
9.275,9.704806343061856,0.03260008204480913,0.3113860472607338,0.35255829899454,-0.00022946465009171386,-0.00512593619587147,0.003297723640413423,-0.0023330362390499362,-0.0009646874013634868,0.0033591687347904195,0.0865128975536555,1.3044399503657886,15.077982442522769,-2.2604727753214435,1.3975467244634314,0.8132508959910604,0.0020633368311149835,0.09932331706100929,0.0321604197938501,true
9.325,9.704806343061856,0.03206297128716018,0.3107663660911846,0.35141241203309204,-0.00022702943097149776,-0.005117300491487085,0.0032972274463729367,-0.0023428986332081447,-0.000954328813164792,0.00330382391505242,0.08627292622120641,1.3036434402877926,15.110689962517453,-2.275992809247518,1.4055252296473453,0.8148141887530292,0.00202254105003432,0.0981955675552102,0.03180303971350282,true
9.375,9.704806343061856,0.03152763210683132,0.3100957829899938,0.35021891550169726,-0.00022455651660930313,-0.005108662053584451,0.0032963489556281462,-0.002352409819837461,-0.0009439391357906851,0.00324866164169994,0.08603123532133528,1.3028436657890483,15.143844685279676,-2.2916831715196584,1.413493215100832,0.8163578793891868,0.0019821276718682526,0.097069779692973,0.03144614455762092,true
9.425,9.704806343061856,0.030994226449335083,0.3093745179380736,0.3489780676001363,-0.0002220474410680445,-0.005100021498187127,0.0032950935368676725,-0.0023615724336638107,-0.0009335211032038618,0.003193698601878174,0.08578783823734608,1.3020406940591909,15.177450799691238,-2.3075451020588997,1.4214502233630155,0.8178821787078182,0.0019421036343125536,0.09594616283288981,0.031089800906365306,true
9.475,9.704806343061856,0.030462914631141078,0.30860281855274097,0.3476901538853399,-0.00021950375784407383,-0.005091379416553842,0.0032934666184431137,-0.002370389192241186,-0.0009230774262019275,0.003138951314872921,0.0855427487531033,1.301234592869102,15.211512510835655,-2.3235798478323644,1.429395791785911,0.8193872954930729,0.0019024756391771856,0.09482492501061655,0.030734075002255022,true
9.525,9.704806343061856,0.029933855202823448,0.30778095997561083,0.34635548711645625,-0.00021692703825507882,-0.005082736373947575,0.0032914736847009757,-0.0023788628935410543,-0.0009126107911599213,0.0030844361180090638,0.0852959810511075,1.3004254305398473,15.2460340395248,-2.339788662968446,1.4373294524849978,0.8208734364867664,0.0018632501485768846,0.09370627281693604,0.03037903271133109,true
9.575000000000001,9.704806343061856,0.02940720481431034,0.3069092447316295,0.34497440707236837,-0.00021431886982246253,-0.005074092908396568,0.003289120272317187,-0.002386996413516338,-0.0009021238588008489,0.0030301691527656388,0.08504754971081144,1.2996132759106453,15.281019621726216,-2.3561728088667206,1.4452507322716657,0.8223408063683655,0.0018244333813971457,0.09259041127887885,0.030024739485220036,true
9.625,9.704806343061856,0.028883118082354775,0.3059880025595317,0.3435472803401465,-0.00021168085465185111,-0.005065449529448222,0.003286411966608886,-0.0023947927036275245,-0.0008916192629813617,0.0029761663511198083,0.08479746970601415,1.2987981983078891,15.316473508121359,-2.372733554310771,1.4531591526158676,0.8237896077421548,0.001786031309982183,0.09147754373896952,0.029671260322476422,true
9.675,9.704806343061856,0.028361747460360548,0.30501759021351266,0.3420745000755053,-0.00020901460781737061,-0.005056806716916777,0.0032833543978178776,-0.002402254788328416,-0.0008810996094894617,0.002922443422133496,0.08454575640249258,1.2979802675132508,15.352399963565572,-2.3894721755756065,1.461054229590381,0.8252200411223312,0.0017480496571051472,0.09036787173781859,0.029318659730917834,true
9.725,9.704806343061856,0.027843243111006333,0.3039983912371461,0.3405564857351131,-0.00020632175573906083,-0.005048164919625341,0.003279953237408718,-0.0024093857625332215,-0.0008705674748754966,0.002869015838828353,0.08429242555442061,1.2971595537338834,15.388803266746848,-2.4063899565348184,1.4689354738601705,0.8266323049275474,0.001710493893164418,0.08926159489402771,0.02896700168896573,true
9.775,9.704806343061856,0.0273277527820091,0.30293081570974933,0.33899368278245695,-0.00020360393454176178,-0.005039524554143103,0.0032762141944385793,-0.002416188789094348,-0.0008600254053442312,0.0028158988253842087,0.0840374933011757,1.2963361275716703,15.425687709720565,-2.4234881887592,1.4768023906500214,0.8280265954724464,0.0016733692336777298,0.08815891078842496,0.028616349608299535,true
9.825000000000001,9.704806343061856,0.026815421684930972,0.3018152999652143,0.3373865623674154,-0.00020086278839814175,-0.005030886003519528,0.0032721430120047895,-0.0024226670962946835,-0.000849475915710106,0.002763107344651118,0.08378097616389552,1.2955100599923695,15.463057597443644,-2.4407681716145153,1.4846544797165455,0.8294031069609953,0.0016366806370391742,0.08706001484997385,0.028266766296953662,true
9.875,9.704806343061856,0.02630639237716336,0.3006523062836986,0.3357356209796462,-0.00019809996786269627,-0.005022249616016618,0.0032677454637642846,-0.0024288239753523476,-0.000838921488411937,0.0027106560859888034,0.08352289104214275,1.2946814222936927,15.50091724723036,-2.458231212359624,1.4924912353096131,0.8307620314789405,0.001600432802550055,0.08596510024493786,0.027918313923379942,true
9.925,9.704806343061856,0.025800804647674657,0.29944232255743997,0.3340413800773593,-0.00019531712818568865,-0.00501361570384082,0.0032630273505629206,-0.0024346627779578884,-0.0008283645726050322,0.0026585594534938996,0.08326325521053811,1.2938502860732095,15.539270988163995,-2.475878626238233,1.5003121461303377,0.8321035589866917,0.0015646301687302978,0.08487435776879708,0.027571053981304102,true
9.975,9.704806343061856,0.025298795406307067,0.29818586193101426,0.3323043856926643,-0.00019251592762275775,-0.005004984541876453,0.0032579944971349722,-0.002440186913825135,-0.0008178075833098373,0.0026068315545929093,0.08300208631583891,1.2930167231947995,15.578123160357947,-2.493711736565142,1.508116695268611,0.8334278773097663,0.0015292769119220845,0.0837879757428788,0.027225047256025037,true
10.025,9.704806343061856,0.02480049857675796,0.2968834624151018,0.33052520801122787,-0.00018969802576446361,-0.004996356366422161,0.003252652748798307,-0.0024453998482190224,-0.0008072529005792848,0.002555486189014817,0.08273940237391128,1.2921808057551563,15.617478114183191,-2.5117318748046893,1.5159043601326545,0.8347351721290821,0.001494376945170119,0.08270613991347936,0.026880353791422514,true
10.075000000000001,9.704806343061856,0.02430604499336038,0.2955356864749067,0.32870444092626316,-0.00018686508189679263,-0.00498773137393152,0.0032470079681162388,-0.002450305099446241,-0.0007967028686699977,0.00250453683815517,0.08247522176593662,1.2913426060522601,15.657340209609501,-2.5299403806382754,1.5236746124084024,0.8360256269773897,0.0014599339173628047,0.08162903335100288,0.02653703285685491,true
10.125,9.704806343061856,0.023815562301973757,0.29414312059200365,0.32684270156691453,-0.00018401875336136018,-0.0049791097197583135,0.003241066031617553,-0.002454906236354752,-0.0007861597952628012,0.0024539966548636945,0.0822095632341476,1.290502196555258,15.697713815601672,-2.548338602019506,1.5314269180274065,0.8372994232379313,0.00142595121264462,0.08055683635051247,0.026195142914407787,true
10.175,9.704806343061856,0.023329174865015193,0.292706374802291,0.3249406298039009,-0.0001811606939186591,-0.004970491516908714,0.003234832826564675,-0.0024592068758382867,-0.0007756259507263885,0.002403878453658547,0.08194244587770609,1.2896596498737405,15.738603309431058,-2.5669278952226926,1.539160737124719,0.8385567401421841,0.001392431950106459,0.07948972633619085,0.025854741587322327,true
10.225,9.704806343061856,0.0228470036708832,0.29122608221106555,0.32299888773304786,-0.0001782925521500084,-0.004961876834801442,0.0032283142476977615,-0.0024632106803100687,-0.0007651035673876929,0.0023541947013931857,0.08167388914807096,1.2888150387292614,15.780013076060328,-2.5857096248700744,1.5468755240161456,0.839797754771471,0.001359378983753306,0.07842787776728657,0.02551588562879553,true
10.275,9.704806343061856,0.022369166248106094,0.2897028984846899,0.3210181591355845,-0.00017541596985257862,-0.0049532656980366355,0.0032215161941173266,-0.002466921355227847,-0.0007545948388894795,0.0023049575084100695,0.08140391284392254,1.2879684359288086,15.821947507587971,-2.6046851639395276,1.5545707271903282,0.8410226420614524,0.0013267949027443943,0.0773714620459636,0.02517863089129333,true
10.325000000000001,9.704806343061856,0.02189577658389181,0.28813750131809107,0.3189991489171896,-0.00017253258040389737,-0.004944658085175862,0.0032144445663578724,-0.002470342646698017,-0.0007441019196598553,0.002256178620147892,0.08113253710651144,1.2871199143363978,15.864411002538434,-2.623855893772082,1.5622457892667283,0.8422315748016285,0.0012946820318986627,0.07632064743037661,0.024843032297487726,true
10.375,9.704806343061856,0.021426945047485824,0.28653058988472435,0.31694258253233654,-0.0001696440071671391,-0.0049360539275364905,0.0032071052634605563,-0.00247347833906414,-0.0007336269243964164,0.0022078694092442495,0.08085978241646781,1.28626954684198,15.907407964778542,-2.6432232040546757,1.569900146901674,0.8434247236274539,0.0012630424325189148,0.07527559895674367,0.024509143814050654,true
10.425,9.704806343061856,0.020962778317779665,0.28488288426307884,0.31484920538378625,-0.00016675186192583428,-0.00492745310800119,0.003199504180072486,-0.002476332252493817,-0.0007231719275786691,0.002160040868076295,0.0805856695885994,1.2854174063349293,15.950942802822842,-2.6627884927995695,1.5775332307645615,0.8446022570243424,0.001231877903410648,0.07423647835742037,0.024177018424027672,true
10.475,9.704806343061856,0.020503379315818356,0.2831951248440449,0.31271978220610297,-0.00016385774333335244,-0.004918855459844869,0.0031916472036053675,-0.002478908240581334,-0.0007127389630240334,0.0021127036018061913,0.08031021976793327,1.284563565674709,15.995019928803842,-2.682553166307132,1.5851444654608156,0.8457643413239804,0.0012011899821939274,0.07320344398724422,0.023846708101837092,true
10.525,9.704806343061856,0.020048847141877144,0.2814680717184338,0.31055509642890744,-0.00016096323541115321,-0.004910260765580848,0.003183540211362682,-0.002481210187921038,-0.0007023300234416442,0.0020658678218973873,0.08003345442473217,1.2837080976651998,16.03964375762974,-2.7025186391050124,1.592733269489224,0.8469111407066723,0.0011709799468529161,0.07217665074979603,0.023518263788134222,true
10.575000000000001,9.704806343061856,0.0195992770174932,0.27970250404465247,0.30835594952113204,-0.0001580699061143737,-0.004901668755827482,0.003175189067642702,-0.0024832420076554896,-0.0006919470599872123,0.002019543340141463,0.07975539534861198,1.282851075033041,16.08481870631674,-2.7226863338561342,1.600299055240887,0.8480428172103746,0.0011412488175308341,0.07115625002431947,0.023191735364784076,true
10.625,9.704806343061856,0.01915476023146838,0.2778992193865963,0.30612316030330866,-0.00015517930583618588,-0.0048930791081964325,0.003166599621060841,-0.0024850076391205586,-0.0006815919819402826,0.001973739563094164,0.07947606464081572,1.2819925704073074,16.130549193661604,-2.7430576813026133,1.6078412290333783,0.8491595307450018,0.0011119973584686892,0.07014238959013579,0.022867171628934296,true
10.675,9.704806343061856,0.018715384093288368,0.27605903306256147,0.3038575642810872,-0.00015229296596912093,-0.004884491446207146,0.003157777701875409,-0.002486511045482487,-0.000671266656392922,0.001928465487275626,0.07919548471238451,1.2811326562905379,16.17683963856333,-2.763634120105788,1.6153591909585283,0.850261439079311,0.001083226080418833,0.06913521357593111,0.02254462027516495,true
10.725,9.704806343061856,0.018281231889880345,0.2741827774562685,0.30156001293290136,-0.0001494123975714299,-0.004875905338226469,0.0031487291192703734,-0.002487756211342163,-0.0006609729079282102,0.0018837296947146124,0.07891367827495693,1.2802714050496993,16.22369446002608,-2.7844170966750017,1.622852335000449,0.8513486978681919,0.0010549352431079462,0.06813486238704329,0.022224127870280098,true
10.775,9.704806343061856,0.017852382847526008,0.27227130130618515,0.29923137297945235,-0.00014653908992235307,-0.004867320296435973,0.0031394596590083074,-0.002488747140515259,-0.0006507125184930483,0.0018395403490239662,0.07863066833427663,1.2794088888970945,16.271118076448744,-2.805408065020167,1.6303200490005927,0.8524214606570735,0.001027124857944108,0.0671414726465365,0.021905739832585747,true
10.825000000000001,9.704806343061856,0.017428912101617365,0.2703254690207045,0.2968725256907414,-0.00014367450919178845,-0.004858735775832269,0.0031299750810143533,-0.0024894878537711183,-0.000640487227243235,0.0017959051922841938,0.07834647819003424,1.2785451798657155,16.319114903474347,-2.8266084864354992,1.6377617144466634,0.8534798788617176,0.0009997946912260656,0.0661551771617516,0.021589500419431626,true
10.875,9.704806343061856,0.01701089066752852,0.26834615993146294,0.29448436611834716,-0.00014082009714709386,-0.004850151173259556,0.003120281117005301,-0.002489982386585803,-0.0006302987304194984,0.0017528315420420437,0.07806113142536002,1.277680349802222,16.36768935413018,-2.848019829309727,1.645176706588135,0.8545241017955424,0.0009729442671795761,0.06517610485924723,0.02127545270429272,true
10.925,9.704806343061856,0.016598385418167973,0.26633426755587375,0.29206780234551544,-0.00013797726984838293,-0.004841565826479072,0.00311038346825453,-0.002490234786957676,-0.0006201486812968541,0.0017103262889974578,0.07777465190269085,1.2768144703482984,16.41684583745624,-2.8696435688448227,1.6525643943116624,0.8555542766625956,0.0009465728714072709,0.06420438074561698,0.020963638562288757,true
10.975,9.704806343061856,0.01619145906705958,0.26429069885858714,0.28962375473841345,-0.00013514741645623586,-0.004832979013276788,0.00310028780325997,-0.002490249113168513,-0.0006100386900914569,0.0016683958952602026,0.0774870637591102,1.2759476129265201,16.466588757229896,-2.8914811867179298,1.6599241400780047,0.8565705485599326,0.0009206795545478091,0.06324012587023478,0.02065409865624969,true
11.025,9.704806343061856,0.0157901701551149,0.2622163734855291,0.28715315516684514,-0.00013233189807090572,-0.004824389950611679,0.00308999975545141,-0.0024900294315587787,-0.0005999703238926315,0.001627046392986871,0.07719839139839718,1.2750798487344357,16.516922511430845,-2.9135341707422437,1.667255299949731,0.8575730604927438,0.0008952631360320153,0.062283457281156834,0.020346872420453882,true
11.075000000000001,9.704806343061856,0.015394573042779008,0.2601122229932431,0.284656946222597,-0.00012953204660396276,-0.004815797793806549,0.0030795249209676127,-0.002489579814333203,-0.0005899451066344098,0.0015862833835715712,0.07690865948482471,1.2742112487359725,16.567851491253652,-2.9358040144826503,1.6745572235492516,0.8585619533797381,0.0008703222080726527,0.06133448799092301,0.020041998047558823,true
11.125,9.704806343061856,0.015004717907209003,0.2579791900703021,0.2821360804311346,-0.000126749163684692,-0.00480720163578422,0.0030688688565326788,-0.0024889043374124184,-0.0005799645191202603,0.0015461120373551967,0.07661789293494482,1.2733418836598405,16.61938008059054,-2.9582922168404155,1.6818292541161004,0.8595373660719609,0.0008458551397929565,0.060393326940053414,0.019739512474698104,true
11.175,9.704806343061856,0.014620650744441452,0.2558182277513382,0.27959151945747657,-0.00012398451960760656,-0.004798600506351523,0.003058037077411895,-0.0024880070783217067,-0.0005700299990901883,0.0015065370938487632,0.07632611691113389,1.2724718239963295,16.671512655070114,-2.981000281575707,1.6890707284709228,0.860499435358683,0.0008218600815820193,0.059460078970354935,0.019439451372743485,true
11.225,9.704806343061856,0.014242413376459477,0.2536302986251931,0.2770242333079019,-0.00012123935231957045,-0.004789993371533877,0.00304703505545682,-0.0024868921141227036,-0.0005601429413341166,0.0014675628624616131,0.07603335681517287,1.2716011399948617,16.724253581042824,-3.0039297167997727,1.6962809769757417,0.8614482959729178,0.0007983349696038625,0.058534844802260795,0.019141849136839167,true
11.275,9.704806343061856,0.013870043462948307,0.25141637403799977,0.2744351995282004,-0.00011851486644864085,-0.00478137913296339,0.0030358682172352673,-0.0024855635193868045,-0.0005503046978484628,0.0014291932237127283,0.07573963827977394,1.270729901669971,16.777607215075857,-3.0270820344181,1.7034593235924844,0.8623840806098073,0.0007752775304328146,0.05761772100990262,0.018846738876119873,true
11.325000000000001,9.704806343061856,0.013503574517547443,0.24917743329189873,0.2718254023989061,-0.00011581223238065142,-0.004772756627323378,0.003024541942224672,-0.0024840253642004146,-0.0005405165780242574,0.001391431630905381,0.0754449871643484,1.2698581787956722,16.831577902312176,-3.0504587495387834,1.7106050857222992,0.8633069199162144,0.0007526852858996736,0.05670880001304443,0.018554152408951863,true
11.375,9.704806343061856,0.013143035928435562,0.2469144628401173,0.269195832127974,-0.00011313258539128959,-0.004764124625852517,0.0030130615610360605,-0.002482281712186254,-0.0005307798488498067,0.0013542811122482375,0.07514942954548862,1.2689860409161002,16.8861699761536,-3.0740613798547196,1.7177175743192494,0.8642169425162164,0.000730555557974614,0.05580817005681859,0.018264120254087374,true
11.425,9.704806343061856,0.012788452983138205,0.24462845547928752,0.2665474840416145,-0.00011047702482861279,-0.004755481833911365,0.0030014323536855774,-0.002480336618549895,-0.0005210957351356824,0.0013177442734115868,0.07485299171143568,1.268113557344655,16.94138775686261,-3.0978914449977633,1.7247960937730045,0.8651142750064101,0.0007088854738362371,0.05491591520739488,0.017976671627043275,true
11.475,9.704806343061856,0.01243984689751802,0.24232040954010803,0.26388135777439803,-0.00010784661334653836,-0.004746826890614226,0.0029896595479157913,-0.0024781941281532783,-0.000511465419762513,0.0012818233005145428,0.0745557001531133,1.2672407971728639,16.99723555100899,-3.1219504658815356,1.7318399419838544,0.865999041975857,0.0006876719709881668,0.05403211534127932,0.017691834434330866,true
11.525,9.704806343061856,0.012097234848945738,0.23999132807765639,0.2611984564600729,-0.00010524237618732538,-0.004738158368529307,0.002977748317578221,-0.0024758582736217104,-0.0005018900439565108,0.0012465199635430411,0.07425758155776377,1.2663678292751388,17.05371765023147,-3.1462399639708507,1.7388484102905268,0.8668713660070203,0.00066691180255568,0.053156846146170056,0.017409635271453016,true
11.575000000000001,9.704806343061856,0.011760630013634508,0.237642218062728,0.25849978592469136,-0.00010266530051180551,-0.004729474773450045,0.0029657037810911944,-0.0024733330734921684,-0.000492370707599026,0.0012118356201968315,0.07395866279946826,1.2654947223194142,17.110838330739973,-3.1707614605800014,1.7458207835619752,0.8677313676970693,0.0006466015425961215,0.0522901791165755,0.01713009941914538,true
11.625,9.704806343061856,0.01143004160809256,0.2352740895754155,0.2557863538834001,-0.00010011633478180197,-0.004720774544240435,0.00295353099996592,-0.0024706225304001487,-0.00048290846956577146,0.0011777712201608338,0.07365897093155617,1.2646215447756757,17.168601852322382,-3.195516476099533,1.7527563401877702,0.8685791656659654,0.0006267375915631721,0.0514321815588106,0.016853250842670014,true
11.675,9.704806343061856,0.011105474934578634,0.23288795500188195,0.2530591691418337,-9.75963881883924e-5,-0.004712056052757092,0.0029412349774255936,-0.002467730629318281,-0.00047350434810731253,0.001144327309788942,0.07335853317961169,1.2637483649237637,17.227012457154657,-3.2205065291831234,1.7596543520306487,0.8694148765597841,0.0006073161818705366,0.0505829166012801,0.016579112192822196,true
11.725,9.704806343061856,0.0107869314304363,0.2304848282350383,0.2503192408026629,-9.510633013837974e-5,-0.004703317603851071,0.0029288206570751863,-0.0024646613358262964,-0.0004641593212488899,0.0011115040371875195,0.07305737693289054,1.262875250863688,17.286074368968205,-3.245733135945072,1.7665140844691352,0.8702386150648347,0.00058833338348753,0.04974244320389406,0.016307704806629488,true
11.775,9.704806343061856,0.010474408721134617,0.22806572387972274,0.2475675774776629,-9.264698979871895e-5,-0.0046945574354517435,0.002916292921613234,-0.0024614185944085445,-0.00045487432720468964,0.0010793011576807985,0.07275552973752676,1.2620022705254699,17.34579179174801,-3.2711978090618268,1.7733347963320316,0.8710504939084024,0.0005697851096716906,0.048910816176011514,0.016039048710826818,true
11.825000000000001,9.704806343061856,0.010167900676791172,0.22563165646298516,0.24480518650569155,-9.021915569847176e-5,-0.004685773718735738,0.0029036565915856135,-0.002458006326779673,-0.0004456502648059403,0.0010477180396351125,0.07245301915725774,1.2611294920483365,17.4061689453007,-3.296902057776228,1.7801157476441245,0.8718506247772994,0.0005516671206455937,0.04808808584890095,0.015773162511089026,true
11.875,9.704806343061856,0.009867397471959421,0.22318363965028695,0.2420330731773303,-8.782357538532927e-5,-0.004676964558383348,0.0028909164241884937,-0.0024544284302425654,-0.0004364879939459283,0.0010167536706194868,0.07214987326991255,1.2602569823713976,17.467209923665123,-3.3228473836915025,1.7868561698842427,0.8726391148227994,0.0005339750373905426,0.04727429942997329,0.015510063837308803,true
11.925,9.704806343061856,0.009572885648551075,0.22072268546884632,0.23925223996757772,-8.546095513485264e-5,-0.004668127992925507,0.002878077112133969,-0.0024506887760860035,-0.0004273883360479654,0.0009864066638892704,0.0718461199196566,1.2593848093180713,17.528918899537015,-3.3490352847307774,1.7935553094885148,0.8734160718028728,0.000516704335698239,0.04646949906759696,0.015249768701257283,true
11.975,9.704806343061856,0.009284348181790403,0.21824980353959045,0.23646368577831828,-8.313195971143566e-5,-0.004659261995183901,0.0028651432825880963,-0.002446791208027507,-0.00041835207456058935,0.00095667526518218,0.07154178718938946,1.2585130402534612,17.59129998977876,-3.3754672511501687,1.8002123996311012,0.8741816007511195,0.0004998503597413823,0.04567372315646181,0.014992291925663969,true
12.025,9.704806343061856,0.00900176454904629,0.21576600031896104,0.23366840519198956,-8.083721217739592e-5,-0.004650364472807057,0.002852119496201322,-0.0024427395407121124,-0.00040937995548920953,0.0009275573598108752,0.07123690327417909,1.2576417424161987,17.654357286921122,-3.40214476548769,1.8068266671609523,0.874935804805032,0.00048340832604977225,0.04488700605335662,0.014737647047734958,true
12.075000000000001,9.704806343061856,0.008725110801468944,0.21327227835148266,0.23086738773729298,-7.857729376015272e-5,-0.004641433268904977,0.002839010246194634,-0.0024385375582493827,-0.00040047268794525135,0.0008990504800445283,0.07093149647266997,1.2567709829159976,17.718094857906088,-3.4290693017835725,1.8133973326250372,0.8756787852144872,0.00046737332940634415,0.044109378110540755,0.014485846327669739,true
12.125,9.704806343061856,0.008454359638353072,0.21076963553360306,0.22806161716726248,-7.635274377621514e-5,-0.004632466162784211,0.002825819957502781,-0.002434189012789834,-0.0003916309447129468,0.0008711518127713335,0.07062559517854454,1.2559008287265883,17.7825167427137,-3.456242324844393,1.8199236102872658,0.8764106413493062,0.0004517403487573161,0.043340865712297894,0.014236900758227458,true
12.175,9.704806343061856,0.008189480484210383,0.208259064389185,0.22525207074974804,-7.416405961647809e-5,-0.004623460870785239,0.002812552985956853,-0.002429697623132451,-0.0003828553628244017,0.000843858207440192,0.07031922787174441,1.2550313466754548,17.847626952965307,-3.483665289547046,1.8264047081585333,0.8771314707076201,0.00043650425313414103,0.04258149131386927,0.013990820075076054,true
12.225,9.704806343061856,0.007930439568519946,0.20574155135725902,0.22243971857073233,-7.201169679164222e-5,-0.004614415047223192,0.0027992136175018466,-0.0024250670733614787,-0.00037414654414036786,0.0008171661842783254,0.07001242310926509,1.2541626034311564,17.91342947056473,-3.5113396401832397,1.8328398280487777,0.877841368926156,0.00042165980758355527,0.04183127348228501,0.013747612767765347,true
12.275,9.704806343061856,0.007677200007957694,0.2032180760926231,0.21962552285107767,-6.989606903625895e-5,-0.004605326285433132,0.0027858060674535554,-0.002420301011515125,-0.00036550505593843045,0.0007910719427643464,0.06970520951553712,1.2532946654870794,17.979928246363325,-3.5392668098634816,1.8392281656405924,0.8785404297922598,0.00040720167909627676,0.041090226939108444,0.013507286091333334,true
12.325000000000001,9.704806343061856,0.007429721890974473,0.20068961078010233,0.21681043727763918,-6.781754847170629e-5,-0.004596192118920899,0.002772334479811621,-0.002415403048295033,-0.0003569314315165881,0.0007655713703433266,0.06939761577252658,1.2524275991405713,18.047127198804827,-3.567448219992576,1.8455689105772495,0.8792287452567525,0.00039312444253016037,0.04035836260538382,0.013269846078644395,true
12.375,9.704806343061856,0.007187962364600517,0.1981571194637054,0.2139954063502009,-6.577646580226559e-5,-0.004587010022620023,0.0027588029267286126,-0.0024103767558671125,-0.00034842617086150007,0.0007406600513712799,0.06908967060986365,1.2515614704638278,18.115030212420024,-3.595885279856923,1.8518612465476267,0.879906405445667,0.00037942258651464347,0.03963568764942431,0.01303529755367783,true
12.425,9.704806343061856,0.006951875723485001,0.1956215573920677,0.21118136474574842,-6.377311057547524e-5,-0.004577777414253856,0.0027452154079524375,-0.0024052256666631,-0.0003399897412893374,0.0007163332762899513,0.06878140279508152,1.250696345268628,18.183641136177346,-3.624579386293056,1.858104351369385,0.8805734986710385,0.0003660905193501155,0.03892220553753802,0.01280364414579282,true
12.475,9.704806343061856,0.006721413500710481,0.19308387038035044,0.20836923670026364,-6.180773157961878e-5,-0.0045684916558072705,0.0027315758500131237,-0.002399953272067561,-0.00033162257794556267,0.0006925860509844941,0.06847284112391407,1.249832289067326,18.252963781735403,-3.653531923408145,1.8642973970756624,0.881230111441329,0.00035312257490979364,0.038217916087464374,0.012574888304890305,true
12.525,9.704806343061856,0.006496524560386286,0.19054499418878412,0.20555993540793221,-5.988053716619178e-5,-0.00455915005510863,0.0027178881060195576,-0.0023945630214237236,-0.000323325084595834,0.0006694131063244524,0.06816401441086455,1.2489693670136641,18.323001921298125,-3.6827442625844604,1.870439549974095,0.8818763284682007,0.0003405130184612091,0.0375228155247327,0.012349031317581078,true
12.575000000000001,9.704806343061856,0.006277155192317476,0.18800585391922248,0.20275436243890277,-5.79916956541181e-5,-0.004549749867509264,0.002704155955490142,-0.002389058321073263,-0.00031509763441687913,0.0006468089079186139,0.06785495147951984,1.2481076438393517,18.393759285437834,-3.712217762570726,1.8765299707230934,0.8825122326744809,0.00032825605248150273,0.03683689654077745,0.012126073323936755,true
12.625,9.704806343061856,0.00606324920840113,0.1854673634298411,0.19995340717580334,-5.6141335872736135e-5,-0.004540288297671983,0.002690383103780833,-0.0023834425332092653,-0.00030694057057156776,0.0006247676660478505,0.06754568115247206,1.2472471837897359,18.46523956097656,-3.741953769623268,1.882567814442741,0.8831379052050113,0.0003163458224726693,0.036160148352476995,0.011906013334709588,true
12.675,9.704806343061856,0.005854748040609262,0.18293042476800117,0.19715794626902072,-5.432954770022204e-5,-0.004530762501461918,0.0026765731818018433,-0.0023777189748887873,-0.000298854206913056,0.0006032833457614463,0.06723623224124095,1.2463880505454494,18.537446388629544,-3.771953617873781,1.8885522308204996,0.8837534254361262,0.0003047764227176998,0.03549255676381415,0.011688849249281567,true
12.725,9.704806343061856,0.00565159084054995,0.18039592762207846,0.1943688431116258,-5.25563826661411e-5,-0.00452116958793782,0.002662729745776018,-0.002371890917082093,-0.000290838828693925,0.0005823496771360487,0.06692663353618762,1.245530307136074,18.610383360498904,-3.8022186298423755,1.8944823642178157,0.8843588709844147,0.0002935419020064885,0.034834104229578396,0.011474577874302458,true
12.775,9.704806343061856,0.0054537145804076665,0.17786474879270575,0.19158694733440765,-5.082185460680326e-5,-0.004511506621441626,0.002648856277047467,-0.0023659615837631153,-0.0002828946932843519,0.0005619601656767347,0.06661691379649924,1.2446740158436143,18.68405401736012,-3.8327501171302125,1.900357353772241,0.884954317714236,0.00028263626931945927,0.03418476992114483,0.011263194943034214,true
12.825000000000001,9.704806343061856,0.0052610541550445885,0.17533775168350935,0.18881309432095517,-4.912594037291066e-5,-0.00450177062378324,0.002634956181932782,-0.00235993415103753,-0.00027502203089525227,0.0005421081028377051,0.06630710174013285,1.243819238094841,18.758461845754457,-3.8635493813191926,1.9061763335004838,0.8855398397445561,0.00027205349945937817,0.03354452979396959,0.011054695135285977,true
12.875,9.704806343061856,0.0050735424851341936,0.17281578581142626,0.186048104742653,-4.7468580589816966e-5,-0.004491958576517473,0.0026210327915968186,-0.002353811746299601,-0.0002672210452972176,0.0005227865766493488,0.06599722603348417,1.2429660343430082,18.833610274958836,-3.894617715092809,1.9119384324165325,0.8861155094565215,0.0002617875386259298,0.03291335665623199,0.010849072097752308,true
12.925,9.704806343061856,0.004891110621233739,0.17029968633675935,0.183292784113531,-4.584968046893267e-5,-0.004482067423309114,0.00260708936194235,-0.0023475974474126346,-0.00025949191452971556,0.0005039884824420514,0.0656873152805272,1.2421144639399524,18.909502673923004,-3.92595640358736,1.9176427746816458,0.8866813975033632,0.00025183230992906295,0.032291220238068886,0.010646318464571626,true
12.975,9.704806343061856,0.004713687848739639,0.16779027361308618,0.18054792236492825,-4.426911066885321e-5,-0.004472094072381848,0.002593129073491828,-0.0023412942819023225,-0.0002518347915895056,0.00048570653366097725,0.0653773980112115,1.2412645850001385,18.98614234826653,-3.957566725972962,1.9232884798013852,0.8872375728239743,0.0002421817188395928,0.03167808726098315,0.01044642587796624,true
13.025,9.704806343061856,0.004541201793586308,0.16528835275646322,0.17781429343901256,-4.2726708206337443e-5,-0.004462035399046232,0.0025791550311953454,-0.0023349052261302005,-0.00024424980506514496,0.0004679332727574617,0.06506750266853804,1.2404164542591902,19.063532537556053,-3.9894499572722295,1.928874662908163,0.8877841026637133,0.00023282965857060443,0.0310739215063526,0.010249385008609018,true
13.075000000000001,9.704806343061856,0.004373578528336638,0.1627947132310569,0.17509265489690784,-4.122227742522332e-5,-0.004451888248301565,0.0025651702639556398,-0.002328433204342767,-0.00023673705961287268,0.0004506610821207565,0.06475765759230272,1.2395701269335138,19.141676413583752,-4.021607370453154,1.9344004352590782,0.8883210526146327,0.0002237700153693295,0.030478683879398095,0.010055185574512336,true
13.125,9.704806343061856,0.0042107426778849,0.16031012844309847,0.17238374752942645,-3.975559103836242e-5,-0.0044416494375068725,0.002551177723425799,-0.0023218810873745347,-0.0002292966360512641,0.0004338821949698396,0.06444789099377367,1.2387256565976117,19.220577081681157,-4.0540402389215515,1.9398649053202415,0.8888484867099206,0.00021499667366498083,0.029892332458505505,0.009863816355095896,true
13.175,9.704806343061856,0.004052617523331521,0.1578353553251644,0.16968829494354393,-3.832639127430136e-5,-0.004431315759116803,0.002537180281185807,-0.002315251690559331,-0.00022192859062647582,0.00041758870605685105,0.06413823090790002,1.2378830951187085,19.300237589905777,-4.086749839696718,1.9452671813201372,0.8893664676544049,0.000206503520961825,0.02931482250702467,0.009675265192858655,true
13.225,9.704806343061856,0.0038991251016546836,0.15537113387660806,0.16700700307319694,-3.693439117681021e-5,-0.004420883983479928,0.002523180722750237,-0.0023085477700800446,-0.0002146329526701925,0.0004017725819374273,0.06382870509615574,1.2370424927302899,19.380660956018584,-4.119737457834586,1.9506063770777426,0.8898750573564469,0.00019828445227977555,0.02874610640321417,0.009489518967968479,true
13.275,9.704806343061856,0.003750186297670311,0.15291818660317702,0.16434055952791873,-3.557927611686872e-5,-0.0044103508617004674,0.0025091817360544787,-0.00230177201659073,-0.00020740971946374854,0.0003864256704464163,0.06351934085229022,1.2362038983935228,19.461850230282277,-4.153004393101567,1.9558816243806478,0.890374318056904,0.0001903333738294183,0.028186133412616825,0.00930656352067487,true
13.325000000000001,9.704806343061856,0.0036057209237170557,0.1504772177721445,0.16168963265117445,-3.426070557214435e-5,-0.004399713128570379,0.0024951858912944727,-0.002294927044571255,-0.00020025884672321762,0.0003715397089087565,0.06321016463593879,1.2353673606877242,19.5438086232312,-4.186551970500899,1.9610920971939316,0.8908643145243538,0.0001826442054869193,0.027634849189061075,0.009126383483809342,true
13.375,9.704806343061856,0.0034656477820994183,0.14804891237733392,0.15905487012490216,-3.2978315189112496e-5,-0.004388967505588151,0.0024811956087056534,-0.002288015375751169,-0.00019318023295448452,0.00035710633057372377,0.06290120143071165,1.2345329295725047,19.626539739982476,-4.220381556939235,1.9662370552074329,0.8913451179707577,0.0001752108815571059,0.02709219485648517,0.008948961976340998,true
13.425,9.704806343061856,0.0033298847064914972,0.14563393470768488,0.15643689695273208,-3.173171905271882e-5,-0.004378110704094279,0.002467213111706883,-0.0022810394153912313,-0.00018617369631565182,0.0003431170688812449,0.06259247370701172,1.2337006594351498,19.710047971741187,-4.254494586863066,1.9713159158320839,0.891816812459725,0.00016802734937046668,0.026558105515757085,0.008774280106254468,true
13.475,9.704806343061856,0.003198348582334114,0.14323292645629754,0.15383631271701692,-3.052051194470858e-5,-0.004367139428569518,0.0024532403655246116,-0.0022740014215952313,-0.00017923894392938037,0.0003295633595636529,0.06228399988669858,1.2328706138087466,19.79433909272804,-4.288892599659479,1.976328363251367,0.8922795044985039,0.00016108756556812865,0.02603250807072118,0.00860231624756264,true
13.525,9.704806343061856,0.0030709553534465665,0.14084650441683289,0.15125368816983054,-2.9344271196541012e-5,-0.0043560503801569955,0.0024392790064124694,-0.00226690347036356,-0.00017237553604890947,0.0003164365413269734,0.06197579228208235,1.2320428719325978,19.87942108630034,-4.32357729043297,1.9812744986273025,0.8927333360636482,0.0001543854905799936,0.02551531840888807,0.008433045103030393,true
13.575000000000001,9.704806343061856,0.0029476200322368995,0.13847525799932403,0.14868956150056317,-2.820255759979605e-5,-0.0043448402604759975,0.0024253302735331005,-0.0022597474225958016,-0.00016558285093729898,0.0003037278569030084,0.06166785463441581,1.2312175368546485,19.965305168367674,-4.358550572883857,1.9861550254178566,0.8931785003812142,0.00014791508279550828,0.025006438220825152,0.00826643664660978,true
13.625,9.704806343061856,0.002828256741829138,0.13611974703534307,0.14614443499046648,-2.7094914819132335e-5,-0.004333505775783199,0.0024113949628986986,-0.0022525349028918017,-0.00015886006000689684,0.0002914284573901993,0.0613601796025407,1.2303947440433918,20.052006888070544,-4.39381464824534,1.9909714478042528,0.8936152583757976,0.0001416702950867279,0.024505752073430438,0.008102455149428697,true
13.675,9.704806343061856,0.002712778825901792,0.13378050056688645,0.14361877311788385,-2.6020866950391103e-5,-0.00432204364149642,0.0023974734276506274,-0.0022452673023526416,-0.00015220612529798574,0.00027952941357157606,0.06105274680604224,1.229574668609363,20.139547079111516,-4.429372068217473,1.99572624104398,0.8940439520760527,0.00013564507727353538,0.024013125680352167,0.00794105860210573,true
13.725,9.704806343061856,0.002601099060755256,0.13145801741843308,0.14111300335442628,-2.497991433384445e-5,-0.004310450587021732,0.0023835656477377686,-0.0022379458168039663,-0.00014561983093380228,0.00026802173776654795,0.0607455222182625,1.228757528523193,20.227952343683697,-4.465225774209588,2.0004229362615824,0.8944650099717433,0.00012983338827796283,0.02352840649338207,0.007782198906276299,true
13.775,9.704806343061856,0.0024931299897050637,0.12915276922091817,0.13862752071032042,-2.39715284014013e-5,-0.004298723360723497,0.0023696713819708727,-0.0022305715265930866,-0.00013909985537778613,0.0002568964182873621,0.06043845971219735,1.2279435810633843,20.31725472341195,-4.501379092586484,2.005066057553963,0.8948789391186539,0.00012422922058119259,0.023051427605669077,0.007625823164403874,true
13.825000000000001,9.704806343061856,0.0023887843716661854,0.1268652061184331,0.13616269643022993,-2.29951470104768e-5,-0.004286858734770866,0.0023557903962385615,-0.002223145514277644,-0.0001326448819609174,0.00024614446566200376,0.0601315052813087,1.2271331105165986,20.40749029607348,-4.537835668787415,2.0096608648814094,0.8952863003798467,0.00011882663697793763,0.0225820153975314,0.007471876211459314,true
13.875,9.704806343061856,0.0022879756989580592,0.1245957646786466,0.133718890155125,-2.2050172092606306e-5,-0.004274853509520846,0.0023419227372188586,-0.00221566900413848,-0.00012625373308037873,0.00023575696598972067,0.05982460386222421,1.2263264070251738,20.49869665412909,-4.5745993338308635,2.014212895673796,0.8956876668016832,0.00011361981590698328,0.022120000396736467,0.007320304214121036,true
13.925,9.704806343061856,0.002190618704961937,0.12234487672308386,0.13129646361639552,-2.1135971242868442e-5,-0.00426270451709788,0.0023280689989032387,-0.0022081434964503544,-0.00011992550245288431,0.00022572513325091236,0.05951770788598643,1.2255237391217915,20.590909540223468,-4.61167391398879,2.0187273556534597,0.8960835701470728,0.00010860309787394635,0.021665229693171233,0.007171058787565248,true
13.975,9.704806343061856,0.0020966297640501322,0.12011297718010508,0.1288957929557642,-2.0251884004104313e-5,-0.0042504086239317455,0.002314230518927826,-0.0022005708645184406,-0.00011365965440938552,0.00021604035051653054,0.05921078592503937,1.2247253251141719,20.68415924532178,-4.64906301420023,2.0232084686840732,0.8964744455526463,0.00010377102312752657,0.02121757833455181,0.007024100776582084,true
14.025,9.704806343061856,0.0020059270951070817,0.11790050893253004,0.12651727652375705,-1.939723227577796e-5,-0.004237962732215547,0.0023004094497255934,-0.002192953386940715,-0.00010745606278487856,0.00020669419091924032,0.05890382939289899,1.2239313100407951,20.778467591248717,-4.686769821326518,2.027658933884805,0.8968605871886888,9.911835109120415e-5,0.020776956852683187,0.0068794027552296355,true
14.075000000000001,9.704806343061856,0.0019184307182542343,0.11570792313667158,0.12416133574974228,-1.8571332980342168e-5,-0.0042253637804995255,0.00228660867620233,-0.002185293701448545,-0.00010131497475378498,0.00019767841319427829,0.058596855428052326,1.2231417545769343,20.87384631209023,-4.724796977595561,2.0320796363283615,0.8972421271054967,9.464005553115647e-5,0.0203433126716359,0.006736949498269136,true
14.125,9.704806343061856,0.001834062173220131,0.1135356745488602,0.12182840828589794,-1.7773510362066645e-5,-0.004212608743869555,0.0022728315901583973,-0.002177594686425547,-9.523690373285012e-5,0.0001889849326598192,0.05828990489147337,1.222356639833476,20.97029738012631,-4.763146563430705,2.0364697087049812,0.8976190447583815,9.033129528668818e-5,0.019916624551351757,0.006596736142324788,true
14.175,9.704806343061856,0.0017527440700073134,0.11138421271432425,0.1195189346561672,-1.7003105358740832e-5,-0.0041996946342888405,0.0022590817705444824,-0.0021698592958977955,-8.922247464668688e-5,0.0001806057749169186,0.05798303563423985,1.2215758880407068,21.067815347690214,-4.801820203336846,2.0408269556787895,0.8979912070993048,8.618736684090218e-5,0.019496891029025586,0.0064587643546876695,true
14.225,9.704806343061856,0.0016743995881594266,0.10925397104002459,0.11723334146212033,-1.625948031186107e-5,-0.004186618501650059,0.0022453626460655286,-0.00216209038741452,-8.327225865100872e-5,0.00017253302425313056,0.05767631249713006,1.2207993947374174,21.16639122513534,-4.840819275269643,2.045148553504764,0.8983584307285388,8.22036499904977e-5,0.019084115487743004,0.006323037381092938,true
14.275,9.704806343061856,0.0015989520588415855,0.10714535649957645,0.11497202533311737,-1.5542018550676604e-5,-0.004173377435877861,0.002231677224256597,-0.0021542905855891064,-7.738663866749046e-5,0.00016475878057934724,0.057369796520089444,1.2200270645550824,21.266016938509793,-4.8801451709329005,2.0494318525122033,0.8987205507942349,7.837555998742767e-5,0.01867829152477349,0.0061895551904516495,true
14.325000000000001,9.704806343061856,0.0015263247358487234,0.1050587425090485,0.11273534162037122,-1.4850119661906077e-5,-0.004159968570090381,0.0022180279550073757,-0.0021464622152619784,-7.156573974539731e-5,0.00015727513583410358,0.05706353622164564,1.2192588408609235,21.36668916074689,-4.919799537985595,2.0536750650592346,0.8990774781870036,7.469851753804199e-5,0.01827939234383827,0.006058310952729267,true
14.375,9.704806343061856,0.0014564408386661936,0.10299446739328462,0.11052360136421058,-1.4183192425631062e-5,-0.00414638908444048,0.002204416757552786,-0.0021386073179714676,-6.58094395813184e-5,0.0001500741784206163,0.05675756347589505,1.2184947210281065,21.46841136944861,-4.959784418713619,2.0578776375443044,0.899429228658008,7.116794444147392e-5,0.01788736700062651,0.00592928978945043,true
14.425,9.704806343061856,0.001389223748595642,0.10095283625232922,0.10833707447696117,-1.3540647396744443e-5,-0.0041326362100782,0.002190845186704453,-0.002130727738207037,-6.011744849741601e-5,0.00014314801341593216,0.05645189480308426,1.217734751208441,21.571193588030102,-5.000102295523609,2.062040194947469,0.899775915595699,6.777927928104496e-5,0.017502143806039126,0.0058024699009164805,true
14.475,9.704806343061856,0.001324597660248326,0.09893413487931836,0.10617600769413593,-1.292189297201858e-5,-0.004118707232335201,0.002177314660969545,-0.00212282523939745,-5.4489421572094954e-5,0.00013648882970192445,0.05614653854589183,1.2169790094095971,21.67504962776805,-5.04075581362996,2.06616409353121,0.9001177106600422,6.452802306745761e-5,0.017123640700432412,0.0056778260031479615,true
14.525,9.704806343061856,0.0012624869419619977,0.09693860950696861,0.10404060681860641,-1.2326329691352058e-5,-0.004104599493793796,0.0021638266593524916,-0.0021149016019877858,-4.892505736470588e-5,0.00013008883406154443,0.05584149932134183,1.2162275600269457,21.779994713754412,-5.081748223486552,2.0702508054144335,0.9004547917560228,6.140972576622954e-5,0.016751771381890858,0.005555331377244679,true
14.575000000000001,9.704806343061856,0.0012028204664363516,0.09496658909552899,0.10193116921183286,-1.1753368270458005e-5,-0.004090310393286736,0.0021503827645736585,-0.0021069586436722383,-4.342412090142019e-5,0.0001239406974149742,0.05553680036256351,1.215480498569278,21.886037557695065,-5.123080544310798,2.074301341743179,0.9007872956722475,5.8420199066784405e-5,0.016386472241254033,0.005434966747956184,true
14.625,9.704806343061856,0.001145515247935221,0.09301799455510884,0.09984756289976175,-1.1202368394157985e-5,-0.004075837397665229,0.002136984732956735,-0.002098998249941547,-3.798648301518801e-5,0.0001180358687686922,0.055232416031366416,1.2147376773944394,21.993201903472617,-5.1647627082538,2.078316463576321,0.9011153362625172,5.555475110197805e-5,0.016027621457770036,0.005316693674852392,true
14.675,9.704806343061856,0.0010905418512226757,0.09109438626238449,0.09779140039040221,-1.0672896535886109e-5,-0.004061178002162278,0.0021236336608127853,-0.0020910219631089257,-3.261169770385963e-5,0.00011237131506517119,0.05492856181406972,1.2139997885690947,22.101430448487253,-5.206766789179751,2.082295285525909,0.9014388917089358,5.281123461410862e-5,0.015675377797132913,0.005200566053469257,true
14.725,9.704806343061856,0.0010376619696540286,0.08919038338754394,0.09575691444690215,-1.0163720350671329e-5,-0.004046329899219079,0.002110333152719516,-0.0020830325450457016,-2.7300607673814547e-5,0.00010692248077632915,0.05462442842861235,1.2132641535568878,22.211017825888653,-5.249223739115952,2.0862443052694535,0.901758536847485,5.017776507265034e-5,0.015328724822484562,0.0050862506191235715,true
14.775,9.704806343061856,0.0009874780779324608,0.08732948532053159,0.09376905472289,-9.676709149211445e-6,-0.004031290316322417,0.002097073427493124,-0.0020750260960306654,-2.2047331462458474e-5,0.00010175144593569628,0.05432357027196336,1.2125414389469842,22.32072437206474,-5.291599201118312,2.090136078696791,0.9020721075049702,4.768178032937917e-5,0.014991561852473773,0.004975034230463143,true
14.825000000000001,9.704806343061856,0.0009372442061989414,0.08541448250983774,0.09172429746367253,-9.200117612461628e-6,-0.004016058697068706,0.002083907237260873,-0.0020670298946875625,-1.6877342573310642e-5,9.657526106834625e-5,0.05401078562694983,1.2117900357176694,22.43607497375526,-5.336155749945657,2.0941139565507307,0.9023911462610399,4.51935320886786e-5,0.014647024684326566,0.004861356375611739,true
14.875,9.704806343061856,0.0008976959724148316,0.08385211681502736,0.09005584675789956,-8.762412336609084e-6,-0.004000625966272934,0.0020705899491689733,-0.0020589223160796424,-1.1667633089330887e-5,9.250014278302534e-5,0.05375132421842745,1.2111690524042018,22.532822586517398,-5.373466640972147,2.097493273622631,0.9026610177568513,4.3211513805118694e-5,0.014365809652580639,0.004768548454423915,true
14.925,9.704806343061856,0.0008248855195735514,0.08094588566234426,0.08695599739688767,-8.308996794049415e-6,-0.0039850185722782976,0.0020573015222456925,-0.0020507962365735764,-6.505285672116137e-6,8.499762802204469e-5,0.05326520604239211,1.210042647922962,22.717318449119052,-5.44365400269493,2.1036049359346105,0.9031464033965381,3.971407772419457e-5,0.013850011891194135,0.004598257895366089,true
14.975,9.704806343061856,0.0007839615718442829,0.07918886210726243,0.08508220310008353,-7.843024051047899e-6,-0.003969209764348853,0.0020446077422161123,-0.0020429337379372116,-1.6740042789007044e-6,8.078075379677734e-5,0.052967137537443504,1.2093337117684664,22.831773963876465,-5.487672201014373,2.1071750225644776,0.9034283452321719,3.767174677628585e-5,0.013540740445700972,0.004496126553222437,true
