r,tau,Dtau,Sr,E,nur,Pi,piR,piEta,piPhi,D,T,mu,alpha,phi,ur,v,n,e,P,ok
0.024999999999999994,6.904803543059197,0.1552033676886473,0.0,0.8875981246570304,-3.862282471431425e-6,-0.006954727398508432,0.0006049408772464543,-0.006411440727111157,0.005806499849864703,0.022477593565230373,0.14918152028320666,1.386314212519318,9.292801212157745,-0.762063473175904,0.0,0.0,0.022477593565230398,0.8875981246570388,0.28611829672313244,true
0.07499999999999998,6.904803543059197,0.15441008984796706,0.011917938805056589,0.881529745383081,-1.1597383450936782e-5,-0.006963157665013271,-0.0002878720550838938,-0.004876131921353525,0.005164003976437419,0.02236270574318978,0.1489180192599684,1.3861841982318848,9.308371177110558,-0.764284955801254,0.01028898635913664,0.010288441789655992,0.02236164145560726,0.8814071283634423,0.28410260667073767,true
0.125,6.904803543059197,0.15473824182102647,0.01887368329989105,0.8840372570505508,-1.9288807951485706e-5,-0.006962433727304377,0.0015508304935092617,-0.005089159365831874,0.003538328872322612,0.022410230914762443,0.14901690910685533,1.3862494510085444,9.30263189135475,-0.7633398764826662,0.016223832436510852,0.016221697698233582,0.02240759502377142,0.8837310938656165,0.28485819670180396,true
0.175,6.904803543059197,0.15464091461242233,0.026737645043816063,0.8834758463086441,-2.7071812390369537e-5,-0.006962487181052423,0.0019972919798140723,-0.005048864740520427,0.003051572760706355,0.022396135335069667,0.1489798814516475,1.3862280548342383,9.304800361813609,-0.7636732158542309,0.022994616914444644,0.02298854009466704,0.022390838853839048,0.8828611868835273,0.28457517051097164,true
0.22499999999999998,6.904803543059197,0.15459042991978544,0.034273211599330305,0.8834315103508597,-3.478095631944998e-5,-0.006961843982335389,0.002308155008652853,-0.0050815624334576235,0.0027734074248047707,0.022388823802985947,0.148961336086552,1.3862018884274376,9.30578313034198,-0.763943950572795,0.029477110528045428,0.029464312536240177,0.022380127664156948,0.8824216737326865,0.2844331497653146,true
0.275,6.904803543059197,0.15450424117868355,0.041910676998079245,0.88331107218772,-4.252386025944345e-5,-0.006961047738183939,0.002435386623217384,-0.005089450735835027,0.0026540641126176433,0.022376341370927682,0.14893525300947055,1.3861535717620583,9.30708844113566,-0.7644021542079252,0.036059538875479656,0.03603611777857306,0.02236333907213332,0.8818007740952503,0.28423323748414436,true
0.325,6.904803543059197,0.15441614767307674,0.04949970597598857,0.883345320158772,-5.023882510637238e-5,-0.006959965198018343,0.0025214115477425227,-0.005106640862583908,0.0025852293148413853,0.02236358307808742,0.14891182505925138,1.3860914251491796,9.308135365325485,-0.7649397541497908,0.04260215346659651,0.042563545761423495,0.022345452746189907,0.8812384371582991,0.2840533462000598,true
0.375,6.904803543059197,0.1543164994220326,0.05709706421502345,0.8834284743249015,-5.797009775222191e-5,-0.006958678500986547,0.002570997377677887,-0.00512090847743237,0.002549911099754483,0.022349151349447684,0.14888632818690686,1.3860173978121524,9.309232181964976,-0.7655679576217214,0.04915821974662791,0.04909893100944012,0.02232503932584696,0.8806250695081868,0.2838575233429261,true
0.42500000000000004,6.904803543059197,0.1542107284063416,0.06468313041411555,0.8835747354816986,-6.569784427210529e-5,-0.006957178120946098,0.0026086141852894136,-0.00513699498611031,0.002528380800820897,0.022333832880930597,0.14885941125293292,1.385935255521209,9.31036367708261,-0.7662581997249679,0.05570961280164262,0.0556233644179858,0.022302904815102234,0.8799768421470016,0.283650815326538,true
0.475,6.904803543059197,0.15409693789193643,0.0722643435727085,0.8837609635739878,-7.34361806079703e-5,-0.006955477433127737,0.002638871209767418,-0.00515372596938789,0.002514854759620472,0.022317352974776057,0.14883005357732787,1.3858456193656563,9.311597933717133,-0.7670116209091621,0.062263445069348305,0.06214310536261888,0.022278773830989248,0.8792702328574151,0.28342549202387335,true
0.525,6.904803543059197,0.15397330636654358,0.07983729476384122,0.8839832275292427,-8.117208028649262e-5,-0.00695357576596245,0.002666964056706199,-0.005171893195907506,0.0025049291392013067,0.02229944782734907,0.1487981272054516,1.3857470644000107,9.312933505451003,-0.7678385322836464,0.068817343184358,0.06865496619282706,0.022252391196782708,0.8785020007563383,0.2831805828896692,true
0.5750000000000001,6.904803543059197,0.15383628589358747,0.0874019062913832,0.884234717558564,-8.88916745081456e-5,-0.0069514738332200655,0.002694632576727555,-0.005191454994692443,0.002496822417964888,0.02227960360265801,0.14876337983096022,1.3856367682624642,9.314367351944831,-0.7687592999532998,0.0753722763042762,0.07515909000734922,0.022223249101881,0.877665669816836,0.2829141475743605,true
0.625,6.904803543059197,0.1536836419539383,0.09495687870692995,0.8845125311119624,-9.655666555945091e-5,-0.006949170618578346,0.0027231613665098763,-0.005212568766015103,0.0024894073995052265,0.022257496682642507,0.14872572574434642,1.3855127609228026,9.315891746290374,-0.7697877317741005,0.081927974999473,0.08165439328790584,0.02219103027395957,0.8767588847926815,0.28262553814510816,true
0.675,6.904803543059197,0.1535161191675572,0.10250138378961918,0.8848145585846463,-0.00010412877776604469,-0.006946666430173675,0.0027531440606014734,-0.005235274568511493,0.0024821305079100195,0.022233234908163854,0.14868507940340384,1.38537593891063,9.317518236997454,-0.7709183836690071,0.08848461103959397,0.08814023564881342,0.022155847060437838,0.8757800624631592,0.28231417759562205,true
0.725,6.904803543059197,0.1533365310947969,0.11003441826111693,0.8851398961958562,-0.0001116603987360537,-0.006943962504504599,0.002784960376872884,-0.0052596237194685765,0.0024746633425956925,0.022207225757919336,0.1486413877013138,1.3852291791377755,9.31926969035914,-0.7721323289368754,0.09504214025311837,0.09461576842697167,0.022118118595037213,0.8747289051587411,0.2819797845843349,true
0.775,6.904803543059197,0.153146108407757,0.11755501055540626,0.8854877264163837,-0.00011924074460252058,-0.006941060422419449,0.0028187625130063378,-0.005285616788696189,0.0024668542756898513,0.022179647466103732,0.1485946198430046,1.385073812069268,9.321157209679912,-0.7734209223197682,0.10160055797521164,0.10108018854252412,0.022078040706253136,0.8736052437854069,0.28162221774070856,true
0.8250000000000001,6.904803543059197,0.15294421368079802,0.12506220975759907,0.885857175314037,-0.0001268218440773993,-0.006937961445725577,0.0028545934011688957,-0.005313231543802936,0.00245863814263404,0.022150407716456995,0.14854476553376691,1.384909226194136,9.323177570193957,-0.7747884847527781,0.10815989358749879,0.10753273326796763,0.022035527988219297,0.872408894070374,0.28124145289197455,true
0.8750000000000001,6.904803543059197,0.1527304150949348,0.13255508836494184,0.8862474357247565,-0.00013439536396351264,-0.006934666605520664,0.0028924609176910407,-0.005342444763649959,0.0024499838459589186,0.02211944397005495,0.14849181597077782,1.3847350260406057,9.325328921245816,-0.7762378903230441,0.11472020402384735,0.11397267397196183,0.02199052871661729,0.8711397778553377,0.2808374866536503,true
0.9249999999999999,6.904803543059197,0.15250455089652384,0.1400326971961609,0.8866578014438641,-0.00014196181895484008,-0.006931176813738256,0.0029323594137823303,-0.005373235555419051,0.0024408761416367204,0.02208673280064912,0.14843576527313687,1.3845510765006643,9.327610996938304,-0.7777702583127316,0.12128152532094646,0.12039926883387231,0.02194303171346115,0.8697979670887995,0.2804103481232883,true
0.975,6.904803543059197,0.1522665519431038,0.14749408606235548,0.8870875826534699,-0.000149521879123273,-0.006927492933277936,0.0029742670260640086,-0.005405579850428718,0.002431312824364709,0.022052264194564117,0.14837660854560497,1.3843573300819023,9.330024076243843,-0.7793861246164944,0.12784389852732003,0.12681178875805135,0.02189303984478688,0.8683835937688812,0.27996008034589326,true
1.025,6.904803543059197,0.15201636931828438,0.1549382965512064,0.8875360902543028,-0.00015707529987147242,-0.0069236157839133484,0.003018153583502655,-0.005439451919850365,0.0024212983363477098,0.022016031067399928,0.14831434206096167,1.3841537554441388,9.332568490747914,-0.7810859216045669,0.1344073634389091,0.1332095116084733,0.021840559450258867,0.8668968354415207,0.27948674006915425,true
1.0750000000000002,6.904803543059197,0.15175395991545498,0.1623643629046441,0.8880026196221404,-0.00016462149260243215,-0.006919546149075608,0.003063983315753709,-0.005474824400107714,0.002410841084354005,0.021978027176167834,0.1482489626639556,1.3839403251070237,9.335244579377465,-0.7828700640290847,0.1409719609655899,0.13959172490094415,0.021785598299556588,0.8653378981421725,0.27899039293896744,true
1.125,6.904803543059197,0.15147928600809935,0.16977130994035855,0.8884864461471216,-0.0001721597673231044,-0.006915284779251855,0.0031117172194269306,-0.005511668742659757,0.002399951523232827,0.0219382470570605,0.14818046758363448,1.3837170156294754,9.338052701503942,-0.784738948842184,0.1475377316171856,0.14595772469057122,0.021728165545929275,0.8637070120309167,0.2784711120627429,true
1.1750000000000003,6.904803543059197,0.1511923150163091,0.17715815248311964,0.8889868211875107,-0.000179689398298847,-0.0069108323963683015,0.0031613139909707757,-0.005549955285082996,0.00238864129411222,0.02189668599163689,0.14810885424548442,1.3834838078377432,9.340993250441832,-0.7866929546908518,0.15410471556832916,0.15230681599535434,0.021668271685888175,0.8620044270556929,0.27792897657941895,true
1.225,6.904803543059197,0.15089301862484755,0.18452389457280838,0.8895029701997021,-0.00018720961613771857,-0.006906189697321884,0.003212730630610296,-0.005589653340722757,0.002376922710112461,0.021853339879094356,0.14803412019260367,1.3832406860988051,9.34406665368162,-0.788732447285005,0.16067295230373724,0.1586383128033177,0.021605928417688623,0.8602304108933922,0.2773640710336507,true
1.275,6.904803543059197,0.15058137187544113,0.1918675289605305,0.8900340914612042,-0.00019471960104189436,-0.006901357357209665,0.003265922732923652,-0.005630731234586701,0.0023648085016630487,0.02180820510480817,0.14795626303003925,1.382987637501313,9.347273371053769,-0.7908577852830074,0.1672424805114837,0.16495153831207954,0.02154114849538501,0.8583852474078015,0.2767764849244115,true
1.3250000000000002,6.904803543059197,0.15025735253437833,0.19918803663721701,0.8905793554754432,-0.00020221847901364832,-0.006896336032163901,0.003320844667933937,-0.00567315634153184,0.0023523116735979024,0.02176127844874299,0.14787528039640352,1.3827246512361817,9.35061389252866,-0.7930693247001313,0.17381333793028947,0.17124582511472822,0.021473945622742196,0.8564692357894959,0.27616631246384543,true
1.375,6.904803543059197,0.1499209406944636,0.20648438645369632,0.8911379047014361,-0.00020970532098582795,-0.006891126361950533,0.003377449683606846,-0.005716895117013468,0.002339445433406622,0.021712557027805113,0.14779116994614916,1.382451718177787,9.354088736705396,-0.7953674219173197,0.1803855612435251,0.1775205154212955,0.021404334380815716,0.8544826899929852,0.2755336524206758,true
1.4250000000000003,6.904803543059197,0.14957211853192562,0.2137555347904695,0.8917088535312965,-0.00021717914218347535,-0.006885728972349146,0.003435689974415995,-0.005761913128325918,0.002326223153909923,0.02166203826063633,0.14770392934050794,1.3821688305923954,9.357698449619608,-0.7977524357931168,0.1869591859780625,0.1837749612749915,0.021332330177473595,0.8524259384043864,0.274878608030997,true
1.475,6.904803543059197,0.14921087015850545,0.2210004252796013,0.8922912884150311,-0.0002246389014815737,-0.006880144477346311,0.003495516730596503,-0.005808175085580814,0.0023126583549843106,0.02160971984619233,0.14761355624314493,1.381875981925154,9.361443603790471,-0.8002247292265988,0.19353424641876266,0.19000852477322142,0.021257949210166265,0.8502993236353151,0.27420128694541995,true
1.525,6.904803543059197,0.1488371815369093,0.22821798856904024,0.8928842680919856,-0.00023208350060492072,-0.006874373481150605,0.003556880179906097,-0.005855644873780793,0.0022987646938746956,0.021555599751497997,0.14752004831908813,1.381573166638336,9.365324797413107,-0.8027846703622614,0.20011077553106466,0.19622057828582765,0.021181208437343894,0.8481032024020918,0.2735018012009198,true
1.5750000000000002,6.904803543059197,0.14845104044153604,0.23540714212742642,0.8934868238970546,-0.00023951178324816872,-0.0068684165800372895,0.00361972962697988,-0.0059042855860139375,0.0022845559590340576,0.0214996762059597,0.14742340323575698,1.381260380086413,9.369342653673007,-0.8054326335398776,0.20668880489155417,0.20241050467015526,0.021102125555927807,0.8458379454589929,0.27278026720807896,true
1.625,6.904803543059197,0.1480524364531815,0.24256679008651894,0.8940979601247325,-0.0002469225341209109,-0.0068622743640282535,0.003684013493353496,-0.005954059557933582,0.0022700460645800865,0.021441947700598353,0.14732361866539778,1.380937618418686,9.373497820163372,-0.8081690000551048,0.21326836462446633,0.20857769748073893,0.021020718983188216,0.8435039375668534,0.27203680574819955,true
1.6750000000000003,6.904803543059197,0.14764136097981628,0.24969582311973465,0.8947166544384715,-0.00025431447792782314,-0.006855947418413029,0.003749679359446201,-0.006004928403451034,0.0022552490440048336,0.02138241299105858,0.14722069228846116,1.3806048785032783,9.37779096839288,-0.8109941587747829,0.219849483343403,0.21472156117270438,0.020937007841921332,0.841101577484412,0.2712715419765642,true
1.725,6.904803543059197,0.1472178072977981,0.2567931183558976,0.895341858318819,-0.0002616862782918828,-0.0068494363251163926,0.003816674009046755,-0.006056853051558031,0.0022401790425112763,0.021321071103577373,0.1471146217977077,1.3802621578675511,9.38222279336382,-0.8139085066411433,0.2264321880968327,0.22084151129734114,0.02085101194810025,0.8386312779759165,0.27048460543003483,true
1.775,6.904803543059197,0.14678177060926184,0.263857539327227,0.895972497544228,-0.00026903653662790786,-0.006842741663919573,0.0038849434762965036,-0.0061097937841221505,0.002224850307825647,0.021257921343295696,0.1470054049027415,1.3799094546516968,9.386794013217694,-0.8169124490882148,0.23301650431720258,0.22693697468952292,0.020762751800395742,0.8360934658270307,0.26967613003659957,true
1.8250000000000002,6.904803543059197,0.14633324811242432,0.2708879359513929,0.896607472702287,-0.00027636379098052816,-0.006835864013541963,0.003954433094962698,-0.006163710274505194,0.0022092771795424963,0.021192963304440503,0.14689303933497824,1.3795467675725466,9.391505368927636,-0.8200064003902127,0.23960245577253436,0.2330073896457834,0.020672248571118445,0.8334885818681477,0.2688462541267634,true
1.875,6.904803543059197,0.14587223908226693,0.2778831445473593,0.8972456597286675,-0.0002836665148575109,-0.006828803952591221,0.004025087549733228,-0.006218561626875842,0.0021934740771426143,0.02112619688200973,0.14677752285280884,1.3791740958957575,9.396357624040421,-0.823190783955449,0.24619006452086575,0.23905220609327188,0.02057952409821342,0.8308170809989978,0.26799512044490165,true
1.9250000000000003,6.904803543059197,0.14539874495972055,0.28484198788506604,0.8978859104728363,-0.00029094311608175044,-0.006821562060389542,0.004096850929263305,-0.006274306416114975,0.00217745548685167,0.02105762228468866,0.14665885324706715,1.3787914394144436,9.401351564447857,-0.8264660325780933,0.25277935086634296,0.2450708857483918,0.020484600878050995,0.8280794322162427,0.26712287616125474,true
1.975,6.904803543059197,0.1449127694475511,0.2917632752693001,0.8985270532895431,-0.00029819193569635813,-0.00681413891768467,0.004169666780733553,-0.006330902728233901,0.002161235947500348,0.02098724004873671,0.14653702834672333,1.3783987984333315,9.40648799818625,-0.8298325886542903,0.2593703333173275,0.25106290226539735,0.020387502058838082,0.8252761186418139,0.2662296728838899,true
2.0250000000000004,6.904803543059197,0.14441431861165666,0.29864580265769103,0.8991678936553889,-0.00030541124694910223,-0.006806535107253847,0.004243478165732935,-0.006388308201256276,0.0021448300355233407,0.02091505105265796,0.14641204602457622,1.3779961737570983,9.411767755269212,-0.8332909043728725,0.26596302854693205,0.2570277413752681,0.02028825143436699,0.8224076375463792,0.2653156666688806,true
2.075,6.904803543059197,0.14390340098677692,0.3054883528128848,0.8998072148101501,-0.00031259925438639264,-0.006798751214409947,0.004318227717165948,-0.006446480066452525,0.002128252349286577,0.020841056532510702,0.14628390420330506,1.377583566682166,9.417191687525671,-0.8368414418834476,0.27255745135403575,0.2629649010130627,0.02018687343811184,0.8194745003755587,0.26438101803124214,true
2.125,6.904803543059197,0.14338002768560942,0.3122896954888065,0.9004437784218762,-0.0003197540930714476,-0.006790787827418536,0.004393857696849458,-0.006505375189791628,0.00211151749294217,0.020765258097710397,0.14615260086147835,1.377160978991408,9.422760668465042,-0.8404846734477015,0.2791536146262195,0.2688738914350625,0.02008339313744473,0.8164772327695835,0.2634258919536159,true
2.1750000000000003,6.904803543059197,0.1428442125106199,0.31904858765087096,0.9010763252756709,-0.00032687382794897147,-0.006782645537834911,0.004470310053406612,-0.00656495011343851,0.002094640060031898,0.020687657747222782,0.1460181340396685,1.376728412951366,9.428475593157165,-0.8442210815756971,0.28575152930400494,0.2747542353251561,0.01997783622795637,0.8134163745794175,0.26245045789371835,true
2.225,6.904803543059197,0.14229597206812947,0.3257637737299072,0.9017035759855951,-0.0003339564533593221,-0.006774324940769627,0.004547526480147142,-0.006625161097156981,0.002077634617009839,0.020608257886086754,0.14588050184671658,1.3762858713115578,9.434337378121205,-0.8480511591496608,0.292351204345287,0.28060546788951357,0.01987022902782781,0.8102924798800015,0.26145488979079684,true
2.2750000000000004,6.904803543059197,0.1417353258838436,0.33243398591032314,0.9023242317301213,-0.00034099989272586473,-0.006765826635090252,0.004625448472684025,-0.006685964159504074,0.0020605156868200494,0.02052706134214606,0.14573970246598586,1.3758333573056734,9.44034696123233,-0.8519754095374653,0.2989526466910744,0.2864271369406161,0.019760598472160003,0.8071061169768252,0.2604393660698679,true
2.325,6.904803543059197,0.14116229651986384,0.3390579444524955,0.9029369750109772,-0.0003480019984308333,-0.006757151223566772,0.004704017386124998,-0.006747315118739527,0.0020432977326145293,0.0204440713829957,0.14559573416179494,1.3753708746543374,9.446505301631575,-0.8559943466967724,0.3055558612322057,0.2922188029704119,0.01964897210727357,0.803857868409748,0.2594040696450391,true
2.3750000000000004,6.904803543059197,0.14057690969227027,0.3456343580497509,0.9035404704354155,-0.0003549605518860349,-0.006748299312966888,0.004783174491864572,-0.006809169633467961,0.002025995141603389,0.020359291733011015,0.1454485952857668,1.3748984275697385,9.452813379657865,-0.8601084952692123,0.3121608507772741,0.2979800392128934,0.019535378084919383,0.800548330948178,0.2583491879199775,true
2.4250000000000003,6.904803543059197,0.1399791943893695,0.3521619242202376,0.9041333655223871,-0.00036187326382190505,-0.006739271514107437,0.004862861033992594,-0.006871483243024525,0.0020086222090319314,0.020272726590473165,0.14529828428345443,1.374416020760931,9.459272196770462,-0.8643183906705606,0.31876761602094533,0.3037104316954842,0.019419845156352967,0.7971781155850162,0.2572749127880148,true
2.475,6.904803543059197,0.13936918298987705,0.3586393297336288,0.9047142915319548,-0.00036873777479280007,-0.006730068441867293,0.004943018285363224,-0.00693421140762902,0.001991193122265796,0.020184380644685085,0.14514479969384134,1.3739236594498199,9.465882776013208,-0.8686245791521093,0.32537615562381356,0.30940957937494973,0.01930240266510264,0.7937478473717596,0.2561814405798073,true
2.5250000000000004,6.904803543059197,0.13874691138121575,0.3650652510725906,0.9052818643182085,-0.00037555165591353183,-0.006720690715167857,0.005023587603224194,-0.006997309548260956,0.001973721945036762,0.020094259093104257,0.14498814018223388,1.3734213493478509,9.472646160034978,-0.8730276179351906,0.3319864657725604,0.3150770938144478,0.019183080545428055,0.7902581659576144,0.25506897224343267,true
2.575,6.904803543059197,0.13811241907729604,0.37143835492857763,0.9058346852045109,-0.00038231240981396303,-0.0067111389569258495,0.005104510484324821,-0.007060733086213858,0.0019562226018890365,0.02000236765840044,0.14482830450949696,1.3729090967109965,9.479563413800577,-0.8775280751882977,0.338598540737116,0.3207125997091375,0.019061909309387465,0.786709724763682,0.25393771307396823,true
2.6250000000000004,6.904803543059197,0.13746574933569478,0.3777572987319092,0.9063713418815288,-0.00038901747181538035,-0.0067014137939839825,0.005185728619360196,-0.007124437482256473,0.0019387088628962778,0.019908712605426294,0.1446652915624465,1.3723869083223874,9.486635622823046,-0.8821265301395869,0.345212372472824,0.32631573457639507,0.018938920044546573,0.783103191454231,0.2527878728712589,true
2.6750000000000003,6.904803543059197,0.13680694927416645,0.3840207312152776,0.9068904093270709,-0.00039566421132709937,-0.00669151585702369,0.005267183946536576,-0.007188378275288317,0.0019211943287517413,0.019813300758091325,0.14449910035481103,1.3718547915120654,9.493863893571225,-0.8868235731106966,0.3518279506833954,0.3318861488333782,0.018814144406333704,0.7794392477718545,0.25161966588773654,true
2.725,6.904803543059197,0.13613606998600097,0.3902272930106788,0.9073904507478265,-0.0004022499334511986,-0.006681445780464347,0.005348818704113823,-0.00725251112041062,0.0019036924162967976,0.019716139516068754,0.14432973003387917,1.3713127541712173,9.50124935347224,-0.8916198055561756,0.35844526279598504,0.33742350578795083,0.01868761461120301,0.7757185894860211,0.250433310813719,true
2.7750000000000004,6.904803543059197,0.13545316665417262,0.39637561727930226,0.9078700185422723,-0.00040877188080830915,-0.006671204202352409,0.005430575481768139,-0.007316791826326441,0.0018862163445583016,0.019617236871327354,0.14415717988712856,1.3707608047680302,9.508793150929433,-0.8965158400931597,0.36506429393720696,0.34292748161997766,0.018559363429619887,0.771941926333117,0.24922903075993857,true
2.825,6.904803543059197,0.1347582986638644,0.4024643303740809,0.9083276552850827,-0.00041522723558209653,-0.0066607917642435635,0.005512397270727776,-0.007381176392036417,0.0018687791213086412,0.01951660142442797,0.143981449348867,1.3701989523649099,9.516496455351817,-0.9015123005227031,0.37168502690984945,0.34839776535299416,0.01842942417883506,0.7681099819484638,0.2480070532374764,true
2.8750000000000004,6.904803543059197,0.13405152971330817,0.40849205253444265,0.9087618947321174,-0.00042161312178492155,-0.006650209111080541,0.005594227512611504,-0.007445621042786503,0.0018513935301749992,0.019414242400576133,0.14380253800685064,1.3696272066373563,9.524360457199359,-0.9066098218407861,0.37830744217050366,0.35383405881664937,0.018297830715462256,0.7642234937895115,0.24676761013482842,true
2.9250000000000003,6.904803543059197,0.13333292792227114,0.41445739861337466,0.9091712628463673,-0.0004279266077585131,-0.006639456891068648,0.005676010146972761,-0.007510082265259843,0.0018340721182870823,0.019310169665333814,0.14362044560890422,1.3690455778940036,9.532386368038988,-0.91180905024206,0.38493151780834767,0.3592360766003414,0.01816461742779381,0.7602832130505153,0.2455109376922376,true
2.975,6.904803543059197,0.1326025659383756,0.4203589788353561,0.9095542788433459,-0.00043416470890964324,-0.006628535755551286,0.005757689657554847,-0.007574516842006947,0.0018168271844520995,0.019204393740017343,0.14343517206950582,1.3684540770984235,9.54057542061788,-0.9171106431122207,0.39155722952455074,0.3646035459978361,0.01802981922790773,0.7562899045679454,0.2442372764730156,true
3.0250000000000004,6.904803543059197,0.13186052104048468,0.4261953995858122,0.9099094562565065,-0.00044032439068650037,-0.006617446358886897,0.00583921111727193,-0.007638881885114473,0.0017996707678425428,0.019096925816670437,0.14324671747635712,1.3678527158920633,9.548928868948272,-0.9225152690130416,0.39818455061311214,0.3699362069437715,0.017893471543482205,0.7522443467168453,0.2429468713319648,true
3.075,6.904803543059197,0.1311068752392271,0.4319652642305639,0.9102353040215819,-0.00044640257179397446,-0.0066061893583289465,0.005920520231989514,-0.007703134869142056,0.0017826146371525417,0.018987777772622876,0.1430550820969308,1.3672415066187298,9.557447988407143,-0.9280236076570572,0.4048134519423359,0.37523381194163874,0.017755610309356476,0.7481473312979703,0.24163997138082746,true
3.1250000000000004,6.904803543059197,0.13034171537408168,0.4376671739647271,0.9105303275790821,-0.00045239612765849666,-0.0065947654139107935,0.006001563382951278,-0.007767233663244659,0.001765670280293381,0.01887696218455092,0.14286026638497992,1.366620462350327,9.566134075849737,-0.9336363498738107,0.4114439019372163,0.3804961259837192,0.01761627195878591,0.7439996634152612,0.24031682995063589,true
3.1750000000000003,6.904803543059197,0.1295651332070616,0.44329972869049405,0.9107930299940034,-0.0004583018941394007,-0.006583175188336555,0.006082287667896263,-0.007831136562494626,0.0017488488945983632,0.018764492342045306,0.1426622709869771,1.3659895969142335,9.574988449741753,-0.9393541975649583,0.4180758665630909,0.38572292646351714,0.017475493414418897,0.7398021613430226,0.23897770455074296,true
3.225,6.904803543059197,0.12877722551234233,0.44886152792279793,0.9110219130928472,-0.00046411667147507887,-0.006571419346879148,0.006162640940910051,-0.007894802318419387,0.0017321613775093366,0.018650382260591753,0.14246109674853902,1.3653489249217439,9.584012450302478,-0.945177863651657,0.4247093093098092,0.3909140030803495,0.01733331207893157,0.7355556563837841,0.2376228568248859,true
3.2750000000000004,6.904803543059197,0.12797809416196199,0.4543511717215588,0.9112154786158009,-0.00046983722846869315,-0.006559498557286749,0.006242571850892471,-0.00795819016869003,0.0017156183177975586,0.018534646693982672,0.1422567447207612,1.3646984617981934,9.593207439668252,-0.9511080720101732,0.43134419117672207,0.39606915773661344,0.01718976582536312,0.7312609927153998,0.23625255250378516,true
3.325,6.904803543059197,0.12716784620697347,0.459767261650059,0.9113722293844914,-0.00047546030691306195,-0.006547413489698665,0.006322029878583429,-0.008021259865924129,0.0016992299873406997,0.018417301146070163,0.14204921616651742,1.3640382238142321,9.602574802068856,-0.9571455573988277,0.4379804706583201,0.40118820442787395,0.017044892987093673,0.7269190272283838,0.23486706135463484,true
3.3750000000000004,6.904803543059197,0.12634659395393805,0.4651084017580388,0.9114906704831933,-0.0004809826262448663,-0.0065351648165713665,0.0064009653721531405,-0.008083971705599305,0.0016830063334461647,0.018298361881844326,0.14183851256665947,1.3633682281185369,9.612115944023301,-0.9632910653744389,0.4446181037307292,0.40627096912621474,0.01689873234747045,0.7225306293522095,0.2334666571270604,true
3.4250000000000003,6.904803543059197,0.12551445503657793,0.47037319958855356,0.9115693104533245,-0.0004864008884173567,-0.006522753212615262,0.006479329581338751,-0.008146286553061885,0.001666956971723134,0.018177845937810466,0.1416246356261537,1.3626884927719316,9.621832294552325,-0.9695453521979702,0.4512570438386795,0.4113172896568428,0.016751323129081123,0.7180966808713433,0.23205161749579972,true
3.475,6.904803543059197,0.1246715524820732,0.4755602672071537,0.9116066624995832,-0.0004917117829887742,-0.006510179354742817,0.006557074690097509,-0.00820816586960895,0.0016510911795114417,0.018055771131590667,0.1414075872801264,1.3619990367826853,9.631725305408011,-0.9759091847309209,0.4578972418829065,0.41632701556821017,0.016602704982629193,0.7136180757304081,0.2306222239999279,true
3.5250000000000004,6.904803543059197,0.12381801477208546,0.48066822225268246,0.9116012457077509,-0.0004969119924216314,-0.0064974439220282735,0.006634153847749211,-0.008269571737624354,0.0016354178898751424,0.01793215607076164,0.14118736969985637,1.3612998801432474,9.641796451319768,-0.9823833403200914,0.4645386462078337,0.42130000799584255,0.016452917975446808,0.7090957198293478,0.22917876197889955,true
3.575,6.904803543059197,0.1229539758978741,0.4856956890078674,0.911551586271433,-0.0005019981975740848,-0.006484547595679415,0.00671052119857749,-0.008330466884746028,0.001619945686168538,0.017807020160837034,0.14096398529863804,1.3605910438681077,9.652047230259837,-0.9889686066731772,0.4711812025897996,0.42623613952037287,0.016302002579576216,0.7045305308070325,0.2277215205049207,true
3.6250000000000004,6.904803543059197,0.12207957540955283,0.49064129948885155,0.9114562187280516,-0.0005069670833841038,-0.006471491059021577,0.006786131909829126,-0.008390814707028495,0.0016046827971993687,0.017680383612401093,0.14073743673757888,1.3598725500329556,9.662479163725244,-0.9956657817232251,0.47782485422538307,0.431135294019752,0.016149999659454035,0.699923437814693,0.2262507923120979,true
3.6750000000000003,6.904803543059197,0.121194958459135,0.49550369455215226,0.9113136872015404,-0.0005118153447178772,-0.006458274997493856,0.006860942198189255,-0.0084505792911326,0.0015896370929433454,0.017552267447342774,0.14050772693125088,1.359144421815087,9.673093797041522,-1.002475673482586,0.4844695417204289,0.4359973665163852,0.015996950459161084,0.6952753812776624,0.22476687372187393,true
3.725,6.904803543059197,0.12030027583692136,0.5002815250177729,0.9111225466523262,-0.0005165396923809017,-0.0064449000986574415,0.006934909354714284,-0.008509725435528304,0.0015748160808140193,0.017422693504125668,0.14027485905330633,1.3584066835345656,9.68389269967723,-1.0093990998887905,0.49111520307854906,0.44082226301860217,0.015842896589210148,0.690587312647595,0.223270064565487,true
3.7750000000000004,6.904803543059197,0.11939568400135504,0.5049734528067586,0.9108813641317488,-0.0005211368592776532,-0.006431367052216095,0.00700799176821002,-0.008568218670698752,0.0015602269024887327,0.017291684442111783,0.14003883654196114,1.357659360696694,9.694877465579957,-1.0164368886387822,0.4977617736897608,0.44560990035726494,0.01568788001290204,0.6858601941434657,0.2217606681028752,true
3.825,6.904803543059197,0.118481345102241,0.5095781520922271,0.9105887200402158,-0.0005256036066921669,-0.0064176765500487684,0.0070801489470134005,-0.008626025278319432,0.001545876331306032,0.017159263744924366,0.1397996631053568,1.3569024800357838,9.706049713533183,-1.023589877011177,0.5044091863194659,0.4503602060179746,0.015531943032247492,0.6810949984817019,0.22023899093814414,true
3.8750000000000004,6.904803543059197,0.11755742699641106,0.5140943104618966,0.9102432093879406,-0.0005299367306889014,-0.006403829286254426,0.007151341539069384,-0.008683112309352207,0.0015317707702828228,0.0170254557227166,0.13955734272683912,1.356136069559327,9.7174110875251,-1.030858911682371,0.511057371096936,0.45507311796857686,0.015375128273363058,0.6762927085961402,0.21870534293187174,true
3.9250000000000003,6.904803543059197,0.11662410325657069,0.5185206300913605,0.9098434430571133,-0.000534133068595081,-0.006389825957208468,0.007221531350513578,-0.008739447601154898,0.0015179162506413196,0.016890285513452855,0.13931187967011877,1.3553601585935422,9.728963257138908,-1.038244848529467,0.5177062555040434,0.45974858448281664,0.015217478671439072,0.6714543173474736,0.21716003711009382,true
3.975,6.904803543059197,0.11568155317255578,0.5228558289262579,0.9093880490642406,-0.0005381895055362308,-0.0063756672616302286,0.007290681362824444,-0.008794999793634815,0.001504318430810371,0.016753779083090708,0.13906327848434274,1.3545747778294588,9.740707917956728,-1.0457485524254684,0.5243557643635705,0.46438656395997024,0.015059037455194052,0.6665808272227349,0.2156033895701939,true
4.0249999999999995,6.904803543059197,0.11472996174490677,0.5270986418718678,0.9088756738228573,-0.0005421029810553572,-0.006361353900662253,0.0073587557481695175,-0.00884973834425408,0.001490982596084562,0.01661596322465031,0.1388115440091766,1.3537799593695081,9.752646791970067,-1.0533708970258662,0.5310058198260165,0.4689870247400276,0.014899848130844126,0.6616732500268623,0.2140357193843654,true
4.075,6.904803543059197,0.11376951967038698,0.531247821987866,0.9083049833981238,-0.000545870495744204,-0.006346886577960638,0.00742571988316402,-0.008903633541989572,0.0014779136588255522,0.016476865556117038,0.13855668137943875,1.3529757367750663,9.764781628032283,-1.061112764546564,0.5376563413597342,0.4735499449180811,0.014739954465503998,0.6567326065579213,0.21245734849787454,true
4.125,6.904803543059197,0.11280042331956425,0.5353021416778583,0.9076746647547094,-0.000549489117818693,-0.006332265999800128,0.007491540359366767,-0.008956656519401376,0.0014651161600346095,0.01633651451719474,0.13829869602993636,1.3521621451139807,9.777114202300863,-1.0689750455349056,0.5443072457300995,0.47807531214839144,0.014579400470110346,0.6517599262783671,0.21086860162621524,true
4.175,6.904803543059197,0.11182287470666538,0.5392603938902119,0.9069834269996386,-0.0005529559895615361,-0.006317492875190168,0.0075561849918424455,-0.00900877926346571,0.0014525942716232653,0.016194939364939827,0.13803759369975482,1.3513392210088944,9.789646318728131,-1.0769586386333079,0.5509584469912088,0.4825631234546382,0.014418230381743917,0.6467562469686031,0.20926980614662716,true
4.225,6.904803543059197,0.11083708146236794,0.5431213933943226,0.9062300027174717,-0.00055626833412217,-0.0063025679159843815,0.007619622832839753,-0.00905997462872511,0.001440351795885357,0.016052170169820818,0.1377733804394076,1.3505070026918022,9.80237980939832,-1.0850644502690738,0.5576098564966666,0.48701338505050623,0.014256488646889411,0.6417226144271581,0.20766129200476224,true
4.2749999999999995,6.904803543059197,0.1098432567744348,0.5468839779172809,0.905413149119556,-0.0005594234621671144,-0.006287491837003736,0.007681824180789216,-0.009110216347833672,0.001428392167044456,0.01590823780712063,0.1375060626130443,1.3496655300456455,9.81531653512426,-1.093293394469527,0.5642613828588869,0.4914261121235059,0.014094219901395704,0.6366600820690349,0.2060433915888305,true
4.325,6.904803543059197,0.10884161933166153,0.550547009323392,0.90453164924467,-0.0005624187779641423,-0.006272265356187802,0.007742760581013818,-0.00915947903769325,0.0014167184566794312,0.01576317394881866,0.13723564690224804,1.348814844652226,9.828458385983176,-1.1016463926130082,0.570912931927331,0.49580132863045456,0.01393146895108572,0.6315697105486148,0.20441643961166314,true
4.375,6.904803543059197,0.10783239327018752,0.5541093748670013,0.9035843132437626,-0.0005652517856145093,-0.0062568891947452675,0.007802404828901586,-0.009207738206536874,0.0014053333776352884,0.015617011055815212,0.13696214031225082,1.3479549898458962,9.841807281726059,-1.1101243731111863,0.5775644067945442,0.5001390671098802,0.013768280753139489,0.626452567420951,0.20278077300525357,true
4.425,6.904803543059197,0.1068158081015197,0.5575699883897918,0.9025699795876135,-0.0005679200952649864,-0.006241364077305104,0.007860730973693858,-0.009254970261046663,0.001394239287352805,0.015469782367507387,0.13668555017632117,1.3470860107615041,9.855365172278962,-1.1187282711394173,0.584215707781356,0.504439368479198,0.013604700395870781,0.6213097267613245,0.2011367308020871,true
4.475,6.904803543059197,0.10579209863192535,0.5609277915092892,0.901487516258598,-0.0005704214290839338,-0.006225690732076053,0.007917714319755952,-0.009301152511945056,0.001383438192189104,0.015321521890115037,0.1364058841600107,1.3462079543816614,9.869134038253764,-1.1274590283651773,0.5908667324211384,0.5087022818304239,0.013440773077936227,0.6161422687757383,0.1994846540137086,true
4.5249999999999995,6.904803543059197,0.10476150487456973,0.5641817548068648,0.9003358219375825,-0.0005727536270236444,-0.0062098698910125864,0.007973331425884635,-0.009346263178331793,0.0013729317524471575,0.015172264383955924,0.13612315026559815,1.3453208695839924,9.8831158914487,-1.1363175926666678,0.5975173754463939,0.5129278642267658,0.01327654408715381,0.6109512794088058,0.19782488550860278,true
4.575,6.904803543059197,0.10372427195353498,0.5673308790105049,0.8991138271800552,-0.0005749146523800066,-0.006193902289985067,0.008027560103235661,-0.009390281391056575,0.0013627212878209137,0.015022045349545106,0.13583735683660406,1.3444248071877578,9.897312775343078,-1.1453049178465713,0.6041675287764954,0.5171161804994967,0.013112058778850591,0.6057378499467427,0.19615776988866232,true
4.625,6.904803543059197,0.10268064999925047,0.5703741961686528,0.8978204955773101,-0.0005769025971334145,-0.006177788668952659,0.00808037941198789,-0.009433187195185381,0.0013528077831974905,0.014870901012450451,0.1355485125622957,1.3435198199993859,9.911726765588282,-1.1544219633446633,0.6108170815058324,0.5212673030448213,0.012947362553692877,0.6005030766141474,0.19448365336382378,true
4.675,6.904803543059197,0.10163089403517989,0.5733107708128441,0.8964548249005277,-0.0005787156870445277,-0.0061615297721374016,0.008131769656873298,-0.009474961551626285,0.0013431918947529875,0.014718868306881903,0.13525662648217796,1.3426059628565505,9.926359970492525,-1.163669693951656,0.6174659198918492,0.5253813116206222,0.012782500834988185,0.5952480601646805,0.19280288362491593,true
4.725,6.904803543059197,0.10057526385584324,0.5761397011077674,0.8950158482264607,-0.0005803522864922714,-0.006145126348198306,0.008181712381553359,-0.009515586337906163,0.0013338739563528035,0.014565984858025812,0.13496170799046378,1.3416832926706865,9.941214531498728,-1.1730490795248376,0.6241139273433102,0.5294582931435002,0.012617519045475733,0.5899739054657753,0.19111580971475703,true
4.775,6.904803543059197,0.09951402389617975,0.578860119986973,0.8935026350431836,-0.0005818109030381174,-0.00612857915040377,0.008230190361936802,-0.009555044348147352,0.0013248539862105498,0.014412288963125186,0.13466376684052883,1.3407518684677286,9.956292623653326,-1.1825610947067577,0.6307609844085793,0.5334983414861731,0.012452462583616966,0.5846817210777024,0.18942278189760597,true
4.825,6.904803543059197,0.09844744309221992,0.5814711962722632,0.8919142923338903,-0.0005830901917005608,-0.006111888936800722,0.00827718759853257,-0.009593319292292922,0.0013161316937603511,0.014257819571301292,0.1343628131493272,1.3398117514268126,9.97159645606543,-1.1922067186488459,0.6374069687638613,0.5375015572753927,0.012287376799389056,0.579372618826832,0.1877241515269146,true
4.875,6.904803543059197,0.09737579473306612,0.5839721357745473,0.8902499656363941,-0.0005841889589318561,-0.006095056470378693,0.008322689307906202,-0.009630395794616315,0.0013077064867101137,0.01410261626211648,0.13405885740174206,1.3388630049167582,9.987128272356587,-1.2019869347413057,0.6440517552014364,0.5414680476905843,0.012122306969594114,0.5740477133729395,0.18602027091132495,true
4.925,6.904803543059197,0.09629935630421411,0.5863621823739658,0.888508840076504,-0.0005851061662730349,-0.006078082519226992,0.008366681913391981,-0.00966625939159451,0.0012995774782025293,0.013946719222882965,0.13375191045487167,1.3379056945300054,10.002890351098342,-1.2119027303515468,0.650695215617102,0.5453979262629256,0.011957298272693252,0.5687081217708483,0.1843114931790065,true
4.975,6.904803543059197,0.09521840932237932,0.5886406190769292,0.8866901413728908,-0.0005858409337020326,-0.006060967856683504,0.008409153034972429,-0.009700896529102372,0.0012917434941299433,0.013790169224741255,0.13344198354222578,1.336939888114083,10.018885006239643,-1.2219550965706303,0.6573372189969499,0.5492913126751332,0.01179239576320807,0.5633549630263669,0.18259817214030308,true
5.025,6.904803543059197,0.09413323916205069,0.5908067690476724,0.884793136810886,-0.0005863925426283979,-0.006043713261472854,0.008450091478593224,-0.00973429455906489,0.001284203080471667,0.013633007597540513,0.1331290882777844,1.3359656558004798,10.035114587526367,-1.2321450279690156,0.6639776314029265,0.5531483325618287,0.011627644345708194,0.5579893576460805,0.18088066214853343,true
5.075,6.904803543059197,0.09304413487261766,0.5928599966164781,0.882817136187614,-0.0005867604381138645,-0.0060263195178237,0.00848948722847127,-0.009766441737363265,0.0012769545088919948,0.013475276203353663,0.13281323666010916,1.3349830700262326,10.051581480863033,-1.242473522395006,0.6706163159561631,0.556969117310096,0.01146308874807295,0.5526124271838755,0.1791593179600462,true
5.125,6.904803543059197,0.09195138894944174,0.5947997082361463,0.8807614927067657,-0.0005869442438626186,-0.006008787415411112,0.008527331504648012,-0.009797327254379908,0.0012699957497318958,0.013317017403322437,0.13249444107781638,1.3339922055710893,10.06828810868836,-1.2529415806313813,0.6772531327268406,0.5607538038086728,0.011298773496377092,0.5472252938093329,0.17743449460088007,true
5.175,6.904803543059197,0.09085529762569336,0.5966253541392104,0.878625605263024,-0.000586943878679545,-0.00599111774660774,0.00856361790605159,-0.00982694181277229,0.0012633239067206987,0.01315827409992314,0.13217271440007072,1.3329931407539186,10.085236932632787,-1.2635501964541027,0.6838879370142148,0.5645025332965237,0.011134743008184358,0.5418290814228247,0.17570654769723054,true
5.225,6.904803543059197,0.089756163668246,0.5983364321247759,0.8764089321778835,-0.0005867587461973893,-0.005973311257927348,0.008598355167434934,-0.009855284072945173,0.0012569289055102389,0.012999090141886821,0.13184807125216,1.33198595510412,10.102430338603067,-1.2743003617743671,0.6905205526442466,0.568215436346323,0.010971041672606638,0.5364249353165994,0.17397583999894073,true
5.275,6.904803543059197,0.08865429218917384,0.599932437676935,0.8741110571517063,-0.000586384618702576,-0.005955350417619419,0.008631620529141244,-0.009882396596122067,0.0012507760669808222,0.012839509717592233,0.1315205402632255,1.3309706866045035,10.119869367482037,-1.2851932713871226,0.6971504836084593,0.5718924742326473,0.010807713253428058,0.531014210996721,0.17224280463614364,true
5.325,6.904803543059197,0.08754998414868741,0.6014127521505056,0.8717316235420854,-0.0005858226908957564,-0.005937219884925559,0.00866338558023674,-0.009908263683935128,0.001244878103698388,0.012679576414117365,0.13119016299055125,1.3299473731571907,10.137554088205363,-1.2962300142508174,0.7037769591754688,0.5755334715443785,0.010644804046585826,0.5255984544664674,0.17050793714543291,true
5.375,6.904803543059197,0.08644350743077833,0.6027772364718158,0.8692698198765367,-0.000585079323497182,-0.005918950283923415,0.008693506085016805,-0.00993279125665443,0.0012392851716376257,0.012519329028220148,0.1308568944004584,1.3289161785857593,10.155492262554445,-1.3074115979757,0.7104010814000405,0.5791392863337036,0.010482349242039547,0.5201778413288255,0.16877128075476017,true
5.425,6.904803543059197,0.08533517159606742,0.6040256528801186,0.8667252504447696,-0.0005841545934904068,-0.005900546915016847,0.00872197611742766,-0.009955969575719557,0.0012339934582918967,0.012358812392547722,0.1305207387261576,1.3278772049247916,10.173687475909698,-1.31873905062961,0.7170229516748322,0.5827102199432348,0.010320390252043066,0.514753329404601,0.1670331368835753,true
5.475,6.904803543059197,0.0842252930134196,0.6051577047282434,0.8640976613343048,-0.0005830480772562993,-0.005882010373694169,0.008748817141361345,-0.009977805335033703,0.001228988193672358,0.012198072325762841,0.13018171921002136,1.3268305288534537,10.192141699349401,-1.330213429330835,0.7236422547477036,0.5862463528790043,0.010158970290524719,0.5093261640219656,0.16529390204464778,true
5.525,6.904803543059197,0.08311418897568051,0.6061731500054585,0.8613868326836744,-0.0005817601398632134,-0.005863340761945815,0.008774043868052087,-0.009998302454269897,0.0012242585862178093,0.012037154780345349,0.1298398577124914,1.3257762348844577,10.210857114617045,-1.341835767421523,0.730258706590697,0.5897477909580213,0.009998132143077987,0.5038975565313046,0.163553961575879,true
5.575,6.904803543059197,0.08200217851386779,0.6070718125556154,0.8585925849241435,-0.0005802916731283171,-0.005844538618437358,0.008797666337133176,-0.010017462764087146,0.0012197964269539691,0.011876105960508827,0.12949517424694068,1.3247144160129902,10.229836159661266,-1.353607074598387,0.7368720723853435,0.5932146736201263,0.009837918073129896,0.4984686777767685,0.16181368750397027,true
5.625,6.904803543059197,0.08088958002417324,0.6078535609877956,0.8557147659871605,-0.0005786439315951047,-0.00582560487457604,0.008819692562906541,-0.010035287309407654,0.001215594746501113,0.011714971978527115,0.12914768750426697,1.323645169756308,10.249081461195932,-1.365528362541259,0.743482138627807,0.5966471580156016,0.009678369609168281,0.4930406663362822,0.16007344138764357,true
5.675,6.904803543059197,0.07977671195113269,0.6085183112499273,0.8527532621316091,-0.0005768184001503264,-0.005806540536433952,0.00884012942290243,-0.01005177686015327,0.0012116474372508394,0.011553798953675566,0.1287974156688294,1.3225685970278538,10.268595764596013,-1.3776006455623848,0.7500887015519438,0.60004541229424,0.00951952762490382,0.48761464117174347,0.15833357850259236,true
5.725,6.904803543059197,0.07866389360374401,0.6090660342749424,0.8497080102585179,-0.0005748167562312057,-0.00578734652546679,0.008858983436588648,-0.010066932333193005,0.001207948896604357,0.01139263313042672,0.1284443769684662,1.321484802110023,10.288381891832094,-1.3898249351453005,0.7566915641207119,0.6034096135914362,0.009361432437332914,0.48219170986828924,0.15659445054682808,true
5.775,6.904803543059197,0.0775514446840031,0.6094967547283856,0.8465789981027865,-0.0005726408661888291,-0.005768023693982555,0.008876261424799647,-0.010080755117583065,0.0012044936927834184,0.011231520810169737,0.1280885898109879,1.3203938921667941,10.30844272792147,-1.40220224220002,0.7632905319981254,0.6067399455983288,0.009204123774497296,0.47677297030044985,0.15485640621077726,true
5.825,6.904803543059197,0.07643968475177035,0.6098105485047052,0.8433662623243139,-0.0005702927732089232,-0.005748572887100135,0.008891970725733465,-0.010093247167614727,0.0012012764418812619,0.011070508273708752,0.127730072815346,1.3192959768358126,10.328781216175013,-1.4147335798158014,0.7698854104611285,0.6100365967227249,0.009047640727774487,0.4713595106737255,0.15311979121229777,true
5.875,6.904803543059197,0.07532893307475638,0.6100075432846375,0.8400698897013702,-0.0005677746831236847,-0.005728994973350432,0.008906119223890794,-0.010104411006510355,0.0011982917826195618,0.010909641759536817,0.12736884488284883,1.3181911681522016,10.349400352689434,-1.4274199629824884,0.7764760034646081,0.6132997594044424,0.008892021738593868,0.4659524101757419,0.15138494851984516,true
5.925,6.904803543059197,0.0742195084780874,0.6100879194815855,0.8366900185348891,-0.0005650889567884623,-0.005709290841428539,0.00891871541064318,-0.01011424975194731,0.0011955343413041306,0.01074896744204893,0.12700492526118745,1.317079580516803,10.370303181614492,-1.4402624079894426,0.7830621131164746,0.6165296296611642,0.008737304586781259,0.4605527394830992,0.14965221852679303,true
5.975,6.904803543059197,0.0731117290571115,0.6100519102464882,0.8332268387322042,-0.0005622381049885388,-0.0056894613877259475,0.008929768449479498,-0.010122767147106007,0.0011929986976265093,0.010588531389948728,0.12663833356121426,1.3159613306076918,10.39149279370124,-1.453261932757097,0.7896435391065567,0.6197264066302024,0.008583526365069772,0.45516156054551193,0.14792193899081263,true
6.025,6.904803543059197,0.07200591189457933,0.6098998013776645,0.8296805917498533,-0.0005592247823594753,-0.005669507509781265,0.008939288204487604,-0.010129967573968252,0.0011906793694806475,0.01042837952528869,0.1262690897685859,1.3148365372994781,10.412972325287106,-1.4664195571526812,0.7962200781931865,0.6228902921570313,0.008430723454003445,0.4497799262932479,0.1461944449475286,true
6.075,6.904803543059197,0.07090237281864037,0.6096319314924834,0.8260515707790238,-0.0005560517818909967,-0.005649430106255105,0.008947285242240664,-0.010135856052733141,0.0011885708104924769,0.010268557588421528,0.12589721425634354,1.3137053216320336,10.434744957558426,-1.479736302891068,0.8027915239650437,0.6260214905314968,0.008278931501260854,0.44440888036241416,0.14447006862820475,true
6.125,6.904803543059197,0.0698014261455932,0.6092486921524771,0.8223401208279917,-0.0005527220290983427,-0.005629230078756889,0.008953770837104066,-0.010140438242217348,0.001186667405113282,0.010109111100743562,0.12552272779242235,1.3125678067599018,10.456813916046364,-1.4932131936302075,0.8093576666855593,0.6291202082720603,0.008128185399377858,0.439049456745713,0.14274913935331252,true
6.175,6.904803543059197,0.06870338442946566,0.6087505278662219,0.8185466387596054,-0.0005492385772533986,-0.005608908332669314,0.008958756963435599,-0.010143720433327202,0.0011849634698916037,0.009950085328427229,0.12514565155518667,1.3114241179057533,10.479182469455937,-1.5068512549242559,0.8159182929186624,0.6321866538152008,0.007978519266223066,0.43370267955669956,0.14103198346277546,true
6.225,6.904803543059197,0.06760855818872397,0.6081379360326935,0.814671573060278,-0.0005456046020647324,-0.00558846577675229,0.008962256283706855,-0.010145709540247454,0.0011834532565405988,0.00979152524284127,0.12476600712512768,1.3102743823161718,10.501853930470814,-1.5206515144269435,0.8224731855731834,0.6352210374103033,0.00782996642164799,0.42836956246528685,0.13931892413828215,true
6.275,6.904803543059197,0.06651725566065358,0.6074114668802001,0.8107154238078287,-0.00054182339612629,-0.005567903322345004,0.008964282135168212,-0.010146413090861804,0.001182130955693592,0.009633475484978518,0.12438381650101278,1.3091187292058941,10.524831654407668,-1.534615001884523,0.8290221235360237,0.6382235708281292,0.007682559369314201,0.4230511084777618,0.13761028133826073,true
6.325,6.904803543059197,0.06542978254202571,0.6065717233468704,0.8066787423902924,-0.0005378983642429052,-0.0055472218827216,0.008964848507052047,-0.010145839212244523,0.0011809907051924754,0.009475980327897471,0.1239991020929435,1.3079572897281708,10.548119039989432,-1.5487427491844545,0.8355648817213622,0.6411944672693652,0.007536329776463701,0.41774830940668933,0.13590637163035607,true
6.375,6.904803543059197,0.0643464417398495,0.6056193609090061,0.8025621312615232,-0.0005338330176240476,-0.005526422372620771,0.008963970025460496,-0.010143996619799724,0.0011800265943392278,0.009319083640624566,0.12361188672632954,1.3067901969268343,10.571719529044982,-1.563035790408429,0.8421012309085282,0.6441339411795372,0.007391308455698405,0.41246214549812255,0.13420750807552556,true
6.425,6.904803543059197,0.06326753312235368,0.6045550873566834,0.798366243643038,-0.0005296309681921308,-0.00550550570783538,0.008961661934973688,-0.010140894604563456,0.0011792326695897679,0.009162828852089655,0.12322219364551136,1.305617585682941,10.59563660616994,-1.5774951619207742,0.8486309375764857,0.647042208068865,0.007247525347353419,0.40719358506005,0.13251400011232,true
6.475,6.904803543059197,0.06219335327017937,0.6033796625195224,0.7940917831575152,-0.0005252959232913962,-0.005484472804769802,0.00895794007419892,-0.010136543017252666,0.0011786029430537453,0.009007258915092086,0.12283004651492,1.3044395926632977,10.61987379858925,-1.5921219024609574,0.8551537637876427,0.6499194843601741,0.007105009502543796,0.40194358406592484,0.13082615343258858,true
6.525,6.904803543059197,0.061124195233030934,0.6020938979464522,0.7897395033822459,-0.000520831680582938,-0.005463324579942487,0.008952820848803857,-0.010130952250811526,0.0011781314020076691,0.008852416271057243,0.12243546941554427,1.3032563562815789,10.644434676509835,-1.606917053183959,0.8616694671615692,0.6527659872809053,0.006963789067116342,0.3967130857079492,0.12914426984005767,true
6.575,6.904803543059197,0.06006034828529163,0.6006986565276811,0.7853102073396183,-0.0005162421214505238,-0.005442061949426943,0.00894632121597551,-0.01012413322847835,0.0011778120125028393,0.008698342814643165,0.12203848684063467,1.3020680166390952,10.669322853366868,-1.621881657868935,0.8681778008459293,0.6555819347565857,0.006823891265378818,0.39150301995141756,0.12746864710939826,true
6.625,6.904803543059197,0.059002097696729316,0.5991948520736885,0.7808047470739197,-0.0005115312056140038,-0.0054206858282947025,0.00893845866063863,-0.010116097387621658,0.0011776387269830275,0.008545079860532604,0.12163912370759235,1.3008747154581495,10.694541984578214,-1.637016762966221,0.8746785131785029,0.6583675451752685,0.006685342387525381,0.38631430330683086,0.12579957891632354,true
6.675,6.904803543059197,0.05794972449804858,0.5975834488329514,0.7762240230109791,-0.0005067029662746225,-0.005399197130058077,0.008929251164103827,-0.0101068566595167,0.0011776054954128739,0.008392668109478718,0.12123740534912199,1.2996765960458987,10.720095768325605,-1.6523234176551278,0.8811713477464521,0.6611230373300169,0.006548167776031538,0.3811478383469549,0.12413735468310105,true
6.725,6.904803543059197,0.05690350525228884,0.5958654609621539,0.7715689832940635,-0.0005017615033607146,-0.005377596766067276,0.00891871718793898,-0.010096423456593699,0.0011777062686547188,0.008241147615197397,0.12083335750711122,1.2984738032348457,10.745987945906649,-1.6678026740529341,0.8876560433749074,0.6638486303321249,0.0064123918124113595,0.3760045132729721,0.12248225944031414,true
6.775,6.904803543059197,0.05586371183897046,0.5940419519554718,0.7668406232008445,-0.0004967109774999581,-0.005355885644897974,0.00890687565441925,-0.010084810657876874,0.0011779350034576246,0.00809055775310587,0.12042700634255415,1.2972664833078649,10.772222300517837,-1.6834555873244945,0.8941323338071496,0.6665445433986269,0.006278037907167724,0.37088520169188804,0.12083457375769899,true
6.825,6.904803543059197,0.05483061123720591,0.5921140340149464,0.7620399844032488,-0.0004915556048916177,-0.005334064671741343,0.008893745917317205,-0.010072031589426003,0.0011782856721087986,0.00794093718891139,0.12001837841119443,1.2960547839785035,10.798802659523494,-1.6992832157985063,0.9005999481085941,0.6692109959461643,0.006145128487797396,0.36579076198640587,0.11919457353994647,true
6.875,6.904803543059197,0.053804465313086206,0.5900828673700473,0.7571681541503578,-0.0004862996515659189,-0.005312134747765281,0.008879347737999197,-0.010058100007247595,0.0011787522692483978,0.00779232384781913,0.11960750073418626,1.294838854212436,10.825732886853514,-1.7152866210582454,0.9070586089197644,0.6718482068027894,0.006013684996075495,0.36072203784274304,0.11756253020462959,true
6.925,6.904803543059197,0.05278553061817791,0.5879496595550564,0.7522262644902316,-0.00048094742707137123,-0.005290096769447893,0.008863701267563839,-0.010043030083126975,0.0011793288155631364,0.007644754885349149,0.11919440068720849,1.2936188443330283,10.853016894038168,-1.731466868217743,0.9135080347945348,0.6744563951065485,0.005883727869980908,0.35567985660260576,0.11593871014125522,true
6.975,6.904803543059197,0.05177405819360881,0.5857156646356634,0.7472154914364567,-0.0004755032787996475,-0.005267951627908245,0.008846827023618645,-0.010026836387681431,0.001180009364062786,0.007498266658962774,0.11877910607518073,1.2923949058349817,10.880658632141632,-1.7478250260076507,0.9199479383774724,0.677035779492136,0.005755276543657976,0.3506650298690957,0.11432337491410452,true
7.025,6.904803543059197,0.050770293379181014,0.5833821823850286,0.7421370540376243,-0.0004699715868807011,-0.005245700208235105,0.008828745861581644,-0.010009533870529072,0.0011807880089474282,0.0073528947004170755,0.11836164510878006,1.291167191358125,10.908662093801418,-1.7643621668991463,0.9263780267572045,0.6795865781804619,0.0056283494398908195,0.3456783529391327,0.11271678107702064,true
7.075,6.904803543059197,0.049774475629487724,0.5809505574134204,0.7369922133841567,-0.000464356758877609,-0.005223343388798072,0.008809478948490917,-0.009991137841556511,0.001181658893065594,0.007208673689133662,0.11794204639523616,1.2899358546372257,10.937031313790465,-1.781079367224368,0.9327980014916636,0.6821090089329165,0.005502963964979268,0.3407206044278635,0.1111191800511902,true
7.125,6.904803543059197,0.04878683833949683,0.5784221782564227,0.7317822716137722,-0.00045866322389414736,-0.005200882040533833,0.008789047743982334,-0.009971663955670554,0.00118261621168822,0.00706563742693853,0.11752033893447562,1.2887010504370828,10.965770368953821,-1.7979777073373533,0.9392075585145079,0.6846032889602554,0.005379136504951213,0.3357925459718695,0.10953081802863712,true
7.175,6.904803543059197,0.04780760867902631,0.5757984764214101,0.7265085709183877,-0.00045289542648821555,-0.00517831702621758,0.008767473984705726,-0.009951128199223752,0.0011836542145180259,0.006923818814089674,0.11709655212145799,1.287462934472508,10.99488337741227,-1.8150582718015364,0.9456063879007327,0.6870696347807498,0.005256882423219127,0.33089492201621723,0.10795193590305915,true
7.225,6.904803543059197,0.046837007433876796,0.5730809253892564,0.7211724925122709,-0.0004470578209687101,-0.005155649199734528,0.00874477966564472,-0.009929546874850863,0.0011847672092061435,0.006783249826268844,0.11667071574903566,1.2862216633259143,11.0243744976472,-1.8323221495780764,0.9519941736107294,0.6895082620764202,0.005136216059355822,0.32602845961797805,0.10638276920567952,true
7.275,6.904803543059197,0.045875248853526035,0.5702710395707457,0.7157754555250113,-0.00044115486644883957,-0.005132879405360426,0.008720987014473717,-0.009906936582742776,0.001185949568269059,0.006643961492523631,0.11624286000531686,1.2849773943796545,11.0542479281814,-1.8497704341626704,0.958370593347049,0.6919193855982145,0.005017150728813202,0.32119386820076584,0.1048235480243595,true
7.325,6.904803543059197,0.044922540506107264,0.5673703732188127,0.7103189158039651,-0.00043519102228645044,-0.005110008477043087,0.008696118463112062,-0.009883314200393192,0.0011871957372811305,0.006505983874264463,0.11581301546247108,1.283730285768403,11.084507908218594,-1.867404223678803,0.9647353185924662,0.6943032191426508,0.004899698723334656,0.3163918392319764,0.10327449689663996,true
7.375,6.904803543059197,0.04397908314299125,0.5643805193034706,0.704804364686938,-0.00042917074294739955,-0.005087037237666908,0.008670196626295777,-0.009858696865751132,0.0011885002394553552,0.0063693460456524685,0.11538121306571339,1.2824804963266156,11.115158718223919,-1.88522462100914,0.971088014638273,0.6966599755247642,0.004783871312298394,0.3116230459223285,0.10173583470982432,true
7.425,6.904803543059197,0.04304507057490416,0.5613031083564328,0.6992333278143734,-0.0004230984722267372,-0.005063966498301072,0.008643244288343885,-0.009833101964448577,0.001189857676104692,0.006234076075658033,0.11494748413315914,1.2812281855091199,11.146204679215952,-1.9032327339800434,0.9774283403668289,0.698989866461313,0.0046696787456450735,0.30688814305999057,0.10020777464525815,true
7.475,6.904803543059197,0.042120689557298724,0.5581398072811876,0.69360736394291,-0.0004169786378102022,-0.005040797057452781,0.008615284388549926,-0.009806547116353365,0.0011912627278034393,0.006100201011459481,0.11451186036126138,1.2799735133014893,11.177650151376776,-1.921429675532057,0.9837559479007855,0.7012931024109246,0.004557130258272321,0.3021877669156506,0.09869052414562748,true
7.525,6.904803543059197,0.041206119681968974,0.5548923181212482,0.6879280636796248,-0.0004108156466991303,-0.0050175297003385005,0.008586339999222092,-0.00977905015841618,0.001192710159194088,0.005967746862745998,0.11407437382318912,1.2787166401482466,11.209499533437791,-1.9398165638387292,0.9900704823986829,0.7035698924745486,0.004446234075177909,0.297522535084105,0.09718428486076222,true
7.575,6.904803543059197,0.04030153327586312,0.5515623767894238,0.6821970481325803,-0.00040461388102612197,-0.004994165198166494,0.008556434300570251,-0.009750629125864305,0.0011941948252940544,0.005836738587063027,0.11363505695837839,1.2774577269005123,11.241757263063743,-1.9583945223963697,0.9963715820419944,0.7058204443684827,0.004336997417153988,0.2928930462501328,0.09568925256795222,true
7.625,6.904803543059197,0.03940709530984804,0.5481517517671137,0.6764159675349052,-0.00039837769360295296,-0.004970704307419468,0.008525590559472152,-0.00972130223526822,0.001195711675796067,0.005707200076598934,0.11319394256149105,1.2761969347630318,11.274427817281435,-1.9771646801275635,1.0026588780321075,0.7080449644014052,0.004229426507395264,0.2882998799683913,0.09420561709654258,true
7.675,6.904803543059197,0.03852296331840416,0.5446622427790542,0.6705864998843922,-0.0003921114031262166,-0.00494714776913787,0.00849383211356566,-0.009691087870252666,0.001197255756687006,0.005579154146554679,0.11275106377754031,1.2749344252256294,11.30751571214526,-1.9961281715126757,1.008931994442119,0.7102436574010519,0.004123526579360105,0.283743596524737,0.09273356227913353,true
7.725,6.904803543059197,0.03764928732923137,0.5410956794427739,0.6647103495877373,-0.0003858192895092602,-0.004923496308215354,0.008461182356223212,-0.009660004567661341,0.0011988222114381296,0.005452622524948874,0.11230645410167939,1.2736703599851336,11.341025501811188,-2.01528613671618,1.0151905479544305,0.7124167266045498,0.004019301885871793,0.27922473685925153,0.09127326592281101,true
7.775,6.904803543059197,0.036786209801194805,0.5374539198885606,0.6587892460659329,-0.00037950558972202824,-0.004899750632716252,0.008427664718399635,-0.009628071002160454,0.0012004062837608197,0.005327625843630671,0.11186014737645801,1.27240490087569,11.37496177788408,-2.034639721672757,1.0214341476478828,0.7145643735709136,0.003916755709118038,0.2747438224775315,0.08982489977606559,true
7.825,6.904803543059197,0.03593386557057683,0.5337388493501036,0.6528249423062004,-0.00037317449395102937,-0.0048759114332142285,0.00839330264889558,-0.009595305970029881,0.0012020033211343015,0.0052041836304956195,0.11141217778354952,1.2711382098127715,11.40932916940486,-2.0541900781426152,1.0276623949048953,0.7166867981382864,0.003815890371316999,0.27030135532346194,0.08838862948257072,true
7.875,6.904803543059197,0.035092381807131326,0.529952378732573,0.6468192133956254,-0.00036683014164690434,-0.004851979382146775,0.00835811959735898,-0.009561728374311441,0.0012036087769524608,0.005082314303121146,0.11096257983521264,1.2698704487368613,11.444132342837646,-2.073938363769998,1.0338748833177684,0.7187841983824993,0.0037167072462148225,0.2658978176674347,0.08696461453974215,true
7.925000000000001,6.904803543059197,0.034261877980620636,0.5260964431636239,0.6407738550671885,-0.00036047661744293194,-0.004827955133187702,0.008322139000552089,-0.009527357211609468,0.0012052182110573791,0.004962035163920217,0.11051138837051801,1.268601779545985,11.479376001436789,-2.093885742148064,1.0400711984755606,0.7208567705374125,0.0036192067716511946,0.26153367205703937,0.08555300827765436,true
7.975,6.904803543059197,0.03344246583668772,0.5221730005264449,0.6346906822449243,-0.0003541179472800949,-0.004803839320646542,0.00828538426863096,-0.009492211558933197,0.0012068272903022377,0.004843362396646975,0.11005863855415036,1.2673323640235727,11.51506488425284,-2.1140333828675484,1.0462509176806911,0.722904708895738,0.0035233884630964996,0.25720936130614086,0.08415395785032109,true
8.025,6.904803543059197,0.03263424938086999,0.5181840299727076,0.628571527560418,-0.00034775809493508056,-0.00477963255890164,0.008247878769123775,-0.009456310559414115,0.0012084317902903395,0.004726311064081524,0.10960436587267122,1.2660623637738075,11.551203765410296,-2.1343824615340665,1.0524136097171188,0.7249282057314936,0.003429250927894382,0.2529253084735887,0.08276760422319922,true
8.075,6.904803543059197,0.03183732487094468,0.5141315304169046,0.6224182398350487,-0.00034140095886807896,-0.0047553354418681535,0.008209645809243129,-0.0094196734072,0.0012100275979568705,0.0046108951069213245,0.10914860612654817,1.2647919401687526,11.58779745388904,-2.1549341597504634,1.0585588347140464,0.7269274512570175,0.003336791880113571,0.24868191681821863,0.08139408215250818,true
8.125,6.904803543059197,0.031051780818699082,0.5100175190161951,0.6162326825433067,-0.00033505036919146916,-0.004730948542499778,0.008170708618780246,-0.009382319332647495,0.0012116107138672484,0.004497127344037581,0.10869139542002572,1.2635212543033685,11.624850793575996,-2.1756896650630524,1.0646861440574504,0.7289026335970816,0.003246008156100502,0.24447956975175283,0.08003352016352948,true
8.175,6.904803543059197,0.030277698001874506,0.5058440296399629,0.6100167322768051,-0.00032871008461922993,-0.004706472412323935,0.008131090335331548,-0.009344267588703362,0.0012131772533718142,0.004385019474205036,0.10823277015206326,1.262250466951283,11.662368663186438,-2.196650170874192,1.0707950802702166,0.7308539387538403,0.0031568957308466318,0.24031863081932378,0.07868604053774561,true
8.225,6.904803543059197,0.029515149485956058,0.5016131113321671,0.603772277220687,-0.0003223837893902767,-0.004681907581013337,0.008090813992035529,-0.009305537438584982,0.0012147234465494528,0.004274582079257721,0.10777276701039946,1.2609797385153638,11.700355975769709,-2.217816876331774,1.0768851768078802,0.7327815505464804,0.003069449735177754,0.23619944372425752,0.07735175931436153,true
8.275,6.904803543059197,0.02876420065454672,0.4973268267677632,0.5975012156406427,-0.00031607509027366444,-0.004657254555999374,0.008049902506561825,-0.009266148144147866,0.0012162456375860407,0.0041658246284879295,0.1073114229683682,1.2597092289717249,11.738817677807187,-2.23919098621127,1.08295595777676,0.7346856505292956,0.0029836644736378555,0.2321223323910988,0.07603078630425676,true
8.325,6.904803543059197,0.028024909246908702,0.49298725070299754,0.5912054543692069,-0.0003097875138052156,-0.004632513822133781,0.008008378669559198,-0.009226118954046627,0.0012177402844874285,0.004058755484083211,0.10684877528216408,1.258439097810758,11.777758748169996,-2.2607737108013906,1.0890069376311844,0.7365664179071033,0.0028995334428841423,0.2280876010450298,0.07472322510916331,true
8.375,6.904803543059197,0.027297325402128772,0.4885964684190649,0.5848869072788374,-0.0003035245038558089,-0.0046076858414035495,0.007966265131396482,-0.009185469091097818,0.001219203959701336,0.003953381907522686,0.10638486148577828,1.2571695039824542,11.817184197307197,-2.282566265784045,1.09503762092079,0.7384240294699752,0.0028170493504747892,0.22409553428403214,0.07342917313823391,true
8.425,6.904803543059197,0.026581491710606787,0.484156574159747,0.5785474937360809,-0.00029728941952424857,-0.004582771052701422,0.007923584387433489,-0.00914421773895097,0.0012206333515174805,0.003849710067033966,0.10591971938188328,1.2559006058537134,11.857099066942252,-2.3045698720765095,1.1010475021339574,0.7402586595601016,0.002736204134054991,0.22014639713137635,0.07214872161785706,true
8.475,6.904803543059197,0.025877443274352648,0.47966966956666557,0.5721891370467848,-0.0002910855331754381,-0.004557769871651085,0.007880358763927868,-0.009102384029117505,0.0012220252651896375,0.003747745046325758,0.10545338702988317,1.2546325611781015,11.897508430170822,-2.326785755609412,1.1070360656082592,0.7420704800600229,0.0026569889810443567,0.21624043508121737,0.07088195559893308,true
8.525,6.904803543059197,0.025185207777307775,0.47513786211904807,0.5658137629183682,-0.0002849160284098169,-0.004532682690485656,0.00783661040698265,-0.009059987029576687,0.001223376622594037,0.003647490854772297,0.10498590273565765,1.253365527068158,11.938417391370987,-2.3492151470358738,1.1130027853922204,0.7438596603663348,0.0025793943489776884,0.21237787417530773,0.0696289539742168,true
8.575,6.904803543059197,0.024504805565365904,0.4705632635835999,0.5594232979601619,-0.00027878399794946585,-0.00450750987798218,0.007792361274720678,-0.00901704573507833,0.0012246844603576515,0.0035489504390024927,0.104517305047038,1.2520996599590557,11.979831085345612,-2.371859281382894,1.1189471249518252,0.745626367318183,0.0025034099865541754,0.20855892114093474,0.06838978951574005,true
8.625,6.904803543059197,0.023836249734056694,0.4659479884738359,0.5530196682139472,-0.00027269244167790876,-0.004482251779459142,0.0077476331300225095,-0.00897357905782661,0.001225945927804101,0.003452125695598859,0.1040476327537044,1.2508351155644535,12.021754675816208,-2.3947193976566035,1.1248685367517264,0.7473707650920725,0.0024290249552241768,0.2047837635751455,0.06716452892740787,true
8.675,6.904803543059197,0.02317954622143382,0.46129415251317163,0.5466047976827131,-0.0002666442650941358,-0.00445690871684493,0.007702447530710084,-0.008929605816976861,0.0012271582862667775,0.0033570174845501894,0.10357692488512217,1.2495720488380182,12.064193354107843,-2.417796738411891,1.1307664618761886,0.7490930151130238,0.0023562276509801494,0.20105257012261524,0.06595323289536253,true
8.725,6.904803543059197,0.022534693905206335,0.4566038710984963,0.5401806068349715,-0.0002606422781786389,-0.004431480988820435,0.0076568258168656575,-0.008885144726766943,0.0012283189099012853,0.003263625643318776,0.10310522070130224,1.2483106139520428,12.107152338759082,-2.441092549300739,1.1366403298300796,0.7507932760215273,0.0022850058261102727,0.1973654906088221,0.06475595612343935,true
8.775,6.904803543059197,0.021901684705233446,0.4518792577689281,0.5337490110975434,-0.0002546891944076806,-0.0044059688710343554,0.007610789098116728,-0.008840214384687493,0.0012294252865707646,0.003171949001684388,0.10263255967797819,1.2470509642892877,12.150636875880888,-2.4646080786094573,1.1424895584835453,0.752471703682508,0.0022153466109680734,0.1937226561453727,0.06357274735930779,true
8.825,6.904803543059197,0.021280503693341377,0.4471224226897488,0.5273119193743381,-0.0002487876296659542,-0.004380372616389185,0.0075643582439812755,-0.008794833261252036,0.0012304750172707603,0.003081985397648689,0.10215898149319637,1.2457932524326918,12.194652239320336,-2.488344576773585,1.148313553976637,0.7541284511816672,0.0021472365360320584,0.1901241792627253,0.06240364942959625,true
8.875,6.904803543059197,0.020671129211369856,0.44233547115860017,0.520871232616839,-0.0002429401010698445,-0.004354692455399725,0.007517553877640865,-0.008749019691577807,0.0012314658139369423,0.0029937316945315203,0.10168452602059387,1.2445376301432765,12.239203729889283,-2.5123032958326963,1.1541117104392535,0.7557636687692496,0.002080661554467909,0.1865701541072427,0.06124869929621772,true
8.925,6.904803543059197,0.02007353299653426,0.43752050213355237,0.514428842438458,-0.0002371490259211278,-0.00432892859662961,0.0074703963708343405,-0.008702791867640869,0.001232395496806528,0.002907183799126689,0.10120923332793717,1.24328424833221,12.284296673839357,-2.5364854887891717,1.1598834095594932,0.7573775037635031,0.002015607065129864,0.1830606566871954,0.060107928128794966,true
8.975,6.904803543059197,0.019487680312239068,0.43267960677852335,0.5079866297459372,-0.00023141672097779095,-0.004303081227211539,0.007422905837416093,-0.008656167829974668,0.0012332619925585755,0.0028223366806472503,0.10073314367511402,1.242033257040935,12.329936421390347,-2.560892408868556,1.1656280201564464,0.7589701004592381,0.001952057935732065,0.17959574512257956,0.058981361378255125,true
9.025,6.904803543059197,0.01891353008286472,0.42781486702388005,0.5015464633715714,-0.00022574540203114526,-0.00427715051345422,0.007375102125107311,-0.008609165458563075,0.0012340633334557635,0.002739184390246245,0.10025629750752199,1.2407848054357107,12.376128345878897,-2.585525308720293,1.1713448978717305,0.7605416000724271,0.0018899985259410968,0.17617545987046057,0.057869018842271955,true
9.075,6.904803543059197,0.018351035032096903,0.4229283541440939,0.4951101987107484,-0.00022013718367291856,-0.0042511366015370216,0.007327004806540404,-0.008561802463468705,0.001234797656928301,0.002657720081050476,0.09977873544520555,1.239539041812322,12.422877843476247,-2.6103854395981263,1.1770333849747217,0.7620921407172969,0.0018294127103202257,0.17279982393103627,0.05677091472432007,true
9.125,6.904803543059197,0.017800141825127562,0.41802212735595756,0.4886796763787108,-0.00021459407914217786,-0.004225039618292719,0.007278633171038805,-0.008514096375918113,0.001235463204879308,0.0025779360287550117,0.09930049827047702,1.2382961136030863,12.470190333085606,-2.6354740505337495,1.182692810206677,0.7636218573937942,0.0017702839011860022,0.16946884305545176,0.05568705769332628,true
9.175,6.904803543059197,0.017260791215210815,0.4130982324406166,0.482256720898938,-0.00020911800019412526,-0.00419885967207913,0.00723000621812045,-0.008466064540347129,0.0012360583222266784,0.0024998236528484,0.09882162691671152,1.237056167380143,12.518071256029351,-2.660792387495,1.1883224885858625,0.7651308819639241,0.0017125950714615397,0.1661825059739156,0.054617450950064775,true
9.225,6.904803543059197,0.016732918194775626,0.4081587003930125,0.4758431394327808,-0.00020371075698680092,-0.0041725968537410394,0.007181142652950469,-0.008417724107531136,0.0012365814545806679,0.002423373538497816,0.09834216246037683,1.2358193488506273,12.566526075207598,-2.6863416925147856,1.1939217211125641,0.7666193431013031,0.001656328777580068,0.16294078465641368,0.05356209230437114,true
9.275,6.904803543059197,0.016216452150742716,0.4032055461016949,0.4694407205543677,-0.00019837405803078734,-0.004146251237664785,0.007132060883124548,-0.008369092028502,0.001237031145377451,0.0023485754590431055,0.09786214611703126,1.2345858028415253,12.615560273582295,-2.7121232027864126,1.199489794351081,0.7680873662093304,0.0016014671824237377,0.1597436346081266,0.0525209742638836,true
9.325,6.904803543059197,0.015711317023209954,0.3982407670590826,0.46305123306284435,-0.00019310951033018044,-0.004119822882929029,0.007082779015162714,-0.0083201850484442,0.0012374060332814869,0.0022754183989786626,0.0973816192391047,1.2333556732805027,12.665179352298495,-2.7381381497138144,1.205025979951933,0.7695350733261138,0.0015479920782145904,0.15659099518259167,0.05149408412869302,true
9.375,6.904803543059197,0.015217431466670801,0.3932663420993497,0.4566764248145786,-0.00018791861981206831,-0.004093311834554845,0.00703331484930451,-0.008271019699857649,0.0012377048505531384,0.0022038905773021696,0.09690062331088516,1.2321291031859427,12.715388829160748,-2.7643877579058516,1.210529534249511,0.7709625830517168,0.0014958849092247984,0.15348278988237124,0.050481404081879545,true
9.425,6.904803543059197,0.01473470901350714,0.3882842301621396,0.4503180215646094,-0.00018280279200847286,-0.004066718124856291,0.006983685872772188,-0.008221612295058862,0.0012379264222866747,0.002133979471192728,0.09641919993751864,1.2309062346754611,12.766194238005607,-2.790873244114413,1.2159996980328802,0.7723700105213824,0.0014451267942158683,0.1504189266289993,0.0494829112698987,true
9.475,6.904803543059197,0.014263058240141048,0.3832963690848509,0.44397772582633205,-0.00017776333284242671,-0.004040041774890517,0.006933909253211944,-0.00817197891887094,0.0012380696656589954,0.0020656718400740696,0.09593739082958382,1.229687208988243,12.81760112876709,-2.8175958161288857,1.2214356964484638,0.7737574674115374,0.0013956985486285652,0.14739929801520846,0.048498577877142936,true
9.525,6.904803543059197,0.013802382936271238,0.3783046744295933,0.4376572157726461,-0.00017280144937289218,-0.004013282796005827,0.0068840018342419835,-0.00812213542247485,0.0012381335882328658,0.0019989537501245176,0.09545523778879085,1.2284721665040896,12.869615067349894,-2.844556671648619,1.2268367388703727,0.7751250619351777,0.0013475807066187818,0.1444237815750521,0.047528371206510815,true
9.575000000000001,6.904803543059197,0.013352582276947203,0.3733110383494499,0.43135814419640206,-0.00016791825048194302,-0.003986441191487373,0.006833980133591023,-0.008072097418678714,0.0012381172850876908,0.0019338105991979165,0.09497278269960056,1.2272612467430126,12.922241634478024,-2.871756997156349,1.2322020185899842,0.7764728987899192,0.0013007535429929347,0.14149224009894232,0.04657225377496825,true
9.625,6.904803543059197,0.012913550996456035,0.3683173284937796,0.42508213752778756,-0.0001631147476198232,-0.003959516958302187,0.006783860342499552,-0.008021880277951749,0.0012380199354521965,0.0018702271420070907,0.09449006752669947,1.2260545883428944,12.975486423442927,-2.899197966809565,1.2375307123192227,0.777801079059742,0.0012551970949832346,0.13860452198893825,0.045630183422573,true
9.675,6.904803543059197,0.012485179562751317,0.36332538694852123,0.41883079488955466,-0.0001583918557481801,-0.003932510088946035,0.006733658324437152,-0.007971499124248712,0.0012378407998115603,0.0018081875153858056,0.09400713431347581,1.2248523290267224,13.029355037484015,-2.926880741367685,1.2428219796517184,0.7791097001082794,0.001210891183711063,0.13576046162238292,0.04470211342439395,true
9.725,6.904803543059197,0.012067354351747599,0.35833702920835575,0.4126056871720012,-0.00015375039452286687,-0.0039054205733936153,0.0066833896122075855,-0.007920968830151288,0.001237579217943703,0.0017476752635312656,0.0935240251761521,1.2236546055734359,13.083853087681883,-2.9548064671732077,1.2480749626492589,0.7803988555048382,0.001167815435208806,0.13295987969281164,0.043787992595022564,true
9.775,6.904803543059197,0.01165995782171827,0.3533540431821042,0.40640835612659837,-0.00014919108963866765,-0.0038782484011515316,0.006633069404135649,-0.007870304011665032,0.001237234607529383,0.0016886733632615833,0.09304078229222797,1.2224615537962114,13.138986191631881,-2.9829762752002615,1.2532887856040371,0.7816686349934611,0.0011259493009852493,0.13020258352304326,0.04288776538398723,true
9.825000000000001,6.904803543059197,0.011262868688644668,0.3483781882365703,0.40024031349361566,-0.000144714574227198,-0.003850993563412082,0.006582712560766457,-0.007819519023386536,0.0012368064626200794,0.0016311642494110145,0.09255744788654725,1.221273308520418,13.194759972394655,-3.011391280161837,1.258462554881085,0.7829191244795187,0.001085272078238526,0.12748836737169994,0.04200137196910771,true
9.875,6.904803543059197,0.010875962103180299,0.34341119428335276,0.3941030401801112,-0.00014032139026223139,-0.0038236560553053895,0.0065323336029266535,-0.007768627954471311,0.0012362943515446577,0.0015751298404591055,0.09207406421940442,1.2200900035511326,13.251180057000255,-3.040052579647906,1.2635953587036175,0.7841504059998895,0.0010457629298372458,0.12481701275793458,0.041128748355996426,true
9.925,6.904803543059197,0.010499109829157742,0.33845476090911525,0.3879979854916912,-0.00013601199001235322,-0.0037962358782481767,0.006481946710862751,-0.007717644625266367,0.0012356979144036162,0.0015205515643832606,0.09159067357805464,1.218911771628067,13.308252074260555,-3.068961253269813,1.268686266833274,0.7853625576659617,0.001007400904101251,0.12218828880991255,0.04026982648554173,true
9.975,6.904803543059197,0.01013218042286368,0.33351055654687506,0.3819265664099485,-0.0001317867375855304,-0.0037687330423875477,0.006431565723777469,-0.007666582584270015,0.0012350168604925464,0.0014674103846225553,0.09110731826981941,1.2177387443711398,13.365981652151572,-3.09811836183047,1.2737343301973882,0.7865556535928986,0.0009701649543026091,0.11960195262511895,0.039424534345432076,true
10.025,6.904803543059197,0.00977503941211478,0.32858021768687706,0.3758901669084365,-0.0001276459105734874,-0.003741147569138268,0.006381204139396918,-0.007615455105234739,0.0012342509658378204,0.0014156868260127087,0.0906240406147116,1.2165710522171622,13.424374415056352,-3.127524946584945,1.2787385805294897,0.7877297638310861,0.0009340339577758949,0.11705774963041722,0.03859279608174581,true
10.075000000000001,6.904803543059197,0.009427549474446843,0.32366534812786896,0.3698901373073727,-0.00012358970177678408,-0.0037134794938113655,0.006330875113598438,-0.007564275184426578,0.0012334000708281402,0.0013653610005926302,0.09014088293733634,1.2154088243420644,13.483435980841078,-3.157182028667016,1.2836980300336889,0.7888849543018627,0.0008989867345733563,0.11455541394045095,0.03777453211016763,true
10.125,6.904803543059197,0.009089570614201977,0.31876751826946004,0.363927793668881,-0.00011961822100554685,-0.0036857288683315357,0.006280591460110056,-0.007513055538045594,0.0012324640779355373,0.0013164126332513744,0.0896578875584966,1.2142521885645174,13.543171957651667,-3.1870906087213866,1.28861167106141,0.7900212867343823,0.0008650020656609507,0.11209466871655267,0.03696965922755497,true
10.175,6.904803543059197,0.008760960338796048,0.3138882644444567,0.35800441722994636,-0.00011573149697985589,-0.0036578957640403652,0.006230365650058982,-0.007461808599694737,0.0012314429496357547,0.0012688210872563762,0.08917509678570043,1.213101271236829,13.603587940611627,-3.217251666713933,1.2934784758263282,0.7911388186091785,0.000832058710692792,0.10967522652211424,0.03617809072248911,true
10.225,6.904803543059197,0.008441573834755547,0.30902908829019266,0.3521212538698367,-0.00011192947932322113,-0.0036299802745813612,0.006180209811467618,-0.007410546517944462,0.0012303367064768443,0.0012225653897482908,0.08869255290152156,1.2119561971325825,13.664689508692572,-3.247666161861894,1.2982973961937085,0.7922376031160352,0.0008001354254132051,0.1072967896697255,0.035399736483224156,true
10.275,6.904803543059197,0.00813126414404965,0.30419145616109,0.34627951361696235,-0.00010821204060484415,-0.0036019825188615667,0.006130135729282121,-0.007359281154286103,0.0012291454250039817,0.001177624257278588,0.08821029815086857,1.2108170893322359,13.726482221626108,-3.2783350326417264,1.303067363511667,0.7933176891178367,0.0007692109787381588,0.10495905056590989,0.034634503104953876,true
10.325000000000001,6.904803543059197,0.007829882340726808,0.2993767985870812,0.3404803702069559,-0.00010457897838756598,-0.0035739026440837047,0.0060801548465043605,-0.007308024081762403,0.0012278692352580426,0.001133976121391247,0.08772837473042051,1.2096840690957473,13.788971616229883,-3.3092591968831186,1.3077872883802166,0.7943791210964644,0.0007392641695431094,0.10266169206874207,0.03388229400148063,true
10.375,6.904803543059197,0.007537277707134235,0.2945865097803043,0.3347249606978754,-0.00010103001729774204,-0.003545740828843254,0.006030278266145111,-0.007256786584137129,0.0012265083179920176,0.0010915991541440464,0.08724682478218093,1.208557255710891,13.852163201677039,-3.340439552003416,1.3124560602926476,0.795421939066712,0.0007102738431236529,0.10040438786559111,0.03314300952371701,true
10.425,6.904803543059197,0.007253297908589964,0.28982194718697907,0.32901438513348746,-9.756481117804345e-5,-0.0035174972862856125,0.0059805167529816145,-0.007205579655094874,0.0012250629021132598,0.0010504712934057449,0.08676569038883192,1.2074367663181456,13.916062454031499,-3.371876975458399,1.3170725472262692,0.7964461784764073,0.0006822189072320199,0.0981868028579045,0.0324165470807027,true
10.475,6.904803543059197,0.0069777891656992875,0.2850844310785488,0.3233497062378828,-9.41829453581804e-5,-0.0034891722673189582,0.005930880734361438,-0.007154413997087843,0.0012235332627264046,0.0010105702678121025,0.08628501356576466,1.2063227157241947,13.980674810982794,-3.40357232547655,1.3216355953564276,0.7974518701312155,0.000655078347588234,0.09600859352907841,0.03170280125519659,true
10.525,6.904803543059197,0.0067105964243855355,0.2803752441791719,0.31773194913369374,-9.088393901292676e-5,-0.0034607660638773328,0.0058813803003338475,-0.007103300019966193,0.0012219197196323452,0.0009718736213908822,0.085804836247299,1.2052152162129064,14.046005667318603,-3.435526442093443,1.3261440289843642,0.7984390401623793,0.0006288312428560677,0.0938694082860656,0.031001663910733317,true
10.575000000000001,6.904803543059197,0.006451563524443883,0.27569563133251757,0.31216210109366427,-8.766724753537722e-5,-0.0034322790122266055,0.005832025204276371,-0.007052247839975347,0.001220222635698976,0.000934358737972941,0.08532520026970226,1.204114377350322,14.112060370725969,-3.4677401484487658,1.330596650594463,0.7994077100167746,0.0006034567791699789,0.09176888778859442,0.030313024294730588,true
10.625,6.904803543059197,0.006200533367458628,0.27104679921333064,0.30664111134345273,-8.453226487882533e-5,-0.0034037114963041877,0.005782824864995418,-0.007001267279612603,0.0012184424146171853,0.0008980028655111396,0.0848461473572334,1.2030203057704247,14.1788442167594,-3.500214252265124,1.33499224082441,0.8003578964212997,0.0005789342643414913,0.08970666529344247,0.02963676914673874,true
10.675,6.904803543059197,0.005957348084248196,0.2664299160860707,0.301169890924065,-8.147832589231111e-5,-0.0033750639510830302,0.005733788370108905,-0.006950367868249874,0.0012165794981409683,0.0008627831403308505,0.0843677191146732,1.2019331049359256,14.24636244227783,-3.5329495474322323,1.339329558221718,0.8012896112952829,0.0005552431418028486,0.08768236702613592,0.028972782815930725,true
10.725,6.904803543059197,0.005721849201128714,0.2618461116070025,0.29574931260396564,-7.850470871619176e-5,-0.0033463368659512726,0.005684924479500395,-0.006899558842916617,0.0012146343634162216,0.0008286766112093652,0.08388995702377278,1.2008528748837066,14.314620217809962,-3.5659468156780783,1.3436073388716832,0.8022028616308821,0.0005323630042292738,0.08569561256602373,0.028320947383175126,true
10.775,6.904803543059197,0.005493877803898653,0.25729647666352984,0.29038021082142157,-7.561063727697846e-5,-0.0033175307881004625,0.005636241627741157,-0.006848849148687571,0.0012126075209464137,0.000795660263125252,0.08341290243701967,1.1997797119728777,14.383622640139672,-3.599206828389667,1.3478242961338338,0.8030976493925599,0.0005102736067077307,0.08374601521609758,0.027681142778208854,true
10.825000000000001,6.904803543059197,0.005273274698742758,0.2527820632479387,0.28506338164658646,-7.279528385325623e-5,-0.003288646325915471,0.005587747925485748,-0.006798247438674696,0.0012104995131889482,0.0007637110405615415,0.08293659656408844,1.1987137086447492,14.45337472605902,-3.6327303486879248,1.351979120666423,0.8039739714721202,0.000488954879350363,0.08183318234035727,0.027053246886222692,true
10.875,6.904803543059197,0.005059880569949757,0.24830388436857434,0.279799582771183,-7.005777164104658e-5,-0.0032596841523579935,0.0055394511609161545,-0.006747762074160184,0.0012083109132440296,0.0007328058703474653,0.08246108045334814,1.197654953182063,14.523881406812624,-3.6665181338363233,1.3560704806659758,0.8048318196813118,0.000468386939355568,0.07995671568102464,0.026437135647961397,true
10.925,6.904803543059197,0.004853536134869101,0.24386291400366897,0.27458953354327836,-6.73971772741831e-5,-0.0032306450083339766,0.005491358802287082,-0.006697401125398447,0.001206042323111365,0.0007029216841003307,0.08198639497445996,1.1966035294496273,14.595147522005181,-3.7005709379572718,1.3600970221086408,0.8056711807357556,0.0004485501026013825,0.07811621168044569,0.025832683161581653,true
10.975,6.904803543059197,0.004654082296527034,0.23946008709904126,0.2694339150562005,-6.481253331091147e-5,-0.0032015297060339607,0.005443478001722881,-0.006647172373163451,0.00120369437144057,0.0006740354403284046,0.0815125808071748,1.19555951660677,14.667177811913128,-3.7348895149499777,1.364057368794803,0.8064920361891591,0.00042942489485856916,0.07631126182584008,0.02523976179228234,true
11.025,6.904803543059197,0.0044613602939358055,0.23509629960497008,0.2643333702832582,-6.230283073889566e-5,-0.003172339132235654,0.005395815599401869,-0.006597083310607976,0.0012012677112061068,0.0006461241461997027,0.08103967843473413,1.1945229888083309,14.739976908599758,-3.769474621468139,1.367950122244238,0.8072943623291009,0.0004109920626408512,0.07454145300789776,0.024658242286698787,true
11.075000000000001,6.904803543059197,0.004275211849674287,0.23077240854571004,0.25928850424123095,-5.9867021533784414e-5,-0.003143074251559465,0.005348378127134796,-0.006547141144935547,0.0011987630178007516,0.0006191648789156049,0.08056772813610592,1.1934940149207052,14.813549327151106,-3.804327019889445,1.37177386165208,0.8080781300784172,0.00039323258363432336,0.07280636787012254,0.024087993884387253,true
11.125,6.904803543059197,0.004095479314075923,0.2264892321190945,0.25429988417269367,-5.7504021251435294e-5,-0.003113736109668663,0.00530117181117482,-0.006497352798801951,0.001196180987627131,0.0005931348065931224,0.08009676997228302,1.192472658268034,14.887899458126485,-3.839447481320206,1.375527144097091,0.8088433049404156,0.00037612767662249997,0.07110558513229212,0.02352888442089451,true
11.175,6.904803543059197,0.00392200580542041,0.22224754982953904,0.24936803975247385,-5.521271160709786e-5,-0.0030843258364057938,0.005254202574853463,-0.0064477249117435055,0.0011935223368900426,0.0005680112085683979,0.07962684376775281,1.1914589763969854,14.96303156096589,-3.8748367887459483,1.3792085049819272,0.8095898469817202,0.00035965881086228135,0.06943867989414879,0.02298078042447283,true
11.225,6.904803543059197,0.003754635345744806,0.2180481026599367,0.2444934633322552,-5.2991943000649506e-5,-0.0030548446488562484,0.005207476041880801,-0.006398263842052311,0.0011907878001715102,0.0005437714950657817,0.07915798909178284,1.1904530208353252,15.038949757238118,-3.9104957404332032,1.3828164585425569,0.810317710818212,0.00034380771490599097,0.06780522393684324,0.022443547212285347,true
11.275,6.904803543059197,0.00359321299214691,0.21389159328455476,0.23967661023263204,-5.0840536985081686e-5,-0.0030252938543288885,0.0051609975406269205,-0.006348975669256754,0.0011879781286298335,0.000520393226214069,0.07869024524441968,1.1894548368248108,15.115658022544553,-3.946425153595661,1.3863494982391087,0.8110268455660199,0.00032855638489969835,0.06620478603822436,0.021917048991453927,true
11.325000000000001,6.904803543059197,0.00343758496361479,0.20977868631883817,0.23491789907816168,-4.8757288708587806e-5,-0.0029956748532435967,0.005114772108921299,-0.006299866196973822,0.001185094088052523,0.0004978541304148034,0.07822365124755545,1.1884644630339303,15.19316017700044,-3.982625868231962,1.3898060969977246,0.8117171947523765,0.0003138870923834161,0.06463693230085443,0.021401148964564923,true
11.375,6.904803543059197,0.003287598763448846,0.20571000859801106,0.2302177121597235,-4.674096936385905e-5,-0.0029659891419166534,0.005068804498508197,-0.006250940955699161,0.0011821364571909642,0.0004761321220722616,0.07775824583647466,1.1874819312798102,15.271459875484856,-4.0190987509853855,1.393184707469186,0.8123886962201696,0.00029978239159535565,0.0631012264756324,0.020895709433925876,true
11.425,6.904803543059197,0.0031431032972640835,0.20168614947784086,0.2255763958089581,-4.4790328649705055e-5,-0.0029362383152363395,0.005023099178642243,-0.006202205205275918,0.0011791060266336754,0.0004552053186833352,0.0772940674458351,1.1865072662936154,15.350560599299254,-4.055844698897093,1.3964837625412339,0.8130412820727033,0.00028622512626305473,0.06159723026149497,0.020400591898071186,true
11.475,6.904803543059197,0.0030039489864290125,0.1977076611570207,0.22099426078191814,-4.29040972149455e-5,-0.0029064240692218395,0.004977660339046014,-0.006153663937153535,0.0011760035981075202,0.0004350520572665131,0.07683115418808849,1.1855404855417495,15.430465649903638,-4.092864643012257,1.3997016762007235,0.8136748786758099,0.00027319843586497616,0.06012450357701527,0.019915657139131886,true
11.525,6.904803543059197,0.0028699878766121492,0.193775059026005,0.21647158266221164,-4.10809890467361e-5,-0.002876548203458603,0.004932491892810207,-0.006105321876728725,0.001172829983918518,0.0004156509100823151,0.07636954382727146,1.1845815990878987,15.51117814409265,-4.130159551895422,1.402836844653995,0.8142894066972503,0.000260685761351268,0.05868260481552635,0.01944076530495193,true
11.575000000000001,6.904803543059197,0.002741073740928069,0.18988882204611407,0.21200860229397678,-3.931970379006783e-5,-0.002846612623403288,0.004887597479287587,-0.0060571834857949865,0.0011695860065073999,0.00039698069957159516,0.07590927375241954,1.1836306094711766,15.592701009518608,-4.167730435159635,1.4058876475554392,0.8148847811528259,0.0002486708503114441,0.057271091097906124,0.01897577599067093,true
11.625,6.904803543059197,0.0026170621769538117,0.1860493931534435,0.20760552623640152,-3.7618929030002096e-5,-0.0028166193425540036,0.004842980465521963,-0.0060092529643725025,0.0011662724988505393,0.0003790205124061087,0.07545038094824003,1.182687511600533,15.675036981083935,-4.205578347141117,1.4088524494491395,0.8154609114792263,0.00023713776154313723,0.0558895185157043,0.018520548317355202,true
11.675,6.904803543059197,0.002497810696694241,0.18225717966712016,0.2032625271991727,-3.597734260392105e-5,-0.0027865704844886024,0.0047986439426095364,-0.005961534250123884,0.001162890307514348,0.00036174971251789985,0.07499290194660495,1.1817522927248856,15.75818860251994,-4.243704390872982,1.4117296021049055,0.8160177017643631,0.00022607086892202218,0.054537442317544156,0.018074940992033738,true
11.725,6.904803543059197,0.0023831788081430123,0.17851255366226726,0.1989797443764469,-3.439361504222845e-5,-0.0027564682847888104,0.004754590710291049,-0.005914031012029194,0.0011594403017381452,0.0003451479529115084,0.074536872721534,1.180824932624494,15.842158243423981,-4.282109722632556,1.414517449335112,0.8165550514360601,0.00021545486439057316,0.05321441693917016,0.01763881231601163,true
11.775,6.904803543059197,0.0022730280866421746,0.17481585224345086,0.19475728353891686,-3.28664122979292e-5,-0.0027263150928962076,0.004710823238190867,-0.005866746632593112,0.0011559233944022458,0.00032919518599874625,0.07408232845740413,1.1799054043161759,15.926948151941499,-4.32079555744353,1.417214337355381,0.8170728569843427,0.000205274759791415,0.051919995700617165,0.017212020082742134,true
11.825000000000001,6.904803543059197,0.002167222232220111,0.1711673776109292,0.19059521664790624,-3.139439888079327e-5,-0.0026961133739976384,0.004667343586776454,-0.005819684170269988,0.0011523405834935338,0.0003138716719027629,0.07362930306636443,1.1789936757488404,16.012560579123992,-4.359763176921916,1.4198186361643557,0.8175710157378389,0.00019551588696649832,0.05065372987377709,0.016794421266610748,true
11.875,6.904803543059197,0.002065627108257393,0.16756739676005372,0.18649358062315483,-2.997624179332664e-5,-0.0026658657111137433,0.004624153259868725,-0.005772846288312253,0.001148693028443528,0.00029915798405789396,0.07317782824465047,1.178089713383595,16.09899803865411,-4.399013940946487,1.422328781436515,0.8180494334542056,0.00018616389542809575,0.04941516663863992,0.016385871342367075,true
11.925,6.904803543059197,0.0019681107558887348,0.16401614061398445,0.18245237478246357,-2.8610615309739045e-5,-0.0026355748077047246,0.004581252961353504,-0.005726235136930963,0.001144982175577459,0.00028503501129544906,0.07272793176691414,1.1771934889001008,16.18626379577093,-4.438549306399394,1.4247433507694298,0.8185080382684583,0.00017720474657461737,0.04820384528461136,0.015986223021135098,true
11.975,6.904803543059197,0.00187454337972502,0.1605138023977011,0.1784715564637109,-2.7296206421979537e-5,-0.0026052434912176518,0.004538642237373007,-0.005679852180274571,0.001141209942901564,0.00027148395577587965,0.07227963466583498,1.176304990526836,16.27436270209664,-4.478370857430021,1.4270611910370201,0.8189468040409702,0.00016862470353859937,0.04701929098612336,0.015595324179821091,true
12.025,6.904803543059197,0.0017847973075726148,0.15706053520399277,0.17455103461564533,-2.6031720332311837e-5,-0.0025748747181309514,0.004496319012243483,-0.005633697973596223,0.0011373789613527401,0.0002584863271550597,0.07183294702017512,1.1754242403222677,16.36330248280272,-4.518480351176062,1.4292816112235085,0.8193657856472911,0.0001604103166639515,0.045861005794525865,0.015213014864587452,true
12.075000000000001,6.904803543059197,0.001698746938662989,0.1536564490388964,0.1706906618742804,-2.4815884346608278e-5,-0.0025444715810231037,0.004454279088236401,-0.005587771927095201,0.0011334928388588,0.00024602393508655186,0.07138786240827813,1.1745513174210598,16.453095495472617,-4.558879781518731,1.4314046411926447,0.8197651661124232,0.0001525484062662295,0.04472845740415569,0.014839123553624512,true
12.125,6.904803543059197,0.001616268710991272,0.15030160816483107,0.16689022685926785,-2.364744787428248e-5,-0.002514037317921391,0.004412515756842822,-0.005542072131372524,0.0011295563745297027,0.00023407888449135782,0.07094435174554546,1.1736863846040997,16.543760788931227,-4.599571458010951,1.433431327740564,0.8201453100873003,0.00014502604702588723,0.04362106782481292,0.014473463388020262,true
12.175,6.904803543059197,0.0015372411332341819,0.14699603016406915,0.16314944989488242,-2.252517610945119e-5,-0.0024835753235550122,0.004371019741325909,-0.005496595354438487,0.0011255756131125783,0.0002226335801804872,0.07050235816016172,1.1728297116104796,16.635325997835945,-4.640558088089489,1.435363996316313,0.8205068102996294,0.00013783056122000696,0.04253820605878632,0.014115829733546706,true
12.225,6.904803543059197,0.0014615449301374865,0.14373968851219338,0.1594679864009283,-2.1447836169211653e-5,-0.0024530891611621187,0.004329779705708052,-0.005451337325836839,0.0011215576201287873,0.00021167074791094548,0.07006179545134121,1.1719816846622026,16.727828299463987,-4.6818428392348315,1.4372063633802927,0.8208505058118671,0.00013094952952753133,0.041479190380994325,0.013766000935626051,true
12.275,6.904803543059197,0.0013890633314874224,0.1405325201543458,0.15584544180100224,-2.0414177253459985e-5,-0.002422582572421624,0.0042887834713709804,-0.005406293373807479,0.0011175099024364988,0.0002011734762365148,0.06962255292527363,1.171142790196059,16.82131351105517,-4.72342934848864,1.4389633670881254,0.8211774480809916,0.00012437082631689946,0.04044330552882778,0.01342374403321567,true
12.325000000000001,6.904803543059197,0.0013196824896945483,0.13737443830347368,0.15228139912134792,-1.9422910095328592e-5,-0.0023920594823826423,0.004248019860669883,-0.005361459368237191,0.0011134395075673076,0.00019112527698505067,0.06918450836764689,1.1703135646633274,16.915832637622778,-4.765321646642583,1.440640623781999,0.8214887985305008,0.00011808267981812688,0.039429836851168715,0.01308882611454982,true
12.375,6.904803543059197,0.0012532919494274734,0.13426534855634084,0.14877545561256517,-1.8472693794110726e-5,-0.0023615239965309393,0.004207480790625222,-0.005316832773520041,0.001109351982894819,0.00018151015327399136,0.06874754834275466,1.1694945127536294,17.01143591219981,-4.807523980325369,1.4422435294486207,0.8217856621296663,0.00011207374720263316,0.03843811724868882,0.012761029929871015,true
12.425,6.904803543059197,0.0011897850398708883,0.13120516421526932,0.14532725933523305,-1.7562137895700655e-5,-0.0023309803887207295,0.00416716299794666,-0.0052724134971236375,0.0011052504991769779,0.0001723126563197988,0.06831159152683831,1.1686860111538486,17.108165466979266,-4.850040548623208,1.443776185330358,0.8220688907660332,0.00010633318411547261,0.0374675755265787,0.012440169977354264,true
12.475,6.904803543059197,0.0011290590480488205,0.12819381562214782,0.14193653349683444,-1.6689823194014892e-5,-0.0023004330813952488,0.004127068746274552,-0.005228204210146449,0.001101135463871897,0.00016351791053979605,0.06787660792490473,1.1678882275630555,17.20604878863641,-4.8928752126855874,1.4452404678364523,0.8223389154877193,0.00010085068336995348,0.036517770186446016,0.012126103749169047,true
12.525,6.904803543059197,0.0010710150812515697,0.12523124941273084,0.13860307809831118,-1.5854337293854957e-5,-0.0022698866223767474,0.0040872051405826445,-0.005184209960196877,0.0010970048196142328,0.00015511159362791265,0.06744262648322265,1.1671010869102818,17.305095423598537,-4.9360312675920435,1.4466355958500605,0.8225956717871775,9.561646314422157e-5,0.03558839435947034,0.011818733380600554,true
12.575000000000001,6.904803543059197,0.0010155576298523305,0.12231741697510795,0.1353267458406726,-1.5054314227613305e-5,-0.0022393456641430177,0.0040475821753531305,-0.005140437152862843,0.0010928549775097128,0.0001470798732388531,0.06700972694344189,1.1663243032989095,17.405298551407622,-4.979511362323896,1.4479584127901592,0.8228386563004716,9.062120161674664e-5,0.03467924681532189,0.011517996015209071,true
12.625,6.904803543059197,0.0009625939572061289,0.11945225570255887,0.13210739927877896,-1.4288465456049755e-5,-0.0022088149509479488,0.004008210140826236,-0.005096892227265294,0.0010886820864390578,0.00013940931862916527,0.06657801765190183,1.1655574718815829,17.506641275737778,-5.023317604123102,1.4492043387426097,0.8230671049492774,8.58559357525967e-5,0.03379017699859618,0.01122384552874261,true
12.675,6.904803543059197,0.0009120335165016973,0.11663566979387449,0.12894486395437543,-1.3555592531829818e-5,-0.0021782993164016513,0.003969097319028439,-0.005053580499873906,0.0010844831808454677,0.00013208681620181445,0.06614760665778081,1.1648001910832861,17.609105603917914,-5.067451807453792,1.4503686811169652,0.8232802342091722,8.131195622197514e-5,0.032921022409919044,0.010936231703181698,true
12.725,6.904803543059197,0.000863787583970652,0.11386751772582185,0.1258388949840219,-1.285457755702324e-5,-0.002147803689789633,0.003930248862067323,-0.0050105056212414786,0.0010802567591741558,0.00012509951638507415,0.06571857738320429,1.1640521665989811,17.71268053797644,-5.111915789687759,1.4514477831595516,0.8234774500960229,7.698073285330046e-5,0.03207156183899272,0.010655084671209935,true
12.775,6.904803543059197,0.0008177692003913492,0.11114761120678268,0.12278917071748727,-1.2184358386551429e-5,-0.002117333105352948,0.0038916670334517684,-0.004967669723476345,0.0010760026900245765,0.00011843482516072192,0.06529097991074882,1.163313247180525,17.81736541204843,-5.156711589866129,1.45243947595326,0.8236584283008891,7.285389397801914e-5,0.031241503962103047,0.010380311124746468,true
12.825000000000001,6.904803543059197,0.0007738933553993791,0.10847572493235176,0.11979531072330775,-1.1543907727160923e-5,-0.002086892709397007,0.003853351878045913,-0.004925073778635228,0.0010717219005893148,0.00011208043075712231,0.06486483743888088,1.162583396678503,17.923168277018366,-5.201841500634745,1.4533428450503159,0.8238230691931957,6.892325197957045e-5,0.03043050607717291,0.010111800548498707,true
12.875,6.904803543059197,0.0007320771314229172,0.10585160191434717,0.11685688678225514,-1.0932227468456344e-5,-0.00205648776623548,0.0038153014938719634,-0.0048827177568302555,0.0010674162629582921,0.00010602432449491066,0.06444015038739268,1.1618626824110891,18.030105073100522,-5.247308014586282,1.4541580848001086,0.823971469568355,6.518082561207413e-5,0.029638186797322146,0.009849429440940556,true
12.925,6.904803543059197,0.0006922395820356842,0.10327494242089201,0.11397340911599979,-1.0348338766254037e-5,-0.002026123665065038,0.0037775129371184013,-0.004840601105779142,0.001063088168660741,0.00010025478316925221,0.0640168910225244,1.1611512955004593,18.13820191755184,-5.293114037361116,1.4548866883400762,0.8241039559869342,6.161882625016934e-5,0.02886412051321011,0.009593059474607703,true
12.975,6.904803543059197,0.0006543020579404618,0.10074543882511874,0.11114437874892408,-9.791251000934494e-6,-0.001995805918480186,0.0037399854129435634,-0.004798724357891143,0.0010587389449475794,9.476041626096303e-5,0.06359502459802073,1.160449444185826,18.24748793668904,-5.339262905556638,1.4555305932993077,0.8242209286755209,5.8229698847487476e-5,0.02810787960124245,0.00934255154722886,true
13.025,6.904803543059197,0.0006181896441928641,0.09826287302349318,0.10836943785579256,-9.259953446931877e-6,-0.0019655401356695064,0.0037027242291905373,-0.00475709105722806,0.0010543668280375224,8.953037408490452e-5,0.06317457941392202,1.1597570780130237,18.357970702333535,-5.385756820915149,1.4560892912749455,0.8243223371256613,5.5006306136467205e-5,0.027369156712967323,0.009097806461141425,true
13.075000000000001,6.904803543059197,0.0005838307193843633,0.09582693756579704,0.10564820742897055,-8.753463154244116e-6,-0.0019353319738395665,0.003665738933389868,-0.0047157066995170025,0.0010499677661271346,8.455428394791014e-5,0.06275566943315025,1.159073804594103,18.469626968584773,-5.432595946874007,1.4565570584577814,0.8244071798763568,5.194195795110529e-5,0.026647792074744808,0.008858774009429795,true
13.125,6.904803543059197,0.000551153088298061,0.09343692742438674,0.10297990410357696,-8.270831175032259e-6,-0.0019051871260380557,0.0036290300398575375,-0.004674572046872629,0.0010455420070150916,7.982169005403313e-5,0.06233839097444167,1.1583991508186229,18.582435842682546,-5.479782904910575,1.4569256600445526,0.8244739970274564,4.903000082263776e-5,0.025943587080603413,0.008625391027966563,true
13.175,6.904803543059197,0.000520087932471587,0.09109309613927216,0.10036467396257795,-7.811117174459648e-6,-0.0018751114240235377,0.0035925827089400373,-0.004633680329744901,0.0010410976208048636,7.532262565158518e-5,0.061922820427626306,1.1577325762862167,18.69637991763219,-5.5273229053546755,1.4571971361554843,0.8245231860080553,4.6263849734928424e-5,0.025256304111064276,0.008397581320113277,true
13.225,6.904803543059197,0.0004905775038026399,0.08879771308781773,0.09780468252946198,-7.373636263807844e-6,-0.0018451109061843154,0.0035564046538559893,-0.004593036486702427,0.0010366318328464373,7.104872727273683e-5,0.06150910282219917,1.15707377602565,18.811423398099897,-5.575210956427492,1.45738966666189,0.8245580594434555,4.363768173567615e-5,0.024585812543309996,0.008175304003747245,true
13.275,6.904803543059197,0.0004625412829663613,0.08654532436504489,0.09529401452454911,-6.957724703155039e-6,-0.0018151914668444596,0.0035204952461801286,-0.00455264027023698,0.001032145024056851,6.69883335683481e-5,0.06109669364692098,1.1564256450336474,18.927794222657194,-5.623452505496871,1.4574840455140161,0.8245751510416359,4.1144629141159564e-5,0.023930890614856426,0.007958154954051378,true
13.325000000000001,6.904803543059197,0.0004359024398782339,0.08433251254166058,0.09282873637702528,-6.562253914186613e-6,-0.0017853592872045237,0.003484825009622886,-0.004512477623670545,0.001027652614047659,6.313031748983054e-5,0.06068495823953927,1.1557907063808834,19.045752685841485,-5.672069382670302,1.4574833345335683,0.8245750222946192,3.877747026608805e-5,0.023290252968372553,0.0077457090197160594,true
13.375,6.904803543059197,0.0004106331710235972,0.0821688192637143,0.09041886178736,-6.1862263724192395e-6,-0.001755620791372226,0.0034494149669426865,-0.004472560580487521,0.0010231456135448348,5.947065234555026e-5,0.06027500561692154,1.1551638478316502,19.164889924246655,-5.721047200890528,1.457428679222032,0.8245651247215413,3.653248301723228e-5,0.02266531908349605,0.007538441081765411,true
13.425,6.904803543059197,0.00038666609874282585,0.08004928854019656,0.08805950678722382,-5.828981540216536e-6,-0.0017259820501107346,0.00341428669905524,-0.004432899991344699,0.001018613292289459,5.5999580050544364e-5,0.05986705297091297,1.1545441913935937,19.28513487968985,-5.7703827307859905,1.4572625558216687,0.8245350366569849,3.440457279100536e-5,0.022056063726901134,0.007336345065342215,true
13.475,6.904803543059197,0.00036394039014752625,0.07797290560553755,0.08574929922041072,-5.489830857521082e-6,-0.001696449308360186,0.0033794247317788235,-0.004393488493435375,0.0010140637616565516,5.270829037755377e-5,0.05946077036242195,1.1539333775803968,19.406633492082374,-5.820083061660274,1.4569973553125715,0.8244869893685476,3.238795875972157e-5,0.02146165302588962,0.007139145658226515,true
13.525,6.904803543059197,0.0003424004381653469,0.07593929657580487,0.08348763346954968,-5.168016598409029e-6,-0.0016670289418923103,0.0033448223443279536,-0.004354323302334003,0.001009500958006049,4.958872993707874e-5,0.05905601171409929,1.1533321670108858,19.52946251423772,-5.870153146599115,1.4566422768331757,0.8244226306466904,3.0477373581487288e-5,0.0208815588175612,0.006946669221083275,true
13.575000000000001,6.904803543059197,0.0003219939657247695,0.07394816102361876,0.08127409017203086,-4.862791562590003e-6,-0.00163772738143667,0.0033104792282499136,-0.004315404839948618,0.001004925611698704,4.663332761269395e-5,0.0586527973353633,1.1527405248875575,19.653632516390488,-5.920595280850666,1.4561983459341858,0.8243421222258522,2.8667988414638594e-5,0.02031550617960593,0.0067588263310635445,true
13.625,6.904803543059197,0.00030267044259275867,0.07199909994302972,0.07910816850956519,-4.573441316717979e-6,-0.00160855109185789,0.003276395631763624,-0.004276733764362703,0.0010003381325990788,4.38347652768495e-5,0.05825116987633478,1.1521583098158934,19.779144560733897,-5.971411233844101,1.455664446622249,0.8242452314221902,2.6955183129283502e-5,0.019763253715304123,0.006575538646430168,true
13.675,6.904803543059197,0.000284380912661866,0.0700916588657822,0.07698930250165603,-4.299278868916519e-6,-0.001579506571925844,0.0032425711590449704,-0.004238310387868203,0.0009957392288232328,4.118595277742979e-5,0.057851153320822114,1.1515854772576806,19.906007247105226,-6.022602882437542,1.4550400292069798,0.8241318216750003,2.5334488934001357e-5,0.019224535996840316,0.006396719746602726,true
13.725,6.904803543059197,0.00026707811515206954,0.06822536141450791,0.07491690135131687,-4.039639322227799e-6,-0.001550600349977068,0.003209005523637746,-0.004200135060361348,0.0009911295367236016,3.8680045491017646e-5,0.057452763823890696,1.1510220264084143,20.03423246854806,-6.074172073972001,1.454324852719616,0.82400180592673,2.380159937748947e-5,0.018699080336204744,0.006222280717495313,true
13.775,6.904803543059197,0.00025071654409815466,0.06639972172128042,0.07289037127409756,-3.7938779431583544e-6,-0.0015218389726336685,0.0031756993413128752,-0.0041622085530541395,0.0009865092117412643,3.631045293825606e-5,0.05705602584931746,1.1504679151342123,20.163828412664934,-6.126120416954505,1.4535181881790307,0.8238550017011396,2.2352382039120454e-5,0.018186628422894476,0.006052137358868078,true
13.825000000000001,6.904803543059197,0.00023525246596812642,0.06461425061248859,0.07090912872530827,-3.5613695942469426e-6,-0.0014932289873260546,0.0031426548889501547,-0.004124532407903943,0.0009818775189537879,3.407084133546499e-5,0.05666098603786175,1.1499229842261287,20.294793024917222,-6.178449057345109,1.4526180607433195,0.8236909922777906,2.0982884038248567e-5,0.01768695252344475,0.005886215581730425,true
13.875,6.904803543059197,0.00022064395206771885,0.06286846185853544,0.06897261483982135,-3.3415082640698934e-6,-0.0014647769165980137,0.0031098771415382777,-0.004087109402501899,0.0009772322609636216,3.195513828767991e-5,0.056267731002537624,1.1493868606437647,20.42710520159287,-6.2311583052890995,1.451620242831052,0.8235089410597486,1.9689338715613463e-5,0.01719987438904828,0.00572445770792898,true
13.925,6.904803543059197,0.00020685095303114067,0.06116188486704832,0.06708032086957472,-3.133706523889499e-6,-0.0014364892197461449,0.003077375288194621,-0.004049944217318393,0.0009725689291237719,2.995754357690163e-5,0.05587641603931026,1.1488588004069045,20.560710257412673,-6.284246995119733,1.4505166712674813,0.8233072984336427,1.8468177907200287e-5,0.01672529467297316,0.005566832270565361,true
13.975,6.904803543059197,0.00019383540552569045,0.059494085539075994,0.0652318280123621,-2.9373951582878443e-6,-0.0014083722355841826,0.003045164815780316,-0.004013044330307577,0.0009678795145272607,2.8072544615774978e-5,0.055487309417226696,1.1483374394318377,20.695496889155752,-6.337711528304604,1.4492930366378771,0.8230833530709423,1.7316049598631437e-5,0.01626323659934351,0.005413348562602813,true
14.025,6.904803543059197,0.00018156134098537883,0.05786469062215069,0.06342685691401352,-2.752023122023782e-6,-0.0013804320989771024,0.0030132701418018816,-0.003976421106236288,0.0009631509644344063,2.6294932195121868e-5,0.05510085397580726,1.1478204342003628,20.83126397105076,-6.391544602090308,1.447925371879854,0.8228325925983005,1.6229837881171465e-5,0.01581390350985664,0.005264075810630121,true
14.075000000000001,6.904803543059197,0.00016999496822396698,0.05627340891396149,0.0616653188853931,-2.5770575346645246e-6,-0.0013526746236124571,0.002981727672886613,-0.003940090994227145,0.0009583633213405321,2.4619812448516113e-5,0.054717745200292225,1.1473039882632556,20.9676766479246,-6.445733654515807,1.4463755793034943,0.822547857020717,1.520668123661652e-5,0.015377746976304903,0.0051191658715534615,true
14.125,6.904803543059197,0.0001591047157559959,0.05472004640378046,0.05994736444119997,-2.4119829531033345e-6,-0.0013251051443838573,0.0029505889670973532,-0.0039040766503497825,0.0009534876832524293,2.3042612981498965e-5,0.05433902407482815,1.1467822653617608,21.1042116579527,-6.500259079953973,1.4445859444332436,0.8222182850504102,1.4243985813649233e-5,0.014955541729534644,0.004978878203941799,true
14.175,6.904803543059197,0.00014886120671140512,0.05320451555856302,0.05827342622604479,-2.256299238908356e-6,-0.0012977283169379576,0.0029199229925889886,-0.0038684074716079314,0.0009484844790189429,2.1559079238545817e-5,0.05396617841459344,1.1462467124665414,21.24009418752126,-6.555092428738612,1.4424730472719418,0.8218281149247852,1.333942791184288e-5,0.014548459499381326,0.004843604481466638,true
14.225,6.904803543059197,0.00013923704913896173,0.05172683155531032,0.05664423569913819,-2.109518217166816e-6,-0.00127054788736946,0.002889815032010538,-0.0038331183535249124,0.0009433033215143745,2.0165244133401118e-5,0.05360122204424994,1.1456854482797405,21.37424119423866,-6.610195406137546,1.4399229051905953,0.821355657715585,1.2490926608869435e-5,0.014158109945774485,0.00471388225023593,true
14.275,6.904803543059197,0.00013020618981019532,0.05028707065503529,0.0550607545036747,-1.971160708671662e-6,-0.001243566480963898,0.0028603585712584194,-0.0037982449911708556,0.0009378864199124362,1.8857334462626437e-5,0.05324667024435556,1.1450831694415657,21.50525402220716,-6.6655215984337985,1.4367920341026896,0.8207732898670261,1.1696547240169566e-5,0.013786470084639447,0.004590371448279506,true
14.325000000000001,6.904803543059197,0.00012174260068205125,0.04888525940241385,0.053523942838151414,-1.8407573653579922e-6,-0.0012167855063172505,0.002831638081054485,-0.0037638149816220804,0.0009321769005675952,1.7631580670304308e-5,0.05290529278587928,1.1444222851091406,21.631527298051232,-6.721023477366808,1.4329212000052087,0.8200497279725931,1.0954299727230925e-5,0.013435599163581474,0.004473759453872209,true
14.375,6.904803543059197,0.00011381850878856132,0.04752119801179997,0.05203435535058449,-1.7178585445746168e-6,-0.0011902052859316889,0.002803706624048698,-0.003729837051196344,0.0009261304271476461,1.6483960489067534e-5,0.05257959139262383,1.1436857177557829,21.751513989822023,-6.776665105354983,1.4281650035594926,0.8191552515648105,1.0261862023159485e-5,0.013107116438789467,0.0043645871317666085,true
14.425,6.904803543059197,0.00010640308798634171,0.046194291348023414,0.05059171459926731,-1.6020546687376024e-6,-0.001163825451026208,0.0027765695471139037,-0.0036962941649068964,0.0009197246177929928,1.541000946990006e-5,0.052271157233794226,1.1428606832051837,21.864078464792513,-6.8324356240561555,1.4224286402621649,0.8180684308686705,9.61636631174251e-6,0.012801623161295073,0.004263056251820394,true
14.475,6.904803543059197,9.946283434311245e-5,0.04490351234364194,0.049194745086213396,-1.4929931286682785e-6,-0.0011376454833753851,0.002750186161431931,-0.0036631461004521648,0.0009129599390202336,1.440487534842231e-5,0.051980281333116905,1.1419414215903871,21.968742613612026,-6.888353991679762,1.4156908546718237,0.8167805892183083,9.01442841931505e-6,0.012518427816371804,0.004168937882890465,true
14.525,6.904803543059197,9.296351010548545e-5,0.04364753393697299,0.04784141891748499,-1.3903645676278045e-6,-0.0011116651672686472,0.0027244902757255773,-0.00363034116401494,0.0009058508882893628,1.3463599583355799e-5,0.051706126252258205,1.14092872368603,22.06563914921399,-6.944462916486382,1.4079950156002454,0.8152945406341463,8.452431753698748e-6,0.012255822786667574,0.004081664485019722,true
14.575000000000001,6.904803543059197,8.687326752144625e-5,0.04242503523271789,0.04652956630438624,-1.2938686274386733e-6,-0.0010858847716826493,0.0026994149133787735,-0.0035978291413152905,0.000898414227936517,1.2581569769464686e-5,0.05144738648875684,1.13982665113553,22.15519055345259,-7.000809437485834,1.3994137854221764,0.8136183117282706,7.926964876840135e-6,0.012011780763445279,0.004000561853005551,true
14.625,6.904803543059197,8.116154427713298e-5,0.04123460645836641,0.045256994381934805,-1.20317317378079e-6,-0.0010603050080413706,0.0026749026912886555,-0.003565566367896085,0.0008906636766074297,1.175435966729534e-5,0.05120277519004607,1.138638503546683,22.237827916953158,-7.057459192633106,1.3900171242814872,0.8117592311061216,7.434832576398548e-6,0.011784421948420172,0.003925004854468884,true
14.675,6.904803543059197,7.580733507916269e-5,0.040075813049734094,0.04402270513117626,-1.1180480151233351e-6,-0.0010349269794567779,0.002650899284988696,-0.0035335123078706495,0.0008826130228819537,1.0978927149254703e-5,0.050971448254349,1.137368637695153,22.313837974931587,-7.114401782254762,1.3798687552887219,0.8097233249586587,6.9738108228901255e-6,0.011572384538198402,0.0038545405729499523,true
14.725,6.904803543059197,7.076680387357173e-5,0.0389445745744014,0.04282157838498835,-1.0379853135256467e-6,-0.0010097522680572488,0.00262733036574607,-0.0035016182753144923,0.0008742879095684224,1.0248923583743016e-5,0.050751147352476676,1.1360170111858003,22.38406559158041,-7.1719164551348245,1.3690409104812993,0.8075183824094747,6.539651044735716e-6,0.011373118521098919,0.0037883209626801907,true
14.775,6.904803543059197,6.608754924613915e-5,0.03785215503269526,0.04166542259782555,-9.63874190833208e-7,-0.000984783319379175,0.0026041826638060644,-0.003469869139644115,0.0008656864758380504,9.571242517474847e-6,0.050544114631874845,1.1346082389087888,22.447880374845187,-7.229165329187162,1.3576645393221578,0.8051646915146478,6.136491350267786e-6,0.011188203867805818,0.003726870735750927,true
14.825000000000001,6.904803543059197,6.149324803891862e-5,0.036744532173727626,0.04049425676931327,-8.920206626893851e-7,-0.0009600219802837261,0.0025809182839328813,-0.003437985549753614,0.0008570672658207326,8.905864975801155e-6,0.0503329887454843,1.133094371087359,22.511962816613316,-7.28956571142536,1.3456197202104858,0.8026305408551844,5.739194289347358e-6,0.011001973037276895,0.0036649790094221697,true
14.875,6.904803543059197,5.7929207966920005e-5,0.03584758408000489,0.03954991777246285,-8.298033115886425e-7,-0.0009354815572235397,0.002560366289322248,-0.0034074093704344307,0.0008470430811121825,8.389696767716329e-6,0.05017178232083125,1.1317304111735933,22.55710996943596,-7.340173535623065,1.334693622113852,0.8002935348198096,5.428724521518126e-6,0.0108613279943516,0.003618242197542094,true
14.925,6.904803543059197,5.161083260146059e-5,0.034211457440490076,0.03782826148879202,-7.692808080316641e-7,-0.0009111058081534933,0.002539354374371603,-0.0033763728624946437,0.0008370184881230408,7.474627232999338e-6,0.04987011417776207,1.1292709633454456,22.644242588259537,-7.433891876266623,1.3142833767797057,0.7958281751500992,4.896765250631245e-6,0.01060181974471558,0.003531987347748003,true
14.975,6.904803543059197,4.809815262976294e-5,0.033236276317590976,0.036790041100471765,-7.071207568481163e-7,-0.0008869685092569757,0.0025118723351215274,-0.0033420703209561782,0.0008301979858346509,6.965897339412627e-6,0.049651664448900394,1.1279217058056874,22.716694763908702,-7.493772833682976,1.3038944241902135,0.7935042059391076,4.58066738413858e-6,0.010416916052719912,0.0034704994970481623,true
