r,tau,Dtau,Sr,E,nur,Pi,piR,piEta,piPhi,D,T,mu,alpha,phi,ur,v,n,e,P,ok
0.024999999999999994,9.80480644306195,0.07297549324208298,0.0,0.20092108874556724,-8.975798714504713e-7,-0.005898535815796111,-0.0017772515037356906,0.002006460400787471,-0.00022920889705178057,0.0074428285418853615,0.10242817103276539,1.3720122011536517,13.394871619007661,-1.2495370907814676,0.0,0.0,0.007442828541885331,0.20092108874556958,0.06360465166065134,true
0.07499999999999998,9.80480644306195,0.0726244935705053,0.00281453025738244,0.19965899537602477,-2.695233485039529e-6,-0.005903735162239446,-0.0019227707906025017,0.0023513206170772977,-0.000428549826474796,0.007407029806477785,0.10226059697280775,1.3719939047796494,13.416642826214659,-1.2517636216654282,0.011037095233699027,0.011036423039596774,0.007406608438797616,0.19962793302944898,0.06318947260961438,true
0.125,9.80480644306195,0.0728500053104483,0.0043397346332623085,0.20045637346140877,-4.4766546397034475e-6,-0.00590272531539244,-0.0014063802378003094,0.002265830936919168,-0.0008594506991188586,0.007430029928025577,0.10235824794051751,1.3720230162515374,13.404127599456844,-1.2502850168247568,0.01691628238444991,0.016913862516950012,0.007429042771874795,0.2003829717864649,0.06343130064243281,true
0.175,9.80480644306195,0.07281786406304447,0.006130129850375924,0.20036274882080707,-6.2917584551863144e-6,-0.005902736263149952,-0.0012990158244246166,0.002276908388877312,-0.0009778925644526955,0.007426751816663514,0.10233655484931851,1.3720265515049141,13.407003524059427,-1.2505155042938019,0.023902371746125313,0.02389554667862724,0.00742478148891584,0.20021626601682452,0.06337759318978736,true
0.22499999999999998,9.80480644306195,0.07283311861125435,0.007864969742501043,0.20044576840514666,-8.083191617745817e-6,-0.005902351633647676,-0.0012220088713649022,0.002272298658004087,-0.0010502897866391846,0.007428307640156662,0.10233492985845254,1.3720351591303945,13.407300528061766,-1.250451249115074,0.030653743847508394,0.03063935206312762,0.007425067633147414,0.2002047908282439,0.06337363337537519,true
0.275,9.80480644306195,0.07283568551461511,0.009623981810443924,0.20050505947050734,-9.889205698780747e-6,-0.005901885966168392,-0.0011832733495868862,0.0022705719270128986,-0.0010872985774260124,0.00742856944067008,0.10232701614684858,1.372039300629946,13.408377887819428,-1.2505074826614575,0.03750671714845017,0.0374803635908958,0.007423720253352785,0.200144349133064,0.06335407129037715,true
0.325,9.80480644306195,0.0728395683129221,0.011372427365835512,0.20059878917393045,-1.1685060687679178e-5,-0.005901309457682031,-0.0011543879824513382,0.0022653964698985275,-0.0011110084874471893,0.00742896545035467,0.1023206923833236,1.3720364741515665,13.409178947025806,-1.250612391959236,0.044314553023262516,0.04427110499674311,0.0074221985542037095,0.2000953192479549,0.06333839714409016,true
0.375,9.80480644306195,0.07283949036641664,0.013124958554228905,0.20071286753180104,-1.3484599154995435e-5,-0.005900715026716982,-0.0011356472952353414,0.002260452090442419,-0.0011248047952070778,0.007428957500528643,0.10231402635664782,1.3720246187397978,13.409936717348733,-1.2508097454214506,0.05113694242361718,0.05107021205264663,0.007419950958730733,0.2000425731152606,0.06332181194409466,true
0.42500000000000004,9.80480644306195,0.07283880637062146,0.01487766507558198,0.200855052138242,-1.5280599508492792e-5,-0.0059001087536250585,-0.001121086981675404,0.0022548147539219977,-0.0011337277722465937,0.007428887739253991,0.10230804774949032,1.3720055740251362,13.410534207285481,-1.2510689900785583,0.057955149516213,0.05785806415613694,0.007417325633203863,0.19999425923781244,0.06330687743544067,true
0.475,9.80480644306195,0.07283761969549454,0.01663264711247151,0.2010214352843674,-1.7078856950714798e-5,-0.0058995019654250105,-0.0011092886615054233,0.0022488470701845405,-0.0011395584086791172,0.007428766709314868,0.10230219606519761,1.3719810654849325,13.411061719638582,-1.2513801212388493,0.06477727013647899,0.06464179057071794,0.0074143313828668785,0.1999462711930948,0.06329221904786814,true
0.525,9.80480644306195,0.07283608438063145,0.01838958519894609,0.20121162361761943,-1.887495571869711e-5,-0.005898893921491071,-0.0010986823959809524,0.0022423796690131917,-0.0011436972730322393,0.007428610121332025,0.10229642178665026,1.371951468127592,13.411529398251469,-1.2517400866617454,0.07160098475734443,0.07141814904506286,0.0074109854680723,0.19989827348101522,0.06327771697583622,true
0.5750000000000001,9.80480644306195,0.07283328167044043,0.02014892210643609,0.20142412235152685,-2.06649465776943e-5,-0.005898284877951409,-0.0010886035880123136,0.0022354271919908936,-0.00114682360397858,0.007428324270692616,0.10229053686504241,1.371916027013224,13.411954507808176,-1.2521585760739948,0.07842756459629663,0.07818747223279358,0.007407194540117669,0.19984872906382375,0.06326290056098079,true
0.625,9.80480644306195,0.07282875948556193,0.021910793363271792,0.20165824361461443,-2.243628869803684e-5,-0.005897671836171845,-0.001078557589035243,0.0022279467174171007,-0.0011493891283818577,0.0074278630494635425,0.10228445785894513,1.3718743402678837,13.412344054849077,-1.25264055179143,0.08525692000811305,0.08494874373950793,0.007402912765388797,0.1997969492440866,0.06324756073694886,true
0.675,9.80480644306195,0.07282344549466031,0.02367543958330874,0.2019134940024886,-2.41777117346272e-5,-0.005897047866305479,-0.0010682630079319269,0.0022199181386886174,-0.0011516551307566905,0.007427321071309004,0.10227809370059988,1.3718279595903822,13.412725149201096,-1.2531719723366928,0.09208942448156403,0.09170141021293855,0.007398234207135777,0.19974242280530996,0.06323148421074172,true
0.725,9.80480644306195,0.07281913738334109,0.025443046447301006,0.2021897002210284,-2.591418102498241e-5,-0.005896403035364282,-0.0010575270852107666,0.002211317264013134,-0.0011537901788023673,0.007426881683612343,0.10227137743352882,1.3717796368495063,13.413133481467902,-1.253726764693576,0.09892516636427964,0.09844464022686268,0.007393344540689543,0.19968496866727867,0.06321452631637478,true
0.775,9.80480644306195,0.0728165327004979,0.02721380015807736,0.20248668351978308,-2.768066388344926e-5,-0.00589572890253859,-0.0010462486659075388,0.0022021372396443203,-0.0011558885737367815,0.007426616029939492,0.10226426629716139,1.3717305339023185,13.41358603127625,-1.254294102350021,0.10576427161093971,0.10517764472815369,0.007388319167315789,0.19962440011508728,0.06319659053224458,true
0.8250000000000001,9.80480644306195,0.07281514304221515,0.028987895797334677,0.20280422394254854,-2.9459481508023236e-5,-0.005895020348137822,-0.0010343776246608096,0.002192380486136542,-0.0011580028614757323,0.0074264742975870155,0.10225673995550368,1.3716800149026769,13.414079262643755,-1.2548804621891985,0.11260694489114204,0.1118997174583318,0.007383108161674643,0.19956048659315878,0.06317762255941144,true
0.8750000000000001,9.80480644306195,0.07281453291207837,0.030765536411815494,0.20314213812515863,-3.124555010641544e-5,-0.0058942742378450125,-0.001021882199208751,0.002182048889027446,-0.001160166689818695,0.007426412069929558,0.10224878120225288,1.3716275236017899,13.414610007806806,-1.2554915069773143,0.1194534371113668,0.11861020268731785,0.007377668122769724,0.19949303161562595,0.06315757651117501,true
0.9249999999999999,9.80480644306195,0.07281446530800142,0.03254691704891104,0.20350030386045903,-3.303844862382801e-5,-0.0058934884611937,-0.0010087395150272414,0.00217114261435526,-0.0011624030993280185,0.007426405174936032,0.1022403766301749,1.3715727788493572,13.415177291556999,-1.2561301648485823,0.1263039607512181,0.12530841230129933,0.007371976399693043,0.19942190135982296,0.06313641800274215,true
0.975,9.80480644306195,0.07281480693538588,0.0343322323672999,0.20387862918254823,-3.483874813430979e-5,-0.00589266151082958,-0.000994936243822904,0.002159662647699678,-0.0011647264038767739,0.007426440017784429,0.10223151444509758,1.3715156428305422,13.415781330003686,-1.2567979440279062,0.13315873106634174,0.1319936666882852,0.007366021083499973,0.1993469919468785,0.06311411777076342,true
1.025,9.80480644306195,0.07281546305860574,0.0361216746542493,0.20427704246701495,-3.6646869174852474e-5,-0.005891792275837944,-0.0009804653280330606,0.0021476106162474917,-0.0011671452882144311,0.007426506936312977,0.10222218471692185,1.3714560272318401,13.416422580183903,-1.257495847150298,0.1400179586165588,0.13866528774929848,0.007359794270331644,0.19926822005720515,0.06309065159730132,true
1.0750000000000002,9.80480644306195,0.07281635344009565,0.03791543446489262,0.2046954834043369,-3.846309071670117e-5,-0.005890879929949014,-0.0009653242814330895,0.002134988858845134,-0.0011696645774120443,0.007426597747028627,0.10221237868029921,1.37139386135506,13.417101520007845,-1.2582246916217006,0.14688185469610948,0.14532260451925677,0.007353289611310389,0.19918551371655535,0.06306599834605169,true
1.125,9.80480644306195,0.07281740631568395,0.03971370000476477,0.20513389948701255,-4.0287640663281685e-5,-0.005889923852067643,-0.0009495136147171131,0.002121800224897404,-0.001172286610180291,0.00742670513064649,0.10220208842035057,1.3713290847099555,13.417818617069427,-1.2589851859076435,0.15375062937390996,0.15196495155874218,0.007346501711668731,0.1990988089897424,0.06304013913141567,true
1.1750000000000003,9.80480644306195,0.07281855652846093,0.04151665701372678,0.20559224317373817,-4.2120755011059176e-5,-0.0058889235688257815,-0.0009330359372871583,0.002108047996450511,-0.0011750120591633528,0.0074268224417615705,0.10219130653714395,1.3712616454564874,13.418574357477938,-1.2597779488876526,0.16062449195139797,0.15859166970005656,0.007339425947898308,0.19900804721778154,0.0630130564793096,true
1.225,9.80480644306195,0.07281974411573183,0.04332448850780027,0.20607047009798107,-4.39626862720405e-5,-0.0058878787124238665,-0.0009158953257855096,0.0020937358105700896,-0.00117784048478458,0.0074269435647309825,0.10218002595091609,1.3711914990075773,13.41936925780634,-1.2606035259209862,0.16750365055668323,0.16520210595073306,0.007332058325945758,0.1989131733575199,0.06298473383732632,true
1.275,9.80480644306195,0.07282091287805742,0.04513737458142826,0.20656853760143318,-4.581369953917374e-5,-0.00588678899060014,-0.0008980969326068187,0.0020788676169833185,-0.0011807706843764997,0.007427062767729265,0.10216823975031322,1.371118606454482,13.420203869669571,-1.2614624061302069,0.1743883121031172,0.1717956137470664,0.007324395335948332,0.1988141346326129,0.06295515519038548,true
1.3250000000000002,9.80480644306195,0.0728220091435883,0.04695549217251503,0.20708640363488845,-4.767406534453026e-5,-0.005885654165299033,-0.000879646725717464,0.0020634476476569744,-0.0011838009219395105,0.007427174576721849,0.10215594108897624,1.3710429331210765,13.421078779225569,-1.2623550378396875,0.1812786820710851,0.17837155303411104,0.007316433826673942,0.19871087957301065,0.06292430479711766,true
1.375,9.80480644306195,0.07282298080417947,0.04877901483547545,0.20762402589172785,-4.954405454113593e-5,-0.0058844740375441455,-0.0008605513230124265,0.0020474803991127485,-0.001186929076100322,0.007427273677157621,0.1021431231081657,1.3709644474262774,13.421994606278858,-1.2632818406881763,0.1881749643359458,0.18492929038788403,0.007308170907870052,0.1986033572928982,0.0628921669931767,true
1.4250000000000003,9.80480644306195,0.07282377660223965,0.05060811252692611,0.20818136114973596,-5.1423934990978066e-5,-0.005883248436571106,-0.0008408178794988873,0.0020309706188113763,-0.001190152739312489,0.007427354841234118,0.10212977888257542,1.3708831200341272,13.422952003159741,-1.2642432146487468,0.1950773610136774,0.19146819915193192,0.007299603878367537,0.19849151698236744,0.06285872605420498,true
1.475,9.80480644306195,0.07282434560802241,0.0524429514201218,0.20875836476925042,-5.331396990934734e-5,-0.005881977211876846,-0.000820454003053658,0.0020139232910603632,-0.0011934692880067052,0.007427412874586032,0.10211590138268677,1.3707989232252848,13.423951653603059,-1.2652395466845532,0.201986072383297,0.19798765964353124,0.007290730173727591,0.1983753075535879,0.06282396610149996,true
1.525,9.80480644306195,0.07282463683469327,0.05428369374551759,0.20935499031006483,-5.5214417271626686e-5,-0.005880660227266098,-0.0007994676828811428,0.0019963436192768523,-0.0011968759363957095,0.007427442577025601,0.10210148344966666,1.3707118304267716,13.424994271532759,-1.266271215706323,0.2089012968698988,0.20448705941236126,0.007281547328014345,0.1982546774030301,0.06278787104000721,true
1.5750000000000002,9.80480644306195,0.07282459895216278,0.05613049764664965,0.20997118922520153,-5.712552975455505e-5,-0.005879297356311843,-0.0007778672257947098,0.0019782370052417236,-0.0012003697794470138,0.007427438713356215,0.10208651777824734,1.3706218158576349,13.42608059993685,-1.2673385963012356,0.2158232310607507,0.2109657935241112,0.007272052945671488,0.19812957424954455,0.06275042451704833,true
1.625,9.80480644306195,0.07282418007322733,0.057983517035217993,0.2106069105972069,-5.904755466488441e-5,-0.0058778884788732244,-0.0007556612018064892,0.0019596090282117456,-0.0012039478264052564,0.007427395991560748,0.10207099690418685,1.3705288542626417,13.427211410006558,-1.2684420615475298,0.2227520697113284,0.2174232648277357,0.007262244680769556,0.19799994501880389,0.06271160989317968,true
1.6750000000000003,9.80480644306195,0.07282332759386274,0.05984290143260588,0.21126210089244052,-6.098073347447389e-5,-0.005876433478453249,-0.0007328584029087934,0.00194046542740843,-0.0012076070244996366,0.007427309046512977,0.10205491319394915,1.3704329207146875,13.42838750066117,-1.2695819851326333,0.229688005712111,0.22385888417932764,0.007252120221728324,0.1978657357536657,0.06267141021921944,true
1.725,9.80480644306195,0.07282198807466284,0.06170879579213508,0.21193670372126439,-6.292530082304307e-5,-0.005874932240246952,-0.0007094678174300961,0.001920812090290232,-0.0012113442728601358,0.007427172427885399,0.10203825883570253,1.3703339904699388,13.42960969842096,-1.270758742942132,0.2366312300052573,0.23027207061347635,0.007241677280165127,0.19772689154161893,0.06262980821710525,true
1.775,9.80480644306195,0.07282010715361587,0.06358134030429027,0.2126306596017503,-6.488148308762516e-5,-0.005873384649752561,-0.0006854986191133536,0.0019006550470920531,-0.0012151564279786996,0.007426980591253244,0.10202102583150977,1.3702320388621945,13.430878857512827,-1.2719727142532413,0.24358193146192553,0.23666225147332431,0.007230913582861224,0.1975833564567137,0.06258678626417165,true
1.8250000000000002,9.80480644306195,0.07281762948239219,0.06546067019202512,0.21334390573023848,-6.684949675503866e-5,-0.005871790591821876,-0.0006609601670627284,0.0018800004703282483,-0.00121904030326552,0.007426727891596391,0.10200320599109912,1.3701270412246496,13.432195860041967,-1.2732242826434617,0.25054029674120104,0.24302886251961137,0.007219826866070947,0.19743507351751569,0.06254232638171375,true
1.875,9.80480644306195,0.07281449867985601,0.06734691550428702,0.21407637576273303,-6.882954685647235e-5,-0.005870149950032651,-0.000635862011318611,0.0018588546770036548,-0.0012229926656850438,0.007426408578557999,0.10198479092746285,1.370018972829506,13.433561616103507,-1.274513836704765,0.2575065101527992,0.24937134803942881,0.007208414871534463,0.19728198466180194,0.062496410228366,true
1.9250000000000003,9.80480644306195,0.07281065729816137,0.06924020091392394,0.2148279996095307,-7.082182565356931e-5,-0.00586846260627993,-0.0006102138992262103,0.0018372241312754796,-0.0012270102320492693,0.007426016792986611,0.10196577205444707,1.3699078088390797,13.434977063750221,-1.275841770623327,0.26448075353771905,0.2556891609674094,0.007196675343769447,0.19712403073845614,0.062449019098641534,true
1.975,9.80480644306195,0.07280604679805641,0.07114064552273977,0.2155987032420756,-7.282651164843638e-5,-0.005866728440507028,-0.0005840257793186217,0.0018151154459528805,-0.0012310896666342587,0.0074255465644174155,0.10194614058585327,1.3697935242648462,13.43644316884447,-1.2772084846655007,0.2714632061743794,0.26198176302555926,0.007184606028285892,0.1969611515124449,0.062400133925419286,true
2.0250000000000004,9.80480644306195,0.0728006075311617,0.07304836267353752,0.21638840850949165,-7.484376888677252e-5,-0.005864947330522101,-0.0005573078012941746,0.0017925353820839878,-0.0012352275807898131,0.007424991809264798,0.10192588753594661,1.369676093931808,13.43796092478232,-1.2786143855968892,0.27845404470595875,0.2682486248770409,0.007172204670513488,0.19679328568173468,0.06234973528609308,true
2.075,9.80480644306195,0.0727942787280545,0.07496345976691068,0.21719703296087683,-7.687374647542033e-5,-0.005863119151871014,-0.0005300703122796001,0.001769490846671236,-0.001239420534391636,0.007424346329607045,0.10190500372063907,1.369555492448534,13.439531352189674,-1.2800598870401367,0.28545344308441445,0.27448922628910466,0.0071594690153136435,0.19662037090058715,0.06229780341058504,true
2.125,9.80480644306195,0.07278699849129014,0.07688603808014939,0.21802448966973093,-7.89165782058535e-5,-0.005861243777751794,-0.0005023238503913592,0.0017459888889806209,-0.0012436650385892617,0.007423603812474592,0.1018834797591617,1.369431694182044,13.441155498606731,-1.2815454097818537,0.2924615725226769,0.2807030562969807,0.0071463968069768145,0.19644234380770853,0.062244318190758846,true
2.1750000000000003,9.80480644306195,0.07277870379297835,0.07881619258576941,0.21887068705820634,-8.097238220082044e-5,-0.005859321078966621,-0.0004740791368605395,0.0017220366960608413,-0.0012479575592003018,0.007422757829602828,0.10186130607596887,1.3693046732373129,13.442834438192614,-1.2830713820340538,0.29947860144918176,0.2868896133631974,0.007132985789634382,0.19625914005725975,0.06218925919060033,true
2.225,9.80480644306195,0.07276933047639911,0.08075401176802038,0.2197355287191194,-8.304126053096873e-5,-0.005857350923910322,-0.0004453470678353218,0.0016976415880341335,-0.0012522945201988117,0.007421801837596899,0.10183847290265192,1.369174403441615,13.44456927148169,-1.284638239650767,0.3065046954604958,0.2930484055284178,0.007119233708052355,0.1960706943510586,0.06213260565662262,true
2.2750000000000004,9.80480644306195,0.07275881326143269,0.0826995774367409,0.22061891323554209,-8.512329877210572e-5,-0.005855333178595177,-0.00041613870654551625,0.0016728110135188626,-0.0012566723069733464,0.007420729178485524,0.10181497027990424,1.3690408583326885,13.446361125176336,-1.2862464263092712,0.3135400172715155,0.29917895055329463,0.007105138308741382,0.19587694047217163,0.062074336528592094,true
2.325,9.80480644306195,0.07274708575334354,0.08465296453824572,0.22152073399759817,-8.721856550557385e-5,-0.005853267706709687,-0.00038646527616122465,0.001647552545372325,-0.0012610872692111004,0.007419533080616867,0.1017907880595038,1.3689040111503965,13.448211151977494,-1.2878963936595988,0.3205847266609136,0.3052807760493263,0.007090697341350992,0.19567781131960263,0.0620144304504914,true
2.3750000000000004,9.80480644306195,0.07273408045461682,0.08661424096374014,0.2224408790170133,-8.93271117698416e-5,-0.0058511543697085085,-0.0003563381533753032,0.0016218738767889897,-0.0012655357234136865,0.007418206659865754,0.10176591590644565,1.3687638348311677,13.450120530428723,-1.289588601447649,0.3276389804152184,0.31135341960170665,0.007075908560322615,0.19547323894499347,0.06195286578203707,true
2.4250000000000003,9.80480644306195,0.0727197287794866,0.08858346735560918,0.22337923073969135,-9.144897048153314e-5,-0.005848993026929004,-0.00032576886258515233,0.0015957828177075581,-0.0012700139551224058,0.007416742921115421,0.10174034330102365,1.3686203020047245,13.452090464795535,-1.291323517619324,0.33470293227005865,0.317396428882896,0.0070607697267240435,0.1952631545897596,0.061889620610259904,true
2.475,9.80480644306195,0.07270396107106195,0.09056069691223059,0.2243356658568702,-9.358415583923181e-5,-0.005846783535730274,-0.00029476907045337367,0.001569287291426059,-0.0012745182209726853,0.0074151347600042135,0.10171405954121189,1.368473384992494,13.454122184927877,-1.2931016184071868,0.34177673285178395,0.32340936175967566,0.007045278610292461,0.19504748872524064,0.061824672761997254,true
2.5250000000000004,9.80480644306195,0.0726867066206794,0.09254597519168485,0.225310055115238,-9.573266272297015e-5,-0.005844525751650157,-0.00026335058065963396,0.0015423953313351644,-0.0012790447506755304,0.0074133749648993595,0.10168705374498319,1.3683230558082786,13.45621694615954,-1.2949233883985725,0.34886052961848407,0.3293917863928006,0.00702943299165067,0.1948261710931815,0.061757999816417074,true
2.575,9.80480644306195,0.07266789368944135,0.09453933991477886,0.22630226312617824,-9.78944660971265e-5,-0.005842219528577179,-0.0002315253286910466,0.0015151150776935838,-0.0012835897490025372,0.007411456219093687,0.10165931485298459,1.368169286158923,13.458376029166748,-1.2967893206021017,0.35595446680245674,0.33534328133093944,0.007013230664622529,0.1945991307494546,0.06168957911857883,true
2.6250000000000004,9.80480644306195,0.07264744953183691,0.09654082076772139,0.22731214817463752,-0.00010006952042378411,-0.0058398647189339,-0.0001993053765546348,0.0014874547743849392,-0.0012881493978303044,0.007409371103214739,0.10163083161232118,1.3680120474757738,13.46060074263845,-1.298699916455517,0.36305868578409994,0.3412634359559047,0.0069966694369008224,0.19436629596944177,0.061619387747571454,true
2.6750000000000003,9.80480644306195,0.07262530042137819,0.09855043920459947,0.22833956202750624,-0.00010225775908698486,-0.005837461173869977,-0.00016670290735787885,0.001459422765625316,-0.001292719858267437,0.007407112097839432,0.10160159265032254,1.367851310811613,13.462892412713284,-1.3006556860107197,0.37017332341201215,0.3471518492121201,0.006979747139552826,0.19412759481696293,0.061547402702097805,true
2.725,9.80480644306195,0.07260137167814715,0.10056820824993909,0.2293843497419882,-0.00010445909382710038,-0.0058350087434628425,-0.00013373021972729916,0.0014310274926025168,-0.0012972972728752176,0.007404671586303585,0.10157158637655982,1.3676870469969171,13.465252397717252,-1.3026571477632982,0.37729851426114863,0.3530081316101506,0.006962461619899541,0.19388295444829656,0.061473600671444036,true
2.7750000000000004,9.80480644306195,0.07257558769830441,0.1025941323015411,0.2304463494740529,-0.00010667341419381006,-0.005832507276925379,-0.00010039972206983246,0.001402277490045205,-0.0013018777679753726,0.007402041857711546,0.1015408010499996,1.3675192265490084,13.467682078612219,-1.3047048288082435,0.3844343891118227,0.3588319040700547,0.006944810750580011,0.19363230163387574,0.061397958205500675,true
2.825,9.80480644306195,0.07254787198560822,0.10462820693374038,0.23152539228702956,-0.00010890058700912123,-0.0058299566228189525,-6.672392667017926e-5,0.0013731813827149997,-0.0013064574560448204,0.007399215110150832,0.10150922476684508,1.367347819701675,13.470182861137147,-1.3067992648255526,0.3915810752493006,0.3646227982781351,0.0069267924309929126,0.1933755626960253,0.061320451693347766,true
2.8750000000000004,9.80480644306195,0.07251814718465599,0.10667041870125238,0.2326213019608221,-0.00011114045584318073,-0.005827356629271602,-3.2715443652504275e-5,0.0013437478818324746,-0.0013110324381799703,0.007396183454082469,0.10147684546383427,1.3671727964122513,13.472756175688406,-1.3089410000933415,0.3987386964133108,0.37038045674362946,0.006908404590308979,0.19311266356121792,0.06124105737934758,true
2.9250000000000003,9.80480644306195,0.07248633511614225,0.10872074494388989,0.23373389480168688,-0.00011339284050786101,-0.005824707144200719,1.6130251771391546e-6,0.0013139857814426044,-0.0013155988066197435,0.007392938915936971,0.10144365092161685,1.3669941263697571,13.47540347720728,-1.3111305874924928,0.40590737274921407,0.37610453284939344,0.0068896451905868395,0.19284352981352698,0.06115975137958954,true
2.975,9.80480644306195,0.07245235681401921,0.11077915359233573,0.23486297945307483,-0.00011565753656351441,-0.005822008015539901,3.624869260095099e-5,0.0012839039547208973,-0.0013201526473218483,0.007389473441904377,0.10140962876825614,1.3668117790037853,13.478126245065528,-1.3133685885053366,0.41308722076007925,0.3817946908959232,0.006870512229977745,0.19256808674957698,0.06107650969879448,true
3.0250000000000004,9.80480644306195,0.07241613256451876,0.11284560297517482,0.2360083567075807,-0.00011793431484163279,-0.005819259091469246,7.11786923457483e-5,0.0012535113502313618,-0.0013246900425771101,0.007385778901914138,0.10137476648282356,1.3666257234941415,13.480925982953517,-1.3156555732087118,0.4202783532599918,0.38745060613895854,0.006851003746010875,0.19228625943473285,0.06099130824759569,true
3.075,9.80480644306195,0.07237758194700841,0.1149200416274567,0.23716981932040154,-0.00012022292098616427,-0.005816460220649449,0.00010639008551904068,0.0012228169881382577,-0.0013292070736572984,0.007381847093802044,0.10133905139910421,1.3664359287811458,13.48380421876758,-1.317992120262089,0.42748087932841045,0.3930719648204983,0.006831117818954221,0.1919979727606436,0.060904122860237116,true
3.1250000000000004,9.80480644306195,0.07233662387685677,0.11700240810101956,0.23834715182450997,-0.00012252307501179878,-0.005813611252458661,0.00014186986711628045,0.0011918299563744266,-0.001333699823490707,0.007377669747682108,0.1013024707093993,1.3662423635768488,13.486762504501113,-1.3203788168884272,0.434694904265623,0.39865846419326406,0.006810852575262805,0.19170315150404402,0.06081492931265176,true
3.1750000000000003,9.80480644306195,0.07229317665003772,0.11909263077692461,0.23954013034791125,-0.00012483447088325992,-0.0058107120372325695,0.0001776049725847799,0.0011605594067724866,-0.0013381643793572665,0.007373238530495787,0.101265011468435,1.3660449963767496,13.489802416134177,-1.3228162588517072,0.4419205295494925,0.40420981253875465,0.0067902061910855935,0.1914017203868234,0.06072370334093569,true
3.225,9.80480644306195,0.07224715798970549,0.12119062768016625,0.24074852243316935,-0.000127156776115742,-0.005807762426507067,0.00021358228443908657,0.0011290145511605543,-0.0013425968355996408,0.007368545050762202,0.10122666059736546,1.3658437954723675,13.492925553526707,-1.3253050504278328,0.449157852793246,0.40972572917870453,0.006769176895849553,0.1910936041372884,0.06063042066018538,true
3.2750000000000004,9.80480644306195,0.07219848509456564,0.12329630629702121,0.24197208685964317,-0.00012948963139907245,-0.005804762273263359,0.00024978863891709667,0.0010972046574270282,-0.001346993296344125,0.007363580863511541,0.1011874048878867,1.3656387289643759,13.496133540310396,-1.327845804371535,0.4564069677043342,0.415205944479986,0.006747762975901796,0.1907787275526948,0.06053505698373146,true
3.325,9.80480644306195,0.07214707468920366,0.12540956339533973,0.24321057346862776,-0.00013183265024616677,-0.0058017114321756835,0.0002862108326734394,0.0010651390455555696,-0.001351349878229009,0.007358337475418106,0.10114723100643686,1.3654297647765727,13.499428023785237,-1.3304391418768886,0.46366796404471244,0.4206501998532395,0.006725962778220146,0.19045701556287076,0.06043758804270533,true
3.3750000000000004,9.80480644306195,0.0720928430760765,0.12753028484801032,0.24446372299177074,-0.00013418541866861168,-0.005798609759860956,0.00032283562950094534,0.0010328270836342133,-0.0013556627131351587,0.007352806350102977,0.10110612549850423,1.3652168706702381,13.502810674813517,-1.3330856925355712,0.4709409275920448,0.4260582477448849,0.006703774714163449,0.1901283932950214,0.060337989605981315,true
3.4250000000000003,9.80480644306195,0.07203570618955897,0.12965834546003524,0.24573126688318842,-0.00013654749487954781,-0.005795457115130527,0.0003596497670832117,0.0010002781838365923,-0.001359927950919804,0.0073469789136462425,0.10106407479303707,1.3650000142594279,13.506283187717573,-1.3357860942875137,0.47822594010220887,0.4314298516228353,0.0066811972632936315,0.18979278613970327,0.06023623750047614,true
3.475,9.80480644306195,0.07197557965152786,0.13179360879937718,0.2470129271553394,-0.00013891840902723062,-0.005792253359243998,0.00039663996374906,0.0009675017983895304,-0.0013641417621385904,0.007340846560256068,0.10102106520693463,1.3647791630265602,13.509847280177704,-1.3385409933705341,0.4855230792730483,0.43676478595591783,0.006658228977219445,0.1894501198177215,0.06013230763174573,true
3.5250000000000004,9.80480644306195,0.07191237882903112,0.13393592703209387,0.24830841621939348,-0.0001412976629600574,-0.005788998356164629,0.00043379292524320964,0.0009345074155194077,-0.0013683003407626174,0.007334400658150427,0.10097708294965443,1.3645542843389655,13.513504693132308,-1.3413510442618504,0.49283241870926686,0.4420628361869718,0.006634868483509819,0.18910032044825484,0.06002617600495947,true
3.575,9.80480644306195,0.07184601889350765,0.1360851407619857,0.24961743673015166,-0.0001436847300251511,-0.005785691972816421,0.00047109535151072096,0.0009013045553782788,-0.0013723999068889997,0.0073276325555969675,0.10093211412790813,1.364325345465748,13.517257190677498,-1.3442169096182381,0.500154027888631,0.4473237986998081,0.006611114489624614,0.1887433146179021,0.05991781874617328,true
3.6250000000000004,9.80480644306195,0.07177641488184464,0.13824107887504636,0.25093968143586975,-0.00014607905490347017,-0.00578233407934273,0.0005085339434679139,0.0008679027659629439,-0.0013764367094308578,0.0073205335871403005,0.10088614475044508,1.364092313595396,13.521106559970693,-1.3471392602105003,0.5074879721293115,0.45254748077997276,0.006586965786887869,0.18837902945066262,0.059807212123894234,true
3.6750000000000003,9.80480644306195,0.07170348175910712,0.1404035583891725,0.25227483303346887,-0.00014848005347964407,-0.0057789245493661415,0.0005460954097634604,0.0008343116190251504,-0.0013804070287886108,0.007313095079999844,0.10083916073293434,1.3638551558538716,13.525054611134154,-1.3501187748547288,0.5148343125585217,0.4577337005695014,0.006562421254484184,0.18800739267886735,0.059694332570950984,true
3.725,9.80480644306195,0.0716271344828999,0.142572384309478,0.2536225640295104,-0.00015088711275120894,-0.005775463260249765,0.0005837664735411808,0.0008005407059668583,-0.001384307179508039,0.0073053083606341345,0.10079114790295052,1.3636138393231632,13.529103177157538,-1.353156140340419,0.5221931060823117,0.46288228701564876,0.006537479863474256,0.1876283327150657,0.059579156706673464,true
3.7750000000000004,9.80480644306195,0.07154728806956925,0.14474734948951812,0.2549825366071384,-0.0001532995907768981,-0.005771950093359231,0.0006215338791851966,0.0007665996337299995,-0.0013881335129151962,0.007297164761492803,0.1007420920050325,1.3633683310606863,13.533254113807565,-1.3562520513519645,0.5295644053567734,0.4679930798138584,0.006512140680844892,0.1872417787246461,0.059461661359300685,true
3.825,9.80480644306195,0.07146385766169097,0.1469282344987495,0.2563544024994996,-0.00015571681666901523,-0.005768384934326101,0.0006593843990481587,0.0007324980206802989,-0.0013918824197284576,0.007288655627899725,0.10069197870585934,1.363118598118719,13.53750929953071,-1.3594072103909873,0.5369482587599442,0.4730659293445761,0.006486402873544827,0.18684766069939157,0.05934182358870611,true
3.8750000000000004,9.80480644306195,0.07137675859745743,0.14911480749669737,0.25773780287008163,-0.00015813809062381807,-0.005764767673310986,0.000697304840237738,0.0006982454924469874,-0.0013955503326847254,0.00727977232512987,0.10064079359952889,1.3628646075647501,13.541870635359635,-1.3626223276909037,0.544344710364576,0.4781006966041442,0.006460265712556617,0.1864459095319187,0.05921962070939984,true
3.9250000000000003,9.80480644306195,0.07128590648136547,0.1513068241139383,0.2591323682004115,-0.00016056268398341136,-0.005761098205266,0.0007352820516013845,0.0006638516776470667,-0.0013991337292484512,0.007270506245618811,0.10058852221301105,1.362606326501771,13.546340044804026,-1.3658981211323262,0.5517537999095826,0.4830972531284384,0.00643372857695134,0.18603645709138145,0.05909503031395993,true
3.975,9.80480644306195,0.07119121725687458,0.1535040273403297,0.26053771818655347,-0.00016298983931559402,-0.005757376430193588,0.0007733029313217195,0.0006293262032841881,-0.0014026291346059077,0.007260848816373188,0.10053515001197452,1.3623437220889842,13.55091947370366,-1.3692353161518118,0.5591755627656644,0.4880554809064787,0.006406790957990287,0.18561923630188887,0.05896803029734634,true
4.0249999999999995,9.80480644306195,0.07109260728075739,0.15570614741998695,0.2619534616463498,-0.00016541877043494432,-0.005753602253393069,0.000811354436391275,0.0005946786891772197,-0.0014060331255684947,0.007250791506553782,0.10048066240749856,1.362076761561127,13.555610889956467,-1.3726346456547676,0.5666100298806472,0.49297527227492804,0.006379452463251029,0.18519418122710404,0.05883859888326546,true
4.075,9.80480644306195,0.07098999340093935,0.15791290175229164,0.26337919644431473,-0.00016784866218024028,-0.00574977558567529,0.0008494235971383125,0.0005599187398041983,-0.0014093423369425108,0.007240325835414435,0.10042504476524933,1.361805412244596,13.56041628288952,-1.3760968499286579,0.5740572276651055,0.4978565297688294,0.0063517128209581025,0.18476122717219487,0.05870671465623072,true
4.125,9.80480644306195,0.07088329304033684,0.16012399479552836,0.2648145094495895,-0.0001702786694447621,-0.005745896343496384,0.0008874975447380004,0.0005250559295225738,-0.0014125534742605742,0.007229443380852773,0.10036828242109316,1.3615296415628029,13.56533766165821,-1.379622676576724,0.5815171777155982,0.5026991658650702,0.0063235718847841176,0.1843203108308975,0.05857235660846297,true
4.175,9.80480644306195,0.07077242429437719,0.1623391179653334,0.2662589765672797,-0.00017270791418491234,-0.005741964448901774,0.0009255635702164572,0.0004900997717381671,-0.0014156633419546243,0.007218135789356349,0.10031036071336535,1.36124941701271,13.570377051104924,-1.3832128805095882,0.5889898961170347,0.5075031024605281,0.006295029639904401,0.183871370549171,0.05843550422512818,true
4.225,9.80480644306195,0.07065730605899664,0.1645579495099944,0.2677121629359551,-0.00017513547743779216,-0.00573797982905329,0.0009636092550637534,0.00045505965156990833,-0.0014186689066336617,0.007206394789057255,0.10025126505559141,1.3609647060686287,13.575536481399466,-1.3868682240994494,0.5964753917237434,0.512268269723151,0.0062660862120129685,0.18341434687128652,0.058296137662481116,true
4.2749999999999995,9.80480644306195,0.07053785822555693,0.16678015432573473,0.26917362349540785,-0.00017756037988602395,-0.005733942414915797,0.0010016227531723508,0.0004199446813170972,-0.001421567434489448,0.00719421220961182,0.10019098110191955,1.3606754759155408,13.580817963359296,-1.3905894777368324,0.603973662111314,0.5169946035403558,0.006236741882972436,0.18294918373138153,0.05815423813839368,true
4.325,9.80480644306195,0.07041400201001549,0.16900538364345302,0.2706429043299658,-0.00017998153831292948,-0.0057298521384315055,0.0010395933641702687,0.0003847634070759541,-0.0014243567712462228,0.007181580015772943,0.10012949510925698,1.3603816928094254,13.586223433215515,-1.394377421340526,0.6114846846152456,0.5216820400615647,0.0062069971199037784,0.1824758310094721,0.058009788772111645,true
4.375,9.80480644306195,0.07028566052655966,0.17123327447741998,0.27211954549768125,-0.00018239767650858295,-0.005725708927409124,0.001077512600807629,0.00034952326239285307,-0.0014270358632004821,0.007168490365895493,0.10006679467838599,1.3600833206990999,13.591754638193406,-1.3982328478751758,0.6190083979706313,0.5263305047900022,0.006176852628989358,0.18199424970514955,0.057862776286327446,true
4.425,9.80480644306195,0.07015275973491489,0.17346344869966085,0.2736030863487333,-0.00018480716255538706,-0.005721512698009563,0.0011153759381667674,0.0003142296710926058,-0.0014296056092593732,0.007154935708553042,0.10000287013250606,1.3597803185594417,13.597412921826166,-1.4021565706540629,0.6265446682865214,0.5309398928151039,0.0061463094479913645,0.18150442148881504,0.057713194152473994,true
4.475,9.80480644306195,0.07001522980033825,0.1756955116721876,0.2750930741730455,-0.00018720775672709854,-0.005717263347401472,0.0011531851403066814,0.0002788848476641661,-0.0014320699879708475,0.007140908921244664,0.0999377167509818,1.359472635903853,13.603198873267207,-1.4061494365165845,0.634093234333965,0.5355100378309521,0.006115369085046785,0.18100636407076354,0.05756104765641491,true
4.5249999999999995,9.80480644306195,0.06987300650761014,0.17792905067189355,0.27658907527538396,-0.00018959632261812229,-0.005712960755706899,0.0011909501419401973,0.00024348680737469085,-0.001434436949314888,0.007126403454609088,0.09987133763598863,1.3591602067234048,13.609111872289889,-1.4102123453070046,0.6416536383344014,0.5400406745041877,0.006084033677755255,0.1805001507366776,0.057406360345172415,true
4.575,9.80480644306195,0.0697260314975118,0.18016363420985526,0.2780906825847749,-0.00019196873187702178,-0.005708604817274961,0.0012286876073885988,0.00020803004059650378,-0.0014367176479851025,0.0071114133565432225,0.09980374569245046,1.3588429447241164,13.615149765134563,-1.4143462682339114,0.6492251810216609,0.5445314176613829,0.00605230606771313,0.1799859234374943,0.05724917836092211,true
4.625,9.80480644306195,0.0695742482557625,0.1823988144828374,0.2795975038062931,-0.0001943205275433086,-0.005704195530885779,0.0012664109047155817,0.00017251052620145742,-0.0014389214309170392,0.007095932863110666,0.09973496066019678,1.358520747776268,13.621309306019908,-1.4185522437388896,0.6568070013828888,0.5489818158424413,0.006020189525240107,0.17946387142404685,0.0570895634357318,true
4.675,9.80480644306195,0.06941759291709379,0.18463413782696347,0.28110910496661856,-0.00019664926127190073,-0.005699733162164768,0.0013041060818322382,0.00013693786603938277,-0.001441043947871621,0.007079955460641945,0.09966499435381172,1.3581935308905875,13.627588499819575,-1.4228312561379188,0.6643984500503809,0.5533915715119184,0.005987687037615366,0.17893412927986602,0.05692755918711536,true
4.725,9.80480644306195,0.06925598107326819,0.18686916298818673,0.28262488323588636,-0.00019895770371131636,-0.0056952184243484185,0.0013416966383101075,0.00010135323506712086,-0.0014430498733772285,0.0070634725402738486,0.0995938180717531,1.357861296481792,13.633991775508704,-1.4271839986674988,0.671999888574911,0.5577609911269206,0.005954799579515768,0.1783965536766194,0.05676311740562781,true
4.775,9.80480644306195,0.06908922521410149,0.18910349459268466,0.2841439163175169,-0.00020125787490802658,-0.005690652448815703,0.001379028811736644,6.583715178931877e-5,-0.0014448659635259628,0.007046464977693691,0.09952132303555829,1.3575241264982987,13.640535365604661,-1.4316115296296419,0.679613684945895,0.5620915174122918,0.005921518470393685,0.1778504460940562,0.056596009001074025,true
4.825,9.80480644306195,0.0689172586469573,0.19133676173155542,0.2856649558317583,-0.00020358611581041636,-0.005686031313622704,0.0014159233208394307,3.0467855839492623e-5,-0.0014463911766789232,0.007028925970866497,0.09944731526725986,1.3571826423420628,13.647252705562739,-1.4361107413922887,0.6872440993639742,0.5663856050496295,0.005887851817036038,0.17729456827033202,0.056425817138337865,true
4.875,9.80480644306195,0.06874041991897363,0.19356847459359267,0.28718629687594643,-0.00020595851374559282,-0.0056813427301357754,0.0014524163781538945,-4.801082080700388e-6,-0.0014476152960731941,0.007010890048483877,0.09937152235584479,1.3568380913324765,13.654194473077533,-1.4406733969000436,0.6948962421012305,0.5706460874144289,0.005853830302581302,0.17672720420250318,0.056251955295655263,true
4.925,9.80480644306195,0.06855798511950291,0.1957979700302417,0.28870774799506715,-0.00020828117056950063,-0.005676595511507195,0.0014889101046765825,-4.011973483834344e-5,-0.001448790369838239,0.00699228337832367,0.09929408523461182,1.3564884818779546,13.661322108692042,-1.4453178936384456,0.7025660521614009,0.5748706621228674,0.005819368227277072,0.1761492393216909,0.05607475800501221,true
4.975,9.80480644306195,0.06837072299166144,0.19802458937836115,0.29023262755195567,-0.0002105657153473591,-0.005671792831319556,0.0015253339716419202,-7.54451443154489e-5,-0.0014498888273264713,0.00697318436510715,0.09921585309203831,1.3561332632614094,13.668513861422754,-1.4500377939111364,0.710234797442555,0.579049183233704,0.005784592616463502,0.17556665081252298,0.05589616219065544,true
5.025,9.80480644306195,0.06817775684859056,0.20024801785771845,0.2917562434072471,-0.00021285719639399693,-0.005666936141007059,0.001561386829576448,-0.00011062368682879539,-0.0014507631427476526,0.006953503594844987,0.09913587301841356,1.3557735363123276,13.675912613999024,-1.4548362696204202,0.7179235805287509,0.583193308491289,0.00574940381418802,0.1749729393543543,0.055714044391067606,true
5.075,9.80480644306195,0.06797933713563337,0.2024676955363059,0.29327952355723597,-0.00021511904740677008,-0.005662024360967324,0.001597241406353991,-0.00014573804687285496,-0.001451503359481136,0.006933266610656726,0.0990544817705201,1.3554087074704002,13.683466747223823,-1.4597147947790488,0.7256244522523867,0.5872988049380584,0.005713834503863623,0.1743704879306854,0.055529185033780945,true
5.125,9.80480644306195,0.06777540471747603,0.2046830331792436,0.29480189937582424,-0.00021735611171121727,-0.005657057801774211,0.0016328766962656483,-0.00018077465343826582,-0.0014521020428273825,0.0069124673812847245,0.0989716855372382,1.3550387540613715,13.69117588233391,-1.4646739130666482,0.7333368182227741,0.5913654910861335,0.005677891595364428,0.17375941694339164,0.05534162123123533,true
5.175,9.80480644306195,0.0675658794638513,0.2068934668615543,0.29632254542149705,-0.0002195696221476743,-0.0056520367379092945,0.0016682649186355672,-0.0002157164598062127,-0.0014525484588293544,0.00689109773417935,0.09888742823500785,1.3546637165712512,13.699048916024665,-1.469714462422406,0.7410615613087763,0.595393973347361,0.0056415747206064746,0.17313942212795405,0.05515125169604632,true
5.225,9.80480644306195,0.06735071872414607,0.2090984205258546,0.29784083200481404,-0.00022175730799799625,-0.005646961322298725,0.0017033992027990093,-0.0002505568042994842,-0.0014528423984995252,0.006869153319370684,0.09880170067518013,1.3542835616662499,13.70708755427788,-1.4748373493367957,0.7487985030062639,0.5993843011450943,0.005604887719493144,0.17251052134836503,0.05495808072291665,true
5.275,9.80480644306195,0.06712987249507686,0.211297302148264,0.29935610204733043,-0.0002239177837163159,-0.005641831741499481,0.0017382706111573089,-0.0002852879945945611,-0.0014529826165627477,0.006846629036984112,0.0987144906626224,1.3538982566586402,13.715293950974969,-1.480043531204485,0.7565475215504712,0.603336564299271,0.005567834081087328,0.17187271372472634,0.05476210651222969,true
5.325,9.80480644306195,0.06690329256472664,0.21348950764222063,0.30086768086028554,-0.00022604978605017092,-0.005636648200085133,0.001772869629900792,-0.0003199020454463386,-0.0014529675844544535,0.006823519969847907,0.09862578434091437,1.3535077731602827,13.72367056145973,-1.4853339602689049,0.7643085294634072,0.6072508798219742,0.005530417392506079,0.17122598951338633,0.05456332426291141,true
5.375,9.80480644306195,0.06667093750418387,0.21567442152835556,0.30237488446731264,-0.00022815210419556363,-0.0056314109101632225,0.001807186951232906,-0.00035439106918229316,-0.0014527958820506129,0.00679982189259446,0.09853556788582402,1.3531120902095024,13.732219940898824,-1.4907095269466637,0.7720814347038574,0.6111273713718518,0.005492641805880439,0.1705703421685391,0.05436172998483959,true
5.425,9.80480644306195,0.06643277338407556,0.2178514176279397,0.30387702082178514,-0.00023022355492600981,-0.005626120087568591,0.0018412134225352299,-0.0003887472520628205,-0.0014524661704724093,0.006775531344740062,0.09844382763424656,1.3527111947717132,13.740944732436766,-1.4961710527501686,0.779866139037686,0.6149661682811356,0.005454512076182726,0.1699057692710076,0.05415732079143335,true
5.475,9.80480644306195,0.06618877121200892,0.22001985998865417,0.3053733904609044,-0.0002322629229320783,-0.00562077595203121,0.0018749399837594892,-0.0004229628242148063,-0.001451977159544683,0.006750645369327533,0.09835055011170424,1.3523050772977896,13.749847619173185,-1.501719334914365,0.7876625404774108,0.6187674066087877,0.005416033307453658,0.16923227229639604,0.053950094937663604,true
5.525,9.80480644306195,0.06593890342230324,0.22217910340442582,0.3068632867566673,-0.00023426892982086645,-0.005615378730482329,0.0019083576959993342,-0.00045703007498711865,-0.0014513276210122155,0.006725161154911195,0.09825572206833912,1.3518937261118082,13.758931262766916,-1.5073552030402915,0.795470534483492,0.6225312295180847,0.00537721064494338,0.16854985634499076,0.05374005186997416,true
5.575,9.80480644306195,0.06568314202583109,0.22432849319205472,0.3083459954631532,-0.00023624025380442157,-0.005609928660913802,0.0019414578259353667,-0.000490941396665834,-0.0014505164292695327,0.006699075846857702,0.09815933046055418,1.3514771248360273,13.768198280235064,-1.5130795459496063,0.8032900135781585,0.6262577868627739,0.005338049134395056,0.16785852979130259,0.05352719217336265,true
5.625,9.80480644306195,0.06542145931870345,0.2264673645109211,0.3098207939172245,-0.00023817557669205804,-0.005604425994394081,0.001974231922148563,-0.000524689324688468,-0.0014495425974600951,0.0066723866196253985,0.09806136238436479,1.3510552539781027,13.777651269849368,-1.518893297016293,0.8111208659163083,0.6299472342982888,0.0052985538035492455,0.16715830399079748,0.05331151743640034,true
5.675,9.80480644306195,0.06515383005963159,0.22859504187886437,0.3112869505745316,-0.00024007362035102862,-0.005598870994747012,0.0020066718387753346,-0.0005582665517839692,-0.0014484052869913654,0.006645090898835189,0.09796180501327227,1.350628094598424,13.78729285781775,-1.5247973981424552,0.8189629739165531,0.6335997324678712,0.005258729853193789,0.16644919320408172,0.0530930301389151,true
5.725,9.80480644306195,0.06488023329122328,0.23071083931251618,0.31274372525273675,-0.00024193315205138806,-0.005593263937153222,0.0020387697077594133,-0.0005916659162274402,-0.0014471037915319731,0.0066171865470259885,0.09786064558287363,1.3501956310457164,13.797125729180873,-1.5307927723348325,0.826816213767614,0.6372154466334091,0.005218582798938729,0.16573121474622035,0.05287173363719119,true
5.775,9.80480644306195,0.06460065272522791,0.23281406100236424,0.31419036990159166,-0.00024375296506678394,-0.005587605107333257,0.002070517890600336,-0.0006248803794159291,-0.001445637511184407,0.006588671902946176,0.09775787142237595,1.349757851199479,13.807152626796361,-1.536880320883622,0.834680455823747,0.6407945467237338,0.005178118482874408,0.16500438922200739,0.05264763223707052,true
5.825,9.80480644306195,0.0643150759469141,0.23490400217399232,0.3156261295092152,-0.00024553185507788556,-0.005581894802110202,0.002101908936493861,-0.00065790300623618,-0.0014440059302576812,0.006559545700407432,0.09765347000556422,1.349314744846266,13.817376328453898,-1.5430609393106887,0.8425555653848841,0.6443372075419392,0.005137342989395287,0.16426874072212,0.052420731297642846,true
5.875,9.80480644306195,0.06402349349197245,0.23697994995082816,0.3170502429943507,-0.00024726860839868926,-0.005576133330958992,0.002132935554918662,-0.000690726952405675,-0.0014422086025129871,0.006529806974137319,0.09754742899914919,1.348866301957294,13.827799623186982,-1.5493355344508797,0.85044140343739,0.6478436089307873,0.005096262558505363,0.1635242969913506,0.05219103732678191,true
5.925,9.80480644306195,0.06372589863386023,0.23904118427201054,0.31846194419002033,-0.0002489620047519356,-0.005570321017523388,0.002163590602497231,-0.0007233454588550612,-0.0014402451436421697,0.006499455038090402,0.09743973630368954,1.3484125121624726,13.83842530074063,-1.5557050294663775,0.8583378272795059,0.6513139358653302,0.005054883563365802,0.1627710896491412,0.0519585580648854,true
5.975,9.80480644306195,0.0634222878996921,0.24108697885831626,0.31986046290178755,-0.0002506108279694775,-0.0055644582002772275,0.0021938670891322887,-0.000755751855794534,-0.0014381152333377547,0.006468489538064345,0.09733038008557393,1.347953365417804,13.849256154477859,-1.5621703567633762,0.8662446910324089,0.6547483784781218,0.005013212548725484,0.1620091544480046,0.051723302553519916,true
6.025,9.80480644306195,0.0631126617058354,0.2431166019417899,0.3212450256766651,-0.00025221387720443815,-0.005558545232168932,0.002223758210437435,-0.0007879395801364508,-0.0014358186303009843,0.006436910516524781,0.09721934878889571,1.347488852956507,13.860294990069052,-1.5687324482563563,0.8741618458233508,0.6581471319306861,0.004971256278866545,0.16123853141535094,0.051485281160810845,true
6.075,9.80480644306195,0.0627970245320775,0.24512931638258403,0.32261485583397154,-0.0002537699750928315,-0.005552582479669007,0.0022532574007773443,-0.0008199022035738667,-0.0014333551972034776,0.006404718430368786,0.09710663111327245,1.347018967678291,13.871544633311677,-1.5753922318987708,0.8820891393285514,0.6615103960116452,0.004929021749215518,0.16045926471801125,0.05124450553084428,true
6.125,9.80480644306195,0.062475384557724195,0.24712437913729401,0.323969172739741,-0.0002552779722972442,-0.005546570321824451,0.002282358382552561,-0.0008516334591375106,-0.0014307249234150506,0.0063719141138102574,0.09699221596039605,1.3465437038320887,13.883007935213179,-1.5821506359909414,0.8900264146903563,0.6648383744900864,0.004886516156417424,0.15967140226354098,0.051000988464164926,true
6.175,9.80480644306195,0.06214775315156945,0.24910104058370788,0.32530719094134536,-0.00025673674841142954,-0.0055405091497360125,0.0023110551825536083,-0.0008831272514410553,-0.001427927931112553,0.006338498726361525,0.09687609238021073,1.3460630564444205,13.894687774580245,-1.5890085961706775,0.8979735093088638,0.6681312744513881,0.00484374685649026,0.15887499528516089,0.050754743798256334,true
6.225,9.80480644306195,0.06181414466939808,0.25105854445172915,0.3266281200365355,-0.00025814520932574255,-0.00553439936654193,0.0023393421042458354,-0.0009143776447143995,-0.0014249644595314358,0.006304473732180489,0.09675824955328863,1.3455770210179132,13.906587058262668,-1.595967059088227,0.9059302543242561,0.6713893059510627,0.004800721343623864,0.15807009819189477,0.05050578636711139,true
6.275,9.80480644306195,0.0614745767129313,0.25299612877937494,0.3279311657354106,-0.0002595022825204686,-0.005528241387728585,0.002367213673770182,-0.000945378837253896,-0.001421834836516286,0.006269840926480682,0.0966386768289724,1.3450855936827744,13.91870871807628,-1.6030269805058228,0.9138964751555827,0.6746126821093602,0.0047574472608063875,0.1572567688180109,0.05025413207953258,true
6.325,9.80480644306195,0.06112907063726049,0.25491302762006485,0.32921553176382035,-0.00026080691340685193,-0.005522035641503532,0.002394664594672067,-0.0009761251397650819,-0.0014185394549069853,0.006234602487284842,0.09651736379899549,1.3445887715941727,13.93105570510999,-1.610189320229287,0.9218719927833878,0.6778016194867142,0.004713932427404859,0.15643506891293976,0.04999979806993302,true
6.375,9.80480644306195,0.0607776519528271,0.2568084727139556,0.3304804216852001,-0.0002620580656995858,-0.0055157825690433345,0.002421689738469272,-0.0010066109713637531,-0.001415078767105519,0.0061987610164231655,0.09639430036222113,1.3440865532590935,13.943630984491985,-1.6174550378500603,0.9298566249616591,0.6809563383961973,0.004670184860510696,0.15560506455460782,0.049742802826411726,true
6.425,9.80480644306195,0.06042035039861106,0.25868169439946503,0.33172503982195095,-0.00026325472626657773,-0.005509482624587829,0.002448284172060766,-0.0010368308740349003,-0.0014114532980258657,0.006162319546997843,0.09626947670276417,1.3435789386590904,13.956437540503556,-1.6248250920057024,0.9378501877931934,0.6840770633251337,0.004626212771755554,0.15476682598119515,0.04948316613595229,true
6.475,9.80480644306195,0.06005719971981739,0.26053192161639427,0.3329485911357271,-0.0002643959118724564,-0.005503136275487701,0.002474443198956685,-0.0010667795342336743,-0.0014076636647230108,0.006125281520709152,0.09614288342256362,1.343065928857884,13.969478353950448,-1.632300442377678,0.945852490411511,0.6871640206727662,0.0045820245631623385,0.15392042836420367,0.049220909344138385,true
6.525,9.80480644306195,0.05968823736681368,0.26235838148380847,0.3341502806413278,-0.00026548067416902097,-0.005496744002346309,0.002500162386073514,-0.0010964517974952222,-0.0014037105885782919,0.006087650757149837,0.09601451126390888,1.3425475261052786,13.982756444128587,-1.6398820534735834,0.9538633406057193,0.690217440784182,0.004537628783482857,0.1530659500052932,0.04895605477330352,true
6.575,9.80480644306195,0.059313504334516,0.2641602991621489,0.335329313166675,-0.000266508100912965,-0.005490306299322784,0.002525437562444951,-0.0011258426690759268,-0.0013995948933690243,0.006049431437423964,0.09588435122582777,1.3420237335120342,13.996274849388996,-1.6475708962758537,0.9618825398175614,0.693237555853459,0.0044930341258018905,0.15220347302198836,0.04868862595231118,true
6.625,9.80480644306195,0.0589330452192621,0.26593689841214546,0.33648489391374736,-0.00026747731422270955,-0.005483823674544368,0.0025502647971746067,-0.001154947304125798,-0.0013953174930488087,0.006010628109947456,0.09575239453594162,1.3414945551359578,14.010036632895009,-1.6553679480521561,0.9699098841640474,0.6962246001945701,0.004448249422326792,0.1513330831397673,0.04841864754945105,true
6.675,9.80480644306195,0.05854690841056312,0.26768740273115377,0.3376162296660978,-0.00026838746851216367,-0.005477296650499478,0.002574640375448237,-0.0011837609967370888,-0.0013908793787111484,0.005971245710005006,0.09561863268540736,1.3409599961140715,14.024044879682945,-1.6632741905982107,0.9779451650333595,0.6991788103302521,0.004403283650673254,0.1504548698841346,0.048146145433546485,true
6.725,9.80480644306195,0.058155146267853064,0.26941103659324284,0.33872253009676334,-0.00026923775031771564,-0.005470725764289919,0.002598560787807659,-0.0012122791755213064,-0.0013862816122863528,0.005931289577776892,0.09548305746628061,1.340420062790344,14.038302693267934,-1.671290608451776,0.985988169756371,0.7021004250943939,0.0043581459396919075,0.14956892677952638,0.047871146737544515,true
6.775,9.80480644306195,0.05775781517701503,0.2711070263630419,0.33980300869391233,-0.00027002738038191997,-0.005464111567697857,0.0026220227350426026,-0.0012404974069930791,-0.0013815253280495235,0.005890765464104134,0.09534566099022511,1.3398747627664915,14.052813194130106,-1.6794181882060117,0.9940386819001892,0.7049896855844979,0.004312845568406282,0.14867535141848315,0.04759367988195827,true
6.825,9.80480644306195,0.05735497548699495,0.2727746007816173,0.34085688319963026,-0.0002707556167318913,-0.005457454627100856,0.002645023140041328,-0.001268411402499401,-0.001376611737541927,0.00584967952402368,0.09520643568502267,1.3393241048747462,14.067579520629412,-1.6876579190174477,1.0020964810955146,0.7078468349451886,0.004267391957831174,0.14777424538292522,0.04731377455221057,true
6.875,9.80480644306195,0.05694669140204449,0.27441299124504903,0.341883375818971,-0.00027142175712453016,-0.0054507555233006075,0.002667559155985219,-0.001296017023386585,-0.001371542132598634,0.005808038305778177,0.09506537428119122,1.338768099119481,14.082604831066844,-1.6960107936209838,1.010161342647447,0.7106721180838572,0.004221794659941275,0.14686571410112517,0.0470314616558251,true
6.925,9.80480644306195,0.056533030908691786,0.2760214321810844,0.3428817135446114,-0.0002720251401385975,-0.005444014851311744,0.002689628166017381,-0.001323310281921684,-0.0013663178840956972,0.00576584874336765,0.09492246980410063,1.3382067566394595,14.097892305175241,-1.7044778090419117,1.0182330372551325,0.7134657814365986,0.004176063348478606,0.14594986674028507,0.046746773290660217,true
6.975,9.80480644306195,0.05611406576698636,0.2775991616798902,0.34385112876811874,-0.0002725651453165923,-0.0054372332201165505,0.0027112277767414937,-0.0013502873390956564,-0.0013609404376458373,0.005723118155656569,0.09477771557852396,1.3376400897139897,14.11344514424117,-1.7130599666278516,1.0263113309998948,0.7162280728351803,0.004130207813527592,0.14502681617746935,0.046459742737566846,true
7.025,9.80480644306195,0.05568987153997454,0.2791454223176366,0.3447908601043733,-0.0002730411932279943,-0.005430411252370733,0.0027323558111693267,-0.0013769445020960212,-0.0013554113090733055,0.005679854249380073,0.09463110524195278,1.3370681117988663,14.129266570228161,-1.7217582716015996,1.0343959855256473,0.7189592414415115,0.004084237958509674,0.144096679023015,0.04617040446944983,true
7.075,9.80480644306195,0.05526052761466035,0.280659462001971,0.34570015323540165,-0.0002734527460584483,-0.00542354958405289,0.002753010304992773,-0.0014032782233954016,-0.0013497320815973714,0.0056360651212817815,0.09448263275808157,1.3364908375614264,14.145359824841563,-1.730573732605772,1.0424867582286532,0.7216595376834876,0.004038163796911491,0.14315957564056306,0.045878794159322236,true
7.125,9.80480644306195,0.05482611718833897,0.28214053471291656,0.34657826163356587,-0.00027379930870455847,-0.005416648864073927,0.002773189506251413,-0.0014292851015102609,-0.001343904404741152,0.0055917592567199395,0.09433229242463476,1.3359082828970092,14.161728169219584,-1.7395073615335825,1.0505834023254264,0.7243292131491499,0.003991995447173703,0.14221563012747865,0.045584948675982714,true
7.175,9.80480644306195,0.05438672722280014,0.28358790113327026,0.3474244471597966,-0.0002740804299754226,-0.005409709753879454,0.002792891876028129,-0.0014549618822563197,-0.0013379299937718093,0.005546945524996582,0.09418007887564205,1.335320464924674,14.178374884224377,-1.7485601736729637,1.0586856668001732,0.7269685204431866,0.003945743125763285,0.14126497025735435,0.045288906067872545,true
7.225,9.80480644306195,0.053942448388917486,0.28500082924404185,0.3482379806229691,-0.0002742957035427967,-0.005402732927075193,0.0028121160879424293,-0.0014803054593820716,-0.0013318106285603577,0.005501633173706156,0.09402598708203784,1.3347274019774482,14.195303270923349,-1.7577331879361304,1.0667932963140898,0.7295777130354748,0.003899417139709797,0.14030772740988734,0.04499070554296602,true
7.275,9.80480644306195,0.0534933750175525,0.28637859496058915,0.34901814238437334,-0.0002744447685626429,-0.0053957190690917456,0.002830861025840509,-0.001505312874270014,-0.001325548151570495,0.005455831823728181,0.09387001235408302,1.3341291135970024,14.212516650840437,-1.7670274270053703,1.0749060311597598,0.7321570451289562,0.003853027879530212,0.13934403650984642,0.044690387451517405,true
7.325,9.80480644306195,0.053039605060466705,0.28772048282905394,0.34976422302834137,-0.00027452731012186655,-0.0053886688768863935,0.002849125780508073,-0.0015299813151112155,-0.0013191444653968577,0.005409551465240647,0.09371215034641797,1.333525620537737,14.230018365902424,-1.7764439173241768,1.0830236072789612,0.7347067715512666,0.0038065858128347643,0.13837403597983558,0.04438799327310111,true
7.375,9.80480644306195,0.05258124005226911,0.28902578675289026,0.3504755240645713,-0.0002745430596843988,-0.00538158305867074,0.0028669096464975213,-0.001554308116098556,-0.0013126015303989652,0.005362802453839004,0.09355239706420856,1.332916944774497,14.247811778245142,-1.7859836890211107,1.0911457563127696,0.7372271476588117,0.003760101478128409,0.13739786769689435,0.044083565604843514,true
7.425,9.80480644306195,0.05211838506498799,0.2902938107094743,0.3511513586181649,-0.00027449179560889005,-0.005374462333649613,0.0028842121195172994,-0.001578290756866804,-0.0013059213626504954,0.005315595505902909,0.09339074886868617,1.3323031095085631,14.265900270077854,-1.7956477758544398,1.0992722056384228,0.7397184292385803,0.003713585478350631,0.13641567694247095,0.04377714814756436,true
7.475,9.80480644306195,0.051651148651887614,0.29152386944021125,0.35179105208902395,-0.00027437334367690335,-0.005367307431758169,0.0029010328942094665,-0.0016019268620975616,-0.0012991060321119049,0.005267941692866039,0.09322720248130148,1.331684139168385,14.284287243688128,-1.8054372152309741,1.107402678380783,0.7421808724044154,0.0036670484739240207,0.13542761234117753,0.04346878568840191,true
7.525,9.80480644306195,0.051179642783984985,0.2927152891224092,0.3523939427908115,-0.00027418757755216956,-0.005360119093384552,0.0029173718619034984,-0.0016252142010864156,-0.0012921576608170829,0.005219852434741389,0.09306175498714005,1.3310600594072541,14.302976121514039,-1.8153530482644693,1.115536893403059,0.7446147334897991,0.0036205011755147624,0.13443382579254,0.04315852408123433,true
7.575,9.80480644306195,0.050703982782662235,0.293867408039145,0.3529593825873778,-0.0002739344191328912,-0.005352898069066523,0.0029332291081010974,-0.001648150687151033,-0.0012850784209500643,0.005171339493248359,0.09289440383832633,1.3304308970997003,14.321970346192069,-1.8253963198409477,1.1236745652970466,0.747020268943621,0.003573954336689791,0.13343447240021145,0.042846410226304345,true
7.625,9.80480644306195,0.05022428725037684,0.29497957725564117,0.35348673753642157,-0.0002736138388120007,-0.005345645119151235,0.0029486049097299733,-0.0016707343768997082,-0.0012778705328302651,0.005122414964745826,0.09272514685794146,1.3297966803381924,14.341273380515565,-1.8355680786633393,1.1318154043785786,0.749397735230564,0.003527418746609224,0.13242971040177612,0.04253249205002733,true
7.675,9.80480644306195,0.04974067799858309,0.29605116129832976,0.3539753885356929,-0.00027322585568030015,-0.005338361013410264,0.0029634997323146313,-0.0016929634694349092,-0.0012705362628797222,0.0050730912728808066,0.09255398224415196,1.3291574384300633,14.36088870734729,-1.84586937728151,1.1399591166891831,0.7517473887362414,0.003480905222712274,0.13141970109734286,0.04221681848440073,true
7.725,9.80480644306195,0.04925327997165209,0.297081538829116,0.3544247319633585,-0.00027277053770412177,-0.0053310465306066635,0.0029779142271057144,-0.0017148363055128932,-0.0012630779215928212,0.0050233811608289885,0.09238090857417233,1.3285132018944221,14.380819829540464,-1.8563012721171894,1.1481054039992566,0.7540694856755733,0.0034344246033428103,0.1304046087747807,0.04189943944532383,true
7.775,9.80480644306195,0.048762221165309,0.29807010330850603,0.35483418030544145,-0.00027224800188076177,-0.0053237024580145426,0.0029918492281677993,-0.0017363513666590845,-0.0012554978615087148,0.004973297682976086,0.0922059248077301,1.327864002457602,14.401070269903961,-1.86686482350608,1.1562539638105105,0.7563642820037195,0.0033879877402258904,0.12938460062972965,0.04158040580924539,true
7.825,9.80480644306195,0.04826763254059553,0.2990162636474285,0.35520316277027364,-0.0002716584143408655,-0.00531632959089516,0.0030053057494251268,-0.001757507274238183,-0.0012477984751869439,0.004922854196142804,0.09202903029004808,1.327209873048266,14.421643571221994,-1.8775610957450168,1.1644044893591665,0.7586320333299656,0.0033416054908522153,0.12835984668069783,0.041259769388217314,true
7.875,9.80480644306195,0.047769647933124534,0.29991944484874933,0.3555311258915963,-0.0002710019903922508,-0.005308928731935664,0.0030182849816365303,-0.0017783027884635413,-0.001239982193172989,0.004872064350329644,0.09185022475457014,1.3265508477907912,14.442543296278508,-1.8883911571547738,1.1725566696181238,0.7608729948340345,0.0032952887107602497,0.12733051968056902,0.04093758290380127,true
7.925000000000001,9.80480644306195,0.04726840395935035,0.3007790886404901,0.3558175341229768,-0.00027027899448975524,-0.005301500690656357,0.003030788289355463,-0.0017987368073725891,-0.001232051481982874,0.004820942079157339,0.09166950832567732,1.3258869619989078,14.463773027868601,-1.8993560801320657,1.180710189296596,0.7630874211844104,0.003249048245830142,0.12629679502610952,0.04061389996030582,true
7.975,9.80480644306195,0.046764039918509276,0.3015946540988753,0.35606187042169957,-0.00026948974013331535,-0.00529404628279331,0.0030428172078955052,-0.0018188083657775798,-0.0012240088421179255,0.004769501589865684,0.09148688152141395,1.3252182521670237,14.485336368764909,-1.9104569412180243,1.1888647288345333,0.7652755664579876,0.0032028949245075473,0.125258850665485,0.040288775017395806,true
8.025,9.80480644306195,0.04625669769138943,0.3023656182597165,0.356263636820794,-0.0002686345897012556,-0.005286566329660809,0.0030543734402910133,-0.0018385166341857143,-0.001215856806105299,0.004717757352988999,0.09130234525624545,1.3245447559613215,14.507236941656954,-1.9216948211598832,1.197019964388846,0.7674376840603354,0.003156839550045276,0.12421686700408971,0.039962263362134494,true
8.075,9.80480644306195,0.04574652163511719,0.3030914767172322,0.3564223549880826,-0.00026771395423311645,-0.0052790616574974305,0.0030654588541953473,-0.0018578609176590176,-0.0012075979365363297,0.0046657240916253085,0.09111590084378272,1.323866512209201,14.529478389056994,-1.9330708049825245,1.2051755678139453,0.7695740266473765,0.0031108928927130568,0.12317102680830642,0.039634421080354275,true
8.125,9.80480644306195,0.04523365847432759,0.3037717442079406,0.35653756676896753,-0.00026672829317598564,-0.005271533096796894,0.0030760754786676022,-0.001876840654588476,-0.0011992348240791263,0.004613416770336726,0.0909275499990767,1.3231835608887437,14.552064373252986,-1.944585982059912,1.2133312066458675,0.7716848460509335,0.003065065681995995,0.12212151510524477,0.03930530502669535,true
8.175,9.80480644306195,0.04471825718917158,0.30440595517990443,0.35660883471368576,-0.0002656781140774556,-0.0052639814816229395,0.0030862255008713207,-0.0018954554153934923,-0.0011907700854778284,0.004560850583727227,0.09073729484063871,1.3224959431181367,14.574998576283624,-1.9562414461838706,1.2214865440877782,0.7737703932074521,0.0030193685988079565,0.12106851907944649,0.03897497279363035,true
8.225,9.80480644306195,0.04420046889945596,0.3049936643460425,0.3566357425874726,-0.0002645639722369563,-0.005256407648907286,0.0030959112626718485,-0.0019137049011393125,-0.001182206361532536,0.004508040944625987,0.09054513789207869,1.3218037011439003,14.598284699940116,-1.9680382956453493,1.2296412390001812,0.7758309180906525,0.002973812267677895,0.12001222796605658,0.038643482679327205,true
8.275,9.80480644306195,0.04368044674642037,0.30553444722158507,0.35661789586405024,-0.0002633864702908283,-0.005248812437727447,0.003105135257208335,-0.0019315889421103228,-0.0011735463150980123,0.004455003472029721,0.09035108208344739,1.3211068783299595,14.621926465803675,-1.9799776333040096,1.2377949458943436,0.7778666696475869,0.0029284072489984252,0.11895283294118833,0.0383108936545525,true
8.325,9.80480644306195,0.04315834577132243,0.3060279006449733,0.356554922202588,-0.00026214625772756736,-0.005241196688563185,0.003113900125470624,-0.0019491074963544533,-0.0011647926291161708,0.00440175397871949,0.0901551307526281,1.3204055191448913,14.645927615233372,-1.9920605666680076,1.2459473149183113,0.7798778957353818,0.0028831640312973724,0.11789052701128347,0.03797726532923422,true
8.375,9.80480644306195,0.04263432279108534,0.3064736432805304,0.35644647190601464,-0.00026084403034847616,-0.005233561242529286,0.0031222086528470373,-0.0019662606481819014,-0.0011559480046651359,0.0043483084585778965,0.08995728764657758,1.3196996691482556,14.67029190934553,-2.0042882079782656,1.2540979918395727,0.7818648430597501,0.0028380930235495203,0.11682550490054873,0.03764265791836974,true
8.425,9.80480644306195,0.042108536271677946,0.30687131610311136,0.356292218361015,-0.0002594805296531801,-0.005225906940583836,0.0031300637656840164,-0.0019830486066388917,-0.0011470151590451247,0.004294683073675021,0.08975755692246387,1.3189893749765371,14.695023128982134,-2.0166616742902996,1.262246618025162,0.783827757115477,0.002793204547560718,0.11575796293685862,0.03730713220739453,true
8.475,9.80480644306195,0.04158114619870731,0.30722058286407505,0.356091858459657,-0.00025805654217402784,-0.005218234622711261,0.0031374685278115163,-0.0019994717039335487,-0.0011379968238779676,0.00424089414107005,0.08955594314892752,1.3182746843271795,14.720125074613394,-2.0291820875653044,1.270392830411667,0.7857668821270847,0.0027485088304112404,0.11468809893731038,0.036970749517413345,true
8.525,9.80480644306195,0.0410523139460012,0.307521130537208,0.35584511300016386,-0.0002565728987582597,-0.005210545127079807,0.0031444261370145395,-0.0020155303938040408,-0.0011288957432104988,0.004186958119407907,0.08935245130700234,1.3175556459429845,14.74560156627433,-2.0418505747555,1.2785362614793152,0.7876824609931342,0.0027040159969868405,0.11361611209124946,0.036633571669553174,true
8.575,9.80480644306195,0.04052220214182724,0.3077726697446533,0.3555517270675357,-0.00025503047380213647,-0.005202839289174199,0.003150939921452156,-0.0020312252498294833,-0.0011197146716226728,0.00413289159527483,0.08914708679095003,1.3168323095952725,14.77145644347577,-2.054668267895908,1.2866765392236061,0.7895747352325014,0.00265973606258522,0.11254220284213164,0.03629566094889951,true
8.625,9.80480644306195,0.03999097453321253,0.30797493516119717,0.3552114703920171,-0.00025343018443198316,-0.00519511794090311,0.0031570133360491566,-0.0020465569636959695,-0.001110456372353187,0.004078711269360226,0.08893985540881273,1.3161047260668448,14.797693565132969,-2.067636304195449,1.2948132871288303,0.7914439449336038,0.002615678925617687,0.11146657276740257,0.03595708006773362,true
8.675,9.80480644306195,0.03945879584877866,0.30812768589831885,0.3548241376874149,-0.00025177298962555255,-0.005187381909682964,0.003162649958879625,-0.002061526343427549,-0.0011011236154520759,0.0040244339424671035,0.0887307633829806,1.3153729471342512,14.824316809456779,-2.080755826126049,1.3029461241379294,0.7932903287052238,0.0025718543604321673,0.11038942445800196,0.03561789212859523,true
8.725,9.80480644306195,0.0389258316597144,0.30823070586537366,0.3543895489663763,-0.0002500598892861438,-0.005179632017498701,0.0031678534875152035,-0.0020761343115682927,-0.0010917191759469108,0.003970076501332567,0.08851981735058027,1.314637025549096,14.851330073835474,-2.094027981517168,1.311074664620946,0.7951141236294317,0.0025282720102370827,0.10931096139660955,0.035278160586885376,true
8.775,9.80480644306195,0.03839224823938063,0.30828380410876466,0.3539075498337052,-0.00024829192326893503,-0.005171869079942871,0.0031726277353478897,-0.0020903819033204606,-0.001082245832027429,0.003915655904308814,0.08830702436381067,1.3138970150184641,14.878737274686333,-2.1074539236518905,1.3191985183410955,0.796915565216357,0.0024849413801515067,0.1082313878353896,0.03493794921325052,true
8.825,9.80480644306195,0.037858212421638296,0.30828681512727096,0.35337801175532163,-0.00024647017037190304,-0.005164093905233322,0.0031769766278520782,-0.002104270264620847,-0.0010727063632312312,0.003861189166913888,0.08809239188996149,1.3131529701853246,14.906542347330271,-2.121034811361132,1.327317290424847,0.7986948873621689,0.002441871830386499,0.10715090867209533,0.034597322055365774,true
8.875,9.80480644306195,0.037323891458109104,0.3082395991640322,0.35280083230367953,-0.00024459574728144035,-0.0051563072932104895,0.003180904198811196,-0.002117800650167837,-0.0010631035486433587,0.0038066933472735843,0.08787592781114621,1.3124049466084504,14.934749245879194,-2.1347718091205743,1.3354305813382015,0.8004523223106039,0.002399072569556238,0.1060697293248338,0.03425634339921841,true
8.925,9.80480644306195,0.03678945287443464,0.30814204247394317,0.35217593537840514,-0.00024266980747927495,-0.005148510034314358,0.003184414586523472,-0.002130974421406511,-0.001053440165116961,0.003752185531461204,0.08765764042389836,1.3116530007415923,14.963361943107843,-2.1486660871498673,1.3435379868612443,0.8021881006161756,0.002356552648135789,0.10498805560635571,0.03391507773017205,true
8.975,9.80480644306195,0.036255064325997594,0.3079940575666058,0.35150327140244747,-0.0002406935400998365,-0.005140702908541621,0.0031875120300247743,-0.002143793044490754,-0.0010437189855340202,0.003697682818782445,0.08743753843845216,1.310897189912513,14.992384430346949,-2.1627188215116284,1.3516390980701505,0.8039024511109707,0.0023143209520719533,0.10390609359717815,0.033573589693578085,true
9.025,9.80480644306195,0.03572089345321279,0.30779558342431845,0.3507828174937685,-0.00023866816872737627,-0.00513288668438361,0.0031902008653692197,-0.0021562580882433457,-0.001033942777125874,0.0036432023070164235,0.08721563097813889,1.310137572300631,15.021820717309545,-2.176931194214018,1.3597335013096628,0.8055956008713117,0.0022723861965647965,0.10282404951968836,0.03323194405564269,true
9.075,9.80480644306195,0.03518710773653756,0.3075465856947329,0.3500145776123509,-0.00023659495015720597,-0.005125062117745815,0.0031924855219162616,-0.00216837122208869,-0.0010241142998275716,0.003588761077628061,0.08699192757886218,1.3093742069135672,15.051674831857925,-2.191304393314216,1.3678207781570693,0.8072677751846015,0.00223075692003142,0.10174212961313896,0.03289020566451422,true
9.125,9.80480644306195,0.03465387435144409,0.307247056857884,0.34919858268163806,-0.00023447517311124246,-0.005117229950849609,0.003194370518648162,-0.002180134213970453,-0.0010142363046777088,0.003534376180976603,0.08676643818839452,1.308607153563066,15.081950819759466,-2.2058396130237132,1.3759005053887514,0.8089191975186834,0.0021894414782457623,0.10066054000843304,0.032548439411226364,true
9.175,9.80480644306195,0.034121360023461784,0.3068970163666923,0.34833489068411433,-0.00023231015692001957,-0.0051093909111168375,0.003195860460489279,-0.002191548928240311,-0.001004311532248968,0.003480064621531274,0.086539173165676,1.307836472840032,15.112652744396208,-2.2205380538138275,1.3839722549394518,0.8105500894916234,0.0021484480386725173,0.09957948660366012,0.03220671019080944,true
9.225,9.80480644306195,0.03358973088344552,0.3064965107609697,0.34742358673028684,-0.00023010125017764273,-0.005101545710038039,0.0031969600346144662,-0.0022026173235114473,-0.000994342711103019,0.0034258433431099697,0.08631014327996973,1.307062226088712,15.143784686452328,-2.2354009225247546,1.3920355938616191,0.812160670843438,0.002107784574988444,0.0984991749398146,0.031865082863383166,true
9.275,9.80480644306195,0.033059152323150875,0.30604561375390055,0.3464647831004277,-0.00022784982936461433,-0.005093695042024977,0.0031976740067552827,-0.0022133414504815745,-0.0009843325562737082,0.0033717292141492603,0.08607935970969431,1.3062844753804357,15.175350743615267,-2.2504294324780854,1.400090084290293,0.8137511594107628,0.0020674588617915386,0.0974198100760279,0.031523622215007666,true
9.325,9.80480644306195,0.032529788851693345,0.3055444262920147,0.34545861925980753,-0.00022555729745712266,-0.005085839583248067,0.0031980072174656736,-0.002223723449706332,-0.0009742837677593416,0.0033177390130645548,0.0858468340410109,1.3055032834875504,15.20735503028432,-2.2656248035837208,1.4081352834124665,0.8153217711041133,0.0020274784695271802,0.0963415964648645,0.031182392918462778,true
9.375,9.80480644306195,0.032001803952719246,0.3049930765867898,0.34440526184551146,-0.00022322508250951408,-0.00507797999045913,0.0031979645783959607,-0.002233765549347653,-0.0009641990290483078,0.0032638894136828443,0.08561257826616596,1.3047187138566836,15.239801677276523,-2.2809882624512836,1.4161707434394215,0.8168727198873105,0.0019878507596157824,0.09526473782780176,0.030841459494002833,true
9.425,9.80480644306195,0.03147535994283426,0.3043917201190851,0.34330490462640945,-0.000220854636203139,-0.005070116899800101,0.003197551068613777,-0.0022434700629169165,-0.0009540810056968604,0.0032101969708037193,0.08537660478140759,1.3039308305824502,15.272694831575294,-2.29652104249814,1.424196011589435,0.8184042177603802,0.001948582879797748,0.09418943703028897,0.030500886269877677,true
9.475,9.80480644306195,0.030950617831252275,0.30374053961535086,0.34215776843582313,-0.0002184474323587123,-0.0050622509255989715,0.003196771730989407,-0.0022528393870222003,-0.0009439323439672069,0.00315667810588484,0.08513892638507141,1.3031396983794363,15.306038655990545,-2.3122243840636676,1.4322106300583284,0.8199164747414879,0.0019096817597041285,0.09311589595910628,0.03016073734352387,true
9.525,9.80480644306195,0.03042773718111365,0.3030397449971121,0.340964101078181,-0.00021600496540931765,-0.0050543826591539194,0.0031956316686617267,-0.0022618759991284974,-0.0009337556695332293,0.0031033490928976818,0.08489955627577014,1.3023453825531122,15.339837328746961,-2.328099534523685,1.4402141359813114,0.8214096988486812,0.0018711541066670976,0.09204431540181181,0.029821076543348375,true
9.575000000000001,9.80480644306195,0.029906875972537952,0.3022895733029233,0.33972417720973735,-0.00021352874884819574,-0.005046512667507178,0.003194136041557115,-0.002270582455317912,-0.0009235535862392031,0.003050226044360169,0.08465850805079302,1.3015479489692792,15.374095042974092,-2.3441477484065096,1.4482060613817171,0.8228840960807091,0.0018330064017746002,0.0909748949287783,0.02948196739127018,true
9.625,9.80480644306195,0.02938819046751113,0.30149028858218185,0.3384382981913552,-0.00021102031367261845,-0.005038641492209788,0.0031922900628912456,-0.00227896138801508,-0.0009133286748761655,0.0029973248975564137,0.08441579570424966,1.3007474640236598,15.408816006198915,-2.3603702875042547,1.4561859331214362,0.8243398703997281,0.0017952448961678074,0.089907832775925,0.02914347306538833,true
9.675,9.80480644306195,0.028871835076869877,0.3006421817610887,0.33710679191346926,-0.00020848120682668325,-0.0050307696480779325,0.0031900989956441385,-0.0022870155036732744,-0.0009030834919708641,0.002944661400970346,0.08417143362488395,1.299943994611498,15.444004439852977,-2.376768420983134,1.4641532728595092,0.8257772237169726,0.0017578756075752988,0.08884332572797042,0.02880565636272104,true
9.725,9.80480644306195,0.028357962229347604,0.2997455704801384,0.3357300125930468,-0.00020591298963618443,-0.005022897621941724,0.003187568149033771,-0.0022947475804339897,-0.0008928205685997813,0.0028922511009296043,0.08392543659342819,1.2991376080974335,15.47966457882166,-2.3933434254936614,1.4721075970212825,0.8271963558816352,0.0017209043170822043,0.0877815690018376,0.02846857966189355,true
9.775,9.80480644306195,0.02784672224311139,0.298800798903532,0.334308340542267,-0.00020331723623491602,-0.005015025871387235,0.003184702875000259,-0.002302160465766457,-0.0008825424092338023,0.002840109328503492,0.08367781977947948,1.2983283722859766,15.515800671044358,-2.410096585277904,1.4800484167802312,0.8285974646731289,0.0016843365661429767,0.08672275613034204,0.02813230488581426,true
9.825000000000001,9.80480644306195,0.02733826320004927,0.2978082375016976,0.33284218191139125,-0.0002006955319726903,-0.005007154823492798,0.0031815085647445085,-0.00230925707410959,-0.0008722514906349186,0.0027882511866814358,0.08342859873841278,1.2975163553911861,15.55241697705483,-2.4270291922760645,1.4879752380342426,0.8299807457933538,0.001648177653853661,0.08566707884843006,0.027796893465087725,true
9.875,9.80480644306195,0.02683273082309748,0.2967682828069047,0.33133196840567003,-0.00019804947180768087,-0.004999284873560765,0.0031779906453348883,-0.002316040384523918,-0.0008619502608109703,0.0027366915378614926,0.0831777894081655,1.2967016260067101,15.58951776950463,-2.4441425462231896,1.4958875613816907,0.8313463928599146,0.0016124326344948584,0.08461472698139627,0.027462406301968938,true
9.925,9.80480644306195,0.02633026835648357,0.2956813571416634,0.32977815697592316,-0.00019538065868098282,-0.004991416383846059,0.003174154576395407,-0.0023225134383610593,-0.0008516411380343476,0.002685444991636252,0.08292540810574635,1.2958842530752024,15.62710733268497,-2.461437954752174,1.5037848821050153,0.8326945974015622,0.0015771063153149367,0.08356588833455622,0.027128903734697753,true
9.975,9.80480644306195,0.02583101644931881,0.29454790832136163,0.32818122948491113,-0.00019269070187386244,-0.004983549682283364,0.0031700058468837086,-0.0023286793369558453,-0.0008413265099278633,0.002634525892920332,0.08267147152444944,1.295064305855852,15.665189961846112,-2.4789167334893745,1.5116666901164835,0.8340255488481081,0.0015422032546076637,0.08252074858839865,0.026796445503530573,true
10.025,9.80480644306195,0.025335113042586933,0.293368409331043,0.32654169234936414,-0.00018998121535945226,-0.004975685061214234,0.003165549971927738,-0.00233454123932636,-0.0008310087326013783,0.002583948310424271,0.08241599673091521,1.2942418538916867,15.703769962490805,-2.4965802061474194,1.5195324699094859,0.835339434522459,0.0015077277600483434,0.08147949119575193,0.026465090717329887,true
10.075000000000001,9.80480644306195,0.0248426932595334,0.292143357975696,0.32486007615609247,-0.00018725381617688017,-0.004967822776116026,0.0031607924896395454,-0.002340102359841725,-0.0008206901297978203,0.0025337260254752417,0.08215900116210059,1.2934169669772297,15.742851649636101,-2.514429704606312,1.5273817005022414,0.8366364396324878,0.0014736838873038586,0.08044229728132826,0.026134897820825505,true
10.125,9.80480644306195,0.024353889299811117,0.2908732765055451,0.32313693525322895,-0.0001845101228186649,-0.0049599630443330845,0.003155738957930237,-0.0023453659658697447,-0.0008103729920604921,0.00248387252122089,0.0819005026214388,1.2925897151277728,15.782439347196584,-2.532466568989458,1.5352138554137906,0.8379167472692665,0.0014400754388846628,0.0794093455409658,0.02580592456166833,true
10.175,9.80480644306195,0.023868830337317723,0.2895587112150223,0.32137284731599935,-0.00018175175361835589,-0.00495210604381171,0.0031503949513730107,-0.0023503353754286424,-0.0008000595759443683,0.0024344009722096775,0.08164051927530842,1.2917601685481883,15.822537387251428,-2.5506921477261146,1.543028402616977,0.8391805384023197,0.001406905963283462,0.07838081214507918,0.02547822795876001,true
10.225,9.80480644306195,0.023387642422066326,0.28820023201741074,0.3195684128890036,-0.00017898032515449553,-0.004944251911840141,0.0031447660580759098,-0.002355013954824196,-0.0007897521032517139,0.0023853242343825996,0.08137906964834953,1.2909283976044987,15.863150109515665,-2.5691077976060583,1.550824804535358,0.8404279918827914,0.0013741787543484524,0.07735687064080785,0.025151864270044583,true
10.275,9.80480644306195,0.022910448386159618,0.2867984319951116,0.3177242549047166,-0.00017619745066930857,-0.004936400743795004,0.0031388578765795603,-0.0023594051162805145,-0.0007794527602990459,0.0023366548354834117,0.08111617261934834,1.2900944727943535,15.904281860638875,-2.5877148838205724,1.5586025180124974,0.8416592844426933,0.00134189685094655,0.0763376918595921,0.024826888961980667,true
10.325000000000001,9.80480644306195,0.022437367754219048,0.28535392692731687,0.3158410181801309,-0.00017340473847861717,-0.004928552591895062,0.0031326760128698,-0.0023635123156101976,-0.0007691636972596023,0.00228840496592323,0.08085184741626045,1.2892584647203842,15.94593699365608,-2.606514779985506,1.5663609943127783,0.8428745906997482,0.0013100630368789402,0.07532344382483988,0.02450335667893142,true
10.375,9.80480644306195,0.021968516658361262,0.2838673547954544,0.31391936889383837,-0.0001706037903683628,-0.004920707463964796,0.003126226077531337,-0.0023673390499383,-0.000758887027593037,0.002240586470108909,0.08058611361204689,1.2884204440615619,15.988119867204452,-2.625508868153296,1.574099679083764,0.844074083156641,0.0012786798410806802,0.07431429166600406,0.024181321214564983,true
10.425,9.80480644306195,0.021504007757449924,0.2823393752665403,0.31195999404241226,-0.000167796200019933,-0.004912865322209926,0.003119513682926457,-0.002370888855423087,-0.0007486248275033699,0.0021932108382074723,0.08031899112071711,1.2875804815440657,16.0308348446368,-2.644698538813491,1.5818180123046297,0.8452579321988343,0.0012477495380830053,0.07331039753672135,0.0238608354844917,true
10.475,9.80480644306195,0.021043950160830778,0.2807706691550322,0.30996360087596037,-0.00016498355145367903,-0.004905026082006479,0.0031125444404135594,-0.002374165304981436,-0.0007383791354321234,0.00214628919836779,0.08005050019314736,1.2867386479135288,16.074086293138226,-2.66408519087214,1.5895154282344315,0.8464263060931387,0.0012172741487348183,0.07231192053547837,0.023541951499627546,true
10.525,9.80480644306195,0.020588449356394964,0.2791619378639654,0.30793091631430325,-0.0001621674174902024,-0.0048971896107055796,0.0031053239575961015,-0.0023771720060150182,-0.0007281519515810833,0.0020998323093837008,0.07978066141272866,1.285895013906463,16.11787858280784,-2.683670231635575,1.597191355365449,0.8475793709877812,0.001187255441148932,0.07131901662902974,0.023224720340374504,true
10.575000000000001,9.80480644306195,0.020137607143482745,0.27751390280737714,0.3058626863450067,-0.0001593493582708632,-0.004889355726455499,0.003097857835516523,-0.002379912598094937,-0.0007179452374215861,0.0020538505538508067,0.07950949569040912,1.285049650225598,16.1622160858531,-2.703455076754192,1.6048452164079314,0.8487172909177646,0.001157694931913951,0.07033183857721008,0.02290919213114576,true
10.625,9.80480644306195,0.019691521570153445,0.27582730480947676,0.3037596753975298,-0.00015653091979411237,-0.004881524197041813,0.0030901516659202696,-0.002382390750667543,-0.0007077609152527265,0.0020083539317685872,0.07923702425860567,1.284202627518064,16.207103175995293,-2.7234411501577678,1.6124764282979458,0.8498402278139325,0.0011285938875159845,0.06935053585743935,0.022595416014694177,true
10.675,9.80480644306195,0.01925028687521596,0.27410290348488026,0.30162266570080976,-0.0001537136324455161,-0.004873694738748494,0.0030822110286323253,-0.002384610160803978,-0.0006976008678283474,0.0019633520546280436,0.07896326866623792,1.2833540163497559,16.252544227547606,-2.743629883990286,1.6200844021639316,0.8509483415061414,0.0010999533260113747,0.06837525459689507,0.022283440128883794,true
10.725,9.80480644306195,0.018813993435601487,0.27234147660561975,0.2994524566294362,-0.00015089900958148756,-0.004865867015241938,0.0030740414889215938,-0.0023865745509319544,-0.0006874669379896394,0.0019188541400442015,0.07868825077253358,1.282503887185837,16.298543614766686,-2.7640227184981576,1.6276685433441265,0.8520417897341743,0.001071774018942125,0.06740613750423244,0.02197331158320022,true
10.775,9.80480644306195,0.01838272771848379,0.27054381944839245,0.2972498640293024,-0.0001480885461263099,-0.004858040636478974,0.00306564859497546,-0.00238828766661142,-0.0006773609283640403,0.0018748690068728206,0.07841199274104509,1.281652310371641,16.345105711115984,-2.784621101895092,1.6352282513930048,0.8531207281570645,0.0010440564934925808,0.06644332380592695,0.021665076436692732,true
10.825000000000001,9.80480644306195,0.017956572239068096,0.26871074412864077,0.2950157195340752,-0.0001452837171834616,-0.004850215157641459,0.003057037875505107,-0.002389753274365947,-0.0006672846011391599,0.001831405070905247,0.07813451703485853,1.2807993561130668,16.392234888220496,-2.8054264901789834,1.6427629200288452,0.8541853103542011,0.0010168010349246596,0.06548694919046977,0.02135877967840759,true
10.875,9.80480644306195,0.017535605522836728,0.26684307891654735,0.2927508698636698,-0.00014248597666599575,-0.004842390078099857,0.003048214837448786,-0.0023909751595542106,-0.0006572396778945755,0.0017884703410178202,0.07785584641009599,1.2799450944604234,16.439935515163135,-2.8264403469517854,1.6502719371466266,0.8552356878360645,0.0009900076891665116,0.06453714575055287,0.021054465207081128,true
10.925,9.80480644306195,0.017119902073441617,0.26494166754437587,0.2904561761177654,-0.00013969675598063023,-0.004834564840408596,0.003039184963685737,-0.002391957124239162,-0.000647227839446575,0.0017460724158972003,0.07757600391191447,1.2790895952899886,16.48821195717121,-2.8476641431653205,1.6577546847262814,0.8562720100405037,0.0009636762657155252,0.06359404193738008,0.020752175814731835,true
10.975,9.80480644306195,0.016709532344516657,0.26300736849419737,0.2881325130474031,-0.00013691746274489507,-0.004826738829334792,0.0030299537107887574,-0.0023927029850688572,-0.0006372507257199002,0.0017042184811654909,0.07729501286839674,1.2782329282902922,16.537068574742648,-2.869099356866537,1.665210538815258,0.8572944243399546,0.0009378063406730674,0.06265776251162719,0.020451953169074538,true
11.025,9.80480644306195,0.016304562717349737,0.26104105428027446,0.2857807683259008,-0.00013414947956305034,-0.004818911370923408,0.003020526506770836,-0.0023932165711479107,-0.0006273099356229254,0.0016629153071029898,0.07701289688545267,1.2773751629477208,16.586509722490522,-2.8907474728993328,1.6726388694802263,0.8583030760446424,0.0009123972600130941,0.061728428501493945,0.020153837798191517,true
11.075000000000001,9.80480644306195,0.015905055481863814,0.25904361070903253,0.28340184179315375,-0.0001313941628302539,-0.004811081731600196,0.0030109087488807687,-0.002393501721926751,-0.0006174070269540175,0.0016221692467084348,0.07672967983843544,1.2765163685401477,16.636539748738986,-2.912609982609426,1.6800390408803907,0.8592981084224303,0.000887448142950502,0.060806157154081684,0.01985786907293186,true
11.125,9.80480644306195,0.01551106882433249,0.25701593614149676,0.28099664470908103,-0.0001286528415873415,-0.004803249117315655,0.003001105801433426,-0.0023935622851032445,-0.0006075435163301816,0.0015819862344461056,0.07644538586793533,1.2756566141244332,16.687162994091207,-2.934688383457642,1.6874104111732788,0.8602796626958673,0.0008629578856328985,0.05989106190409327,0.019564085194937096,true
11.175,9.80480644306195,0.015122656817293436,0.25495894072691416,0.2785660989719476,-0.0001259268163973634,-0.004795412672731437,0.0029911229937239106,-0.002393402114560987,-0.0005977208791629234,0.0015423717852170848,0.07616003936918554,1.2747959685360515,16.73838379148522,-2.9569841787012834,1.6947523326700016,0.8612478780726742,0.0008389251648049286,0.05898325232627913,0.01927252317925911,true
11.225,9.80480644306195,0.014739869419339663,0.25287354566398573,0.2761111363771599,-0.00012321735827876542,-0.0047875714804526915,0.002980965617996704,-0.0023930250683319985,-0.0005879405496647056,0.0015033309943379705,0.07587366498948565,1.2739345003835725,16.790206464391968,-2.9794988768205015,1.7020641517126662,0.8622028917388785,0.0008153484419829041,0.05808283411713927,0.018983218846496445,true
11.275,9.80480644306195,0.014362752473799156,0.2507606824100393,0.2736326978124292,-0.00012052570766764431,-0.004779724560308446,0.0029706389275127717,-0.00239243500660459,-0.0005782039209081815,0.0014648685374062111,0.07558628761837417,1.2730722780468553,16.842635326587807,-3.002233991155575,1.7093452087510113,0.8631448388784799,0.0007922259674468319,0.05718990905763194,0.018696206808680723,true
11.325000000000001,9.80480644306195,0.013991347715109093,0.2486212919064583,0.2711317324778797,-0.00011785307338210216,-0.004771870868682962,0.0029601481347808446,-0.0023916357898123956,-0.000568512344968449,0.0014269886709502165,0.07529793237967207,1.2722093696774766,16.895674681512645,-3.025191039429116,1.716594838405496,0.8640738526907484,0.0007695557845026124,0.056304574986015196,0.018411520458415667,true
11.375,9.80480644306195,0.013625692781120113,0.24645632380942833,0.268609197114348,-0.00011520063168594245,-0.004764009297900883,0.0029494984097342965,-0.002390631276694979,-0.0005588671330393176,0.00138969523368428,0.07500862462775881,1.2713458431994964,16.949328820635422,-3.0483715430756537,1.7238123693471128,0.8649900643838454,0.0007473357340821433,0.05542692578728487,0.01812919196339178,true
11.425,9.80480644306195,0.013265821227711035,0.24426673569936536,0.2660660552077183,-0.0001125695253855807,-0.0047561386756693694,0.002938694877976463,-0.00238942532239203,-0.0005492695555844333,0.001352991647999146,0.07471838993967116,1.2704817663107784,17.003602022695965,-3.0717770267070583,1.730997124326405,0.865893603187905,0.0007255634592686582,0.054557051373469855,0.01784925225788538,true
11.475,9.80480644306195,0.012911762548332071,0.2420534922917585,0.26350327619698266,-0.00010996086297148611,-0.004748257764579785,0.0029277426190777722,-0.0023880217765636937,-0.0005397208425140785,0.001316880921955237,0.07442725410664137,1.2696172064912192,17.058498553125144,-3.095409017490852,1.7381484202476956,0.8667845963734093,0.000704236409989432,0.05369503766634636,0.017571731034984574,true
11.525,9.80480644306195,0.012563542197785329,0.23981756464564197,0.26092183468081176,-0.00010737571780822914,-0.004740365261672145,0.002916646664928107,-0.002386424481539476,-0.000530222183388631,0.0012813656517080463,0.07413524312841553,1.2687522310044455,17.11402266269956,-3.119269044481205,1.7452655680965528,0.8676631692509096,0.0006833518478830347,0.052840966591999695,0.017296656742682607,true
11.575000000000001,9.80480644306195,0.01222118162013644,0.23755992937013148,0.25832270962315385,-0.00010481512737608684,-0.004732459798065253,0.00290541199813317,-0.0023846372704907533,-0.0005207747276424167,0.0012464480243548671,0.07384238320388639,1.2678869069073295,17.17017858709359,-3.143358637976004,1.7523478730497337,0.868529445193345,0.0006629068511831594,0.05199491606844833,0.01702405657764772,true
11.625,9.80480644306195,0.011884698280779694,0.23528156783070509,0.2557068835597926,-0.00010228009255812163,-0.0047245399386554475,0.002894043550479681,-0.0023826639656400203,-0.0005113795848396608,0.0012121298212051407,0.07354870072478527,1.2670213010538678,17.226970545611458,-3.1676793288017993,1.7593946344315003,0.869383545638962,0.0006428983197867602,0.05115696000579732,0.016753956483082602,true
11.675,9.80480644306195,0.011554105702648873,0.23298346535651382,0.2530753418072847,-9.977157697407021e-5,-0.004716604181886826,0.0028825462014777257,-0.0023805083765118746,-0.0005020378249658512,0.001178412421473629,0.07325422226476026,1.2661554801123438,17.28440274112966,-3.1922326475937433,1.7664051459101482,0.8702255901231183,0.0006233229803397435,0.050327168297225826,0.016486381143516655,true
11.725,9.80480644306195,0.01122941350648467,0.23066661044973663,0.250429071675322,-9.729050636237232e-5,-0.004708650959595923,0.00287092477697726,-0.002378174298224998,-0.0004927504787522619,0.00114529680638732,0.07295897457560487,1.2652895105622766,17.34247935805486,-3.217020124021906,1.7733786953132076,0.8710556962634937,0.0006041773915326152,0.049505606833431144,0.01622135398731892,true
11.775,9.80480644306195,0.010910627455044833,0.22833199399775456,0.24776906168315715,-9.483776801670138e-5,-0.0047006786369336,0.002859184047838878,-0.002375665509815917,-0.0004835185380229613,0.001112783563694455,0.07266298444795152,1.2644234590684944,17.40120459784033,-3.2420432868436473,1.780314572387121,0.8718739806794772,0.0005854579472385518,0.04869233715985244,0.01595889707110131,true
11.825000000000001,9.80480644306195,0.010597749501145587,0.2259806084888245,0.2450963007805595,-9.241421028072325e-5,-0.004692685512366819,0.0028473287286419494,-0.0023729857725866884,-0.000474342956055261,0.0010808728925643133,0.07236627920670698,1.2635573911026805,17.460582538635933,-3.2673036597880767,1.7872120392261126,0.8726805555171767,0.0005671608903389275,0.0478874178284225,0.015699031524164138,true
11.875,9.80480644306195,0.010290777839324094,0.223613447231839,0.24241177757371157,-9.002064209442109e-5,-0.004684669817762766,0.002835363476449302,-0.002370138828486668,-0.00046522464796263383,0.0010495646088563048,0.07206888596616355,1.262691372984018,17.520617337929345,-3.292802765501313,1.794070373564301,0.8734755335653084,0.0005492823057730809,0.047090902440503096,0.015441776899321025,true
11.925,9.80480644306195,0.009989706960938427,0.22123150358093674,0.2397164795567081,-8.765783259956242e-5,-0.004676629718558387,0.0028232928896040096,-0.00236712839851676,-0.00045616449108724965,0.0010188581507396624,0.07177083210163548,1.261825470571438,17.581313099234418,-3.3185421215582447,1.8008888406975914,0.874259024940635,0.0005318181342003509,0.04630284094988775,0.015187151601159984,true
11.975,9.80480644306195,0.009694527712534852,0.21883577016604633,0.2370113923498628,-8.532651079650851e-5,-0.004668563314017695,0.002811121506584432,-0.0023639581811697274,-0.0004471633254147047,0.0009887525846463666,0.071472145122984,1.2609597495979998,17.64267390363383,-3.3445232403571676,1.807666700437888,0.8750311379176215,0.0005147641755558473,0.04552327936438816,0.01493517278502889,true
12.025,9.80480644306195,0.009405227357334928,0.2164272381306267,0.2342974989463103,-8.302736524910622e-5,-0.0046604686375800565,0.002798853804938649,-0.002360631850917881,-0.0004382219540207681,0.0009592466115422633,0.07117285266561943,1.2600942756802864,17.70470380891427,-3.3707476282681275,1.8144032071948721,0.8757919789430529,0.0004981160946464358,0.0447522597667094,0.014685856361530865,true
12.075000000000001,9.80480644306195,0.009121789639709577,0.21400689637786957,0.23157577896833098,-8.076104384322069e-5,-0.004652343657302069,0.0027864942002840906,-0.0023571530567416898,-0.0004293411435424008,0.0009303385735028265,0.07087298248163248,1.2592291143242758,17.767406848591687,-3.3972167848040353,1.8210976100510643,0.8765416526492884,0.0004818694267786704,0.04398982033892817,0.014439217002201951,true
12.125,9.80480644306195,0.00884419485252147,0.21157573082640563,0.22884720793445396,-7.852815359562121e-5,-0.0046441862763958236,0.0027740470453836465,-0.002353525420705595,-0.00042052162467805156,0.0009020264605814604,0.07057256243112282,1.2583643309265078,17.830787030790358,-3.4239322018287632,1.8277491528264203,0.8772802618657966,0.00046601958341075105,0.04323599539061758,0.01419526814638901,true
12.175,9.80480644306195,0.008572419907249,0.2091347236762218,0.2261127565378632,-7.632926052139495e-5,-0.004635994333865948,0.00276151662926962,-0.0023497525365673115,-0.0004117640927023083,0.0008743079179615005,0.07027162047358086,1.2574999907709645,17.894848337014384,-3.4508953628044647,1.8343570741402713,0.8780079076299014,0.00045056185782489574,0.04249081539014612,0.013954022009171996,true
12.225,9.80480644306195,0.008306438406847113,0.20668485268524414,0.22337338993630876,-7.416488955968639e-5,-0.0046277656052472384,0.002748907176409879,-0.0023458379684182396,-0.00040306920799163936,0.0008471802533873467,0.06997018465910204,1.256636159022276,17.95959472087526,-3.478107742081913,1.840920607482085,0.8787246891980123,0.00043549143081509983,0.04175430699853064,0.013715489590125932,true
12.275,9.80480644306195,0.008046220721324441,0.20422709045714366,0.22063006705386595,-7.20355245610219e-5,-0.004619497803444558,0.0027362228459028564,-0.0023417852493487715,-0.00039443759655408486,0.0008206404448726353,0.0696682831192199,1.2557729007163538,18.02503010684807,-3.505570804231136,1.8474389813034608,0.8794307040586214,0.00042080337638839124,0.04102649310529637,0.01347968068274106,true
12.325000000000001,9.80480644306195,0.007791734065960324,0.20176240374104135,0.21788373989517995,-6.99416083311313e-5,-0.004611188579675955,0.002723467730719612,-0.00233759788014804,-0.000385869850571572,0.0007946851486776557,0.06936594405732471,1.2549102807481258,18.091158389065612,-3.533286003421644,1.8539114191335697,0.8801260479471874,0.0004064926674739848,0.04030739286625244,0.013246603884473056,true
12.375,9.80480644306195,0.007542942582009535,0.19929175274388183,0.2151353528730763,-6.78835427308571e-5,-0.004602835524520467,0.002710645856997977,-0.002333279328041082,-0.0003773665289568953,0.000769310707540489,0.06906319573878758,1.2540483638551827,18.1579834301076,-3.5612547828667136,1.8603371397117836,0.8808108148621058,0.00039255418163454067,0.039597021743440444,0.013016266607511873,true
12.425,9.80480644306195,0.0072998074198088415,0.1968160904564949,0.21238584215071582,-6.586168883173805e-5,-0.004594436169071113,0.002697761183394424,-0.0023288330254667613,-0.00036892815792766284,0.0007445131591531122,0.06876006648097582,1.2531872145963678,18.225509059725724,-3.5894785743396427,1.8667153571278272,0.8814850970806697,0.00037898270677739636,0.0388953915476346,0.012788675090396252,true
12.475,9.80480644306195,0.007062286824100351,0.19433636199438464,0.20963613499952094,-6.387636712428164e-5,-0.004585987986194225,0.0026848176005074,-0.0023242623689037688,-0.00036055523160363106,0.000720288244863594,0.06845658464340865,1.252326897323023,18.293739073405607,-3.61795879778563,1.8730452809556375,0.8821489851735541,0.0003657729468580487,0.03820251048385408,0.012563834410631013,true
12.525,9.80480644306195,0.006830336221401684,0.19185350395395878,0.20688714917353423,-6.192785778259949e-5,-0.004577488391895226,0.00267181893035618,-0.0023195707177372476,-0.0003522482126189323,0.0006966314185870489,0.0681527786180503,1.251467476141935,18.362677230748787,-3.6466968610468498,1.8793261163812434,0.8828025680179159,0.0003529195275693725,0.03751838319974406,0.012341748498262238,true
12.575000000000001,9.80480644306195,0.006603908309363799,0.18936844378486423,0.2041397923007104,-6.0016400986096306e-5,-0.004568934746791163,0.0026587689259107775,-0.002314761393164178,-0.00034400753274659935,0.0006735378559193116,0.06784867681960981,1.2506090148702267,18.43232725370957,-3.675694159708265,1.88555706433277,0.8834459328099946,0.0003404170020133007,0.03684301083641401,0.012122420150274624,true
12.625,9.80480644306195,0.0063829531479524994,0.18688209917880888,0.2013949612913949,-5.8142197297140905e-5,-0.004560324357689532,0.0026456712706913335,-0.0023098376771471412,-0.0003358335935441923,0.0006510024634366125,0.06754430767576058,1.2497515769812941,18.50269282469511,-3.704952077086901,1.8917373216166533,0.8840791650776423,0.0003282598563470051,0.03617639108143644,0.01190585104571569,true
12.675,9.80480644306195,0.006167418252576953,0.18439537747560222,0.19865354176455724,-5.6305408062707855e-5,-0.004551654479271097,0.0026325295784976415,-0.0023048028114474005,-0.000327726767050241,0.000629019888193828,0.0672396996171624,1.24889522554107,18.573777584549163,-3.734471984387592,1.8978660810674517,0.8847023486935043,0.0003164425153965767,0.035518518223666716,0.011692041761436877,true
12.725,9.80480644306195,0.005957248688982911,0.18190917508690913,0.1959164074923752,-5.450615598605505e-5,-0.004542922315875647,0.00261934739269756,-0.0022996599964513424,-0.0003196873962462176,0.0006075845274027171,0.06693488106708159,1.248040023146694,18.645585130657338,-3.7642552408630388,1.9039425317363983,0.8853155658913341,0.00030495934828819043,0.034869383209482525,0.01148099178829433,true
12.775,9.80480644306195,0.005752387169697599,0.17942437693774071,0.1931844198632548,-5.2744525635546484e-5,-0.004534125023398994,0.0026061281860580805,-0.0022944123902817123,-0.00031171579577636815,0.0005866905382684109,0.06662988043128999,1.247186031844927,18.718119014652128,-3.794303194282024,1.9099658590535449,0.885918897278752,0.0002938046740005694,0.034228973701644495,0.011272699548254852,true
12.825000000000001,9.80480644306195,0.0055527741521597205,0.1769418559267322,0.19045842736426472,-5.1020563993378105e-5,-0.004525259711276892,0.0025928753608463373,-0.0022890631080604955,-0.00030381225278584183,0.0005663318479977704,0.06632472608805492,1.2463333130406868,18.791382739915324,-3.8246171815702152,1.9159352449807736,0.8865124218483251,0.00028297276688635177,0.03359727414032002,0.01106716241223208,true
12.875,9.80480644306195,0.005358347938234387,0.17446247240552654,0.18773926508330807,-4.93342811540051e-5,-0.004516323444571394,0.0025795922484155645,-0.002283615220929103,-0.0002959770274864617,0.0005465021639489932,0.06601944637781769,1.2454819274052695,18.865379759133322,-3.855198529508537,1.9218498682000107,0.8870962169914,0.0002724578621895463,0.03297426580539904,0.01086437671834962,true
12.925,9.80480644306195,0.0051690447747958865,0.17198707367677374,0.1850277542303495,-4.768565102141368e-5,-0.0045073132461510065,0.00256628210904376,-0.002278071755209929,-0.0002882103538338313,0.0005271949838901299,0.06571406959282663,1.2446319347680146,18.940113471588724,-3.8860485557245332,1.9277089042986093,0.8876703585108107,0.0002622541614888386,0.032359926880462596,0.010664337790784316,true
12.975,9.80480644306195,0.00498479895535722,0.16951649351098308,0.18232470167769957,-4.6074612064351485e-5,-0.004498226098961533,0.0025529481317967608,-0.0022724356915956286,-0.0002805124402011322,0.0005084036063643611,0.06540862396631945,1.2437833939986243,19.015587220411174,-3.917168569901549,1.9335115259826026,0.8882349206354835,0.0002523558380889977,0.03175423251756623,0.010467039958899886,true
13.025,9.80480644306195,0.004805542922682331,0.16705155168258257,0.1796308995195554,-4.450106812228599e-5,-0.004489058948383473,0.0025395934343936475,-0.0022667099643552736,-0.0002728834700383739,0.0004901211411555009,0.06510313766104833,1.242936362880819,19.09180428986415,-3.948559875217566,1.9392569033338944,0.8887899760383737,0.00024275704235568774,0.03115715490241982,0.010272476576533593,true
13.075000000000001,9.80480644306195,0.004631207372253723,0.16459305352482836,0.1769471246501624,-4.296488926253658e-5,-0.00447980870467154,0.002526221063018943,-0.002260897460529796,-0.0002653236024891467,0.0004723405198407404,0.06479763875673931,1.2420908979791327,19.168767902826527,-3.9802237700219174,1.9449442041390244,0.8893355958602011,0.00023345190698872905,0.030568663319209325,0.010080640041186821,true
13.125,9.80480644306195,0.004461721356324537,0.1621417895015237,0.1742741383575419,-4.1465912692310695e-5,-0.0044704722454714805,0.002512833991938047,-0.0022550010190450715,-0.0002578329728929753,0.00045505450640300274,0.06449215523499198,1.24124705450371,19.24648121900937,-4.01216154978019,1.9505725943871874,0.889871849747973,0.00022443455221800196,0.029988724212374713,0.00989152181223148,true
13.175,9.80480644306195,0.004297012387947113,0.15969853478927296,0.17161268592351686,-4.00039437388657e-5,-0.0044610464184092645,0.0024994351225620572,-0.0022490234295659663,-0.00025041169299609093,0.00043825570784089806,0.06418671495716384,1.2404048861865127,19.324947335508902,-4.044374509378347,1.9561412392297703,0.8903988059351515,0.00021569909088063065,0.029417301237555062,0.00970511242555504,true
13.225,9.80480644306195,0.004137006543757037,0.15726404885560508,0.1689634962082972,-3.857875692515572e-5,-0.0044515280437481125,0.0024860272812317116,-0.002242967430726984,-0.00024305985050472774,0.00042193658465175044,0.06388134562443093,1.2395644452008354,19.40416929362198,-4.076863946014985,1.9616493051213582,0.8909165314289775,0.00020723963328828508,0.028854355283384262,0.00952140149858038,true
13.275,9.80480644306195,0.003981628563420611,0.1548390750041554,0.16632728117664045,-3.719009718237985e-5,-0.004441913917110001,0.002472613214442135,-0.002236835707103011,-0.00023577750733912379,0.0004060894609743244,0.06357607469771193,1.2387257821909512,19.48415010018749,-4.109631163159118,1.9670959646557897,0.8914250924409219,0.00019905029171511743,0.028299844427594492,0.00934037771355747,true
13.325000000000001,9.80480644306195,0.003830801942541637,0.15242433983740705,0.16370473529112003,-3.583768125409872e-5,-0.00443220081226065,0.0024591955795011913,-0.002230630883923735,-0.00022856469557745642,0.00039070653406446165,0.06327092923677699,1.2378889465368643,19.56489277886765,-4.142677476448069,1.97248040691654,0.8919245553100213,0.0001911251842293771,0.027753723763217227,0.009162028757850466,true
13.375,9.80480644306195,0.0036844490147247408,0.15002055256203034,0.1610965346588698,-3.45211993466864e-5,-0.004422385483961772,0.002445776927865032,-0.0022243555181702067,-0.00022142140969482523,0.0003757798826647843,0.06296593559290518,1.237053987061704,19.646400476912657,-4.1760042229551795,1.977801858002158,0.8924149883255357,0.00018345843747260578,0.027215944995635257,0.008986341188320144,true
13.425,9.80480644306195,0.003542491017872682,0.147628404038459,0.15850333578122486,-3.3240317052476734e-5,-0.00441246467090156,0.00243235967796933,-0.002218012084496397,-0.00021434759347293284,0.0003613014737664107,0.06266111886169576,1.2362209534862059,19.728676664946974,-4.209612775922521,1.9830596185599612,0.8928964650337867,0.00017604418789932385,0.026686455676705283,0.00881330017543211,true
13.475,9.80480644306195,0.0034048481405018513,0.14524856546883655,0.15592577374193103,-3.199467749799306e-5,-0.0044024350987257755,0.0024189460748462667,-0.0022116029546808092,-0.00020734312016545747,0.0003472631673327096,0.0623565019828474,1.2353898990136942,19.81172547737711,-4.2435045676406435,1.988253126964427,0.8933690697497224,0.00016887658100713586,0.02616519792655491,0.008642889077508712,true
13.525,9.80480644306195,0.003271439546895702,0.142881686646685,0.15336445971073231,-3.078390354379672e-5,-0.004392293483205933,0.002405538135848659,-0.0022051303703637245,-0.00020040776548493466,0.0003336567188647185,0.062052104380069834,1.2345608844320384,19.895552242198576,-4.277681123304765,1.9933820569442298,0.8938329059755841,0.0001619497683161271,0.025652106524633213,0.008475088805763404,true
13.575000000000001,9.80480644306195,0.0031421833861350577,0.140528393779968,0.15081997777011613,-2.9607599702752748e-5,-0.0043820365335958174,0.00239213758587365,-0.00219859641089852,-0.00019354117497512964,0.00032047378032215216,0.06174794009060195,1.2337339839671824,19.980164231502144,-4.312144107837913,1.9984464552148318,0.8942881081073332,0.00015525790239971312,0.02514710636126637,0.008309876977064813,true
13.625,9.80480644306195,0.0030169967993600028,0.13818928705954328,0.14829288131487095,-2.8465353294434973e-5,-0.004371660956237794,0.0023787457915366967,-0.002192002961200727,-0.00018674283033596984,0.0003077059008640483,0.06144401546044228,1.2329092927403345,20.065571618347157,-4.3468953853059755,2.0034469163025723,0.8947348560499718,0.00014879513115041167,0.02465010945000242,0.008147226920651151,true
13.675,9.80480644306195,0.002895795950400495,0.13586493836467822,0.14578368960975208,-2.7356734301592042e-5,-0.004361163458476382,0.0023653637106152304,-0.00218535168790666,-0.0001800120227085705,0.0002953445299728084,0.061140326681031615,1.2320869350448904,20.15178854821424,-4.381937086349064,2.0083847776144306,0.8951733911339651,0.00014255559356423595,0.024161011997636025,0.007987106703378584,true
13.725,9.80480644306195,0.0027784961135463174,0.1335558897244901,0.14329288544299765,-2.628129352509846e-5,-0.004350540752909889,0.002351991878464091,-0.0021786440347836564,-0.00017334784368043445,0.0002833810264059245,0.060836857684349634,1.231267071852131,20.238834133092908,-4.417271673402042,2.01326229961944,0.895604030201707,0.000136533420321158,0.02367969234856969,0.007829478444217516,true
13.775,9.80480644306195,0.002665011853721435,0.13126265329653167,0.14082091504253602,-2.5238559011676106e-5,-0.004339789561953843,0.002338630453757962,-0.0021718812485284193,-0.00016674920522954289,0.0002718066765721054,0.0605335791209686,1.2304499052094735,20.32673308066878,-4.452901987702812,2.018082778758127,0.8960271733661779,0.00013072274283357807,0.02320601084070053,0.007674298262036922,true
13.825000000000001,9.80480644306195,0.0025552573239814086,0.12898571356921873,0.13836819135507641,-2.4228031321723324e-5,-0.004328906622604447,0.0023252793389582013,-0.0021650644424151457,-0.0001602148965430556,0.000260612724873274,0.0602304492104177,1.2296356768704693,20.415515623579086,-4.488831258505165,2.022850532295577,0.8964433004102175,0.0001251177137109934,0.02273981257731926,0.007521517190144307,true
13.875,9.80480644306195,0.0024491466812234723,0.12672553215850602,0.13593510129139907,-2.3249178857299428e-5,-0.004317888691191376,0.0023119383753764885,-0.00215819469727028,-0.00015374367810620836,0.00024979041610316853,0.059927417066987385,1.2288246589731453,20.505216462100385,-4.525063056259084,2.0275707034085912,0.8968529517934003,0.00011971253945428004,0.02228093370745361,0.007371083254674181,true
13.925,9.80480644306195,0.0023465945866462975,0.12448255495228788,0.13352201660857083,-2.230143492436162e-5,-0.004306732547826437,0.0022986075909778724,-0.002151273188207561,-0.0001473344027703113,0.00023933104648963144,0.05962442861694307,1.2280171360754037,20.59587260726296,-4.561601179810865,2.032248866566731,0.8972566931318143,0.0001145015228524992,0.021829210999482002,0.007222944646249127,true
13.975,9.80480644306195,0.0022475167220440736,0.12225722058817548,0.131129306922871,-2.138419817199611e-5,-0.004295435000225608,0.0022852874573805904,-0.0021443013146644784,-0.000140986142716112,0.00022922601635185313,0.05932143450017265,1.2272133801984553,20.687520295802752,-4.598449482888867,2.036890464988311,0.8976550664816141,0.00010947910883971094,0.021384493447935284,0.007077053567744871,true
14.025,9.80480644306195,0.0021518302294100283,0.12004996857966216,0.12875735230213334,-2.0496837397520752e-5,-0.004283992886638879,0.002271979099088121,-0.0021372808047129435,-0.00013469829437517738,0.00021946687493588416,0.05901839858856862,1.2264136231010418,20.78019147301276,-4.6356116641895735,2.0415001707546523,0.8980485366153248,0.00010463992479175346,0.020946653698451938,0.0069333700239573495,true
14.075000000000001,9.80480644306195,0.002059453981370563,0.11786124511808899,0.12640655241385898,-1.963870054660793e-5,-0.004272403077774062,0.002258684399968,-0.002130213765951925,-0.0001284706340160752,0.0002100453479964276,0.058715305237373845,1.2256180318696726,20.87391059136544,-4.673091062390936,2.0460813035590975,0.8984374439759766,9.99788057217667e-5,0.020515596606137203,0.006791864662648809,true
14.125,9.80480644306195,0.001970308618748906,0.11569150486793546,0.12407732961400858,-1.8809126463394406e-5,-0.00426066247782122,0.002245405971632642,-0.0021231026655896463,-0.0001223033060429959,0.00020095334162798594,0.05841216336801264,1.2248266941861,20.968692538733006,-4.710890505462584,2.050635455638479,0.8988219764775226,9.549079727105253e-5,0.020091262546952347,0.0066525198767991055,true
14.175,9.80480644306195,0.001884316344130367,0.11354120794208777,0.1217701246628391,-1.8007457048473296e-5,-0.004248768024913273,0.002232146981406182,-0.002115950239319416,-0.000116196742086766,0.00019218292121041733,0.05810900606343138,1.22403961793212,21.06454232922117,-4.749012257525857,2.0551624372795145,0.8992021690310077,9.117113442884277e-5,0.019673624206913248,0.0065153287439632165,true
14.225,9.80480644306195,0.0018014005213767314,0.1114108124553729,0.1194853856019079,-1.7233047301604412e-5,-0.004236716691521108,0.0022189108745912624,-0.0021087593474338395,-0.00011015152715742292,0.00018372627056309035,0.057805885424400474,1.2232567464114767,21.16145678645945,-4.78745808591502,2.0596605838813797,0.8995779331843712,8.701520009474751e-5,0.019262677198912264,0.006380291917471517,true
14.275,9.80480644306195,0.0017214851853423188,0.10930076431548517,0.11722355224394465,-1.6485271318151142e-5,-0.004224505485310623,0.002205701055666985,-0.0021015328116217257,-0.00010416824404525923,0.00017557564194043538,0.05750286370526747,1.2224779863571045,21.25942792385001,-4.826229439030069,2.0641273704992997,0.8999491112849635,8.301847315305459e-5,0.01885842653545675,0.006247413141137337,true
14.325000000000001,9.80480644306195,0.0016444945843147884,0.10721148658827696,0.11498503987240395,-1.5763523376260247e-5,-0.004212131450864133,0.002192520606769825,-0.002094273272450143,-9.824733431968184e-5,0.00016772330936511867,0.057200002828076156,1.2217032419938787,21.358447230604256,-4.865327696618952,2.068560189231316,0.9003155423466713,7.91764783537087e-5,0.01846087217888677,0.00611669445567488,true
14.375,9.80480644306195,0.0015703529032971375,0.10514337172012106,0.11277022689298477,-1.5067214659361904e-5,-0.0041995916723752665,0.0021793721138484335,-0.002086983102961579,-9.238901088685436e-5,0.00016016154040535355,0.056897355070006594,1.2209324466457814,21.458509717078133,-4.904754412764063,2.072957085226111,0.9006771224606807,7.548475145372266e-5,0.018069997406292688,0.005988132336355121,true
14.425,9.80480644306195,0.0014989841384091137,0.10309677626466153,0.11057944711308276,-1.4395766695197391e-5,-0.004186883277178567,0.0021662576412227615,-0.0020796643982298633,-8.65932429928982e-5,0.00015288258336500058,0.056594957192644534,1.2201655813715173,21.55961664955722,-4.944511534410205,2.0773172430383178,0.9010338429755752,7.19388229487183e-5,0.017685762596941764,0.005861715629664396,true
14.475,9.80480644306195,0.0014303125594597762,0.10107202928140838,0.10841299898231543,-1.374860547191523e-5,-0.004174003439338502,0.002153178846433851,-0.0020723190357559386,-8.085981067791235e-5,0.00014587871446171077,0.056292830909906624,1.2194026815373369,21.661775786137305,-4.984601305834889,2.0816410749372394,0.9013857952169173,6.853424182798727e-5,0.017308107494305624,0.005737426296259665,true
14.525,9.80480644306195,0.0013642619685628916,0.09906941004385292,0.10627112440814133,-1.312515140760236e-5,-0.004160949383818569,0.002140137188021014,-0.0020649487814319955,-7.518840658901843e-5,0.00013914216221252046,0.055990983828446875,1.218643804302028,21.765000737188007,-5.02502682503367,2.085929919275857,0.901733143595831,6.526655384519575e-5,0.01693695385511381,0.005615240304440396,true
14.575000000000001,9.80480644306195,0.001300760500149794,0.0970892738877757,0.10415414581250969,-1.2524834545213162e-5,-0.004147718386341613,0.0021271340928152023,-0.002057555374309641,-6.95787185055613e-5,0.00013266559699097726,0.055689432941204854,1.2178890718878659,21.869302802448622,-5.065789202953062,2.090185390267315,0.9020760715301643,6.213153892686322e-5,0.01657223503610919,0.005495137381194682,true
14.625,9.80480644306195,0.0012397233143208266,0.09513156389437855,0.10206195066091672,-1.1947024960934559e-5,-0.004134307786600646,0.002114171216681867,-0.002050140653648057,-6.403056303381019e-5,0.00012644036590830164,0.055388143484826735,1.2171383713220116,21.97470965343765,-5.106898532453551,2.0944091916636407,0.9024147660910163,5.912442625273898e-5,0.016213822681298683,0.005377076943397714,true
14.675,9.80480644306195,0.0011811230820771158,0.09319787900386908,0.09999618918016095,-1.1391312888388835e-5,-0.004120714944606583,0.00210124969159641,-0.0020427061876355495,-5.854350396086033e-5,0.00012046368165818293,0.055087323388858536,1.2163924381801596,22.08116792303937,-5.148327135407713,2.0986009750132184,0.9027492474520085,5.624314506430519e-5,0.01586187404529521,0.005261112345676847,true
14.725,9.80480644306195,0.0011247084876073823,0.0912828362041149,0.09795109493570539,-1.085641369887135e-5,-0.004106937422503468,0.00208837354028796,-0.0020352549551254707,-5.311858516248921e-5,0.00011470991234133391,0.054786173571308994,1.2156485282295262,22.188965736898076,-5.190204995798174,2.1027677155214017,0.9030801156508778,5.347534508122205e-5,0.015515380659553272,0.00514691319750496,true
14.775,9.80480644306195,0.0010711297485751208,0.08941013731594774,0.09595182670684949,-1.0344430659857706e-5,-0.004092972266690324,0.002075532656645458,-0.0020277829068143377,-4.774974983112008e-5,0.00010924537417391555,0.05448822683146508,1.2149175071166454,22.296880955118038,-5.2320016535889415,2.1068789638552174,0.9034050089397896,5.08502529195384e-5,0.01517826080562806,0.005035771836536704,true
14.825000000000001,9.80480644306195,0.0010174497725024489,0.08748195271213702,0.09389424358549386,-9.842572110794774e-6,-0.00407881889968833,0.002062782928959459,-0.00202031886921519,-4.2464059744268864e-5,0.00010377051076030305,0.054178428819022025,1.2141568992746175,22.4103379470526,-5.275957737353638,2.1110878214367403,0.9037360117889413,4.823103843901351e-5,0.014833652537918528,0.004922131832776598,true
14.875,9.80480644306195,0.000975165015635781,0.0859077820601544,0.09221433273058827,-9.38190003851784e-6,-0.004064467583832724,0.0020498675172939194,-0.002012735241345061,-3.713227594885843e-5,9.945785480812062e-5,0.05392145986461992,1.2135285601290873,22.505484146309865,-5.312753782819563,2.114661206624583,0.9040157718593179,4.6143928601960166e-5,0.014552342822755906,0.004829341755155731,true
14.925,9.80480644306195,0.0008972177592294506,0.08297956385904204,0.08909273502450442,-8.90435834600032e-6,-0.004049946614965933,0.0020369742357061096,-0.0020051281809890745,-3.184605471703503e-5,9.150795219056438e-5,0.05343979442830881,1.2123868085932963,22.686966174986917,-5.382004075493703,2.121146560267262,0.9045205593886166,4.245627946744058e-5,0.01403601350490054,0.004658963465225929,true
14.975,9.80480644306195,0.0008533472009522656,0.08120663140112991,0.08720325637590468,-8.411424451876153e-6,-0.004035227418470306,0.002024696644648612,-0.001997794278992501,-2.6902365656110948e-5,8.703355909244989e-5,0.053144424226217256,1.2116673195675018,22.799519182103793,-5.425454967865803,2.124947431791879,0.9048146438998526,4.030009529179732e-5,0.013726307102384863,0.004556740709735505,true
