r,tau,Dtau,Sr,E,nur,Pi,piR,piEta,piPhi,D,T,mu,alpha,phi,ur,v,n,e,P,ok
0.024999999999999994,11.40480804306347,0.04815874662241333,0.0,0.0958897021931611,-1.876998047072815e-7,-0.0030860335270713186,-0.0011924387266084647,0.0016165407398040332,-0.00042410201319556854,0.004222670512346239,0.08489922766536345,1.3714472026007754,16.15382424921974,-1.5141809994541404,0.0,0.0,0.004222670512346236,0.09588970219316266,0.030020258630798942,true
0.07499999999999998,11.40480804306347,0.0479505188251372,0.0012778141070126378,0.0953520560114488,-5.641013240893371e-7,-0.0030898527147864272,-0.001243709429719882,0.0017680440413944632,-0.0005243346116745812,0.004204412616510563,0.08477491188941619,1.3714622691698277,16.177690293076544,-1.5162237030436796,0.010572980992284191,0.010572390076012707,0.004204183598491934,0.0953385464622666,0.029844820655620705,true
0.125,11.40480804306347,0.048108785630943375,0.0019469674835792291,0.0957520425634652,-9.313647725220472e-7,-0.0030891197122579,-0.000993819207629021,0.001721881335850778,-0.000728062128221757,0.004218289816828935,0.08486091167520914,1.3714678681084513,16.161361468251883,-1.5146211530637779,0.016008653308063617,0.016006602377592168,0.004217764301486514,0.09572087822911539,0.02996617145417536,true
0.175,11.40480804306347,0.04808990773851768,0.0027501007801370037,0.09571465821817463,-1.3173417954509355e-6,-0.0030894244710534917,-0.0009450092787338262,0.0017269989501179253,-0.0007819896713840991,0.0042166345594713,0.08484544631246917,1.3714722137030861,16.16435852847332,-1.5148460157021413,0.022617174370261898,0.022611391832678285,0.004215586270969471,0.09565247461185758,0.02994434426611476,true
0.22499999999999998,11.40480804306347,0.048103733853851124,0.0035275613398972473,0.09576714333013413,-1.689576991672888e-6,-0.0030895209725382623,-0.0009090562837424834,0.0017252102274020634,-0.00081615394365958,0.004217846865305931,0.08484820276462235,1.3714744507457415,16.163859764364755,-1.514770437870106,0.028993888930408867,0.028981709816100154,0.004216124071348612,0.09566490857102512,0.029948246435830963,true
0.275,11.40480804306347,0.048110190505862724,0.00431657046125458,0.09580549446655347,-2.071110443266952e-6,-0.003089624990567375,-0.0008911783823147847,0.0017252484215622022,-0.0008340700392474175,0.004218412999517679,0.08484534977157308,1.3714775216210993,16.164439480931982,-1.5147851794461151,0.03547116225933586,0.035448868327228995,0.004215835062859054,0.09565247692864959,0.02994423031186021,true
0.325,11.40480804306347,0.0481210209595888,0.005101903813274015,0.09585866019423511,-2.4479725598642406e-6,-0.003089688674107493,-0.0008776492873718633,0.0017236705960475473,-0.000846021308675684,0.004219362638800092,0.0848435965233782,1.371481550284105,16.164820993959168,-1.5147689982765233,0.04191293952330999,0.04187617384062059,0.004215763870714387,0.09564501198323525,0.029941771513825655,true
0.375,11.40480804306347,0.04813180523383387,0.005889358360984245,0.09592003696881898,-2.827802003685409e-6,-0.003089786061985654,-0.0008684131318006109,0.0017219457983611854,-0.0008535326665605746,0.004220308228958589,0.08484142482367961,1.3714833355312226,16.165255809664757,-1.5147867299006965,0.04836929495073441,0.04831281191393708,0.004215516441648639,0.09563550550603438,0.029938712569116045,true
0.42500000000000004,11.40480804306347,0.048142795191070537,0.006677075459005806,0.09599358729878146,-3.206163022185613e-6,-0.003089944942139403,-0.0008609940012499346,0.0017197314413451386,-0.0008587374400952039,0.004221271853878462,0.0848398102442061,1.3714803459114395,16.165528210915593,-1.5148507960900037,0.05482171419895645,0.054739518279914315,0.004215118009002311,0.09562808740464117,0.029936420310496075,true
0.475,11.40480804306347,0.04815308586989354,0.007466036348299782,0.096078210962538,-3.5818063576001307e-6,-0.0030901968304089433,-0.0008549116561145444,0.0017172808815376838,-0.0008623692254231394,0.0042221741644464395,0.0848384997023662,1.3714717472713316,16.16567657470115,-1.514975549774882,0.061277836013094236,0.061163110689492275,0.004214488008161559,0.09562156495496037,0.02993453378597284,true
0.525,11.40480804306347,0.04816265945346454,0.008256145779683068,0.09617431360154181,-3.965124096446887e-6,-0.003090558210238622,-0.0008495239601362703,0.0017145770171540474,-0.0008650530570177771,0.004223013598440843,0.08483759356639761,1.3714572237077958,16.165678045010004,-1.5151629235169315,0.0677354384008102,0.06758058293484653,0.004213626378164828,0.09561635845696227,0.029933193310325783,true
0.5750000000000001,11.40480804306347,0.048171128453888504,0.009047690927192152,0.09628155016997399,-4.332657883199957e-6,-0.0030910397441668794,-0.000844549829279128,0.0017116638950254459,-0.0008671140657463179,0.00422375618002503,0.08483701495155249,1.3714362979427464,16.16554164153379,-1.5154199158312203,0.07419603101497571,0.07399264390506032,0.004212497671541716,0.09561208759704223,0.02993228828989152,true
0.625,11.40480804306347,0.048178667991918195,0.009840759613030239,0.09639987230706423,-4.695831186590719e-6,-0.0030916425935792464,-0.0008397515164441957,0.0017085392957975614,-0.0008687877793533657,0.004224417264192447,0.08483674328102077,1.371409362380502,16.165275909256955,-1.5157422673987262,0.08065929397293971,0.08039818582067569,0.004211118405509978,0.09560869308708805,0.029931791318658495,true
0.675,11.40480804306347,0.04818622316862267,0.010635597616746616,0.0965291493963675,-5.037858587490642e-6,-0.0030923588816970573,-0.0008349956301247883,0.0017052105993760544,-0.0008702149692512661,0.004225079719595111,0.08483670648563582,1.371378272753634,16.164916456131284,-1.516109389137396,0.087126354327872,0.08679753703919524,0.004209569774451844,0.09560600571830499,0.029931608476152446,true
0.725,11.40480804306347,0.04819550009977257,0.011432319546108615,0.09666936029177145,-5.374526238588233e-6,-0.0030931732606451256,-0.0008301457615258979,0.0017016566693233378,-0.0008715109077974399,0.004225893142417737,0.08483683589529434,1.3713462722998273,16.164514598261814,-1.5164842764640254,0.09359717854546605,0.09318987685321489,0.004208002227645133,0.09560398384113535,0.02993165648190744,true
0.775,11.40480804306347,0.04820729484722676,0.01223103396612174,0.09682050468671051,-5.730117972727159e-6,-0.003094071512475707,-0.0008251228119357371,0.0016978673569703275,-0.0008727445450345903,0.0042269273332089935,0.08483709868078726,1.371314915090227,16.164094911472777,-1.5168491958214003,0.1000716717933458,0.09957432826910184,0.004206487777120835,0.09560260769551335,0.029931895532446774,true
0.8250000000000001,11.40480804306347,0.048221296757236964,0.013031894095944449,0.09698243607196688,-6.095017204014615e-6,-0.0030950447720176936,-0.0008199051975324636,0.0016938513221097361,-0.0008739461245772726,0.004228155053128289,0.0848374632971965,1.3712837389412467,16.163657960133296,-1.5172101575909192,0.10655028980309807,0.10595056071049787,0.004204998590087337,0.09560169958540209,0.029932279151662394,true
0.8750000000000001,11.40480804306347,0.048237146897042296,0.01383504308772384,0.09715507271664607,-6.465762429016444e-6,-0.0030960873006362108,-0.0008144590905431723,0.001689604919863505,-0.0008751458293203327,0.004229544830119316,0.08483791513440977,1.3712521541492497,16.163199578593577,-1.5175743728116544,0.11303335406398674,0.11231811300635965,0.004203503169842557,0.09560114678369676,0.029932784238160176,true
0.9249999999999999,11.40480804306347,0.04825460808163373,0.014640611997465568,0.09733834567465396,-6.841690888059724e-6,-0.003097195379812071,-0.0008087621202655588,0.0016851257648528594,-0.0008763636445873006,0.004231075867250805,0.08483843847622699,1.3712197947414735,16.16271844896945,-1.517946435266046,0.11952110605964109,0.11867644788899959,0.004201980974618466,0.09560084984790557,0.029933387072889152,true
0.975,11.40480804306347,0.048273541517495445,0.015448734228955733,0.09753221328998471,-7.2229591619590654e-6,-0.003098366456789868,-0.0008028001402520301,0.0016804126948516474,-0.0008776125545996173,0.004232735994785633,0.08483902023561651,1.371186461615781,16.162214719214063,-1.5183289249036078,0.1260138027881788,0.12502504629550662,0.004200420160028343,0.09560073457784111,0.029934068351381196,true
1.025,11.40480804306347,0.04829385679679024,0.01625954385445295,0.09773665532964843,-7.609786581468333e-6,-0.003099598700128786,-0.00079656341692698,0.00167546486032879,-0.0008789014434018099,0.004234517285555113,0.08483965037892169,1.3711520318250163,16.161688853042204,-1.5187234695040162,0.13251169877078375,0.13136338983392,0.004198813140033455,0.09560074653182446,0.029934813400403194,true
1.0750000000000002,11.40480804306347,0.04831548541222623,0.017073175639962523,0.0979516638524791,-8.002346816666742e-6,-0.003100890774830123,-0.0007900456474604991,0.0016702818610301526,-0.0008802362135696535,0.004236413732681125,0.08484032063039673,1.3711164156668305,16.161141370976676,-1.5191312736151172,0.13901505234643668,0.13769096709279804,0.004197154257197249,0.0956008417873275,0.029935610168417264,true
1.125,11.40480804306347,0.048338371444686154,0.017889764679137995,0.09817724035731709,-8.400792746365013e-6,-0.0031022416935830334,-0.0007832427479764986,0.0016648635571911393,-0.0008816208092146407,0.004238420433045875,0.0848410241280115,1.3710795414349806,16.1605727362065,-1.5195533044308744,0.14552412245425775,0.14400727063508614,0.004195438972590468,0.09560098417364411,0.029936448675477456,true
1.1750000000000003,11.40480804306347,0.048362467750175844,0.018709446640406337,0.0984133931410177,-8.80530254010875e-6,-0.0031036507129822977,-0.0007761520837316504,0.0016592099557570783,-0.0008830578720254279,0.004240533252954698,0.08484175489918955,1.3710413504245218,16.159983395600634,-1.5199903600380393,0.15203917176147094,0.1503118001683888,0.00419366353651035,0.0956011425364347,0.029937320252044323,true
1.225,11.40480804306347,0.04838773372918252,0.019532357025984153,0.09866013539626542,-9.21606836849208e-6,-0.003105117260942198,-0.0007687720082519683,0.0016533211594742354,-0.0008845491512222671,0.004242748632548224,0.0848425075287871,1.371001794076404,16.159373809304526,-1.5204431090138013,0.15856046150297465,0.15660405767296914,0.004191824795170109,0.09560128903019328,0.02993821705819497,true
1.275,11.40480804306347,0.048414134083095806,0.0203586310387935,0.09891748426316216,-9.633285055878606e-6,-0.0031066408869937063,-0.0007611016366037104,0.0016471973764263146,-0.0008860957398226042,0.004245063476762488,0.08484327699038431,1.3709608322973268,16.15874446307283,-1.5209121132520356,0.16508825067798402,0.16288354679822836,0.004189920080950175,0.0956013982317438,0.029939131838339714,true
1.3250000000000002,11.40480804306347,0.0484416374384915,0.02118840352621461,0.09918545979710283,-1.0057161270438986e-5,-0.003108221228231394,-0.0007531407463370457,0.0016408389568592083,-0.0008876982105221627,0.00424747503470295,0.08484405845370951,1.3709184316778946,16.158095883942902,-1.52139785242041,0.17162279654066023,0.16914977351289598,0.004187947094129265,0.09560144613971845,0.029940057641812092,true
1.375,11.40480804306347,0.04847021470571258,0.022021808718939724,0.09946408365304138,-1.048789680300244e-5,-0.0031098579865609546,-0.0007448897582070994,0.0016342464460914101,-0.0008893566878843107,0.004249980755721066,0.08484484704722847,1.3708745632893156,16.157428659470916,-1.5219007541943872,0.17816435439742667,0.17540224608543178,0.00418590375714037,0.09560140894109126,0.029940987478378388,true
1.4250000000000003,11.40480804306347,0.048499838971231994,0.022858979989042946,0.0997533795379312,-1.092567992877348e-5,-0.003111550912423592,-0.000736349681430762,0.0016274206047956767,-0.0008910709233649147,0.004252578279976412,0.08484563800560294,1.3708292020689192,16.156743402393815,-1.5224211988664726,0.1847131745061209,0.18164047231269154,0.004183788206769175,0.09560126361639998,0.029941914523844405,true
1.475,11.40480804306347,0.0485304847622315,0.02370005028947635,0.10005337265259343,-1.1370707391405463e-5,-0.0031132997906345647,-0.0007275219687968123,0.0016203623695482477,-0.0008928404007514354,0.004255265373953249,0.08484642653209185,1.3707823259730578,16.156040766838668,-1.5229595318085387,0.19126950650753308,0.1878639639491619,0.0041815987310103745,0.09560098725973272,0.02994283192220391,true
1.525,11.40480804306347,0.048562127428295854,0.024545151984401194,0.10036408978145936,-1.1823174675304979e-5,-0.0031151044279306016,-0.000718408227308448,0.0016130727280563885,-0.0008946645007479405,0.004258039876246043,0.08484720786810002,1.3707339146839557,16.155321419826123,-1.5235160774765397,0.19783359721061416,0.19407223477382704,0.004179333715964681,0.09560055728338022,0.029943732878435447,true
1.5750000000000002,11.40480804306347,0.04859474298374901,0.02539441730132961,0.10068555952321723,-1.228330173623503e-5,-0.0031169646446777043,-0.0007090101051217717,0.0016055526728948853,-0.0008965425677731136,0.00426089968373513,0.08484797732416313,1.3706839492992513,16.154586031703857,-1.524091142522992,0.20440569357339297,0.20026480358892892,0.004176991635340453,0.09559995153060766,0.029944610700985284,true
1.625,11.40480804306347,0.04862830692459709,0.02624797753008432,0.1010178101476105,-1.2751315531401292e-5,-0.003118880274427263,-0.0006993296795455485,0.0015978034049330694,-0.0008984737253875209,0.004263842647853539,0.0848487298619748,1.3706324115457889,16.153835346450386,-1.5246850325827637,0.21098604115778327,0.20644119291389024,0.004174570947544557,0.09559914635532112,0.029945458208268244,true
1.6750000000000003,11.40480804306347,0.048662795093932,0.027105963927571485,0.10136087167181743,-1.3227422250075947e-5,-0.003120851155956672,-0.0006893690760819487,0.001589826152134324,-0.0009004570760523752,0.004266866650467585,0.08484946051319607,1.3705792838315902,16.15307010253098,-1.5252980441552935,0.21757488683570186,0.21260093167715588,0.0041720701628695815,0.09559811848755372,0.029946268320337262,true
1.725,11.40480804306347,0.04869818417166229,0.027968507306041994,0.10171477637343983,-1.3711866748443778e-5,-0.0031228771257924867,-0.0006791302146402526,0.0015816220423276956,-0.000902491827687443,0.004269969646817603,0.0848501645374776,1.3705245499487384,16.152291011096263,-1.5259304534886717,0.22417247326509754,0.21874355019709585,0.004169487902436199,0.09559684579251783,0.029947034285055255,true
1.775,11.40480804306347,0.048734449552134615,0.028835738099105383,0.10207955569354005,-1.4204912245639414e-5,-0.0031249580197280284,-0.0006686151494900283,0.001573192271312182,-0.0009045771218221538,0.004273149479422886,0.08485083671171796,1.3704681933887093,16.15149887142417,-1.526582549225496,0.23077904736797591,0.22486858824276623,0.004166822706281966,0.09559530397739219,0.029947748667409565,true
1.8250000000000002,11.40480804306347,0.048771566249485976,0.029707785561440367,0.10245524170321835,-1.4706796532871699e-5,-0.003127093672449677,-0.0006578260820126481,0.0015645381134527707,-0.0009067120314401226,0.00427640395746506,0.08485147176260628,1.370410197567902,16.15069449121608,-1.527254621990043,0.23739485023972004,0.23097558578732988,0.004164073111270506,0.09559346853211001,0.029948403961370416,true
1.875,11.40480804306347,0.048809509588800315,0.030584779163819097,0.10284186823991319,-1.5217775179618404e-5,-0.0031292839115523888,-0.000646765032921226,0.0015556607577879517,-0.0009088957248667257,0.0042797309173903016,0.08485206449485579,1.370350546670958,16.149878672121602,-1.5279469521557967,0.24402012570947557,0.2370640911046521,0.004161237712404738,0.09559131536751297,0.029948992774617593,true
1.9250000000000003,11.40480804306347,0.04884825390529882,0.03146684621947032,0.10323946805714718,-1.5738106108767153e-5,-0.0031315285625437297,-0.000635434335099232,0.0015465615544918542,-0.0009111272193926222,0.004283128108851325,0.08485260937291664,1.3702892248750653,16.149052280205257,-1.5286598265337015,0.250655108074173,0.24313364964468592,0.004158315060769414,0.09558881889510137,0.029949507234679724,true
1.975,11.40480804306347,0.04888777290316136,0.032354114654988275,0.10364807484753791,-1.6268035334185272e-5,-0.00313382744821107,-0.0006238365099867941,0.0015372419582938618,-0.0009134054483070676,0.00428659322616968,0.08485310072890469,1.3702262159034304,16.148216201092474,-1.5293935399153062,0.2573000410734818,0.24918382159687363,0.004155303673913969,0.09558595291600507,0.029949939280863182,true
2.0250000000000004,11.40480804306347,0.04892804046724477,0.033246711118382295,0.10406772344807132,-1.6807830482335215e-5,-0.003136180380074658,-0.000611973782692101,0.001527703283831273,-0.0009157295011391719,0.0042901239795090935,0.08485353301209772,1.3701615041756638,16.14737130603999,-1.5301483770372277,0.26395515967823474,0.255214165345886,0.004152202130761245,0.09558269182265486,0.029950281021572763,true
2.075,11.40480804306347,0.048969029111299835,0.03414476099926182,0.10449844739187539,-1.735775592900172e-5,-0.0031385871653637843,-0.0005998486319095877,0.0015179469787483775,-0.0009180983468387898,0.004293717958811533,0.08485390021870233,1.3700950736359208,16.146518546638866,-1.5309246366903873,0.27062069846942305,0.26122424531857164,0.004149008927098195,0.0955790079721254,0.029950523924250554,true
2.125,11.40480804306347,0.04901071090154139,0.03504838888362244,0.10494028080137516,-1.791806452696881e-5,-0.00314104760566634,-0.0005874636413650675,0.0015079745526523078,-0.0009205109112872404,0.004297372714777979,0.08485419630689185,1.3700269080497391,16.145658879317743,-1.5317226207668937,0.27729689028993243,0.26721363090305283,0.004145722554133665,0.09557487355519047,0.029950659402990677,true
2.1750000000000003,11.40480804306347,0.04905305739877068,0.035957718309251444,0.10539325795672655,-1.8489015338665673e-5,-0.0031435614953561706,-0.0005748214260732579,0.001497787540338403,-0.000922966114265145,0.004301085753793576,0.08485441512736457,1.3699569912418195,16.14479328135778,-1.532542632731472,0.28398396528807934,0.273181895750298,0.00414234149982262,0.09557026030795149,0.029950678721681924,true
2.225,11.40480804306347,0.04909603897155474,0.03687287215322027,0.10585741144001899,-1.9070860675281887e-5,-0.0031461286228940937,-0.0005619247325008423,0.001487387552265027,-0.0009254628197641848,0.004304854477705611,0.08485454991887469,1.3698853072153079,16.143922848273768,-1.533384985355393,0.29068216077673914,0.27912862667691035,0.004138864177903326,0.09556513728132711,0.029950572282258652,true
2.2750000000000004,11.40480804306347,0.04913962606600881,0.03779396620302851,0.10633277555834547,-1.9663874795697145e-5,-0.0031487487707783784,-0.000548776431791477,0.0014767762724135023,-0.0009279998406220253,0.0043086762951609755,0.08485459503329965,1.3698118386538891,16.143048447951834,-1.5342499872283983,0.29739165279938007,0.28505336333475,0.004135289118948586,0.09555947838703772,0.029950332055222944,true
2.325,11.40480804306347,0.04918379029315872,0.038721141658694,0.10681940015657579,-2.0268353957754206e-5,-0.00315142170431034,-0.0005353788143395337,0.0014659550996299925,-0.0009305762852904588,0.004312548716948624,0.08485454516895952,1.3697365656575977,16.142170851664154,-1.5351379714902262,0.30411280027041576,0.2909558136081555,0.004131614791850082,0.09555325889193599,0.029949950491875037,true
2.3750000000000004,11.40480804306347,0.049228495133833636,0.03965448800901435,0.107317287143501,-2.0884508134444622e-5,-0.0031541471905175244,-0.0005217350074183868,0.0014549258582233758,-0.0009331908508049889,0.004316468540983024,0.0848543894280134,1.369659478699401,16.1412920172074,-1.5360492507128813,0.3108456665714074,0.2968354326306403,0.00412783932815647,0.09554643005240056,0.02994941218520404,true
2.4250000000000003,11.40480804306347,0.04927371192402383,0.04059414061747468,0.10782649140228814,-2.151259016848514e-5,-0.003156924995175682,-0.0005078483026922725,0.0014436904720907357,-0.0009358421693984632,0.004320433253937372,0.08485412409033537,1.3695805544414812,16.140412373869196,-1.536984170853909,0.3175905601439033,0.3026918982373534,0.004123961295084491,0.0955389739370181,0.029948711811510643,true
2.475,11.40480804306347,0.0493194071718534,0.04154021301162336,0.10834704176045312,-2.2152901845181745e-5,-0.0031597548628560634,-0.0004937212894023359,0.001432250520884199,-0.0009385292314818631,0.0043244399191663735,0.08485374147826269,1.3694997768763646,16.139533189908835,-1.5379430635603282,0.32434768645187173,0.308524805381281,0.004119979025288411,0.0955308556444517,0.029947838491308377,true
2.5250000000000004,11.40480804306347,0.04936554681343011,0.04249281920609981,0.108878969133442,-2.2805685349149146e-5,-0.003162636537729549,-0.0004793571130813633,0.0014206078700954444,-0.0009412507570140811,0.004328485549869011,0.08485323418546539,1.3694171282247187,16.138655660803177,-1.5389262769862573,0.33111725882754844,0.3143337636486906,0.004115890819886544,0.09552204136725626,0.02994678172483891,true
2.575,11.40480804306347,0.04941209630330007,0.043452072615516396,0.10942230506070336,-2.3471198109174813e-5,-0.0031655697557885884,-0.000464758917248977,0.0014087643950368388,-0.0009440054777878618,0.00433256711701983,0.0848525948456602,1.3693325904008584,16.137780970535555,-1.5399341627302585,0.33789949216304604,0.3201183917830199,0.004111694984927798,0.0955124974831452,0.02994553107195363,true
2.6250000000000004,11.40480804306347,0.049459020231352305,0.044418084970751795,0.10997708022537164,-2.4149696979685418e-5,-0.003168554245270561,-0.00044992989043898433,0.001396722003666615,-0.0009467921132276306,0.0043366815157782354,0.08485181591925409,1.3692461450443016,16.136910332564845,-1.5409670793625105,0.3446945986491314,0.32587831412543256,0.004107389800904542,0.09550218961207348,0.02994407585146182,true
2.6750000000000003,11.40480804306347,0.04950628234715729,0.045390966312793546,0.110543324467919,-2.484143660522097e-5,-0.0031715897268936575,-0.00043487328472391665,0.0013844826458098648,-0.0009496093610859482,0.004340825567622557,0.08485088970935144,1.369157773507169,16.136044986647605,-1.5420253923207938,0.3515027880554069,0.33161316099824467,0.004102973525121181,0.09549108268883744,0.02994240516427523,true
2.725,11.40480804306347,0.049553845561006296,0.04637082492574131,0.11112106671402447,-2.554666966644819e-5,-0.0031746759138194802,-0.0004195924137392311,0.0013720483122627847,-0.0009524558985235536,0.004344996020441176,0.08484980836508062,1.3690674568585819,16.13518619827564,-1.5431094738370976,0.3583242677052088,0.33732256882138034,0.004098444392968029,0.09547914098085224,0.029940507898759728,true
2.7750000000000004,11.40480804306347,0.04960167192950373,0.04735776725519682,0.11171033487521821,-2.626564673792412e-5,-0.003177812511641776,-0.0004040906520512246,0.001359421034554579,-0.0009553303825033544,0.004349189547269234,0.0848485638803748,1.3689751758747686,16.134335258812886,-1.5442197031167082,0.36515924243928966,0.34300618021672663,0.004093800617828449,0.09546632808477672,0.029938372729657183,true
2.825,11.40480804306347,0.049649722652330044,0.048351897824610135,0.11231115575211556,-2.6998616025465378e-5,-0.0031809992183448117,-0.00038837143363258176,0.0013466028842562896,-0.0009582314506237079,0.004353402746004792,0.08484714809379136,1.3688809110451303,16.133493485626033,-1.5453564663119683,0.3720079145613652,0.34866364409499023,0.004089040391933195,0.09545260692918883,0.029935988118590412,true
2.8750000000000004,11.40480804306347,0.04969795807041181,0.0493533191478486,0.11292355493888004,-2.7745823249105154e-5,-0.0031842357242738892,-0.0003724382517010453,0.001333595972972424,-0.0009611577212713786,0.00435763213924838,0.08484555268962797,1.3687846425763912,16.132662221949552,-1.5465201564966569,0.37887048375881693,0.35429461572015514,0.0040841618873338325,0.09543793978304452,0.029933342316443633,true
2.9250000000000003,11.40480804306347,0.04974633767088017,0.05036213164345861,0.11354755671580416,-2.8507511641132856e-5,-0.003187521712097639,-0.0003562946601939342,0.0013204024531643763,-0.0009641077929704421,0.004361874174737771,0.08484376916248779,1.3686863504753528,16.13184284463041,-1.5477111733822555,0.385747148016993,0.3598987575795428,0.004079163255138226,0.09542228810826597,0.029930423314520702,true
2.975,11.40480804306347,0.049794820077218624,0.05137843354355372,0.1141831839427537,-2.9283920242794372e-5,-0.003190856856750819,-0.0003399442697084457,0.001307024516195896,-0.0009670802464874504,0.004366125224484105,0.0848417889407961,1.368586014322194,16.13103673800672,-1.5489299237844778,0.39263810015148676,0.36547573668469274,0.004074042633938155,0.09540561309371784,0.029927219018886984,true
3.0250000000000004,11.40480804306347,0.04984336296612209,0.05240232078691941,0.11483045796205243,-3.0075282769109142e-5,-0.0031942408256078973,-0.0003233907431126517,0.001293464390186032,-0.0009700736470733802,0.004370381577481908,0.08483960321766043,1.3684836134111091,16.130245327765063,-1.5501768230985087,0.3995435324483069,0.37102522847867314,0.0040687981316391295,0.09538787491927297,0.02992371701312685,true
3.075,11.40480804306347,0.04989192309243444,0.05343388692384671,0.11548939848752511,-3.0881830393352304e-5,-0.0031976732786093594,-0.00030663780242801933,0.0012797243435270825,-0.0009730865410990632,0.004374639441895671,0.08483720306125331,1.368379126637928,16.1294700586716,-1.551452294661818,0.40646363355334714,0.37654691441862637,0.004063427837467679,0.09536903324095682,0.02991990471473714,true
3.1250000000000004,11.40480804306347,0.04994045643384072,0.054473223035722336,0.11616002348067919,-3.170379207464228e-5,-0.00320115386789491,-0.0002896892300196973,0.0012658066855909293,-0.000976117455571232,0.0043788949577467946,0.08483457937588702,1.3682725328336227,16.128712405952403,-1.5527567665859008,0.4133985894309736,0.38204048287197884,0.0040579298327622524,0.09534904704851878,0.029915769322621008,true
3.1750000000000003,11.40480804306347,0.04998891815496738,0.05552041762369441,0.11684234906445265,-3.254139012600691e-5,-0.003204682237647672,-0.00027254886040052454,0.0012517137627273086,-0.000979164902326784,0.0043831441937658205,0.0848317229134481,1.3681638106502783,16.12797387182841,-1.5540906729459127,0.4203485830612686,0.3875056289869306,0.0040523021878966815,0.09532787471156587,0.02991129783391145,true
3.225,11.40480804306347,0.05003726241129266,0.05657555649120489,0.11753638939235711,-3.339483906217751e-5,-0.00320825802457615,-0.00025522058165004216,0.0012374479590479522,-0.00098222737739791,0.004387383130198835,0.08482862427830476,1.3680529382143791,16.127255980553063,-1.5554544578340739,0.42731379430730887,0.39294205470103816,0.004046542947171494,0.09530547397884843,0.029906477050707328,true
3.2750000000000004,11.40480804306347,0.05008544233489079,0.05763872263973427,0.11824215650004724,-3.426434806382693e-5,-0.0032118808581665923,-0.0002377083357111621,0.0012230116966519002,-0.0009853033609407381,0.00439160765755749,0.08482527391838224,1.3679398931518396,16.126560280466094,-1.5568485752869703,0.43429440004043374,0.3983494689488554,0.004040650129485882,0.0952818019456188,0.02990129356887683,true
3.325,11.40480804306347,0.050133410225684794,0.0587099961630884,0.11895966023174676,-3.515012218577914e-5,-0.003215550360403288,-0.00022001611523629876,0.0012084074341365814,-0.0009883913189002826,0.00439581359338849,0.08482166213175384,1.3678246529124767,16.125888346632834,-1.5582734854006375,0.4412905739136581,0.4037275875908974,0.004034621745605812,0.09525681511335227,0.029895733790035257,true
3.3750000000000004,11.40480804306347,0.05018111762366709,0.05978945414466053,0.11968890813052081,-3.605236055020765e-5,-0.003219266145468555,-0.0002021479622642717,0.0011936376660074334,-0.0009914897037431617,0.004399996688606065,0.08481777906696852,1.3677071948821629,16.125241782177287,-1.5597296530646523,0.44830248633225583,0.40907613349554056,0.004028455804289003,0.09523046940521421,0.029889783923891106,true
3.4250000000000003,11.40480804306347,0.05022851519210003,0.06087717053452368,0.12042990530280068,-3.697125327663406e-5,-0.003223027819800598,-0.00018410796344343287,0.001178704920337528,-0.0009945969568940951,0.004404152617250719,0.0848136147266404,1.36758749615715,16.12462221501784,-1.5612175506211343,0.45533030432608607,0.4143948365429273,0.004022150302846381,0.09520272016995092,0.029883429993905173,true
3.475,11.40480804306347,0.05027555259981724,0.06197321601707444,0.12118265428215967,-3.790698046828953e-5,-0.0032268349823677987,-0.00016590024274744809,0.0011636117551269377,-0.0009977115123794896,0.0044082769661691395,0.08480915897286796,1.367465533329506,16.12403129439102,-1.5627376603615915,0.4623741913349728,0.4196834335633656,0.004015703218614862,0.0951735221951498,0.02987665784565684,true
3.5250000000000004,11.40480804306347,0.05032217857952713,0.0630776578843799,0.1219471549314636,-3.885971243767994e-5,-0.0032306872247094133,-0.0001475289506523824,0.0011483607528306222,-0.0010008318021782398,0.00441236524012639,0.08480440153748535,1.367341282567425,16.123470689938554,-1.5642904734601197,0.4694343068633026,0.4249416681813417,0.00400911251520428,0.09514282976510341,0.029869453163284716,true
3.575,11.40480804306347,0.050368341042770756,0.06419055991102515,0.12272340436963722,-3.98296096696219e-5,-0.0032345841306455473,-0.00012899824425717347,0.0011329545102415244,-0.001003956265984351,0.004416412871885673,0.08479933203865088,1.3672147197728046,16.122942090506548,-1.5658764878793252,0.4765108059723273,0.4301692905475048,0.004002376153316063,0.09511059675286443,0.02986180149523054,true
3.6250000000000004,11.40480804306347,0.05041398726785791,0.06531198221277379,0.12351139693618189,-4.0816818875294596e-5,-0.003238525275687694,-0.00011031225336081063,0.0011173956211408208,-0.0010070833677800102,0.004420415238687007,0.084793940012138,1.3670858207956544,16.122447200825437,-1.567496205334005,0.48360383831165066,0.43536605674776424,0.003995492106366071,0.09507677678182647,0.029853688300972216,true
3.6750000000000003,11.40480804306347,0.05045906375239005,0.06644198106199818,0.12431112414490678,-4.182146199063237e-5,-0.003242510227316614,-9.147504700281564e-5,0.001101686658951455,-0.0010102116119486393,0.004424367649316098,0.08478821496259174,1.3669545609774603,16.121987726484814,-1.5691501357970434,0.4907135466486493,0.44053172787941286,0.003988458347401048,0.09504132342393354,0.029845099023218528,true
3.725,11.40480804306347,0.05050351547324089,0.06758060870022671,0.12512257457895842,-4.2843633013620704e-5,-0.003246538546323519,-7.249057652177252e-5,0.0010858301473271061,-0.0010133395708053336,0.004428265279217714,0.0847821464190699,1.3668209137523706,16.12156534698128,-1.5708388130366286,0.4978400654449484,0.44566606920991136,0.00398127279258914,0.0950041903447153,0.02983601916238116,true
3.7750000000000004,11.40480804306347,0.05054728679763537,0.06872791319338493,0.1259457341667074,-4.388340029108063e-5,-0.00325060978509995,-5.336255243873164e-5,0.001069828496977804,-0.0010164659445390724,0.004432103250381209,0.08477572404796056,1.366684851941352,16.12118170961502,-1.572562777325583,0.5049835175191811,0.4507688480219571,0.003973933380134661,0.09496533190957235,0.029826434442542384,true
3.825,11.40480804306347,0.050590322853900305,0.0698839381740543,0.1267805866092006,-4.494078084073357e-5,-0.0032547234850299053,-3.409432307582101e-5,0.0010536839425185412,-0.0010195896194427202,0.0044358767515311134,0.08476893783361432,1.3665463494287224,16.120838415021776,-1.5743225523625446,0.5121440083753207,0.4558398299306368,0.0039664381764106275,0.09492470411705663,0.029816331074004145,true
3.8750000000000004,11.40480804306347,0.05063256709054911,0.07104872249124851,0.12762711333619714,-4.6015709978935024e-5,-0.003258879180744303,-1.4688789900177066e-5,0.001037398497115047,-0.00102270970721487,0.004439580824102024,0.0847617782665446,1.3664053763647441,16.120536924884963,-1.5761186983966988,0.5193216215805633,0.46087877613898387,0.003958785179788018,0.09488226506819261,0.02980569600038694,true
3.9250000000000003,11.40480804306347,0.050673961337416695,0.07222230009594038,0.12848529390679342,-4.710803728002732e-5,-0.003263076402327209,4.851727908645196e-6,0.001020973881130463,-0.0010258256090391082,0.004443210367599055,0.08475423653755877,1.3662618987696722,16.12027852040428,-1.5779518133121508,0.5265164138777092,0.46588544067613175,0.003950972332799767,0.09483797579995282,0.029794517171195217,true
3.975,11.40480804306347,0.05071444979153218,0.07340469986465213,0.12935510684462112,-4.821753482262e-5,-0.003267314671965593,2.4525583961326628e-5,0.0010044114726539609,-0.0010289370566152875,0.004446760489088396,0.0847463047580506,1.3661158847913266,16.12006433426881,-1.579822454688856,0.5337284073599741,0.47085956579467864,0.003942997847796289,0.09479180173906243,0.02978278387685118,true
4.0249999999999995,11.40480804306347,0.05075397478834559,0.07459594532296998,0.1302365294251106,-4.934387820759025e-5,-0.003271593514606167,4.433161750797953e-5,0.00098771239785356,-0.0010320440153615395,0.0044502261324086655,0.08473797614204522,1.365967296990948,16.11989522503103,-1.5817312273823327,0.5409575866401456,0.47580088105089546,0.003934859874532438,0.0947437129176176,0.02977048697393517,true
4.075,11.40480804306347,0.05079247683351263,0.0757960550014842,0.1311295368731844,-5.0486627356784514e-5,-0.003275912467607254,6.426870749135817e-5,0.0009708777534008558,-0.001035146460892214,0.004453602080957879,0.08472924469802048,1.3658160928438208,16.119771841607484,-1.5836787833341106,0.5482039087447155,0.4807091110630758,0.003926556480097809,0.09469368265133338,0.029757618453298565,true
4.125,11.40480804306347,0.05082989759378741,0.07700504294333121,0.13203410100600693,-5.164586683231158e-5,-0.003280271087512657,8.433495028847609e-5,0.0009539090220047326,-0.0010382439722932087,0.004456883219941848,0.0847201044556346,1.3656622373332694,16.11969491903101,-1.5856656873821404,0.555467322122291,0.4855839889829575,0.003918086119797433,0.09464168508178106,0.02974417040264123,true
4.175,11.40480804306347,0.05086617815969325,0.07822291951687438,0.1329501864547974,-5.281904542967022e-5,-0.003284668964345737,0.00010452628151497623,0.0009368087738697963,-0.0010413350553847725,0.0044600643840411345,0.08471054860924326,1.365505672360916,16.119665080435066,-1.587692794429719,0.5627478049952424,0.49042528205374436,0.003909446096609622,0.09458768908766815,0.029730133684834195,true
4.225,11.40480804306347,0.050901256784866164,0.07944969271458906,0.1338777451049884,-5.401016627519905e-5,-0.0032891057305220513,0.00012483482841436455,0.0009195815127263347,-0.0010444163411406993,0.004463140159191445,0.0847005656977362,1.365346407329223,16.119684633531495,-1.5897602520307128,0.5700454378881581,0.49523283814290314,0.00390063618453589,0.09453164829236191,0.02971549293209476,true
4.2749999999999995,11.40480804306347,0.050935060285427006,0.08068536957397703,0.13481670957851072,-5.5217012776180684e-5,-0.0032935810736317767,0.00014524745817756353,0.0009022344341250763,-0.0010474818923026398,0.004466104128460651,0.08469013948005807,1.365184385328614,16.119756015398618,-1.591869082977846,0.5773604652446747,0.5000066224881602,0.0038916524339267728,0.09447349045361897,0.029700225861585904,true
4.325,11.40480804306347,0.050967526228759275,0.08192995700631131,0.13576698772263654,-5.644127820680927e-5,-0.003298094685557686,0.00016574558388507193,0.0008847775556481284,-0.0010505231395332004,0.0044689508176122515,0.08467924418176731,1.3650196259385778,16.11988438404705,-1.5940195896373557,0.5846933699434474,0.5047467604562725,0.0038824930622128953,0.09441310733938153,0.029684297180126204,true
4.375,11.40480804306347,0.05099857823936099,0.08318346035728705,0.13672846226103264,-5.7685211347798326e-5,-0.003302646230876783,0.00018630742830634517,0.0008672226091810363,-0.0010535300374873815,0.00447167352986523,0.08466784599581823,1.364852149552707,16.120076441062615,-1.5962122203270406,0.5920448547354703,0.5094535182457055,0.0038731551844422684,0.09435035572216334,0.029667660423933814,true
4.425,11.40480804306347,0.05102814120329633,0.08444588019497304,0.13770100097113847,-5.895058148396017e-5,-0.003307235259001828,0.00020691350201059821,0.000849580295462154,-0.0010564937974727523,0.004474265679055616,0.08465590707010397,1.3646819844193063,16.120339757144254,-1.598447412165062,0.5994157177303737,0.5141272174455996,0.003863635726409768,0.09428507556175746,0.029650263606061374,true
4.475,11.40480804306347,0.05105614405482229,0.08571720569385675,0.1386844796031051,-6.0238317088728086e-5,-0.0033118611255106524,0.00022755451406847814,0.0008318562770728809,-0.001059410791141359,0.004476721033974368,0.08464339525675135,1.3645091466566928,16.12068068060935,-1.6007256435344868,0.6068065700343855,0.5187680555960562,0.003853931937164263,0.09421713147418173,0.029632062820092297,true
4.5249999999999995,11.40480804306347,0.05108252363330937,0.0869974073663891,0.13967881230081233,-6.154743835055607e-5,-0.0033165229721728653,0.0002482378409756588,0.0008140478513211187,-0.0010622856922967775,0.004479034056551116,0.08463029696859656,1.3643336080207016,16.121101507264704,-1.6030475708910679,0.6142174761596393,0.5233758894068335,0.0038440417960683227,0.09414646684434554,0.029613040111986854,true
4.575,11.40480804306347,0.051107226117878046,0.08828643333176611,0.14068397158622276,-6.287478075277234e-5,-0.003321219831799112,0.0002689861894447555,0.0007961445175878487,-0.0010651307070326042,0.004481200027646412,0.08461662551293349,1.3641552765476772,16.121598660763997,-1.6054140971570556,0.6216477330461336,0.527950116109208,0.003833964348555359,0.09407313885785654,0.029593215016457047,true
4.625,11.40480804306347,0.05113020114946931,0.08958421485943296,0.14169997087831024,-6.421639358721089e-5,-0.0033259508666343843,0.0002898233886368415,0.0007781350436021396,-0.001067958432238981,0.004483214531661255,0.08460241359042013,1.3639740155770692,16.122164341319895,-1.6078262859197383,0.629096105173414,0.5324898394209114,0.0038236994811227712,0.0939972866931729,0.029572634044681946,true
4.675,11.40480804306347,0.05115138934315684,0.09089068323050262,0.14272679493905643,-6.557058289705493e-5,-0.0033307156157960597,0.0003107516094642091,0.0007600189386498311,-0.0010707705481140402,0.00448507236158768,0.08458768391889673,1.363789716255228,16.122792977318532,-1.6102850608295582,0.6365616692355602,0.5369943926505805,0.0038132469400113567,0.09391900770010941,0.029551329812418516,true
4.725,11.40480804306347,0.051170712335255844,0.09220578941176277,0.14376431219096805,-6.69403252583238e-5,-0.0033355139865005184,0.0003317391162752034,0.0007418127620667312,-0.0010735518783419346,0.004486766646316194,0.08457241241596022,1.3636023859952384,16.123489292093364,-1.6127908629814736,0.6440448369165651,0.5414639366033777,0.003802604987984811,0.09383820247846998,0.029529269956470153,true
4.775,11.40480804306347,0.051188077615262714,0.0935295048866775,0.1448122613899766,-6.833131773061587e-5,-0.0033403458395319585,0.0003527405859912612,0.0007235400852266291,-0.0010762806712178903,0.004488289274311449,0.0845565234645439,1.3634121500260044,16.124269236278476,-1.6153437295854463,0.651547432725797,0.5458994644948378,0.003791769785782351,0.09375455475789256,0.029506350706025843,true
4.825,11.40480804306347,0.051203408174182743,0.09486179339699935,0.14587038919884412,-6.974546090349739e-5,-0.0033452104757954624,0.0003737408154236457,0.0007052095610727827,-0.0010789503764964284,0.004489633493246317,0.08453994727094763,1.363219111433506,16.125147405929123,-1.6179438594646387,0.6590710543803213,0.5503018046388319,0.0037807373873725157,0.09366777310123073,0.029482476628735023,true
4.875,11.40480804306347,0.05121664157334503,0.09620256810538734,0.14693861091624094,-7.11766982330435e-5,-0.0033501067626280252,0.0003947682023430829,0.0006868079703640514,-0.0010815761727071343,0.0044907938283534335,0.08452269010447597,1.3630231536391708,16.126121304875397,-1.620592602903625,0.6666151218996423,0.5546705035851238,0.0037695050257362172,0.09357788401908039,0.029457657860363477,true
4.925,11.40480804306347,0.05122764632658815,0.09755171771566071,0.1480169784951701,-7.261941169469764e-5,-0.003355033912054978,0.00041585500274149976,0.0006683199396361042,-0.001084174942377604,0.004491758750621442,0.08450481605712928,1.362823920900618,16.12717457404184,-1.6232930322769334,0.6741775749844982,0.5590042893147981,0.0037580676617037165,0.09348514986213982,0.02943198429289404,true
4.975,11.40480804306347,0.05123660514608659,0.09890913435930085,0.14910545620284982,-7.408599989351675e-5,-0.003359997756004288,0.000436989923483096,0.0006497419076513513,-0.0010867318311344474,0.004492544280677241,0.08448634220278747,1.3626218680373738,16.12830941084838,-1.626039527582881,0.6817574645072624,0.5633025770820185,0.0037464496059800246,0.09338968592136884,0.029405483202097862,true
5.025,11.40480804306347,0.05124346693761905,0.10027463922345112,0.15020337539032347,-7.558443084638078e-5,-0.003365006581059193,0.00045816814433075124,0.0006310621921784606,-0.0010892303365092118,0.004493145938461094,0.08446709372670934,1.362417472521435,16.129564927727888,-1.6288298958610903,0.6893582693730532,0.5675672867616771,0.0037346485489706,0.09329077047535066,0.02937791480262222,true
5.075,11.40480804306347,0.05124812135981967,0.10164823369335796,0.15131077791392125,-7.710747000752855e-5,-0.0033700449133368116,0.000479323097304016,0.0006123384060064145,-0.0010916615033104305,0.004493554048986326,0.08444709143061734,1.3622104567153341,16.13093398053314,-1.6316671296829124,0.6969800380223053,0.5717983716818996,0.003722656739804404,0.0931884834038306,0.02934930934167882,true
5.125,11.40480804306347,0.05125023284807525,0.10302977795002534,0.15242736527725015,-7.864004052315903e-5,-0.003375109632974717,0.000500512719115799,0.0005935448853100512,-0.0010940576044258501,0.004493739189169975,0.08442629632390919,1.3620002675631755,16.13241758631383,-1.6345586439961306,0.7046232132482011,0.5759960100793617,0.0037104459671055043,0.09308262425881475,0.029319612950005583,true
5.175,11.40480804306347,0.051249952050554354,0.10441913906243758,0.153553688013677,-8.018436133583567e-5,-0.0033802007044139906,0.0005217222584275375,0.0005746899101899319,-0.0010964121686174693,0.004493714568192591,0.08440494583163353,1.3617866981626117,16.133968036411407,-1.6375024055235914,0.7122814555977874,0.5801567154070485,0.003698042762432072,0.09297422326975688,0.029289157223675602,true
5.225,11.40480804306347,0.051246976826945935,0.10581621974853475,0.154688815870936,-8.174770086483054e-5,-0.003385317694620165,0.0005429087082222203,0.0005557957973856869,-0.0010987045056079071,0.004493453693691488,0.08438274962662443,1.3615700348975948,16.135644322118562,-1.6405007624772616,0.7199620484087507,0.5842844414331877,0.0036854203589097457,0.09286204502082278,0.029257542227629163,true
5.275,11.40480804306347,0.051241353621223396,0.10722087823011389,0.15583298564707496,-8.33217125491393e-5,-0.0033904597674337777,0.0005640998117841343,0.000536849685043695,-0.0011009494968278292,0.004492960637981886,0.0843598462269833,1.3613500163670822,16.137416996993547,-1.6435542480703254,0.7276609961514846,0.5883770183714336,0.003672588931723817,0.09274668500716421,0.02922496201853015,true
5.325,11.40480804306347,0.0512329660688415,0.10863296443953355,0.15698587876991318,-8.490927983591042e-5,-0.0033956264736126687,0.0005852790144609364,0.0005178607621164206,-0.001103139776577357,0.004492225197950785,0.08433617689611991,1.3611266742004067,16.13929779953102,-1.6466637558238963,0.7353794539653098,0.5924350723963584,0.003659543582207215,0.0926279006179161,0.029191337905499562,true
5.375,11.40480804306347,0.05122174577308576,0.11005232241974247,0.15814730520461798,-8.650917958226569e-5,-0.0034008172286288897,0.0006064429427675607,0.0004988316703271601,-0.0011052746130947209,0.004491241376415747,0.08431173154923303,1.3608999659702803,16.141288299548155,-1.6498301182261161,0.7431172981257896,0.5964585509514696,0.003646283135113266,0.09250565644575862,0.02915665863075543,true
5.425,11.40480804306347,0.051207623223317886,0.11147878856410641,0.15931705799284673,-8.812086418446322e-5,-0.0034060314717126883,0.0006275866097177024,0.0004797658497029333,-0.0011073524594206357,0.004490003078522915,0.08428649630931101,1.360669862896677,16.143390963878108,-1.653054085817202,0.7508745036230642,0.6004474640228269,0.0036328065404351057,0.09237990210779568,0.029120907881581417,true
5.475,11.40480804306347,0.05119053030455205,0.11291219346647001,0.16049492328957987,-8.974371288936784e-5,-0.003411268648939582,0.0006487047848386067,0.00046066686139721125,-0.001109371646235818,0.004488504331792475,0.084260456728772,1.3604363382394136,16.1456084034597,-1.6563364023747373,0.7586510687413239,0.6044018429353325,0.0036191128228789293,0.09225058546933358,0.029084068726806935,true
5.525,11.40480804306347,0.05117039694749494,0.1143523599044971,0.16168068028338278,-9.137704688599223e-5,-0.003416528210406744,0.0006697923907978305,0.0004415381964799846,-0.0011113305872778151,0.004486738992386403,0.08423359853827786,1.360199360649035,16.147943151578954,-1.6596778693651093,0.7664469861572255,0.6083217250201756,0.003605200902222745,0.09211765544710154,0.029046124635195243,true
5.575,11.40480804306347,0.05114715066422832,0.11579910075515032,0.16287409853480445,-9.302018128911859e-5,-0.0034218096083541132,0.0006908445240658065,0.00042238327158319633,-0.001113227795649003,0.004484700704396036,0.08420590735043706,1.3599588949867107,16.150397730731797,-1.6630793422899015,0.7742622407333454,0.6122071524665569,0.0035910695912889216,0.09198106080450887,0.029007059074343602,true
5.625,11.40480804306347,0.051120718679229266,0.11725221822166618,0.16407493718853694,-9.467244354198598e-5,-0.003427112292899208,0.0007118564002251766,0.0004032054601595292,-0.0011150618603847058,0.004482383086694865,0.08417736855444567,1.359714906341076,16.15297472100968,-1.6665416853484551,0.7820968083089116,0.6160581717309372,0.0035767177562680682,0.09184075000099971,0.02896685538646737,true
5.675,11.40480804306347,0.05109102999442838,0.11871150428138105,0.1652829456770749,-9.633316394784929e-5,-0.003432435707795024,0.0007328232680579423,0.00038400813713234197,-0.0011168314051902843,0.004479779914007629,0.0841479673736775,1.3594673630051664,16.155676785015537,-1.6700657351682384,0.7899506565758411,0.6198748339891271,0.0035621444521280166,0.09169667166992004,0.02892549688541648,true
5.725,11.40480804306347,0.05105801600823612,0.12017674158905046,0.1664978648469461,-9.800165436212484e-5,-0.003437779288250496,0.000753740346665882,0.0003647947104571835,-0.0011185350571230655,0.004476885171187968,0.08411768897967561,1.359216236721185,16.158506649530004,-1.6736522958070195,0.7978237472415683,0.6236571961682779,0.0035473489475966588,0.09154877514525543,0.02888296702093454,true
5.775,11.40480804306347,0.051021609964379856,0.1216477041231053,0.1677194276916557,-9.967719239710808e-5,-0.0034431424611444912,0.0007746028090882459,0.0003455686285193428,-0.0011201714376075887,0.004473693004891192,0.0840865185802867,1.3589615011758869,16.161467071303896,-1.677302155035091,0.8057160377946841,0.627405321714969,0.003532330672493911,0.09139701075336681,0.028839249500313434,true
5.825,11.40480804306347,0.05098174615220195,0.12312415733019479,0.16894735947387052,-0.00010135901761729729,-0.0034485246466631043,0.0007954058006020856,0.000326333369716538,-0.0011217391703186236,0.004470197653454554,0.08405444145124003,1.3587031304555346,16.164560813169143,-1.6810161022416847,0.8136274821189176,0.6311192807642615,0.003517089156773286,0.09124132985858778,0.02879432833173346,true
5.875,11.40480804306347,0.05093835946059401,0.12460585792004533,0.17018137745907663,-0.00010304633600145858,-0.0034539252601745287,0.000816144469218189,0.0003070924257620666,-0.0011232368949802556,0.004466393407785174,0.0840214429254559,1.3584410983442445,16.16779063827145,-1.6847949371846302,0.8215580302199177,0.6347991498769269,0.0035016240003256133,0.09108168478631032,0.028748187812529486,true
5.925,11.40480804306347,0.05089138529370417,0.1260925535352308,0.1714211905269405,-0.00010473832614859453,-0.0034593437137192765,0.0008368139940814193,0.0002878492860575475,-0.0011246632801389668,0.0044622746039690575,0.08398750836637706,1.3581753782986572,16.17115931542957,-1.6886394710349548,0.8295076276040926,0.6384450116247716,0.0034859348693845266,0.09091802872499027,0.028700812498150343,true
5.975,11.40480804306347,0.05084075956066049,0.12758398239951185,0.1726664987679776,-0.00010643414329095932,-0.0034647794171481835,0.0008574096069204392,0.00026860742569388116,-0.0011260170326143203,0.004457835622370023,0.08395262314095146,1.3579059435214904,16.17466962576794,-1.6925505262645828,0.8374762146108443,0.6420569541727882,0.0034700214970574805,0.0907503156343623,0.028652187171287584,true
6.025,11.40480804306347,0.05078641856265296,0.1290798729753887,0.1739169930940133,-0.00010813292079192433,-0.003470231779205889,0.0008779266044399295,0.00024937029821253106,-0.0011272969026524607,0.004453070877728785,0.08391677259741154,1.3576327668197152,16.17832436589193,-1.6965289390154188,0.8454637258211494,0.6456350709142652,0.0034538836756298217,0.09057850016061568,0.028602296817123538,true
6.075,11.40480804306347,0.05072829887169299,0.1305799436990279,0.1751723549462098,-0.00010983377076914136,-0.0034757002086684783,0.0008983603499027285,0.00023014133405539216,-0.0011285016839581207,0.00444797480853231,0.08387994205370747,1.3573558203962564,16.18212634824134,-1.7005755620623824,0.8534700896357729,0.6491794601966974,0.0034375212477883205,0.09040253759381944,0.02855112661317804,true
6.125,11.40480804306347,0.05066633742099609,0.1320839028952489,0.1764322562256765,-0.00011153578551959731,-0.0034811841153035467,0.000918706265005368,0.0002109239441777794,-0.0011296302091831473,0.004442541884938775,0.08384211680175423,1.35707507592819,16.18607840182532,-1.7046912640547691,0.8614952281783828,0.6526902251994782,0.0034209341119227224,0.09022238391287934,0.028498661941869598,true
6.175,11.40480804306347,0.050600471914507214,0.13359144891217756,0.1776963594890483,-0.00011323804025329217,-0.0034866829102688976,0.000938959817502029,0.00019172152607231126,-0.0011306813435743403,0.0044367666446857015,0.08380328212759387,1.3567905051122193,16.190183375472706,-1.7088769228601148,0.8695390575536636,0.6561674739643425,0.0034041222484611964,0.09003799592920163,0.028444888426308025,true
6.225,11.40480804306347,0.05053064142931578,0.13510227039169292,0.1789643182996629,-0.00011493959621366166,-0.0034921960057627036,0.0009591165116869717,0.0001725374685593521,-0.0011316539802463238,0.0044306437459111,0.08376342333902835,1.356502080497859,16.19444414308956,-1.7131334153015725,0.8776014882924198,0.6596113194945645,0.003387085758191545,0.08984933147955765,0.02838979197697064,true
6.275,11.40480804306347,0.050456786932680325,0.13661604651747014,0.18023577753828007,-0.00011663950254912389,-0.0034977228141375768,0.0009791718859988399,0.00015337515308183386,-0.0011325470390806738,0.004424168012487391,0.08372252578836527,1.356209776186223,16.19886360827748,-1.7174616085669878,0.8856824257488731,0.663021879818145,0.003369824893499654,0.0896563495868582,0.028333358830932964,true
6.325,11.40480804306347,0.05037885147029325,0.13813244712063383,0.18151037352834445,-0.0001183367957542773,-0.0035032627470159986,0.000999121517228011,0.00013423795164302425,-0.0011333594688710353,0.004417334450528891,0.08368057488382676,1.3559135680120393,16.203444704992123,-1.721862357996405,0.893781770254309,0.6663992779360592,0.003352340066495748,0.08945901053683752,0.0282755755737001,true
6.375,11.40480804306347,0.05029677996580023,0.13965113262677142,0.18278773396089756,-0.00012003049693968039,-0.003508815214969844,0.0010189610276458074,0.00011512922315784096,-0.0011340902508036484,0.004410138230813212,0.08363755608984792,1.3556134331111789,16.208190393020413,-1.7263365124360326,0.9018994170555442,0.6697436416762536,0.0033346318308520584,0.08925727586679166,0.028216429143821244,true
6.425,11.40480804306347,0.0502105187796415,0.1411717539203871,0.18406747771761195,-0.00012171960861039407,-0.003514379628041755,0.0010386860914666735,9.605231000190203e-5,-0.0011347384014685756,0.004402574650099446,0.08359345492371971,1.3553093491018704,16.213103649545417,-1.7308849243061195,0.9100352561326569,0.673055103499345,0.003316700848246732,0.08905110831450685,0.028155906831325676,true
6.475,11.40480804306347,0.05012001528122634,0.1426939522237779,0.18534921471497273,-0.0001234031130903409,-0.0035199553969705796,0.0010582924391453312,7.701053553612837e-5,-0.0011353029746814596,0.004394639093615423,0.08354825695404362,1.3550012932988085,16.218187460740655,-1.7355084592722168,0.9181891720196704,0.6763338003097005,0.0032985478572466376,0.08884047177854844,0.028093996278826812,true
6.525,11.40480804306347,0.05002521765399827,0.1442173590495442,0.18663254584547884,-0.0001250799738696646,-0.0035255419346748476,0.0010777758598239896,5.8007202488838565e-5,-0.001135783062312828,0.0043863270179653885,0.08350194780171326,1.3546892423253254,16.223444817625325,-1.7402080011323182,0.9263610437291894,0.6795798733116503,0.0032801736590560428,0.08862533131624625,0.028030685487423414,true
6.575,11.40480804306347,0.04992607501081092,0.1457415962336161,0.18791706302396788,-0.0001267491395222462,-0.003531138657500273,0.0010971322027549415,3.904559181539216e-5,-0.0011361777945703337,0.0043776339612464155,0.08345451314559506,1.354373172251301,16.22887871730144,-1.744984450327304,0.934550744663969,0.6827934678616805,0.0032615791248756573,0.08840565319565535,0.027965962830637417,true
6.625,11.40480804306347,0.0498225377435786,0.1472662760264583,0.1892023493081131,-0.00012840954851379345,-0.0035367449859353326,0.001116357377868601,2.012896197356673e-5,-0.0011364863398421678,0.004368555573706584,0.08340593872779414,1.3540530591225293,16.234492168976757,-1.7498387177654948,0.9427581426113376,0.6859747333540677,0.0032427652182408498,0.08818140497004781,0.027899817068953846,true
6.675,11.40480804306347,0.04971455793899408,0.1487910012230202,0.19048797906207046,-0.00013006013290707194,-0.0035423603448016825,0.001135447355229179,1.260548761426245e-6,-0.001136707903990605,0.004359087654196076,0.08335621036035228,1.3537288795848508,16.24028820087461,-1.7547717174618813,0.9509830997691215,0.6891238231177363,0.0032237330205352487,0.08795255556297779,0.027832237366419238,true
6.725,11.40480804306347,0.04960208969764078,0.15031536532390471,0.19177351814745675,-0.0001316998198469357,-0.0035479841631626823,0.0011543981634256175,-1.7556434291843704e-5,-0.0011368417291337737,0.004349226178147673,0.08330531387492139,1.3534006114015549,16.246269877016676,-1.7597843616381603,0.9592254748983795,0.6922408951109592,0.00320448374420696,0.08771907510670612,0.02776321323061093,true
6.775,11.40480804306347,0.04948508927407656,0.1518389527237562,0.1930585241334152,-0.00013332753109436963,-0.0035536158742561033,0.001173205887793895,-3.631879542349592e-5,-0.001136887092370399,0.004338967309859628,0.08325323536582746,1.3530682332033126,16.252440247609883,-1.7648775588245518,0.9674851156211516,0.6953261088973145,0.0031850187538272024,0.08748093595696252,0.027692734841517377,true
6.825,11.40480804306347,0.04936351505296896,0.15336133891031387,0.1943425465083564,-0.0001349421818893344,-0.0035592549156554494,0.0011918666701708181,-5.5023364879027103e-5,-0.001136843305291791,0.004328307400403148,0.08319996087356381,1.3527317248005375,16.258802415258806,-1.7700522170107889,0.9757618699265017,0.6983796298768068,0.0031653395363330527,0.08723811140275989,0.027620792634731897,true
6.875,11.40480804306347,0.04923732744097584,0.15488209064035754,0.1956251268596375,-0.00013654268065547767,-0.003564900729692179,0.0012103767115637558,-7.366699660957141e-5,-0.0011367097149541845,0.004317242978142234,0.0831454766071692,1.3523910665597787,16.26535948490996,-1.7753092466787754,0.9840555791410722,0.7014016264879973,0.0031454477051537327,0.08699057657062931,0.027547377601266434,true
6.925,11.40480804306347,0.04910648876286934,0.15640076605433212,0.19690579898331279,-0.00013812793038573535,-0.0035705527640291002,0.0012287322780142442,-9.224657158927072e-5,-0.0011364857064249734,0.004305770739625596,0.08308976889899015,1.3520462392290908,16.272114571322668,-1.7806495640970226,0.9923660796609687,0.704392270736501,0.0031253449872523475,0.08673830823737361,0.02747248123103225,true
6.975,11.40480804306347,0.048970963216751796,0.15791691471176234,0.1981840889074729,-0.00013969683154456473,-0.0035762104722348058,0.0012469297083455054,-0.0001107590021176083,-0.001136170706227897,0.004293887545659874,0.0830328242022777,1.3516972238378955,16.279070799097504,-1.786074092828898,1.0006932027640292,0.707351737998519,0.0031050332186881367,0.08648128482674389,0.027396095513760606,true
7.025,11.40480804306347,0.04883071689643091,0.15943007756603852,0.19945951485177882,-0.0001412482855482571,-0.003581873314258425,0.0012649654214316021,-0.00012920123592988003,-0.001135764185501722,0.004281590423271551,0.08297462908319364,1.3513440017413478,16.286231305552892,-1.7915837636297691,1.0090367742693194,0.710280206776504,0.0030845143449350887,0.08621948639177887,0.02731821293294258,true
7.075,11.40480804306347,0.04868571786026689,0.1609397869350748,0.20073158718566314,-0.00014278119770488938,-0.003587540756793182,0.0012828359205605635,-0.00014757025888676562,-0.0011352656616737979,0.004268876571743623,0.08291517021217025,1.350986554739424,16.29359924465459,-1.7971795134625907,1.0173966141729796,0.7131778584560188,0.0030637904237988582,0.08595289459893851,0.02723882645916656,true
7.125,11.40480804306347,0.04853593622011919,0.16244556654056225,0.20199980846508114,-0.000144294478890753,-0.003593212273585499,0.0013005377934772132,-0.00016586309550656718,-0.0011346746979706461,0.004255743370414663,0.08285443436067257,1.3506248651913788,16.301177789857224,-1.8028622844539404,1.0257725364040648,0.7160448771131344,0.003042863628656415,0.08568149273397081,0.027157929550557493,true
7.175,11.40480804306347,0.04838134423752337,0.1639469316765034,0.20326367361251615,-0.00014578704590903838,-0.003598887345761651,0.0013180677083895888,-0.00018407680745006978,-0.001133990900939519,0.004242188387111823,0.0827924084072387,1.350258916084951,16.308970134596244,-1.8086330231934271,1.034164348823216,0.7188814494098157,0.003021736250998866,0.08540526574261931,0.027075516165161878,true
7.225,11.40480804306347,0.04822191642671457,0.16544338952567084,0.2045226702594275,-0.00014725782105822358,-0.003604565462211195,0.0013354224077315885,-0.00020220849083255881,-0.0011332139168990297,0.004228209387184177,0.08272907935359447,1.3498886910630916,16.316979490288993,-1.8144926803224029,1.0425718534770136,0.7216877645742663,0.0030004107025071013,0.08512420030905662,0.02699158078613499,true
7.275,11.40480804306347,0.04805762966556003,0.16693443959247406,0.20577627921388947,-0.00014870573169878848,-0.0036102461200196332,0.0013525987023049546,-0.00022025527367137352,-0.0011323434286335812,0.004213804343229539,0.08266443434743914,1.3495141744350545,16.325209082820766,-1.820442210158393,1.050994847037936,0.7244640144359393,0.0029788895172320044,0.08483828495911191,0.026906118455150785,true
7.325,11.40480804306347,0.0478884633076884,0.16841957417861247,0.20702397497068128,-0.00015012971052696882,-0.0036159288249070945,0.0013695934682259297,-0.00023821431469826096,-0.0011313791535276687,0.004198971444926221,0.08259846070608862,1.3491353511966906,16.33366214895142,-1.8264825701792848,1.059433121280055,0.7272103934617465,0.0029571753540504524,0.08454751016559271,0.026819124806380584,true
7.375,11.40480804306347,0.047714399277099855,0.16989827881106134,0.20826522616307688,-0.00015152869689074406,-0.003621613091626527,0.0013864036481057885,-0.0002560828042815356,-0.0011303208438242529,0.004183709107328666,0.08253114593452743,1.3487522070626279,16.342341933948223,-1.8326147204760506,1.0678864634261647,0.7299270987404971,0.0029352709986830523,0.0842518684295149,0.026730596092632893,true
7.425,11.40480804306347,0.04753542212442775,0.17137003254885433,0.2094994958761458,-0.00015290163909152535,-0.003627298444298965,0.0014030262562439715,-0.0002738579673805727,-0.0011291682888633988,0.004168015975800602,0.08246247773350883,1.3483647284951954,16.35125169113472,-1.8388396234568543,1.0763546562374573,0.7326143298790999,0.002913179364208716,0.08395135431900744,0.026640529198062438,true
7.475,11.40480804306347,0.047351519034042555,0.1728343081426063,0.2107262417942415,-0.00015424749723106222,-0.0036329844166938623,0.0014194583862148303,-0.0002915370677472106,-0.0011279213184676197,0.004151890926637934,0.08239244399667825,1.347972902710198,16.360394683334594,-1.845158244073098,1.084837477820455,0.7352722888102319,0.00289090348929808,0.08364596446129463,0.026548921636274866,true
7.525,11.40480804306347,0.04716267979219684,0.1742905720794362,0.21194491622177478,-0.00015556524600483776,-0.0036386705524883876,0.001435697218301924,-0.0003091174121078397,-0.0011265798061940843,0.004135333064275615,0.0823210328000702,1.3475767176535318,16.369774185490815,-1.8515715505738672,1.0933347012163495,0.7379011795394453,0.0028684465344431674,0.08333569750175449,0.026455771538370566,true
7.575,11.40480804306347,0.046968896744030555,0.17573828459908913,0.21315496607353707,-0.00015685387688706677,-0.003644356405542684,0.0014517400242893255,-0.000326596353068281,-0.0011251436712210446,0.004118341717517775,0.08224823239002152,1.3471761619594032,16.379393487401494,-1.8580805155289595,1.1018460939422257,0.7405012078889555,0.0028458117773615984,0.08302055405557862,0.02636107763890102,true
7.625,11.40480804306347,0.04677016477541124,0.17717689978751425,0.21435583295272437,-0.00015811239938871103,-0.0036500415402148686,0.001467584168262857,-0.00034397129004155126,-0.0011236128782213058,0.00410091643794543,0.08217403117658381,1.3467712249143742,16.389255895457982,-1.8646861166680802,1.1103714176677069,0.7430725812940788,0.0028230026092912106,0.08270053668193396,0.026264839268921605,true
7.675,11.40480804306347,0.04656648134485304,0.17860586582865548,0.2155469534045435,-0.00015933984144951398,-0.003655725531713933,0.0014832271036987251,-0.00036123966830834157,-0.0011219874353903835,0.004083057002715209,0.08209841773708029,1.3463618964498747,16.399364732723484,-1.871389337150814,1.1189104281621634,0.7456155086883471,0.0028000225334660783,0.08237564989998813,0.026167056362004275,true
7.725,11.40480804306347,0.046357846567705835,0.18002462543351577,0.21672775936419908,-0.00016053524936984536,-0.003661407966467751,0.0014986663686201687,-0.0003783989770805564,-0.0011202673915396122,0.004064763421941256,0.08202138083024926,1.345948167171565,16.40972333734697,-1.8781911651458219,1.1274628755309963,0.7481302004753626,0.002776875166017147,0.08204590024812128,0.026067729473537964,true
7.775,11.40480804306347,0.046144263330443025,0.18143261639169583,0.2178976787363361,-0.00016169768784273338,-0.003667088442472949,0.0015138995812657584,-0.0003954467477863231,-0.0011184528334794352,0.00404603594871625,0.08194290941664249,1.3455300284163578,16.420335060047094,-1.8850925929201818,1.1360285046361618,0.7506168685496761,0.0027535642383689886,0.08171129636762739,0.02596685980750659,true
7.825,11.40480804306347,0.045925737398204686,0.18282927214209385,0.21905613599110343,-0.00016282624053361216,-0.003672766569601213,0.0015289244382793205,-0.00041238055359401314,-0.0011165438846853074,0.004026875088541032,0.0818629926785529,1.345107472312475,16.431203261701384,-1.8920946158874665,1.1446070555110908,0.7530757263081862,0.0027300935994484187,0.08137184908229983,0.025864449241978,true
7.875,11.40480804306347,0.045702277485136944,0.18421402226149736,0.22020255266561914,-0.00016392001137193705,-0.0036784419698534065,0.0015437387160176755,-0.0004291980104943892,-0.0011145407055232863,0.00400728160549213,0.08178162003321686,1.3446804918213389,16.442331312037794,-1.8991982320180958,1.153198263600061,0.7555069886048599,0.002706467216272093,0.08102757144804744,0.025760500345340186,true
7.925000000000001,11.40480804306347,0.04547389527426182,0.18558629281969935,0.2213363477161569,-0.00016497812634637561,-0.003684114277573501,0.0015583402740826794,-0.00044589677951279794,-0.0011124434945698814,0.003987256523963991,0.08169878113678178,1.3442490807467926,16.453722589768176,-1.906404441853863,1.161801859739748,0.7579108716307542,0.002682689172207944,0.08067847876245894,0.025655016380247378,true
7.975,11.40480804306347,0.04524060539927939,0.18694550662347836,0.2224569377473381,-0.00016599973536623384,-0.003689783139644545,0.001572727059305186,-0.00046247456917330695,-0.001110252490131879,0.003966801127073351,0.08161446588094537,1.343813233716733,16.465380483859477,-1.913714249029131,1.1704175699363553,0.7602875927405927,0.0026587636633944394,0.08032458854290439,0.02554800129791896,true
8.025,11.40480804306347,0.04500242541495842,0.1882910834270836,0.22356373720498524,-0.00016698401378218247,-0.0036954482156885565,0.0015868971084445917,-0.0004789291373422053,-0.0011079679711023865,0.0039459169540630185,0.08152866438751309,1.3433729461526456,16.477308395087558,-1.921128660993291,1.1790451150766061,0.762637370268317,0.002634694994500067,0.07996592049518382,0.02543945972958904,true
8.075,11.40480804306347,0.04475937578383744,0.1896224401978619,0.2246561586298081,-0.0001679301633681344,-0.0037011091782795293,0.0016008485487729316,-0.000495258292022432,-0.0011055902567504996,0.003924605799135794,0.08144136700620615,1.3429282142472934,16.489509737047477,-1.9286486895626047,1.1876842107276873,0.7649604233744647,0.0026104875751091295,0.07960249649475502,0.025329396981863116,true
8.125,11.40480804306347,0.04451147989257288,0.19093899149104493,0.22573361302997572,-0.00016883741284188256,-0.003706765713164869,0.0016145795968820812,-0.0005114598912546556,-0.0011031197056274255,0.0039028697128879125,0.08135256431859031,1.3424790349620075,16.501987936171673,-1.9362753510892903,1.1963345671169705,0.7672569719469844,0.002586145917392245,0.07923434059194806,0.025217819039483357,true
8.175,11.40480804306347,0.04425876409329958,0.1922401499276624,0.2267955103649068,-0.00016970501819790122,-0.003712417519480857,0.0016280885568011392,-0.0005275318426607409,-0.0011005567141403982,0.003880711005935628,0.08126224714744609,1.3420254060438526,16.51474643088343,-1.9440096662538855,1.2049958892711174,0.769527236545806,0.0025616746349301717,0.07886147903792418,0.02510473257448071,true
8.225,11.40480804306347,0.044001257752909695,0.19352532672582262,0.22784126008511463,-0.0001705322631385494,-0.0037180643099472754,0.0016413738185466764,-0.0005434721031908808,-0.0010979017153557955,0.003858132253236103,0.081170406568412,1.3415673260527017,16.527788670394333,-1.9518526596730568,1.213667877223083,0.7717714383639623,0.0025370784419649324,0.07848394031807482,0.024990144957610358,true
8.275,11.40480804306347,0.0437389932915697,0.19479393222181823,0.2288702716582941,-0.0001713184597569667,-0.0037237058110331164,0.0016544338577058957,-0.0005592786793801263,-0.0010951551783257695,0.003835136297464668,0.08107703391997212,1.3411047943859564,16.541118113789253,-1.9598053595656033,1.2223502261843124,0.7739897991777775,0.0025123621522349414,0.0781017551768822,0.024874064267129205,true
8.325,11.40480804306347,0.043472006200333174,0.1960453763420575,0.2298819550400571,-0.0001720629494183,-0.0037293417630938474,0.0016672672359912262,-0.0005749496280903551,-0.0010923176079008711,0.003811726250559151,0.08098212080994834,1.3406378112912547,16.554738229658252,-1.9678687976416676,1.2310426266098236,0.7761825412689904,0.0024875306769079992,0.07771495662684845,0.024756499292673918,true
8.375,11.40480804306347,0.04320033503916207,0.1972790690250957,0.23087572108904852,-0.00017276510370551275,-0.003734971920487625,0.0016798726021518295,-0.0005904830574345784,-0.001089389544717251,0.003787905493546381,0.08088565911857305,1.340166377866298,16.568652496256504,-1.9760440092278464,1.2397447641649424,0.7783498873235235,0.002462589021634118,0.07732357994208196,0.024637459534426198,true
8.425,11.40480804306347,0.04292402142553311,0.1984944206229339,0.23185098195852755,-0.00017342432526777093,-0.003740596051676823,0.0016922486926192162,-0.0006058771275721021,-0.0010863715650471142,0.0037636776755431644,0.08078764099991362,1.3396904960524703,16.582864401918886,-1.9843320335062284,1.2484563196499763,0.7804920603228797,0.002437542283153459,0.07692766264394517,0.02451695519983471,true
8.475,11.40480804306347,0.042643110023549965,0.19969084231899042,0.23280715150550496,-0.00017404004846212289,-0.0037462139393178158,0.0017043943316232412,-0.0006211300512396972,-0.001083264280383544,0.0037390467128016218,0.0806880588840016,1.3392101686276126,16.597377445315445,-1.9927339137448008,1.2571769689412553,0.7826092834431443,0.0024123956458941107,0.07652724448809108,0.024394997200804614,true
8.525,11.40480804306347,0.04235764853947759,0.2008677465839868,0.23374364574031659,-0.00017461173983619862,-0.0037518253803382096,0.0017163084307695562,-0.0006362400940109038,-0.0010800683367586524,0.0037140167883176235,0.08058690548080141,1.3387253992041355,16.61219513538792,-2.0012506974136848,1.2659063829841068,0.7847017799696512,0.002387154378863632,0.07612236745738167,0.024271597152713213,true
8.575,11.40480804306347,0.04206768772236287,0.20202454766886968,0.23465988331508608,-0.00017513889853235104,-0.003757430185996422,0.0017279899883512926,-0.0006512055744173435,-0.001076784413933949,0.003688592351885212,0.080484173785724,1.3382361922327948,16.627320991026515,-2.009883436188026,1.2746442278411139,0.7867697732269539,0.0023618238327948087,0.0757130757593871,0.024146767374835683,true
8.625,11.40480804306347,0.04177328136499005,0.20316066211766337,0.23555528603257428,-0.00017562105668071076,-0.0037630281819186753,0.0017394380887160278,-0.0006660248640921434,-0.0010734132246238844,0.003662778120180376,0.08037985708581569,1.3377425530093774,16.642758540627508,-2.018633185891239,1.2833901647607782,0.7888134865148394,0.0023364094373567413,0.07529941582489326,0.024020520891076577,true
8.675,11.40480804306347,0.04147448629989092,0.20427550928082347,0.2364292793541845,-0.00017605777983050944,-0.0037686192081111377,0.0017506519017958812,-0.000680696387990181,-0.0010699555138057003,0.0036365790764112125,0.08027394896544657,1.3372444876809833,16.65851132173144,-2.02750100644823,1.2921438502391875,0.7908331430437228,0.002310916698205477,0.074881436302796,0.023892871429569404,true
8.725,11.40480804306347,0.04117136238768629,0.20536851181843085,0.23728129289567326,-0.0001764486673895562,-0.003774203118946483,0.0017616306828030122,-0.00069521862468718,-0.0010664120581158321,0.0036100004692956812,0.08016644331093456,1.336742003248877,16.674582880821756,-2.0364879619008227,1.3009049360602625,0.792828965866344,0.002285351193734424,0.07445918804919041,0.0237638334204782,true
8.775,11.40480804306347,0.04086397249897014,0.20643909619389286,0.23811076091202413,-0.00017679335304970475,-0.003779779783126362,0.001772373771932176,-0.0007095901066789793,-0.0010627836652531966,0.003583047811473167,0.08005733431452801,1.3362351075685748,16.690976773206,-2.0455951204673926,1.3096730693046175,0.7948011778040097,0.002259718571600913,0.07403272411236066,0.023633421992534782,true
8.825,11.40480804306347,0.04055238249135329,0.2074866931671989,0.2389171227804129,-0.00017709150515696646,-0.00378534908362068,0.0017828805939732206,-0.0007238094206318664,-0.0010590711733413543,0.0035557268774916114,0.07994661647778269,1.3357238093477757,16.707696562980573,-2.0548235546388254,1.3184478923651504,0.7967500013764265,0.0022340245450605018,0.07360209971389994,0.02350165296837397,true
8.875,11.40480804306347,0.04023666118457635,0.20851073829443129,0.23969982348972776,-0.00017734282700948383,-0.003790910917583908,0.00179315065781066,-0.0007378752075718617,-0.0010552754502387981,0.003528043701625362,0.07983428461532098,1.3352081181441613,16.72474582289827,-2.064174341260566,1.3272290429566054,0.7986756587322068,0.002208274889274673,0.07316737222973405,0.023368542859848844,true
8.925,11.40480804306347,0.039916880333792676,0.20951067243716806,0.24045831413966312,-0.0001775470571077496,-0.0037964651962479412,0.0018031835558042393,-0.0007517861630090735,-0.0010513973927951657,0.003500004575532559,0.07972033385874604,1.3346880443637306,16.742128134192495,-2.0736485615976035,1.336016154143719,0.8005783715854512,0.0021824754375879968,0.0727286011702066,0.02323410886304742,true
8.975,11.40480804306347,0.03959311460111398,0.21048594227915524,0.2411920524469891,-0.0001777039693619362,-0.0038020118447910454,0.0018129789631256379,-0.0007655410370340805,-0.0010474379260915574,0.0034716160457601867,0.07960475966076061,1.3341635992602252,16.759847086352945,-2.0832473013736155,1.3448088543771062,0.8024583611557371,0.00215663207779522,0.07228584815941165,0.023098368853062986,true
9.025,11.40480804306347,0.03926544152349123,0.21143600084552158,0.24190050325388796,-0.00017781337327536003,-0.0038075508021821465,0.001822536637082079,-0.0007791386344014973,-0.0010433980026805815,0.0034428849109277996,0.07948755779933168,1.3336347949333276,16.77790627685558,-2.0929716508169176,1.353606767527103,0.8043158481093168,0.002130750748319652,0.07183917691307208,0.022961341378320718,true
9.075,11.40480804306347,0.03893394147691385,0.2123603080207663,0.2425831390342662,-0.0001778751141026476,-0.003813082021000915,0.0018318564164404093,-0.0007925778146072651,-0.0010392786018331441,0.0034138182185884224,0.07936872438156377,1.3331016443267636,16.796309310930845,-2.102822704707656,1.3624095129174112,0.8061510525019471,0.002104837434304609,0.07138865321380387,0.022823045654072796,true
9.125,11.40480804306347,0.038598697636401544,0.21325833106389724,0.24323944039646872,-0.00017788907298267565,-0.00381860546723376,0.0018409382207325972,-0.0008058574919499492,-0.001035080728782648,0.003384423261720542,0.07924825584739485,1.3325641612252055,16.815059801332033,-2.1128015624371455,1.371216705349803,0.8079641937215656,0.0020788981636044824,0.07093434488416298,0.022683501555200797,true
9.175,11.40480804306347,0.03825979593208,0.21412954512128302,0.24386889658284927,-0.00017785516703702582,-0.0038241211200461997,0.0018497820495280623,-0.0008189766355684404,-0.0010308054139596219,0.0033547075748767232,0.07912614897299745,1.3320223602502015,16.834161368130864,-2.122909328079678,1.3800279551312165,0.8097554904332575,0.0020529390026762066,0.07047632175709771,0.02254272960819931,true
9.225,11.40480804306347,0.03791732500176764,0.21497343373788802,0.24447100596728444,-0.00017777334943873733,-0.0038296289715322616,0.0018583879816491669,-0.000831934269443773,-0.001026453712205394,0.003324678930026304,0.07900240087410852,1.3314762568555165,16.853617638497383,-2.133147110466029,1.3888428680978697,0.8115251605253884,0.0020269660524089165,0.07001465564466049,0.022400750982608214,true
9.275,11.40480804306347,0.037571376140461285,0.2157894893676332,0.24504527655095737,-0.00017764360943559772,-0.003835129026439874,0.0018667561743652675,-0.0008447294723823932,-0.0010220267019828743,0.0032943453321261826,0.07887700900919212,1.3309258673222946,16.87343224648886,-2.1435160232559274,1.3976610456457867,0.8132734210587936,0.0020009854438977222,0.06954942030467855,0.022257587481790835,true
9.325,11.40480804306347,0.03722204324645568,0.21657721388112017,0.245591226455603,-0.00017746597234908858,-0.0038406213018735372,0.0018748868625378555,-0.0008573613779668333,-0.0010175254845710222,0.003263715014396453,0.07874997118271634,1.3303712087533321,16.893608832777776,-2.154017185010693,1.4064820847521649,0.8150004882158683,0.00197500333417466,0.06908069140637416,0.02211326153338244,true
9.375,11.40480804306347,0.03686942276416794,0.2173361190702649,0.24610838441245758,-0.00017724049954742445,-0.0038461058269726673,0.0018827803577244821,-0.0008698291744771568,-0.0010129511832473253,0.0032327964333071202,0.07862128554808877,1.3298122990675842,16.914151044429357,-2.164651719263994,1.4153055780073773,0.816706577253503,0.001949025901886488,0.06860854649339407,0.021967796178900167,true
9.425,11.40480804306347,0.036513613623409075,0.21806572714792793,0.24659629024569996,-0.0001769672883771363,-0.003851582642565866,0.0018904370472764124,-0.0008821321048004852,-0.0010083049424759272,0.0032015982632532824,0.07849095061039196,1.329249156993741,16.93506253468349,-2.1754207546016406,1.4241311136467718,0.8183919024576118,0.001923059342908704,0.06813306494475103,0.02182121506268712,true
9.475,11.40480804306347,0.03615471717539601,0.21876557124240573,0.247054495350505,-0.00017664647207325535,-0.0038570518008006855,0.00189785739339513,-0.0008942694663108061,-0.001003587927084324,0.0031701293909445244,0.07835896522917375,1.3286818020633835,16.95634696269194,-2.18632542473689,1.4329582755738213,0.8200566770976574,0.0018971098659377648,0.0676543279346212,0.021673542420486254,true
9.525,11.40480804306347,0.03579283712517389,0.21943519588494095,0.2474825631631397,-0.0001762782196405894,-0.003862513364747953,0.0019050419321508297,-0.0009062406107203347,-0.0009988013214304952,0.003138398909479541,0.07822532862084478,1.328110254603554,16.978007993304246,-2.1973668685955827,1.4417866433897057,0.8217011133840892,0.0018711836880209636,0.06717241838947191,0.02152480306715396,true
9.575000000000001,11.40480804306347,0.03542807946096452,0.22007415749097015,0.24788006962418302,-0.00017586273569744032,-0.003867967407980299,0.0019119912724802754,-0.0009180449439108006,-0.000993946328569475,0.0031064161121512487,0.07809004036086585,1.3275345357292128,17.000049296869044,-2.208546230400168,1.450615792425772,0.823325422427919,0.0018452870300584663,0.0666874209432345,0.021375022383735922,true
9.625,11.40480804306347,0.03506055238026624,0.22068202483427163,0.24824660363447826,-0.00017540026028751827,-0.0038734140141240877,0.0019187060951567619,-0.0009296819257408054,-0.0009890241694159563,0.0030741904859670523,0.07795310038597202,1.3269546673346249,17.022474548984274,-2.219864659757848,1.4594452937706412,0.8249298142008815,0.0018194261122821166,0.06619942189137544,0.02122422630418794,true
9.675,11.40480804306347,0.03469036621292698,0.22125837951279387,0.24858176750190814,-0.00017489106865658664,-0.0038788532763840825,0.0019251871517373218,-0.0009411510698315449,-0.0009840360819057768,0.003041731704903709,0.07781450899613766,1.3263706720844906,17.045287430269916,-2.231323311750609,1.4682747142974777,0.8265144974972294,0.0017936071497093161,0.06570850914292493,0.02107244130142855,true
9.725,11.40480804306347,0.03431763334115823,0.2218028164062158,0.24888517737986157,-0.0001743354709926148,-0.003884285297040286,0.0019314352634932507,-0.0009524519433337444,-0.0009789833201595062,0.003009049622893968,0.07767426685649881,1.3257825734042168,17.068491626107853,-2.2429233470287575,1.4771036166903564,0.8280796798969461,0.0017678363475827248,0.06521477217122756,0.02091969437297392,true
9.775,11.40480804306347,0.0339424681167276,0.2223149441242947,0.24915646369572877,-0.0001737338121362443,-0.003889710186916184,0.0019374513203074249,-0.0009635841666672708,-0.0009738671536401541,0.0029761542665658267,0.07753237499916431,1.325190395469616,17.0920908263664,-2.2546659319060995,1.4859315594684475,0.8296255677301453,0.00174211989680202,0.0647183019632371,0.02076601302609267,true
9.825000000000001,11.40480804306347,0.03356498677524547,0.2227943854450588,0.2493952715690447,-0.00017308647125466314,-0.0038951280648183207,0.0019432362795534868,-0.0009745474132407564,-0.0009686888663127304,0.002943055827726979,0.07738883482476368,1.3245941631964582,17.116088725147737,-2.266552238455639,1.4947580970136989,0.8311523660436398,0.0017164639693495892,0.06421919096691364,0.020611425262332544,true
9.875,11.40480804306347,0.033185307347677065,0.22324077774250595,0.2496012612186968,-0.0001723938614881493,-0.0039005390569462513,0.0019487911649403514,-0.000985341409142674,-0.0009634497557976774,0.0029097646556059953,0.07724364810422633,1.3239939022285205,17.140489020430913,-2.2785834446088185,1.5035827795819974,0.8326602785661978,0.0016908747137280033,0.06371753303837557,0.020455959561961962,true
9.925,11.40480804306347,0.03280354956934775,0.2236537734033654,0.24977410835846947,-0.00017165642955799864,-0.003905943296272738,0.0019541170653385146,-0.00099596593281189,-0.0009581511325266246,0.0028762912488736916,0.07709681697977523,1.3233896389265298,17.165295413865064,-2.2907607342570353,1.512405153345513,0.8341495076807056,0.0016653582503810228,0.06321342338556499,0.02029964486725853,true
9.975,11.40480804306347,0.03241983478629758,0.22403304023188958,0.249913504580776,-0.00017087465534943732,-0.003911340921894228,0.0019592151335674603,-0.0010064208146771001,-0.0009527943188903602,0.00284264624743208,0.07694834396649414,1.3227814003551708,17.190511610375314,-2.3030852973521574,1.5212247604003348,0.8356202543918338,0.001639920667157387,0.06270695851289822,0.020142510566108576,true
10.025,11.40480804306347,0.03203428585933184,0.22437826184244264,0.2500191577271449,-0.00017004905146687476,-0.003916732078351084,0.0019640865851465825,-0.0010167059367659956,-0.0009473806483805869,0.0028088404240013,0.07679823195304615,1.3221692142711317,17.21614131793419,-2.3155583300093774,1.5300411388082706,0.83707271830095,0.0016145680147671463,0.062198236162361926,0.019984586474426996,true
10.075000000000001,11.40480804306347,0.031647027065706414,0.22468913803924165,0.25009079224580333,-0.00016918016274962755,-0.003922116914917882,0.001968732697033058,-0.0010268212322957252,-0.0009419114647373327,0.0027748846754991623,0.07664648420269593,1.32155310910976,17.242188247210905,-2.328181034609847,1.5388538226194948,0.8385070975791452,0.0015893063022805929,0.0616873552548361,0.019825902818635496,true
10.125,11.40480804306347,0.031258183998763824,0.224965385182836,0.25012814953565254,-0.00016826856576209818,-0.00392749558486382,0.001973154806328407,-0.0010367666852352537,-0.0009363881210931531,0.002740790014241002,0.07649310435385855,1.3209331139719551,17.26865611129199,-2.340954619905058,1.5476623419118554,0.8399235889443367,0.0015641414926452263,0.06117441582921502,0.019666490217400655,true
10.175,11.40480804306347,0.03086788346546806,0.2252067365425035,0.25013098827577135,-0.0001673148682422597,-0.003932868244683807,0.0019773543089786245,-0.0010465423298518985,-0.000930811979126726,0.002706567558955299,0.07633809642063168,1.3203092586100982,17.295548625355323,-2.3538803011249483,1.5564662228251305,0.8413223876387622,0.001539079498238963,0.06065951898084736,0.0195063796631307,true
10.225,11.40480804306347,0.030476253382090174,0.22541294263468226,0.25009908474093634,-0.00016631970852051052,-0.003938235053300806,0.0019813326584541243,-0.0010561482502350291,-0.0009251844082190951,0.002672228525637147,0.07618146479338546,1.3196815734132556,17.322869506282302,-2.366959300084247,1.5652649875910498,0.842703687407041,0.0015141261764757142,0.060142766799586196,0.019345602503320684,true
10.275,11.40480804306347,0.03008342266817702,0.22558377154624704,0.2500322331016998,-0.0001652837549063262,-0.003943596171239827,0.0019850913644137115,-0.0010655845797988282,-0.0009195067846148833,0.0026377842182511864,0.07602321423927741,1.3190500893916333,17.350622472236193,-2.380192845291181,1.5740581545585481,0.8440676804747477,0.001489287325457313,0.05962426230707194,0.019184190421623084,true
10.325000000000001,11.40480804306347,0.029689521138896127,0.2257190092427489,0.249930245709284,-0.00016420770503900416,-0.003948951759774454,0.0019886319913583637,-0.0010748515007669354,-0.0009137804905914283,0.0026032460192921547,0.07586334990224554,1.3184148381618006,17.37881124232791,-2.393582172052549,1.5828452382442335,0.8454145575320982,0.0014645686796721886,0.0591041093919597,0.019022175418214042,true
10.375,11.40480804306347,0.029294679395801097,0.22581845986048044,0.24979295336413837,-0.00016309228521396498,-0.003954301980046542,0.001991956157259528,-0.001083949243631109,-0.0009080069136284188,0.002568625380206942,0.07570187730358242,1.317775851928759,17.407439536065485,-2.407128522592367,1.5916257493443273,0.8467445077128045,0.001439975905755051,0.058582412746505316,0.0188595897905874,true
10.425,11.40480804306347,0.028899028716302424,0.2258819459824315,0.2496202055682563,-0.0001619382496809734,-0.00395964699215959,0.001995065532166228,-0.0010928780865859427,-0.0009021874455802854,0.002533933811703138,0.07553880234194636,1.317133163469828,17.436511072911593,-2.42083314615417,1.6003991947762468,0.8480577185787016,0.0014155145983209595,0.05805927780111519,0.018696466113638104,true
10.475,11.40480804306347,0.02850270094196007,0.22590930889721755,0.24941187075984145,-0.00016074637992234326,-0.003964986954246261,0.001997961836781654,-0.0011016383549347416,-0.0008963234818469123,0.0024991828739542644,0.0753741312927787,1.3164868061186041,17.466029571935266,-2.4346972991113933,1.6091650777400714,0.8493543761083089,0.0013911902758423859,0.05753481065683636,0.01853283721904166,true
10.525,11.40480804306347,0.028105828365577356,0.22590040884037932,0.24916783653057512,-0.00015951748389608918,-0.003970322021510604,0.002000646841034303,-0.001110230420478956,-0.000890416420555347,0.002464384166699906,0.07520787080830464,1.3158368137466334,17.49599875125484,-2.448722245079578,1.6179228977493354,0.8506346646817201,0.0013670083766195698,0.05700911801942592,0.018368736175120266,true
10.575000000000001,11.40480804306347,0.027708543617464096,0.22585512521840662,0.24888800982512782,-0.00015825239525356236,-0.003975652345245566,0.0020031223626332927,-0.0011186547008859864,-0.0008844676617473064,0.0024295493192730004,0.07504002791692169,1.3151832207458296,17.52642232758622,-2.4629092550283262,1.6266721506870467,0.851898767070201,0.0013429742548157924,0.05648230713145548,0.018204196266026592,true
10.625,11.40480804306347,0.027310979550939307,0.22577335681429642,0.24857231712232847,-0.00015695197253545672,-0.003980978071826454,0.002005390265606222,-0.0011269116590343568,-0.0008784786065718652,0.0023946899805604486,0.0748706100221799,1.3145260620117611,17.557304015852708,-2.477259607385241,1.6354123288795002,0.8531468644291158,0.0013190931765796933,0.055954485703202037,0.018039250970485546,true
10.675,11.40480804306347,0.026913269127226802,0.22565502197487253,0.2482207045978708,-0.00015561709832600734,-0.003986299341680565,0.0020074524588535995,-0.0011350018023533251,-0.0008724506565002744,0.0023598178089104926,0.07469962490248784,1.3138653729230267,17.588647528526867,-2.4917745881582616,1.6441429211299572,0.8543791362858357,0.0012953703162557942,0.055425761845669996,0.017873933941209206,true
10.725,11.40480804306347,0.02651554529998737,0.22550005877950727,0.24783313826869602,-0.00015424867838438472,-0.003991616288234335,0.0020093108946968937,-0.0011429256821455353,-0.0008663852125513584,0.002324944462008233,0.074527080709641,1.313201189324009,17.620456575245008,-2.5064554910417454,1.652863412807075,0.8555957605362376,0.001271810752680596,0.054896244000285484,0.0177082789831654,true
10.775,11.40480804306347,0.02611794089948321,0.22530842518927113,0.24740960411788332,-0.00015284764074938563,-0.0039969290368381,0.00201096756742381,-0.0011506838928944394,-0.0008602836745293706,0.002290081586718895,0.07435298596873367,1.3125335475027948,17.65273486198296,-2.521303617531071,1.6615732858623198,0.8567969134319107,0.0012484194656065405,0.054366040872758134,0.01754232003318015,true
10.825000000000001,11.40480804306347,0.025720588516709813,0.22508009917713975,0.2469501082004441,-0.0001514149348186306,-0.00400223770366956,0.002012424511832026,-0.001158277071557249,-0.0008541474402747771,0.0022552408089282446,0.07417734957626786,1.3118624841724007,17.685486090650443,-2.536320277043056,1.6702720189344977,0.8579827695802835,0.0012252013321745916,0.053835261361920204,0.017376091137845686,true
10.875,11.40480804306347,0.02532362038750315,0.22481507883815602,0.24645467672936383,-0.00014995153040468933,-0.004007542394616225,0.0020136838017694543,-0.001165705896842352,-0.0008479779049271022,0.002220433723380838,0.07400018079950793,1.311188036449807,17.71871395831138,-2.5515067870138033,1.678959087385989,0.8591535019358717,0.0012021611235584022,0.0533040144925117,0.01720962643266817,true
10.925,11.40480804306347,0.024927168276890663,0.2245133824798072,0.24592335614174315,-0.00014845841677111577,-0.004012843204137835,0.0020147475486661823,-0.0011729710884689302,-0.0008417764601972521,0.0021856718835396483,0.07382148927527069,1.3105102418326355,17.752422156452496,-2.5668644730368677,1.6876339633632609,0.8603092817956413,0.001179303501656138,0.05277240934658972,0.017042960120737773,true
10.975,11.40480804306347,0.024531363363749083,0.22417504869153265,0.24535621314407385,-0.0001469366016581598,-0.00401814021410909,0.0020156179000437404,-0.0011800734064014544,-0.000835544493642286,0.0021509667914725956,0.07364128500789816,1.3098291381816953,17.786614370474577,-2.5823946689402355,1.6962961158992047,0.8614502788005045,0.0011566330159527205,0.05224055499319645,0.016876126450742057,true
11.025,11.40480804306347,0.024136336125996947,0.22380013639395763,0.24475333473709218,-0.00014538711028048033,-0.004023433492643242,0.002016297038031931,-0.0011870136500742362,-0.0008292833879576949,0.0021163298877859616,0.07345957836770756,1.3091447636969142,17.821294278928335,-2.5980987169262697,1.7049450109867328,0.8625766609333659,0.0011341541004394446,0.05170856041978323,0.016709159695541813,true
11.075000000000001,11.40480804306347,0.02374221622655779,0.22338872486755434,0.2441148282203308,-0.00014381098430642306,-0.004028723092897775,0.002016787177884425,-0.0011937926576017894,-0.0008229945202826356,0.0020817725416253778,0.07327638008982425,1.308457156895027,17.856465552625327,-2.6139779676639927,1.713580111622627,0.8636885945138816,0.0011118710707234151,0.051176534465331394,0.016542094131227855,true
11.125,11.40480804306347,0.023349132400159865,0.22294091376033448,0.24344082117582563,-0.0001422092808208653,-0.004034009051862745,0.0020170905664920295,-0.0012004113049744354,-0.0008166792615175941,0.002047306040750161,0.07309170127000324,1.3077663565936366,17.892131854513867,-2.6300337803910976,1.7222008780148972,0.8647862442146926,0.0010897881211783134,0.05064458574583553,0.016374964013614622,true
11.175,11.40480804306347,0.022957212341243108,0.22245682307499548,0.2427314614313466,-0.00014058307125892718,-0.004039291389132895,0.002017209480917812,-0.001206870505251473,-0.000810338975666339,0.002012941581704739,0.07290555336509916,1.3070724018807847,17.928296838173335,-2.646267523038544,1.7308067675382457,0.8658697730454845,0.0010679093223141217,0.05011282259326213,0.016207803559129624,true
11.225,11.40480804306347,0.0225665825930876,0.22193659313523087,0.2419869170034455,-0.00013893344032548313,-0.004044570105665202,0.002017146226935656,-0.0012131712077428725,-0.0008039750191927836,0.0019786902600971742,0.07271794818796518,1.3063753321012335,17.964964147839346,-2.662680572315865,1.7393972349876996,0.8669393423754748,0.001046238618189708,0.04958135298014232,0.01604064692089487,true
11.275,11.40480804306347,0.022177368438354852,0.22138038453120062,0.24120737601964837,-0.00013726148489666862,-0.004049845182522429,0.0020169031375770617,-0.0012193143971819924,-0.0007975887403950694,0.0019445630610015721,0.07252889790767632,1.3056751868271468,18.002137416856524,-2.679274313808183,1.7479717325313462,0.8679951119180592,0.0010247798240730394,0.04905028445947151,0.015873528169801452,true
11.325000000000001,11.40480804306347,0.02178969379115473,0.22078837804435258,0.2403930466203998,-0.00013556831290377892,-0.0040551165796046534,0.002016482571688847,-0.0012253010928909105,-0.0007911814787979364,0.001910570849494259,0.07233841504502421,1.3049720058392262,18.039820267377955,-2.6960501420909795,1.7565297099446993,0.8690372397510638,0.0010035366241104547,0.048519724092724446,0.015706481271619496,true
11.375,11.40480804306347,0.021403681090789738,0.22016077455095096,0.23954415684008779,-0.00013385504221225195,-0.004060384234369675,0.0020158869124823455,-0.0012311323479287008,-0.0007847545645536446,0.001876724361337032,0.07214651247193515,1.3042658291002889,18.078016308933098,-2.7130094607948143,1.7650706145819712,0.8700658823046796,0.0009825125692769238,0.047989778389423796,0.015539540067833596,true
11.425,11.40480804306347,0.02101945119737284,0.21949779490497004,0.23866095446739627,-0.0001321227994893594,-0.004065648060543695,0.002015118566083478,-0.0012368092482275043,-0.0007783093178559738,0.0018430341938246912,0.07195320340654487,1.303556696736078,18.116729138115154,-2.730153682720586,1.7735938916392882,0.8710811943852959,0.0009617110753187589,0.04746055323616387,0.0153727382529682,true
11.475,11.40480804306347,0.020637123289404202,0.2187996797998753,0.23774370688483196,-0.00013037271906467596,-0.004070907946823491,0.0020141799600817394,-0.0012423329117155146,-0.0007718470483662249,0.0018095107968043292,0.07175850128450867,1.3028446492994188,18.15596237348785,-2.747484230738016,1.7820989917985777,0.8720833300632556,0.0009411354175374514,0.04693215350818272,0.015206109247517289,true
11.525,11.40480804306347,0.020256814763594512,0.21806668960986564,0.23679270088791568,-0.0001286059417795037,-0.004076163755571547,0.0020130735420871033,-0.0012477044874315277,-0.0007653690546555755,0.0017761644638916065,0.07156242024830138,1.3021297266338925,18.195719514737906,-2.765002534564281,1.7905853419259783,0.8730724392208791,0.0009207887425162484,0.046404684277408036,0.015039686595410608,true
11.575000000000001,11.40480804306347,0.01987864113701482,0.21729910421069415,0.2358082424843289,-0.00012682361382673765,-0.004081415321505652,0.0020118017782982814,-0.0012529251546330232,-0.0007588766236652582,0.0017430053238910257,0.07136497442448625,1.3014119694757509,18.236004145882795,-2.7827100356405507,1.7990523881326603,0.8740486726209611,0.0009006740468832682,0.04587824888724782,0.014873503331891812,true
11.625,11.40480804306347,0.019502715951735687,0.21649722278020117,0.23479065667317953,-0.00012502688558261506,-0.004086662450384603,0.0020103671520840362,-0.0012579961218988005,-0.0007523710301852358,0.0017100433324344687,0.0711661783866086,1.3006914183821048,18.276819802183688,-2.8006081840611983,1.8074995681492376,0.8750121786337728,0.0008807941887608038,0.045352950100114454,0.014707592360937322,true
11.675,11.40480804306347,0.01912915068215073,0.21566136357894422,0.23374028720480566,-0.0001232169104269035,-0.004091904917691705,0.0020087721625868596,-0.0012629186262311499,-0.0007458535363557097,0.0016772882638551106,0.07096604703777995,1.2999681139661194,18.31817000141011,-2.818698439373272,1.8159263182482788,0.875963104049042,0.0008611518833937258,0.044828889740744726,0.014541986338391237,true
11.725,11.40480804306347,0.018758054645066233,0.2147918637116062,0.2326574963220016,-0.00012139484355532711,-0.00409714246731803,0.0020070193233486626,-0.0012676939321576545,-0.0007393253911910081,0.00164474970330387,0.07076459560692905,1.299242096876517,18.36005824287222,-2.836982270606311,1.8243320734101505,0.8769015940873257,0.0008417497020724473,0.044306168636306605,0.01437671765254761,true
11.775,11.40480804306347,0.018389534912634016,0.21388907886886624,0.23154266448226618,-0.00011956184078821814,-0.004102374810247481,0.0020051111609534007,-0.0012723233308304027,-0.000732787830122998,0.0016124370391151592,0.07056183964502334,1.2985134077772151,18.40248800640217,-2.855461156290807,1.832716267489351,0.8778277924113109,0.0008225900712108094,0.04378488655792056,0.014211818405134864,true
11.825000000000001,11.40480804306347,0.018023696228211906,0.2129533830502478,0.23039619006149753,-0.00011771905737759522,-0.004107601623245621,0.002003050213683045,-0.0012768081391210761,-0.0007262420745619688,0.0015803594554293368,0.07035779502116378,1.2977820873272696,18.445462751311265,-2.8741365844666222,1.8410783333881726,0.8787418411378076,0.0008036752715753415,0.043265142163397996,0.014047320392638039,true
11.875,11.40480804306347,0.01766064092522364,0.21198516826813313,0.2292184890393512,-0.00011586764682051808,-0.004112822547554278,0.002000839030176251,-0.0012811496987068308,-0.0007196893314694204,0.0015485259250781547,0.07015247791855543,1.2970481761612644,18.488985915324218,-2.893010052679187,1.8494177032372943,0.8796438808503443,0.0007850074376672335,0.04274703294125741,0.013883255087978316,true
11.925,11.40480804306347,0.017300468849193257,0.21098484423324199,0.2280099946663054,-0.00011400875967394719,-0.0041180371875937745,0.0019984801680974188,-0.0012853493751510004,-0.0007131307929464183,0.001516945202748554,0.06994590483008667,1.2963117148709578,18.533060913572736,-2.912083067962935,1.8577338085994566,0.8805340506140534,0.0007665885572519162,0.04223065515543378,0.013719653622357214,true
11.975,11.40480804306347,0.016943277282922258,0.20995283802191805,0.2267711571130739,-0.00011214354237462499,-0.004123245109675281,0.001995976192814373,-0.0012894085569780506,-0.0007065676358363224,0.0014856258184220248,0.06973809255378513,1.2955727439870994,18.577691137564393,-2.931357146816672,1.8660260806806388,0.881412487991046,0.0007484204710369224,0.04171610379139405,0.013556546767502758,true
12.025,11.40480804306347,0.01658916087509235,0.20888959372571797,0.22550244310261836,-0.0001102731360696219,-0.004128445840724787,0.001993329676078723,-0.00129332865473998,-0.0007000010213387428,0.0014545760711143281,0.06952905818787532,1.2948313039630754,18.62287995422426,-2.9508338151587745,1.8742939505662866,0.8822793290580747,0.0007305048725016657,0.04120347250307813,0.013393964918122104,true
12.075000000000001,11.40480804306347,0.01623821157234192,0.20779557208368998,0.22420433552535354,-0.00010839867544804525,-0.004133638867021268,0.0019905431947295294,-0.0012971111000848004,-0.000693432094644729,0.0014238040229198052,0.06931881912563223,1.2940874351593816,18.668630704946082,-2.970514608268586,1.8825368494710497,0.883134708425135,0.0007128433078761572,0.04069285356118997,0.013231938074736958,true
12.125,11.40480804306347,0.015890518555033116,0.2066712500981804,0.22287733303840845,-0.00010652128757979596,-0.0041388236329510785,0.0019876193294162173,-0.0013007573448254026,-0.0006868619845908147,0.0013933174933792862,0.06910739305003159,1.2933411778296602,18.714946704664747,-2.990401070703467,1.8907542090042055,0.8839787592551632,0.0006954371762745988,0.0401843378029055,0.013070495826921035,true
12.175,11.40480804306347,0.01554616817664443,0.20551712063438018,0.22152194964934527,-0.00010464209076382696,-0.004143999539780958,0.0019845606633403685,-0.0013042688600089622,-0.0006802918033314064,0.0013631240541658904,0.06889479792838224,1.2925925721073885,18.76183124088801,-3.010494756196489,1.8989454614382748,0.884811613283493,0.0006782877299805603,0.0396780145834611,0.012909667337095629,true
12.225,11.40480804306347,0.015205243907060167,0.20433369200470797,0.2201387142852554,-0.00010276219338308082,-0.004149165944452157,0.0019813697810260973,-0.0013076471349920975,-0.0006737226460339998,0.0013332310241125156,0.06868105200674962,1.2918416579944283,18.809287572756933,-3.0307972275252126,1.9071100399956735,0.8856334008385727,0.0006613960748844252,0.0391739717292244,0.012749481324750053,true
12.275,11.40480804306347,0.014867826279610767,0.20312148753822207,0.2187281703477298,-0.00010088269277060165,-0.004154322158398274,0.0019780492671151013,-0.0013108936765202205,-0.0006671555905948807,0.0013036454645682129,0.06846617380448537,1.291088475349967,18.857318930028843,-3.0513100563587616,1.9152473791322044,0.8864442508617578,0.000644763171069721,0.03867229549298476,0.012589966051334226,true
12.325000000000001,11.40480804306347,0.014533992841889373,0.2018810451354783,0.21729087525387436,-9.900467409238784e-5,-0.004159467446389583,0.0019746017051777225,-0.0013140100078071133,-0.0006605916973706093,0.0012743741750856656,0.06825018210859315,1.2903330638807264,18.905928512068613,-3.072034823081814,1.9233569148340357,0.8872442909278803,0.0006283898335418896,0.03817307051086765,0.012431149305627663,true
12.375,11.40480804306347,0.014203818110452031,0.200612916809647,0.21582739996407424,-9.712920924674826e-5,-0.004164601025406438,0.0019710296765419553,-0.0013169976676159852,-0.0006540320089259701,0.0012454236894492011,0.06803309596780131,1.2895754631330436,18.955119486894638,-3.092973116592343,1.931438084938231,0.8880336472675154,0.0006122767330966728,0.03767637976062886,0.012273058389504564,true
12.425,11.40480804306347,0.013877373529227393,0.19931766821424024,0.21433832849714757,-9.525735578110073e-5,-0.004169722063544872,0.001967335759142466,-0.0013198582093434299,-0.0006474775497990362,0.0012168002720280562,0.06781493468664591,1.288815712485064,19.004894990171792,-3.1141265340851563,1.9394903294567527,0.8888124447889111,0.0005964243973220849,0.037182304522023674,0.012115720104329552,true
12.475,11.40480804306347,0.01355472743185011,0.19799587815812356,0.21282425743318753,-9.339015583130653e-5,-0.00417482967895713,0.0019635225263834994,-0.0013225932001035394,-0.00064092932627996,0.0011885099144736807,0.06759571781913558,1.2880538511412625,19.055258124304274,-3.1354966808080555,1.9475130909324585,0.8895808071023122,0.0005808332117333656,0.036690924338352984,0.011959160737684727,true
12.525,11.40480804306347,0.01323594500784999,0.1966481381083976,0.2112857954048333,-9.15286350822963e-5,-0.004179922938829951,0.0019595925460211194,-0.0013252042198152116,-0.0006343883262059078,0.0011605583327551259,0.06737546516214724,1.2872899181283708,19.106211957577603,-3.1570851697975897,1.9555058148183793,0.8903388565457044,0.0005655034210359077,0.036202316979560806,0.01180340605055504,true
12.575000000000001,11.40480804306347,0.012921088272815132,0.19527505168186626,0.20972356257797925,-8.967380175061038e-5,-0.0041850008584039255,0.0019555483790692596,-0.001327692860295293,-0.0006278555187739666,0.001132950964542878,0.06715419674887807,1.286523952292225,19.157759523253006,-3.1788936215865253,1.963467949859233,0.8910867142099173,0.0005504351305220511,0.03571655840761348,0.01164848126521274,true
12.625,11.40480804306347,0.012610216042619193,0.19387723412616664,0.20813819012248275,-8.78266455913066e-5,-0.004190062400036362,0.0019513925787294952,-0.0013300607243578798,-0.0006213318543716155,0.0011056929669490461,0.06693193284175367,1.2857559922977049,19.209903818818468,-3.200923663878489,1.9713989485181327,0.8918244999671034,0.0005356283075923212,0.03523372274290936,0.01149441105338773,true
12.675,11.40480804306347,0.012303383911534344,0.19245531179088918,0.206530319673896,-8.598813692928999e-5,-0.004195106472311248,0.0019471276893494715,-0.0013323094249226516,-0.0006148182644268199,0.0010787892146082545,0.06670869392559407,1.2849860766285923,19.262647805124885,-3.2231769311992697,1.979298267393684,0.8925523324973541,0.0005210827834026076,0.03475388223343246,0.01134121952529455,true
12.725,11.40480804306347,0.012000644234420179,0.19100992158958624,0.2049006027866852,-8.415922571945279e-5,-0.004200131929199325,0.001942756245403239,-0.0013344405841292724,-0.0006083156612739667,0.001052244298115925,0.066484500700528,1.2842142435899153,19.315994405591084,-3.24565506450996,1.9871653676628542,0.8932703293167843,0.0005067982546344482,0.03427710722558242,0.011188930219161026,true
12.775,11.40480804306347,0.011702046112749782,0.1895417104530156,0.2032497003791966,-8.234084063817385e-5,-0.004205137569271467,0.0019382807704914928,-0.0013364558324572041,-0.0006018249380342886,0.0010260625228030117,0.06625937407454312,1.2834405313121457,19.36994650550501,-3.268359710796853,1.9949997155569248,0.893978606807658,0.0004927742853751417,0.03380346613646948,0.011037566091194193,true
12.825000000000001,11.40480804306347,0.01140763538451971,0.18805133477506258,0.20157828217225554,-8.053388820414403e-5,-0.00421012213496871,0.0019337037763688552,-0.0013383568078549036,-0.0005953469685139516,0.0010002479078512821,0.06603333515620385,1.2826649777556711,19.424506951246492,-3.291292522635973,2.0028007828385657,0.8946772802475712,0.0004790103091118789,0.033333025428777245,0.010887149506349211,true
12.875,11.40480804306347,0.011117454617847997,0.18653945985083736,0.19988702612028358,-7.87392519343672e-5,-0.004215084311932607,0.0019290277619891248,-0.0013401451548742478,-0.000588882607114877,0.0009748041857319778,0.0658064052467908,1.2818876207172045,19.479678549676116,-3.314455157743664,2.01056804732589,0.8953664638418154,0.00046550563082200255,0.032865849586677286,0.01073770222940384,true
12.925,11.40480804306347,0.010831543108379225,0.1850067593086866,0.19817661783707607,-7.695779153521898e-5,-0.004220022728398997,0.0019242552125718236,-0.0013418225238121888,-0.0005824326887596347,0.000949734801978284,0.06557860583233385,1.281108497837187,19.535464067543963,-3.3378492785049043,2.0183009934375593,0.8960462707564479,0.0004522594291665788,0.03240200109379178,0.010589245416667349,true
12.975,11.40480804306347,0.010549936880354997,0.18345391453668475,0.19644775001673748,-7.519034212768068e-5,-0.004224935954658988,0.001919388598697469,-0.0013433905698637895,-0.0005759980288336795,0.0009250429152791909,0.06534995857546813,1.2803276466075844,19.591866230932997,-3.3614765514920912,2.025999112763982,0.8967168131524701,0.0004392707587773608,0.03194154041305634,0.010441799608278885,true
13.025,11.40480804306347,0.010272668691387668,0.18188161410374964,0.1947011218498268,-7.343771351089759e-5,-0.004229822502590429,0.0019144303754269833,-0.0013448509522847136,-0.0005695794231422697,0.0009007313978980662,0.06512048530697319,1.2795451043810588,19.648887724797767,-3.3853386469669715,2.033661904671852,0.8973782022216735,0.00042653855263647463,0.03148452596822818,0.010295384721010662,true
13.075000000000001,11.40480804306347,0.009999768040870431,0.18029055317739306,0.19293743843697408,-7.17006894635178e-5,-0.004234680825263335,0.001909382981450742,-0.0013462053335663625,-0.0005631776478843794,0.0008768028364100701,0.06489020801733539,1.278760908379871,19.70653119247592,-3.409437238373856,2.0412888769265263,0.8980305482227366,0.0004140616245459919,0.031031014127699583,0.010150020041797053,true
13.125,11.40480804306347,0.00973126118218159,0.1786814329378772,0.19115741019955113,-6.998002708647991e-5,-0.004239509316622484,0.0019042488382641585,-0.0013474553786225058,-0.0005567934596416527,0.0008532595327722549,0.06465914884807351,1.2779750957067293,19.76479923528727,-3.4337740018037035,2.048879546345421,0.898673960518678,0.0004018386716901037,0.030581059190116652,0.010005724221821591,true
13.175,11.40480804306347,0.009467171138385501,0.17705495999027537,0.1893617522889401,-6.82764561870383e-5,-0.004244306311250358,0.0018990303493725872,-0.0013486027539892104,-0.0005504275953833767,0.0008301035057002593,0.06442733008291042,1.2771877033555807,19.82369441216934,-3.458350615455987,2.05643343948278,0.8993085476156195,0.00038986827727588647,0.030134713371944708,0.009862515271215358,true
13.225,11.40480804306347,0.009207517721639195,0.17541184577467583,0.18755118399483525,-6.659067870811289e-5,-0.004249070084213712,0.0018937298995200871,-0.00134964912703576,-0.0005440807724843271,0.0008073364923699271,0.06419477413903318,1.2763987682233453,19.88321923929381,-3.4831687590703044,2.06395009332532,0.8999344172010953,0.00037814891326323855,0.029692026797434077,0.009720410554512997,true
13.275,11.40480804306347,0.008952317555975909,0.17375280597551673,0.18572642815304288,-6.492336820332162e-5,-0.004253798850996519,0.001888349853941254,-0.0013505961651865072,-0.0005377536887547468,0.0007849599504150188,0.06396150355778636,1.2756083271228333,19.943376189872993,-3.50823011335934,2.0714290560504907,0.9005516761861965,0.0003666789431613367,0.029253047489736696,0.00957942678646017,true
13.325000000000001,11.40480804306347,0.0087015841034642,0.17207855993032928,0.1838882105535043,-6.327516935957344e-5,-0.0042584907675226385,0.0018828925576339025,-0.0013514455351529807,-0.0005314470224809219,0.0007629750602209039,0.063727540995348,1.274816416795453,20.00416769397257,-3.5335363594365745,2.078869887805501,0.9011604307479221,0.00035545662489728884,0.0288178213642076,0.00943958002851447,true
13.375,11.40480804306347,0.00845532769363391,0.1703898300391714,0.18203725934936837,-6.164669756684393e-5,-0.004263143930270937,0.0018773603346573103,-0.0013521989021789177,-0.0005251614324783926,0.0007413827275046977,0.06349290921281285,1.2740230739249185,20.065596138534175,-3.559089178252355,2.086272161555457,0.9017607863756458,0.0003444801137441689,0.02838639222283267,0.00930088568569274,true
13.425,11.40480804306347,0.008213555556006022,0.1686873411749572,0.18017430446787042,-6.003853853394315e-5,-0.004267756376486085,0.0018717554874622053,-0.001352857929301773,-0.0005188975581604323,0.0007201835861675547,0.06325763106643072,1.2732283351485587,20.127663867327936,-3.5848902500521156,2.093635463942811,0.9023528479168416,0.00033374746530868006,0.027958801751128606,0.009163358504213284,true
13.475,11.40480804306347,0.007976271855644698,0.16697182009579972,0.17830007702367145,-5.845124795583378e-5,-0.0042723260844878055,0.0018660802962405462,-0.0013534242766251002,-0.000512656019615446,0.0006993780014119531,0.06302172949734608,1.2724322370681582,20.190373181074662,-3.6109412538642713,2.100959396211954,0.9029367196263982,0.0003232566385688459,0.0275350895163215,0.009027012569539456,true
13.525,11.40480804306347,0.007743477731673621,0.16524399486000163,0.17641530873548358,-5.688535122746671e-5,-0.004276850974081348,0.0018603370183125057,-0.001353899600610899,-0.0005064374177016068,0.0006789660731188974,0.06278522752115057,1.27163481625862,20.253726337620456,-3.637243867029872,2.1082435751769113,0.9035125052176024,0.00031300549895980147,0.027115292967359622,0.008891861305010608,true
13.575000000000001,11.40480804306347,0.007515171338641265,0.16350459424454514,0.17452073134713525,-5.534134320814429e-5,-0.004281328907071782,0.0018545278875432445,-0.0013542855533886893,-0.0005002423341545553,0.0006589476394749208,0.06254814821766297,1.2708361092725127,20.317725552003495,-3.6637997647830245,2.1154876342021782,0.9040803079123696,0.0003029918215074683,0.026699447437440318,0.00875791747128717,true
13.625,11.40480804306347,0.007291347890792911,0.16175434716777046,0.17261707605326077,-5.3819688038085355e-5,-0.004285757687884242,0.0018486551137855518,-0.0013545837820797013,-0.0004940713317058505,0.0006393222808539587,0.062310514720252785,1.2700361526433608,20.382372996680783,-3.690610619878158,2.122691224251476,0.9046402304950308,0.00029321329400508835,0.026287586147837154,0.008625193166207275,true
13.675,11.40480804306347,0.0070719997091091835,0.1599939821170458,0.17070507293076156,-5.232081900642862e-5,-0.004290135064292024,0.0018427208823524272,-0.0013547959281386386,-0.00048792495421378854,0.0006200893239417959,0.06207235020519301,1.2692349828850915,20.447670801723675,-3.7176781022801126,2.129854014969569,0.9051923753668188,0.0002836675202308044,0.025879740213837488,0.008493699825325933,true
13.725,11.40480804306347,0.0068571162710811505,0.15822422658201424,0.16878545037636097,-5.084513847196716e-5,-0.0042944587282539625,0.001836727353516698,-0.001354923626711925,-0.0004818037268047729,0.0006012478461004632,0.061833677880711556,1.2684326364887464,20.513621055111493,-3.745003878921602,2.136975695824527,0.9057368446031231,0.0002743520232018157,0.025475938652198483,0.008363448222941272,true
13.775,11.40480804306347,0.00664668426317119,0.15644580649393586,0.16685893455098716,-4.939301783707855e-5,-0.004298726316862444,0.0018306766620373443,-0.0013549685060126662,-0.000475708156024678,0.0005827966799681277,0.06159452097602656,1.267629149915373,20.580225803018287,-3.772589613531844,2.1440559772890513,0.9062737400117696,0.00026526424846540057,0.02507620839057106,0.008234448473757582,true
13.825000000000001,11.40480804306347,0.006440687635946317,0.15465944567194306,0.16492624883149046,-4.7964797574617885e-5,-0.0043029354134025,0.0018245709167128248,-0.0013549321867128287,-0.0004696387299999961,0.0005647344182933105,0.061354902729947015,1.2668245595867056,20.64748705026265,-3.8004369665389865,2.1510945920980946,0.9068031631950835,0.0002564015674220438,0.024680574278174897,0.008106710034948202,true
13.875,11.40480804306347,0.006239107661703198,0.15286586527713525,0.1629881132708771,-4.6560787306939255e-5,-0.004307083548522816,0.001818412199964934,-0.001354816281354798,-0.0004635959186101361,0.0005470594189875815,0.06111484637943884,1.2660189018709587,20.715406760752188,-3.8285475950694807,2.1580912965558463,0.9073252156135532,0.00024776128067640203,0.024289059098349282,0.007980241708828549,true
13.925,11.40480804306347,0.0060419229945590635,0.15106578327457365,0.16104524406702622,-4.518126593802271e-5,-0.0043111682015185065,0.001812202567448907,-0.0013546223937805303,-0.00045758017366837674,0.0005297698103944702,0.06087437514801795,1.2652122130645316,20.783986857986278,-3.856923153043864,2.1650458719015075,0.9078399986517323,0.00023934062141458057,0.02390168358271505,0.007855051646051643,true
13.975,11.40480804306347,0.005849109732771592,0.14925991390387736,0.15909835304055964,-4.382648183753659e-5,-0.00431518680172565,0.0018059440476903576,-0.0013543521185789527,-0.0004515919291114049,0.0005128634967538173,0.06063351223397997,1.2644045293676889,20.85322922558817,-3.8855652914046392,2.171958125737281,0.9083476136865398,0.00023113675879831414,0.023518466426915612,0.007731147349319785,true
14.025,11.40480804306347,0.005660641483323297,0.14744896715898448,0.157148147122332,-4.2496653076148574e-5,-0.004319136730026955,0.0017996386417487918,-0.0013540070405518383,-0.0004456316011969535,0.0004963381638646836,0.06039228079827893,1.2635958868554522,20.92313570795727,-3.9144756584733074,2.1788278935369916,0.9088481621591962,0.00022314680137580788,0.02313942430761871,0.00760853567750631,true
14.075000000000001,11.40480804306347,0.00547648942856926,0.14563364827792763,0.1551953278515205,-4.1191967712479735e-5,-0.004323015320467486,0.0017932883228978574,-0.001353588734193582,-0.0004396995887042754,0.00048019128492917697,0.06015070395233712,1.2627863214412514,20.993708110912085,-3.94365590046485,2.185655040218334,0.9093417456494084,0.000215367800504278,0.02276457190117911,0.0074872228503231365,true
14.125,11.40480804306347,0.005296622394889035,0.14381465724154652,0.15324059088283692,-3.991258413201814e-5,-0.004326819861978835,0.0017868950362984136,-0.0013530987631731747,-0.00043379627312523897,0.00046442012657201177,0.05990880474506529,1.2619758688359792,21.064948202625068,-3.9731076621692556,2.1924394618320373,0.9098284659555298,0.00020779675377827556,0.02239392190284106,0.007367214453162991,true
14.175,11.40480804306347,0.0051210069232262975,0.14199268828232098,0.15128462550366503,-3.865863144158442e-5,-0.004330547600209566,0.0017804606986037452,-0.0013525386797882204,-0.0004279220188155247,0.0004490217550255877,0.059666606148398874,1.2611645645046872,21.136857715151443,-4.002832587817999,2.1991810874430913,0.9103084251857366,0.00020043060845714657,0.02202748504549787,0.007248515441791811,true
14.225,11.40480804306347,0.004949607339884645,0.140168429390712,0.14932811414646102,-3.7430209924089585e-5,-0.004334195739460058,0.001773987197352196,-0.0013519100243184297,-0.00042207717303376644,0.0004339930423375298,0.05942413103751081,1.260352443620438,21.209438347947483,-4.032832322416075,2.2058798814528653,0.9107817258771955,0.00019326626481925918,0.02166527011249385,0.007131130145086758,true
14.275,11.40480804306347,0.004782385831489487,0.13834256184407787,0.1473717319198894,-3.622739158375105e-5,-0.00433776144471432,0.0017674763898738767,-0.0013512143241415741,-0.00041626206573230256,0.0004193306729435211,0.059181402162254974,1.2595395410700982,21.28269177565066,-4.063108512884541,2.212535846908105,0.9112484711799363,0.0001863005795666302,0.021307283940358475,0.007015062264391252,true
14.325000000000001,11.40480804306347,0.004619302503329609,0.13651575960081475,0.14541614598690894,-3.505022072993292e-5,-0.0043412418437786615,0.0017609301012959577,-0.0013504530924019677,-0.00041047700889398995,0.0004050311487828259,0.05893844208266595,1.2587258913981727,21.356619668241443,-4.093662812861948,2.219149030986597,0.9117087651846194,0.00017953036844766014,0.02095353137301164,0.006900314857056804,true
14.375,11.40480804306347,0.004460315495058221,0.1346886891139961,0.1434620153665157,-3.38987149211045e-5,-0.004344634029463183,0.0017543501207884984,-0.0013496278258047867,-0.00040472229498371166,0.00039109079944322557,0.05869527310579446,1.257911529350277,21.43122372193366,-4.124496877514721,2.225719534179125,0.9121627134914507,0.00017295241082746567,0.020604015227689385,0.006786890322971248,true
14.425,11.40480804306347,0.004305380845813224,0.13286200708546175,0.14150998852367394,-3.2772865053093174e-5,-0.004347935062028828,0.0017477381959534858,-0.001348740001468692,-0.00039899819448479374,0.00037750577033445154,0.058451916932903636,1.257096488694723,21.50650576845463,-4.155612408470771,2.2322475284100354,0.9126104243662411,0.0001665634444138711,0.020258735855261976,0.006674790260502629,true
14.475,11.40480804306347,0.004154453321084925,0.13103636628514304,0.13956070943899812,-3.167263973927926e-5,-0.004351141970975227,0.0017410960204764002,-0.0013477910704649335,-0.00039330495001146677,0.0003642720951898624,0.058208395058647125,1.256280809231774,21.582467751705305,-4.187011006276152,2.2387332784426204,0.9130520100704821,0.0001603601960385645,0.019917691810018807,0.006564015675315005,true
14.525,11.40480804306347,0.004007483358467045,0.12921238684514696,0.1376147870692621,-3.05979725952651e-5,-0.004354251759777672,0.0017344252322599697,-0.0013467824563722646,-0.0003876427758877051,0.00035138542826281417,0.05796472520753753,1.2554645129647874,21.659112649455487,-4.2186948382775045,2.2451772206353224,0.9134875919984426,0.00015433926414605082,0.019580874953720157,0.006454565403611619,true
14.575000000000001,11.40480804306347,0.0038644293496075816,0.12739077059449466,0.13567291616585098,-2.9548820902122925e-5,-0.004357261399317992,0.0017277273371780217,-0.0013457155175760622,-0.00038201181960195946,0.0003388421212365753,0.05772093366101913,1.254647706099623,21.736441642955068,-4.250663985119692,2.2515798725838834,0.9139172942874965,0.0001484975853273448,0.019248287786933146,0.006346441670013039,true
14.625,11.40480804306347,0.0037252091526634957,0.12557181700596087,0.13373536410655149,-2.8524928782850925e-5,-0.004360167865840584,0.001721003951834785,-0.0013445916653651365,-0.0003764122864696486,0.00032663497172398347,0.05747699828026149,1.2538301862783916,21.81446881002094,-4.282927450756366,2.2579426843004784,0.9143413002216607,0.0001428305768461325,0.018919865674127578,0.006239625035425762,true
14.675,11.40480804306347,0.0035898913474692743,0.12375743437266881,0.13180410253442254,-2.7526810494272503e-5,-0.004362968005739164,0.0017142555525118549,-0.001343411750233974,-0.0003708438022778809,0.00031476999296386105,0.05723308678102784,1.2530129985807292,21.893157770342203,-4.315458335564461,2.264264580640714,0.9147596221576272,0.00013733947401154667,0.01859579862848685,0.006134178210812188,true
14.725,11.40480804306347,0.003457943764394125,0.12194274456195095,0.12987390094830534,-2.6551683590557685e-5,-0.0043656590710182816,0.001707487096712617,-0.001342178824299167,-0.00036530827241345004,0.0003032005230896705,0.05698852899974888,1.252192406959937,21.97270975296546,-4.34837672404485,2.2705590080951477,0.915173223679227,0.00013200236154420426,0.018275166303254445,0.006029804665749924,true
14.775,11.40480804306347,0.003331177448120887,0.12015106412671564,0.12796946422453478,-2.561000485526607e-5,-0.0043682366776519365,0.0017006821310993712,-0.001340885387163249,-0.00035979674393612224,0.0002920853586963216,0.05674621564603782,1.2513830511883912,22.052273212262502,-4.3812075568596605,2.2767745035428453,0.915578821389075,0.00012688812182665998,0.01796169454275574,0.005927713943526847,true
14.825000000000001,11.40480804306347,0.0032023143996974812,0.11828818554919646,0.12599059644423788,-2.4652561610738035e-5,-0.004370702599698762,0.0016939212419403266,-0.0013395718550496625,-0.00035434938689066415,0.0002807863479688432,0.056493719687108125,1.250530271784142,22.135739666466204,-4.415884271695195,2.2831683995372534,0.9159931653318026,0.00012170935213223503,0.017639426941676528,0.005822722200178135,true
14.875,11.40480804306347,0.003099864604151934,0.1167492118443658,0.12435762570130206,-2.380133870343023e-5,-0.0043730356966202345,0.0016868421260592464,-0.0013380595571704694,-0.00034878256888877697,0.0002718033124667369,0.0562843780086892,1.2498314655037255,22.205654743324626,-4.4447241552114765,2.288556038978816,0.9163400402664792,0.00011756310076779444,0.017375648218758193,0.005736742470482525,true
14.925,11.40480804306347,0.0029075153982771745,0.11388773927371784,0.12131809319094683,-2.2906047612504773e-5,-0.0043753051886696375,0.0016796913076000195,-0.00133646350181098,-0.00034322780578903964,0.0002549376883239659,0.05588915801206913,1.2485328479741495,22.3394463681942,-4.499390596858638,2.2984881406348263,0.9169741392362036,0.00011008611265808256,0.016885981500875537,0.005577031233111262,true
14.975,11.40480804306347,0.002796745023065194,0.11210799481833271,0.11943236342901803,-2.1877228783502313e-5,-0.004377448293437986,0.0016733158565508178,-0.0013352157235138064,-0.00033810013303701134,0.00024522508511366005,0.05564636134805132,1.2476951041586166,22.42186324375564,-4.5340771566947895,2.304392815775245,0.9173478493829654,0.00010561002584443006,0.01659033548378658,0.005480585318647034,true
