r,tau,Dtau,Sr,E,nur,Pi,piR,piEta,piPhi,D,T,mu,alpha,phi,ur,v,n,e,P,ok
0.024999999999999994,2.204798843054574,0.3685718737385162,0.0,13.014900990644838,-4.954749855441325e-6,-0.003391698206153145,0.3603259869972672,-0.7359440630366139,0.37561807603934666,0.16716802755025445,0.2933075154231358,1.5217783134750726,5.188337268752562,0.07425078571087575,0.0,0.0,0.1671680275502544,13.014900990644891,4.274283486885605,true
0.07499999999999998,2.204798843054574,0.3678076690393549,0.06074967790111372,12.977067537632529,-1.489502200807883e-5,-0.00339620728061861,0.35378844226946826,-0.7276324806331929,0.3738440383637246,0.16682141783501053,0.2930917101550581,1.521541358606543,5.191349007454296,0.07349699039644156,0.003453829385965789,0.003453808785892777,0.16682047428703603,12.976857719861334,4.261724130449376,true
0.125,2.204798843054574,0.3676494292260081,0.10114706626496883,12.978090296756857,-2.4738065607769898e-5,-0.003396706616959965,0.360019623252032,-0.7274794563720561,0.3674598331200241,0.16674964719985927,0.2930963398436941,1.5214042909213372,5.190799351956049,0.073028175420928,0.005748170750873316,0.00574807578922953,0.1667470346355706,12.977508895754163,4.261969567737448,true
0.175,2.204798843054574,0.3672816954311154,0.14470377661756612,12.96876654175879,-3.4733063145992295e-5,-0.0033969955412649112,0.36168997514364365,-0.7269702739833109,0.3652802988396673,0.1665828592880953,0.29304084248986934,1.5212022298720607,5.191092876156503,0.07235247377775895,0.008228732239448361,0.0082284536614959,0.16657750553207937,12.96757585343833,4.258720574196862,true
0.22499999999999998,2.204798843054574,0.36686520167131886,0.18579048753131208,12.958455490544214,-4.464710490201351e-5,-0.0033969130378180834,0.36284585065218655,-0.7268235519182925,0.36397770126610596,0.16639395599602919,0.292978911118326,1.5209708683827403,5.191400509262124,0.07157808151683233,0.010573087465394386,0.010572496531271604,0.16638512817569812,12.956491221259318,4.255096138146945,true
0.275,2.204798843054574,0.36632649306033194,0.22709524304685008,12.94543234647719,-5.455241477585231e-5,-0.0033968664032336844,0.3629750692751354,-0.7263707667175779,0.36339569744244254,0.16614962141072953,0.29290072213971435,1.5206681099547905,5.191752682772247,0.07056353362260329,0.012936904529860495,0.012935822082927206,0.16613642508601803,12.942494682817344,4.250521800354151,true
0.325,2.204798843054574,0.3656898615515105,0.26803018816280294,12.930778686015506,-6.440827342628088e-5,-0.003396802886569388,0.3628459014673808,-0.7258115439141293,0.36296564244674845,0.16586087329621246,0.29281246363644003,1.5203024769638067,5.192068869211234,0.06933610923411562,0.015286714324965353,0.015284928510461766,0.1658424815670237,12.926681863750861,4.2453588541851826,true
0.375,2.204798843054574,0.36495097406161847,0.3088640930811501,12.913901183974062,-7.430603759454938e-5,-0.003396736424672739,0.3625373594834469,-0.7251234761429625,0.36258611665951557,0.16552574635607475,0.2927106523063291,1.5198761797420688,5.1924184096705845,0.06790384834122082,0.017639573041669816,0.017636829365341576,0.16550131063973922,12.90845380066739,4.239408230505185,true
0.42500000000000004,2.204798843054574,0.36411286336236554,0.3495076954136125,12.894771527757097,-8.420327937803422e-5,-0.0033966483788616074,0.36216151471767444,-0.7243401421684582,0.3621786274507838,0.16514561612247403,0.29259508481282764,1.5193916655874382,5.1928133603453706,0.0662747482577946,0.01999162659782809,0.019987632816857663,0.1651143072269411,12.887785696274594,4.232661126943735,true
0.475,2.204798843054574,0.363174542142899,0.3899575825385707,12.873307708635771,-9.410611239510396e-5,-0.00339653474942243,0.3617309516381753,-0.7234610217619187,0.3617300701237434,0.1647200347945346,0.2924652459482718,1.5188486351931862,5.193261955855857,0.0644474359066923,0.02234409603695251,0.022338520383273174,0.16468103290234862,12.86459663322971,4.225090721944497,true
0.525,2.204798843054574,0.36213645657915483,0.430182372422579,12.849514606449665,-0.00010400357212279753,-0.003396391084638,0.36125432745234487,-0.7224884200231978,0.3612340925708529,0.164249204738081,0.2923211180300178,1.5182470346261472,5.193764463059565,0.06242119881422127,0.02469649704924178,0.024688969086359258,0.16420170540905488,12.838893847155518,4.216699354142593,true
0.5750000000000001,2.204798843054574,0.3609994329011911,0.4701598248215233,12.823398789510959,-0.0001139031588754146,-0.0033962143653960865,0.3607314174779255,-0.7214217974026709,0.3606903799247454,0.1637335006948094,0.29216268420295033,1.5175870657107315,5.194322025931766,0.06019613955392988,0.027048868968248,0.027038979359655643,0.16367671514462068,12.81068614771199,4.207489821882001,true
0.625,2.204798843054574,0.35976446408845403,0.5098654667789099,12.794974600355943,-0.00012380048523865343,-0.0033960008952433757,0.3601621777521062,-0.7202611862362178,0.36009900848411164,0.16317337303662083,0.29198996792452747,1.5168689504933615,5.194935159160798,0.05777236325366385,0.029401098773401677,0.029388399489332192,0.16310652991373678,12.779990470332542,4.197467605637253,true
0.675,2.204798843054574,0.3584323584016976,0.5492761810448246,12.764256835591276,-0.0001336750132791222,-0.0033957462729579113,0.359546221309821,-0.7190066145568267,0.3594603932470057,0.1625691883551236,0.2918029913123967,1.5160927175229661,5.195603755479932,0.055149254812599594,0.031753138384602836,0.03173714274124578,0.16249153445285963,12.746824379029203,4.186638428273096,true
0.725,2.204798843054574,0.35700390930747933,0.5883693940696707,12.731262260260785,-0.0001435111465378474,-0.003395445279980272,0.3588835750436848,-0.7176583956132245,0.35877482056953974,0.16192130653192774,0.29160178334539005,1.515258325180093,5.196327360540636,0.05232589802792881,0.034104952482781205,0.03408513521896198,0.1618321081519719,12.711207609905305,4.17500874016383,true
0.775,2.204798843054574,0.3554800223756347,0.6271233201117812,12.6960091138677,-0.00015332135047403973,-0.0033950920647013993,0.35817452590124665,-0.7162170301828443,0.3580425042815977,0.16123013829377075,0.2913863762502171,1.5143657727838407,5.197105617194113,0.04930145660449337,0.03645653242034189,0.03643232974174034,0.16112868334735275,12.673161550280764,4.1625855229974285,true
0.8250000000000001,2.204798843054574,0.3538618009499559,0.6655166570883323,12.658517085921364,-0.00016310012378547634,-0.003394680301573,0.35741955473332726,-0.7146831674371128,0.35726361270378554,0.16049618406897767,0.2911568050909083,1.5134151704433836,5.19793851279158,0.04607541437746903,0.03880787745969163,0.03877868709901712,0.16038178271507122,12.63270922371705,4.149376270373679,true
0.8750000000000001,2.204798843054574,0.3521505347972109,0.7035284308838344,12.61880703150515,-0.00017286027036161335,-0.0033942033089283223,0.3566191995983049,-0.7130575315857395,0.3564383319874346,0.15972002883915445,0.29091310629423206,1.5124067374278323,5.198826401097827,0.04264757124859128,0.041158985464275384,0.04112416675846771,0.15959201538474566,12.589875010994271,4.135388896154225,true
0.9249999999999999,2.204798843054574,0.35034760031864487,0.7411378894834307,12.576900831677516,-0.000182609072986739,-0.0033936541002317355,0.3557739747097685,-0.7113408760229332,0.35556690131316465,0.158902296879504,0.2906553175275289,1.5113407212708179,5.199769727686727,0.03901776636081585,0.04350984608769877,0.043468720079721426,0.1587600308769236,12.544684516219203,4.12063170744554,true
0.975,2.204798843054574,0.3484544513301111,0.7783245155960924,12.532821361553175,-0.00019235158185048842,-0.003393025405343097,0.35488433585061896,-0.7095339607907356,0.35464962494011665,0.15804364757709827,0.29038347766993766,1.5102173919886888,5.200769011056706,0.03518585861245965,0.045860440541610696,0.0458122900992766,0.1578865149698146,12.497164533053464,4.105113394879249,true
1.025,2.204798843054574,0.34647261829273635,0.8150680923651932,12.486592543064397,-0.00020209103777663862,-0.00339230967320802,0.3539506902133406,-0.707637553556814,0.35368686334347343,0.15714477508194172,0.2900976272186326,1.509037042343835,5.201824836735209,0.031151727887192556,0.04821074410813468,0.048154814052870455,0.15697218928168136,12.447343090636267,4.088843048051595,true
1.0750000000000002,2.204798843054574,0.3444037056213515,0.8513487858757635,12.438239395385644,-0.00021182931724987667,-0.0033914990686445302,0.3529734232560409,-0.7056524405264724,0.35267901727043144,0.1562064070861936,0.28979780868489985,1.5077999866076361,5.202937846390284,0.026915271178317123,0.050560729591873854,0.05049622683064828,0.15601780997412928,12.395249493982243,4.071830169455634,true
1.125,2.204798843054574,0.3422493881818648,0.8871472052468097,12.387788054844354,-0.00022156740031753104,-0.0033905854707721866,0.35195292354396973,-0.7035794374620385,0.3516265139180688,0.15522930323553027,0.2894840668262067,1.506506559010693,5.204108728772048,0.022476397689269775,0.05291036956956159,0.0528364632289172,0.15502416609613245,12.340914334155894,4.054084678466515,true
1.1750000000000003,2.204798843054574,0.3400114078493367,0.9224444353345824,12.33526576148935,-0.00023130562488403358,-0.0033895604762953606,0.350889595173221,-0.7014193951397307,0.35052979996650974,0.15421425356803883,0.28915644869673207,1.5051571126133192,5.20533821534076,0.017835025421577173,0.05525963720109511,0.05517545876530355,0.1539920779562932,12.284369466584433,4.035616904684707,true
1.225,2.204798843054574,0.3376915704027267,0.9572220528235102,12.28070082994391,-0.00024104372025037196,-0.003388415407027886,0.34978385957223485,-0.6991731997620176,0.3493893401897828,0.15316207710581062,0.28881500361533247,1.5037520186453386,5.20662707900092,0.012991079405056914,0.05760850618089207,0.05751314963658989,0.1529223956428416,12.225647974784597,4.016437576355003,true
1.275,2.204798843054574,0.3352917426481752,0.9914621380586024,12.22412261866554,-0.0002507807443600464,-0.0033871413199726384,0.348636152445128,-0.6968417709954804,0.34820561855035237,0.1520736205501882,0.2884597831295474,1.5022916660889283,5.207976133762288,0.007944490785043303,0.05995695049464358,0.05984947248292932,0.15181599764225562,12.164784132716166,3.9965578082885234,true
1.3250000000000002,2.204798843054574,0.3328138495555515,1.025147287665212,12.165561501843602,-0.0002605150232093423,-0.003385729018812178,0.34744691981007075,-0.6944260595231763,0.3469791397131055,0.150949756983029,0.2880908409992971,1.5007764612842585,5.209386234142446,0.002695196006805196,0.06230494425299596,0.062184364228992615,0.15067378946158252,12.101813369519306,3.9759890905777855,true
1.375,2.204798843054574,0.33025987127047685,1.0582606278082456,12.105048842416142,-0.00027024412909559944,-0.003384169066422884,0.3462166140506036,-0.6919270445543545,0.3457104305037509,0.1497913845114904,0.2877082331918538,1.4992068274539456,5.2108582740982,-0.002756864262294024,0.06465246159700863,0.06451776199676973,0.14949670219454136,12.036772235100852,3.9547432776160103,true
1.4250000000000003,2.204798843054574,0.32763183998618817,1.0907858281164446,12.042616965833126,-0.00027996490865989803,-0.0033824517982471297,0.34494569011170734,-0.6893457313649088,0.3444000412532015,0.14859942484924396,0.2873120178857163,1.497583204130644,5.212393185468265,-0.00841174652957703,0.06699947667942414,0.06684960309385835,0.14828569102572609,11.969698366163337,3.9328325772874964,true
1.475,2.204798843054574,0.3249318367279272,1.1227071188312885,11.978299137264202,-0.0002896735757013636,-0.003380567336154258,0.34363460324531453,-0.6866831495847224,0.3430485463394079,0.14737482185801581,0.28690225549753207,1.4959060464995382,5.213991935704409,-0.01426950615415095,0.06934596386150214,0.06917982521576758,0.14704173369733808,11.900630455015222,3.9102695410999924,true
1.525,2.204798843054574,0.3221619880980676,1.1540093140456014,11.912129544685722,-0.0002993658863032285,-0.003378505602366813,0.3422838107510504,-0.6839403534679924,0.341656542716942,0.14611854007131903,0.2864790087443772,1.4941758246678878,5.215655524698943,-0.02033019926185613,0.0716918982828815,0.07150836701775917,0.14576582896081536,11.829608223115281,3.887067055902152,true
1.5750000000000002,2.204798843054574,0.3193244629931745,1.184677840448002,11.844143285860522,-0.0003090373910716453,-0.003376256333411619,0.34089377920167385,-0.6811184248989652,0.3402246456972914,0.14483156320545587,0.2860423427293023,1.4923930228870412,5.217384981003932,-0.02659388480871754,0.07403725677888674,0.07383516902946353,0.1444589950193027,11.756672397265918,3.863238336488211,true
1.625,2.204798843054574,0.3164214692870354,1.2146987661954416,11.774376352209917,-0.0003186837197928925,-0.003373809094661954,0.3394649959589202,-0.6782184785351918,0.3387534825762716,0.14351489265508618,0.28559232501081067,1.4905581387868767,5.2191813583591715,-0.03306062658639684,0.07638201886225661,0.07616017463024925,0.14312226795884803,11.68186468205368,3.8387969169550913,true
1.6750000000000003,2.204798843054574,0.31345525049489986,1.2440588221842137,11.702865601252734,-0.00032830082594486443,-0.003371153296410568,0.33799798122116453,-0.6752416672014024,0.3372436859802379,0.14216954598027295,0.2851290256103117,1.488671682713329,5.221045733687981,-0.03973049486078436,0.07872616735574234,0.0784833306750648,0.14175670017479441,11.605227721332387,3.8137566384060295,true
1.725,2.204798843054574,0.3104280824718853,1.2727454099987532,11.6296487130124,-0.00033788512446386484,-0.003368278212227571,0.33649329617800816,-0.6721891853123888,0.33569588913438064,0.140796555409024,0.2846525169326446,1.4867341772557905,5.222979207338561,-0.04660356734997187,0.08106968836306266,0.08080458746232759,0.14036335881561687,11.526805045213251,3.7881316318128246,true
1.775,2.204798843054574,0.3073422702173084,1.300746595955228,11.554764132253107,-0.00034743349447690817,-0.003365172999705981,0.33495154446343345,-0.669062268915309,0.3341107244518755,0.13939696638787694,0.2841628736105903,1.4847461570051839,5.224982905542555,-0.05367992940456966,0.08341257053622714,0.08312389800473625,0.13894332427421727,11.44664100488126,3.7619362967991017,true
1.8250000000000002,2.204798843054574,0.3042001448386721,1.3280510958105356,11.4782510037249,-0.00035694316731058707,-0.0033618267229567726,0.33337336691145103,-0.6658621923539123,0.3324888254424613,0.137971836204897,0.2836601723134113,1.4827081685175931,5.227057984295991,-0.06095967347612488,0.08575480387358363,0.0854412168376918,0.13749768874892368,11.364780702076677,3.735185278617735,true
1.875,2.204798843054574,0.3010040606842903,1.3546482572185847,11.400149109148824,-0.0003664115536663376,-0.003358228375785293,0.33175943201957825,-0.6625902627626191,0.33083083074304087,0.13652223268916136,0.2831444915676022,1.4806207704053547,5.229205633519623,-0.06844289813781683,0.0880963784224736,0.08775649873711172,0.13602755487732168,11.28126992107542,3.707893445934805,true
1.9250000000000003,2.204798843054574,0.29775639260799525,1.3805280461956189,11.32049881242446,-0.00037583606984608914,-0.003354366904521705,0.3301104254635729,-0.6592478140695823,0.32913738860600944,0.1350492329701504,0.2826159116252694,1.4784845334598804,5.231427080511504,-0.07612970698071568,0.0904372832231438,0.09006969767999966,0.13453403442682874,11.196155068665433,3.680075871260256,true
1.975,2.204798843054574,0.2944595333047862,1.4056810408779397,11.239341015414272,-0.00038521400561616697,-0.003350231229874979,0.3284270414342955,-0.655836201901463,0.32740916046716745,0.13355392226931498,0.28207451439253717,1.4763000407283922,5.2337235921780625,-0.0840202076484896,0.09277750567597846,0.09238076622686378,0.13301824701570575,11.109483123787884,3.6517478145921864,true
2.0250000000000004,2.204798843054574,0.2911158906585706,1.430098432584582,11.156717122920583,-0.00039454244977713015,-0.0033458102676858087,0.3267099771721804,-0.6523568000837479,0.32564682291156744,0.13203739269712814,0.2815203834098044,1.4740678875038016,5.236096476033944,-0.09211451114873445,0.09511703134021982,0.09468965533246672,0.13148131883950054,11.021301595248254,3.6229247097523793,true
2.075,2.204798843054574,0.2877278850637093,1.4537720320161975,11.072669013462185,-0.0004038182672912761,-0.0033410929488389245,0.3249599306885531,-0.6488109987357784,0.3238510680472253,0.13050074203825557,0.2809536038646491,1.4717886812234582,5.238547080294795,-0.10041273145630396,0.09745584405377,0.09699631447425898,0.12992438138688206,10.931658484271528,3.5936221523431504,true
2.125,2.204798843054574,0.2842979467070949,1.4766942777386425,10.98723901228098,-0.00041303811055827587,-0.0033360682387579763,0.3231776008071757,-0.6452002035301226,0.3220226027229469,0.12894507251882564,0.28037426261744075,1.469463041295547,5.241076793487887,-0.10891498534628155,0.09979392622386699,0.09930069194904542,0.1283485701396845,10.840602248704991,3.5638558882612763,true
2.1750000000000003,2.204798843054574,0.2808285128165935,1.4988582445490994,10.90046986397439,-0.0004221984465685669,-0.0033307251568811397,0.3213636884268661,-0.6415258355681485,0.3201621471412824,0.12737148955844327,0.27978244822511344,1.4670915988792157,5.243687043937764,-0.11762139236949612,0.10213125915972657,0.10160273521009945,0.12675502326013613,10.748181766636796,3.533641802023363,true
2.225,2.204798843054574,0.2773220248913264,1.5202576502555691,10.812404703422743,-0.0004312955867582865,-0.003325052796379218,0.3195188981030698,-0.6377893314207552,0.3182704333176854,0.1257811005139674,0.27917825095565496,1.4646749966407573,5.246379299343802,-0.12653207489595522,0.10446782336663041,0.1039023911652013,0.12514488027234547,10.654446298374713,3.502995904547945,true
2.2750000000000004,2.204798843054574,0.27378092593122705,1.5408868602890997,10.723087024705208,-0.00044032571277380106,-0.0033190403442329257,0.3176439394059748,-0.6339921430620489,0.3163482036560741,0.12417501342295939,0.2785617627915315,1.4622138885002225,5.249155066535481,-0.1356471581781871,0.10680359876817529,0.10619960640296328,0.12351928074593084,10.559445446631821,3.4719343203402353,true
2.325,2.204798843054574,0.27020765768110006,1.560740890159278,10.6325606482838,-0.0004492848962057096,-0.003312677101669499,0.3157395278394569,-0.6301357375865477,0.3143962097470908,0.12255433575370929,0.277933077423408,1.4597089393754712,5.2520158914072885,-0.14496677041124081,0.10913856485544887,0.10849432734650345,0.12187936298863539,10.463229115244735,3.44047327418564,true
2.3750000000000004,2.204798843054574,0.26660465790100063,1.5798154060388692,10.540869686943319,-0.0004581691129369863,-0.0033059525048985197,0.31380638531530264,-0.6262215967055467,0.31241521139024403,0.12092017316719969,0.27729229023669777,1.4571608249257972,5.254963358995518,-0.15449104278245557,0.11147270077715139,0.1107865003485408,0.12022626275329017,10.365847466912529,3.408629077512919,true
2.4250000000000003,2.204798843054574,0.2629743576717266,1.598106723819507,10.448058510958353,-0.00046697425359118103,-0.0032988561460606664,0.3118452402720809,-0.6222512160660632,0.31040597579398227,0.11927362829499516,0.27663949829330653,1.454570231294989,5.257999093653588,-0.1642201095117809,0.11380598538816833,0.1130760717453505,0.11856111196313306,10.26735088039996,3.376418114573515,true
2.475,2.204798843054574,0.2593191787420592,1.6156118069292664,10.354171712853816,-0.00047569613151003583,-0.0032913777943085476,0.3098568275465483,-0.6182261044455241,0.30836927689897575,0.11761579953606698,0.27597480031035926,1.4519378548529294,5.261124759289944,-0.17415410788601096,0.11613839727157457,0.11536298788445805,0.11688503745853321,10.167789907546108,3.3438568285497663,true
2.5250000000000004,2.204798843054574,0.2556415309230544,1.632328263123007,10.259254072014684,-0.00048433048934227015,-0.0032835074169464545,0.3078418880882638,-0.6141477828672386,0.3063058947789748,0.11594777987495827,0.2752982966370879,1.4492644019348693,5.264342059643626,-0.1842931782902128,0.11846991474486408,0.11764719513677324,0.11519915976757193,10.067215230316993,3.3109617076706996,true
2.575,2.204798843054574,0.25194380953386863,1.648254340385803,10.163350519315129,-0.0004928730049664678,-0.0032752352005662143,0.30580116858188194,-0.610017783668974,0.304216615087092,0.11427065572332235,0.2746100892305945,1.446550588577878,5.267652738582326,-0.19463746423839395,0.12080051585735882,0.11992863990004977,0.11350459190261238,9.965677618064452,3.2777492713888003,true
2.6250000000000004,2.204798843054574,0.2482283929030626,1.663388922039176,10.066506101880103,-0.0005013192971791863,-0.003266551572130575,0.3037354210186424,-0.605837649545738,0.3021022285270956,0.11258550578662398,0.27391028163089765,1.443797140254049,5.271058580413601,-0.20518711240524373,0.1231301783830013,0.12220726859782716,0.11180243818468756,9.86322788510314,3.244236056654405,true
2.6750000000000003,2.204798843054574,0.2444976399289585,1.6777315211069017,9.968765948056813,-0.0005096649313661746,-0.0032574472199545443,0.3016454022420077,-0.6016089325797322,0.29996353033772455,0.11089339995762444,0.2731989789354535,1.4410047916003306,5.274561410204923,-0.21594227265983945,0.12545887981087683,0.12448302767617331,0.11009379309739924,9.759916848682943,3.2104386043129205,true
2.725,2.204798843054574,0.240753887702365,1.691282273977377,9.870175232652805,-0.0005179054252424292,-0.0032479131145441015,0.2995318734814993,-0.5973331932650807,0.29780131978358143,0.10919539823815382,0.27247628777330557,1.4381742861448246,5.278163094108779,-0.2269030981022947,0.12778659733463166,0.12675586359937946,0.10837974017189682,9.655795287426043,3.1763734456473744,true
2.7750000000000004,2.204798843054574,0.23699944919480292,1.7040419333890147,9.770779142485871,-0.0005260362546845074,-0.003237940529249351,0.2973955998821078,-0.5930119995316508,0.29561639964954306,0.10749254969059172,0.27174231627885886,1.4353063760296387,5.281865539692919,-0.23806974510356868,0.1301133078413689,0.12902572284518254,0.10666135090439238,9.550913900273397,3.1420570890807356,true
2.825,2.204798843054574,0.23323661101521453,1.7160118607603176,9.670622842285125,-0.0005340528596599153,-0.0032275210606930553,0.29523735003294754,-0.5886469257704479,0.2934095757375003,0.10578589142040899,0.2709971740653678,1.4324018217303018,5.285670696273716,-0.24944237334885516,0.13243898790022557,0.13129255189971772,0.10493968370762612,9.445323265997379,3.1075060070563874,true
2.8750000000000004,2.204798843054574,0.2294676312379577,1.7271940178846854,9.569751440979335,-0.0005419506502559874,-0.003216646648933546,0.2930578954969356,-0.5842395518621198,0.2911816563651842,0.10407644759104122,0.27024097219808885,1.4294613917719174,5.289580555253888,-0.26102114588448555,0.13476361375074894,0.13355629725231927,0.10321578289756077,9.33907380331608,3.0727366231081406,true
2.9250000000000003,2.204798843054574,0.22569473730468648,1.7375909580094808,9.468209958406636,-0.0005497250128027245,-0.0032053095973217163,0.2908580103424428,-0.5797914622096967,0.2889334518672539,0.10236522847227383,0.2694738231671515,1.4264858624421841,5.29359715046367,-0.2728062291683742,0.1370871612910881,0.13581690539018795,0.10149067771655458,9.232215731657883,3.0377652991355166,true
2.975,2.204798843054574,0.2219201240024879,1.7472058163190778,9.366043292478452,-0.0005573713160705889,-0.0031935025920103825,0.28863847067739756,-0.5753042447764302,0.2866657740990326,0.10065322952321362,0.26869584086012227,1.423476017501287,5.29772255850555,-0.284797793124568,0.1394096060659975,0.13807432279292436,0.0997653813940582,9.124799032612355,3.0026083228959504,true
3.0250000000000004,2.204798843054574,0.218145951520424,1.756042299842065,9.263296186829493,-0.0005648849175090777,-0.003181218721075487,0.28640005418613607,-0.5707794901295149,0.28437943594337883,0.0989414305108216,0.2679071405343025,1.4204326478887008,5.301958899101574,-0.29699601120228997,0.14173092325458275,0.14032849592686333,0.098040890245858,9.016873412111012,2.9672818957280227,true
3.075,2.204798843054574,0.21437434358642138,1.7641046768035404,9.160013198984558,-0.0005722611694883286,-0.003168451493206683,0.28414353966918876,-0.566218790490399,0.28207525082121027,0.09723079466488777,0.2671078387887128,1.4173565514269344,5.306308335443833,-0.30940106044000487,0.14405108765784633,0.14257937123926787,0.0963181828127232,8.908488263368053,2.931802120515433,true
3.1250000000000004,2.204798843054574,0.21060738568628642,1.7713977654442585,9.056238669072219,-0.000579495425514758,-0.0031551948559255458,0.2818697065863078,-0.561623738792444,0.2797540322061362,0.09552226787025458,0.2662980535358374,1.4142485325221146,5.310773074545925,-0.32201312153543515,0.14637007368592322,0.14482689515227923,0.09459821903926817,8.799692630625735,2.8961849899062897,true
3.1750000000000003,2.204798843054574,0.20684712336647662,1.7779269223288683,8.952016689114593,-0.0005865830464074838,-0.0031414432132892516,0.27957933460307827,-0.556995927746696,0.2774165931436178,0.09381677789702862,0.26547790397308557,1.4111094018615182,5.31535536759616,-0.3348323789218013,0.14868785534504902,0.14707101405666778,0.09288193949373988,8.690535173731924,2.8604463747966005,true
3.225,2.204798843054574,0.20309556062210773,1.7836980301660486,8.847391072921198,-0.0005935194064332869,-0.003127191443035939,0.2772732031414759,-0.5523369489165382,0.27506374577506226,0.0921152336694512,0.26464751055399505,1.4079399761081706,5.320057510312057,-0.34785902085047865,0.151004406224244,0.14931167430537165,0.09117026462939926,8.581064133584782,2.8246020130893417,true
3.2750000000000004,2.204798843054574,0.19935465837149216,1.7887174851640433,8.742405326614076,-0.0006002998993980735,-0.00311243491313137,0.27495209093465506,-0.5476483918019341,0.2726963008672791,0.09041852457401606,0.26380699495922044,1.4047410775925184,5.32488184329481,-0.3610932394806544,0.15331969948160845,0.15154882220672572,0.08946409408804452,8.471327298479975,2.7886674987406597,true
3.325,2.204798843054574,0.1956263330182912,1.7929921839456497,8.637102619809685,-0.0006069199446845344,-0.0030971694976723828,0.27261677558625375,-0.5429318429339617,0.27031506734770794,0.08872751980732466,0.2629564800672492,1.4015135340014075,5.329830752385265,-0.37453523097588337,0.1556337078303787,0.15378240401752866,0.08776430604613271,8.361371971381129,2.7526582710999126,true
3.3750000000000004,2.204798843054574,0.19191245510214464,1.7965295100471534,8.531525757482097,-0.0006133749932139255,-0.0030813915921060406,0.2702680331345365,-0.538188884980334,0.2679208518457975,0.087043067764071,0.2620960899249201,1.3982581780642214,5.334906669018853,-0.3881851956086927,0.1579464035246424,0.15601236593585457,0.08607175660383208,8.251244938149467,2.716589604555345,true
3.4250000000000003,2.204798843054574,0.18821484803843186,1.799337320025817,8.425717152530604,-0.000619660533305457,-0.0030650981277224806,0.2679066376217222,-0.5334210958626093,0.26551445824088715,0.08536599546545258,0.2612259497177125,1.3949758472363798,5.340112070580379,-0.40204333787325497,0.16025775834476236,0.15823865409365878,0.08438727921728556,8.140992436753098,2.6804765984920826,true
3.475,2.204798843054574,0.18453528694762092,1.801423929200726,8.319718799073652,-0.0006257720964058242,-0.0030482865853808973,0.2655333606688219,-0.528630047885752,0.2630966872169301,0.08369710802821445,0.260346185739818,1.3916673833800395,5.345449480757246,-0.4161098666074748,0.16256774358249362,0.1604612145491685,0.08271168417418771,8.03066012748014,2.644334167570401,true
3.5250000000000004,2.204798843054574,0.1808754975744739,1.8027980970520678,8.213572246490056,-0.0006317052626674467,-0.0030309550084247835,0.26314897105634066,-0.5238173068807264,0.2606683358243857,0.08203718817444826,0.25945692536404336,1.3883336324419522,5.350921469889403,-0.43038499512537204,0.1648763300257588,0.16267999327902713,0.08104575811275991,7.920293064182583,2.608177032333161,true
3.575,2.204798843054574,0.17723715529719763,1.8034690123040291,8.107318574227016,-0.0006374556663605072,-0.003013102014750191,0.26075423431122063,-0.5189844313607835,0.2582301970495629,0.08038699578218647,0.2585582970114864,1.384975444128526,5.356530655316773,-0.4448689413605011,0.1671834879431101,0.16489493617022366,0.07939026358407364,7.809935666562797,2.5720197101463222,true
3.6250000000000004,2.204798843054574,0.1736218842264704,1.8034462777166584,8.00099836739352,-0.0006430190011106196,-0.0029947268079834055,0.2583499123004595,-0.5141329716921331,0.2557830593916736,0.07874726747676039,0.25765043012107636,1.3815936715779789,5.362279701721179,-0.4595619280215409,0.16948918706779592,0.16710598901173265,0.07774593865764817,7.699631693531091,2.5358765064819733,true
3.6750000000000003,2.204798843054574,0.17003125639413258,1.8027398946120814,7.894651693156452,-0.0006483910249590037,-0.0029758291877324157,0.25593676283176636,-0.509264469279627,0.2533277064478606,0.07711871626282593,0.2567334551189289,1.3781891710295608,5.3681713214630715,-0.4744641827611117,0.171793396581432,0.16931309748586887,0.07611349657009335,7.589424217643635,2.499761506546993,true
3.725,2.204798843054574,0.166466791031175,1.8013602471605936,7.788318077955008,-0.0006535675652437861,-0.0029564095588727676,0.2535155392614272,-0.5043804557679741,0.25086491650654685,0.07550203119689072,0.2558075033875629,1.3747628014899353,5.374208274911669,-0.4895759383583177,0.1740960850972789,0.17151620715936244,0.07449362541659135,7.4793556006398925,2.4636885672637323,true
3.7750000000000004,2.204798843054574,0.1629299539344909,1.7993180864525016,7.682036485547226,-0.0006585445232982636,-0.002936468939832477,0.2510869901093399,-0.4994824522588821,0.24839546214954222,0.0738978771001006,0.25487270723497524,1.3713154243967431,5.380393370767957,-0.5048974329158691,0.17639722064310095,0.17371526347413588,0.07288698788487603,7.369467470090978,2.4276713096065667,true
3.825,2.204798843054574,0.15942215692166295,1.7966245143817563,7.575845295900822,-0.0006633178789566881,-0.0029160089698402752,0.24865185868116962,-0.49457196854448077,0.24592010986331114,0.07230689431095501,0.25392919986357465,1.3678479032792692,5.38672946637943,-0.5204289100730853,0.1786967706437446,0.17591021173791851,0.07129422103126212,7.259800697168818,2.3917231112977047,true
3.8750000000000004,2.204798843054574,0.15594475737286762,1.7932909673671307,7.469782284939277,-0.0006678836948523658,-0.002895031915104339,0.24621088269786034,-0.48965050235750546,0.2434396196596451,0.07072969847753481,0.2529771153389442,1.3643611034161922,5.393219468046317,-0.5361706192359569,0.18099470190351058,0.17810099711477323,0.06971593609820632,7.1503953755409615,2.3558570998639703,true
3.9250000000000003,2.204798843054574,0.15249905785881293,1.7893291999358927,7.363884605153743,-0.0006722381204902238,-0.002873540673889261,0.2437647939331485,-0.4847195386389093,0.2409547447057608,0.06916688038875128,0.25201658855853754,1.360855891490269,5.399866331315624,-0.552122815825717,0.18329098058815274,0.18028756461537912,0.06815271837286395,7.041290801409452,2.3200861460608295,true
3.975,2.204798843054574,0.1490863058534973,1.784751268194206,7.258188767090973,-0.0006763773960815846,-0.002851538780461238,0.24131431785986507,-0.4797805488236424,0.23846623096377734,0.06761900584406605,0.2510477552201961,1.3573331352397207,5.406673061263552,-0.5682857615482163,0.18558557220660554,0.18246985908717187,0.06660512708587644,6.932525454685448,2.284422857661069,true
4.0249999999999995,2.204798843054574,0.14570769353047208,1.779569513208251,7.152730621726248,-0.0006802978561404761,-0.002829030407873641,0.23886017330549625,-0.4748349901451614,0.23597481683966515,0.06608661556108476,0.2500707517906539,1.3537937031063474,5.413642712761836,-0.5846597246848317,0.18787844159205944,0.18464782520398254,0.0650736953498179,6.824136981321217,2.248879573615482,true
4.075,2.204798843054574,0.14236435764118271,1.7737965443206443,7.047545343727939,-0.0006839959328540488,-0.0028060203695664115,0.23640307211691497,-0.4698843049589525,0.23348123284203753,0.06457022512037797,0.2490857154739113,1.3502384638801237,5.420778390728491,-0.6012449804074051,0.190169552882591,0.18682140745537895,0.06355893013640773,6.716162176787195,2.2134683585816814,true
4.125,2.204798843054574,0.1390573794738551,1.7674452224271113,6.942667415617874,-0.0006874681592485898,-0.0027825141197565205,0.23394371883387458,-0.464929920085135,0.23098620125126043,0.06307032494683376,0.24809278417959055,1.3466682863404913,5.428083250360312,-0.6180418111173852,0.19245886950122898,0.18899055013560065,0.062061312291811666,6.608636970705965,2.17820099782518,true
4.175,2.204798843054574,0.1357877848912834,1.7605286432382472,6.838130612829904,-0.0006907111721714906,-0.0027585177525997484,0.23148281037102852,-0.45997324617028473,0.2284904357992562,0.061587380326796705,0.24709209649119115,1.343084038894229,5.435560497347231,-0.6350505068111928,0.19474635413578786,0.1911551973324079,0.06058129658908038,6.501596412631926,2.1430889924892296,true
4.225,2.204798843054574,0.13255654444575424,1.7530601205500669,6.733967989668731,-0.0006937217151001518,-0.0027340380001026447,0.22902103570878451,-0.4550156770688476,0.2259946413600631,0.06012183146019238,0.2460837916342745,1.3394865892100283,5.443213388067225,-0.6522713654726354,0.19703196871840858,0.1933152929157901,0.05911931181685573,6.395074658976209,2.1081435552335264,true
4.2749999999999995,2.204798843054574,0.12936457356920977,1.745053169545853,6.630211866171074,-0.0006964966407755334,-0.0027090822287721347,0.22655907559364713,-0.450058589244686,0.22349951365103887,0.058674093546777,0.24506800944456628,1.3358768038497786,5.451045229760804,-0.6697046934938509,0.19931567440483236,0.19547078052656203,0.057675760903364647,6.289104961070461,2.073375606239917,true
4.325,2.204798843054574,0.12621273283657758,1.736521490151084,6.526893815870533,-0.000699032913644927,-0.0026836584349877804,0.22409760224857,-0.4451033411932267,0.2210057389446567,0.05724455690557232,0.24404489033609267,1.3322555478960658,5.459059380679169,-0.6873508061280063,0.2015974315530555,0.1976216035645191,0.056251021074628475,6.18371965437425,2.038795769587014,true
4.375,2.204798843054574,0.12310182829999944,1.7274789504633041,6.424044654465581,-0.0007013276120946297,-0.0026577752390893467,0.22163727909338518,-0.44015127288443845,0.21851399379105327,0.05583358712645713,0.2430145752692121,1.32862368457592,5.467259250207802,-0.7052100279756013,0.2038771997016117,0.1997677051763897,0.05484544404576283,6.078950148803359,2.004414369986454,true
4.425,2.204798843054574,0.12003261189154957,1.71793957027892,6.321694429387833,-0.000703377930464976,-0.0026314418781715095,0.21917876047507218,-0.43520370522668567,0.2160249447516135,0.054441525252822566,0.24197720571870293,1.3249820748797563,5.4756482989560595,-0.7232826935099872,0.20615493754728834,0.20190902824340753,0.05345935624412938,5.974826920184959,1.9702414298831936,true
4.475,2.204798843054574,0.11700578189201397,1.7079175047384818,6.219872410266252,-0.0007051811808725164,-0.0026046681975831314,0.2167226914077445,-0.4302619395515384,0.2135392481437939,0.05306868799418986,0.2409329236418101,1.3213315771753849,5.484230038812714,-0.7415691476447517,0.208430602922467,0.20404551536868715,0.05209305906315665,5.8713795028183435,1.9362866669130745,true
4.5249999999999995,2.204798843054574,0.11402198346342117,1.6974270281112989,6.118607080281742,-0.0007067347948939716,-0.0025774646411332106,0.2142697073229497,-0.42532725711994895,0.21105754979699926,0.051715367967742926,0.23988187144628462,1.3176730468168192,5.4930080329637505,-0.7600697463459979,0.21070415277216686,0.206177108864481,0.05074682914565688,5.7686364831318855,1.9025594917149038,true
4.575,2.204798843054574,0.11108180924327837,1.6864825177366938,6.017926128412581,-0.0007080363252492489,-0.0025498422400062337,0.211820433828972,-0.4204009186492561,0.2085804848202841,0.05038183396784776,0.23882419195847082,1.3140073357484898,5.501985895871817,-0.7787848572888817,0.21297554313033545,0.20830375073889512,0.0494209186956354,5.666625494427797,1.8690690060945263,true
4.625,2.204798843054574,0.10818579999826233,1.6750984381476992,5.9178564425480165,-0.000709083447546127,-0.0025218126003957453,0.20937548648109683,-0.41548416386200737,0.20610867738091054,0.049068331262537984,0.23776002839128854,1.3103352921056617,5.511167293222244,-0.7977148605576444,0.21524472909665282,0.21042538268325278,0.04811555581746245,5.565373212685052,1.8358240015313356,true
4.675,2.204798843054574,0.10533444533534911,1.6632893253856642,5.81842410348446,-0.0007098739621349532,-0.002493387889868602,0.20693547056347839,-0.41057821105708914,0.20364274049361075,0.04777508191605207,0.2366895243123407,1.3066577598116835,5.520555941831161,-0.8168601493878445,0.21751166481187606,0.21254194605826196,0.0468309448813933,5.4649053534263645,1.8028329580294917,true
4.725,2.204798843054574,0.10252818446790159,1.6510697715319294,5.719654379781127,-0.0007104057960853639,-0.002464580822475866,0.2045009808813639,-0.4056842567025399,0.20118327582117598,0.04650228513629702,0.23561282361201985,1.3029755781728394,5.530155609519921,-0.8362211309499767,0.21977630343315763,0.21465338188033492,0.04556726691421274,5.365246669619354,1.7701040433042485,true
4.775,2.204798843054574,0.09976740703375048,1.638454409465305,5.62157172348074,-0.0007106770052824922,-0.002435404642631596,0.20207260156129853,-0.4008034750489367,0.19873087348763818,0.04525011764589401,0.2345300704718188,1.2992895814697252,5.539970114944591,-0.8557982271803914,0.22203859710782076,0.21675963080664923,0.04432468001355648,5.266420950611096,1.7376451123036034,true
4.825,2.204798843054574,0.09705245396190243,1.6254578978789695,5.524199766647874,-0.0007106857765417206,-0.0024058731077829104,0.19965090586251372,-0.3959370177647944,0.19628611190228068,0.044018734075279155,0.2334414093322779,1.2956005985448251,5.550003327390308,-0.8755918756651913,0.22429849694932966,0.21886063312243778,0.04310331978423817,5.168451022024544,1.7054637070419758,true
4.875,2.204798843054574,0.09438361838519976,1.6120949065517327,5.427561318755006,-0.0007104304297885762,-0.0023760004698993795,0.19723645600010578,-0.39108601359446915,0.19384955759436337,0.04280826737664591,0.23234698486135208,1.2919094523845356,5.560259166502436,-0.8956025305843235,0.2265559530106755,0.2209563287260525,0.041903299795333616,5.071358746666853,1.6735670567629932,true
4.925,2.204798843054574,0.09176114659632376,1.5983801019011241,5.331678364884805,-0.0007099094204254415,-0.002345801455813659,0.1948298029782743,-0.38625156803755606,0.19142176505928177,0.04161882925754622,0.2312469419226705,1.2882169596970705,5.570741601970473,-0.915830663714248,0.22881091425813865,0.22304665711456934,0.04072471205672052,4.975165026379826,1.6419620784085456,true
4.975,2.204798843054574,0.08918523904454398,1.584328132826652,5.236572064741457,-0.0007091213420419363,-0.002315291246450267,0.19243148643250085,-0.3814347630492727,0.18900327661677185,0.04045051063297226,0.2301414255440277,1.2845239304860283,5.5814546531532185,-0.9362767654915285,0.23106332854381084,0.22513155736843465,0.03956762751386543,4.879889804839775,1.6106553773969032,true
5.025,2.204798843054574,0.08665605137090279,1.5699536168669241,5.142262752436288,-0.0007080649295684731,-0.0022844854549833177,0.19004203448251675,-0.3766366567625149,0.18659462227999815,0.039303382094870706,0.22903058088561618,1.2808311676221358,5.592402388665364,-0.9569413461310777,0.23331314257983038,0.22721096813789216,0.03843209655971531,4.785552071241614,1.5796532486885437,true
5.075,2.204798843054574,0.08417369547966293,1.5552711266677748,5.048769937067246,-0.0007067390629170424,-0.0022534001039657137,0.1876619635981414,-0.371858283232725,0.1841963196345836,0.03817749439810434,0.22791455320869336,1.2771394664135554,5.603588925908227,-0.9778249367971649,0.23556030190990676,0.22928482762709346,0.03731814956267889,4.692169864902443,1.5489616781517408,true
5.125,2.204798843054574,0.0817382406433188,1.5402951767853117,4.956112304052311,-0.0007051427712557631,-0.002222051601481527,0.1852917784721062,-0.3671006522024729,0.1818088737303667,0.03707287896163668,0.22679348784413497,1.2734496141767508,5.615018430564178,-0.99892809082308,0.23780475088152211,0.23135307357903662,0.03622579740934801,4.599760280712543,1.5185863442043424,true
5.175,2.204798843054574,0.07934971463827306,1.5250402108343986,4.864307717201145,-0.0007032752378561039,-0.002190456716372205,0.18293197190427887,-0.36236474888776316,0.17943277698348428,0.035989548383625024,0.2256675301610088,1.269762389808373,5.6266951160515895,-1.0202513849792993,0.24004643261856978,0.23341564326110523,0.035155032060645346,4.508339475420202,1.4885326197276376,true
5.225,2.204798843054574,0.07700810490850626,1.509520588984822,4.773373221522327,-0.0007011358055732641,-0.002158632552591612,0.18058302469740062,-0.3576515337860956,0.17706850908869498,0.034927496969209965,0.22453682553540666,1.2660785633582239,5.638623242932501,-1.0417954207911861,0.2422852889922277,0.23547247344917932,0.03410582712006275,4.41792267474285,1.4588055742502606,true
5.275,2.204798843054574,0.07471335975451218,1.4937505758229488,4.683325046735209,-0.0006987239830615105,-0.0021265965227514963,0.17824540556169866,-0.35296194250477797,0.17471653694307931,0.03388670126976425,0.22340151931926389,1.2623988956054737,5.650807118287209,-1.063560825900068,0.24452126059236384,0.23752350041244147,0.033078138412760444,4.328524181255582,1.429409976386238,true
5.325,2.204798843054574,0.07246538954494611,1.4777443285846443,4.594178611473204,-0.0006960394517820649,-0.002094366320919701,0.17591957102934114,-0.34829688560981753,0.1723773145804764,0.0328671206324433,0.22226175680924143,1.25872413763935,5.663251095057544,-1.0855482554640632,0.24675428669869562,0.2395686598981572,0.03207190457427545,4.240157383036209,1.4003502965206394,true
5.375,2.204798843054574,0.07026406794842664,1.461515885768452,4.505948528158994,-0.0006930820738790922,-0.0020619598947374043,0.17360596537937653,-0.3436572484955169,0.17005128311614034,0.03186869775887643,0.22111768321578118,1.2550550304461392,5.675959571362612,-1.1077583935918296,0.24898430525164394,0.24160788711637698,0.03108704764767888,4.152834763047585,1.371630709736812,true
5.425,2.204798843054574,0.06810923318310921,1.4450791561341683,4.418648608534436,-0.0006898519010048232,-0.0020293954169257125,0.1713050205722985,-0.3390438912741911,0.1677388707018926,0.030891359271918554,0.21996944363217485,1.2513923045056077,5.688936989803646,-1.130191954797619,0.2512112528229501,0.24364111672462305,0.03012347368806244,4.0665679092169515,1.3432550989721534,true
5.475,2.204798843054574,0.06600068928147287,1.4284479080967527,4.332291869820734,-0.0006863491841347255,-0.0019966912562544015,0.16901715619462984,-0.3344576486859582,0.16544049249132833,0.029935016289302,0.2188171830037411,1.2477366793985691,5.702187836762512,-1.1528496854706238,0.2534350645865155,0.245668282812979,0.029181073373109778,3.9813675251911693,1.3152270583958143,true
5.525,2.204798843054574,0.06393820736794645,1.4116357595168376,4.2468905414966365,-0.0006825743844200197,-0.001963865948049058,0.16674277941338903,-0.32989933002837335,0.16315655061498432,0.028999565003111637,0.2176610460972043,1.2440888634290832,5.715716641706716,-1.1757323653430873,0.25565567428814095,0.2476893188883749,0.02825972261872905,3.8972434417458754,1.2875498970013544,true
5.575,2.204798843054574,0.06192152694683897,1.3946561678973968,4.162456072664211,-0.0006785281851181982,-0.0019309381643140416,0.16448228493932812,-0.3253697191050793,0.16088743416575116,0.028084887263933614,0.21650117746999725,1.240449553264421,5.729527976522542,-1.1988408089445493,0.25787301421631503,0.24970415786002692,0.027359283198491773,3.8142046287992732,1.2602266423983717,true
5.625,2.204798843054574,0.05995035719822123,1.377522420988695,4.07899913998975,-0.0006742115046000088,-0.0018979266835503772,0.16223605500005578,-0.3208695741938134,0.15863351919375762,0.027190851168610357,0.21533772143979782,1.2368194335958038,5.743626454882791,-1.2221758670265015,0.2600870151722761,0.2517127320244091,0.026479603365811698,3.732259208024141,1.2332600448013367,true
5.675,2.204798843054574,0.058024378279306094,1.3602476278037932,3.9965296561940726,-0.0006696255104340642,-0.0018648503603503827,0.16000445932274393,-0.3163996280333651,0.15639516871062115,0.026317311650489582,0.21417082205407453,1.2331991768242987,5.758016731676627,-1.24573842793739,0.2622976064404325,0.2537149730507416,0.025620518477740738,3.6514144660125796,1.206652581200872,true
5.725,2.204798843054574,0.056143242628993714,1.3428447100495977,3.9150567790750603,-0.0006647716345426289,-0.0018317280948501116,0.1577878551255834,-0.31196058782882863,0.15417273270324522,0.025464111071108738,0.21300062305979559,1.2295894427754361,5.7727035025163,-1.2695294189287494,0.2645047157583975,0.2557108119663171,0.024781851619266913,3.5716768679750563,1.1804064597117394,true
5.775,2.204798843054574,0.05430657627320032,1.3253263939745559,3.834588921033816,-0.0006596515893773798,-0.0017985788021225718,0.15558658711835352,-0.307553135275026,0.15196654815667246,0.024631079812234873,0.21182726787321185,1.2259908784472426,5.787691503348158,-1.2935498073683513,0.2667082692874365,0.25770017914238463,0.02396341422702475,3.4930520719380356,1.1545236240860224,true
5.825,2.204798843054574,0.052513980128653215,1.3077052026334348,3.7551337590905156,-0.0006542673850351492,-0.0017654213815953002,0.1534009875123335,-0.3031779265979725,0.149776939085639,0.02381803686720883,0.21065089954977276,1.2224041177961626,5.802985510191625,-1.3178006018352975,0.26890819158264523,0.2596830042799676,0.023165006711329154,3.4155449434147735,1.1290057583834336,true
5.875,2.204798843054574,0.05076503130283235,1.2899934485708124,3.676698245363508,-0.0006486213472323868,-0.0017322746865758992,0.1512313760385801,-0.2988355926136005,0.14760421657502037,0.023024790430541692,0.20947166075407833,1.2188297815659475,5.818590339038105,-1.3422828530688407,0.2711044055636084,0.2616592163962896,0.022386419075438826,3.3391595705135018,1.1038542917872367,true
5.925,2.204798843054574,0.049059284387717936,1.2722032269229724,3.599288617989422,-0.0006427161359972777,-0.0016991574939692264,0.14907805997506463,-0.2945267388036913,0.14544867882862667,0.022251138484701935,0.2082896937300517,1.2152684771640356,5.834510845932933,-1.3669976547422602,0.2732968324847406,0.2636287438110804,0.02162743153097425,3.263899279465626,1.0790704035603886,true
5.975,2.204798843054574,0.04739627274507829,1.2543464089370735,3.5229104124657695,-0.0006365547649212331,-0.0016660884742705773,0.1469413341823768,-0.29025194540858285,0.14331061122620606,0.02149686938306558,0.20710514027116128,1.2117207985908651,5.850751927278907,-1.3919461440295156,0.2754853919059543,0.26559151413333815,0.02088781510838895,3.1897666505333793,1.054655028128815,true
6.025,2.204798843054574,0.04577550978098094,1.2364346359065856,3.447568473389296,-0.0006301406207735492,-0.0016330861619171522,0.14482148114751933,-0.28601176753610025,0.14119028638858092,0.02076176242797851,0.20591814169081893,1.2081873264270544,5.86731852039107,-1.41712950193138,0.27767000166326805,0.2675474542481926,0.020167332261435404,3.116763534275839,1.0306088602851915,true
6.075,2.204798843054574,0.044196490207255384,1.2184793135209093,3.3732669665712205,-0.0006234774832390989,-0.0016001689260797536,0.14271877103619257,-0.2818067352866023,0.1390879642504097,0.0200455884429006,0.20472883879289044,1.2046686278828824,5.884215604336816,-1.4425489533298397,0.27985057783975903,0.2694964903042259,0.019465737464466348,3.0448910681400037,1.0069323605025915,true
6.125,2.204798843054574,0.04265869128766265,1.2004916066258318,3.3000093915061752,-0.0006165695445090392,-0.001567354941975116,0.1406334617532015,-0.2776373538936465,0.13700389214044503,0.019348110337613574,0.20353737184237083,1.2011652569158575,5.901448201100375,-1.4682057667305173,0.2820270347363193,0.27143854770075737,0.018782777801607805,2.974149693351426,0.9836257603498783,true
6.175,2.204798843054574,0.04116157406651069,1.1824824343926315,3.227798594173095,-0.0006094214284177036,-0.0015346621627751467,0.13856579901062216,-0.27350410387977503,0.13493830486915287,0.018669083665467004,0.20234388053624563,1.1976777544192427,5.919021377099191,-1.4941012536655518,0.28419928484243845,0.2733735510752878,0.01811819354657447,2.9045391720764804,0.9606890680000333,true
6.225,2.204798843054574,0.039704584577499404,1.1644624658911946,3.1566367801440647,-0.0006020382087814828,-0.0015021082921890527,0.13651601640371303,-0.26940744122708293,0.1328914248233699,0.01800825717165737,0.2011485039746209,1.1942066484864162,5.936940245089223,-1.5202367677174773,0.2863672388066982,0.27530142429081506,0.017471718732169763,2.8360586048324183,0.9381220738238663,true
6.275,2.204798843054574,0.03828715503058765,1.1464421160636062,3.0865255279826513,-0.0005944254265698324,-0.0014697107577895246,0.13448433549442645,-0.2653477975621768,0.13086346206775035,0.017365373331538866,0.1999513806318775,1.1907524547537092,5.955209966496585,-1.5466137031363345,0.28853080540799925,0.27722209042392354,0.016843081708269755,2.7687064481026655,0.9159243560554089,true
6.325,2.204798843054574,0.03690870497473819,1.1284315420921478,3.017465802905784,-0.0005865891055132876,-0.001437486685151021,0.13247096590237864,-0.26132558035511755,0.1288546144527389,0.016740168877993473,0.1987526483282537,1.1873156768240094,5.973835754193703,-1.5732334930177678,0.2906898915256269,0.2791354717519541,0.01623200568733997,2.7024805321524963,0.8940952865277875,true
6.375,2.204798843054574,0.03556864243442446,1.1104406401577531,2.9494579706920545,-0.0005785357657359551,-0.0014054528728647958,0.13047610540301413,-0.25734117313189175,0.12686506772887762,0.01613237531690053,0.19755244420168017,1.1838968067720272,5.992822875749357,-1.6000976070195558,0.29284440210916346,0.2810414897401512,0.015638209276350474,2.637378079006471,0.8726340364671699,true
6.425,2.204798843054574,0.0342663650178817,1.0924790425817847,2.8825018118103936,-0.0005702724349872781,-0.0013736257684911352,0.12849994003264947,-0.2533949356999119,0.12489499566726242,0.01554171942979087,0.19635090467977098,1.1804963257320993,6.012176657181044,-1.6272075485925557,0.2949942401486957,0.2829400650291759,0.015061406994108495,2.573395720555288,0.8515395823344306,true
6.475,2.204798843054574,0.03300126099516101,1.074556115346259,2.8165965357510734,-0.0005618066570421867,-0.001342021445504743,0.1265426442001994,-0.24948720438611405,0.12294456018591465,0.014967923762804763,0.19514816544988267,1.177114704571564,6.0319024873122205,-1.6545648517067837,0.2971393066709546,0.2848311174455547,0.014501309772816948,2.510529516659045,0.8308107116707042,true
6.525,2.204798843054574,0.03177271034418176,1.0566809559850225,2.751740795535979,-0.0005531464968438563,-0.0013106555812859438,0.12460438080548641,-0.24561829228726123,0.12101391148177482,0.014410707101135446,0.1939443614415524,1.1737524046161865,6.052005822143542,-1.6821710771010603,0.2992795006005206,0.2867145658933304,0.01395762544422199,2.4487749739529825,0.8104460291821324,true
6.575,2.204798843054574,0.03058008576310248,1.0388623918389466,2.687932702388628,-0.0005443005419770956,-0.0012795434362038033,0.1226853013639014,-0.2417884895319971,0.1191031881680957,0.013869784928196079,0.192739626785405,1.1704098785013686,6.072492190744434,-1.7100278079587383,0.3014147188863641,0.2885903284796908,0.013430059206275515,2.38812706348263,0.7904439624409754,true
6.625,2.204798843054574,0.029422753647505413,1.0211089786681151,2.62516984054269,-0.0005352779000942617,-0.0012486998338335636,0.12078554613696516,-0.23799806355408326,0.1172125174171181,0.013344869868827816,0.1915340947962207,1.1670875710400073,6.0933672006632005,-1.7381366451450277,0.30354485636456785,0.2904583224080646,0.012918314073814259,2.3285802396029363,0.7708027680134556,true
6.675,2.204798843054574,0.028300075031066317,1.0034289996131514,2.5634492821680976,-0.0005260881919495803,-0.0012181391423468496,0.11890524426854512,-0.23424725937634813,0.11534201510780301,0.012835672115946327,0.19032789794474797,1.1637859201761824,6.114636544317999,-1.766499201926878,0.30566980574996966,0.29231846398502925,0.012422091309377374,2.2701284582831467,0.7515205373963758,true
6.725,2.204798843054574,0.02721140648860379,0.9858304644977435,2.502767602395733,-0.0005167415397536499,-0.001187875257105231,0.11704451392645884,-0.2305362999048695,0.11349178597841067,0.012341899840125344,0.1891211678323641,1.1605053579850297,6.1363060057544425,-1.7951170982398772,0.3077894576010297,0.29417066860369157,0.011941090834861652,2.212765195524543,0.7325952029980468,true
6.775,2.204798843054574,0.02615610100062745,0.9683211094641218,2.4431208944199265,-0.0005072485506260781,-0.0011579215844858964,0.11520346244909956,-0.22686538623286046,0.1116619237837609,0.01186325958171778,0.18791403516627703,1.1572463117129341,6.158381467828823,-1.8239919545327092,0.3099037002836179,0.29601485072621386,0.011475011623349626,2.1564834657468612,0.7140245441157753,true
6.825,2.204798843054574,0.02513350877878796,0.9509083969334897,2.3845047846610035,-0.000497620294998442,-0.0011282910269606594,0.11338218649686993,-0.22323469795380368,0.10985251145693375,0.011399456625243633,0.18670662973532992,1.1540092048456008,6.180868919767294,-1.8531253852360041,0.3120124199336306,0.29785092386540946,0.011023552070803147,2.101275840122988,0.6958061929032864,true
6.875,2.204798843054574,0.024142978051883528,0.9335995158814557,2.326914447967141,-0.00048786827990409954,-0.0010989959694456403,0.1115807722080429,-0.21964439348329196,0.10806362127524906,0.010950195355888044,0.18549908038641122,1.1507944581901697,6.2037744650429625,-1.8825189919130805,0.31411550041820074,0.29967880056520374,0.010586410347451116,2.047134464839532,0.6779376403207399,true
6.925,2.204798843054574,0.023183855812403467,0.9164013824212893,2.2703446228389974,-0.00047800441718516616,-0.001070048266934534,0.10979929535859989,-0.21609461038900338,0.10629531503040349,0.010515179598100693,0.18429151500151877,1.1476024909563654,6.227104329501593,-1.9121743561592106,0.3162128232958912,0.3014983923803023,0.010163284728869623,1.9940510792638924,0.6604162420609271,true
6.975,2.204798843054574,0.02225548852387197,0.8993206406845806,2.2147896266567555,-0.0004680409867404973,-0.0010414592334227618,0.1080378215257968,-0.2125854657283291,0.10454764420253229,0.010094112936415893,0.18308406047545625,1.1444337218208445,6.250864869660591,-1.9420930323250165,0.31830426777577137,0.30330960985498007,0.00975387390690782,1.9420170339961842,0.6432392244444338,true
7.025,2.204798843054574,0.021357222789584428,0.8823636639908101,2.160243370894322,-0.0004579905950379129,-0.0010132396321261006,0.10629640625513377,-0.2091170563931471,0.10282065013801332,0.009686699018762042,0.18187684269422105,1.1412885699581066,6.275062581094442,-1.972276540147412,0.3203897106754358,0.30511236250104123,0.009357877280787066,1.89102330878901,0.626403690278008,true
7.075,2.204798843054574,0.02048840598362062,0.8655365562958177,2.1066993763017297,-0.000447866129212628,-0.000985399666992584,0.1045750952303374,-0.20568945946119177,0.10111436423085438,0.009292641842661509,0.18066998651404798,1.1381674560213084,6.299704106818043,-2.0027263573773353,0.3224690263781878,0.3069065587751421,0.008974995228861011,1.8410605303148944,0.6099066246692604,true
7.125,2.204798843054574,0.01964838684531317,0.8488451539103549,2.054150788041115,-0.00043768070716808843,-0.0009579489755034698,0.1028739244460879,-0.2023027325535447,0.0994288081074568,0.008911646024855441,0.1794636157411449,1.1350708030561334,6.324796245570686,-2.0334439124988655,0.3245420867895987,0.30869210605565306,0.008604929361683642,1.792118989765394,0.5937449007921477,true
7.175,2.204798843054574,0.018836516038623546,0.8322950274780869,2.002590390758525,-0.00042744762418466404,-0.000930896622754071,0.10119292038315142,-0.19895691419772688,0.09776399381457546,0.00854341705501217,0.17825785311207604,1.131999037331672,6.350345959905342,-2.0644305776360654,0.3266087612936115,0.3104689106191993,0.00824738275718326,1.7441886602636283,0.5779152855968713,true
7.225,2.204798843054574,0.018052146678121675,0.8158914842041074,1.9520106235776753,-0.00041718029661799635,-0.0009042510968032824,0.09953210018568392,-0.1956520241959386,0.09611992401025468,0.008187661534288479,0.1770528202748016,1.128952589072886,6.376360383984011,-2.0956876617453237,0.32866891670862386,0.3122368776172425,0.007902060178872534,1.6972592140752878,0.562414445458872,true
7.275,2.204798843054574,0.017294634823464945,0.7996395703234418,1.9024035950004854,-0.0004068922033381883,-0.0008780203052763808,0.09789147184045346,-0.19238806399798553,0.09449659215753206,0.007844087399603584,0.17584863777034757,1.1259318930805553,6.402846830983045,-2.1272164041894093,0.3307224172437076,0.3139959110528246,0.0075686682781390315,1.6513200396028866,0.5472389517614477,true
7.325,2.204798843054574,0.016563339944459115,0.7835440737997627,1.8537610977001546,-0.0003965968256114755,-0.0008522115732039759,0.09627103435767095,-0.1891650170784041,0.09289398272073315,0.007512404134570354,0.17464542501506647,1.122937389226397,6.4298128000176495,-2.1590179687848923,0.332769124455509,0.31574591375792144,0.0072469157817611,1.606360258148644,0.5323852864066899,true
7.375,2.204798843054574,0.015857625358880446,0.7676095272443382,1.8060746231933382,-0.0003863075861620785,-0.0008268316420759619,0.09467077795331023,-0.18598284931740702,0.09131207136409679,0.007192322968072209,0.1734433002834504,1.1199695228127369,6.457265982499308,-2.1910934384101135,0.3348088972063148,0.3174867873717967,0.006936513665852677,1.5623687404325501,0.5178498472497921,true
7.425,2.204798843054574,0.015176858645337542,0.7518402110448144,1.7593353763791781,-0.0003760377881696298,-0.0008018866700888055,0.09309068423279845,-0.18284150938527147,0.08975082515247301,0.00688355706151914,0.17224238069147552,1.1170287447885188,6.485214267848319,-2.223443810251718,0.33684159162352584,0.3192184323205325,0.006637175317495105,1.5193341228539161,0.5036289534523329,true
7.475,2.204798843054574,0.014520412033452217,0.736240156693349,1.7135342899322676,-0.00036580055495889286,-0.000777382233561219,0.09153072637589524,-0.17974092912977896,0.08821020275388372,0.006585821685816624,0.17104278218041447,1.1141155118158286,6.513665748494836,-2.256069991758809,0.33886706106103937,0.3209407477981302,0.00634861668531981,1.4772448234840911,0.4897188507499416,true
7.525,2.204798843054574,0.013887662773617224,0.7208131503043528,1.6686620385388906,-0.000355608771121112,-0.0007533233294915592,0.08999086932268971,-0.1766810239663756,0.0866901546436859,0.006298834389071507,0.16984461950108665,1.1112302861836607,6.542628724111871,-2.288972797362309,0.3408851560631165,0.32265363174963224,0.006070556420296304,1.4360890577802978,0.4761157166304854,true
7.575,2.204798843054574,0.01327799348851138,0.7055627363109185,1.624709052965375,-0.0003454750257723661,-0.0007297143792282107,0.0884710699606733,-0.17366169327075132,0.08519062331007801,0.0060223151560238365,0.16864800619850043,1.1083735355684454,6.57211170503776,-2.322152946004035,0.3428957243309471,0.324356980856399,0.005802716007941122,1.3958548540107858,0.4628156654190398,true
7.625,2.204798843054574,0.012690792508409396,0.6904922213296975,1.5816655339477892,-0.0003354115586048615,-0.0007065592332240883,0.08697127731277714,-0.1706828207735097,0.08371154346073258,0.005755986560128682,0.1674530545968223,1.1055457326434583,6.602123414859689,-2.355611059507224,0.34489861069254124,0.32605069052402474,0.005544819893091036,1.356530068381774,0.4498147532659961,true
7.675,2.204798843054574,0.01212545419217343,0.6756046781843097,1.539521465894276,-0.00032543020932419706,-0.0006838611768426872,0.08549143272634228,-0.16774427495665828,0.082252842230316,0.005499573909143827,0.16625987578464954,1.1027473545419073,6.632672792142925,-2.3893476618053042,0.34689365707641423,0.32773465487323167,0.005296595598302241,1.3181023998588004,0.43710898303542833,true
7.725,2.204798843054574,0.011581379235589257,0.6609029500762689,1.4982666303898593,-0.00031554237099150155,-0.0006616229371826654,0.08403147006305932,-0.16484590945168878,0.08081443938862946,0.0052528053849775136,0.165068579600521,1.0999788821810037,6.663768991306762,-2.423363179031885,0.348880702489328,0.32940876673390185,0.005057773836822673,1.2805594046744377,0.4246943090906502,true
7.775,2.204798843054574,0.011057974968484367,0.6463896548934885,1.4578906194959569,-0.0003057589477057113,-0.000639846690887097,0.08259131588989055,-0.161987563439027,0.07939624754913646,0.00501541217844818,0.16387927461864624,1.0972407994565265,6.695421382660197,-2.457657940460809,0.35085958299846887,0.33107291764250435,0.00482808862096267,1.2438885105164372,0.4125666419746567,true
7.825,2.204798843054574,0.010554655641807749,0.6320671896460613,1.4183828488363903,-0.0002960903169748732,-0.0006185340729001898,0.08117088967094688,-0.1591690620486198,0.07799817237767293,0.004787128619491251,0.16269206813481468,1.094533592319544,6.727639551625587,-2.492232180271176,0.3528301317183872,0.3327269978431219,0.004607277366553806,1.2080770303903166,0.40072185298317564,true
7.875,2.204798843054574,0.01007084270558175,0.6179377350191992,1.3797325704623131,-0.00028654629703285886,-0.0005976861861345106,0.07977010396033529,-0.15639021676146414,0.07662011280112885,0.004567692303225901,0.16150706615245247,1.0918577477486868,6.760433297191109,-2.527086040099649,0.35479217880302255,0.33437089629227673,0.004395080994042102,1.1731121761511254,0.3891557786283572,true
7.925000000000001,2.204798843054574,0.009605965078360203,0.6040032600330686,1.34192888548872,-0.0002771361192663431,-0.000577303612009604,0.07838886459596231,-0.15365082581187822,0.07526196121591591,0.004356844212169442,0.16032437336879843,1.0892137526327401,6.793812629644232,-2.5622195723311347,0.3567455514429846,0.33600450066762433,0.0041912440266150194,1.1389810716996922,0.3778642249913819,true
7.975,2.204798843054574,0.009159459408567203,0.5902655267999055,1.3049607564962282,-0.00026786840582809416,-0.0005573864218205646,0.07702707089427191,-0.1509506745903269,0.073923603696055,0.0041543288347691155,0.15914409316118633,1.0866020925794642,6.827787767648518,-2.5976327440681883,0.3586900738684119,0.3376276973807063,0.0039955146856219675,1.1056707658395664,0.36684297196262605,true
8.025,2.204798843054574,0.008730770327826532,0.5767260953685198,1.268817019691734,-0.0002587511524276867,-0.0005379341888947856,0.07568461584595121,-0.14828953604665174,0.07260492020070053,0.00395989428030121,0.15796632757341533,1.0840232506671854,6.862369134734631,-2.6333254417115453,0.36062556735754225,0.33924037159379605,0.0038076449834073328,1.0731682447910778,0.3560877773681567,true
8.075,2.204798843054574,0.008319350696160781,0.5633863286464886,1.2334863968223209,-0.0002497917162125357,-0.0005189460014928121,0.07436138631256171,-0.14566717109352817,0.07130578478096646,0.0037732923900826165,0.15679117730221281,1.0814777061560683,6.897567355282594,-2.6692974760769594,0.3625518502509957,0.34084240724075693,0.003627390813550294,1.0414604443599194,0.34559438098170775,true
8.125,2.204798843054574,0.00792466183872383,0.5502473973907668,1.1989575068369065,-0.00024099680858238724,-0.0005004204764076717,0.07305726322402151,-0.14308332900997037,0.07002606578594886,0.0035942788448422983,0.15561874168378037,1.0789659331760018,6.933393250078303,-2.705548587968574,0.3644687379720019,0.34243368705202576,0.0034545120383895423,1.0105342617576047,0.33535850842132187,true
8.175,2.204798843054574,0.007546173773548204,0.5373102852574982,1.1652188772906071,-0.00023237249271826536,-0.0004823557732156758,0.07177212177691,-0.1405377478447317,0.06876562606782169,0.0034226132680174937,0.1544491186804269,1.076488399407673,6.969857831529955,-2.742078454125863,0.366376043052637,0.34401409258369603,0.0032887725736115343,0.9803765670718615,0.3253758749301218,true
8.225,2.204798843054574,0.0071833654296366,0.5245757939019604,1.1322589554873148,-0.00022392418555603423,-0.0004647496091301287,0.0705058316334953,-0.13803015481942774,0.06752432318593243,0.0032580593246704617,0.1532824048673056,1.0740455647726976,7.006972298630646,-2.7788866934599903,0.3682735751660114,0.34558350425056933,0.0031299404695975235,0.9509742143856511,0.31564218904092367,true
8.275,2.204798843054574,0.00683572485461554,0.5120445481200591,1.1000661193560628,-0.0002156566638931557,-0.0004475992744083987,0.06925825712138936,-0.1355602667312148,0.06630200960982544,0.0031003848156710683,0.15211869541925505,1.0716378801479358,7.044748031755003,-2.81597287349496,0.37016114116463733,0.34714180136328726,0.0029777879891612993,0.9223140525434154,0.3061531561244022,true
8.325,2.204798843054574,0.006502749411085064,0.49971700102282723,1.0686286880576295,-0.00020757407428489817,-0.00043090164826067173,0.06802925743375483,-0.1331277903548736,0.06509853292111877,0.00294936176675239,0.15095808409777764,1.069265786117787,7.083196587373279,-2.853336516931551,0.37203854512484724,0.3486888621693546,0.0028320916812609527,0.8943829355642966,0.29690448182092155,true
8.375,2.204798843054574,0.006183945960755156,0.4875934392355681,1.037934932317564,-0.00019967994636500266,-0.0004146532152086331,0.06681868682992917,-0.13073242284412825,0.06391373601419909,0.0028047665120269154,0.14980066323816246,1.0669297117770937,7.122329692765259,-2.890977108254748,0.37390558839730004,0.35022456389801004,0.0026926324502401537,0.867167732701756,0.2878918753560545,true
8.425,2.204798843054574,0.005878831035450638,0.4756739881139332,1.007973084482988,-0.00019197720921268209,-0.0003988500818408562,0.06562639483632816,-0.1283738521320306,0.06274745729570243,0.002666379771546861,0.14864652373678805,1.0646300735957606,7.162159240810276,-2.928894100309802,0.3757620696636579,0.3517487828089324,0.0025591956201437326,0.8406553381500412,0.27911105274015924,true
8.475,2.204798843054574,0.005586930994083578,0.4639586169689732,0.9787313482999835,-0.00018446821038264346,-0.00038348799391082003,0.06445222644751186,-0.12605175733025487,0.061599530882743,0.0025339867224999663,0.14749575503861403,1.0623672743546955,7.202697284925727,-2.967086920777709,0.3776077849994137,0.353261394244694,0.0024315709936556643,0.8148326803976841,0.27055773985229276,true
8.525,2.204798843054574,0.005307782164745332,0.4524471442939807,0.9501979084097903,-0.0001771547372175443,-0.00036856235372378574,0.06329602232725759,-0.12376580912713606,0.06046978679987847,0.0024073770636562114,0.14634844512490444,1.0601417021610002,7.243956034218184,-3.00555497848708,0.37944252794290667,0.35476227268691485,0.0023095529052281952,0.7896867312293535,0.2622276754091163,true
8.575,2.204798843054574,0.00504093097114118,0.4411392429858647,0.922360939561579,-0.0001700380400712134,-0.00035406823775746554,0.06215761900949783,-0.12151567018428966,0.05935805117479183,0.002286345072713015,0.14520468050119617,1.0579537295487984,7.285947848906173,-3.044297669506322,0.38126608957060354,0.3562512918161123,0.0021929402680016864,0.7652045143770829,0.25411661381933404,true
8.625,2.204798843054574,0.004785934042689259,0.4300344455541558,0.8952086155404513,-0.00016311885708452268,-0.0003400004144626066,0.061036849098989945,-0.11930099553166117,0.05826414643267122,0.0021706896562312806,0.14406454618554784,1.0558037126704662,7.32868523606526,-3.0833143829671417,0.3830782585785716,0.3577283245751128,0.0020815366141585826,0.7413731138227754,0.24622032792447904,true
8.675,2.204798843054574,0.004542358307715466,0.4191321493112888,0.8687291178097846,-0.00015639744017470006,-0.0003263533621889539,0.059933541471549945,-0.11712143296083818,0.05718789148928824,0.0020602143919045187,0.14292812569709945,1.0536919905814708,7.3721808457385665,-3.122604506578137,0.38487882137034873,0.359193243236126,0.0019751501284052393,0.7181796817541338,0.2385346116269294,true
8.725,2.204798843054574,0.00430978106930067,0.4084316215376024,0.8429106438668119,-0.00014987358191964918,-0.00031312128718349527,0.05884752147371232,-0.11497662341646989,0.05612910194275757,0.001954727562959807,0.14179550104495459,1.0516188846206478,7.416447467449933,-3.1621674317945976,0.3866675621512021,0.3606459194714075,0.001873593674332975,0.6956114461761853,0.23105528240601156,true
8.775,2.204798843054574,0.00408779006347027,0.3979320046153162,0.8177414153117066,-0.00014354664304307832,-0.00030029814160809076,0.057778611121668086,-0.1128662013856408,0.05508759026397271,0.001854042184550025,0.14066675271743145,1.0495846978862493,7.461498027146713,-3.202002558618353,0.3884442630288888,0.3620862244275368,0.0017766848134718532,0.6736557181816651,0.22377818372339484,true
8.825,2.204798843054574,0.0038759834995539806,0.3876323211255715,0.7932096856298938,-0.00013741558023146685,-0.0002878776415253005,0.05672662929934442,-0.11078979528504537,0.054063165985700955,0.001757976022059279,0.13954195967169228,1.0475897148070548,7.507345584595302,-3.2421093000080745,0.3902087041210069,0.3635140288033192,0.0016842458169152958,0.6522998988831551,0.21669918731882348,true
8.875,2.204798843054574,0.0036739700826798694,0.37753147890325855,0.7693037476883724,-0.00013147897403965859,-0.00027585328480233574,0.055691391955500325,-0.10874702784581934,0.05305563589031902,0.0016663516013052126,0.1384211993237826,1.0456342008065498,7.554003331243322,-3.2824870858880364,0.39196066366911453,0.36492920293139314,0.001596103669457468,0.6315314860106965,0.20981419539748483,true
8.925,2.204798843054574,0.0034813690185044746,0.36762827604426723,0.7460119409468351,-0.0001257350566684111,-0.00026421836888474576,0.05467271229970109,-0.10673751649587514,0.05206480419617405,0.0015789962106843788,0.1373045475391046,1.0437184020573316,7.601484588557263,-3.3231353667490042,0.39369991815955974,0.36633161686343935,0.0015120900662503433,0.6113380801788193,0.20311914271035478,true
8.975,2.204798843054574,0.0032978100004118324,0.3579214058604674,0.7233226583849525,-0.00012018173942266835,-0.0002529660083936281,0.05367040099705574,-0.10476087373959891,0.05109047274254318,0.0014957418953662812,0.13619207862334304,1.041842545322118,7.649802806839226,-3.364053616840493,0.3954262424513533,0.36772114045920035,0.0014320414020489002,0.5917073908271812,0.19660999852891956,true
9.025,2.204798843054574,0.0031229331795331935,0.34840946177770193,0.7012243531475228,-0.00011481663968448628,-0.00024208915250188007,0.05268426636159497,-0.10281670753476219,0.050132441173167216,0.0014164254436956332,0.13508386531387107,1.0400068378768912,7.698971564519617,-3.4052413369598367,0.39713940991107505,0.3690976434792488,0.001355798753169368,0.5726272418394996,0.19028276851581108,true
9.075,2.204798843054574,0.0029563891180572574,0.3390909421723339,0.6797055449092453,-0.00010963710725830739,-0.00023158060204759093,0.051714114548165796,-0.10090462166649677,0.04919050711833098,0.0013408883660159284,0.13397997877164428,1.038211467511443,7.749004567921097,-3.4466980568464645,0.39883919255496514,0.37046099568157353,0.001283207852341118,0.5540855768454798,0.18413349649287214,true
9.125,2.204798843054574,0.0027978387263994757,0.3299642551424467,0.6587548259617306,-0.00010464024996839856,-0.00022143302634500955,0.050759749742752554,-0.09902421611819809,0.048264466375445535,0.0012689768661721956,0.13288048857361018,1.036456602601958,7.799915651482609,-3.4884233371949005,0.40052536119843674,0.3718110669221225,0.0012141190566795081,0.5360704642110533,0.17815826610835483,true
9.175,2.204798843054574,0.0026469531848897342,0.3210277232096979,0.6383608670252773,-9.982295840953726e-5,-0.00021163897965614624,0.049820974351117014,-0.0971750874392098,0.047354113088092786,0.0012005418059919655,0.13178546270565,1.034742392250077,7.851718778430291,-3.5304167713027743,0.4021976856130032,0.37314772725924994,0.0011483873090503683,0.5185701017223668,0.17235320240497212,true
9.225,2.204798843054574,0.002503413850717401,0.3122795879482261,0.6185124227883284,-9.518192977089902e-5,-0.0002021909172887637,0.048897589185653824,-0.09535682910914023,0.046459239923486405,0.0011354386630796302,0.1306949675560642,1.0330689664828534,7.904428041880786,-3.5726779863719487,0.40385593469077424,0.3744708470621455,0.0010858720931344857,0.5015728209691379,0.16671447329056577,true
9.275,2.204798843054574,0.0023669121509333367,0.3037180145373239,0.5991983371779137,-9.071369067053762e-5,-0.00019308121128925118,0.04798939365037365,-0.09356903189866836,0.04557963824829471,0.0010735274822868501,0.12960906790962126,1.0314364365077198,7.958057666358337,-3.6152066444843043,0.40549987661667247,0.3757802971233279,0.0010264373825296844,0.4850670914333706,0.16123829091326647,true
9.325,2.204798843054574,0.002237149462363904,0.2953410962346883,0.5804075483645992,-8.641461895386284e-5,-0.00018430216570168578,0.04709618592392251,-0.09181128422668841,0.044715098302765904,0.0010146728212468176,0.1285278269421872,1.0298448950168166,8.012622009707274,-3.6580024432737255,0.40712927904834356,0.37707594877514045,0.0009699515842547377,0.46904152428961404,0.1559209129430685,true
9.375,2.204798843054574,0.0021138369793291386,0.2871468587673688,0.5621290935055673,-8.228096442344612e-5,-0.00017584603136744023,0.04621776314052452,-0.09008317251362885,0.04386540937310433,0.0009587436903770256,0.12745130621594059,1.0282944165351011,8.06813556538105,-3.7010651163173542,0.40874390930394267,0.3783576740103642,0.0009162874770375426,0.4534848759229628,0.1507586437617405,true
9.425,2.204798843054574,0.0019966955700853103,0.27913326463780475,0.544352113229918,-7.830886847985415e-5,-0.00016770502024220004,0.04535392156877306,-0.08838428153079622,0.04303035996202316,0.0009056134877679121,0.12637956567519193,1.0267850578067752,8.12461296508737,-3.74439443326965,0.4103435345578475,0.3796253456069564,0.0008653221447838749,0.4383860511713932,0.14574783556311474,true
9.475,2.204798843054574,0.001885455622929035,0.2712982173424008,0.5270658558703087,-7.449438266428033e-5,-0.0001598713192104079,0.044504456788176334,-0.08671419474557858,0.042209737957402245,0.00085515992938244,0.12531266364281982,1.0253168582148953,8.182068981770016,-3.7879901997622505,0.41192792204418,0.3808788372567973,0.0008169369056319798,0.42373410629909347,0.14088488936581592,true
9.525,2.204798843054574,0.00177985688290507,0.2636395655006081,0.5102596814453937,-7.083348610335976e-5,-0.0001523371033798366,0.043669163863346266,-0.08507249466233163,0.041403330798985366,0.000807264974993918,0.12425065681733191,1.0238898402292373,8.240518532908178,-3.831852257092852,0.4134968392684255,0.38211802369865544,0.0007710172370014722,0.40951825170752926,0.13616625594051154,true
9.575000000000001,2.204798843054574,0.0016796482800571332,0.25615510689226917,0.49392306539745956,-6.732210186435092e-5,-0.0001450945488416953,0.04284783751576392,-0.08345876315878563,0.04061092564302171,0.0007618147502881096,0.1231936002705612,1.022504009877816,8.299976684114794,-3.8759804817254637,0.4150500542268288,0.3833427808551005,0.0007274526970447927,0.3957278543911416,0.1315884366538206,true
9.625,2.204798843054574,0.0015845877501507342,0.24884259240159468,0.4780456020901823,-6.39561122362068e-5,-0.00013813584488442474,0.042040272293010925,-0.08187258181778559,0.039832309524774664,0.0007186994655509767,0.12214154744601563,1.0211593572377957,8.360458653015918,-3.9203747846230885,0.41658733563363887,0.38455298597341575,0.0006861368429055977,0.3823524401447831,0.12714798423108148,true
9.675,2.204798843054574,0.0014944420487768848,0.24169972986613045,0.4626170080712856,-6.0731372957765405e-5,-0.0001314532056518672,0.04124626273536947,-0.08031353225417681,0.03906726951880734,0.0006778133313542808,0.12109455015788737,1.0198558569418559,8.421979813394836,-3.965035110433254,0.4181084531561196,0.38574851777044067,0.0006469671461803045,0.3693816955299099,0.12284150344015803,true
9.725,2.204798843054574,0.001408986559721613,0.2347241878291976,0.44762712510500835,-5.764372641901692e-5,-0.00012503888123903753,0.04046560353969188,-0.07878119643664326,0.038315592896951384,0.0006390544716404032,0.12005265859072954,1.0185934686964324,8.48455569958605,-4.0099614365453276,0.41961317765703976,0.3869292565811236,0.00060984490596884,0.35680546960664866,0.11866565169849504,true
9.775,2.204798843054574,0.0013280050984562555,0.2279135991948233,0.43306592297973356,-5.46890138656191e-5,-0.00011888516822102131,0.03969808972042756,-0.07727515700429191,0.037577067283864354,0.0006023248345941662,0.11901592129981972,1.0173721378085656,8.548202011104431,-4.055153772037098,0.42110128144472403,0.38809508451086083,0.0005746751598879734,0.34461377543904403,0.1146171396057029,true
9.825000000000001,2.204798843054574,0.0012512897115691964,0.22126556478385706,0.4189235020956524,-5.1863086639751025e-5,-0.00011298441961284794,0.0389435167676988,-0.07579499757777372,0.03685148081007492,0.0005675301016738714,0.11798438521220238,1.0161917957185307,8.612934617499134,-4.100612156526558,0.42257253853022925,0.3892458855912983,0.0005413665934056822,0.33279679138050133,0.11069273140385823,true
9.875,2.204798843054574,0.0011786404729223219,0.21477765679064803,0.40519009583807614,-4.91618164928537e-5,-0.00010732905426029133,0.03820168080232506,-0.07434030306473013,0.03613862226240507,0.0005345795951568122,0.11695809562843683,1.01505236053557,8.678769563419372,-4.146336658943697,0.4240267248915393,0.39038154593954033,0.0005098314478388022,0.32134486214687064,0.10688924536785786,true
9.925,2.204798843054574,0.0011098652772759147,0.2084474221394893,0.39185607274169093,-4.6581105007808574e-5,-0.00010191156566355299,0.0374723787276684,-0.07291065995933585,0.03543828123166745,0.0005033861845365832,0.1159370962250591,1.013953737574496,8.745723073883026,-4.192327376234976,0.4254636187443164,0.39150195392043835,0.00047998542733899963,0.31024849968440227,0.1032035541280961,true
9.975,2.204798843054574,0.0010447796320829997,0.20227238574032358,0.37891193845102367,-4.41168921691773e-5,-9.672453023770212e-5,0.036755408378182336,-0.07150565663570599,0.03475024825752365,0.0004738661920901321,0.11492142905774667,1.0128958198912246,8.813811559741884,-4.238584432012338,0.4268830008190831,0.3926070003119051,0.000451747605173332,0.29949838383958277,0.09963258492767073,true
10.025,2.204798843054574,0.000983206448112949,0.1962500536434475,0.36634833748296186,-4.176516412104893e-5,-9.176061501532965e-5,0.03605056866454959,-0.07012488363493533,0.03407431497038574,0.0004459392979138153,0.1139111345652271,1.0118784888154315,8.883051623333765,-4.2851079751564,0.4282846546442171,0.39369657847282413,0.0004250403295876857,0.28908536283842806,0.09617331981651664,true
10.075000000000001,2.204798843054574,0.0009249758295191179,0.1903779160928924,0.35415605479649814,-3.952196015243446e-5,-8.701258479874982e-5,0.035357659715274964,-0.06876793394552136,0.033410274230246395,0.00041952844470729005,0.11290625157390756,1.0109016144789607,8.953460064319222,-4.331898178382792,0.42966836683445225,0.3947705845133779,0.0003997891295215415,0.2790004535820682,0.09282279578462875,true
10.125,2.204798843054574,0.0008699248639238305,0.18465345047859405,0.34232601717559874,-3.738337895015096e-5,-8.24733087702598e-5,0.03467648301461397,-0.06743440327692649,0.032757920262312515,0.0003945597425652757,0.11190681730325802,1.009965056338707,9.025053885696588,-4.378955236778289,0.43103392738435903,0.39582891746745363,0.000375922620424306,0.2692348417660269,0.08957810483673068,true
10.175,2.204798843054574,0.0008178974130492761,0.17907412418734472,0.33084929443060007,-3.534558415898946e-5,-7.813576657050457e-5,0.03400684153670552,-0.06612389032602466,0.03211704878931913,0.00037096237401691674,0.11091286737194467,1.0090686636929045,9.097850299992764,-4.426279366313419,0.4323811299662031,0.39687147946674134,0.00035337241040377397,0.2597798818301576,0.0864363940106068,true
10.225,2.204798843054574,0.0007687439043826075,0.17363739735282,0.3197171004238142,-3.340480928841855e-5,-7.399305385613055e-5,0.03334853987577241,-0.06483599703617224,0.03148745716039983,0.0003486684995342132,0.10992443580472448,1.0082122761900476,9.171866735628178,-4.473870802335432,0.43370977223161267,0.3978981759161693,0.0003320730069195281,0.25062709674629596,0.08339486534135555,true
10.275,2.204798843054574,0.000722321124321391,0.16834072550509607,0.30892079392497834,-3.1557362004413136e-5,-7.003838734901844e-5,0.032701384372256954,-0.06357032884864353,0.03086894447638657,0.00032761316371187515,0.10894155504010873,1.0073957243297225,9.247120843454384,-4.521729798045536,0.43501965611648225,0.3989089156703343,0.000311961724215516,0.24176817765058314,0.08045077577379316,true
10.325000000000001,2.204798843054574,0.000678492013206231,0.16318156212012658,0.29845187930211103,-2.9799627844148355e-5,-6.626510939030045e-5,0.03206518323475617,-0.06232649494616581,0.03026131171140964,0.0003077342023031154,0.10796425593879894,1.0066188299548244,9.323630503464411,-4.569856622962841,0.4363105881483726,0.3999036112104599,0.00029297859166873365,0.23319498332730848,0.07760143702520969,true
10.375,2.204798843054574,0.0006371254626095665,0.15815736106984835,0.28830200705340225,-2.8128073390288325e-5,-6.26666920133189e-5,0.03143974665761866,-0.06110410848828857,0.029664361830669908,0.0002889721502787437,0.10699256779290181,1.0058814067347823,9.40141383167659,-4.6182515613762,0.4375823797557454,0.4008821788214891,0.00027506626321423266,0.22489953955106431,0.07484421540066669,true
10.425,2.204798843054574,0.0005980961152126526,0.15326557897365728,0.2784629741857115,-2.653924894048044e-5,-5.923674055028326e-5,0.030824886934074758,-0.05990278683832515,0.029077899904250394,0.0002712701510601474,0.10602651833592773,1.0051832606394642,9.48048918719282,-4.666914910784769,0.4388348475782321,0.4018445387688196,0.0002581699279903925,0.21687403829390609,0.07217653156299945,true
10.475,2.204798843054574,0.0005612841675684531,0.14850367745213508,0.2689267244452783,-2.5029790706503698e-5,-5.5968996788130325e-5,0.030220418564772505,-0.05872215178160635,0.028501733216833844,0.0002545738670611957,0.10506613375358281,1.0045241904035525,9.56087517943238,-4.715846980326822,0.4400678137770701,0.40279061547414763,0.00024223722233325542,0.2091108368041586,0.06959586025967594,true
10.525,2.204798843054574,0.0005265751760148976,0.14386912528397838,0.259685348406135,-2.359642257626699e-5,-5.285734168954852e-5,0.029626158361586427,-0.05756182973478444,0.02793567137319801,0.00023883139165900932,0.10411143869535602,1.003903987981261,9.642590675543522,-4.765048089195868,0.4412811063448362,0.40372033768989507,0.00022721814323407497,0.2016024565633374,0.0670997300086126,true
10.575000000000001,2.204798843054574,0.0004938598659721429,0.1393594004672148,0.25073108342175254,-2.2235957470545113e-5,-4.9895797695577015e-5,0.02904192554657329,-0.05642145194593197,0.02737952639935868,0.00022399316269956817,0.10316245628690987,1.0033224389913185,9.725654807994607,-4.814518565042196,0.4424745594135036,0.40463363867162255,0.00021306496336060654,0.19434158212760763,0.06468572274503834,true
10.625,2.204798843054574,0.00046303394482790803,0.13497199218587697,0.24205631344533407,-2.0945298325035197e-5,-4.707853062654128e-5,0.028467541845945164,-0.055300654685181375,0.02683311283923621,0.00021001187763070993,0.10221920814327277,1.002779323152212,9.810086982347716,-4.864258742357622,0.4436480135599471,0.40553045634791707,0.00019973214772966622,0.18732105986000797,0.06235147343143737,true
10.675,2.204798843054574,0.0004339979185878027,0.13070440268339678,0.23365356872413184,-1.972143872695514e-5,-4.439985119831895e-5,0.027902831578938025,-0.05419907942566017,0.026296247846722146,0.00019684241034276532,0.10128171438283143,1.0022744147077551,9.895906885218105,-4.914268960840338,0.4448013161079649,0.4064107334872043,0.00018717627210646754,0.18053389655956578,0.06009466963257384,true
10.725,2.204798843054574,0.00040665691244175944,0.1265541490440787,0.22551552537316638,-1.856146323405245e-5,-4.185421617112356e-5,0.02734762174146628,-0.05311637301448818,0.025768751273021903,0.00018444172978536607,0.10034999364212767,1.0018074828430135,9.983134492421605,-4.964549563736511,0.4459343214257913,0.40727441786087504,0.00017535594319491944,0.17397325799336077,0.05791305105758236,true
10.775,2.204798843054574,0.00038092049537389753,0.12251876488405986,0.21763500483359804,-1.7462547402553438e-5,-3.943622914808387e-5,0.02680174208445355,-0.05205218783360932,0.02525044574915577,0.00017276882041817584,0.09942406309145697,1.0013782920906842,10.071790077313063,-5.015100896154785,0.4470468912180525,0.40812146240210173,0.00016423172067253497,0.16763246733741644,0.055804409071054294,true
10.825000000000001,2.204798843054574,0.0003567025089208931,0.11859580195323058,0.2100049732209516,-1.642195754924771e-5,-3.7140641040940125e-5,0.026265025186734445,-0.05100618195024188,0.024741156763507438,0.0001617846045432018,0.09850393845126605,1.000986602728037,10.161894219318613,-5.065923303349393,0.4481388948110388,0.4089518253596678,0.00015376604111384893,0.16150500353218425,0.05376658617501505,true
10.875,2.204798843054574,0.00033392090016346826,0.1147828316497497,0.20261854056837172,-1.54370502715936e-5,-3.49623502201254e-5,0.02573730652243422,-0.049978019256744846,0.024240712734310627,0.00015145186655706301,0.09758963400934512,1.0006321711645358,10.25346781266457,-5.1170171289672535,0.4492102094304526,0.4097654704463588,0.00014392314383718778,0.15558449955824674,0.051797475463646124,true
10.925,2.204798843054574,0.00031249755901652026,0.1110774464487182,0.19546895996994973,-1.450527174844905e-5,-3.289640236642916e-5,0.025218424522740833,-0.048967369599713234,0.0237489450769724,0.00014173517915293336,0.09668116263881162,1.0003147503202334,10.346532075304893,-5.168382713254353,0.4502607204703133,0.4105623669810984,0.0001346689987012602,0.1498647406377478,0.04989502005256908,true
10.975,2.204798843054574,0.00029235815986605165,0.10747726124672118,0.18854962662907843,-1.3624156842747278e-5,-3.0937990041293934e-5,0.02470822063199345,-0.04797390889812993,0.023265688266136477,0.0001326008314940027,0.0957785358168705,1.0000340899951183,10.441108558050974,-5.220020391216059,0.451290321752124,0.41134249002434325,0.00012597123587038687,0.14433966236685541,0.04805721248444541,true
11.025,2.204798843054574,0.0002734320075848352,0.10397991462398073,0.18185407681681745,-1.2791328026218755e-5,-2.9082451992577417e-5,0.024206539358030785,-0.04699731925042478,0.022790779892393996,0.00012401675937293981,0.09488176364435683,0.9997899372293854,10.537219153902697,-5.271930490726761,0.4522989157729923,0.41210582050593897,0.00011779907756005263,0.13900334878456444,0.04628209411264894,true
11.075000000000001,2.204798843054574,0.00025565188794426236,0.10058307002589328,0.17537598674509017,-1.200449414508753e-5,-2.7325272212416372e-5,0.02371322831674664,-0.04603728903030661,0.022324060713559975,0.00011595247736527154,0.09399085486605524,0.9995820366547322,10.63488610758163,-5.324113330583118,0.4532864139414841,0.412852345344704,0.000110123271768118,0.13385003038292953,0.04456775446469898,true
11.125,2.204798843054574,0.00023895392242609338,0.0972844168657663,0.16910917135942904,-1.1261449044507078e-5,-2.566207876350101e-5,0.023228138270805693,-0.045093512971250554,0.021865374700444862,0.0001083790129783639,0.09310581689178614,0.9994101308366793,10.73413202526606,-5.376569218496198,0.4542527368000075,0.41358205755902955,0.00010291602799098762,0.12887408206365525,0.042912330587089924,true
11.175,2.204798843054574,0.00022327742742578657,0.09408167155065494,0.16304758305592343,-1.056007006841836e-5,-2.408864238979914e-5,0.02275112316247096,-0.04416569223953897,0.021414569077068013,0.00010126884279223106,0.09222665581824589,0.9992739606079608,10.834979884527776,-5.429298449017131,0.4551978142327545,0.41429495636795155,9.615095491876268e-5,0.12407002104582086,0.04131400637310607,true
11.225,2.204798843054574,0.00020856477782785337,0.09097257843222781,0.15718531032684158,-9.89831645043481e-6,-2.2600874927389877e-5,0.02228204014050386,-0.04325353449577439,0.02097149435527053,9.45958305833032e-5,0.09135337645156694,0.9991732653930886,10.937453044473106,-5.482301301391264,0.4561215856585671,0.4149910472824056,8.980300009847545e-5,0.11943250472927062,0.03977101187513006,true
11.275,2.204798843054574,0.00019476127492356894,0.0879549106846153,0.15151657633929996,-9.27422761030959e-6,-2.11948275306976e-5,0.02182074958111751,-0.042356753944807424,0.020536004363689915,8.833516741769631e-5,0.09048598233055577,0.9991077835241706,11.041575256091205,-5.535578037336348,0.45702400020820555,0.41567034218645676,8.384839155008398e-5,0.11495632851804663,0.03828162260290482,true
11.325000000000001,2.204798843054574,0.0001818150186319676,0.08502647111116408,0.14603573745127885,-8.685921369345618e-6,-1.98666887289183e-5,0.02136711510295987,-0.041475071373990396,0.020107956271030528,8.246331369626325e-5,0.08962447575057815,0.9990772525476751,11.147370672806755,-5.589128898743863,0.4579050168852093,0.4163328594080676,7.826458131574551e-5,0.11063642360819043,0.036844158809192944,true
11.375,2.204798843054574,0.0001696767839780582,0.08218509288263673,0.1407372816703302,-8.131592097628043e-6,-1.8612782326897373e-5,0.020921003576105976,-0.04060821417961097,0.019687210603504993,7.69579431305327e-5,0.08876885778824188,0.9990814095210976,11.254863861202386,-5.642954105299448,0.45876460470957975,0.4169786237789947,7.30301909199845e-5,0.1064678547449795,0.035456984764526384,true
11.425,2.204798843054574,0.00015829990177867575,0.07942864020663024,0.13561582705537456,-7.609508806688886e-6,-1.7429565167512628e-5,0.020482285125430034,-0.039755916383327386,0.019273631257897352,7.179788862704763e-5,0.08791912832631553,0.9991199913066284,11.364079812055833,-5.6970538519710345,0.459602742840525,0.4176076666811555,6.812495871744945e-5,0.10244581795102656,0.034118508021526626,true
11.475,2.204798843054574,0.00014764014345737807,0.07675500893577858,0.13066612006648465,-7.118013193529041e-6,-1.6313624761532877e-5,0.02005083312780977,-0.03891791863440708,0.018867085506597308,6.696309004445701e-5,0.08707528607789992,0.9991927348563188,11.475043951763922,-5.7514283064846365,0.46041942072050174,0.41822002611128467,6.352968908934724e-5,0.09856563822519142,0.032827178668790126,true
11.525,2.204798843054574,0.00013765560995072094,0.07416212710631506,0.12588303388071095,-6.655517643798236e-6,-1.5261676806146637e-5,0.01962652420932476,-0.038093968205079376,0.018467443995754618,6.243454380627759e-5,0.0862373286159185,0.9992993774602883,11.58778215302727,-5.806077606713894,0.4612146380785345,0.4188157466425149,5.922620347153726e-5,0.0948227672440826,0.031581488584933384,true
11.575000000000001,2.204798843054574,0.0001283066246276749,0.07164795540986034,0.12126156670006373,-6.220503194287913e-6,-1.4270562600426136e-5,0.019209238224805275,-0.03728381896794129,0.018074580743136018,5.8194254333840384e-5,0.08540525241451492,0.9994396569004108,11.702320743103998,-5.861001858177486,0.46198840472396174,0.41939487923208363,5.5197293174613886e-5,0.09121278109371964,0.030379970702000398,true
11.625,2.204798843054574,0.00011955563009749567,0.06921048764782772,0.11679684002742599,-5.81151748786054e-6,-1.3337246373302278e-5,0.01879885809195345,-0.03648723129238922,0.01768837320043577,5.42251872428692e-5,0.08457905288027692,0.9996133116255258,11.818686513793141,-5.916201131771716,0.4627407411119919,0.41995748160967755,5.142667393313451e-5,0.08773137793386655,0.029221198245757855,true
11.675,2.204798843054574,0.00011136708846634229,0.06684775147205677,0.11248409642900613,-5.42717291469e-6,-1.2458812552745596e-5,0.018395268958378494,-0.03570397160504595,0.017308702646667458,5.0511224104259785e-5,0.0837587241286862,0.9998200824688467,11.936906786363311,-5.971675461086073,0.4634716871582067,0.42050362482733955,4.7898941967077244e-5,0.08437437462344907,0.028103783629098517,true
11.725,2.204798843054574,0.00010370738360910702,0.06455781049841663,0.10831869463507893,-5.066145544131444e-6,-1.1632463045512117e-5,0.017998355249295987,-0.03493381091351935,0.016935455664223366,4.70371181188705e-5,0.0829442574439309,1.0000597226811254,12.057009773788753,-6.027424835972845,0.46418134909018866,0.4210334281656634,4.459953084196719e-5,0.08113769836606133,0.027026375685167577,true
11.775,2.204798843054574,9.654472192437697e-5,0.06233877051125118,0.10429609595855052,-4.727176047657761e-6,-1.085551467906883e-5,0.01760799269792849,-0.03417652092118287,0.01656852822325438,4.3788449104328225e-5,0.082135635372195,1.0003320359540153,12.179025966269608,-6.083449184775345,0.46487006650964546,0.4215471835166784,4.1514667325106126e-5,0.07801736282564009,0.02598765172428238,true
11.825000000000001,2.204798843054574,8.984902536337031e-5,0.06018879454884238,0.1004118304340805,-4.40907394045955e-6,-1.0125397059954511e-5,0.01722403156896084,-0.03343186600815241,0.016207834439191566,4.0751574977648125e-5,0.08133281523672312,1.0006369827916692,12.30299209340371,-6.139748338415563,0.46553886286973434,0.4220456903827244,3.863132294326886e-5,0.07500940908541044,0.0249862978736535,true
11.875,2.204798843054574,8.35918103696001e-5,0.05810613183617678,0.09666142911018889,-4.1107247419172665e-6,-9.439651120293508e-6,0.016846269655210168,-0.03269959064033842,0.015853320985128254,3.791357684757775e-5,0.08053569383310996,1.000974909156644,12.42895989982918,-6.196321992053119,0.46619039143951424,0.42253095834131726,3.593715757623053e-5,0.07210978953994224,0.02402097039798598,true
11.925,2.204798843054574,7.774605466551651e-5,0.05608915934123351,0.09304032215443796,-3.8310950683139925e-6,-8.795928366854121e-6,0.016474422284247593,-0.03197940608453362,0.015504983800286025,3.5262198594863884e-5,0.07974405013419447,1.001346918809933,12.557011051292875,-6.253169739321318,0.46683045308694376,0.42300733199822965,3.342045536727283e-5,0.06931419650747916,0.02309023859659473,true
11.975,2.204798843054574,7.228607447251281e-5,0.05413641916280709,0.08954374062210323,-3.5692252686074605e-6,-8.191990194121742e-6,0.016108110191534308,-0.03127098680474101,0.015162876613206703,3.278579118463532e-5,0.0789574816068902,1.0017552887988987,12.68727508035769,-6.3102913246617796,0.4674696774032325,0.42348273266529374,3.107006406581787e-5,0.06661790189832388,0.022192531384563625,true
12.025,2.204798843054574,6.718745901490985e-5,0.05224661642553709,0.08616670965952636,-3.3241997835799165e-6,-7.625705821270499e-6,0.0157468937861303,-0.03057399007265972,0.01482709628652942,3.0473282960284467e-5,0.07817537873548824,1.0022036387056996,12.819939665360936,-6.367687235371491,0.4681242194419229,0.4239691630666566,2.887536283690241e-5,0.06401575542052672,0.021326136708362937,true
12.075000000000001,2.204798843054574,6.242710967774322e-5,0.05041854142315513,0.08290423030981536,-3.0950990014414807e-6,-7.095047219638341e-6,0.01539036680638253,-0.029888103862762375,0.014497737056379845,2.8314197403721154e-5,0.0773969964854907,1.0026964730911088,12.955237523707787,-6.425359503480458,0.46881396940705045,0.42448136190259095,2.6826286191664114e-5,0.06150249918137228,0.020489306404240595,true
12.125,2.204798843054574,5.798337922098223e-5,0.04865091808726334,0.07975165435306766,-2.880958654289179e-6,-6.598080590135551e-6,0.015038278723908763,-0.029213106326122194,0.014174827602213431,2.6298716276833152e-5,0.07662164343298969,1.0032379669519467,13.093401837945953,-6.483312166000487,0.4695577415588417,0.42503322059477533,2.491340585507341e-5,0.05907339795354554,0.019680466254685558,true
12.175,2.204798843054574,5.3836214705131066e-5,0.046942249044831526,0.07670507842171259,-2.680772125343601e-6,-6.1329561898532635e-6,0.014690611859665026,-0.028548899682713076,0.01385828782304805,2.44177444462667e-5,0.07584891419038524,1.0038304839289607,13.23460585617992,-6.541550678307993,0.4703673232049201,0.42563336989243183,2.3128021633315944e-5,0.05672489077043121,0.018898433150500292,true
12.225,2.204798843054574,4.996715588703408e-5,0.04529076527879064,0.07376146933921005,-2.493547276355816e-6,-5.697901098757334e-6,0.014347547334652938,-0.02789548871085595,0.013547941376203012,2.2662909155834165e-5,0.07507880876545507,1.0044738447336665,13.378926240980006,-6.600080147972896,0.4712443365460053,0.4262828736422151,2.146217876042973e-5,0.054454791766712196,0.018142482030398685,true
12.275,2.204798843054574,4.6359108454011716e-5,0.04369453860837293,0.07091836461306007,-2.3183819942139785e-6,-5.2912152458388264e-6,0.01400932891795099,-0.027252908750580895,0.013243579832629906,2.1026457175469507e-5,0.07431162174724817,1.005166081875616,13.526364493758855,-6.65890349974374,0.4721829302190299,0.42697725329940567,1.9908559936102492e-5,0.052261790533872185,0.01741217937618586,true
12.325000000000001,2.204798843054574,4.299599734185335e-5,0.04215168255881991,0.0681733388610726,-2.1545030500741185e-6,-4.911272457588738e-6,0.013676124058055832,-0.0266211567058838,0.012945032647827967,1.950109756148357e-5,0.07354766707080498,1.0059052304439764,13.676915536635345,-6.718020968365376,0.47317668517643147,0.42771161943019925,1.84603026967324e-5,0.05014457445213208,0.016707090730907547,true
12.375,2.204798843054574,3.986251729530936e-5,0.04066048947458499,0.06552364906682728,-2.0012450707006913e-6,-4.556522666573882e-6,0.01334797879065222,-0.026000171573305225,0.012652192782653005,1.807988852174968e-5,0.07278705918565642,1.0066907185182776,13.830627721207046,-6.777431139558046,0.47422419260739324,0.4284847918027538,1.711086111415401e-5,0.04810124769971172,0.016026587092397734,true
12.425,2.204798843054574,3.6944089867159345e-5,0.039219422648270885,0.06296628029592194,-1.8579993791769494e-6,-4.2254909613970875e-6,0.01302486931903211,-0.025389860909936605,0.012364991590904496,1.6756217912368024e-5,0.07202970707911649,1.0075233555067966,13.987608673739935,-6.8371324063871795,0.4753293112584296,0.4292994683203231,1.5853979323754953e-5,0.046129403005189216,0.015369868843212224,true
12.475,2.204798843054574,3.422694221382296e-5,0.037827020948218514,0.06049822186447883,-1.7241801042625554e-6,-3.916774518980114e-6,0.012706771966605813,-0.024790132925758407,0.012083360959152594,1.5523838975896887e-5,0.07127546080729247,1.0084043437044274,14.147987712501099,-6.897123508253426,0.4764975374861235,0.4301595288649088,1.4683737487297114e-5,0.04422656835503013,0.014736114636096014,true
12.525,2.204798843054574,3.169815073450983e-5,0.036481832468223174,0.05811663618143498,-1.5992238247805111e-6,-3.629039337477505e-6,0.012393684492994606,-0.024200899272155973,0.011807214779161367,1.4376890134155982e-5,0.07052421869656005,1.0093345967341267,14.31188626246148,-6.957402894132401,0.4777332826174594,0.4310680244626994,1.359458313351357e-5,0.04239048473057884,0.014124573960855561,true
12.575000000000001,2.204798843054574,2.9345626557309834e-5,0.035182418504930535,0.05581880070386149,-1.4826033946281796e-6,-3.3610177735814454e-6,0.012085609487340967,-0.023622048750461075,0.011536439263120108,1.330988840535393e-5,0.06977590266811114,1.010315044997134,14.479426368766513,-7.017966608501661,0.4790403796727771,0.4320275519513012,1.2581325981071186e-5,0.04061902656545023,0.013534540631029601,true
12.625,2.204798843054574,2.715819697435625e-5,0.03392737025275276,0.0536019851580293,-1.3738369247350497e-6,-3.111506449102739e-6,0.01178254981592115,-0.02305340169854539,0.01127085188262424,1.2317766339504569e-5,0.0690303872868226,1.01134759144654,14.650759342322258,-7.078801492494889,0.4804236004368278,0.43304136577817165,1.1639167772106485e-5,0.03891003040651554,0.012965295654321031,true
12.675,2.204798843054574,2.5125875314755303e-5,0.03271528036138381,0.05146339247639832,-1.272492318343836e-6,-2.8793636589686178e-6,0.011484535213308906,-0.02249461695476264,0.011010081741453733,1.1395994420944722e-5,0.0682874728724805,1.0124363610800224,14.826092085302939,-7.139869413976559,0.48188868313112093,0.43411338992216925,1.0763814906789382e-5,0.037261251216463856,0.012416092612841543,true
12.725,2.204798843054574,2.324010309436549e-5,0.03154465579410726,0.049400077297326414,-1.1781891920857405e-6,-2.663505980235166e-6,0.011191666847570787,-0.021944953452249782,0.010753286604678995,1.054069089684761e-5,0.0675468678986671,1.0135891933912489,15.005717140161432,-7.201086027237534,0.48344120233146287,0.43524738355248127,9.95158171601598e-6,0.03567034839787761,0.011886152955000022,true
12.775,2.204798843054574,2.1493534800720536e-5,0.03041376733507348,0.04740871827780753,-1.0905878559434739e-6,-2.4629039387952397e-6,0.010904175482816015,-0.021402647250416254,0.010498471767600239,9.74852416510839e-6,0.06680810866756129,1.0148187300405718,15.190053277669234,-7.262311112169057,0.48508538885253183,0.4364460784688654,9.199299893734428e-6,0.03413474879295023,0.01137462036836159,true
12.825000000000001,2.204798843054574,1.9879173520267844e-5,0.02932046217292731,0.04548530192934522,-1.009360734060827e-6,-2.276576505052142e-6,0.010622514200107805,-0.02086325687066803,0.010240742670560226,9.01632073279158e-6,0.06607042851484633,1.0161418099624893,15.379676396894528,-7.323369938924879,0.48682262967058976,0.43771009447843245,8.503955852737166e-6,0.0326514396614819,0.010880491938660778,true
12.875,2.204798843054574,1.838917768924249e-5,0.028261822770863917,0.04362467809338465,-9.34153325243699e-7,-2.103583086776904e-6,0.010347484769434853,-0.020315076853492174,0.009967592084057321,8.340524010691943e-6,0.0653325963308481,1.0175771065567447,15.575335494148655,-7.38410717676422,0.48864730715819416,0.4390349406262845,7.862196372549308e-6,0.031216750411187814,0.010402545621709388,true
12.925,2.204798843054574,1.7013937377719128e-5,0.027233163581866737,0.04181967758778318,-8.645187698106398e-7,-1.9430152073785065e-6,0.010080177756143583,-0.019725400538283273,0.00964522278213969,7.716775356316709e-6,0.06459274044946571,1.019142326696406,15.777970087733534,-7.4444538187661236,0.4905329570166852,0.44040105460557183,7.269954118026138e-6,0.029826163626083056,0.009939277426098686,true
12.975,2.204798843054574,1.5742087167492424e-5,0.02622818855591588,0.04006233634859159,-7.99851443897455e-7,-1.7939972170935028e-6,0.009821430456353223,-0.018981810033962196,0.009160379577608973,7.13991991472701e-6,0.06384898345143473,1.0208459537522585,15.988444898715445,-7.5044898187329645,0.49242030717430474,0.4417653440969923,6.7224390087388535e-6,0.028475631606146634,0.009489340280510624,true
13.025,2.204798843054574,1.456201365300051e-5,0.025244025592477633,0.03835297941935491,-7.396002233946918e-7,-1.6557040406036316e-6,0.009570956500932933,-0.01811198613917136,0.008541029638238426,6.604690354801708e-6,0.06310333989328022,1.0226553153499973,16.206041028565245,-7.564491601510848,0.494220492028966,0.44306377587135837,6.214810383765968e-6,0.027168266122158623,0.009053773722784632,true
13.075000000000001,2.204798843054574,1.3464831245193683e-5,0.024282601607893965,0.036695048695005936,-6.834046859352984e-7,-1.5273852234148812e-6,0.00932766329735147,-0.01727085216768501,0.007943188870333542,6.1070565632823114e-6,0.06235770481453003,1.024542256388395,16.430082849195333,-7.624683189122415,0.49592727138675996,0.4442922669270985,5.743219338232617e-6,0.025906476579747127,0.008633382702448202,true
13.125,2.204798843054574,1.2445535961439835e-5,0.0233470945277034,0.03509262604286311,-6.310231780105215e-7,-1.4083516355730059e-6,0.00909054694052115,-0.016461459412634438,0.007370912472113288,5.644748953241254e-6,0.06161402785750832,1.0264907815715927,16.660017487340813,-7.6850878751746015,0.4975598195544148,0.4454649881072142,5.305407641663035e-6,0.024692312856741748,0.008228851580549994,true
13.175,2.204798843054574,1.1500242456254196e-5,0.022440099978399304,0.0335487443668797,-5.822736216937572e-7,-1.297967079140304e-6,0.008858888276129778,-0.015684679121537367,0.006825790845407589,5.216005302470824e-6,0.060874056679353125,1.0284910893222918,16.895392642217796,-7.7456462801768815,0.49913768441014056,0.4465962534504176,4.89961374609879e-6,0.02352707978947379,0.007840616132604982,true
13.225,2.204798843054574,1.0624595250973163e-5,0.021563076021552684,0.03206469340691649,-5.369843244861662e-7,-1.195640996742018e-6,0.008632223554045637,-0.014940643183940852,0.006308419629895215,4.818850156984675e-6,0.06013903520089799,1.030535401830399,17.135881850911552,-7.806320746605377,0.5006755624398039,0.44769679269496243,4.523913281105106e-6,0.022410973431429747,0.007468742606057547,true
13.275,2.204798843054574,9.813786444091916e-6,0.02071642405567515,0.030640223830846053,-4.949732952000857e-7,-1.1008229967800459e-6,0.008410267112723243,-0.014228859147149235,0.0058185920344259925,4.451102863649771e-6,0.05940970993001112,1.0326170214728105,17.381283677185213,-7.867114299628797,0.5021820808735921,0.44877292125684937,4.176215596480021e-6,0.021343253689385076,0.007112985268869428,true
13.325000000000001,2.204798843054574,9.063035352131944e-6,0.019899822561013684,0.02927407167226837,-4.560483560549721e-7,-1.0129990344500794e-6,0.008192836134201424,-0.013548438042948028,0.005355601908746604,4.110595114235377e-6,0.05868646900113436,1.0347308133780007,17.631505711444323,-7.928048740042719,0.5036609572819881,0.44982740925599246,3.854452662256018e-6,0.02032258604499364,0.006772900231594575,true
13.375,2.204798843054574,8.367887349811488e-6,0.019112566247977525,0.027964463207760727,-4.200142351103372e-7,-9.31688633673246e-7,0.007979800493533574,-0.012898304675374048,0.004918504181840474,3.795306486200094e-6,0.05796950272070156,1.0368732418972355,17.886529868867694,-7.989144918736326,0.5051127643451273,0.4508607693059232,3.556697641729511e-6,0.01934735688578719,0.006447950505444313,true
13.425,2.204798843054574,7.72427693972613e-6,0.01835379909726164,0.02670946068306373,-3.8667910190968764e-7,-8.564425217251622e-7,0.007771059731552329,-0.012277342495634154,0.004506282764081824,3.503393048331229e-6,0.057258931537838,1.039041760092526,18.146370045447032,-8.0504163722102,0.5065361066952077,0.4518721120942992,3.281189600523435e-6,0.01841589072002969,0.006137578398090848,true
13.475,2.204798843054574,7.1284895259114486e-6,0.01762262820654755,0.025507151116613253,-3.558585826514747e-7,-7.868404653301061e-7,0.007566540929694933,-0.011684482917712066,0.0041179419880171325,3.2331700229103403e-6,0.056554899969985535,1.0412339752989583,18.411030270614138,-8.111870500071879,0.5079274962030603,0.4528590699105355,3.026318391724994e-6,0.01752658409761697,0.005841250162689322,true
13.525,2.204798843054574,6.577116633461142e-6,0.01691815256902898,0.024355744945404774,-3.2737766648213254e-7,-7.224890904849741e-7,0.007366210819038869,-0.011118774028259407,0.003752563209220538,2.9830914752971607e-6,0.055857667537031995,1.0434467558782679,18.680456988049013,-8.173510714872775,0.5092794597630049,0.453816469608314,2.7906078768324324e-6,0.016678008674233243,0.005558490361893695,true
13.575000000000001,2.204798843054574,6.067032904555106e-6,0.016239443831232245,0.02325365549372197,-3.010714122708889e-7,-6.630196066590463e-7,0.007170098711369033,-0.010579465839075148,0.0034093671277061147,2.751739880337434e-6,0.055167741575258465,1.0456750591910777,18.954465586824753,-8.235336953011634,0.510576259371021,0.4547333303865299,2.5727089455616926e-6,0.015869039116720777,0.005288924508259698,true
13.625,2.204798843054574,5.595392760758222e-6,0.015585505972157257,0.022199608976851953,-2.767851697432201e-7,-6.08085386782231e-7,0.006978329195447672,-0.01006613776752591,0.003087808572078238,2.5378246085281182e-6,0.05448609509794015,1.0479101034663094,19.23261524949924,-8.297344409083593,0.5117865052039646,0.4555876939062889,2.371401393104325e-6,0.015099044252634149,0.005032342783142957,true
13.675,2.204798843054574,5.159638630405022e-6,0.01495524410442544,0.021192817896688074,-2.543751111819769e-7,-5.57359338724007e-7,0.006791172972592635,-0.009578877867178818,0.002787704894586183,2.34018565759802e-6,0.05381450239165083,1.0501365377871217,19.51400628299868,-8.359520988206208,0.512852259906955,0.4563390141076838,2.1856010467654087e-6,0.014368156546334854,0.004788789863658071,true
13.725,2.204798843054574,4.757453659119558e-6,0.014346899080420899,0.02023270656647988,-2.337013041759567e-7,-5.105310816498827e-7,0.006609003128511281,-0.009118411381692471,0.00250940825318119,2.1577722040748547e-6,0.05315586377174001,1.0523293151444937,19.797050418809263,-8.421849502396906,0.5136633052723238,0.4569101198666186,2.0143487624807378e-6,0.013677463187930514,0.0045586286284997465,true
13.775,2.204798843054574,4.387590449145542e-6,0.01376272211124852,0.01932534227991055,-2.146610012837064e-7,-4.673055106170157e-7,0.006432412495666482,-0.008688625281429753,0.002256212785763271,1.99001848307707e-6,0.05251820803695116,1.0544226109724106,20.07727701277492,-8.48424585839042,0.5140990561410298,0.45721672511310646,1.8571207034576684e-6,0.013032795547563784,0.004343803227881908,true
13.825000000000001,2.204798843054574,4.04569898266213e-6,0.013189237543264998,0.018453195243562842,-1.9710729184895962e-7,-4.274051006073436e-7,0.006261743751048311,-0.008283225048796826,0.0020214812977485145,1.8349515174169515e-6,0.05189467265953251,1.0564649188856272,20.35786844281338,-8.54683262045589,0.5138989977063911,0.4570759792093448,1.7121878337975128e-6,0.01242471157845035,0.004141166991717661,true
13.875,2.204798843054574,3.73348239044407e-6,0.012641662597353977,0.01764358810806458,-1.809437880627017e-7,-3.9056071716704827e-7,0.006097918329248761,-0.007916040785486144,0.001818122456237383,1.693343772473876e-6,0.051309850289845776,1.0582549225938882,20.62479069059605,-8.609362040830845,0.5129364169810944,0.4563983004073656,1.5801757819786837e-6,0.011873954784308867,0.00395763450453027,true
13.925,2.204798843054574,3.4477734848748675e-6,0.012107802108104273,0.01688546584931369,-1.6607456419884754e-7,-3.5651540787090443e-7,0.005941375126744384,-0.007585484942904236,0.0016441098161598519,1.5637587509336002e-6,0.05076570877064619,1.0597658930170528,20.8756248790883,-8.671879456502337,0.5107519011721449,0.45485740132032776,1.4599011367912546e-6,0.011378142446720618,0.0037924120835383817,true
13.975,2.204798843054574,3.1860332543747407e-6,0.01158741316954156,0.016175975964089033,-1.5239733480468922e-7,-3.2504414520217724e-7,0.005791169225426215,-0.007288965268126454,0.0014977960427002392,1.4450448685653084e-6,0.05026225713302385,1.0609865309154085,21.109010845004565,-8.73445591435937,0.5073343045104088,0.4524385030010501,1.3501743460542526e-6,0.010933384096007002,0.0036442034361368245,true
14.025,2.204798843054574,2.9459401044100167e-6,0.011082144907181348,0.015512940512098826,-1.398218161816701e-7,-2.9594804822526144e-7,0.005646278500525155,-0.00702318171878139,0.0013769032182562348,1.3361491519691883e-6,0.049797769108550737,1.0619207938266415,21.32466600083697,-8.797165295064117,0.5027951981785184,0.44921032214432,1.2498660000357937e-6,0.010534726628293859,0.0035113580061716166,true
14.075000000000001,2.204798843054574,2.725024331709426e-6,0.010592777555967395,0.014891516864960524,-1.2827163689806518e-7,-2.690515535478012e-7,0.005505667313710529,-0.0067830988168296495,0.001277431503119121,1.2359514521216462e-6,0.049366724124925584,1.062604760646507,21.52471689143317,-8.860122827810834,0.49732171817000453,0.44529409340493903,1.157794716254579e-6,0.010174615586535856,0.003391358090184297,true
14.125,2.204798843054574,2.5209123712992224e-6,0.010119506806056767,0.014305323353358844,-1.1767422595064785e-7,-2.44199849518451e-7,0.005368392391699516,-0.006562797976635617,0.0011944055849361012,1.1433752241119185e-6,0.04896100928542902,1.063098187639228,21.713159167975117,-8.923464175620978,0.491148733821986,0.4408465109650054,1.072836833034869e-6,0.00984417417220794,0.0032812451435192567,true
14.175,2.204798843054574,2.3317770362970485e-6,0.009662508291988198,0.013749812305048594,-1.0794700957307962e-7,-2.2125329397332363e-7,0.005233921182560034,-0.006358072932965494,0.0011241517504054603,1.0575917361542861e-6,0.04857471719138372,1.0634444183811194,21.892961603691134,-8.987300531238455,0.4844539157093475,0.4359859770261914,9.941381952445885e-7,0.009537094256286701,0.0031789167572628414,true
14.225,2.204798843054574,2.156340019111829e-6,0.009221565900369096,0.013223071730934618,-9.900110950618669e-8,-2.000822173919435e-7,0.0051021742965886695,-0.0061673167781499515,0.001065142481561282,9.780212040225815e-7,0.04820629452690039,1.0636503926447205,22.06455408123467,-9.051714338088875,0.47728807825945196,0.43074086978852677,9.211253374608625e-7,0.00925096646881514,0.003083570045813043,true
14.275,2.204798843054574,1.993577193277229e-6,0.008795952349144405,0.012724278394871044,-9.075563001749932e-8,-1.8056466160865081e-7,0.004973219674795002,-0.005990185404717838,0.0010169657299228356,9.041991288943556e-7,0.04785645370871121,1.0637032250137706,22.22695462326217,-9.116780312261442,0.4696239400423654,0.42508231511962646,8.533597018489974e-7,0.008985274648844752,0.0029950331646883487,true
14.325000000000001,2.204798843054574,1.8424992715777395e-6,0.00838488868101803,0.012252202889559837,-8.31466696876323e-8,-1.625872207376892e-7,0.00484700864383599,-0.005825996859763646,0.000978988215927656,8.356768135024522e-7,0.04752517695740712,1.0635963319311221,22.37963959364813,-9.182578498550154,0.461451044778351,0.4189927416282559,7.904182473537745e-7,0.008738995424973158,0.0029129651814837785,true
14.375,2.204798843054574,1.7021296189857014e-6,0.00798786424868499,0.011804949147301094,-7.612499929710964e-8,-1.4604552546644138e-7,0.004723373423160749,-0.005673338204547776,0.0009499647813870273,7.720112990568953e-7,0.047210820621253674,1.0633380224683773,22.52318448346727,-9.24919270170541,0.4528112683779293,0.412493250468079,7.31877039926262e-7,0.008510009083084646,0.00283665969355918,true
14.425,2.204798843054574,1.5715697147356553e-6,0.007604524442268976,0.011380471458650523,-6.96473730356568e-8,-1.3084334158810606e-7,0.00460215476205768,-0.005530604965352727,0.0009284502032950474,7.127950559690833e-7,0.046911109310342515,1.0629429364380572,22.658661286521944,-9.316707065496416,0.4437678983628004,0.4056220130176306,6.773459603865966e-7,0.008295908964052948,0.002765314626118207,true
14.475,2.204798843054574,1.450036704759918e-6,0.007234470430958697,0.010977003383453737,-6.367245535046316e-8,-1.1689137745756048e-7,0.004483263448168809,-0.005395482100377233,0.0009122186522084238,6.576730159886183e-7,0.04662415095720664,1.0624228204309285,22.786963378830407,-9.385204246844,0.43437087673176644,0.3984084823881375,6.26490421633919e-7,0.008094729011052366,0.0026982747524963084,true
14.525,2.204798843054574,1.3368470768082813e-6,0.006877228432122252,0.010592971543761829,-5.81622088834094e-8,-1.0410644888912294e-7,0.004366654812432644,-0.005264330056903388,0.0008976752444707437,6.063351679540006e-7,0.04634835796471206,1.061787327176533,22.908844537382294,-9.454761550713535,0.4246570912221357,0.3908732836640309,5.790233046272514e-7,0.007904846693233533,0.0026349993377087068,true
14.575000000000001,2.204798843054574,1.2313833945477255e-6,0.006532336497467005,0.010226932487818311,-5.308275234590883e-8,-9.241093150319952e-8,0.004252303323819061,-0.005137328666358495,0.0008850253425394345,5.585014698400973e-7,0.046082250670515384,1.0610453538270739,23.025033247908574,-9.525460232214323,0.4146594768072638,0.3830349886315586,5.346885702064514e-7,0.007724819058322738,0.0025750074940411615,true
14.625,2.204798843054574,1.1330480458501705e-6,0.006199300857882981,0.009877455491478473,-4.840114476717382e-8,-8.173229356499441e-8,0.004140194228527592,-0.005014261557504588,0.0008740673289769968,5.139008710111723e-7,0.045824314097048846,1.0602049668332545,23.13629756875146,-9.597416608033178,0.40440775835626963,0.37491064187005907,4.932399759633266e-7,0.007553271632294019,0.002517841155589629,true
14.675,2.204798843054574,1.0412618188670795e-6,0.0058778311086600185,0.00954349312857618,-4.409102401467244e-8,-7.200253956136379e-8,0.004030362573964644,-0.004894872342455193,0.0008645097684905493,4.722706663908141e-7,0.045573411909237,1.059268473794937,23.243124212524457,-9.670803824888385,0.3939317169075799,0.36651833514533816,4.544413380292359e-7,0.007389160259545188,0.002463152363965236,true
14.725,2.204798843054574,9.556504910899906e-7,0.005566804729242154,0.009223170832968574,-4.011847936399444e-8,-6.315809373807487e-8,0.003922726663958762,-0.004778812882254738,0.0008560862182959766,4.334411250715338e-7,0.0453277729516692,1.0582517651626415,23.346652532234575,-9.74564171304805,0.3832259597096016,0.3578485923145174,4.1814414955636314e-7,0.007231097599104168,0.0024104787154908425,true
14.775,2.204798843054574,8.770461016836271e-7,0.005268537172429215,0.008918858420322251,-3.6546999539281683e-8,-5.513988730172591e-8,0.003817690514142059,-0.0046658150080331265,0.0008481244938910674,3.977896235053123e-7,0.04508949841186217,1.0571884146327073,23.446444335574636,-9.820725467436063,0.3723998319876115,0.3489862516834978,3.847322360066517e-7,0.007080211382144392,0.00236019596390799,true
14.825000000000001,2.204798843054574,8.057042532830876e-7,0.004971485776728863,0.008614478915854182,-3.305413848856217e-8,-4.78967483137093e-8,0.0037138882751532433,-0.004554138268454703,0.0008402499933014597,3.654320918305854e-7,0.044841858361044394,1.0563050602147301,23.556228462029516,-9.894659945019637,0.36111749550881395,0.3396497759194779,3.542672959317571e-7,0.006925914886792756,0.0023087749382993453,true
14.875,2.204798843054574,7.326169091180224e-7,0.0047199149223948874,0.008357273151641871,-3.023489389309327e-8,-4.140099462220006e-8,0.003622184142531975,-0.0044472183729300195,0.0008250342303980445,3.3228287987626106e-7,0.04462565808152993,1.0546509913038715,23.633287141156583,-9.979662549345207,0.3512035653927699,0.3313618772471518,3.2296281232271337e-7,0.006793273283201554,0.002264573069087775,true
14.925,2.204798843054574,6.18105947434884e-7,0.004319732943880428,0.007885898751889782,-2.7161195951606785e-8,-3.5673490264312934e-8,0.0035296080057111877,-0.004335595629695692,0.000805987623984504,2.8034573284633406e-7,0.04415724841950515,1.052787482091619,23.8417818087275,-10.127726113270187,0.3353452285496309,0.3179439955053569,2.7398607767775393e-7,0.006512465600574096,0.0021709875524563403,true
14.975,2.204798843054574,5.787437116106037e-7,0.00404982113657623,0.007596512599479747,-2.4552594294826537e-8,-3.135002174060251e-8,0.003424431979315748,-0.004226526970190951,0.0008020949908752032,2.624927500455326e-7,0.0438759039254358,1.0532488771342772,24.005177851702022,-10.182151999077828,0.324055765933405,0.3082735251826785,2.569090576054556e-7,0.0063480599615968894,0.0021161900435335275,true
