r,tau,Dtau,Sr,E,nur,Pi,piR,piEta,piPhi,D,T,mu,alpha,phi,ur,v,n,e,P,ok
0.024999999999999994,1.5047981430538693,0.38790334638669766,0.0,22.62924516507146,-1.8436587546531385e-6,-0.00257812456461411,0.8852092196824538,-1.7838341105497373,0.8986248908672835,0.25777766152706594,0.336971779089864,1.5857871856134422,4.7059940446542345,0.2545827007981117,0.0,0.0,0.25777766152706594,22.62924516507153,7.4478070577419615,true
0.07499999999999998,1.5047981430538693,0.3874434601082902,0.06554156613630335,22.592161533749355,-5.56509667850202e-6,-0.0025808085147048104,0.8782644377078725,-1.775203596054986,0.8969391583471134,0.2574720482589142,0.33683245803947165,1.585607643678912,4.707407513242393,0.25415497121978675,0.0021208613130018097,0.002120856543144914,0.2574714810021906,22.592022529490052,7.435502047477886,true
0.125,1.5047981430538693,0.3872309993827464,0.1093641093224791,22.582545932598308,-9.235535808516994e-6,-0.00258103128695426,0.8848674148518253,-1.775179814182828,0.8903123993310028,0.2573308594047648,0.33679600352427597,1.5854793715205147,4.707536178962512,0.2538016206429046,0.00353964636527376,0.003539624191196875,0.2573292800484634,22.582158824751428,7.4322639333378815,true
0.175,1.5047981430538693,0.3868510982460251,0.15425314826145292,22.565784503736964,-1.2943126233714077e-5,-0.002581304206812369,0.8861080185364512,-1.7743540300188756,0.8882460114824244,0.2570783995393171,0.3367326658712845,1.5852472234364308,4.707732228278646,0.25315994578624096,0.004995962134031833,0.004995899786496684,0.25707525596928,22.565013870466633,7.426638031029807,true
0.22499999999999998,1.5047981430538693,0.3863705049033176,0.19818273130080577,22.546716435888783,-1.6588325071740282e-5,-0.002581555391153796,0.8862757386132432,-1.77338435443312,0.8871086158198769,0.25675902557881225,0.33666057805428773,1.5849403705783078,4.707828816009252,0.25230269332161276,0.006424075170128852,0.006423942617481826,0.2567538342420744,22.54544332139521,7.420227859736634,true
0.275,1.5047981430538693,0.3857756735379334,0.2421842460298188,22.523488130564907,-2.0263197588732813e-5,-0.002581856753915243,0.885813009978079,-1.7721026211230395,0.8862896111449605,0.256363735773246,0.33657268185041456,1.5845579047161384,4.707921914531302,0.25123222791361044,0.007858485507600948,0.007858242865331376,0.25635597939499294,22.521584987941544,7.4124154999245215,true
0.325,1.5047981430538693,0.3850713273622326,0.2859758653252744,22.49610151068837,-2.3933942167938633e-5,-0.0025821938770491243,0.8851423774192284,-1.7705941828429541,0.8854518054237257,0.2558956688906863,0.336468936499038,1.5841036982331353,4.708023613459677,0.24995977075398107,0.009290802304669547,0.009290401344210499,0.2558848476218924,22.493444680124846,7.4032017290829994,true
0.375,1.5047981430538693,0.38425429983010584,0.32961334215774957,22.46425049432571,-2.761051052082276e-5,-0.002582572293103779,0.88430329345234,-1.7688397683621202,0.8845364749097802,0.2553527206315473,0.3363481418404399,1.5835765001155648,4.70814701532318,0.24848212229818908,0.010723775154548545,0.010723158594120798,0.25533833525376026,22.460715998183133,7.3924851138326115,true
0.42500000000000004,1.5047981430538693,0.38332401694446694,0.37303772347329345,22.427935004839217,-3.1268532573481104e-5,-0.0025829892864407712,0.8833317727626684,-1.7668441409864315,0.8835123682237631,0.2547345095512552,0.3362102516869117,1.5829754282816608,4.708290185499076,0.24679624688818186,0.01215633913655865,0.012155441024978546,0.25471606979433,22.423400566791553,7.3802663457606394,true
0.475,1.5047981430538693,0.38228046545489736,0.41623113939058376,22.387149854186113,-3.491007728624816e-5,-0.00258344323588117,0.8822303696359255,-1.7646040793501405,0.882373709714215,0.2540410268443642,0.3360551869256576,1.5823000714085917,4.708453054642568,0.24490046459779308,0.013588774697675093,0.013587520255179572,0.25401804944253925,22.381494305148934,7.3665440773153605,true
0.525,1.5047981430538693,0.38112505795289553,0.4591661770974867,22.341922335587483,-3.8546096557744e-5,-0.002583930933620502,0.8810033144014972,-1.7621202438072725,0.8811169294057754,0.2532732112357823,0.33588297866309763,1.5815510316421575,4.708637031674381,0.2427959641383198,0.015021030453503257,0.01501933613248282,0.2532452217525777,22.335025964433104,7.351327564276172,true
0.5750000000000001,1.5047981430538693,0.379859688307132,0.5018188723688459,22.292279639131813,-4.220905863690951e-5,-0.0025844485499168027,0.8796522490878839,-1.7593932143928772,0.8797409653049933,0.25243232127881066,0.3356936476044972,1.580729295828891,4.708844826552251,0.24048502676465147,0.01645316118381793,0.016450934646915806,0.25239885496205106,22.284024249657993,7.334625929581495,true
0.625,1.5047981430538693,0.37848594311140377,0.544164081343991,22.238252529111392,-4.5940250557311075e-5,-0.0025849913314380905,0.878178872123828,-1.7564241619710041,0.8782452898471762,0.2515194113300116,0.33548722297296163,1.5798355144435188,4.709078040122096,0.23796886729708053,0.017885172961219702,0.01788231309800608,0.2514800144244066,22.228521616632207,7.316449624037696,true
0.675,1.5047981430538693,0.3770046073265929,0.5861768427841045,22.179872997501406,-4.9778333367025415e-5,-0.0025855536700165466,0.8765844805269372,-1.7532143709801065,0.8766298904531693,0.2505350030280419,0.3352637361572375,1.5788695692280257,4.70933596136846,0.23524634704612413,0.01931706854194369,0.019313465476544476,0.25048923385839755,22.168551891285283,7.296809753974124,true
0.725,1.5047981430538693,0.37541607090870277,0.6278322843486399,22.11717529538632,-5.3715459358302166e-5,-0.002586129242863555,0.8748702783190471,-1.7497652842143454,0.8748950058952983,0.24947935551463762,0.33502322262794665,1.5778309203926846,4.709616569311415,0.23231500127714474,0.020748842778718204,0.02074437788172354,0.24942678466502877,22.10415130523354,7.275718326992244,true
0.775,1.5047981430538693,0.37372122500132,0.6691058108501999,22.05019642982458,-5.76969772295262e-5,-0.0025867112820893434,0.8730374364559059,-1.7460784762393484,0.8730410397834425,0.24835306099121188,0.3347657190980122,1.576719405891168,4.7099189550813545,0.229173423425432,0.022180487637487378,0.022175033537895857,0.24829327101302567,22.035358986028683,7.253188194864377,true
0.8250000000000001,1.5047981430538693,0.3719215076440412,0.7099729417487768,21.97897610940924,-6.178378217078871e-5,-0.0025872927141696103,0.8710870485230012,-1.742155603475627,0.8710685549526257,0.24715707509397625,0.33449126318685884,1.5755352947861327,4.7102434896961185,0.2258214282384291,0.023611985969273573,0.023605406573638587,0.24708966368185015,21.962216909463066,7.229233024922004,true
0.8750000000000001,1.5047981430538693,0.3700184786277873,0.7504091989818711,21.90355627582232,-6.599315611516527e-5,-0.002587866161302091,0.8690199752328823,-1.7379983116490412,0.8689783364161588,0.24589243436788402,0.3341998941069694,1.5742789074061994,4.71059068289923,0.22225891963455996,0.025043307315148755,0.025035457836177208,0.24581701442974235,21.88476943796145,7.203867251868133,true
0.9249999999999999,1.5047981430538693,0.3680138055437036,0.790390169778739,21.82398107468518,-7.033188812696211e-5,-0.0025884239210640612,0.8668367726337728,-1.7336081883249175,0.8667714156911447,0.2445602469955529,0.3338916527648457,1.5729506058385114,4.710961154055307,0.21848586280738594,0.02647440914913001,0.026465136141633223,0.2444764472667067,21.803063291237116,7.17710607114705,true
0.975,1.5047981430538693,0.36590926096128096,0.8298918351920175,21.740297239937128,-7.479733704325272e-5,-0.0025889579311889413,0.8645377794560513,-1.7289868005170574,0.8644490210610062,0.24316169092201093,0.3335665833778444,1.5715507911276074,4.71135560167143,0.21450227538697708,0.02790524642625484,0.027894387821104982,0.24306915645104205,21.717147915236854,7.148965562693386,true
1.025,1.5047981430538693,0.3637067136586784,0.8688910560218653,21.652554551909347,-7.938202740380007e-5,-0.002589459732698092,0.8621233437075323,-1.7241358051025193,0.862012461394987,0.24169800802688676,0.3332247353942784,1.5700798947388344,4.71177475129835,0.21030820132819486,0.029335786250432195,0.029323171373995413,0.2415964005917492,21.62707591056843,7.11946283596622,true
1.0750000000000002,1.5047981430538693,0.3614081170644594,0.9073659072670108,21.560806058481987,-8.407913974424793e-5,-0.0025899204491859062,0.8595940701888325,-1.719057071096202,0.8594630009073696,0.24017049644346988,0.332866164545209,1.5685383689141807,4.71221931209877,0.20590368206340193,0.030766017847426056,0.03075146742202942,0.24005949497300685,21.53290322534494,7.088616097045797,true
1.125,1.5047981430538693,0.3590154983501832,0.9452956992791721,21.465107888562933,-8.888577415090146e-5,-0.0025903307952827026,0.8569509499843607,-1.7137527426504593,0.8568017926660986,0.23858050331029088,0.3324909323685933,1.566926680016664,4.712689963765984,0.20128873753005158,0.032195952732678244,0.03217927886416203,0.23845980434469116,21.434688954646916,7.056444584317701,true
1.1750000000000003,1.5047981430538693,0.35653095049056094,0.9826607286762523,21.365518781540946,-9.380315392926351e-5,-0.0025906811108417534,0.8541953301683982,-1.708225221403798,0.8540298912353999,0.2369294194947699,0.3320991046622416,1.5652453062399954,4.713187371679048,0.19646336085835736,0.03362561634126351,0.03360662250592089,0.23679873767829734,21.332494873381055,7.022968414484947,true
1.225,1.5047981430538693,0.35395662779092446,1.0194419454415777,21.262099581345943,-9.88349223218037e-5,-0.0025909614063233458,0.8513287783087853,-1.7024770956267297,0.8511483173179444,0.2352186766210366,0.3316907497956976,1.5634947387011633,4.713712214356855,0.19142752319825737,0.03505503695921243,0.0350335180004308,0.23507774519856175,21.226384943600053,6.988208419215901,true
1.275,1.5047981430538693,0.35129474363719276,1.055620707380119,21.15491288790174,-0.00010398508060011148,-0.0025911614042509815,0.8483529335413869,-1.6965110624786155,0.8481581289372286,0.23344974557469067,0.33126593760971945,1.561675483657304,4.714265206153462,0.1861811815073085,0.03648423736279067,0.03645997950088729,0.23329831685942226,21.11642497855008,6.952186033542809,true
1.3250000000000002,1.5047981430538693,0.3485475688852812,1.0911786891927013,21.044022912457606,-0.00010925665586344512,-0.0025912705691677196,0.8452694082180274,-1.69032987569014,0.8450604674721125,0.23162413543249818,0.3308247390839324,1.559788064131956,4.714847107417283,0.18072428409529342,0.03791323133329417,0.03788601218576841,0.23146198122499664,21.002682503342214,6.914923249705821,true
1.375,1.5047981430538693,0.34571742995380866,1.1260979163360638,20.929495473645503,-0.0001146513480144374,-0.0025912781268348714,0.8420797542989527,-1.683936325895375,0.8418565715964224,0.22974339219491752,0.3303672265389378,1.5578330204708242,4.71545872389135,0.17505677266085545,0.03934202414817287,0.03931161275511197,0.229570304149114,20.885226748434334,6.876442615378023,true
1.4250000000000003,1.5047981430538693,0.34280670647980727,1.1603608560425531,20.811398042782866,-0.00012016982476979656,-0.002591173077666563,0.8387854744049266,-1.6773332435875647,0.8385477691826382,0.2278090972282223,0.3298934740293949,1.5558109102477071,4.716100901435467,0.16917858230422023,0.040770614932812844,0.04073677178313329,0.22762488716865878,20.76412868740441,6.836767246771599,true
1.475,1.5047981430538693,0.33981782879166444,1.193950510347551,20.689799775737846,-0.00012581220344592641,-0.0025909442093180746,0.8353880497296784,-1.6705235107971648,0.8351354610674864,0.22582286558516806,0.32940355769132035,1.5537223081373666,4.716774521279879,0.1630896415141606,0.04219899912793656,0.04216147618442428,0.22562736578006445,20.639461059730635,6.795920836784269,true
1.525,1.5047981430538693,0.3367532753099613,1.2268504862245748,20.564771508925634,-0.00013157839018805735,-0.0025905801112042944,0.8318889658535185,-1.663510071949807,0.8316211060962886,0.22378634427774283,0.3288975559589321,1.5515678059914313,4.717480497742489,0.15678987288634738,0.043627170275449996,0.043585710998385686,0.223579407667898,20.51129835819497,6.753927651360499,true
1.5750000000000002,1.5047981430538693,0.33361556972827655,1.259045040838083,20.436385723074174,-0.00013746816678429383,-0.002590069191621469,0.8282897295778041,-1.6562959404009596,0.8280062108231555,0.22170121040369575,0.32837554966566374,1.5493480129419397,4.718219777688722,0.15027919402703238,0.04505512105079528,0.04500946042075872,0.22148271078319423,20.379716785140797,6.710812515517516,true
1.625,1.5047981430538693,0.3304072778642336,1.2905191091500656,20.304716486876664,-0.00014348111245890638,-0.0025893996970193477,0.8245918775412631,-1.64888420096156,0.824292323420297,0.21956916905392906,0.32783762207561584,1.5470635553387952,4.7189933404957545,0.14355751802012529,0.0464828437648314,0.04643270830536015,0.21933900119956204,20.244794189519162,6.6666007930449265,true
1.6750000000000003,1.5047981430538693,0.32713100432532494,1.3212583215063676,20.16983939080425,-0.00014961653111817536,-0.002588559732709033,0.8207969797214357,-1.641278009913279,0.8204810301918434,0.21739195109680182,0.3272838588831749,1.5447150765919433,4.719802198199254,0.1366247536451362,0.04791033057430491,0.04785543837487819,0.21715003084816906,20.106609994622342,6.621318363143045,true
1.725,1.5047981430538693,0.32378938919152644,1.3512490162929898,20.03183147647259,-0.00015587347241032213,-0.0025875372845060966,0.8169066403192204,-1.6334805937214354,0.816573953402215,0.21517131097359105,0.32671434819944345,1.542303237082688,4.720647396058608,0.12948080583489957,0.04933757356396426,0.04927763430354787,0.2149175752690257,19.965245121594904,6.574991595647203,true
1.775,1.5047981430538693,0.3203851047180798,1.3804782501733728,19.89077116343358,-0.00016225076846958995,-0.0025863202410463665,0.8129224973978416,-1.6254952471017479,0.8125727497039062,0.21290902450735583,0.3261291805318469,1.5398287141289393,4.721530013406982,0.12212557632526835,0.05076456478308412,0.05069927975431838,0.2126434313772112,19.820781910433507,6.527647325409639,true
1.8250000000000002,1.5047981430538693,0.3169208519411165,1.408933806748898,19.746738174308216,-0.0001687469752740829,-0.0025848964166284225,0.8088462220381698,-1.6173253308122908,0.808479108774121,0.21060688664723537,0.32552844876067705,1.537292201865936,4.722451164310149,0.11455896407183958,0.052191296263431365,0.05212035839749323,0.21032941516042208,19.67330403934227,6.479312826159654,true
1.875,1.5047981430538693,0.3133993571472178,1.436604203813824,19.599813458949004,-0.00017536027963036452,-0.0025832535745031436,0.8046795173800051,-1.6089742693603852,0.8042947519803801,0.20826670912232687,0.32491224811521136,1.5346944109901057,4.723411997832458,0.10678086526859203,0.05361776002259499,0.053540853914773236,0.2079773592844493,19.522896443139416,6.430015784083176,true
1.9250000000000003,1.5047981430538693,0.30982336829212526,1.4634786993087223,19.45007911768614,-0.0001820884995334244,-0.0025813794506033723,0.8004241175104656,-1.6004455486075044,0.8000214310970388,0.20589031806177216,0.32428067614866624,1.53203606845219,4.724413698181107,0.09879117322890736,0.055043948056330824,0.05496074999235804,0.20558911066995986,19.369645230774527,6.379784271118208,true
1.975,1.5047981430538693,0.30619565142923444,1.4895472961404166,19.29761832364791,-0.00018892914565258294,-0.002579261777697052,0.7960817861192668,-1.5917427132298054,0.7956609271105386,0.20347955162134537,0.3236338327111148,1.5293179171539395,4.725457484907192,0.09058977829462454,0.05646985232643318,0.0563800303096049,0.20316652807994381,19.213637601944217,6.328646717947637,true
2.0250000000000004,1.5047981430538693,0.3025189871706905,1.5148007460441346,19.14251524470709,-0.00019587944339255486,-0.0025768883098773107,0.7916543150872051,-1.58286936411978,0.7912150490325749,0.20103625763170602,0.3229718199221374,1.5265407156550963,4.7265446131588735,0.08217656779311205,0.057895464749138245,0.05779867852823305,0.20071147972784908,19.0549617633524,6.276631886868123,true
2.075,1.5047981430538693,0.2987961672130458,1.5392305526407846,18.984854965424724,-0.0002029363157042554,-0.002574246847304916,0.7871435231687065,-1.5738291558138024,0.786685632645096,0.1985622912895563,0.3222947421441724,1.5237052379172347,4.727676374055256,0.07355142612481894,0.059320777188688736,0.059216678286679085,0.1982258409272464,18.89370684498017,6.223768844649231,true
2.125,1.5047981430538693,0.29502999090306303,1.562828973663885,18.824723408749,-0.00021009637067202826,-0.0025713252611779328,0.7825512547324163,-1.5646257939276387,0.7820745391952224,0.19605951287547638,0.32160270595527946,1.5208122730605438,4.728854095126988,0.06471423490894955,0.06074578145612387,0.06063401319965964,0.19571149176917993,18.729962816131298,6.170086935310124,true
2.1750000000000003,1.5047981430538693,0.2912232617877907,1.585589022150074,18.66220725735659,-0.00021735590455301446,-0.0025681115189146314,0.7778793784788641,-1.5552630325606582,0.7773836540817941,0.19352978546130845,0.3208958201208512,1.517862625069195,4.730079140630623,0.05566487298733815,0.06217046930607954,0.0620506668557585,0.19317031479102212,18.563820401173338,6.115615752800903,true
2.225,1.5047981430538693,0.2873787841679793,1.6075044665483462,18.49739387489057,-0.00022471091538576584,-0.002564593709504577,0.7731297861119089,-1.5457446716614742,0.7726148855495654,0.19097497261976062,0.3201741955648935,1.5148571124553905,4.731352911756926,0.046403216315348515,0.06359483242904639,0.06346662281050557,0.19060419264946057,18.395370995246168,6.060385113674789,true
2.2750000000000004,1.5047981430538693,0.28349935970582696,1.6285698298959312,18.330371227311424,-0.00023215711549544462,-0.0025607600689665153,0.7683043909884801,-1.53607455436979,0.7677701633813099,0.18839693617011471,0.3194379453410701,1.5117965679288756,4.732676846874597,0.03692913788397993,0.06501886244396106,0.06488186457980069,0.18801500583081876,18.224706580149626,6.0044250298094815,true
2.325,1.5047981430538693,0.27958778411357077,1.6487803881380152,18.161227804442344,-0.00023968994230546252,-0.0025565990058599546,0.763405126777346,-1.5262565643507213,0.7628514375733754,0.18579753397765988,0.3186871846032741,1.508681838097067,4.734052421891982,0.027242507752154598,0.0664425508938154,0.06629637563634987,0.18540463041628888,18.05191964048884,5.947765681197558,true
2.3750000000000004,1.5047981430538693,0.2756468439153745,1.6681321675754335,17.990052541727003,-0.0002473045689568363,-0.002552099126803785,0.7584339461287883,-1.5162946231234007,0.7578606769946123,0.18317861780183414,0.31792203057547896,1.5055137831845904,4.735481150706733,0.01734319315528323,0.0678658892435822,0.06771013940841206,0.1827749358972297,17.87710308010911,5.890437388818421,true
2.4250000000000003,1.5047981430538693,0.2716793132363326,1.6866219413659629,17.816934742272394,-0.0002549959095951391,-0.0025472492619430798,0.7533928193545066,-1.5061926873855442,0.7527998680310376,0.18054203116238624,0.3171426025211312,1.502293276713457,4.736964585555355,0.007231058505626391,0.06928886887704624,0.06912313927746537,0.18012778300964044,17.700350138911336,5.832470587633954,true
2.475,1.5047981430538693,0.2676879506271943,1.7042472250430445,17.641963999316104,-0.00026275862322618375,-0.0025420384903132344,0.748283733099213,-1.4959547463284097,0.7476710132291967,0.1778896072292744,0.31634902171230245,1.4990212051455176,4.738504317262513,-0.003094034712623594,0.07071148109023162,0.07053535857250329,0.1774650215938751,17.521754310201825,5.773895799757089,true
2.5250000000000004,1.5047981430538693,0.2636754959762341,1.7210062711586014,17.465230119189442,-0.00027058712420674437,-0.0025364561650484153,0.743108688983326,-1.48558481893398,0.7424761299506539,0.17522316677047822,0.3155414113981832,1.4956984675419382,4.740101975567668,-0.013632227982379237,0.07213371708518286,0.07194678056469682,0.17478848851425566,17.3414092586483,5.714743607804355,true
2.575,1.5047981430538693,0.25964466752360665,1.7368980631188884,17.286823044892238,-0.0002784755973752576,-0.0025304919383841024,0.737869702247062,-1.4750869512701967,0.7372172490231347,0.17254451616791489,0.3147198967729068,1.4923259752546076,4.741759229577496,-0.02438366567884879,0.07355556796615839,0.0733573884644643,0.1721000056486969,17.159408738953196,5.655044628465742,true
2.6250000000000004,1.5047981430538693,0.25559815893969384,1.751922308170966,17.106832780394615,-0.000286418010304262,-0.002524135786389003,0.7325688004188072,-1.464465213797551,0.7318964133787437,0.16985544547588124,0.31388460494316783,1.4889046515985964,4.743477788176896,-0.03534849504139432,0.07497702473554899,0.07476716541827938,0.16940137792239335,16.975846515379992,5.59482948634705,true
2.6750000000000003,1.5047981430538693,0.25153863646197705,1.7660794295210682,16.92534931569907,-0.00029440812510908316,-0.0025173780333651863,0.7272080219801957,-1.4537236986756557,0.7265156766954599,0.16715772651838817,0.31303566489547185,1.485435431493212,4.7452594003601005,-0.04652686623312157,0.0763980782881087,0.07617609450381807,0.16669439138216618,16.790816282175015,5.534128788100233,true
2.725,1.5047981430538693,0.24746873612333886,1.7793705576377783,16.742462552728647,-0.0003024395112827906,-0.002510209375862233,0.7217894150123645,-1.4428665170639674,0.7210771020516029,0.16445311104725352,0.31217320746273386,1.4819192611065541,4.7471058555960814,-0.057918932378603544,0.07781871940494506,0.07758415872488245,0.16398081133342163,16.60441158495496,5.472973096857016,true
2.7750000000000004,1.5047981430538693,0.24339106108420872,1.7917975207894847,16.558262232191474,-0.000310505556362539,-0.0025026209062510296,0.7163150358510724,-1.4318977964323623,0.7155827605812899,0.16174332896920363,0.31129736529047,1.4783570975146534,4.749018984260294,-0.0695248495442669,0.07923893874809036,0.07899134100691656,0.16126238054771616,16.416725743211956,5.411392907013446,true
2.825,1.5047981430538693,0.23930817905653545,1.8033628348344246,16.37283786151942,-0.00031859947573490696,-0.002494604135791119,0.7107869477638382,-1.4208216778901457,0.7100347301263075,0.15903008663399754,0.3104082728027885,1.4747499083569675,4.751000658071764,-0.08134477671951294,0.08065872685531884,0.0803976241927817,0.15854081753308646,16.227851774041746,5.34941861940361,true
2.8750000000000004,1.5047981430538693,0.2352226198133609,1.8140696922734136,16.186278643888365,-0.0003267143256809297,-0.002486151017140611,0.7052072196319307,-1.4096423135262963,0.7044350938943656,0.15631506517943672,0.3095060661679184,1.4710986714772334,4.753052790503655,-0.09337887583465514,0.08207807413494905,0.08180299103853281,0.15581781486336546,16.037882317108597,5.2870805168685,true
2.9250000000000003,1.5047981430538693,0.23113687279325468,1.8239219505718314,15.998673408384018,-0.00033484301935243814,-0.0024772539662502625,0.6995779246265298,-1.3983638637573375,0.6987859391308077,0.15359991893941377,0.30859088326320144,1.467404374557392,4.7551773371925,-0.105627311791991,0.08349697085989284,0.08320742420846562,0.15309503757267293,15.846909560920082,5.2244087402421355,true
2.975,1.5047981430538693,0.2270533848092521,1.8329241197892638,15.810110541424901,-0.00034297834187031544,-0.0024679058835811417,0.6939011388863834,-1.386990494688537,0.6930893558021536,0.15088627392140794,0.30766286363968953,1.4636680147528918,4.757376296370381,-0.1180902524838272,0.08491540716125934,0.084610906269742,0.15037412162115385,15.65502517052638,5.161433264790892,true
3.0250000000000004,1.5047981430538693,0.22297455786403972,1.8410813495613723,15.620677919541759,-0.00035111296275651106,-0.0024581001745840186,0.6881789402119709,-1.3755263754978326,0.6873474352858617,0.14817572635458628,0.3067221484864934,1.4598905983285484,4.759651709315134,-0.13076786880037727,0.08633337302210702,0.08601341968718153,0.14765667243298464,15.462320216744176,5.098183877138993,true
3.075,1.5047981430538693,0.21890274706925056,1.8483994154602819,15.430462843568748,-0.00035923944721838593,-0.0024478307693837666,0.6824134067795284,-1.3639756758457802,0.6815622690662517,0.14546984130709031,0.3057688805948872,1.4560731402897615,4.762005660801404,-0.1436603346448362,0.08775085827129768,0.08741494681817401,0.14494426350533132,15.268885106968096,5.0346901527016845,true
3.1250000000000004,1.5047981430538693,0.2148402586698122,1.8548847047527421,15.239551974280701,-0.00036735026874444636,-0.002437092141615863,0.6766066158663249,-1.3523425633087762,0.6757359474424514,0.14277015137313423,0.30480320432202246,1.4522166640084606,4.764440279552323,-0.15676782695846145,0.08916785257723454,0.08881546990749788,0.14223843508907433,15.074809517604345,4.970981433637251,true
3.1750000000000003,1.5047981430538693,0.21078934817794936,1.860544201581908,15.048031269528689,-0.000375437823924234,-0.002425879326361735,0.6707606425820006,-1.340631200834473,0.6698705582524723,0.14007815543297322,0.303825265554214,1.4483222008483019,4.766957738706776,-0.17009052574160208,0.09058434544138827,0.09021497108195045,0.13954069294446353,14.880182328186782,4.907086807336763,true
3.225,1.5047981430538693,0.20675221861995824,1.8653854716029898,14.85598592295048,-0.0003834944481813818,-0.0024141879371287304,0.6648775586108453,-1.3288457442234958,0.6639681856126505,0.13739531748781328,0.3028352116698737,1.4443907897916115,4.769560256309193,-0.18362861406291528,0.09200032619152788,0.09161343234470896,0.13685250717361866,14.685091557251603,4.843035085476155,true
3.2750000000000004,1.5047981430538693,0.2027310188944067,1.869416646104895,14.663500304327261,-0.00039151243033698594,-0.0024020141818264125,0.6589594309704867,-1.3169903396418892,0.6580309086714025,0.13472306556876795,0.3018331915022164,1.440423477064486,4.772250095807998,-0.19738227806890019,0.09341578397459838,0.09301083556936639,0.1341753111288171,14.489624300046412,4.778854783656222,true
3.325,1.5047981430538693,0.19872784223931783,1.8726464056543428,14.470657901629753,-0.00039948402538290105,-0.00238935487768048,0.6530083207867474,-1.3050691211657393,0.6520608003789918,0.132062790718239,0.30081935530173126,1.4364213157550942,4.7750295665460705,-0.2113517070107884,0.09483070774956967,0.09440716249396403,0.1315105003948325,14.293866668118117,4.714574101645955,true
3.3750000000000004,1.5047981430538693,0.1947447248095593,1.875083963295646,14.277541264788699,-0.0004074014668313463,-0.0023762074650401817,0.6470262820844763,-1.2930862083592056,0.6460599262747293,0.1294158460445334,0.2997938546983407,1.4323853654261722,4.777901024247047,-0.22553709328652896,0.09624508628046752,0.09580239471522893,0.128859431846217,14.097903730813552,4.65022090424007,true
3.4250000000000003,1.5047981430538693,0.19078364436832002,1.8767390473311967,14.084231951239591,-0.000415256980035646,-0.0023625700200283206,0.6410153605976004,-1.2810457038889518,0.6400303432913513,0.12678354585229593,0.29875684266327274,1.4283166917272263,4.780866871514887,-0.23993863248035316,0.09765890812925383,0.09719651368268889,0.12622342278220725,13.90181945874754,4.585822702747843,true
3.475,1.5047981430538693,0.1868465190941384,1.877621883708724,13.890810473294787,-0.00042304279611032246,-0.0023484412659965336,0.6349775925998595,-1.2689516911772318,0.6339740985773723,0.12416716484973069,0.29770847347070745,1.424216366008776,4.783929558353366,-0.2545565233926085,0.09907216164817263,0.09858950069228727,0.12360375014015741,13.705696669291688,4.52140663713058,true
3.5250000000000004,1.5047981430538693,0.18293520650135425,1.8777431780516094,13.697356247377806,-0.0004307511652311636,-0.0023338205837412397,0.6289150037537068,-1.2568082320938117,0.6278932283401049,0.12156793743119702,0.2966489026592108,1.4200854649356833,4.787091582695226,-0.2693909680701641,0.10048483497180682,0.09998133687974183,0.12100164978591699,13.509616974120158,4.456999458800261,true
3.575,1.5047981430538693,0.179051502472071,1.8771140973698346,13.503947545145026,-0.00043837436921083573,-0.0023187080204393855,0.6228296079767177,-1.2446193646875905,0.6217897567108728,0.11898705703390894,0.2955782869929062,1.415925070097367,4.790355490934111,-0.2844421718454944,0.10189691600923338,0.1013720032140301,0.1184183158798418,13.31366072883405,4.392627514086921,true
3.6250000000000004,1.5047981430538693,0.17519714039979795,1.8757462514819558,13.3106614465295,-0.0004459047342302079,-0.0023031042972664305,0.6167234063288258,-1.232389100960781,0.6156656946319552,0.11642567556885015,0.29449678442242433,1.4117362676162175,4.793723878462564,-0.2997103433807873,0.10330839243616277,0.1027614804908899,0.11585490031856993,13.117906984702802,4.328316728387422,true
3.6750000000000003,1.5047981430538693,0.17137379044484052,1.873651674176922,13.11757379474267,-0.00045333464394970075,-0.0022870108156591434,0.6105983859230114,-1.2201214246881824,0.609523038765171,0.11388490292595053,0.29340455404565224,1.4075201477558321,4.79719939022088,-0.3151956947122862,0.10471925168688606,0.10414974932616138,0.11331251225257706,12.922433442553382,4.264092591005633,true
3.725,1.5047981430538693,0.16758305890019037,1.8708428041471379,12.92475915325824,-0.0004606565522071296,-0.0022704296621941684,0.6044565188595484,-1.2078202892827838,0.6033637704232354,0.11136580655269401,0.2923017560683252,1.40327780452871,4.800784721254618,-0.330898441296676,0.10612948094594912,0.10553679014889294,0.11079221767856041,12.727316408836197,4.19998014069394,true
3.7750000000000004,1.5047981430538693,0.16382648766638988,1.8673324657231696,12.732290764797455,-0.00046786299458836706,-0.0022533636120578467,0.5982997611835906,-1.1954896157087198,0.5971898545251292,0.1088694111051446,0.29118855176443453,1.3990103353029348,4.804482617279215,-0.3468188020618465,0.1075390671395501,0.10692258319420864,0.10829503910548954,12.532630753880841,4.136003951900675,true
3.825,1.5047981430538693,0.16010555383360758,1.8631338494425402,12.540240512335501,-0.0004749465989566486,-0.0022358161310767587,0.5921300518660629,-1.1831332904426874,0.5910032385766245,0.10639669817021835,0.29006510343648845,1.3947188404073358,4.808295875248979,-0.36295699946448784,0.10894799692667143,0.10830710849594936,0.10582195529310127,12.33844987236225,4.0721881217306315,true
3.8750000000000004,1.5047981430538693,0.15642166936859989,1.8582604924893675,12.348678882143563,-0.000481900095617292,-0.002217791376292362,0.5859493118087234,-1.1707551634852655,0.5848058516765421,0.10394860605765663,0.2889315743756366,1.390404422734022,4.812227343925982,-0.3793132595591442,0.1103562566902667,0.1096903458794044,0.1033739010612875,12.144845645989324,4.008556257623064,true
3.9250000000000003,1.5047981430538693,0.1527761809050576,1.8527262590354026,12.157674928877498,-0.0004887163277764421,-0.0021992941950601044,0.5797594428759668,-1.1583590464242417,0.5785996035482749,0.10152602966070277,0.2877881288216333,1.3860681873390175,4.816279924451233,-0.39588781207718166,0.11176383252855084,0.11107227495418066,0.10095176716938448,11.951888408419887,3.9451314657486884,true
3.975,1.5047981430538693,0.14917036963696692,1.8465453205051077,11.96729624272426,-0.0004953882622946639,-0.0021803301226602824,0.5735623269542138,-1.1459487105512876,0.5723863835970737,0.09912982038523613,0.28663493192270667,1.3817112410439765,4.820456570926832,-0.4126808905061195,0.11317071024584625,0.11245287510667351,0.09855640026506314,11.759646912419655,3.8819363401314546,true
4.0249999999999995,1.5047981430538693,0.1456054513134427,1.8397321357935,11.777608918611477,-0.0005019090000276039,-0.0021609053784102245,0.5673598250360314,-1.1335278850314923,0.5661680599954608,0.09676078614633848,0.28547214969528845,1.377334692040375,4.824760291014501,-0.42969273216514214,0.11457687534296807,0.11383212549212451,0.09618860290162976,11.568188299258843,3.818992952493218,true
4.075,1.5047981430538693,0.14208257633131088,1.832301431475289,11.588677527479637,-0.0005082717851303702,-0.002141026860273402,0.5611537763277383,-1.1211002551259441,0.5599464787982058,0.09441969142981894,0.28429994898365335,1.3729396494936292,4.8291941465405275,-0.4469235782862433,0.11598231300765867,0.1152100050267681,0.0938491336211397,11.377578070349886,3.756322842823269,true
4.125,1.5047981430538693,0.13860282992166667,1.8242681820392017,11.400565089616329,-0.0005144700133975221,-0.0021207021379587333,0.5549459973844136,-1.1086694604699532,0.5537234630855395,0.09210725741618948,0.28311849741942824,1.368527223144655,4.833761254098629,-0.46437367411064473,0.1173870081054582,0.11658649238044691,0.09153870710073471,11.187880061112212,3.6939470106687993,true
4.175,1.5047981430538693,0.1351672324282066,1.8156475901689104,11.213333050052782,-0.0005204972400590697,-0.0020999394445120785,0.5487382812773149,-1.0962390934100474,0.5475008121327325,0.08982416216562798,0.2819279633810571,1.364098522909457,4.838464785650673,-0.4820432689993823,0.11879094517047999,0.11796156596917438,0.08925799436072364,10.9991564170693,3.6318859071484066,true
4.225,1.5047981430538693,0.13177673967568124,1.8064550670876307,11.027041256022597,-0.0005263471872142205,-0.002078747666405048,0.5425323967951559,-1.083812697401234,0.5412803006060782,0.0875710408628301,0.28072851595325593,1.3596546584788491,4.843307969131447,-0.4999326165515716,0.12019410839532092,0.11933520394689252,0.08700762303324384,10.811467572171898,3.570159427686833,true
4.2749999999999995,1.5047981430538693,0.12843224342582915,1.796706212992092,10.841747936478376,-0.0005320137507802575,-0.002057136332133537,0.5363300876761663,-1.071393765463816,0.5350636777876496,0.08534848611999615,0.279520324886516,1.3551967389188369,4.848294089057891,-0.5180419747292173,0.12159648161986092,0.12070738419618758,0.0847881776896834,10.624872229340228,3.5087869054690035,true
4.325,1.5047981430538693,0.12513457191710503,1.7864167976144907,10.65750968364708,-0.0005374910067855764,-0.002035115599340071,0.5301330718650865,-1.058985738697431,0.5288526668323446,0.08315704833550251,0.2783035605566299,1.3507258722701831,4.853426487137358,-0.5363716059947504,0.12299804831979402,0.12207808431879169,0.08260020022429765,10.43942734320055,3.4477871056059484,true
4.375,1.5047981430538693,0.12188449048463162,1.7756027409524058,10.474381436590297,-0.0005427732170290888,-0.00201269624048735,0.5239430407915331,-1.0465920048507384,0.5226489640592054,0.08099723610588504,0.2770783939240893,1.3462431651462816,4.858708562873761,-0.5549217774657771,0.12439879159616435,0.12344728162711692,0.0804441902915565,10.255188104971138,3.3871782199983245,true
4.425,1.5047981430538693,0.11868270225806304,1.7642800941916956,10.292416466742864,-0.0005478548344702778,-0.0019898896270998494,0.517761658673628,-1.034215896948751,0.5164542382751229,0.07886951668959788,0.27584499649329103,1.3417497223314814,4.864143774179768,-0.573692761080651,0.125798694166142,0.12481495313704791,0.07832060579568081,10.072207929466996,3.326977862887691,true
4.475,1.5047981430538693,0.11552984893605128,1.7524650208314374,10.111666365426922,-0.0005527305088178666,-0.001966707712604817,0.5115905618565154,-1.0218606919829454,0.51027013012643,0.07677431652167815,0.274603540271661,1.3372466463844024,4.8697356380092005,-0.5926848337592016,0.12719773835383683,0.1261810755608163,0.07622986343144705,9.890538444216881,3.267203067093533,true
4.5249999999999995,1.5047981430538693,0.11242651163492426,1.7401737780194169,9.932181033346584,-0.0005573950921774484,-0.00194316301380585,0.5054313581920177,-1.0095296096679423,0.5040982514759246,0.07471202177772729,0.273354197728959,1.3327350372488243,4.875487731014401,-0.6118982775491352,0.1285959060795818,0.1275456252984267,0.07417233927463338,9.710229480702411,3.2078702809396935,true
4.575,1.5047981430538693,0.10937321180601066,1.7274226981208738,9.754008672045087,-0.0005618436436490579,-0.0019192685910247656,0.499285626455214,-0.9972258112633057,0.49794018480809166,0.07268297898351093,0.27209714175681404,1.328215991867225,4.881403690209703,-0.6313333797762068,0.12999317884747605,0.1289085784274356,0.07214836941817965,9.531329067688299,3.148995365861194,true
4.625,1.5047981430538693,0.10637041221367924,1.7142281705571323,9.5771957772739,-0.0005660714315859928,-0.001895038026957209,0.49315491578682114,-0.9849523984552088,0.49179748266838763,0.07068749566490617,0.2708325456284188,1.3236906037855047,4.887487213599518,-0.650990433241325,0.13138953773249623,0.13026991069236604,0.07015825064858384,9.353883426590569,3.090593594675642,true
4.675,1.5047981430538693,0.10341851796771526,1.7006066239503537,9.40178713421518,-0.0005700739334188788,-0.0018704854042847253,0.4870407451552758,-0.9727124122947729,0.4856716671394971,0.0687258410339579,0.26956058295814245,1.3191599627401365,4.893742060741041,-0.6708697364998075,0.1327849633688676,0.1316295974954071,0.06820224115818185,9.177936968808003,3.0326796504957825,true
4.725,1.5047981430538693,0.10051787760881883,1.6865745085941406,9.227825814523424,-0.0005738468346723551,-0.0018456252820879954,0.4809446028449516,-0.9605088321960678,0.47956422935111614,0.06679824671023697,0.26828142766105145,1.3146251542317047,4.90017205325376,-0.6909715942115052,0.13417943593986656,0.1329876138885622,0.06628056129264123,9.00353229498175,2.9752676262715676,true
4.775,1.5047981430538693,0.0976687842506206,1.672148279253093,9.05535317517916,-0.0005773860294890897,-0.001820472671115625,0.47486794598217463,-0.94834457499962,0.47347662901744536,0.06490490747975639,0.26699525391245327,1.3100872591024582,4.906781075337133,-0.7112963174986381,0.13557293516749783,0.13434393456572646,0.06439339433613431,8.83071019616856,2.9183710249557437,true
4.825,1.5047981430538693,0.09487147678099195,1.6573443782968087,8.884408859142768,-0.000580687623727761,-0.0017950430079712518,0.46881220010201763,-0.9362224941031921,0.4674102940011745,0.0630459820932911,0.2657022361076623,1.3055473531365978,4.913573074362803,-0.7318442242413429,0.1369654403005592,0.13569853385324684,0.06254088733610046,8.659509656919544,2.8620027602892546,true
4.875,1.5047981430538693,0.09212614111896916,1.6421792191909867,8.715030797765616,-0.0005837479392636592,-0.001769352128294141,0.46277875874762014,-0.9241453786558875,0.4613666199082674,0.06122159410165567,0.2644025488219366,1.3010065066865015,4.920552061556229,-0.7526156392974555,0.13835693010156402,0.13705138569942987,0.06072315196493254,8.489967860210287,2.806175158189286,true
4.925,1.5047981430538693,0.08943291151644756,1.6266691703756115,8.547255214897158,-0.0005865635165977625,-0.0017434162390032107,0.4567689830942185,-0.912115952811541,0.4553469697173225,0.059431832720733234,0.2630963667704851,1.2964657843063754,4.9277221127016215,-0.7736108947151666,0.13974738283397273,0.13840246366441106,0.05894026541094668,8.322120194151953,2.7508999587192267,true
4.975,1.5047981430538693,0.08679187189270882,1.6108305395489735,8.38111663263716,-0.0005891311138799068,-0.00171725188967356,0.45078420159922805,-0.900136875041795,0.4493526734425669,0.057676753718323676,0.26178386476854903,1.2919262443679171,4.9350873687732735,-0.7948303300359902,0.1411367762503149,0.1397517409109497,0.05719227129044489,8.15600026042442,2.696188318623939,true
5.025,1.5047981430538693,0.08420305719617951,1.5946795583638438,8.216647878698819,-0.0005914477031783995,-0.0016908759431027084,0.4448257096841637,-0.8882107375115811,0.4433850278274174,0.055956380319087874,0.2604652176916746,1.2873889386480732,4.942652036449713,-0.8162742927295762,0.1425250875803906,0.1410991901953591,0.05547918057719057,7.99163988439409,2.6420508144191657,true
5.075,1.5047981430538693,0.08166645479545273,1.5782323675432666,8.053880095347397,-0.0005935104666229482,-0.0016643055451327562,0.4388947694503127,-0.8763400655178148,0.43744529606750215,0.05427070412893858,0.2591406004362166,1.2828549119028132,4.950420388558788,-0.8379431387118116,0.1439122935188998,0.14244478385794132,0.0538009725509222,7.829069126876938,2.5884974460211287,true
5.125,1.5047981430538693,0.07918200590330816,1.5615050024305228,7.892842749869285,-0.0005953167942752094,-0.0016375580938074244,0.43299260942599344,-0.8645273169899793,0.4315347075639859,0.05261968608136007,0.2578101878799606,1.278325201449437,4.958396764539965,-0.859837232862874,0.1452983702127934,0.14378849381321226,0.05215759576755431,7.668316297489799,2.5355376408960835,true
5.175,1.5047981430538693,0.07674960703268445,1.5445133789879777,7.7335636465237805,-0.0005968642834308539,-0.0016106512079515217,0.427120424343997,-0.8527748820515404,0.4256544577075434,0.05100325740496142,0.25647415484291336,1.2738008367668747,4.966585570959611,-0.8819569495088849,0.14668329324856078,0.14513029154012833,0.0505489690502922,7.50940796954547,2.4831802587151857,true
5.225,1.5047981430538693,0.07436911147825234,1.5272732802545308,7.5760689399314565,-0.0005981507379023245,-0.001583602695277693,0.421279374949482,-0.841085082641976,0.41980570769249403,0.049421320608042545,0.25513267604821793,1.2692828391061977,4.974991282050889,-0.9043026728971351,0.14806703763958234,0.14647014807243813,0.048974982497189734,7.352368996427408,2.431433596494825,true
5.275,1.5047981430538693,0.07204033081645439,1.5098003432693128,7.420383149850369,-0.0005991741664056865,-0.0015564305201161421,0.41547058783798246,-0.8294601721989108,0.4139895843609283,0.04787375047543202,0.25378592608331757,1.264772221098932,4.9836184402270955,-0.9268747977137353,0.14944957781323454,0.14780803398885814,0.04743549850029934,7.197222529398058,2.380305394208895,true
5.325,1.5047981430538693,0.06976303641973997,1.4921100464699553,7.266529177287959,-0.0005999327802267326,-0.0015291527708664945,0.40969515532244977,-0.8179023353994203,0.4082071800769705,0.046360395074758254,0.25243407936133555,1.2602699863590447,4.992471656551124,-0.9496737296623265,0.1508308875979603,0.14914391940327823,0.045930352773542044,7.043990036778444,2.329802840853188,true
5.375,1.5047981430538693,0.06753696098317241,1.4742176975734589,7.1145283218981845,-0.0006004249906717417,-0.0015017876272565983,0.40395413532917085,-0.8064136879599646,0.40245955263079375,0.044881076770942496,0.2510773100826769,1.2557771290827877,5.001555611175197,-0.9726998860900352,0.15221094021028447,0.15047777395497916,0.04445935538812083,6.892691324444394,2.279932580944042,true
5.425,1.5047981430538693,0.06536180006158566,1.456138421945976,6.9644003006152335,-0.0006006494065575215,-0.0014743533274854184,0.39824855132316794,-0.7949962764947508,0.39674772517158285,0.04343559324770234,0.2497157921968446,1.2512946336511606,5.010875053768313,-0.9959536966440286,0.15358970824186877,0.15180956679895227,0.043022291814268164,6.743344557582348,2.2307007214325827,true
5.475,1.5047981430538693,0.06323721361421003,1.4378871514663354,6.81616326747244,-0.0006006048318618369,-0.0014468681353277876,0.39257939226299055,-0.7836520784319354,0.39107268616894486,0.042023718534018845,0.24834969936451018,1.2468234742353017,5.020434803930654,-1.0194356039590111,0.15496716364647284,0.15313926659619378,0.041618923967263945,6.5959662836509025,2.1821128390173,true
5.525,1.5047981430538693,0.06116282755303152,1.4194786138870308,6.669833834552861,-0.0006002902637902867,-0.0014193503072828517,0.38694761258390964,-0.7723830019866091,0.3854353894026995,0.04064520403308472,0.24697920491981182,1.2423646144025582,5.030239751585256,-1.0431460643866346,0.15634327772687517,0.15446684150402512,0.04024899125526026,6.450571456485333,2.1341739878349166,true
5.575,1.5047981430538693,0.05913823529165231,1.4009273226961874,6.525427094019641,-0.000599704891557374,-0.0013918180598624305,0.38135413220867814,-0.7611908861895634,0.3798367539808853,0.03929977955158552,0.24560448183292644,1.2379190067220665,5.040294857339641,-1.0670855487735575,0.15771802112171454,0.15579225916640232,0.03891221162680415,6.307173461491003,2.0868887075122475,true
5.625,1.5047981430538693,0.05716299929240724,1.3822475674841543,6.382956641175603,-0.0005988480959200892,-0.0013642895371185765,0.3757998365857469,-0.7500775009711578,0.3742776643854109,0.037987154327821966,0.24422570267291274,1.2334875923720547,5.050605152824735,-1.091254543281551,0.159091363792387,0.1571154867043445,0.03760828261654843,6.165784141866686,2.0402610315599032,true
5.675,1.5047981430538693,0.05523665261004334,1.363453404816902,6.24243459849985,-0.0005977194491730493,-0.0013367827785160033,0.37028557675508994,-0.7390445472996866,0.36875897054459666,0.036707018057548176,0.24284303957083708,1.2290713007532887,5.061175741027446,-1.1156535502335516,0.1604632750100519,0.15843649070653246,0.03633688238796526,6.026413825801011,1.9942944960892937,true
5.725,1.5047981430538693,0.05335870042996152,1.3445586496156134,6.103871640606239,-0.0005963187152795135,-0.001309315687244808,0.36481216944113715,-0.7280936573732817,0.36328148793214454,0.03545904191619631,0.2414566641831774,1.2246710491121575,5.072011796630635,-1.140283088972721,0.16183372334264876,0.15975523721998328,0.035097670771653044,5.889071354583114,1.948992148833776,true
5.775,1.5047981430538693,0.05152862159821256,1.325576867040883,5.967277020069128,-0.0005946458501530946,-0.001281905999065372,0.35938039717168585,-0.7172263948640807,0.35784599769239483,0.03424287957562154,0.2400667476554696,1.2202877421741163,5.083118566363907,-1.1651436967326734,0.16320267664188426,0.16107169174076014,0.033890290297388374,5.753764111564872,1.9043565584537354,true
5.825,1.5047981430538693,0.04974587013990895,1.3065213648814105,5.832658594064718,-0.0005927010025292537,-0.001254571251769497,0.3539910084220853,-0.7064442552136168,0.35245324679153145,0.03305816821314893,0.23867346058627031,1.2159222717849363,5.0945013693528445,-1.1902359295300942,0.1645701020301318,0.1623858192046633,0.03271436721774248,5.620498051922523,1.8603898241090078,true
5.875,1.5047981430538693,0.04800987676295236,1.2874051864476965,5.700022851777815,-0.0005904845160101244,-0.0012273287553384166,0.348644717784943,-0.6957486659787948,0.3471039481938518,0.0319045295108619,0.2372769729914315,1.2115755165580309,5.106165597458895,-1.2155603630883502,0.1659359658876231,0.16369758397826628,0.03156951252133212,5.489277733157857,1.8170935852794416,true
5.925,1.5047981430538693,0.04632005034478706,1.2682411039689567,5.56937494252219,-0.0005879969326420428,-0.0012001955628805072,0.3433422061656197,-0.6851409872277718,0.3417987810621521,0.030781570643610822,0.23587745426872006,1.2072483415283446,5.118116715610318,-1.2411175937914871,0.16730023383990464,0.16500694985026906,0.030455322934220104,5.360106346284181,1.7744690318158591,true
5.975,1.5047981430538693,0.04467577940066343,1.249041612487918,5.440718704519812,-0.0005852389980141532,-0.0011731884424246788,0.33808412100261775,-0.6746225119844163,0.3365383909817985,0.029688885254734204,0.23447507316277455,1.2029415978168805,5.130360262140908,-1.2669082396528313,0.16866287074548933,0.16631388002310055,0.02937138190848379,5.232985747639285,1.7325169142025387,true
6.025,1.5047981430538693,0.043076433532169736,1.2298189242470134,5.31405669428478,-0.0005822116676401671,-0.0011463238496460665,0.3328710765110514,-0.6641944667195978,0.3313233902085464,0.028626054418667415,0.2330699977303522,1.1986561223113035,5.142901849160679,-1.2929329412760069,0.1700238406834682,0.1676183371045436,0.028317260597087356,5.10791649126545,1.6912375540115394,true
6.075,1.5047981430538693,0.04152136485457247,1.2105849635609434,5.189390216560962,-0.0005789161144165334,-0.0011196179015970503,0.3277036539477876,-0.6538580118877764,0.32615435793998876,0.0275926475894688,0.23166239530589045,1.1943927373672028,5.155747162978734,-1.319192362788397,0.1713831069410101,0.16892028309931295,0.027292518814057875,4.984897861803263,1.6506308545315058,true
6.125,1.5047981430538693,0.04000990940113436,1.1913513621723415,5.066719354765125,-0.0005753537371338111,-0.001093086351509516,0.3225824018981285,-0.643614242507976,0.3210318406098476,0.0265882235340465,0.23025243246739535,1.1901522505330904,5.168901964593232,-1.345687192732634,0.17274063200104284,0.1702196794008669,0.026296705978765333,4.863927907845204,1.6106963115534034,true
6.175,1.5047981430538693,0.038541388502385004,1.1721294550867458,4.94604300188751,-0.0005715261701786218,-0.0010667445647341775,0.3175078365847145,-0.6334641887885928,0.3159563522038783,0.025612331248740308,0.2288402750027068,1.1859354543007998,5.1823720902571555,-1.3724181449069022,0.17409637753025065,0.17151648678358053,0.025329362042993818,4.745003475698294,1.5714330242968033,true
6.225,1.5047981430538693,0.0371151101384026,1.1529302768806309,4.8273588918001575,-0.0005674352946031564,-0.0010406074958757838,0.31248044219893023,-0.623408816795217,0.31092837459628675,0.02466451085796824,0.22742608787613042,1.1817431258831697,5.196163452131385,-1.3993859591436657,0.17545030436763095,0.17281066539550982,0.024390018399570015,4.6281202435006925,1.5328397064588524,true
6.275,1.5047981430538693,0.03573037026241941,1.1337645584738718,4.710663630922257,-0.0005630832506717812,-0.0010146896671800812,0.3075006712541203,-0.6134490291601561,0.3059483579060358,0.023744294493816584,0.22601003519542803,1.1775760270216504,5.210282039040502,-1.4265914020125416,0.17680237251340375,0.17410217475154674,0.023478198771469217,4.513272755638549,1.4949146973684588,true
6.325,1.5047981430538693,0.03438645409432363,1.1146427243571644,4.595952730192979,-0.0005584724518910185,-0.0009890051482227824,0.30256894495920394,-0.6035856658319791,0.3010167208727752,0.022851207155624893,0.22459228017919086,1.1734349038273406,5.224733917350659,-1.4540352674282018,0.17815254111821377,0.17539097372690501,0.02259342008047538,4.400454457413335,1.4576559732294947,true
6.375,1.5047981430538693,0.03308263738280259,1.0955748902652749,4.483220637304164,-0.0005536056004452439,-0.000963567536945667,0.2976856536113557,-0.5938195048634634,0.29613385125210767,0.02198476754873181,0.22317298512454428,1.1693204866598739,5.2395252319958034,-1.4817183771395386,0.1795007684725078,0.17667702055082216,0.02173519329457615,4.289657729904958,1.421061158435144,true
6.425,1.5047981430538693,0.03181818763495274,1.0765708612875766,4.372460769147414,-0.0005484857039109678,-0.0009383899420786906,0.29285115700686687,-0.5841512632365389,0.291300106229672,0.021144488901601272,0.22175231137525164,1.165233490048451,5.25466220767652,-1.509641581074903,0.18084701199616254,0.1779602728005483,0.020903024253323663,4.180873924986655,1.3851275369390514,true
6.475,1.5047981430538693,0.030592365312218046,1.057640130407225,4.263665544431046,-0.000543116093094189,-0.0009134849669817507,0.2880657848697456,-0.5745815977230163,0.2865158128532707,0.020329879760572572,0.22033041929021455,1.1611746126591647,5.27015115025806,-1.5378057575179473,0.1821912282283722,0.17924068739562715,0.020096414470389484,4.074093400442792,1.3498520636673386,true
6.525,1.5047981430538693,0.029404424991553123,1.0387918774596874,4.15682641642315,-0.0005375004408094724,-0.0008888646949332113,0.2833298372977188,-0.5651111057799256,0.2817812684822068,0.019540444761500807,0.21890746821235785,1.1571445373128755,5.285998448396252,-1.5662118130868297,0.18353337281801155,0.1805182205926732,0.019314861912593243,3.969305555141314,1.3152313759557295,true
6.575,1.5047981430538693,0.028253616490761226,1.0200349685005494,4.0519339057774,-0.0005316427813864427,-0.0008645406758863716,0.27864358522518073,-0.5557403264782071,0.2770967412530264,0.01877568537759007,0.21748361643794425,1.1531439310571945,5.302210575416963,-1.5948606824908844,0.18487340051440176,0.1817928279805712,0.01855786175469091,3.8664988642179345,1.2812618049978188,true
6.625,1.5047981430538693,0.027139185957028855,1.0013779555718663,3.9489776333992364,-0.0005255475306476437,-0.0008405239147114552,0.2740072709024325,-0.5464697414633795,0.27246247056094697,0.01803510064276928,0.21605902118632742,1.1491734452960192,5.3187940914764305,-1.6237533280382266,0.1862112651585124,0.18306446447612754,0.017824907109256036,3.7656609142275013,1.2479393872899462,true
6.675,1.5047981430538693,0.026060376917761058,0.982829076855904,3.847946353311131,-0.000519219506054958,-0.0008168248609311812,0.2694211083904857,-0.5372997759467861,0.2678786675563004,0.01731818785001527,0.2146338385701378,1.1452337159798027,5.335755646030458,-1.6528907388676608,0.18754691967459475,0.18433308432016438,0.017115489731037818,3.666778438218228,1.2152598760582216,true
6.725,1.5047981430538693,0.02501643129290775,0.9643962572049019,3.7488279854768916,-0.0005126639466736147,-0.0007934533999558735,0.2648852840706291,-0.5282307997259472,0.2633455156553181,0.016624443224085107,0.2132082235658984,1.1413253638590517,5.353101980638616,-1.6822739298800504,0.1888803160623033,0.18559864107410745,0.01642910069521035,3.5698373506861505,1.1832187526537798,true
6.775,1.5047981430538693,0.024006590368060646,0.9460871090352452,3.651609648546291,-0.0005058865325563068,-0.0007704188458159539,0.2603999571680144,-0.5192631282325944,0.25886317106457996,0.015953362568178853,0.21178232998516572,1.137448994802952,5.370839932125709,-1.7119039403449894,0.1902114053891783,0.1868610876169424,0.015765231049007407,3.4748227823750555,1.1518112379049594,true
6.825,1.5047981430538693,0.02303009572769071,0.927908933574249,3.556277692482499,-0.0004988934031073742,-0.0007477299353845918,0.25596526028852984,-0.5103970236069458,0.254431763318416,0.015304441884114069,0.21035631044611017,1.1336052001843007,5.388976436125085,-1.741781832162167,0.1915401377836027,0.1881203761426445,0.015123372436242816,3.3817191148759873,1.1210323034113827,true
6.875,1.5047981430538693,0.022086190147993436,0.9098687224475399,3.4628177310360906,-0.0004916911739499581,-0.000725394824077602,0.25158129996822975,-0.5016326957967747,0.25005139582854496,0.014677177965658074,0.20893031634562317,1.1297945573309098,5.407518531020391,-1.7719086877592118,0.19286646242820682,0.18937645815805107,0.014503017694313456,3.2905100149937034,1.0908766827692986,true
6.925,1.5047981430538693,0.021174118448911164,0.8919731595948273,3.3712146740306244,-0.0004842869517894667,-0.0007034210830128701,0.24724815723460541,-0.49297030367983097,0.24572214644522555,0.01407106896473168,0.20750449783197866,1.126017630042417,5.426473362298779,-1.8022856076132165,0.19419032755364207,0.19062928448109956,0.013903661423314213,3.201178468844459,1.0613388827165504,true
6.975,1.5047981430538693,0.020293128305013213,0.874228623501689,3.2814527594260543,-0.0004766883467461779,-0.0006818156976054618,0.24296588817894998,-0.48440995620814153,0.24144406802919155,0.013485614930272248,0.20607900377799698,1.122274969170568,5.445848187327044,-1.8329137073874073,0.1955116804329112,0.19187880523960318,0.013324800526967728,3.1137068156459655,1.0324131941843213,true
7.025,1.5047981430538693,0.019442471015034317,0.8566411897348387,3.1935155851275305,-0.0004689034816201848,-0.0006605850675696773,0.23873452453908714,-0.4759517135727287,0.23721718903364156,0.012920318319623491,0.20465398175485505,1.1185671132590476,5.465650380547808,-1.8637941146820791,0.19683046737596194,0.19312496987028338,0.012765934725148042,3.0280767811741023,1.0040937032473642,true
7.075,1.5047981430538693,0.018621402230001416,0.8392166337682666,3.1073861405085053,-0.00046094099755517563,-0.0006397350082956027,0.23455407429169434,-0.46759558838724863,0.2330415140955543,0.012374684482405559,0.20322957800643857,1.1148945892383006,5.485887439095993,-1.8949279654042224,0.19814663372487695,0.19436772711837014,0.012226567037855069,2.9442695108468455,0.9763743019596864,true
7.125,1.5047981430538693,0.017829182640018038,0.8219604340875291,3.0230468376182777,-0.00045281005558480526,-0.0006192707535610242,0.23042452225346705,-0.4593415468890666,0.22891702463559954,0.011848222116911385,0.20180593742436573,1.1112579131684837,5.506566988818002,-1.9263163997700112,0.1994601238493233,0.19560702503744615,0.01170620424058861,2.862265602411798,0.9492486990679292,true
7.175,1.5047981430538693,0.017065078619923672,0.8048777755594476,2.940479542045578,-0.00044452033357820033,-0.0005991969595387503,0.22634583069034692,-0.45118951015625863,0.22484367946591172,0.01134044369917379,0.2003832035236489,1.107657591022771,5.527696790674609,-1.957960557961263,0.2007708811425114,0.19684281098976797,0.011204357291172008,2.782045138205168,0.922710430591806,true
7.225,1.5047981430538693,0.016328362834201124,0.7879735530544236,2.859665603411008,-0.0004360820181500431,-0.0005795177100521576,0.22231793993403773,-0.4431393553390306,0.22082141540499287,0.010850865884951185,0.19896151841904894,1.1040941195014011,5.54928474749564,-1.9898615754668172,0.2020788480175075,0.1980750316469118,0.010720541728180388,2.7035877169568643,0.896752870263186,true
7.275,1.5047981430538693,0.015618314801667685,0.7712523753086004,2.780585885462594,-0.00042750579116592304,-0.0005602365230299722,0.21834076900503022,-0.4351909169040403,0.2168501478990101,0.010379009884987992,0.19754102280212202,1.1005679868656304,5.571338911047736,-2.0220205781483824,0.20338396590397934,0.1993036329908148,0.010254278041244362,2.62687248511478,0.8713692398148309,true
7.325,1.5047981430538693,0.014934221420651376,0.7547185690131071,2.7032207957500205,-0.0004188028105548506,-0.0005413563581090769,0.21441421624134704,-0.4273439878900975,0.21292977164875043,0.009924401814015766,0.19612185591903047,1.0970796737793846,5.593867489364966,-2.054438677079225,0.2046861752453027,0.20052856031513955,0.00980509201362916,2.551878167666761,0.8465526191115588,true
7.375,1.5047981430538693,0.014275377455521363,0.7383761831176718,2.627550314854461,-0.0004099846852367024,-0.0005228796253301804,0.2105381599322255,-0.4195983211737211,0.2090601612414956,0.009486573014072578,0.19470415554907142,1.0936296541455108,5.61687885428764,-2.0871169632127926,0.20598541549614813,0.20174975822706873,0.009372515037601475,2.4785830984340014,0.822295956114964,true
7.425,1.5047981430538693,0.01364108598560378,0.722228993335907,2.5535540251522377,-0.000401063444082351,-0.0005048081948685057,0.20671245895596335,-0.41195363074303115,0.2052411717870678,0.009065060352825975,0.19328805798400242,1.0902183959224598,5.640381549142019,-2.120056501946209,0.2072816251204467,0.20296717064943037,0.00895608440323593,2.406965249818006,0.7985920766755712,true
7.475,1.5047981430538693,0.013030658817675962,0.7062805068403567,2.4812111390909974,-0.0003920514989278134,-0.0004871434077418635,0.20293695342213258,-0.40440959297894846,0.20147263955681588,0.008659406497692286,0.191873698008142,1.0868463619069086,5.664384296490649,-2.1532583276503043,0.20857474159001532,0.2041807408234129,0.00855534356143028,2.337002261979412,0.7754336941449669,true
7.525,1.5047981430538693,0.012443416863412722,0.690533967130323,2.4105005269700674,-0.00038296160186331827,-0.00046988608743489535,0.19921146531164163,-0.3969658479393504,0.19775438262770878,0.008269160166665138,0.1904612088794917,1.083514010467611,5.68889600586947,-2.18672343824042,0.20986470138197508,0.20539041131011285,0.008169842362064948,2.2686714714417695,0.7528134188053163,true
7.575,1.5047981430538693,0.01187869048311131,0.6749923590766286,2.3414007441659135,-0.00037380679697969574,-0.0004530365523792157,0.1955357991258067,-0.3896220006503512,0.19408620152454448,0.00789387635673476,0.18905072231091136,1.0802217962168132,5.713925781464558,-2.22045278987521,0.21115143998291208,0.20659612399836574,0.007799137268185641,2.201949939056428,0.7307237670947058,true
7.625,1.5047981430538693,0.011335819797541394,0.6596584140962456,2.273890057867453,-0.0003646003670889487,-0.00043659462922465697,0.19190974253326992,-0.382377622398656,0.1904678798653861,0.007533116551125084,0.18764236845336194,1.0769701706023678,5.739482929571134,-2.2544472918586895,0.2124348918825262,0.20779782010267311,0.007442791547537769,2.1368144774101667,0.7091571706550702,true
7.675,1.5047981430538693,0.01081415496938177,0.6445346154917446,2.2079464732135614,-0.00035535577595445647,-0.0004205596668437894,0.18833306701386665,-0.37523225202256344,0.1868991850086968,0.00718644890631995,0.18623627587882724,1.07375958241311,5.765576965852458,-2.288707801825993,0.21371499057989077,0.20899544017290164,0.0071003754424787706,2.0732416775465605,0.6881059851593524,true
7.725,1.5047981430538693,0.010313056456021784,0.6296232038989451,2.143547758884652,-0.0003460866066259397,-0.0004049305510030188,0.1848055285073008,-0.3681853972051268,0.18337986869782597,0.006853448420060014,0.18483257156472874,1.0705904781794862,5.7922176222309565,-2.3232351213061695,0.21499166858148697,0.2101889240962156,0.006771466319573729,2.011207935075496,0.6675624989422474,true
7.775,1.5047981430538693,0.009831895235622556,0.6149261828627142,2.0806714721063404,-0.00033680649671166793,-0.00038970571964005996,0.18132686805707632,-0.3612365357631729,0.17990966770609657,0.006533697081569691,0.18343138087890198,1.0674633024653655,5.819414853394606,-2.358029991717651,0.21626485740493734,0.211378211104284,0.006455648800276188,1.9506894756160427,0.6475189414157559,true
7.825,1.5047981430538693,0.009370053008099913,0.6004453245128957,2.019294983061067,-0.00032752907139537606,-0.0003748831786867801,0.17789681245278988,-0.35438511693282776,0.17648830448003788,0.006226784005118539,0.18203282756541456,1.064378498039874,5.84717884282374,-2.393093090879901,0.21753448758194366,0.21256323977967,0.006152514873950502,1.891662379576541,0.6279674912703871,true
7.875,1.5047981430538693,0.008926922372849831,0.5861821753377308,1.9593954986924975,-0.00031826787511161686,-0.0003604605183747389,0.17451507487014922,-0.34763056264997716,0.17311548777982794,0.005932305548127103,0.18063703373100623,1.061336505925683,5.8755200082955374,-2.4284250300940404,0.2188004886643587,0.2137439480650674,0.0058616639946313985,1.8341026062550132,0.6089002844558664,true
7.925000000000001,1.5047981430538693,0.008501906984943243,0.5721380620328856,1.90095008590724,-0.00030903630281442295,-0.00034643492996550007,0.17118135550919095,-0.34097226882495696,0.169790913315766,0.005649865414964756,0.17924411983257718,1.0583377653193962,5.904449006795512,-2.4640263518442787,0.22006278922782335,0.21492027327017754,0.0055827031628662375,1.7779860172713562,0.5903094219446715,true
7.975,1.5047981430538693,0.008094421691438026,0.5583140974259452,1.8439356941542413,-0.0002998475318323531,-0.00033280322284531816,0.16789534222532487,-0.3344096066077001,0.1665142643823752,0.0053790747475345995,0.17785420466531535,1.055382713385669,5.933976738822003,-2.499897528152389,0.22132131687867648,0.21609215208154806,0.005315246993940798,1.723288399308618,0.5721869772703462,true
8.025,1.5047981430538693,0.007703892649275823,0.5447111864630896,1.7883291773742283,-0.00029071445523041063,-0.0003195618419277457,0.16465671115736286,-0.32794192364425384,0.16328521248689098,0.0051195522036207326,0.176467405351355,1.05247178492648,5.964114352058153,-2.536038959616764,0.22257599826350782,0.21725952057476833,0.005058917773675991,1.6699854861560908,0.5545250038377308,true
8.075,1.5047981430538693,0.007329757426239088,0.5313300322405474,1.7341073153265827,-0.0002816496176141195,-0.0003067068853076227,0.16146512734989538,-0.32156854532244844,0.16010341797255306,0.0048709240239783414,0.175083837329492,1.0496054119299965,5.994873244380255,-2.572450975142848,0.2238267590766647,0.21842231422464653,0.004813345503000589,1.61805298007223,0.5373155420106603,true
8.125,1.5047981430538693,0.006971465086183248,0.5181711420814401,1.681246834270373,-0.0002726651542402593,-0.0002942341221122968,0.1583202453681577,-0.3152887760046592,0.1569685306365015,0.004632824088973959,0.1737036143451291,1.0467840230084344,6.0262650662443615,-2.609133832362737,0.22507352407342698,0.2195804679205392,0.00457816793230753,1.5674665724338912,0.520550625965586,true
8.175,1.5047981430538693,0.006628476259676857,0.5052348336387825,1.6297244270137705,-0.00026377273420166784,-0.00028213901049467527,0.1552217099079059,-0.3091019002479794,0.1538801903400735,0.00440489396552875,0.1723268484411762,1.0440080427323517,6.058301722431395,-2.6460877187300342,0.226316217082005,0.22073391598044947,0.004353030586563388,1.5182019636996524,0.5042222903200186,true
8.225,1.5047981430538693,0.00630026320099576,0.49252124101918515,1.5795167723211478,-0.00025498350839628766,-0.0002704167157192572,0.15216915639676842,-0.30300718400906435,0.15083802761229592,0.004186782944993454,0.17095364994947468,1.0412778908742606,6.090995373202094,-2.6833127532598144,0.22755476101782643,0.22188259216711012,0.004137586781981286,1.47023488267113,0.48832257653012856,true
8.275,1.5047981430538693,0.005986309832249953,0.48003032091821457,1.5306005536743839,-0.0002463080628491472,-0.0002590621282894251,0.1491622115877682,-0.29700387583300353,0.14784166424523532,0.003978148072472504,0.16958412748272686,1.0385939815747343,6.124358434904359,-2.7208089888734586,0.22878907790061398,0.22302642970650136,0.003931497634957576,1.4235411050538007,0.47284353905775534,true
8.325,1.5047981430538693,0.005686111775291608,0.46776185875544496,1.4829524773958898,-0.00023775637785290526,-0.000248069882066021,0.1462004941443693,-0.29109120802501853,0.14489071388064922,0.0037786541680282057,0.16821838792714736,1.0359567224445505,6.158403580072391,-2.7585764152990166,0.2300190888717418,0.22416536130646011,0.0037344320638542055,1.3780964713273016,0.4577772513099464,true
8.375,1.5047981430538693,0.005399176371873425,0.45571547480368474,1.4365492901251475,-0.00022933779326770383,-0.00023743437233320064,0.1432836152160042,-0.28526839780351537,0.14198478258751118,0.003587973840076797,0.16685653643552786,1.0333665136188077,6.193143737093529,-2.7966149624680483,0.23124471421487616,0.22529931917815643,0.0035460667840729377,1.333876903917827,0.44311581134840977,true
8.425,1.5047981430538693,0.0051250226924286785,0.44389063030126574,1.391367795656611,-0.00022106098019115448,-0.000227149773763341,0.1404111790038201,-0.2795346484335245,0.13912346942970438,0.003405787491223141,0.16549867642090416,1.0308237467781753,6.228592089501278,-2.834924504342217,0.2324658733777938,0.22642823505846976,0.003366086296779736,1.290858423683306,0.42885134737233266,true
8.475,1.5047981430538693,0.004863181533698449,0.4322866335409834,1.3473848711363987,-0.0002129339190867006,-0.0002172100582385761,0.13758278331624793,-0.2738891503394491,0.13630636702320117,0.003231783316683928,0.16414490955072955,1.0283288041526073,6.264762074968878,-2.8735048631015943,0.23368248499668537,0.22755204023446365,0.0031941828715117988,1.2490171657128943,0.41497602297501085,true
8.525,1.5047981430538693,0.00461319540536451,0.42090264592552395,1.3045774826259984,-0.0002049638843422844,-0.00020760901248678687,0.13479802011388817,-0.26833108219609253,0.13353306208220436,0.00306565729540468,0.16279533574159347,1.0258820575229017,6.301667384078459,-2.912355813619071,0.23489446692144036,0.22867066556855534,0.0030300565228342786,1.208329394447528,0.4014820421765044,true
8.575,1.5047981430538693,0.0043746185057474685,0.4097376879844857,1.2629227000314285,-0.00019715743512542996,-0.00019834025549150813,0.13205647604255571,-0.26285961199657704,0.13080313595402132,0.002907113173910173,0.1614500531544201,1.023483867234431,6.339321958943627,-2.9514770881481316,0.23610173624360986,0.2297840415259363,0.002873414981122377,1.1687715181256766,0.38836165423370295,true
8.625,1.5047981430538693,0.00414701668659234,0.3987906453441666,1.222397711405547,-0.00018952041229584668,-0.00018939725563707488,0.1293577329547449,-0.2574738980965419,0.12811616514179702,0.0027558624429030038,0.16010915819021163,1.0211345812362387,6.377739991756863,-2.990868381150711,0.23730420932609003,0.23089209820334594,0.002723973657496532,1.1303201025630845,0.3756071582307502,true
8.675,1.5047981430538693,0.003929967406930809,0.38806027464329373,1.1829798366280397,-0.00018205794105872152,-0.00018077334755285668,0.126701368418622,-0.2521730902334605,0.1254717218148385,0.0026116243066031763,0.15877274548626782,1.0188345341579788,6.416935923338916,-3.0305293541934564,0.23850180183431854,0.23199476535899544,0.002581455602894334,1.0929518842718735,0.3632109074516655,true
8.725,1.5047981430538693,0.0037230596759900174,0.37754520938912417,1.1446465404684827,-0.00017477443896860047,-0.00017246174862164954,0.12408695621417465,-0.2469563305202062,0.12286937430603156,0.0024741256448086524,0.15744090791298404,1.0165840464349536,6.456924441751879,-3.0704596408464906,0.23969442876963773,0.2330919724442328,0.002445591461235821,1.0566437829299213,0.35116531353884817,true
8.775,1.5047981430538693,0.0035258939851364277,0.3672439657464839,1.1073754450396724,-0.00016767362883860612,-0.00016445557511941822,0.12151406681612621,-0.24182275441202938,0.12030868759590317,0.0023431009676692606,0.15611373657113772,1.014383423490784,6.497720481045247,-3.110658851522209,0.2408820045039552,0.234183648636137,0.0023161194166263616,1.0213729132064375,0.3394628504395025,true
8.825,1.5047981430538693,0.003338082228858676,0.35715494825501193,1.0711443416476965,-0.0001607585560687363,-0.00015674785795641993,0.1189822678631318,-0.2367714916460934,0.1177892237829616,0.0022182923631765663,0.15479132078972313,1.0122329549849864,6.539339220188309,-3.151126578198933,0.24206444281629444,0.23526972287157707,0.00219278513454398,0.9871165959545419,0.32809605814363946,true
8.875,1.5047981430538693,0.003159247614835805,0.34727645546839825,1.0359312020472395,-0.00015403160988102858,-0.00014933155799044806,0.11649112461287651,-0.23180166715281558,0.11531054253993907,0.002099449437400528,0.15347374812435166,1.0101329141314688,6.581796082239495,-3.1918623989792563,0.24324165693068453,0.23635012388221824,0.00207534169697391,0.9538523687808382,0.3170575462170371,true
8.925,1.5047981430538693,0.0029890245631828656,0.33760668551102185,1.0017141891093655,-0.0001474945479349139,-0.00014219958088695223,0.11404020038265159,-0.22691240193826642,0.11287220155561484,0.001986329247534075,0.15216110435623345,1.0080835570920226,6.625106733794058,-3.232865882442089,0.2444135595555656,0.23742478023062957,0.001963549531471376,0.9215579960023891,0.3063399971326711,true
8.975,1.5047981430538693,0.002827058595023613,0.32814374154678405,0.968471666911325,-0.00014114852379431512,-0.0001353447915018735,0.11162905697514511,-0.22210281393701037,0.11047375696186526,0.0018786962278450985,0.15085347349168712,1.0060851224479601,6.669287084751158,-3.274136591752111,0.24558006292466789,0.23849362034744528,0.00185717633416879,0.8902114780003457,0.29593616940372786,true
9.025,1.5047981430538693,0.002673006210599344,0.3188856371560049,0.9361822102575466,-0.00013499411672846445,-0.00012876002776555234,0.10925725508910136,-0.21737201883476925,0.10811476374566789,0.001776322108674781,0.14955093776228048,1.0041378307506195,6.714353288421048,-3.315674088500742,0.24674107883901947,0.23955657256925456,0.0017559969867770849,0.8597910599838232,0.2858389005227396,true
9.075,1.5047981430538693,0.002526534757189688,0.309830301615875,0.9048246136412506,-0.00012903136334551648,-0.00012243811404892557,0.10692435471456077,-0.21271913086036076,0.10579477614579999,0.0016789858286655544,0.1482535776255646,1.0022418841511183,6.760321741998173,-3.3574779362562186,0.24789651871009008,0.24061356517722188,0.0016597934676752983,0.8302752401744581,0.2760411097103159,true
9.125,1.5047981430538693,0.0023873222871808146,0.3009755850811129,0.874377899657142,-0.00012325979058370743,-0.00011637187399538007,0.10462991551241393,-0.20814326354642015,0.10351334803400622,0.0015864734404416078,0.1469614717664437,1.0003974661079145,6.807209087411571,-3.399547703809549,0.24904629360404895,0.24166452643640954,0.0015683547572211691,0.8016427774244664,0.2665358004777159,true
9.175,1.5047981430538693,0.002255057406681133,0.2923192636608807,0.8448213268754354,-0.00011767844961668632,-0.00011055414280387171,0.10237349717800281,-0.20364353045845957,0.10127003328045675,0.001498578010007822,0.1456746970991681,0.9986047411700492,6.855032212562272,-3.4418829681082213,0.2501903142867835,0.2427093846354757,0.0014814767374590283,0.7738726982800811,0.25731606300717674,true
9.225,1.5047981430538693,0.002129439115139679,0.2838590443892842,0.816134397188057,-0.00011228595026439425,-0.00010497777895199928,0.10015465978858704,-0.19921904589190464,0.09906438610331761,0.0014150995101696166,0.14439332876993222,0.9968638548331124,6.903808252952297,-3.484483316875082,0.2513284912702419,0.2437480681272564,0.0013989620864423662,0.7469443035025887,0.24837507635400663,true
9.275,1.5047981430538693,0.0020101766364769213,0.27559257008620364,0.7882968626386658,-0.00010708049553937154,-9.96356753489927e-5,0.0979729641345766,-0.1948689255368426,0.096895961402266,0.0013358447083124559,0.14311744016016364,0.9951749334638783,6.953554593697118,-3.527348350914946,0.2524607348592691,0.24478050536947,0.0013206201674284014,0.7208371740617202,0.23970611047527757,true
9.325,1.5047981430538693,0.0018969892422800428,0.26751742410591695,0.7612887317475818,-0.00010205991599869811,-9.452076991256497e-5,0.09582797203435137,-0.19059228711021747,0.0947643150758661,0.0012606270489078704,0.14184710289045915,0.993538084289521,7.0042888719184955,-3.5704776861152547,0.2535869551988734,0.24580662496548344,0.0012462669132354046,0.695531176613539,0.23130252808906512,true
9.375,1.5047981430538693,0.0017896060676561793,0.25963113497133383,0.7350902753437756,-9.722170361151533e-5,-8.962605556442696e-5,0.09371924663262096,-0.18638825095532907,0.09266900432270811,0.0011892665311403925,0.14058238682514518,0.9919533954466739,7.056028979508326,-3.613870955151934,0.2547070623226621,0.24682635570581243,0.0011757247060833656,0.6710064684758676,0.22315778636846859,true
9.425,1.5047981430538693,0.0016877659203659596,0.25193118089170763,0.7096820319159495,-9.256304489211815e-5,-8.494458964225862e-5,0.09164635268226194,-0.18225594060853034,0.0906095879262684,0.0011215895820689754,0.139323360077592,0.99042093608506,7.108793066241544,-3.657527808912627,0.25582096620081446,0.24783962660886696,0.001108822253269526,0.6472435021174475,0.21526543847568097,true
9.475,1.5047981430538693,0.0015912170838836828,0.2444149941621705,0.6850448124947328,-8.808085308739193e-5,-8.046950272817474e-5,0.08960885680950309,-0.17819448333303595,0.08858562652353286,0.0010574289257524155,0.13807008901610027,0.9889407565212144,7.1625995432355705,-3.7014479176528328,0.25692857678923314,0.2488463669624374,0.001045394459045295,0.6242230291711057,0.2076191349393922,true
9.525,1.5047981430538693,0.0014997171150442153,0.23707996544371396,0.6611597050783269,-8.377179924325568e-5,-7.619400689556563e-5,0.08760632776252814,-0.1742030106199,0.08659668285737188,0.000996623448777427,0.1368226382705066,0.9875128884365506,7.21746708672711,-3.7456309719027012,0.2580298040786938,0.24984650636484593,0.000985282293081661,0.6019261039878605,0.20021262488102431,true
9.575000000000001,1.5047981430538693,0.0014130326369466708,0.22992344792206368,0.6380080786144502,-7.963234200868667e-5,-7.211140337813615e-5,0.08563833664369416,-0.17028065865634223,0.08464232201264807,0.0009390180626346551,0.13558107073940845,0.9861373451152047,7.273414642156021,-3.7900766831415376,0.25912455814434904,0.2508399747660889,0.0009283326559198379,0.5803340867442487,0.19303975709373394,true
9.625,1.5047981430538693,0.0013309391277854007,0.22294276134463548,0.6155715865520841,-7.565875606866795e-5,-6.821508966739151e-5,0.08370445712533472,-0.166426568761536,0.08272211163620127,0.0008844635633882194,0.13434544759812886,0.984814121715992,7.330461428524865,-3.834784784260776,0.2602127491946516,0.2518267025081234,0.0008743982418098638,0.5594286461193013,0.18609448097949918,true
9.675,1.5047981430538693,0.0012532207062719762,0.21613519593477148,0.5938321699741634,-7.184715912520979e-5,-6.449856604592158e-5,0.081804265649218,-0.16263988779006844,0.08083562214085044,0.0008328164890798334,0.13311582830725743,0.9835431955747538,7.38862694302997,-3.8797550298313332,0.2612942876209498,0.25280662036543905,0.0008233373993432282,0.5391917615526067,0.1793708473479396,true
9.725,1.5047981430538693,0.0011796699143025284,0.20949801618287386,0.5727720603256635,-6.819353737105784e-5,-6.095544156584434e-5,0.07993734160990573,-0.15891976850342532,0.07898242689351959,0.0007839389753023494,0.13189227062187436,0.9823245265317443,7.447930965932021,-3.9249871961973724,0.26236908404648,0.25377965958476145,0.0007750139902804167,0.5196057250998002,0.17286300908215166,true
9.775,1.5047981430538693,0.0011100874975076003,0.20302846451387205,0.5523737817493065,-6.469376942380222e-5,-5.757943948334586e-5,0.0781032675222241,-0.15526536990988354,0.07716210238765944,0.0007376986093661473,0.13067483060142301,0.9811580572802435,7.508393565650882,-3.9704810814126774,0.2634370493753421,0.2547457519244229,0.0007292972469716006,0.500653142899255,0.16656522167598709,true
9.825000000000001,1.5047981430538693,0.0010442821843014505,0.19672376483106319,0.5326201530423519,-6.134364870787644e-5,-5.436440216147198e-5,0.0763016291730397,-0.15167585757323565,0.07537422840019595,0.0006939682834683475,0.12946356262022488,0.9800437137322603,7.570035104063769,-4.016236505038923,0.26449809484068526,0.25570482969270747,0.0006860616287562259,0.48231693626426925,0.16047184364737702,true
9.875,1.5047981430538693,0.0009820704640234048,0.19058112593642212,0.513494289247167,-5.813890428931212e-5,-5.1304295454671425e-5,0.07453201575755103,-0.1481504038908254,0.07361838813327437,0.000652626047258651,0.12825851937857727,0.978981405398211,7.6328762419951035,-4.06225330782053,0.2655521320526535,0.2566568257856743,0.0006451866777175584,0.46458034241422924,0.15457733683203798,true
9.925,1.5047981430538693,0.0009232763647367434,0.1845977448277617,0.49497960288843035,-5.507522018206805e-5,-4.839321258977812e-5,0.07279402000042226,-0.144688188341478,0.07189416834105575,0.0006135549601776002,0.12705975191446164,0.9779710257768591,7.696937944875279,-4.108531351254156,0.26659907304598424,0.2576016737243689,0.0006065568741511719,0.44742691485957137,0.14887626656234534,true
9.975,1.5047981430538693,0.0008677312312214035,0.17877080987314373,0.47705980487043664,-5.214825315697369e-5,-4.562537755899501e-5,0.07108723826215081,-0.14128839770398996,0.07020115944183915,0.0005766429439236357,0.12586730961588113,0.9770124527527161,7.762241488551233,-4.155070517065352,0.2676388303266232,0.2585393076908545,0.00057006149209285,0.43084052345502033,0.14336330173605263,true
10.025,1.5047981430538693,0.0008152735036655437,0.17309750386307687,0.45971890504721624,-4.9353649094400374e-5,-4.299514804140259e-5,0.06941127063100558,-0.13795022624685632,0.06853895561585074,0.0005417826353845774,0.12468124023372185,0.9761055489984745,7.828808465240728,-4.201870706607157,0.2686713169174224,0.25946966256313464,0.0005355944552299341,0.4148053541337422,0.13803321477892738,true
10.075000000000001,1.5047981430538693,0.0007657484975282,0.16757500694148067,0.442941212478294,-4.668705792955984e-5,-4.049701787029944e-5,0.0677657210008823,-0.13467287588996646,0.06690715488908416,0.0005088712403473423,0.12350158989526148,0.9752501623798786,7.89666078960573,-4.248931840190464,0.26969644640287344,0.2603926739489333,0.0005030541935050585,0.39930590833817214,0.13288088150642083,true
10.125,1.5047981430538693,0.0007190081850124992,0.16220049941643286,0.42671133538291367,-4.4144147245545275e-5,-3.812561906417142e-5,0.06615019713548362,-0.131455556339067,0.06530535920358338,0.0004778103882779445,0.1223284031181192,0.9744461263614373,7.965820704947166,-4.296253856359856,0.270714132972817,0.26130827821828906,0.0004723435006957908,0.38432700215857457,0.12790128088793054,true
10.175,1.5047981430538693,0.0006749109785558206,0.15697116445178244,0.4110141808051677,-4.172061457365656e-5,-3.5875723439739854e-5,0.0645643107192802,-0.12829748519385398,0.06373317447457377,0.00044850598844183975,0.12116172282482632,0.9736932604108441,8.03631078949409,-4.3438367111210665,0.27172429146490634,0.26221641253477646,0.00044336939323971324,0.36985376519551655,0.12308949471892823,true
10.225,1.5047981430538693,0.0006333215167098227,0.15188419064095113,0.3958349540027989,-3.941219846366731e-5,-3.37422438258855e-5,0.06300767739574728,-0.12519788803061566,0.062190210634868376,0.00042086808761243323,0.12000159035783274,0.9729913704011419,8.108153962791484,-4.391680377129762,0.27272683740588094,0.2631170148854143,0.00041604297054847003,0.3558716391573529,0.11844070720454036,true
10.275,1.5047981430538693,0.0005941104527507761,0.14693677446432113,0.3811591575721133,-3.721468838895195e-5,-3.172023489745029e-5,0.06147991679334279,-0.12215599846036575,0.06067608166702296,0.00039481072959398776,0.11884804549505733,0.972340249008978,8.181373492165807,-4.439784842847638,0.27372168705115313,0.2640100241088291,0.0003902792770371888,0.34236637620749805,0.1139502044594016,true
10.325000000000001,1.5047981430538693,0.0005571542463280958,0.14212612263178473,0.36697259032092333,-3.51239335522292e-5,-2.98048936482765e-5,0.059980652539724184,-0.11917105816345587,0.059190405623731686,0.00037025181676353955,0.11770112646591717,0.9717396761080122,8.255992999263263,-4.488150111672523,0.27470875742258416,0.26489537992157597,0.00036599716607332795,0.32932403707375635,0.10961337392777529,true
10.375,1.5047981430538693,0.0005223349584282456,0.13744945431221117,0.3532613459019021,-3.313585065789723e-5,-2.799155952279246e-5,0.058509512264739105,-0.11624231690170614,0.05773280463696703,0.0003471129738160149,0.1165608699677338,0.9711894191572726,8.332036466664292,-4.536776201045101,0.2756879663453686,0.26577302294345495,0.0003431191660303299,0.3167309889315023,0.10542570372778245,true
10.425,1.5047981430538693,0.000489540049901048,0.13290400325151652,0.34001181121793345,-3.1246430716444877e-5,-2.6275714225568528e-5,0.057066127592747484,-0.11336903250912962,0.05630290491638214,0.00032531941387671114,0.11542731118266172,0.9706892335829077,8.409528244548717,-4.585663141537337,0.2766592324821448,0.26664289472014996,0.00032157134861199814,0.30457390307508475,0.10138278192444952,true
10.475,1.5047981430538693,0.00045866218376683604,0.12848701978132462,0.327210664611416,-2.9451744945257746e-5,-2.465298122808577e-5,0.05565013412484261,-0.11055047086235814,0.05490033673751553,0.0003047998071263015,0.11430048379495894,0.9702388631536967,8.488493057423854,-4.634810975924038,0.27762247536580853,0.2675049377445293,0.00030128319959426175,0.29283975238783205,0.0974802957349602,true
10.525,1.5047981430538693,0.0004295990314953362,0.12419577272013993,0.3148448738487987,-2.7747949828611403e-5,-2.311912499192246e-5,0.05426117141155176,-0.10778590583190437,0.053524734420352604,0.0002854861520652191,0.11318042000866572,0.9698380403496235,8.568956010901596,-4.684219758238964,0.2785776154300401,0.2683590954757373,0.00028218749211407506,0.28151580862363945,0.09371403067037222,true
10.575000000000001,1.5047981430538693,0.0004022530834211824,0.12002755116917092,0.30290169391184985,-2.613129139775865e-5,-2.167004992728941e-5,0.05289888291661005,-0.10507461921542431,0.05217573629881426,0.000267313649527,0.11206715056568142,0.9694864867233609,8.65094259851958,-4.733889552815127,0.27952457403741804,0.26920531235597955,0.000264220162617948,0.2705896395118981,0.09007986961765878,true
10.625,1.5047981430538693,0.00037653146343593827,0.11597966620492653,0.29136866460647204,-2.4598108789762803e-5,-2.030179910553296e-5,0.05156291597241082,-0.10241590065415945,0.050852984681748634,0.00025022057953354285,0.11096070476414649,0.9691839132546989,8.73447870860911,-4.783820433310891,0.2804632735051864,0.2700435338250809,0.0002473201895653676,0.2600491056964663,0.08657379186558947,true
10.675,1.5047981430538693,0.00035234574807399197,0.11204945247091261,0.2802336080001236,-2.3144837141448627e-5,-1.901055274396591e-5,0.05025292172771592,-0.0998090475337483,0.04955612580603237,0.00023414818107027566,0.10986111047717552,0.9689300206978692,8.819590631201308,-4.8340124817185846,0.2813936371287175,0.2708737063328688,0.0002314294749689529,0.24988235752052598,0.08319187207835188,true
10.725,1.5047981430538693,0.00032961179008749613,0.1082342696706896,0.2694846256980567,-2.1768009872239835e-5,-1.779262648094436e-5,0.04896855508823279,-0.09725336487061355,0.048284809782380755,0.00021904053484447753,0.10876839417188051,0.9687244999218978,8.906305064972068,-4.884465787355081,0.28231558920232186,0.27169577734908923,0.00021649272883737306,0.24007783166779648,0.07993027922036337,true
10.775,1.5047981430538693,0.0003082495465856808,0.10453150396475827,0.25911009596903967,-2.04642604070101e-5,-1.664446945866694e-5,0.04770947465069689,-0.0947481651851575,0.04703869053446061,0.00020484444907681282,0.10768258092864691,0.9685670322443238,8.994649124226692,-4.935180445831035,0.2832290550377005,0.2725096953711377,0.00020245735657438223,0.23062424767056727,0.0767852754357267,true
10.825000000000001,1.5047981430538693,0.00028818291179490374,0.10093856927358952,0.24909867073038133,-1.9230323387434484e-5,-1.5562662230741812e-5,0.04647534263109149,-0.09229276836299757,0.045817425731906086,0.00019150934836353482,0.10660369446069014,0.968457289758224,9.084650345915923,-4.986156557996038,0.28413396097959914,0.2733154099292264,0.0001892733493747195,0.22151060429529454,0.07375321488588094,true
10.875,1.5047981430538693,0.00026933955447835066,0.09745290848930555,0.23943927240238094,-1.8063035417612826e-5,-1.4543914511013032e-5,0.04526582478764746,-0.08988650150548097,0.04462067671783351,0.00017898716563521754,0.10553175713380877,0.968394935653137,9.176336696689912,-5.037394228855827,0.2850302344186566,0.2741128715890035,0.00017689317764577736,0.21272617581520087,0.07083054254857003,true
10.925,1.5047981430538693,0.00025165076003823327,0.09407199459847033,0.23012109064161645,-1.6959335387185978e-5,-1.3585062779625234e-5,0.04408059033922794,-0.08752869877069633,0.04344810843146839,0.00016723223722719905,0.10446678998639326,0.9683796245297293,9.26973657997781,-5.088893566457952,0.28591780380087356,0.27490203195112806,0.0001652716874735081,0.20426050818025757,0.0680137929815694,true
10.975,1.5047981430538693,0.00023505127730850115,0.09079333171862203,0.2211335789624302,-1.5916264412554424e-5,-1.2683067761737072e-5,0.04291931187969248,-0.08521870120619052,0.04229938932649804,0.00015620120106706346,0.10340881274960578,0.9684110027088447,9.36487884309973,-5.140654680741239,0.2867965986342066,0.275682843648273,0.00015436600014083143,0.1961034150933781,0.06529958905409786,true
11.025,1.5047981430538693,0.00021947917003261152,0.08761445605109164,0.21246645125546748,-1.4930965434221795e-5,-1.1835011793701836e-5,0.041781665288844624,-0.0829558565745942,0.041174191285749576,0.00014585289797553567,0.1023578438676781,0.968488708535356,9.461792784413849,-5.19267768234498,0.2876665494923988,0.2764552603396693,0.00014413541469770322,0.1882449740016982,0.06268464064886249,true
11.075000000000001,1.5047981430538693,0.00020487567300861643,0.08453293675274401,0.20410967821220874,-1.4000682505818556e-5,-1.1038096090927423e-5,0.040667329640582145,-0.08073951917335857,0.04007218953277643,0.0001361482760689998,0.10131390051843074,0.9686123726766036,9.560508160480865,-5.244962681371919,0.28852758801505346,0.27721923670232945,0.0001345413135743254,0.18067552201267698,0.06016574333797338,true
11.125,1.5047981430538693,0.00019118505287262687,0.0815463767291448,0.19605348366389008,-1.3122759807986878e-5,-1.0289637931022808e-5,0.039575987108850824,-0.07856904964977898,0.03899306254092816,0.00012705029824440896,0.10027699863382335,0.9687816184166639,9.661055193268366,-5.297509786099209,0.2893796469052137,0.277974728420088,0.00012554707122054852,0.17338565174219284,0.057739777035115986,true
11.175,1.5047981430538693,0.00017835447348128988,0.07865241335186124,0.18828834084315982,-1.2294640418033433e-5,-9.587067765221956e-6,0.03850732287197367,-0.07644381481245383,0.037936491940480155,0.00011852385272042769,0.0992471529206295,0.9689960619459876,9.763464577376025,-5.350319101633776,0.2902226599230299,0.2787216921692181,0.00011711796574804487,0.16636620710369707,0.05540370462700078,true
11.225,1.5047981430538693,0.00016633386584484283,0.07584871910243907,0.1808049685762712,-1.1513864864082523e-5,-8.927926270418593e-6,0.03746102501590264,-0.07436318744029241,0.03690216242438977,0.0001105356666026191,0.09822437688122002,0.969255312646765,9.867767487279234,-5.403390728505712,0.29105656187602114,0.27946008560109303,0.00010922109354572572,0.15960827904626582,0.0531545705867063,true
11.275,1.5047981430538693,0.00015507580255388298,0.07313300214578543,0.1735943274135167,-1.0778069490364983e-5,-8.309861353547696e-6,0.03643678443693116,-0.07232654609016073,0.035889761653229574,0.00010305422243489008,0.09720868283433778,0.9695589733747345,9.973995584602752,-5.456724761194827,0.2918812886063938,0.28018986732231826,0.00010182528683289944,0.15310320124844704,0.05098949957121893,true
11.325000000000001,1.5047981430538693,0.00014453537663590635,0.07050300683551791,0.16664761570524947,-1.0084984658306211e-5,-7.730625119378633e-6,0.035434294744402836,-0.07033327490422725,0.034898980159824414,9.604967769469943e-5,0.09620008193589649,0.9699066407371248,10.082181025411476,-5.510321286587947,0.2926967769753673,0.2809109968723051,9.490103410980074e-5,0.14684254577555952,0.04890569500572935,true
11.375,1.5047981430538693,0.00013467008477108442,0.0679565141538794,0.15995626563059287,-9.432432806177467e-6,-7.188070812190299e-6,0.034453252163945264,-0.06838276341804086,0.0339295112540956,8.949378718515833e-5,0.09519858419978133,0.9702979053670584,10.192356467516532,-5.564180382360752,0.29350296484404387,0.28162343469789103,8.842040346104198e-5,0.14081811870738792,0.046900437657009325,true
11.425,1.5047981430538693,0.0001254397147911134,0.06549134208876552,0.15351193918582723,-8.818326388280566e-6,-6.680149741164357e-6,0.03349335544176717,-0.06647440637034824,0.03298105092858107,8.335982827340775e-5,0.09420419851860751,0.9707323521944732,10.304555077794447,-5.618302115281881,0.2942997910509957,0.2823271421251761,8.235696866319606e-5,0.13502195574279197,0.044971084198053325,true
11.475,1.5047981430538693,0.00011680623737983617,0.06310534595031865,0.14730652413913747,-8.240665712975468e-6,-6.204908198706449e-6,0.03255430575052465,-0.06460760351560907,0.03205329776508442,7.762252892124595e-5,0.09321693268451559,0.9712095607130906,10.418810539497828,-5.672686539435422,0.29508719538544487,0.283022081327596,7.668573804471409e-5,0.12944631778817073,0.04311506576631132,true
11.525,1.5047981430538693,0.00010873370189001574,0.060796418629626994,0.14133212995808392,-7.697536697345902e-6,-5.76048438029721e-6,0.03163580659716827,-0.06278175944008806,0.031145952842919787,7.225799845110738e-5,0.09223679340990815,0.9717291052434323,10.535157059558495,-5.727333694363018,0.2958651185559463,0.2837082152901715,7.13830860427621e-5,0.12408368653534917,0.04132988651738375,true
11.575000000000001,1.5047981430538693,0.00010118813618688955,0.05856249080215889,0.13558108371564226,-7.18710855484163e-6,-5.345105313906383e-6,0.030737563733095524,-0.060996283382324365,0.03025871964922884,6.724366098800215e-5,0.09126378634821485,0.9722905551913124,10.653629375857369,-5.782243603122323,0.2966335021548523,0.28438550777019683,6.64266873997768e-5,0.11892676003522976,0.03961312217630877,true
11.625,1.5047981430538693,9.413745042594762e-5,0.056401531078568094,0.13004592598027043,-6.707631430800555e-6,-4.95708380640115e-6,0.02985928506692915,-0.059250589058742816,0.029391303991813666,6.255819151590862e-5,0.09029791611439529,0.9728934753029035,10.7742627644959,-5.837416270263907,0.2973922886213262,0.28505392325681983,6.179545393952892e-5,0.11396844827122406,0.037962418587797725,true
11.675,1.5047981430538693,8.755134466975514e-5,0.0543115461053525,0.12471940669540595,-6.257433999335122e-6,-4.594815413807131e-6,0.029000680580336793,-0.05754409449518,0.028543413914843205,5.8181454485368106e-5,0.0893391863052469,0.9735374259155128,10.897093047044429,-5.892851679728898,0.29814142120349374,0.28571342693003554,5.7469473861336774e-5,0.10920186873830635,0.03637549026738469,true
11.725,1.5047981430538693,8.140122024648433e-5,0.05229058061756715,0.1195944810539322,-5.834921033825584e-6,-4.256775441750316e-6,0.028161462247400314,-0.05587622186510413,0.027714759617703817,5.409444490759868e-5,0.08838759951951526,0.9742219632026679,11.022156597742736,-5.948549792680416,0.29888084391773956,0.2863639846173415,5.342995348898902e-5,0.10462034203279967,0.03485011895521321,true
11.775,1.5047981430538693,7.566009475157173e-5,0.05033671744568716,0.11466430537307198,-5.438570962183719e-6,-3.941515981839214e-6,0.0273413439580776,-0.05424639733528099,0.026905053377203392,5.0279231869615106e-5,0.08744315737789903,0.974946639412238,11.149490350615503,-6.004510545275296,0.2996105015035116,0.2870055627466256,4.965916141054063e-5,0.10021738745814238,0.03338415217422979,true
11.825000000000001,1.5047981430538693,7.030252059322435e-5,0.04844807747841672,0.10992223297551888,-5.066933416743602e-6,-3.647662989252542e-6,0.026540041446333693,-0.0526540509196115,0.026114009473277806,4.671890440438139e-5,0.0865058605433555,0.9757110030937566,11.279131806390668,-6.06073384639041,0.3003303393640619,0.2876381282868888,4.614037494417288e-5,0.09598671865287982,0.03197550179488641,true
11.875,1.5047981430538693,6.53045069823431e-5,0.046622819583167524,0.10536181008469227,-4.718626787479806e-6,-3.3739134063038093e-6,0.025757272222026912,-0.05109861634108295,0.02534134411905604,4.3397519649919786e-5,0.08557570874259551,0.9765145993085265,11.41111903899972,-6.117219575312818,0.3010403034810202,0.2882616486662262,4.285782886533623e-5,0.09192223924846651,0.030622142608901944,true
11.925,1.5047981430538693,6.0643445265377055e-5,0.04485914049214444,0.10097677173311954,-4.392335790847803e-6,-3.119032336364267e-6,0.02499275549787004,-0.04957953089792963,0.02458677540005959,4.030005322993419e-5,0.0846527007868569,0.9773569698371324,11.54549070203884,-6.173967579354689,0.3017403403736822,0.288876091729349,3.979666632950386e-5,0.08801803855164088,0.02932211091035812,true
11.975,1.5047981430538693,5.629803748466489e-5,0.04315527468353374,0.09676103762164692,-4.08680907796376e-6,-2.8818502722171516e-6,0.024246212099699214,-0.04809623532873393,0.023850023229034716,3.7412351779230976e-5,0.08373683456884637,0.9782376535485825,11.682286040372109,-6.230977671151843,0.30243039757002305,0.28948142614403555,3.694289191688973e-5,0.08426838716277481,0.028073503054622344,true
12.025,1.5047981430538693,5.224822803109138e-5,0.04150949426414782,0.09270870781837878,-3.800856884026221e-6,-2.6612603816754702e-6,0.023517364439030707,-0.04664817371591099,0.023130809276880285,3.472108752410986e-5,0.08282810699854512,0.9791561871705905,11.821544915758963,-6.2882496256803035,0.30311042495750773,0.2900776225773374,3.4283326709641413e-5,0.08066773240994651,0.026874473955045775,true
12.075000000000001,1.5047981430538693,4.847513836321312e-5,0.03992010853254961,0.0888140587952381,-3.5333485394849366e-6,-2.4562158491750865e-6,0.022805936904370105,-0.04523479359892007,0.022428856694549963,3.221371490054915e-5,0.0819265140696681,0.9801121050001295,11.963307802485879,-6.34578318025068,0.3037803719016415,0.29066465116050233,3.180556536424775e-5,0.07721069437639076,0.02572323577667235,true
12.125,1.5047981430538693,4.4961005252763934e-5,0.03838546233708644,0.08507154254931687,-3.283209399537078e-6,-2.2657272705660283e-6,0.022111656608141555,-0.043855546231356596,0.02174388962321504,2.9878429515814738e-5,0.08103205207521268,0.9811049302246083,12.107615506441354,-6.4035780470394785,0.30444016130616514,0.29124245877477695,2.9497935433921928e-5,0.07389206611904423,0.02461805802610997,true
12.175,1.5047981430538693,4.168912298183213e-5,0.03690393495524122,0.08147579138539984,-3.0494176702996806e-6,-2.088860134933138e-6,0.0214342490895984,-0.04250988414053651,0.02107563505093811,2.7704129736116857e-5,0.08014472063392496,0.9821341534180171,12.254508414897181,-6.46163393528347,0.30508965547030814,0.2918109392333644,2.734945920275146e-5,0.07070681946664975,0.023557269500270803,true
12.225,1.5047981430538693,3.864378428899612e-5,0.0354739577100744,0.0780216069563239,-2.831006357342606e-6,-1.9247326502344706e-6,0.020773407008621216,-0.04119724479110819,0.02042383778248697,2.568037744289849e-5,0.07926451714046975,0.9831992723480909,12.40402777709098,-6.519950493561366,0.30572893708709314,0.292370179166352,2.5349814649450583e-5,0.06765007958676295,0.02253924982493963,true
12.275,1.5047981430538693,3.581019624308546e-5,0.034094106209381116,0.07470383571759814,-2.6270817295660077e-6,-1.772514480786894e-6,0.02012869048063161,-0.03991699687702162,0.01978830639639001,2.3797342127503885e-5,0.07839137601402867,0.9843002194236076,12.556230920700516,-6.578526960466984,0.3063600945191825,0.29292201800553225,2.348927915994138e-5,0.06471692132647418,0.02156236159083723,true
12.325000000000001,1.5047981430538693,3.317433106830163e-5,0.03276333690076695,0.07151696685886551,-2.4368601751640453e-6,-1.6314269317024323e-6,0.0194993507727986,-0.038668325294503474,0.019168974521704872,2.2045701758361382e-5,0.07752496857958423,0.985438756713293,12.711243548608193,-6.637361519966019,0.3069924251724305,0.293474589240099,2.1758626571409442e-5,0.0619017600215489,0.020624747330019372,true
12.375,1.5047981430538693,3.072272012219153e-5,0.031481289727522246,0.06845448632913403,-2.259680727165027e-6,-1.500743642396992e-6,0.018884221097458298,-0.03745002363174736,0.018565802534289064,2.04165058709085e-5,0.07666436260136973,0.9866208203302331,12.869353984723608,-6.6964514182316375,0.30765055567625466,0.2940493937991257,2.014897895841327e-5,0.05919743217047222,0.01972402313174228,true
12.425,1.5047981430538693,2.8442359859486593e-5,0.030248260933354084,0.06550867475974755,-2.094923108613066e-6,-1.379788093509209e-6,0.01828199767208656,-0.03625994317743754,0.01797794550535098,1.8901113076711447e-5,0.07580785925201426,0.9878575946532574,13.0310709786599,-6.7557956444091865,0.30837733159607095,0.29468378206277485,1.8651732612978303e-5,0.05659500282876593,0.0188572144715397,true
12.475,1.5047981430538693,2.6321035177701275e-5,0.029064252360453575,0.06267166516500858,-1.941851428352559e-6,-1.2679240597504842e-6,0.017692039460892865,-0.03509286421094479,0.017400824750051926,1.749140593985902e-5,0.07495350337059947,0.9891621723680467,13.197010518337503,-6.815396274489946,0.30921794569332534,0.2954170517345046,1.7258789210245597e-5,0.05408558942344941,0.0180213640596507,true
12.525,1.5047981430538693,2.434833433255454e-5,0.027927570299719984,0.05993731081874397,-1.7996033245047178e-6,-1.1645419827234623e-6,0.017115188338445036,-0.03393333921621247,0.016818150877767436,1.6180465429829356e-5,0.07410013840229514,0.9905441071542691,13.36764179543811,-6.875235375133271,0.3101894523119755,0.2962638493170672,1.5963283732340807e-5,0.05166338134128184,0.01721453806234432,true
12.575000000000001,1.5047981430538693,2.2516467107716035e-5,0.026834013225179056,0.0573006379621251,-1.667377121995355e-6,-1.0690493521849087e-6,0.01655368431192288,-0.03273509448687699,0.01618141017495411,1.4963114628797081e-5,0.07324752669977577,0.9920122330260754,13.543286411459299,-6.9352207489004485,0.31126579328922055,0.29720120884902906,1.4760159556964659e-5,0.049325536794905055,0.016435791453424588,true
12.625,1.5047981430538693,2.0818569875908673e-5,0.025775877076570537,0.054753949667513055,-1.544136490234175e-6,-9.80873726947381e-7,0.016009522043105087,-0.031360480754531544,0.015350958711426457,1.3834792375314224e-5,0.07239503403844107,0.9935817393866069,13.724446056051642,-6.995207162199687,0.3123814403146559,0.2981718929395521,1.3644952668098946e-5,0.04706830760897598,0.01568387679843299,true
12.675,1.5047981430538693,1.9245387105943854e-5,0.024748784372865318,0.05229889555242488,-1.429058717489522e-6,-8.994812788050638e-7,0.015482378198087112,-0.029918555515413295,0.014436177317326182,1.2789347989815336e-5,0.07154522134625624,0.9952322309320589,13.910533956075833,-7.055226884057354,0.31346370956766584,0.2991126531153894,1.2611703541792239e-5,0.044896220998800924,0.014960305919717913,true
12.725,1.5047981430538693,1.7786536119515256e-5,0.02375379816530842,0.04993531195599196,-1.3216661119241028e-6,-8.243863796030264e-7,0.014970873347243754,-0.028528940406199237,0.013558067058955483,1.1819881757309244e-5,0.07069875872911782,0.9969517836994233,14.10140434741213,-7.115375507906796,0.3145255894920226,0.30003484299496347,1.1653595357280047e-5,0.04280834485443497,0.014264771215939791,true
12.775,1.5047981430538693,1.6433832815035725e-5,0.022791520369881177,0.04766412396236806,-1.221522923406002e-6,-7.55135514126249e-7,0.014474132449847812,-0.027195613358776093,0.01272148090892828,1.0920955007084575e-5,0.06985705099494785,0.9987270344851643,14.296724815328856,-7.175696058957433,0.31556628883318555,0.3009378231413136,1.076526241114576e-5,0.04080529343764341,0.013597479893301784,true
12.825000000000001,1.5047981430538693,1.5179941794980508e-5,0.021862219872818094,0.0454843463119233,-1.1282643138082815e-6,-6.91306802236486e-7,0.013991477679185588,-0.025917748756914494,0.011926271077728905,1.008769306704088e-5,0.06902082503741798,1.0005514374123063,14.496370289255184,-7.236200991757627,0.316591126961309,0.30182625073299213,9.94189083734787e-6,0.038885754456448936,0.012957996703257443,true
12.875,1.5047981430538693,1.4018060058525228e-5,0.020965640490489552,0.0433942014954577,-1.0415206087706125e-6,-6.325067618140204e-7,0.013522427653778389,-0.024694128158639583,0.011171700504861194,9.315575064491162e-6,0.06819062231301798,1.0024202105868856,14.70026488371727,-7.296894683392904,0.317601988470543,0.30270179242475437,9.179017186242826e-6,0.03704786454107529,0.012345702542254542,true
12.925,1.5047981430538693,1.2941751973618494e-5,0.020101243253240586,0.041391325582280376,-9.609221294285084e-7,-5.783683971984283e-7,0.013066595675943442,-0.023523212492020884,0.010456616816077442,8.600324258344861e-6,0.06736679176236414,1.0043298219095018,14.908381349853617,-7.357782152354399,0.3186000092265798,0.30356546115628785,8.472417473692917e-6,0.03528928240567286,0.011759818890732689,true
12.975,1.5047981430538693,1.194497081504324e-5,0.01926832449750764,0.03947306108561574,-8.861014951951825e-7,-5.285494242205486e-7,0.012623648786618712,-0.02240330728903856,0.009779658502419849,7.93792235203179e-6,0.0665495737190177,1.0062774182852134,15.120719218035385,-7.418869184637568,0.31958569147432647,0.30441771856657857,7.818120258138112e-6,0.03360744170283338,0.011199492093957522,true
13.025,1.5047981430538693,1.1022072457864521e-5,0.01846609719177103,0.03763661755349038,-8.16699796566887e-7,-4.82730698875809e-7,0.012193284615471145,-0.021332260143015255,0.00913897552754411,7.324618593359035e-6,0.0657391425227635,1.008260634224236,15.337295187187838,-7.480160934643913,0.3205592504302468,0.30525877669752777,7.212415741904393e-6,0.031999679315668376,0.01066383612258258,true
13.075000000000001,1.5047981430538693,1.0167805434688745e-5,0.017693727889743507,0.035879162950407835,-7.523705630783901e-7,-4.4061474635932957e-7,0.0117752219755188,-0.02030810278128671,0.00853288080576791,6.756923167152496e-6,0.06493563483492147,1.010277446291267,15.558136127560486,-7.54166113804384,0.3215206128895706,0.3060885978684298,6.6518500628501535e-6,0.030463314590864262,0.010151958986643676,true
13.125,1.5047981430538693,9.377281661293774e-6,0.016950364068523842,0.034197894010336266,-6.927828193703736e-7,-4.019243939206471e-7,0.011369190629774912,-0.01932977818229303,0.007960587552518118,6.231587741239047e-6,0.06413917591680239,1.0123259391839519,15.783270126468139,-7.603372725721181,0.3224693908089054,0.3069068729485311,6.1332071947644655e-6,0.028995710779983152,0.009662983224655867,true
13.175,1.5047981430538693,8.645942261187715e-6,0.016235154838720827,0.03259001615653724,-6.376222080306197e-7,-3.6640152837111566e-7,0.010974926308247453,-0.018395534250413084,0.007420607942165631,5.745582755466096e-6,0.06334985669653286,1.0144044526004463,16.012734763707282,-7.6652982772434655,0.3234054992610127,0.3077135547592305,5.653486520436377e-6,0.027594238950278235,0.00919603388346852,true
13.225,1.5047981430538693,7.969537700717587e-6,0.015547249038708341,0.031052776521868296,-5.865907088972242e-7,-3.3380588066231733e-7,0.01059217202332715,-0.01750365002796786,0.00691147800464071,5.296084220667656e-6,0.0625677504382838,1.016511444875573,16.24657172033458,-7.727440282535573,0.32432884478748125,0.3085085887473357,5.209890400138519e-6,0.02625631666322935,0.008750251416950159,true
13.275,1.5047981430538693,7.344110738877418e-6,0.014885799115889959,0.029583481526451627,-5.394068034670119e-7,-3.0391389957065825e-7,0.010220675923855862,-0.016652446992469302,0.006431771068613441,4.880462388113481e-6,0.06179292074224322,1.0186454463814727,16.4848243802967,-7.78980096484517,0.3252392426792068,0.30929184186515296,4.799813275128612e-6,0.02497942530143263,0.008324797466534502,true
13.325000000000001,1.5047981430538693,6.765977747570369e-6,0.014249967856921786,0.02817949779390898,-4.95805241633649e-7,-2.7651770331132714e-7,0.009860189945715254,-0.015840286953539055,0.005980097007823801,4.4962693360581575e-6,0.06102541853461336,1.0208050952894534,16.727539438512117,-7.852382109247629,0.32613655896363,0.310063224881463,4.420829409150397e-6,0.023761106806870467,0.007918853779313109,true
13.375,1.5047981430538693,6.231710441879525e-6,0.013638929433673917,0.026838259463072056,-4.5553647107509574e-7,-2.514240803028786e-7,0.00951047009636103,-0.015065577208953781,0.005555107112592751,4.1412268287577495e-6,0.06026528590102327,1.022989105987329,16.97476566638107,-7.9151851166207035,0.32702064957457266,0.31082263995958775,4.070681043615641e-6,0.022598971411386684,0.007531624790175774,true
13.425,1.5047981430538693,5.7381173955549386e-6,0.013051870675468718,0.025557270153729557,-4.1836599973508277e-7,-2.284535487024589e-7,0.009171276301272945,-0.014326771548073438,0.005155495246800493,3.8132140327538426e-6,0.05951255675018392,1.0251962514457926,17.226553645632514,-7.978211229393031,0.327891353516157,0.3115699748099841,3.7472663480222355e-6,0.021490699137226555,0.007162338127358547,true
13.475,1.5047981430538693,5.282227908658584e-6,0.012487992180376831,0.02433410435252483,-3.8407372678175994e-7,-2.0743947095380245e-7,0.00884237198438309,-0.013622370864482617,0.004779998880099527,3.5102567962628653e-6,0.0587672573808251,1.0274253533236009,17.482955630643993,-8.041461652940663,0.32874848917402716,0.31230509956631314,3.44862886062251e-6,0.020434040712295112,0.006810244922219655,true
13.525,1.5047981430538693,4.861277627887923e-6,0.011946509942490064,0.023166407954109257,-3.524532757675179e-7,-1.88227221907338e-7,0.008523523605823835,-0.012950922899064491,0.004427399293240656,3.23051809329213e-6,0.05802940635702109,1.0296752844692167,17.744025815708422,-8.104937566259935,0.32959187871402806,0.31302788773513734,3.1729480331809146e-6,0.019426817182022656,0.006474619684040595,true
13.575000000000001,1.5047981430538693,4.472695099570726e-6,0.011426656430196205,0.02205189977628715,-3.233113236273126e-7,-1.7067340498492524e-7,0.00821450056615701,-0.01231102297297198,0.004096522406814971,2.9722890875541245e-6,0.057299015639730715,1.0319449602229436,18.009820041435415,-8.168640151167109,0.330421344548824,0.3137382131383166,2.9185304022266754e-6,0.018466921006722776,0.006154760669742045,true
13.625,1.5047981430538693,4.114089041054064e-6,0.010927680998070453,0.020988373254554972,-2.9646694727449145e-7,-1.5464511309706895e-7,0.007915075383997447,-0.011701315161921577,0.00378623977792413,2.733980673783159e-6,0.05657609264376151,1.0342333194746387,18.280394971544236,-8.232570662985156,0.3312366751691285,0.31443592066264664,2.6838012472704487e-6,0.017552317820177667,0.005849990473814812,true
13.675,1.5047981430538693,3.783236649593272e-6,0.010448849891673983,0.019973697360564154,-2.717509969617787e-7,-1.4001923166425713e-7,0.0076250243662269014,-0.011120493094627537,0.0034954687284006357,2.5141157085132304e-6,0.05586064240144658,1.036539307613321,18.555807148871573,-8.2967304431622,0.3320375718357794,0.3151207807747554,2.467296924213291e-6,0.016681047625437345,0.0055596564303541955,true
13.725,1.5047981430538693,3.47807305988151e-6,0.00998944473969927,0.019005818140836406,-2.490054820921349e-7,-1.2668177800029875e-7,0.0073441300334807,-0.010567302002217768,0.0032231719687370684,2.3113220041746163e-6,0.05515267191570448,1.0388618457767722,18.83611092069251,-8.361120834327535,0.3328234898352488,0.3157923541587439,2.2676579766678875e-6,0.01585122787065424,0.0052831316414584505,true
13.775,1.5047981430538693,3.1966820970144347e-6,0.00954875634926643,0.01808276613108114,-2.280829536218272e-7,-1.1452726555855855e-7,0.007072188204714084,-0.0100405476092227,0.002968359404508616,2.1243261840601557e-6,0.05445220481444338,1.041199714289968,19.12135087712355,-8.425743039670925,0.3335930818343696,0.3164495172488088,2.083623216390616e-6,0.01506106679490554,0.005019819428687533,true
13.825000000000001,1.5047981430538693,2.9372894296197413e-6,0.009126067266094431,0.017202680713215648,-2.0884588722397388e-7,-1.0345807302018458e-7,0.006809025197048579,-0.00953912355694688,0.0027300983598983006,1.951949132299395e-6,0.05375932547447043,1.0435511870779357,19.41153795862829,-8.490597843137477,0.3343425561721629,0.3170890640492411,1.914025661582404e-6,0.014308904586211391,0.004769167054871423,true
13.875,1.5047981430538693,2.6982607016968164e-6,0.008720611887085488,0.016363873646083535,-1.9116610518274025e-7,-9.338378699130984e-8,0.0065545336508401955,-0.009062079877379874,0.0025075462265396788,1.793104752389519e-6,0.05307429323970616,1.0459130766366245,19.70658510538868,-8.555684789103553,0.33506154703582497,0.31770219220689433,1.7577922806088391e-6,0.013593316132996186,0.004530699976389158,true
13.925,1.5047981430538693,2.4781067378831413e-6,0.008331495913491735,0.01556495834066625,-1.7492430493924644e-7,-8.422048304243535e-8,0.006308732468851979,-0.008608761315818475,0.002300028846966496,1.6468034263080754e-6,0.052397788467479056,1.048278647645577,20.006162059610517,-8.621000343073375,0.33572422658298856,0.3182669475208802,1.6139492269040727e-6,0.01291331856879048,0.004304091025946709,true
13.975,1.5047981430538693,2.2754996825151925e-6,0.007957576719645497,0.01480510860798332,-1.6000900232740528e-7,-7.58899459767906e-8,0.006071834416704687,-0.008179062338859466,0.0021072279221547785,1.5121627395799712e-6,0.05173139693348898,1.0506334380800708,20.30939623437715,-8.686534456003178,0.3362732331768029,0.3187345708621771,1.4816348241512543e-6,0.012268753807913388,0.0040892879255407305,true
14.025,1.5047981430538693,2.089399552710247e-6,0.007597816605623213,0.014085525857241647,-1.4632237341505558e-7,-6.831902287464582e-8,0.0058442063755590485,-0.007774385266575239,0.0019301788910161908,1.3884915809837295e-6,0.051079352217354934,1.0529409121488928,20.61382665285918,-8.752246621076226,0.3365999359486425,0.3190127337078121,1.3601832498732008e-6,0.011661725612405338,0.0038869922958614015,true
14.075000000000001,1.5047981430538693,1.918229282545476e-6,0.007247992925641373,0.013400508915664978,-1.3376421507580362e-7,-6.143940267349236e-8,0.005626688034039075,-0.007392319890863079,0.0017656318568240043,1.274741925619725e-6,0.0504399443226686,1.0552114902435872,20.920155730016468,-8.818180030316112,0.33654945964239047,0.3189697623103797,1.2485936817475153e-6,0.011088618335636641,0.0036959993497567693,true
14.125,1.5047981430538693,1.762085456072264e-6,0.006910205821154845,0.01276322041392065,-1.2224641624519846e-7,-5.518426866289478e-8,0.0054208798997330745,-0.007042055144621226,0.0016211752448881513,1.1709779575460204e-6,0.0498316032969597,1.0572879752595288,21.217217695342253,-8.884161765822247,0.33584524281002137,0.3183700446071087,1.1469423690139964e-6,0.010563217879034779,0.0035209046228184306,true
14.175,1.5047981430538693,1.61986620312726e-6,0.006575837153288789,0.012171236167953103,-1.1169090966210393e-7,-4.9491432643289715e-8,0.005227772992191206,-0.0067255576356819785,0.0014977846434907722,1.0764674389083637e-6,0.049262076077601705,1.0590961500983762,21.499218758665393,-8.950167857462514,0.33392168840409736,0.31672997934269886,1.0546008755078671e-6,0.010088471402798869,0.0033626908912549472,true
14.225,1.5047981430538693,1.4906860733751087e-6,0.006245588957975605,0.011627465149675107,-1.0202218737384057e-7,-4.430497297332257e-8,0.005047313420739675,-0.006444575162377668,0.0013972617416379927,9.906219516923903e-7,0.04873936179170131,1.0605577501053685,21.759779182950773,-9.016167502822205,0.3306063348170074,0.3138965605435999,9.709589410412509e-7,0.009666996257681845,0.0032222309860927742,true
14.275,1.5047981430538693,1.3732700400856386e-6,0.005918536255332401,0.01112953621741987,-9.316301104838014e-8,-3.957551409538218e-8,0.004878712412399271,-0.0061973894241719885,0.0013186770117727172,9.125941884130022e-7,0.0482651953254205,1.0616446101327786,21.996069900366226,-9.08222554392827,0.32578318342306656,0.30975951658715156,8.951469248688467e-7,0.009296213288457016,0.003098665595836357,true
14.325000000000001,1.5047981430538693,1.2661835172472475e-6,0.005595792817940126,0.010672300712690052,-8.504959943846637e-8,-3.526156049630689e-8,0.004720182014791834,-0.005979152164912084,0.0012589701501202494,8.41430807907317e-7,0.04783461951094328,1.0623866462050795,22.20957660093928,-9.148465238545615,0.31958449009421463,0.30441668025316326,8.261573591324003e-7,0.00896884803997144,0.0029895702773975502,true
14.375,1.5047981430538693,1.1679419091062482e-6,0.005280144775767727,0.010248044181072186,-7.763802357370508e-8,-3.1328586554653435e-8,0.004569602997805658,-0.005782391079363048,0.0012127880815573895,7.761452354905237e-7,0.047436186189247276,1.0628734083400593,22.40638410726596,-9.215045027355668,0.31237305796548664,0.2981646032045677,7.629378264357372e-7,0.008673691909369783,0.002891209137300587,true
14.425,1.5047981430538693,1.0772809519299082e-6,0.004974132840350992,0.009849223361330966,-7.088228540470627e-8,-2.774707351068436e-8,0.004425417357267824,-0.005600059271538866,0.0011746419142710423,7.158973161301565e-7,0.04705778394952992,1.0632040390737014,22.59358494683901,-9.282119221652424,0.30452466505115605,0.2913164395459248,7.046000734410658e-7,0.008400176692617623,0.002800059669723933,true
14.475,1.5047981430538693,9.933315184499554e-7,0.004678758445050285,0.009471501059663847,-6.471755122164869e-8,-2.449033737049087e-8,0.004287057336796949,-0.00542834858442064,0.0011412912476236907,6.601094791584918e-7,0.04669287612472285,1.0634302155331579,22.77499918172946,-9.349815661402104,0.29623029293300396,0.2840301516241999,6.505477909670953e-7,0.00814259258922261,0.002714218786610693,true
14.525,1.5047981430538693,9.155197276322602e-7,0.0043935175496157665,0.009113708247645829,-5.907359813307705e-8,-2.153344982610639e-8,0.0041546151634790736,-0.00526650275982489,0.0011118875963458162,6.08400357123172e-7,0.04634091749566973,1.063549545308692,22.950550027587912,-9.418252341078304,0.2874847284728649,0.2762938683283197,6.004036013818704e-7,0.00789980628837848,0.002633308882462306,true
14.575000000000001,1.5047981430538693,8.433734231972195e-7,0.00411748842644752,0.008775526990847679,-5.389420920181133e-8,-1.8853131694424995e-8,0.004028205347316672,-0.005114540319904185,0.0010863349725875127,5.604561828376926e-7,0.04600298718488737,1.0635445118897568,23.119031544959025,-9.487546675091242,0.27822885415291415,0.2680472802755194,5.538642625475717e-7,0.007671845416631206,0.0025573393194700685,true
14.625,1.5047981430538693,7.765098508907671e-7,0.0038501201011531777,0.008455655493611752,-4.914274310825276e-8,-1.6428214550550692e-8,0.003907660176951862,-0.004971581038106734,0.0010639208611548717,5.160226004232711e-7,0.04567812990053643,1.0634223152881996,23.28077610891227,-9.557696115459256,0.2684628255855223,0.2592818529233684,5.106815767691289e-7,0.0074573892198474415,0.0024858699444709116,true
14.675,1.5047981430538693,7.147609735539664e-7,0.0035915524341710364,0.008152337296575576,-4.4796141807566435e-8,-1.4239598898200167e-8,0.003792726215003292,-0.0048361746896431685,0.0010434484746398767,4.749879423052818e-7,0.04536390685121158,1.0632185178259692,23.437543007774973,-9.628392096091371,0.258256122492977,0.25005195082770487,4.7074424800368385e-7,0.007254262603938329,0.0024181757389341585,true
14.725,1.5047981430538693,6.577632516706134e-7,0.003341027329976204,0.007862609882484297,-4.080159849070013e-8,-1.2270132900070278e-8,0.003683038462429854,-0.004706338782272244,0.0010233003198423904,4.3711062158525445e-7,0.04505634722537508,1.0629753729070357,23.59213381390987,-9.699513032135867,0.2476418582293342,0.24038067598830243,4.3381430305412306e-7,0.007059491474427183,0.0023532653915293287,true
14.775,1.5047981430538693,6.039109454422001e-7,0.003101058541603394,0.007587662610110492,-3.710668750080142e-8,-1.0504753757828444e-8,0.0035792807043837933,-0.00458209228463395,0.001002811580250157,4.0132355839874334e-7,0.04475601115070366,1.062592253274198,23.74188909945992,-9.77316198382717,0.23679557455260908,0.2304235100270302,3.9884428799164024e-7,0.006873105816166805,0.0022911494025879995,true
14.825000000000001,1.5047981430538693,5.487671850894124e-7,0.0028609245899921102,0.00730920190150938,-3.3435400833962894e-8,-8.932477653175058e-9,0.0034802328361943787,-0.004453628011482978,0.0009733951752885993,3.646782710508485e-7,0.044438974870508255,1.0619883146770377,23.897678057866766,-9.856475911050932,0.22530427993954058,0.2197947216665516,3.6292969643913194e-7,0.006680385777550727,0.0022269222139424468,true
14.875,1.5047981430538693,4.907270836115551e-7,0.002656523167247904,0.007064507680142905,-3.0310296269762365e-8,-7.55401416814111e-9,0.0033994418973234556,-0.004337288155168493,0.0009378462578450378,3.261082463961998e-7,0.04414592564099783,1.0604640349826555,24.021787279001224,-9.956433320522615,0.21509910622525663,0.21028931784724747,3.250476100001995e-7,0.006505869235462127,0.0021687641664785645,true
14.925,1.5047981430538693,4.33923613474491e-7,0.0023412178532831803,0.006651937902137108,-2.7309114931459305e-8,-6.393326636898672e-9,0.003314949764350691,-0.004130979047046019,0.0008160292826953279,2.8836001391779844e-7,0.04361134772373714,1.0613435812780871,24.336408679716413,-10.058309169912613,0.19836576077261514,0.19457454169001473,2.8806090324654937e-7,0.006196396511340724,0.0020656170842640134,true
14.975,1.5047981430538693,4.1990800485725136e-7,0.002125795879908617,0.00640782721205595,-2.5186068898586168e-8,-5.609103216246754e-9,0.003210314292781181,-0.0040128037737120195,0.0008024894809308385,2.7904606793644837e-7,0.043295944623268995,1.0635998453670703,24.565807597496065,-10.079469530695736,0.1860062792428905,0.18286968538148257,2.788686613017639e-7,0.006019083588313539,0.002006512965411099,true
