r,tau,Dtau,Sr,E,nur,Pi,piR,piEta,piPhi,D,T,mu,alpha,phi,ur,v,n,e,P,ok
0.024999999999999994,3.40480004305582,0.31955552919848995,0.0,6.1070184577062765,-6.8572288654638845e-6,-0.004432514643603957,0.10589423405928648,-0.22589320933082588,0.1199989752715394,0.09385441880800957,0.24253476018101977,1.4601012467307792,6.020173131641044,-0.1645073606745758,0.0,0.0,0.09385441880800947,6.107018457706307,1.9981706154826169,true
0.07499999999999998,3.40480004305582,0.31850262788950046,0.04689638228249976,6.079467717013858,-2.059808676517011e-5,-0.004439478396097259,0.10121056032655398,-0.2195750533958023,0.11836449306924832,0.09354517853084941,0.2422562915482554,1.4598333592724908,6.025987395178566,-0.1658022603698131,0.00574350425922051,0.005743409528661073,0.09354375394357217,6.079198371885041,1.989012529290474,true
0.125,3.40480004305582,0.31842618640793746,0.07698737158295094,6.0836630292671465,-3.4238534580857106e-5,-0.004439909748368862,0.1067753994202848,-0.21979096706277076,0.11301556764248596,0.09352272743809907,0.2422950951698764,1.4596942977098415,6.0244483970524865,-0.16634964179485195,0.009416371515700888,0.00941595407779868,0.09351890384893129,6.082938119711809,1.9902702847150464,true
0.175,3.40480004305582,0.3180594978488991,0.10952127874984682,6.0791368445342595,-4.803647381263151e-5,-0.0044402549692143245,0.1082251925959474,-0.21954407178976132,0.11131887919381392,0.09341502990684868,0.24224331147066794,1.4595046728149468,6.024953440217775,-0.16716798882579922,0.013404075548918818,0.01340287156111383,0.09340728290258787,6.077668944902006,1.9885568633253805,true
0.22499999999999998,3.40480004305582,0.3177249300926144,0.14057481873003969,6.075077192129962,-6.176250429814904e-5,-0.004440007140839884,0.10918999361480028,-0.2195725294496761,0.11038253583487581,0.09331676635185164,0.24219397241800084,1.4593317483070805,6.025466834444708,-0.16791603559286974,0.017215611171580214,0.017213060580616016,0.09330400390501427,6.0726574692590924,1.9869260882923039,true
0.275,3.40480004305582,0.31732480997134305,0.1718382582438331,6.069963984610471,-7.55149415140686e-5,-0.004439656231923422,0.10947066982475465,-0.2194671474931788,0.10999647766842416,0.09319924987035154,0.24213166051210858,1.4591302160279302,6.026185146303747,-0.16879157350026072,0.02106363083766507,0.02105895967250466,0.09318017150051919,6.066345249659976,1.984869540032984,true
0.325,3.40480004305582,0.3168679924409328,0.2028523062108793,6.064542234643319,-8.92074950699454e-5,-0.004439147958777548,0.1095857718251928,-0.21934776752621005,0.10976199570101725,0.09306508118947938,0.24206412406556982,1.4588920168604496,6.026882432463507,-0.16982270007270964,0.02489044833584257,0.02488274167184923,0.09303848510706196,6.059494713110374,1.9826405305123882,true
0.375,3.40480004305582,0.3163318615290779,0.23380836782408293,6.058391043481601,-0.00010291231421239126,-0.004438536848421926,0.10957336920553125,-0.21918285235139848,0.10960948314586723,0.09290761793023503,0.24198708572327646,1.4586078583438205,6.027626862748398,-0.17105103577103034,0.028722441561768428,0.028710601186785735,0.09287227168175448,6.051678264678912,1.980099062662198,true
0.42500000000000004,3.40480004305582,0.3157182763921814,0.26463271517694736,6.0515123942959566,-0.00011660404936778798,-0.0044378151645605365,0.10951886925885876,-0.21899347698525073,0.10947460772639198,0.09272740613243859,0.2419005758660477,1.4582789372750353,6.028422760277166,-0.17247194462268534,0.03255201299677962,0.03253478008844876,0.09268210828513983,6.042902627103523,1.9772471510388578,true
0.475,3.40480004305582,0.3150280826601318,0.2953325765097937,6.0438235594610745,-0.000130312611101693,-0.004436989842399642,0.10943568320701834,-0.2187778896934612,0.10934220648644287,0.09252469416012842,0.24180371393839034,1.4579073505852767,6.029300902122372,-0.17407776220280977,0.036382168253994415,0.036358113282021154,0.09246825395420569,6.033085824188503,1.974057342684148,true
0.525,3.40480004305582,0.31426384826952614,0.32588442690414265,6.035316117071995,-0.00014402709225228456,-0.0044360602043706995,0.10933694612480714,-0.21853907745795983,0.1092021313331527,0.09230023622399665,0.24169638962666287,1.4574950328587681,6.030272256487127,-0.17586099323571736,0.0402118199395202,0.04017934824936007,0.092231484543132,6.022222293194443,1.9705274740362273,true
0.5750000000000001,3.40480004305582,0.3134261663188182,0.3562754681158566,6.025978991581174,-0.00015773674988317485,-0.004435026361624791,0.10922521226851303,-0.21827686110108863,0.10905164883257559,0.0920542065188407,0.24157846747255962,1.457042420913551,6.03134226389218,-0.17782039738839053,0.04404126959590511,0.04399861967045061,0.09197199395114987,6.0103033627616975,1.9666545777187747,true
0.625,3.40480004305582,0.3125151722283932,0.38648963868362646,6.015813053532205,-0.0001713985460585213,-0.004433886654050215,0.1091023465604847,-0.2179915692552035,0.10888922269471879,0.09178664481803452,0.24144993875902804,1.4565493276188577,6.032510652539546,-0.17995727232097983,0.04787034285711235,0.047815587831167294,0.09168984362279183,5.9973328242679855,1.9624398980525593,true
0.675,3.40480004305582,0.3115314883405359,0.41651246867632874,6.004820175510742,-0.00018495565003209677,-0.004432639041377362,0.10896878189449519,-0.21768318997490138,0.1087144080804062,0.09149773390537651,0.24131079941809655,1.4560158998089319,6.03377844389894,-0.18227157796970792,0.051699051316684314,0.051630099104145184,0.09138523781793394,5.983315595474967,1.9578849982974016,true
0.725,3.40480004305582,0.3104764039299322,0.4463292521052993,5.99300441659345,-0.00019841617372923708,-0.004431280989468125,0.10882483066768871,-0.21735181621928118,0.10852698555159247,0.09118785244471465,0.24116106281628727,1.4554427508720615,6.03514818634215,-0.18476137319846478,0.05552734645632537,0.05544194055314038,0.0910585812300745,5.9682590567312,1.9529921833559005,true
0.775,3.40480004305582,0.30935071434522643,0.4759256142188505,5.980370172622104,-0.00021185263546417933,-0.004429809576180225,0.10867059918196618,-0.21699751746292922,0.10832691828096304,0.09085723403233485,0.24100074688015263,1.4548300914411678,6.0366206755560015,-0.18742642561723988,0.0593552009087666,0.05925092099494306,0.09071013926452129,5.952171141654701,1.9477639988195377,true
0.8250000000000001,3.40480004305582,0.3081548179068735,0.5052873427443154,5.966922238832877,-0.00022521763426286163,-0.004428221488730448,0.10850616192072463,-0.21662038738683093,0.1081142254661063,0.09050599565615121,0.24082987460370228,1.454177771747417,6.038195112381053,-0.19026804015899554,0.06318258435879423,0.06305684702568168,0.09034005626097369,5.935060412157555,1.9422032487219825,true
0.8750000000000001,3.40480004305582,0.30688943276703506,0.5344004302631395,5.95266576224672,-0.00023851602030937127,-0.004426513159887006,0.10833157790919248,-0.21622053440387637,0.10788895649468389,0.09013434823961078,0.24064846915377894,1.4534858723852038,6.039871674630927,-0.19328661336745434,0.06700946820534326,0.06685952770850148,0.08994857485825485,5.9169360018722585,1.9363128887394654,true
0.9249999999999999,3.40480004305582,0.3055553903719439,0.5632510390849494,5.937606249178565,-0.0002517488836830172,-0.00442468080403792,0.10814690020235043,-0.21579807889289465,0.10765117869054422,0.08974253598096964,0.24045655530167684,1.4527545351530742,6.0416507810753926,-0.19648233248476696,0.0708358192879298,0.0706587683869427,0.08953597240864776,5.8978076244643,1.9300960544258503,true
0.975,3.40480004305582,0.30415357475271065,0.5918255530671369,5.921749517507029,-0.00026491505932939015,-0.0044227204328853645,0.10795217422693772,-0.2153531484675127,0.10740097424057497,0.08933081852282043,0.24025415925155788,1.4519839169928555,6.043532904970678,-0.1998553663200867,0.0746616053990425,0.0744543762158711,0.08910254311966481,5.877685515124989,1.9235560488338501,true
1.025,3.40480004305582,0.3026849180862592,0.6201105963039073,5.905101723168194,-0.00027801303675315463,-0.0044206278590219195,0.1077474533616804,-0.21488588391731483,0.10713843055563443,0.08889946964832578,0.24004130895327747,1.4511741869216446,6.045518553659056,-0.20340587747694322,0.07848679577930848,0.07824616069492565,0.08864859678461165,5.856580449801374,1.91669634942507,true
1.0750000000000002,3.40480004305582,0.3011504004330061,0.6480930504407723,5.887669352715651,-0.00029104138402437433,-0.00441839870341619,0.10753280464370646,-0.21439644124276758,0.10686363659906112,0.08844877720417395,0.23981803403637597,1.4503255267958055,6.047608273595546,-0.20713401893979244,0.08231136190570172,0.08203393448822603,0.0881744586533122,5.834503729873757,1.9095206029937246,true
1.125,3.40480004305582,0.2995510487440235,0.6757600489616054,5.869459201145662,-0.0003039985202795471,-0.004416028406069274,0.1073083057614856,-0.21388498969331546,0.10657668393182985,0.08797904280897957,0.23958436562988544,1.4494381316975342,6.049802656725332,-0.21103993229914983,0.0861352756786887,0.08581751166575001,0.08768046905718456,5.811467155260938,1.902032616827117,true
1.1750000000000003,3.40480004305582,0.2978879354708249,0.7030989632170594,5.850478340331382,-0.00031688236236625126,-0.004413512239138408,0.10707403259175446,-0.21335170504938245,0.10627767245762798,0.08749058144497363,0.23934033610353236,1.4485122101843653,6.052102348338714,-0.21512374660225456,0.08995850686089815,0.08959670521404339,0.08716698290768554,5.787482989788009,1.894236347334829,true
1.225,3.40480004305582,0.29616217692065117,0.7300973958226054,5.830734101237168,-0.00032969008531807985,-0.004410845318020943,0.10683004616116763,-0.21279676247042856,0.10596671630926092,0.08698372097494587,0.23908597894981887,1.4475479840969887,6.05450804959504,-0.21938557891770102,0.09378102136265319,0.09337132539774738,0.08663436911819283,5.762563939720073,1.8861358931010883,true
1.275,3.40480004305582,0.294374931299753,0.75674319374723,5.810234079043853,-0.00034241817154936747,-0.0044080226072116535,0.10657638753647591,-0.212220333260279,0.10564394572380309,0.08645880156755122,0.2388213288801303,1.4465456877436795,6.057020512057082,-0.22382553730429317,0.0976027816863491,0.09714118026121815,0.08608300994048403,5.7367231520489765,1.8777354945616809,true
1.3250000000000002,3.40480004305582,0.29252739650628395,0.7830244788709743,5.7889861552932835,-0.0003550627245073134,-0.004405038920866772,0.10631308406298433,-0.21162258744359924,0.10530950338061491,0.08591617504907559,0.23854642207097018,1.4455055666316974,6.059640526495273,-0.22844372552395661,0.10142374924047708,0.10090607797004517,0.08551330023772083,5.70997422617628,1.8690395381756446,true
1.375,3.40480004305582,0.2906208078096032,0.8089296833123313,5.766998520508118,-0.0003676198824876056,-0.004401888921206746,0.10604016321190017,-0.21100370041179042,0.10496353719989025,0.08535620422184029,0.23826129640290492,1.4444278761512495,6.0623689116032144,-0.23324024794516732,0.10524388715766764,0.10466582963369354,0.08492564673250448,5.682331224089349,1.860052560103889,true
1.4250000000000003,3.40480004305582,0.28865643559566767,0.8344475754806515,5.744279682670752,-0.00038008614064952644,-0.004398567118765302,0.10575766663823959,-0.21036385993830675,0.10460619330006717,0.08477926220201686,0.23796599156113582,1.4433128805981967,6.065206507575245,-0.23821521314838714,0.10906316213488391,0.10842025114724534,0.08432046727705364,5.653808666968495,1.8507792453514138,true
1.475,3.40480004305582,0.28663558333717526,0.8595672698234009,5.7208384567765265,-0.0003924584695672362,-0.004395067876983953,0.10546565823450532,-0.20970327034904548,0.10423761211454016,0.08418573182345204,0.23766054896157454,1.4421608527231622,6.068154176300981,-0.2433687354908423,0.11288154457669862,0.11216916335275716,0.0836981901855362,5.624421515275609,1.841224421373064,true
1.525,3.40480004305582,0.2845595858645335,0.8842782222854187,5.696683940798062,-0.00040473423487164846,-0.004391385421175089,0.10516422407323471,-0.20902215265239923,0.10385792857916452,0.08357600512984611,0.23734501155859958,1.440972073755816,6.071212806594191,-0.24870093479765507,0.11669900727709707,0.1159123907645345,0.08305925364680368,5.594185137952617,1.8313930480134493,true
1.5750000000000002,3.40480004305582,0.2824298079067926,0.9085702191264814,5.671825488078621,-0.0004169110022858975,-0.004387513849982545,0.10485346618569819,-0.20832074149483737,0.10346727530913918,0.0829504829462205,0.23701942362928863,1.4397468336979116,6.07438332121571,-0.2542119349523341,0.12051552345618279,0.11964975967054658,0.08240410520795224,5.563115279717083,1.8212902067835275,true
1.625,3.40480004305582,0.2802476427934373,0.9324333671446152,5.646272684760062,-0.00042898632997031487,-0.0043834471469723635,0.10453349405518364,-0.20759928083983692,0.10306578678465328,0.08230957449763013,0.2366838306115414,1.438485431652133,6.0776666827446055,-0.2599018622815353,0.12433106499692244,0.12338109644308627,0.0817332012990756,5.53122803356252,1.8109210918571663,true
1.6750000000000003,3.40480004305582,0.27801451118860787,0.9558580901320983,5.62003533614826,-0.0004409576190492104,-0.004379179190677242,0.10420441731889953,-0.20685802013519167,0.10265360281629214,0.08165369703740043,0.23633827902801183,1.437188176025666,6.0810638967855235,-0.2657708443704514,0.12814560138152872,0.12710622654586665,0.08104700676500276,5.49853982119924,1.8002910037142126,true
1.725,3.40480004305582,0.275731859762361,0.9788351323463338,5.593123461314302,-0.00045282204561278,-0.004374703762571812,0.10386634149327773,-0.20609721192516114,0.10223087043188342,0.08098327545687255,0.23598281648574462,1.4358553845527406,6.084576012505887,-0.27181900954696947,0.13195909940198522,0.13082497430456747,0.0803459943789461,5.465067380277854,1.7894053450538232,true
1.775,3.40480004305582,0.27340115975908125,1.0013555669784793,5.5655472926867,-0.0004645765600071478,-0.004370014553405167,0.10351936679005563,-0.20531711099229635,0.10179774420224072,0.08029874186494157,0.23561749171973065,1.4344873841645618,6.088204121410896,-0.2780464869448917,0.1357715234288202,0.13453716322365075,0.07963064432794095,5.430827755328427,1.7782696179588624,true
1.8250000000000002,3.40480004305582,0.2710239054712311,1.0234108066947372,5.537317277112644,-0.00047621792292220846,-0.004365105168747961,0.10316358902511573,-0.20451797456542395,0.10135438554030822,0.07960053513979229,0.23524235464787718,1.433084510773332,6.091949355457041,-0.28445340689957993,0.1395828359306159,0.13824261654502026,0.07890144367265464,5.395838289396132,1.7668894213030517,true
1.875,3.40480004305582,0.26860161265193855,1.0449926138612478,5.508444075979471,-0.0004877427492276784,-0.004359969134559872,0.10279910137559381,-0.20370006298686041,0.1009009616112666,0.07888910046267142,0.2348574564161827,1.43164710903542,6.095812885320737,-0.29103990142622643,0.14339299799501948,0.14194115780382635,0.07815888579084908,5.3601166144731245,1.7552704477631829,true
1.9250000000000003,3.40480004305582,0.26613581689974053,1.0660931091944834,5.478938563439729,-0.0004991475432728995,-0.004354599903279251,0.10242599604084822,-0.20286364036644955,0.10043764432560133,0.07816488884348188,0.23446284942657458,1.4301755321326783,6.099795919184879,-0.29780610462634594,0.14720196972105315,0.14563261125487234,0.07740346981370343,5.3236806401087655,1.7434184802266055,true
1.975,3.40480004305582,0.26362807203831207,1.086704778610665,5.448811822863162,-0.0005104287197773718,-0.004348990860591564,0.10204436536398315,-0.20200897499130258,0.09996460962731943,0.07742835664490445,0.23405858734938897,1.4286701415840983,6.103899702049654,-0.30475215297025027,0.15100971046032488,0.1493168021489844,0.07663570006122646,5.286548540443144,1.7313393876732583,true
2.0250000000000004,3.40480004305582,0.26107994850365746,1.1068204786552112,5.41807514213896,-0.0005215826123523655,-0.004343135332797437,0.10165430238745965,-0.20113633946850368,0.09948203708104403,0.07667996510871085,0.23364472512659012,1.4271313070842107,6.1081255153994265,-0.311878185464314,0.15481617894801697,0.1529935569002109,0.07585608548030363,5.248738740261773,1.719039120730343,true
2.075,3.40480004305582,0.25849303173494487,1.12643344104265,5.386740008454427,-0.0005326054768502243,-0.004337026594612554,0.10125590102778523,-0.200246010684746,0.09899010965696078,0.0759201798831471,0.23322131897144768,1.4255594063528065,6.112474677014119,-0.3191843437619308,0.1586213333800448,0.15666270319927236,0.07506513908474342,5.210269900609396,1.7065237070794197,true
2.125,3.40480004305582,0.25586892056101374,1.1455372767068972,5.354818102931642,-0.0005434934942965099,-0.004330657877240601,0.10084925610295584,-0.19933826969421795,0.09848901359126211,0.07514947054904596,0.2327884263679151,1.4239548249812317,6.1169485407780275,-0.32667077227705976,0.16242513147927212,0.16032407011503436,0.07426337739542503,5.171160904264477,1.6937992468173415,true
2.1750000000000003,3.40480004305582,0.25320922557924685,1.164125979547666,5.322321295237621,-0.0005542427760972268,-0.0043240223766265636,0.1004344633821953,-0.19841340161735027,0.09797893823515497,0.07436831014369663,0.2323461060705756,1.4223179562690034,6.121548496435621,-0.3343376183261731,0.16622753057114814,0.1639774882036108,0.0734513198799924,5.13143084116214,1.680871907800585,true
2.225,3.40480004305582,0.2505155675242962,1.1821939298735198,5.289261638104463,-0.0005648493724396064,-0.004317113261861478,0.10001161973106866,-0.19747169558619843,0.09746007585512977,0.07357717468173479,0.23189441810431088,1.4206492010483611,6.126275969304806,-0.3421850323104597,0.17002848766995896,0.16762278962605526,0.07262948839173963,5.091098993703916,1.6677479209525845,true
2.2750000000000004,3.40480004305582,0.24778957562756287,1.1997358974461616,5.255651361625912,-0.0005753092831379804,-0.004309923683755601,0.09958082335199803,-0.1965134447364294,0.09693262138443137,0.07277654267331683,0.23143342376245235,1.4189489674977456,6.131132419983475,-0.3502131679365671,0.1738279595665232,0.17125980826566556,0.07179840660819978,5.050184821864002,1.654433575503795,true
2.325,3.40480004305582,0.24503288597093134,1.2167470440145527,5.221502867212358,-0.0005856184697461571,-0.004302446783610348,0.0991421740823855,-0.19553894622702717,0.09639677214464167,0.0719668946406067,0.23096318560233334,1.417217670947174,6.136119344090205,-0.358422182465731,0.1776259029060963,0.17488837983408292,0.07095859947067071,5.008707948021788,1.640935214140583,true
2.3750000000000004,3.40480004305582,0.24224713983930862,1.2332229252579754,5.186828721138493,-0.0005957728678790316,-0.004294675702217365,0.09869577370683295,-0.19454850126582432,0.09585272755899137,0.07114871263391168,0.2304837674375805,1.4154557336783027,6.141238272068924,-0.3668122369814766,0.1814222742484052,0.17850834195854576,0.07011059262608253,4.9666881414909065,1.6272592280524962,true
2.4250000000000003,3.40480004305582,0.23943398207663547,1.2491594921037255,5.151641647673864,-0.0006057683990987239,-0.004286603589098395,0.0982417262525596,-0.1935424151251131,0.09530068887255351,0.07032247974883794,0.22999523432719374,1.4136635847210024,6.146490769064846,-0.37538349666921567,0.18521703010601076,0.18211953424686006,0.06925491187272022,4.9241453027779185,1.6134120518884,true
2.475,3.40480004305582,0.2365950594498193,1.2645530914219547,5.1159545218236335,-0.000615600982078533,-0.004278223611987125,0.097780138254602,-0.19252099714028975,0.09474085888568776,0.0694886796457728,0.22949765256150548,1.4118416596478938,6.15187843487645,-0.3841361311026036,0.18901012696118763,0.1857217983305128,0.06839208261116769,4.8810994476074425,1.5994001586332292,true
2.5250000000000004,3.40480004305582,0.23373201902478494,1.2794004661191587,5.079780361722383,-0.0006252665429545982,-0.004269528966545699,0.09731111899014153,-0.1914845606909516,0.09417344170081007,0.0686477960729258,0.22899108964543163,1.4099904003677566,6.157402903977516,-0.3930703145332586,0.19280152126300656,0.18931497788779,0.06752262930183132,4.837570690777,1.5852300544259632,true
2.575,3.40480004305582,0.23084650655874256,1.2936987546539611,5.043132320720273,-0.0006347610247671883,-0.004260512886304597,0.09683478068526072,-0.19043342316598139,0.09359864248072067,0.06780031239413314,0.22847561427937346,1.4081102549186089,6.163065845604038,-0.40218622618093053,0.19659116940648244,0.19289891864892342,0.06664707493027504,4.793579229898994,1.5709082733375088,true
2.6250000000000004,3.40480004305582,0.227940164912958,1.3074454899899637,5.006023679193113,-0.000644080395734124,-0.004251168652814042,0.09635123869328813,-0.1893679059122509,0.09301666721896276,0.0669467111226834,0.22795129633782782,1.4062016772622954,6.168868963913589,-0.41148405051706244,0.20037902769474586,0.19647346838442234,0.06576594048165932,4.749145329061433,1.5564413721185464,true
2.6750000000000003,3.40480004305582,0.2250146324906796,1.3206385979914967,4.968467836099384,-0.0006532206559226784,-0.004241489605997885,0.09586061163514241,-0.18828833416233262,0.09242772252719021,0.06608747346253208,0.2274182068460758,1.4042651270823023,6.174813998215876,-0.4209639775345437,0.20416505228360046,0.20003847687625,0.06487974442566015,4.704289302464349,1.5418359249358047,true
2.725,3.40480004305582,0.2220715417048703,1.3332763952676348,4.930478300313505,-0.0006621778417869097,-0.004231469154698436,0.09536302148402216,-0.18719503693265854,0.09183201544863638,0.06522307885826985,0.22687641795507735,1.4023010695869582,6.180902723281803,-0.43062620299473636,0.20794919910796045,0.2035937958716485,0.06398900221313548,4.659031498067592,1.5270985181081802,true
2.7750000000000004,3.40480004305582,0.21911251748028515,1.3453575864803349,4.89206868177793,-0.0006709480281091004,-0.004221100787395928,0.09485859357396846,-0.1860883468821969,0.09122975330822843,0.06435400455517819,0.22632600291493926,1.400309975319898,6.187136949730784,-0.4404709286434436,0.2117314237906996,0.2071392790204158,0.0630942257857861,4.613392281304107,1.5122357448602677,true
2.825,3.40480004305582,0.21613917579358133,1.356881261154205,4.853252682540181,-0.0006795273271299391,-0.004210378083079263,0.09434745651667291,-0.18496860012412675,0.09062114360745384,0.06348072517045543,0.22576703604765513,1.398292319978415,6.193518524481413,-0.45049836239209196,0.21551168153608175,0.21067478179796909,0.06219592309981623,4.567392018936662,1.497254200118917,true
2.8750000000000004,3.40480004305582,0.21315312225394586,1.3678468900487908,4.8140440877614346,-0.0006879118850266571,-0.004199294722233699,0.09382974202243183,-0.18383613598874318,0.09000639396631135,0.06260371227634272,0.22519959271983683,1.3962485842392658,6.200049331244978,-0.4607087184647258,0.21928992701320404,0.2142001614195466,0.06129459766425277,4.521051063133493,1.4821604753777473,true
2.9250000000000003,3.40480004305582,0.21015595072521953,1.3782543211726836,4.774456756790991,-0.0006960978762856523,-0.004187844497903867,0.0933055846358126,-0.18269129674311216,0.08938571210729956,0.061723433995437754,0.22462374931626405,1.3941792535900337,6.206731291031331,-0.4711022175174078,0.22306611423638067,0.2177152767522037,0.060390748094201814,4.474389735842075,1.4669611536559302,true
2.975,3.40480004305582,0.20714924198897083,1.3881037755246968,4.734504614395458,-0.0007040814968168417,-0.004176021326786079,0.09277512141027572,-0.1815344272798175,0.08875930586954178,0.06084035460803556,0.22403958321502493,1.392084818162962,6.213566362631957,-0.4816790867418507,0.22684019645087844,0.22121998823251554,0.0594848676789603,4.4274283135309584,1.4516628045746192,true
3.0250000000000004,3.40480004305582,0.20413456244699546,1.3973958426386774,4.694201642209473,-0.0007118589567890272,-0.004163819260306158,0.09223849155452699,-0.18036587479138563,0.08812738323685865,0.0599549341710487,0.22344717276479586,1.3899657725677401,6.220556543048502,-0.4924395599674188,0.23061212603102169,0.22471415779645756,0.058577443964676075,4.380187012347579,1.436271979567136,true
3.075,3.40480004305582,0.20111346286117307,1.4061314759875527,4.6535618704434025,-0.0007194264741026866,-0.004151232495644724,0.09169583608503104,-0.17918598844780154,0.0874901523627705,0.059067628147899405,0.22284659726446046,1.3878226157197842,6.2277038678441325,-0.5033838777762027,0.2343818543964902,0.2281976488266948,0.05766895835110404,4.332685973709767,1.4207952072290182,true
3.1250000000000004,3.40480004305582,0.19808747712864183,1.4143119882739899,4.612599369848483,-0.0007267802692129975,-0.004138255386684074,0.09114729751411176,-0.1779951190920243,0.08684782157791256,0.0581788870487847,0.22223793694492885,1.385655850661137,6.2350104114065195,-0.5145122876442011,0.23814933194955806,0.23167032611956162,0.0567598857020144,4.284945250321484,1.4052389888049441,true
3.1750000000000003,3.40480004305582,0.19505812109101778,1.4219390466080855,4.571328243913244,-0.0007339165617124782,-0.004124882454861013,0.09059301959339837,-0.17679361896358756,0.08620059937018919,0.05728915608094049,0.22162127295292203,1.3834659843722885,6.242478287118997,-0.5258250441168897,0.24191450803256745,0.23513205587077352,0.05585069396910212,4.23698479259652,1.3896097938071723,true
3.225,3.40480004305582,0.19202689137698978,1.4290146675505668,4.529762621243416,-0.0007408315687856356,-0.004111108399920037,0.09003314712117903,-0.1755818414547605,0.08554869433358146,0.05639887480870828,0.2209966873360947,1.381253527574038,6.250109647451001,-0.5373224090249403,0.24567733090365676,0.238582705677743,0.054941843829254704,4.1888244354454045,1.3739140557506317,true
3.2750000000000004,3.40480004305582,0.18899526427868557,1.4355412119871591,4.487916648072378,-0.0007475215053979283,-0.004096928110570185,0.08946782581195749,-0.17436014089861096,0.08489231508665347,0.055508476823520496,0.22036426302902415,1.379018994519743,6.257906683980391,-0.5490046517402984,0.24943774772620372,0.2420221445540571,0.05403378833544143,4.140483885395374,1.3581581679944845,true
3.325,3.40480004305582,0.18596469466282123,1.441521379795476,4.44580448085004,-0.000753982585915866,-0.004082336675049446,0.08889720221889423,-0.17312887238448185,0.08423167016558762,0.054618389424101764,0.21972408383948738,1.3767629027785446,6.2658716273646915,-0.5608720494722027,0.25319570456734497,0.24545024295165913,0.05312697258146582,4.091982708007373,1.3423484796780543,true
3.3750000000000004,3.40480004305582,0.18293661491816415,1.446958204270647,4.403440278869111,-0.0007602110267971643,-0.004067329391603071,0.08832142369571279,-0.17188839159432412,0.08356696789861133,0.053729033307335694,0.21907623443468516,1.3744857730109654,6.274006747275689,-0.5729248875986823,0.2569511464008446,0.24886687278627853,0.05222183338112411,4.0433403155741345,1.3264912917455582,true
3.4250000000000003,3.40480004305582,0.17991243394109502,1.4518550462835482,4.360838196899053,-0.0007662030499907075,-0.004051901778876779,0.08774063838372813,-0.1706390546528377,0.08289841626910958,0.05284082227032134,0.21842080032690805,1.3721881287380469,6.28231435231584,-0.5851634600306312,0.2607040171115312,0.2522719074635045,0.05131879896211304,3.994575955072647,1.3105928530506084,true
3.475,3.40480004305582,0.17689353616098666,1.4562155881567846,4.3180123778133295,-0.0007719548867513238,-0.004036049586222508,0.08715499521108322,-0.16938121798506642,0.0822262227739832,0.05195416292412405,0.21775786785885995,1.369870496104905,6.290796789913411,-0.5975880696050833,0.26445425949680745,0.25566522190140323,0.0504182886753129,3.9457086963980914,1.2946593565492364,true
3.5250000000000004,3.40480004305582,0.173881280607099,1.4600438272537906,4.274976945204992,-0.0007774627816559661,-0.004019768803910757,0.08656464389405406,-0.16811523817646,0.08155059428240595,0.05106945441971974,0.217087524188114,1.3675334036399067,6.299456446216093,-0.6101990285047717,0.2682018152651482,0.25904669254964413,0.04952071271968244,3.896757420852136,1.2786969355723041,true
3.575,3.40480004305582,0.17087700001831663,1.4633440692850335,4.231745995996361,-0.0007827229966940225,-0.004003055673235147,0.08596973493340826,-0.16684147183196296,0.0808717368985547,0.05018708818652208,0.21640985727108386,1.3651773820097122,6.308295745972583,-0.6229966587030437,0.2719466250301305,0.2624161974038699,0.04862647188322894,3.847740809924344,1.2627116601900181,true
3.6250000000000004,3.40480004305582,0.1678819999969387,1.466120921341721,4.1883335930519845,-0.0007877318153800959,-0.0039859066964955114,0.08537041960174344,-0.16556027543215324,0.0801898558304098,0.04930744768384813,0.2157249558463514,1.3628029637710415,6.317317152409981,-0.6359812924318137,0.27568862829935986,0.26577361601481736,0.04773595730031145,3.7986773343654447,1.2467095336680105,true
3.6750000000000003,3.40480004305582,0.16489755820740878,1.4683792846717876,4.144753757808895,-0.0007924855468853147,-0.003968318646839164,0.08476684992021387,-0.16427200518568924,0.07950515526547537,0.0484309081655828,0.21503290941557437,1.360410683121053,6.326523167167459,-0.6491532726703501,0.27942776347914905,0.26911882951090627,0.046849550224874276,3.7495852434399644,1.2306964889776117,true
3.725,3.40480004305582,0.16192492362069327,1.470124347214565,4.101020462937645,-0.00079698053022866,-0.003950288577941441,0.08415917862457997,-0.16297701687808747,0.0788178382535075,0.047557836458250596,0.21433380823324832,1.3580010756339493,6.33591632989653,-0.6625129536798069,0.2831639677803612,0.2724517205319402,0.045967621822843995,3.700482555143141,1.2146783856207954,true
3.7750000000000004,3.40480004305582,0.15896531580485243,1.47136157591174,4.057147625048142,-0.0008012131385823905,-0.003931813833502579,0.0835475591215672,-0.16167566571737996,0.07812810659581276,0.046688590752654156,0.21362774327810902,1.3555746780150115,6.345499218471222,-0.6760607015211966,0.28689717730549225,0.27577217332446935,0.04509053297637831,3.651387045512845,1.1986610061492284,true
3.825,3.40480004305582,0.1560199242622245,1.4720967088115748,4.013149097452986,-0.000805179783755432,-0.003912892056539677,0.08293214543706257,-0.160368306177476,0.07743616074041343,0.045823520409203254,0.2129148062417864,1.353132027831513,6.3552744485740185,-0.6897968946401191,0.2906273269534892,0.27908007367361665,0.04421863410964765,3.6023162395031645,1.1826500531962516,true
3.8750000000000004,3.40480004305582,0.15308990781347326,1.4723357469829668,3.969038662999421,-0.0008088769209221156,-0.0038935211984512247,0.0823130921576791,-0.15905529184005554,0.07674219968237644,0.04496296577700772,0.21219508950867197,1.3506736632502854,6.365244673558227,-0.7037219244586335,0.29435435041019803,0.2823753089112284,0.04335226502905717,3.5532874016240608,1.1666511464257092,true
3.9250000000000003,3.40480004305582,0.15017639402872884,1.472084946254666,3.924830026979576,-0.000812301053657232,-0.0038736995278320432,0.08169055436718227,-0.15773697523580724,0.07604642086862497,0.04410725802680177,0.2114686861372596,1.3482001227704719,6.3754125842319045,-0.7178361959982965,0.29807818012003456,0.28565776790688024,0.04249175478068302,3.504317527063149,1.1506698196353167,true
3.975,3.40480004305582,0.14728047870594438,1.4713508087947937,3.880536810128503,-0.0008154487393324566,-0.0038534256390171176,0.08106468757908561,-0.15641370768573257,0.07534902010664696,0.0432567189977358,0.21073568984132687,1.3457119449535149,6.3857809086195445,-0.7321401285309389,0.30179874725638045,0.2889273410574509,0.041637421524414735,3.4554233331806947,1.134711517978421,true
4.0249999999999995,3.40480004305582,0.14440322539647965,1.4701400745438367,3.836172541716757,-0.0008183165949278661,-0.0038326984603319417,0.08043564766637401,-0.1550858391430656,0.07465019147669158,0.04241166105803889,0.20999619497096983,1.3432096681505956,6.396352411700997,-0.7466341562573517,0.3055159816908546,0.2921839202754233,0.04078957242472169,3.4066212513825347,1.1187815953057263,true
4.075,3.40480004305582,0.14154566497794518,1.4684597125153502,3.791750652745308,-0.0008209013033062611,-0.0038115172620283647,0.07980359078911048,-0.15375371803625637,0.07395012724714589,0.04157238697956179,0.20925029649351107,1.3406938302278824,6.40712989512757,-0.7613187290134033,0.30922981196178123,0.29542739897622194,0.03994850355795596,3.357927419375527,1.1028853116285284,true
4.125,3.40480004305582,0.1387087952741054,1.466316911976369,3.7472844692477993,-0.0008231996199860044,-0.0037898816638841717,0.07916867332058533,-0.15241769111341252,0.07324901779282719,0.04073918982614138,0.20849808997427713,1.3381649682898367,6.41811619691542,-0.7761943130036792,0.3129401652418887,0.2986576720646375,0.03911449983603703,3.3093576738079307,1.0870278307042853,true
4.175,3.40480004305582,0.13589358072177848,1.4637190735205223,3.7027872057078737,-0.0008252083804574235,-0.0037677916424460334,0.07853105177234963,-0.15107810328844457,0.07254705151609493,0.03991235285576815,0.20773967155728035,1.3356236184010901,6.429314191116436,-0.7912613915613425,0.31664696730528014,0.3018746359203941,0.03828783494639859,3.260927543299127,1.071214217746016,true
4.225,3.40480004305582,0.13310095208439707,1.4606738000458126,3.6582719585947725,-0.0008269245080745447,-0.0037452475378934105,0.07789088271847407,-0.14973529748914624,0.07184441477067217,0.03909214943645809,0.20697513794577274,1.333070315307329,6.4407267874685115,-0.8065204659334809,0.32035014249387506,0.305078188383053,0.03746877130799373,3.2126522418582044,1.055449437255414,true
4.2749999999999995,3.40480004305582,0.130331806211938,1.4571888876494294,3.613751700024532,-0.0008283450225539724,-0.0037222500605045977,0.07724832271929018,-0.14838961450740554,0.07114129178811536,0.03827884297574337,0.20620458638270836,1.3305055921556888,6.452356931025374,-0.8219720560906228,0.32404961368324875,0.30826822873620474,0.03665756004316489,3.164546662694761,1.039738350980836,true
4.325,3.40480004305582,0.12758700584684868,1.4532723164509567,3.5692392715500514,-0.0008294670491136659,-0.003698800296702387,0.07660352824473153,-0.14704139285166756,0.07043786460693603,0.03747268686367229,0.20542811463109265,1.3279299802153697,6.464207601768937,-0.8376167015582715,0.32774530224793025,0.3114446576910201,0.03585444096515924,3.116625372421145,1.0240857159999703,true
4.375,3.40480004305582,0.12486737947547058,1.448932241356236,3.5247473780859226,-0.0008302878282751597,-0.0036748997146607287,0.07595665559744731,-0.14569096860179515,0.06973431300434783,0.03667392442917196,0.20464582095423442,1.325344008599064,6.476281814205504,-0.8534549622686646,0.33143712802619774,0.3146073773692092,0.03505964258102925,3.0689026056471467,1.0084961829275743,true
4.425,3.40480004305582,0.12217372122446397,1.4441769827733855,3.4802885819721823,-0.0008308047263561656,-0.003650550169451705,0.07530786083580583,-0.1443386752664426,0.06903081443063676,0.0358827889096279,0.20385780409589502,1.3227482039860377,6.488582616949091,-0.8694874194297847,0.3351250092844038,0.31775629128543104,0.034273382109655914,3.0213922599663268,0.9929742942480995,true
4.475,3.40480004305582,0.1195067908016261,1.4390150172923657,3.435875297181439,-0.0008310152466734284,-0.003625753907713511,0.07465729969688431,-0.14298484364304684,0.06832754394616253,0.03509950343350217,0.20306416326033744,1.3201430903477147,6.501113092295028,-0.885714676408464,0.338808862680806,0.32089130432914786,0.0334958655146001,2.9741078913332597,0.9775244827730292,true
4.5249999999999995,3.40480004305582,0.11686731348044904,1.4334549683396556,3.391519783673581,-0.0008309170414695358,-0.0036005135718205836,0.07400512751952777,-0.14162980168052813,0.06762467416100036,0.034324281015797986,0.20226499809227233,1.3175291886767324,6.513876355787875,-0.9021373596237608,0.3424886032289744,0.32401232274599956,0.032727287551467255,2.9270627098300537,0.9621510702224841,true
4.575,3.40480004305582,0.11425598012768962,1.4275055968193882,3.3472341419026383,-0.0008305079245728596,-0.003574832203537451,0.07335149916759591,-0.14027387434481003,0.06692237517721412,0.03355732456615704,0.20146040865671005,1.3149070167204933,6.526875555787758,-0.9187561194463101,0.3461641442607606,0.3271192541186969,0.03196783182944848,2.8802695758208157,0.9468582659307476,true
4.625,3.40480004305582,0.11167344727313491,1.4211757917519532,3.303030307479215,-0.0008297858847929428,-0.003548713247138513,0.0726965689534645,-0.1389173834872386,0.06622081453377408,0.0327988269093499,0.20065049541870922,1.3122770887203485,6.540113873040496,-0.9355716310987371,0.3498353973888704,0.3302120073474832,0.031217670886673574,2.8337409964911537,0.9316501656748477,true
4.675,3.40480004305582,0.10912033722068781,1.4144745609211191,3.258920045992503,-0.0008287491000397711,-0.0035221605519769397,0.07204049056189436,-0.13756064771600046,0.0655201571541061,0.0320489708179021,0.19983535922302786,1.3096399151575886,6.55359452025682,-0.9525845955517737,0.35350227246905275,0.3332904926301862,0.03047696627898826,2.787489122770238,0.9165307506254964,true
4.725,3.40480004305582,0.10659723819978807,1.4074110215405353,3.214914947995732,-0.0008273959521511614,-0.0034951783744862353,0.07138341697435371,-0.1362039822706248,0.06482056529627109,0.031307929056567055,0.1990151012736804,1.306996002507445,6.567320741706419,-0.9697957404103769,0.35716467756190545,0.33635462144187145,0.02974586868173638,2.741525746632347,0.9015038864194882,true
4.775,3.40480004305582,0.1041047045561447,1.3999943909501864,3.1710264241580717,-0.000825725042400132,-0.003467771379599062,0.07072550039386774,-0.13484769889964435,0.0641221985057766,0.03057586443834463,0.19818982311339606,1.304345853002449,6.581295812833719,-0.9872058207832688,0.3608225188943508,0.3394043065141532,0.029024518004111863,2.69586229877392,0.8865733223523744,true
4.825,3.40480004305582,0.10164325698064267,1.3922339773532804,3.127265700586557,-0.0008237352076408132,-0.0034399446415691037,0.07006689217052774,-0.13349210574151735,0.06342521357098961,0.029852929891711785,0.19735962660298434,1.301689964406442,6.595523039902015,-1.004815620129266,0.3644757008207642,0.34243946181415685,0.02831304351560986,2.650509846662317,0.8717426906902996,true
4.875,3.40480004305582,0.09921338277524436,1.3841391706038237,3.0836438143211207,-0.0008214255370457237,-0.003411703644182723,0.06940774272771119,-0.13213750720887,0.0627297644811588,0.02913926853871865,0.19652461390061188,1.299028829800649,6.610005759673467,-1.0226259510729172,0.3681241257837827,0.3454600025231644,0.027611563984092043,2.605479092951914,0.8570155060997036,true
4.925,3.40480004305582,0.09681553615464883,1.3757194330548552,3.040171609005337,-0.0008187953893692543,-0.0033830542803473668,0.06874820148916055,-0.13078420387616302,0.062036002387002465,0.028435013783586698,0.1956848874409862,1.2963629373833059,6.62474733913347,-1.0406376561813242,0.37176769427482065,0.34846584501497563,0.02692018782496023,2.5607803742623534,0.8423951651933336,true
4.975,3.40480004305582,0.09445013858241208,1.366984290477156,2.996859730736247,-0.0008158444106634033,-0.0033540028510466724,0.06808841680699368,-0.12943249237084803,0.06134407556385435,0.027740289411428327,0.194840549914465,1.2936927702843308,6.639751175267478,-1.0588516086935602,0.3754063047942216,0.3514569068339311,0.026239013260913314,2.51642366031457,0.8278849461912805,true
5.025,3.40480004305582,0.09211757914014669,1.3579433230577895,2.953718624094687,-0.0008125725523553285,-0.003324556063651271,0.06742853589073268,-0.1280826652680812,0.06065412937734853,0.027055209696681876,0.1939917042460736,1.2910188063966035,6.655020694900328,-1.077268713193576,0.3790398538111411,0.35443310667268524,0.025568128491733802,2.4724185534178855,0.8134880086949992,true
5.075,3.40480004305582,0.08981821492840515,1.3486061564881342,2.9107585283599096,-0.0008089800895797976,-0.0032947210295777435,0.0667687047374968,-0.12673501098909215,0.05996630625159535,0.02637987952085227,0.19313845357446416,1.2883415182253795,6.670559354606523,-1.0958899062170238,0.3826682357230597,0.35739436434965227,0.02490761187354188,2.428774288303805,0.799207393573051,true
5.125,3.40480004305582,0.08755237149775019,1.3389824531499324,2.8679894739092955,-0.0008050676396475937,-0.0032645052612872566,0.06610906806341649,-0.12538981370325467,0.05928074563983818,0.025714394499117672,0.19228090123080085,1.2856613727574278,6.686370640702416,-1.114716156781972,0.3862913428149426,0.36034060078614544,0.024257532106924502,2.3854997322991416,0.7850460229563186,true
5.175,3.40480004305582,0.0853203433084542,1.3290819034084889,2.8254212788058455,-0.0008008361805095441,-0.003233916668619413,0.06544976923639798,-0.12404735323394461,0.05859758399754664,0.025058841115344586,0.19141915071759144,1.2829788313513097,6.7024580693294435,-1.1337484668337627,0.38990906521803,0.36327173798320467,0.023617948433322884,2.342603385832619,0.7710067003409616,true
5.225,3.40480004305582,0.08312239421723697,1.3189142170211583,2.7830635455750796,-0.0007962870690634097,-0.003202963554455915,0.06479095021033576,-0.12270790496824652,0.057916954757910755,0.024413296865044187,0.19055330568747864,1.2802943496502501,6.718825186638465,-1.152987871593701,0.39352129086811977,0.36618769899800696,0.022988910839051795,2.3000933832683415,0.7570921107971383,true
5.275,3.40480004305582,0.08095875798935911,1.3084891146695223,2.7409256581726402,-0.0007914220591372554,-0.003171654609711652,0.06413275146083817,-0.12137173977055789,0.05723898830971971,0.023777830405775708,0.18968346992199592,1.2776083775188807,6.7354755690850405,-1.1724354398017607,0.3971279054634017,0.36908840791991626,0.02237046026629308,2.2579774940587263,0.7433048212812651,true
5.325,3.40480004305582,0.07882963883437691,1.2978163196229757,2.699016779144045,-0.0007862433189648121,-0.003139998907651542,0.06347531192261513,-0.12003912390017306,0.05656381197755793,0.023152501714499226,0.18880974731030534,1.2749213590050685,6.752412823845153,-1.1920922738433566,0.4007287924216964,0.3719737898460623,0.021762628830400588,2.2162631242098185,0.7296472810496899,true
5.375,3.40480004305582,0.07673521196380569,1.286905549541299,2.657345846977795,-0.0007807534479610144,-0.003108005897534058,0.06281876892858726,-0.11871031893288787,0.055891550004300614,0.022537362251363095,0.18793224182794008,1.2722337323278492,6.769640589360037,-1.211959509750756,0.40432383283698947,0.3748437708563727,0.021165440042835843,2.1749573180517414,0.7161218221716275,true
5.425,3.40480004305582,0.07467562416891646,1.2757665084234118,2.6159215736523027,-0.0007749554925928707,-0.0030756853975821286,0.06216325815080302,-0.11738558168667065,0.05522232353586763,0.021932455129404553,0.18705105751555734,1.269545929892379,6.7871625360192835,-1.2320383170699463,0.4079129054352072,0.3776982779880258,0.02057890903904521,2.1340667603059855,0.7027306601388368,true
5.475,3.40480004305582,0.07265099441688498,1.2644088787093657,2.5747524423778714,-0.000768852961131789,-0.0030430475872862683,0.06150891354326643,-0.11606516415145679,0.05455625060819036,0.02133781528964046,0.18616629845773675,1.2668583783325886,6.804982366989423,-1.252329898584404,0.41149588652904945,0.3805372392091907,0.020003042810586888,2.093597778442221,0.6894758945698733,true
5.525,3.40480004305582,0.0706614144634772,1.2528423135420126,2.533846705533526,-0.0007624498370701518,-0.0030101029990440287,0.06085586728672712,-0.11474931342309183,0.05389344613636471,0.020753469681014904,0.1852780687618334,1.2641714985820527,6.823103819195612,-1.2728354898878735,0.4150726499717777,0.38336058339199225,0.01943784044080913,2.0535563453158874,0.6763595100062577,true
5.575,3.40480004305582,0.06870694948046882,1.2410764291948415,2.493212382799385,-0.0007557505909779337,-0.002976862509143016,0.06020424973553239,-0.11343827164147088,0.05323402190593849,0.020179437444674164,0.18438647253691795,1.2614857059732933,6.841530664461939,-1.2935563587993213,0.4186430671097823,0.38616824028457725,0.01888329334338251,2.013948082078547,0.6633833767981598,true
5.625,3.40480004305582,0.06678763869598701,1.2291207976718348,2.4528572594843694,-0.0007487601905778794,-0.0029433373280958047,0.05955418936658626,-0.11213227593289168,0.05257808656630542,0.019615730102037026,0.1834916138728292,1.2588014103655008,6.860266710815059,-1.3144938046142234,0.42220700673373135,0.38896014048215016,0.01833938550299384,1.9747782613523996,0.6505492520769981,true
5.675,3.40480004305582,0.0649034960460004,1.2169849394847847,2.412788885048564,-0.0007414841088199329,-0.0029095389903374402,0.05890581273044081,-0.11083155835662648,0.05192574562618567,0.019062351746139336,0.1825935968193576,1.2561190163004186,6.879315803955134,-1.3356491571873481,0.4257643350281032,0.3917362153968473,0.01780609371752084,1.9360518106598337,0.6378587808121727,true
5.725,3.40480004305582,0.06305451083517655,1.20467831661394,2.3730145718204594,-0.0007339283297419618,-0.0028754793432964193,0.05825924440460473,-0.1095363458557426,0.05127710145113786,0.01851929923572983,0.18169252536559868,1.2534389231857137,6.898681828895078,-1.3570237758441641,0.4293149155189757,0.39449639722637825,0.017283387841012184,1.897773316099521,0.6253134969493687,true
5.775,3.40480004305582,0.06124064840541048,1.1922103256563956,2.333541393907748,-0.0007260993519176081,-0.002841170535853116,0.057614606949078793,-0.10824686021216488,0.05063225326308609,0.017986562391618974,0.18078850341950148,1.2507615255050133,6.918368711768952,-1.3786190481186404,0.432858609019716,0.39724061892119067,0.0167712310268296,1.8599470262597666,0.6129148246275817,true
5.825,3.40480004305582,0.059461850810332874,1.1795902911672251,2.294376186300773,-0.0007180041893055597,-0.0028066250062019626,0.05697202086411184,-0.10696331800595593,0.04999129714184409,0.017464124194784037,0.17988163478763644,1.2480872130533487,6.938380421807973,-1.4004363883175344,0.43639527357447666,0.39996881415011976,0.016269579970317853,1.8225768563596219,0.6006640794719544,true
5.875,3.40480004305582,0.05771803749419968,1.1668274591975432,2.255525544167328,-0.0007096503693334823,-0.002771855469131751,0.056331604550199504,-0.10568593057880649,0.04935432602860698,0.016951960985761013,0.17897202315521482,1.2454163711965072,6.958720973480925,-1.4224772359124715,0.43992476439920974,0.4026809172643413,0.01577838515040701,1.7856663926084395,0.5885624699595516,true
5.925,3.40480004305582,0.05600910597364246,1.1539309910336628,2.216995822337679,-0.0007010459280760562,-0.00273687490274499,0.055693474270305215,-0.10441490400170025,0.04872142973139504,0.01645004266487676,0.1780597720663946,1.2427493811524994,6.979394428793863,-1.4447430537627413,0.44344693381995687,0.405376863259485,0.015297591069585285,1.7492188967745441,0.5766110988551885,true
5.975,3.40480004305582,0.054334932520810314,1.140909957140919,2.178793134977454,-0.0006921994024114359,-0.0027016965346352423,0.05505774411429762,-0.10315043904672135,0.04809269493242373,0.015958332892889802,0.17714498490488526,1.2400866202930247,7.00040489974281,-1.4672353261738174,0.4469616312082832,0.4080565877358541,0.014827136491709907,1.7132373109526695,0.5648109647140764,true
6.025,3.40480004305582,0.052695372846570755,1.1277733313155092,2.1409233554469336,-0.0006831198190726655,-0.0026663338275442483,0.05442452596553389,-0.10189273116293751,0.04746820519740362,0.015476789291648526,0.17622776487489236,1.2374284624626073,7.0217565509105935,-1.4899555567977472,0.45046870291351987,0.41072002685654735,0.01436695467717855,1.6777242625209297,0.5531629634483993,true
6.075,3.40480004305582,0.05109026278251271,1.114529985047506,2.1033921163442133,-0.0006738166805439308,-0.0026308004645227284,0.053793929469542014,-0.10064197045629841,0.0468480409867564,0.015005363644397461,0.1753082149824116,1.23477527831283,7.043453602198352,-1.5129052663834353,0.453967992191767,0.41336711730349973,0.013916973615020882,1.6426820692768136,0.5416678899544956,true
6.125,3.40480004305582,0.049519418960602905,1.101188682097645,2.066204809729924,-0.0006642999477878439,-0.002595110333618811,0.05316606200476842,-0.099398341673493,0.04623227966872458,0.014544002095394434,0.17438643801690085,1.2321274356488296,7.065500331679559,-1.5360859903865298,0.45745933913138964,0.4159977962312972,0.013477116251520486,1.608112744742457,0.5303264397975547,true
6.175,3.40480004305582,0.04798263948948711,1.0877580732902845,2.0293665875306988,-0.0006545800198285578,-0.0025592775121215106,0.05254102865529266,-0.0981620241896715,0.045620995534378844,0.014092645348542267,0.17346253653334043,1.2294852997851866,7.087901078564436,-1.5594992764493503,0.460942580574923,0.41861200121875847,0.013047300715035874,1.5740180036287927,0.5191392109504979,true
6.225,3.40480004305582,0.046479704626514455,1.074246691524722,1.9928823621188037,-0.0006446677102553825,-0.002523316250386251,0.051918932185422664,-0.09693319199994119,0.04501425981451852,0.013651228864764333,0.17253661283470112,1.2268492339080581,7.110660246259977,-1.5831466817633326,0.4644175500372686,0.4212096702182576,0.012627440536733285,1.5403992674486204,0.5081067055838381,true
6.275,3.40480004305582,0.04501037744470651,1.0606629470064814,1.956756807064449,-0.0006345742207505777,-0.002487240955272446,0.05129987301610458,-0.09571201371455065,0.044412140698446075,0.013219683057895388,0.1716087689548188,1.2242195994404808,7.133782305511402,-1.6070297703267529,0.46788407762016226,0.42379074150283014,0.012217444867006384,1.5072576702679954,0.49722933190308083,true
6.325,3.40480004305582,0.0435744044939987,1.0470151226999573,1.9209943580577509,-0.0006243111117848813,-0.0024510661732233957,0.050683949203036836,-0.09449865255765083,0.043814703354613994,0.012797933488890148,0.17067910664168606,1.221596756407617,7.157271797608873,-1.6311501101118775,0.47134198992281734,0.42635515361105003,0.011817218687407044,1.474594064585918,0.4865074060303997,true
6.375,3.40480004305582,0.04217151645620659,1.0333113700037093,1.8855992139969135,-0.0006138902706624672,-0.002414806573020692,0.05007125641641051,-0.0932932663695347,0.04322200995312418,0.01238590105818887,0.16974772734115634,1.2189810637988145,7.181133337643605,-1.6555092701559295,0.47479110994888446,0.4289028452898425,0.011426663017968084,1.4424090273319778,0.47594115392718306,true
6.425,3.40480004305582,0.04080142879327357,1.0195597046489278,1.8505753382388987,-0.0006033238771334418,-0.0023784769282465396,0.049461887922168365,-0.09209600761223874,0.042634119690070374,0.011983502196109627,0.1688147321810544,1.2163728799233622,7.205371617796947,-1.6801088175909122,0.47823125700971275,0.4314337554352713,0.01104567511984763,1.4107028659717367,0.465530713354081,true
6.475,3.40480004305582,0.03946384238847231,1.0057680028217613,1.8159264600089071,-0.0005926243668245132,-0.0023420920994882133,0.048855934564702774,-0.09090702337839918,0.0420510888136964,0.011590649051171114,0.16788022195567776,1.2137725627569793,7.229991410646507,-1.7049503146272222,0.4816622466241774,0.433947823031549,0.010674148693275789,1.3794756247096154,0.4552761358651477,true
6.525,3.40480004305582,0.03815844418031591,0.9919439975093742,1.7816560759648643,-0.0005818043927680629,-0.0023056670163201023,0.048253484750928236,-0.08972645540326252,0.04147297065233428,0.011207249676274254,0.16694429711068198,1.2111804702761357,7.25499757247256,-1.7300353155063484,0.4850838904150773,0.43644498708831564,0.010311974070826345,1.348727090779553,0.44517738883282554,true
6.575,3.40480004305582,0.0368849077890427,0.978095275069766,1.7477674519128255,-0.0005708767853362301,-0.002269216659101028,0.04765462443562543,-0.08855444007972677,0.040899815644101334,0.010833208212702667,0.1660070577283172,1.208596960777621,7.280395046550245,-1.7553653634370265,0.4884959960025376,0.438925186576544,0.009959038406081862,1.318456800813192,0.43523435750032957,true
6.625,3.40480004305582,0.03564289413558351,0.964229272024707,1.7142636246693137,-0.0005598545109053973,-0.0022327560406226812,0.04705943710802243,-0.0873911084763223,0.04033167136829987,0.010468425071915203,0.16506860351299804,1.206022393180795,7.306188866411709,-1.7809419875297865,0.491898366894587,0.4413883603632243,0.009615225857787643,1.2886640472761042,0.4254468470582311,true
6.675,3.40480004305582,0.0344320520530253,0.9503532720750869,1.6811474040666172,-0.000548750629593284,-0.0021963001876488947,0.046468003779555574,-0.08623658635802861,0.03976858257847304,0.01011279711513467,0.16412903377718033,1.20345712731038,7.332384159064627,-1.8067666997431007,0.4952908023752674,0.4438344471451103,0.00928041776963209,1.259347884962624,0.4158145847420386,true
6.725,3.40480004305582,0.033252018890602156,0.9364744033374177,1.6484213750965473,-0.0005375782524198746,-0.0021598641223843293,0.04588040297277268,-0.08509099420983052,0.039210591237057835,0.009766217830741787,0.16318844742750446,1.2009015241577747,7.358986148154075,-1.8328409918545125,0.49867309739068566,0.4462633853818365,0.00895449284580511,1.2305071375397554,0.406337221947535,true
6.775,3.40480004305582,0.03210242111029983,0.9225996358001471,1.616087900188714,-0.0005263504982475234,-0.0021234628439122175,0.04529671071136168,-0.08395444726292876,0.03865773655156708,0.009428577509499735,0.16224694295117892,1.1983559461191342,7.386000157055204,-1.859166332469095,0.5020450424333669,0.4486751132286681,0.008637327322509903,1.2021404041313553,0.3970143363608694,true
6.825,3.40480004305582,0.030982874876192397,0.9087357789981061,1.5841491216189914,-0.0005150804508545195,-0.0020871113096412944,0.04471700051130428,-0.0828270555235262,0.03811005501222192,0.009099763417644097,0.1613046184025645,1.1958207572087787,7.413431611885993,-1.885744164076491,0.5054064234254179,0.45106956846923774,0.008328795135617342,1.1742460659337595,0.3878454341003745,true
6.875,3.40480004305582,0.029892986636628257,0.89488947990297,1.5526069640439117,-0.0005037811164890138,-0.002050824416802627,0.044141343373167385,-0.08170892380411772,0.037567580430950334,0.008779659967872649,0.16036157138992627,1.1932963232466296,7.441286044429415,-1.912575900167546,0.5087570216008648,0.45344668844851355,0.00802876808465504,1.1468222928544984,0.37882995186725066,true
6.925,3.40480004305582,0.02883235369940362,0.8810672210275079,1.5214631371566996,-0.0004924653822382861,-0.002014616984036717,0.04356980777555608,-0.08060015175721867,0.03703034398166259,0.00846814888827553,0.15941789906231363,1.1907830120186993,7.4695690949561655,-1.9396629224202313,0.5120966133877052,0.4558064100063489,0.007737115993329228,1.1198670501658816,0.3699672591022909,true
6.975,3.40480004305582,0.027800564800049422,0.8672753187411943,1.490719138460923,-0.00048114597553173866,-0.001978503733111703,0.04300245966977186,-0.07950083391147636,0.0364983742417045,0.008165109389242817,0.15847369809654047,1.1882811934098019,7.498286514938989,-1.9670065779641388,0.5154249702901201,0.4581486694118894,0.007453706866772467,1.0933781051658726,0.3612566601460398,true
7.025,3.40480004305582,0.02679720066333578,0.8535199217941617,1.460376256157144,-0.00046983542507443154,-0.0019424992708135455,0.04243936247572842,-0.07841105971011553,0.035971697234387104,0.00787041832838007,0.15752906468422245,1.1857912395078454,7.527444169651126,-1.9946081767323833,0.5187418587713208,0.4604734022991176,0.00717840704570037,1.0673530338385115,0.3526973963997311,true
7.075,3.40480004305582,0.025821834558091023,0.8398070100465778,1.4304355721385889,-0.0004585460234829378,-0.0019066180710478955,0.04188057707918628,-0.07733091355167318,0.0354503364724869,0.007583950373460356,0.15658409451884744,1.1833135246792421,7.557048040641261,-2.0224689889089564,0.5220470401374613,0.4627805436037747,0.0069110813576527316,1.0417892275069733,0.3442886484846241,true
7.125,3.40480004305582,0.02487403284539219,0.8261423934002523,1.4008979650916553,-0.00044728979186841147,-0.0018708744571944227,0.04132616183036438,-0.0762604748329803,0.03493431300261592,0.007305578163429432,0.15563888278285207,1.1808484256150322,7.58710422807748,-2.0505902424797613,0.5253402704231028,0.46507002750192544,0.006651593265475656,1.0166838994724952,0.3360295383974205,true
7.175,3.40480004305582,0.023953355520162735,0.8125317109288689,1.3717641136968062,-0.0004360784465806881,-0.0018352825847525144,0.04077617254401301,-0.07519981799436024,0.03442364545034723,0.007035172467474629,0.15469352413467005,1.178396321347507,7.6176189529539835,-2.078973120894948,0.5286213002786632,0.4673417873503809,0.006399805013186604,0.9920340916324486,0.3279191316594595,true
7.225,3.40480004305582,0.02305935674616955,0.7989804302031959,1.343034499925789,-0.00042492336829528084,-0.001799856424316737,0.04023066250102686,-0.07414901256701428,0.033918350065987424,0.006772602342155076,0.15374811269573976,1.1759575932370507,7.648598559152496,-2.107618760850833,0.5318898748601967,0.4695957556291264,0.0061555777693422424,0.9678366810716368,0.31995643945766955,true
7.275,3.40480004305582,0.022191585384389673,0.7854938468074626,1.3147094124310565,-0.0004138355735932207,-0.001764609744920504,0.0396896824516688,-0.07310812322256338,0.033418440770894585,0.0065177352865845965,0.15280274203745445,1.1735326249290492,7.680049515350956,-2.1365282501993867,0.5351457337218738,0.47183186388590753,0.005918771768011554,0.9440883866209824,0.31214042077528936,true
7.325,3.40480004305582,0.021349585514670262,0.7720770840427614,1.2867889500229843,-0.00040282568915029986,-0.0017295560977841906,0.039153280620469855,-0.0720772098247118,0.03292392920424195,0.006270437395644807,0.15185750516803587,1.1711218022806904,7.711978416771706,-2.1657026259939793,0.5383886107115033,0.47405004268309897,0.005689246447433123,0.920785775377873,0.3044699845104161,true
7.375,3.40480004305582,0.02053289695058498,0.7587350928134169,1.2592730252308035,-0.00039190392861892484,-0.001694708800503264,0.03862150271288704,-0.07105632748301106,0.03243482477012402,0.00603057351119998,0.15091249451932487,1.16872551325747,7.744391986760319,-2.195142872680493,0.5416182338694505,0.4762502215469824,0.005466860586415879,0.8979252691829466,0.29694399158061774,true
7.425,3.40480004305582,0.01974105574734791,0.7454726516918275,1.232161367943014,-0.0003810800722551702,-0.0016600809217107854,0.038094391923769295,-0.07004552660868707,0.031951134684917774,0.0057980073712728935,0.1499678019334882,1.1663441477991718,7.777297078185183,-2.224849920443636,0.5448343253310746,0.47843232891939486,0.00525147243852178,0.875503151048378,0.2895612570119507,true
7.475,3.40480004305582,0.018973594702633448,0.7322943671574218,1.2054535291229516,-0.0003703634493129357,-0.0016256852662468874,0.03757198894767436,-0.06904485297249172,0.03147286402481735,0.0055726017571371324,0.14902351864963304,1.1639780976551475,7.810700674648268,-2.2548246437186106,0.5480366012330689,0.4805962921118799,0.005042939864050866,0.8535155715326831,0.2823205520107138,true
7.525,3.40480004305582,0.018230043850115646,0.719204674005098,1.1791488845953122,-0.00035976292319814083,-0.0015915343608664811,0.03705433199109547,-0.06805434776454947,0.031000015773453994,0.005354218638271079,0.148079735290334,1.1616277561886195,7.844609891495703,-2.2850678598793257,0.5512247716238464,0.48274203726230636,0.00484112045982958,0.8319585550575214,0.2752206060164373,true
7.575,3.40480004305582,0.017509930945528565,0.7062078359184452,1.1532466388993705,-0.00034928687935048823,-0.0015576404405145232,0.03654145678661327,-0.06707404765614966,0.030532590869536393,0.005142719315115298,0.14713654184808408,1.1592935181497512,7.879031976615989,-2.3155803281146996,0.5543985403780837,0.4848694892938958,0.004645871686788692,0.810828006162251,0.2682601087346998,true
7.625,3.40480004305582,0.016812781945030733,0.6933079462028915,1.127745829204418,-0.00033894321579600213,-0.0015240154351965386,0.036033396608988,-0.06610398486343505,0.03007058825444705,0.004937964559569613,0.14619402767166714,1.1569757794172637,7.913974311014138,-2.3463627485051872,0.5575576051156489,0.48697857187667265,0.0044570509953011025,0.7901197156917886,0.26143771214830747,true
7.675,3.40480004305582,0.016138121475646368,0.6805089286740367,1.1026453292832603,-0.0003287393362926862,-0.0014906709574701166,0.03553018229319594,-0.06514418721293397,0.029614004919738028,0.00473981475316311,0.14525228145247127,1.1546749367083826,7.949444409148297,-2.3774157613119002,0.5607016571250384,0.4890692073912781,0.004274515948238662,0.7698293669139644,0.25475203250558853,true
7.725,3.40480004305582,0.015485473297544534,0.6678145386960563,1.077943853539222,-0.00031868214597311726,-0.0014576182905810166,0.035031842254402965,-0.0641946782088768,0.02916283595447383,0.0045481300228269106,0.1443113912107499,1.1523913872569667,7.985449919015983,-2.4087399464910684,0.5638303812914028,0.4911413168950641,0.004098124341694271,0.7499525415623748,0.24820165228449848,true
7.775,3.40480004305582,0.01485436075791495,0.655228364365275,1.0536399610824043,-0.000308778049372371,-0.0014248683772656173,0.03453840250984496,-0.06325547710222851,0.028717074592383547,0.004362770374198865,0.14337144428185064,1.1501255284597987,8.021998621976586,-2.440335823446063,0.5669434560292684,0.4931948200903889,0.003927734323308622,0.7304847258011586,0.24178512213137546,true
7.825,3.40480004305582,0.014244307236189505,0.6427538278336793,1.0297320598504696,-0.0002990329507164628,-0.0013924318092391596,0.03404988670258246,-0.06232659896136571,0.028276712258783254,0.004183595822386441,0.14243252730241435,1.1478777574911572,8.059098432298194,-2.4722038510291466,0.5700405532201259,0.4952296352950908,0.0037632045081305355,0.7114213161078774,0.23550096277311022,true
7.875,3.40480004305582,0.01365483658035629,0.630394186767404,1.006218410769844,-0.00028945225633644615,-0.0013603188173871208,0.03356631612708398,-0.06140805474432323,0.02784173861723925,0.0040104665201134765,0.14149472619657827,1.1456484708858918,8.096757396415223,-2.5043444278043867,0.5731213381548589,0.49724567941497194,0.0036043940919351465,0.6927576250714432,0.22934766690175057,true
7.925000000000001,3.40480004305582,0.013085473534110654,0.6181525359348685,0.9830971319525255,-0.00028004087906598413,-0.0013285392626747848,0.03308770975657617,-0.06049985137252416,0.027412141615947988,0.0038432428831757163,0.14055812616218033,1.1434380640915875,8.134983691887392,-2.536757892581751,0.5761854694812663,0.4992428679183189,0.0034511629619182736,0.674488887101427,0.22332370103036017,true
7.975,3.40480004305582,0.012535744154582956,0.6060318089193683,0.9603662029240742,-0.00027080324447411073,-0.0012971026277878266,0.03261408427209986,-0.059601991805909776,0.02698790753380992,0.003681785713128716,0.13962281165699078,1.141246930990556,8.173785626049701,-2.5694445252312152,0.5792325991566633,0.5012211148123003,0.0033033718046814355,0.6566102640457998,0.21742750731919389,true
8.025,3.40480004305582,0.012005176220376022,0.5940347799508888,0.9380234688782565,-0.0002617432987822714,-0.0012660180095143327,0.03214545409318987,-0.05871447511937445,0.02656902102618458,0.0035259563171296643,0.1386888663849821,1.1390754633927074,8.213171634345784,-2.6024045477840554,0.5822623724057635,0.5031803326212325,0.003160882211417262,0.6391168507139958,0.2116575053711986,true
8.075,3.40480004305582,0.011493299629641875,0.5821640658518955,0.9160666449538557,-0.0002528645183134836,-0.0012352941118766864,0.031681831410106484,-0.0578372965804146,0.026155465170308118,0.003375616624853716,0.13775637328265375,1.1369240505007172,8.253150278339088,-2.6356381258260173,0.5852744276839699,0.5051204323666477,0.003023556780203678,0.6220036803024306,0.20601209399593431,true
8.125,3.40480004305582,0.010999646787918843,0.5704221280916614,0.8944933205289096,-0.00024416992032197035,-0.0012049392400189513,0.031223226217521015,-0.05697044772788885,0.025747221510367832,0.003230629302402916,0.13682541450542088,1.1347930783492337,8.293730243399148,-2.6691453701848435,0.5882683966461861,0.5070413235490893,0.00289125921531163,0.6052657297196343,0.20048965294101576,true
8.175,3.40480004305582,0.010523752985440947,0.55881127494398,0.8733009635280021,-0.00023566207505348096,-0.0011749612948536905,0.030769646349570728,-0.05611391645179191,0.02534427010222118,0.003090857863123099,0.13589607141408083,1.1326829292202398,8.334920336062616,-2.7029263389118157,0.5912439041214371,0.508942914131677,0.002763854423429677,0.5888979248083881,0.19508854459025826,true
8.225,3.40480004305582,0.01006515676362183,0.5473336637428164,0.8524869247380327,-0.00022734311889011633,-0.0011453677684692964,0.03032109751618934,-0.05526768707393985,0.02494658955775051,0.0029561667752413196,0.1349684245613687,1.1305939810370587,8.376729481071994,-2.736981039554006,0.5942005680934073,0.5108251105253587,0.0026412086067070166,0.5728951454623723,0.18980711562774835,true
8.275,3.40480004305582,0.009623400270402883,0.5359913032305853,0.8320484421278433,-0.0002192147684379337,-0.001116165740297161,0.029877583340608298,-0.054431740429459474,0.024554157088851176,0.002826421566232667,0.13404255367860912,1.128526606739863,8.41916671809839,-2.771309431710848,0.5971379996871469,0.5126878175758627,0.002523189352514924,0.5572522306349237,0.18464369866709265,true
8.325,3.40480004305582,0.009198029604146774,0.5247860559938258,0.8119826451674415,-0.00021127833542073857,-0.0010873618740355482,0.029439105397943366,-0.05360605394898249,0.024166948551039125,0.0027014889238228244,0.13311853766247497,1.1264811736459281,8.462241198157887,-2.8059114298651417,0.6000558031622781,0.5145309385524102,0.0024096657198265483,0.5419639832377323,0.17959661384517556,true
8.375,3.40480004305582,0.008788595145741276,0.5137196409808056,0.7922865591421652,-0.00020353474224977185,-0.0010589624153249117,0.02900566325476018,-0.052790601741435766,0.023784938486675587,0.002581236793527963,0.13219645456185564,1.1244580427981896,8.505962179734919,-2.840786906475557,0.6029535759128847,0.5163543751381527,0.002300508322113566,0.5270251749273362,0.17466417037976809,true
8.425,3.40480004305582,0.008394651878571226,0.5027936360959029,0.7729571094575494,-0.00019598453814549495,-0.001030973190167493,0.028577254509522768,-0.051985354677323785,0.023408100167801017,0.0024655344726314666,0.13127638156484325,1.122457568305975,8.550339024629066,-2.8759356953142405,0.6058309084745013,0.5181580274224445,0.0021955894066591503,0.5124305507775562,0.1698446680904238,true
8.475,3.40480004305582,0.008015759696004368,0.49200948086536045,0.7539911259304746,-0.00018862791569452568,-0.0010033996040817832,0.02815387483383409,-0.051190280472400915,0.023036405638566824,0.0023542527004934465,0.13035839498583554,1.120480096682054,8.595381193545709,-2.9113575950300996,0.6086873845384839,0.5199417938949684,0.002094782930186996,0.4981748338360233,0.16513639888210174,true
8.525,3.40480004305582,0.007651483696033225,0.48136847916930825,0.7353853470624762,-0.00018146472773217888,-0.0009762466419806388,0.02773551801437308,-0.05040534377163088,0.022669825757257803,0.002247263745087947,0.12944257025277078,1.1185259661803382,8.641098241452722,-2.947052372915132,0.6115225809741015,0.5217055714417761,0.001997964630708841,0.484252729563408,0.16053764819110733,true
8.575,3.40480004305582,0.007301394462708539,0.47087180203474555,0.717136424290908,-0.00017449450444846016,-0.0009495188687600308,0.027322175995434125,-0.049630506233329486,0.02230833023789536,0.0021444414856607885,0.12852898189447826,1.1165955061388064,8.68749981273116,-2.9830197688484534,0.6143360678588987,0.5234492553434237,0.001905012095494717,0.47065893015362276,0.15604669639283136,true
8.625,3.40480004305582,0.0069650683340011545,0.46052049048437727,0.6992409262139656,-0.00016771647062248818,-0.0009232204305835018,0.02691383892198577,-0.04886572661339403,0.021951887691408257,0.0020456614914014103,0.12761770352815732,1.1146890363321729,8.734595636147223,-3.019259499390795,0.6171274085175883,0.5251727392752025,0.0018158048250737978,0.45738811873394253,0.15166182017098723,true
8.675,3.40480004305582,0.0066420876557375975,0.45031545843622034,0.6816953427856041,-0.00016112956289796737,-0.000897355056845902,0.02651049518316148,-0.048110960849520906,0.021600465666359425,0.0019508010960245115,0.12670880784698593,1.112806866339028,8.782395519677355,-3.055771261998992,0.6198961595700435,0.5268759153096563,0.0017302242931809331,0.44443497344395644,0.1473812938480357,true
8.725,3.40480004305582,0.006332041021260498,0.4402574956488924,0.6644960894763963,-0.00015473244701934784,-0.000871926062798299,0.026112131456098496,-0.04736616214531422,0.021254030689215726,0.0018597394681590372,0.12580236660784377,1.110949294927988,8.830909345219904,-3.092554739329957,0.6226418709888487,0.528558673921503,0.001648154002566927,0.4317941713922369,0.14320339067647528,true
8.775,3.40480004305582,0.006034523496486741,0.4303472707076813,0.6476395113967135,-0.00014852353495539873,-0.0008469363528145852,0.02571873275005452,-0.04663128105419756,0.02091254830414304,0.0017723576774484337,0.1248984506191708,1.1091166094673546,8.88014706322638,-3.1296096036010255,0.6253640861668651,0.5302209039950733,0.0015694795366021639,0.4194603924903044,0.1391263840909031,true
8.825,3.40480004305582,0.005749136830056798,0.420585334046488,0.6311218873785529,-0.00014250100184389066,-0.0008223884242789924,0.025330282450721137,-0.04590626556303433,0.020575983112313193,0.0016885387562721385,0.12399712972893483,1.1073090853626224,8.930118687289509,-3.1669355209739414,0.6280623419954722,0.5318624928345046,0.0014940886066094558,0.40742832316298233,0.1351485489205864,true
8.875,3.40480004305582,0.00547548964829809,0.41097212100078273,0.6149394340124499,-0.00013666280269741113,-0.0007982843720724031,0.02494676236466424,-0.04519106117537065,0.020244298810706413,0.0016081677570069044,0.1230984728127299,1.1055269855258514,8.980834288721788,-3.2045321559290314,0.630736168953798,0.5334833261767113,0.0014218710948748214,0.3956926599350895,0.13126816256256446,true
8.925,3.40480004305582,0.005213197634762828,0.4015079548870342,0.5990883096363665,-0.00013100668881679744,-0.0007746258936343958,0.024568152763827768,-0.04448561099421796,0.019917458230390192,0.0015311318047576048,0.1222025477619793,1.103770559880745,9.032303991162445,-3.2423991755966752,0.6333850912099337,0.5350832882075643,0.0013527190932955374,0.3842481128939459,0.12748350611513812,true
8.975,3.40480004305582,0.004961883694139866,0.39219305010381644,0.5835646182731022,-0.00012553022386468886,-0.0007514142945768661,0.024194432430033663,-0.04378985580429185,0.019595423374258188,0.0014573201454986349,0.12130942147226785,1.1020400449067247,9.084537965245003,-3.2805362540142986,0.6360086267341878,0.5366622615811444,0.0012865269376388152,0.3730894090280173,0.12379286547188259,true
9.025,3.40480004305582,0.004721178100389704,0.3830275152502417,0.5683644135133996,-0.000120230799557247,-0.0007286504948242952,0.023825578699419724,-0.043103734153630335,0.019278155454210612,0.001386624189581609,0.12041915983176765,1.1003356632251475,9.137546423363013,-3.318943076277945,0.6386062874255821,0.5382201274426222,0.0012231912373984544,0.362211295441418,0.12019453237610925,true
9.075,3.40480004305582,0.0044907186290033515,0.37401135625727194,0.5534837023417439,-0.00011510565093756735,-0.000706335035254909,0.023461567506759012,-0.04242718243451614,0.018965614927757127,0.001318937550580185,0.11953182770979036,1.0986576232301035,9.191339614562901,-3.3576193425596235,0.6411775792517305,0.539756765454676,0.0011626109012528429,0.35160854244504025,0.11668680543604655,true
9.125,3.40480004305582,0.00427015067334195,0.3651444795276725,0.5389184489022424,-0.00011015187119937625,-0.0006844680848164778,0.023102373429607935,-0.0417601349636319,0.018657761534023966,0.0012541560794593607,0.11864748894543355,1.0970061187659865,9.245927819597632,-3.3965647719637113,0.6437220024031517,0.5412720538279107,0.001104687158142744,0.34127594652441795,0.11326799110078159,true
9.175,3.40480004305582,0.00405912734507396,0.3564266950804765,0.5246645782019943,-0.00010536642603430702,-0.0006630494480898762,0.022747969732233107,-0.04110252406137989,0.01835455432914678,0.0011921778940741786,0.11776620633634022,1.0953813288533896,9.301321346167686,-3.4357791061980865,0.6462390514623844,0.5427658693553227,0.0010493235740048521,0.33120833318523607,0.1099364045972648,true
9.225,3.40480004305582,0.0038573095587897,0.3478577196959537,0.5107179797495932,-0.00010074616748051875,-0.0006420785732732057,0.022398328409273152,-0.04045428013030271,0.018055951721029556,0.0011329034040212685,0.11688804162756099,1.0937834174644405,9.357530524376052,-3.475262113038754,0.6487282155888051,0.5442380874511843,0.0009964260642131048,0.3214005596771845,0.10669037082860179,true
9.275,3.40480004305582,0.003664366100935665,0.3394371800571816,0.4970745111265441,-9.628784725458526e-5,-0.000621554560558994,0.022053420229090653,-0.039815331732543584,0.01776191150345293,0.0010762353308850653,0.11601305550051312,1.0922125333482733,9.414565702421676,-3.515013589569004,0.6511889787197559,0.5456885821945384,0.0009459029017974163,0.31184751759707596,0.10352822523392209,true
9.325,3.40480004305582,0.0034799736832761673,0.3311646158845528,0.48373000148961787,-9.198812955241284e-5,-0.0006014761708767738,0.021713214776774244,-0.03918560566628827,0.01747239088951403,0.0010220787239396528,0.11514130756205251,1.090668809906674,9.472437242549859,-3.5550333651780646,0.6536208197886557,0.5471172263775422,0.000897664721525479,0.30254413537252595,0.10044831461023207,true
9.375,3.40480004305582,0.003303816981151254,0.32303948305954777,0.4706802550021942,-8.784360330854014e-5,-0.0005818418349733106,0.02137768049675565,-0.03856502704113617,0.017187346544380522,0.0009703409713852291,0.11427285633363879,1.0891523651196666,9.531155517279654,-3.5953213043069017,0.6560232129608803,0.5485238915589641,0.0008516245199494428,0.29348538062723,0.09744899789656662,true
9.425,3.40480004305582,0.003135588656863975,0.3150611567343563,0.45792105419294715,-8.385079390646458e-5,-0.0005626496628027074,0.021046784735004813,-0.03795351935234916,0.01690673461734435,0.0009209318072170173,0.11340775924060201,1.087663301520267,9.590730905922564,-3.6358773089320424,0.6583956278882278,0.5499084481231625,0.000807697651534947,0.2846662624293253,0.09452864692089426,true
9.475,3.40480004305582,0.0029749893685866377,0.30722893442404736,0.44544816324034014,-8.000617433567488e-5,-0.0005438974531988034,0.02072049378077517,-0.03735100455393353,0.01663051077315836,0.0008737633138410602,0.11254607260152062,1.0862017062172191,9.651173791403746,-3.6767013207814947,0.6607375299823641,0.5512707653446297,0.0007658018210043243,0.2760818334244378,0.09168564711026397,true
9.525,3.40480004305582,0.0028217277652320795,0.2995420390780633,0.4332573311815086,-7.630617579386607e-5,-0.0005255827038023763,0.020398772907871593,-0.03675740313051297,0.016358630222641377,0.0008287499205678959,0.11168785161769512,1.0847676509642477,9.71249455739718,-3.7177933232799827,0.6630483807083905,0.5526107114586288,0.0007258570720386463,0.2677271918548725,0.08891839816462714,true
9.575000000000001,3.40480004305582,0.002675520467787804,0.29199962212806274,0.4213442950443602,-7.274719773536087e-5,-0.000507702621215998,0.020081586415413386,-0.03617263416795372,0.016091047752540336,0.0007858083981303392,0.1108331503627324,1.0833611922739912,9.774703585780873,-3.7591533432230526,0.6653276378989628,0.5539281537380457,0.0006877857724960476,0.25959748346682876,0.08622531469490224,true
9.625,3.40480004305582,0.0025360920376553916,0.2846007665092002,0.4097047829018082,-6.932561736911447e-5,-0.0004902541313596997,0.019768897668071547,-0.035596615422707596,0.01582771775463605,0.0007448578493846705,0.10998202177223627,1.0819823715744925,9.837811254417463,-3.8007814521830454,0.6675747560898179,0.5552229585768255,0.000651512596313424,0.25168790330741414,0.08360482682581054,true
9.675,3.40480004305582,0.002403174932580527,0.27734448965208147,0.3983345168471788,-6.603779861174382e-5,-0.00047323389000103857,0.01946066913576066,-0.0350292633898435,0.015568594254082843,0.0007058196963671525,0.10913451763361978,1.0806312154059314,9.901827935262107,-3.842677767651383,0.6697891868771974,0.5564949915801737,0.0006169645022685562,0.24399369741351348,0.08105538076409866,true
9.725,3.40480004305582,0.002276509450792617,0.27022974644283293,0.3872292158900893,-6.288010050292499e-5,-0.00045663829343355923,0.019156862432768568,-0.034470493369740556,0.015313630936971988,0.0006686176638876689,0.1082906885760256,1.079307735655145,9.966763992800875,-3.8848424539244433,0.6719703792982449,0.5577441176620404,0.0005840707097862697,0.23651016439437256,0.07857543933269602,true
9.775,3.40480004305582,0.0021558436640028984,0.263255432148755,0.3763845987720631,-5.98488850922142e-5,-0.0004404634892782545,0.01885743835630941,-0.03392021953342122,0.015062781177111809,0.0006331777598510664,0.10745058406037578,1.0780119298252688,10.032629782817569,-3.9272757227417103,0.6741177802345157,0.5589702011498832,0.0005527626719787228,0.22923265691015562,0.0761634824714839,true
9.825000000000001,3.40480004305582,0.002040933339932759,0.25642038530727707,0.36579638670143433,-5.694052480786216e-5,-0.00042470538738315533,0.01856235692448653,-0.033378354986505335,0.014815998062018804,0.0005994282525034904,0.10661425236954519,1.0767437813378524,10.099435651489207,-3.9699778336864506,0.6762308348398192,0.5601731058973408,0.0005229740461137395,0.2221565830485498,0.07381800770528826,true
9.875,3.40480004305582,0.0019315418550617728,0.24972339057600856,0.35546030600713197,-5.415140931951026e-5,-0.0004093596707967816,0.01827157741365689,-0.03284481183177153,0.014573234418114638,0.0005672996448062211,0.10578174059867781,1.0755032598646375,10.167191934806189,-4.0129490943607,0.678308986992416,0.5613526954047758,0.0004946406617077579,0.2152774076017621,0.07153753057979856,true
9.925,3.40480004305582,0.001827440098294434,0.2431631815417778,0.34537209071102737,-5.147795190779893e-5,-0.0003944218067919113,0.01798505839518831,-0.03231950123031534,0.014334442835127026,0.0005367246461423033,0.10495309464563878,1.0742903216863922,10.23590895831706,-4.056189860346322,0.6803516797726245,0.5625088329482515,0.00046770048644127337,0.20859065324607848,0.06932058506605353,true
9.975,3.40480004305582,0.0017284063662520032,0.23673844348679232,0.33552748501876994,-4.8916595354947495e-5,-0.0003798870579167686,0.01770275777160508,-0.03180233346129841,0.01409957568969333,0.0005076381415634476,0.10412835920162161,1.0731049100759589,10.305597037192603,-4.099700534966203,0.6823583559661069,0.5636413817170843,0.0004420935900935864,0.20209190162641927,0.06716572393422354,true
10.025,3.40480004305582,0.0016342262508940728,0.23044781611004803,0.3259222457289741,-4.646381737119648e-5,-0.00036575049305148785,0.017424632812119492,-0.03129321798028685,0.013868585168167358,0.00047997715878414667,0.10330757774192136,1.0719469557030548,10.37626647660782,-4.143481568857314,0.6843284585933739,0.5647502049602787,0.00041776210669312695,0.19577679434827772,0.06507151909740311,true
10.075000000000001,3.40480004305582,0.0015446925201705142,0.22428989620234455,0.31655214456088065,-4.411613557269236e-5,-0.0003520069984484578,0.01715064018755004,-0.030792063476181852,0.013641423288631813,0.0004536808331287928,0.10249079251686598,1.0708163770581867,10.447927572439955,-4.187533459370865,0.6862614314660457,0.5658351661421814,0.00039465019507482313,0.18964103387931744,0.06303656192609088,true
10.125,3.40480004305582,0.0014596049923939467,0.21826324027331523,0.3074129704005975,-4.187011202699214e-5,-0.0003386512887359708,0.01688073600462666,-0.030298777926747802,0.013418041922121142,0.00042869037063449577,0.10167804454294918,1.0697130808933375,10.52059061227802,-4.231856749810995,0.6881567197699866,0.5668961291074698,0.0003727039980338678,0.18368038436331421,0.06105946353417183,true
10.175,3.40480004305582,0.0013787704050095269,0.21236636712905993,0.2985005314662022,-3.972235738279243e-5,-0.0003256779178653583,0.016614875839688386,-0.0298132686527495,0.013198392813061115,0.000404949009508375,0.10086937359414508,1.0686369626771648,10.594265876745698,-4.276452028526065,0.6900137706758946,0.5679329582558843,0.00035187160025825935,0.1778906723486581,0.05913885503706251,true
10.225,3.40480004305582,0.0013020022784207652,0.2065977603990215,0.2898106573920073,-3.766953460083615e-5,-0.00031308128998266016,0.016353014771777766,-0.029335442370711663,0.012982427598933897,0.0003824019801327932,0.10006481819344784,1.0675879070625478,10.668963641133688,-4.321319927864179,0.6918320339772995,0.5689455187267832,0.0003321029852177278,0.17226778743411122,0.05727338778284075,true
10.275,3.40480004305582,0.0012291207755098714,0.20095587101091916,0.2813392012324124,-3.5708362303150755e-5,-0.000300855670206713,0.016095107415138983,-0.02886520524431891,0.012770097829179927,0.00036099646380605984,0.09926441560463559,1.0665657883645927,10.7446941773441,-4.366461123004548,0.6936109627561594,0.5699336765937657,0.00031334999117926853,0.16680768283418848,0.055461733557075614,true
10.325000000000001,3.40480004305582,0.001159952557466643,0.19543911961262778,0.2730820413858418,-3.383561775789855e-5,-0.00028899519529637554,0.015841107951128832,-0.028402462934478248,0.012561354983349416,0.00034068155039894253,0.09846820182425506,1.0655704710473686,10.821467756151238,-4.411876330675728,0.6953500140766814,0.5708972990698736,0.0002955662665120944,0.16150637586652566,0.05370258476207441,true
10.375,3.40480004305582,0.0010943306365156788,0.19004589894002072,0.2650350834393279,-3.204813951716236e-5,-0.00027749388419049835,0.015590970159550722,-0.02794712064806934,0.012356150488518618,0.00032140819510020717,0.09767621157390848,1.0646018102175376,10.8992946497724,-4.457566307769937,0.6970486497060023,0.5718362547228182,0.00027870722443769396,0.15635994836416198,0.051994654571454066,true
10.425,3.40480004305582,0.001032094226102736,0.18477457612988096,0.2571942619343821,-3.0342829724896485e-5,-0.00026634564840510963,0.01534464744942611,-0.02749908318541327,0.012154435735987158,0.00030312917441590134,0.09688847829277487,1.0636596521237676,10.978185134765258,-4.503531849862596,0.6987063368632923,0.5727504137013293,0.00026272999737136606,0.151364547014637,0.05033667706060613,true
10.475,3.40480004305582,0.0009730885890734069,0.1796234949771114,0.24955554205487565,-2.8716656112147195e-5,-0.0002555443022731488,0.015102092889215352,-0.02705825498649203,0.011956162097276679,0.0002857990415789752,0.09610503413045196,1.062743834660335,11.058149495246813,-4.549773789644963,0.7003225489957029,0.5736396479720193,0.00024759339099406384,0.14651638362883618,0.048727407313970655,true
10.525,3.40480004305582,0.0009171648843468599,0.17459097813557356,0.24211492123770817,-2.716665369678042e-5,-0.00024508357301298786,0.014863259236439373,-0.026624540175923386,0.011761280939484012,0.00026937408151689904,0.09532590994011622,1.06185418787394,11.139198026444198,-4.596292995275926,0.701896766581482,0.5745038315672463,0.00023325783818448848,0.1418117353418851,0.04716562150982875,true
10.575000000000001,3.40480004305582,0.0008641800125527769,0.16967532926096282,0.23486843070619312,-2.5689926227079708e-5,-0.00023495711061513927,0.014628098935977999,-0.02619784259131011,0.011569743655332112,0.0002538122655147679,0.09455113527002985,1.0609905344845323,11.221341038946123,-4.6430903686316904,0.7034284780802246,0.5753428409099555,0.00021968535293110858,0.13724694473700005,0.04565011697952798,true
10.625,3.40480004305582,0.0008139964423431231,0.16487483626135896,0.22781213738820913,-2.4283638037581886e-5,-0.00022515843103041973,0.014396562186013925,-0.02577806275132368,0.011381500565309757,0.0002390732002025465,0.0937807380899695,1.0601526874822829,11.30458886413556,-4.690166887956726,0.7049171954168119,0.5761565630702273,0.00020683947419728257,0.13281841839124878,0.044179711745339585,true
10.675,3.40480004305582,0.0007664818895273457,0.16018778545387513,0.22094215163538947,-2.2944953234604453e-5,-0.000215680447551589,0.014168585794569033,-0.025365076812672555,0.011196491018103522,0.00022511803331611377,0.09301474291523482,1.0593404242507354,11.388951805372638,-4.7375239874698325,0.706362567014341,0.5769449570762789,0.0001946851425071691,0.12852261663270628,0.04275324115947443,true
10.725,3.40480004305582,0.0007215097001176765,0.1556124265028599,0.21425460882906264,-2.1671260930605667e-5,-0.00020651712229866352,0.013944133015351764,-0.024958808179750873,0.011014675164399109,0.00021190956619881822,0.09225317653335585,1.058553572666749,11.474440365573853,-4.78516235344631,0.7077640314869292,0.577707864704306,0.0001831889189764444,0.12435608619278997,0.04136956868604879,true
10.775,3.40480004305582,0.0006789583283472546,0.15114699950323401,0.2077456868951681,-2.0459991743807782e-5,-0.0001976622141432997,0.013723163434640154,-0.0245591741881674,0.010836010753527248,0.00019941210049383314,0.09149606492908496,1.057791949220926,11.561064948976542,-4.833082724615668,0.7091210345473195,0.578445129210729,0.00017231874433829236,0.1203154412378543,0.04002757968511905,true
10.825000000000001,3.40480004305582,0.0006387110455478186,0.14678974362785208,0.20141160635951916,-1.9308602726361532e-5,-0.00018910912452434442,0.013505628911073911,-0.024166078183502294,0.010660449272428383,0.00018759135264065997,0.09074343100513094,1.0570553467788717,11.64883601016918,-4.8812861527803895,0.7104331176395495,0.5791566431440011,0.000162043848211708,0.11639735119220528,0.03872617739239817,true
10.875,3.40480004305582,0.0006006560095060967,0.14253888656999109,0.19524862868828713,-1.8214629337780523e-5,-0.000180851288606008,0.013291482346619653,-0.02377942600871544,0.010487943662095787,0.00017641447424530864,0.08999529732862288,1.0563435601625306,11.737763988991922,-4.929773588251317,0.7116997947010154,0.5798422810618123,0.00015233479240765846,0.11259855555969826,0.037464287837806365,true
10.925,3.40480004305582,0.0005646859398875702,0.13839265561474545,0.1892530567563172,-1.7175670337746514e-5,-0.00017288205010035764,0.013080674247033415,-0.0233991198126508,0.010318445565617385,0.0001658499567512818,0.08925168334384227,1.0556563735500466,11.827859531602654,-4.9785461719317805,0.7129206577742333,0.5805019565388873,0.0001431633716497077,0.10891584940150555,0.03624085504748668,true
10.975,3.40480004305582,0.0005306981087006704,0.1343492737753324,0.18342123991157583,-1.6189396004723954e-5,-0.00016519473941492568,0.012873155275925346,-0.02302506163278777,0.010151906356862424,0.00015586762863888096,0.08851260813473188,1.0549935662834005,11.919133200521141,-5.027605028192378,0.7140952918691394,0.5811355757809664,0.0001345026142488713,0.10534609734055222,0.0350548457095971,true
11.025,3.40480004305582,0.0004985941663067008,0.1304069607211794,0.17774957046987838,-1.5253550594673052e-5,-0.00015778270279146101,0.01266887635562865,-0.02265715417793487,0.00998827782230622,0.00014643860432379777,0.08777808932775015,1.0543549174307294,12.011595667045418,-5.076951275452113,0.7152232962330093,0.5817430489794033,0.0001263267333750509,0.10188622753196742,0.033905247184425065,true
11.075000000000001,3.40480004305582,0.0004682799866104785,0.12656393531903226,0.17223448577053155,-1.4365950183072108e-5,-0.0001506393014545801,0.012467788494323544,-0.0222953004962584,0.009827512001934855,0.00013753523868914063,0.08704814318632186,1.05374020386722,12.105257680359085,-5.126586045351766,0.7163042874181605,0.5823242917756929,0.0001186110824308667,0.09853323177170033,0.03279106755890078,true
11.125,3.40480004305582,0.000439665524893002,0.12281841724725054,0.1668724690867971,-1.3524481553962819e-5,-0.00014375791453392352,0.01226984270842138,-0.021939403817750232,0.009669561109328852,0.00012913108533046206,0.08632278461641851,1.0531492006747887,12.200130074053249,-5.176510481106754,0.7173379009676599,0.5828792259767164,0.00011133211435776823,0.09528416510619875,0.03171133553308296,true
11.175,3.40480004305582,0.0004126646772737905,0.11916862842632034,0.16166005017609847,-1.2727101500841855e-5,-0.0001371319452207074,0.012074989952548364,-0.021589367513342964,0.0095143775607946,0.0001212008552794256,0.08560202710832406,1.0525816819741207,12.296223787342605,-5.226725734656951,0.7183237941435012,0.58340778082927,0.0001044673417885593,0.09213614512159841,0.03066510019951446,true
11.225,3.40480004305582,0.0003871951452594317,0.11561279406505001,0.15659380487090807,-1.1971836337332748e-5,-0.0001307548274474662,0.01188318074725461,-0.021245094927180727,0.009361914179926116,0.00011372037722130746,0.08488588242080963,1.0520374239917745,12.393549951880683,-5.277232953620191,0.7192616544409272,0.5839098973880164,9.799529858966178e-5,0.08908635015181196,0.029651430461646214,true
11.275,3.40480004305582,0.0003631782709438843,0.11214914595964952,0.1516703550720831,-1.1256779554368015e-5,-0.00012462002484462357,0.011694365039102018,-0.020906489021784276,0.009212123982682258,0.0001066665490928303,0.08417435966976798,1.0515162039659085,12.492120024330527,-5.3280333559242825,0.7201512323730258,0.5843855458286623,9.189549298045588e-5,0.08613201519640304,0.028669413692791603,true
11.325000000000001,3.40480004305582,0.00034053895625533006,0.10877592156000265,0.1468863698504333,-1.0580094511688735e-5,-0.00011872104758045663,0.011508491330833395,-0.020573452377396665,0.00906496104656327,0.00010001731436472115,0.08346746602066477,1.0510178087290918,12.591945806392184,-5.3791280923725395,0.720992322260047,0.5848347149006323,8.614838567744232e-5,0.08327043477699816,0.027718156696608237,true
11.375,3.40480004305582,0.0003192054891786384,0.1054913650612567,0.14223855053577067,-9.940017773346574e-6,-0.00011305146783074731,0.011325503676220771,-0.020245886096835593,0.008920382420614822,9.37516110027273e-5,0.08276520037260057,1.050542067232264,12.693040825163592,-5.430518270291399,0.7217849263377192,0.5852574992127021,8.07353398325701e-5,0.08049893803164875,0.026796777426195233,true
11.425,3.40480004305582,0.0002991093587160011,0.10229373287710208,0.13772361984508724,-9.334858827348523e-6,-0.00010760491550960055,0.011145337488080442,-0.019923687326989244,0.008778349838908801,8.78493171209988e-5,0.08206754602508257,1.050088882180128,12.795421979099824,-5.482205081194511,0.7225294811924211,0.585654219178202,7.563856693057419e-5,0.07781486359028998,0.025904396632227326,true
11.475,3.40480004305582,0.0002801850956117817,0.09918130049246605,0.13333830780611594,-8.763002609411514e-6,-0.00010237507273091762,0.01096791434299823,-0.019606746199957427,0.008638831856959198,8.229120420249836e-5,0.08137446033698773,1.0496582849137652,12.899112087096158,-5.534189882443223,0.7232271848498659,0.5860255939063801,7.084107980818053e-5,0.07521552728077227,0.025040127118024075,true
11.525,3.40480004305582,0.00026237022252064725,0.09615236085401042,0.12907932013460283,-8.222920766842898e-6,-9.735570014027906e-5,0.010793133267233856,-0.01929494240512967,0.008501809137895812,7.705892246323195e-5,0.0806858582102593,1.049250565883807,13.004144581936089,-5.586473814798933,0.7238804655739428,0.5863729886798937,6.63266751712267e-5,0.07269817293217047,0.02420305734662195,true
11.575000000000001,3.40480004305582,0.0002456049141565155,0.09320523619136953,0.12494328582211481,-7.713163779926438e-6,-9.254064811967377e-5,0.010620865774530908,-0.018988143023506203,0.008367277248975295,7.213490103697374e-5,0.08000157959615044,1.0488664176473095,13.110571352990878,-5.639058436471152,0.7244939217697635,0.5866989116975556,6.2079829769349e-5,0.07025987518428584,0.023392219089231392,true
11.625,3.40480004305582,0.0002298320417067551,0.09033828314092673,0.12092677540638885,-7.2323507478174645e-6,-8.792386485225514e-5,0.010450956427459631,-0.018686203151589777,0.008235246724130146,6.750236101985009e-5,0.079321386818704,1.0485069937796845,13.218465231528786,-5.691945442812825,0.7250745192109365,0.5870071148131556,5.808571304738469e-5,0.06789756046281836,0.022606594410338673,true
11.675,3.40480004305582,0.0002149970069519203,0.08754989541855936,0.11702629037533137,-6.779143387922715e-6,-8.34994026048967e-5,0.010283234411192624,-0.01838897206290592,0.008105737651713296,6.31452667508074e-5,0.07864495129447441,1.0481739682931925,13.3279244381303,-5.745137154640882,0.7256319853604609,0.5873027989879822,5.4330136861681645e-5,0.0656079917450634,0.02184511061153914,true
11.725,3.40480004305582,0.0002010478968660836,0.08483849502223254,0.11323837261639941,-6.352210429317119e-6,-7.926142197322385e-5,0.010117538649207947,-0.018096306214440923,0.007978767565232976,5.9048371218194186e-5,0.07797190125134511,1.0478692971009647,13.439063050715179,-5.79863637596288,0.7261775540574316,0.5875919451685141,5.079961305113439e-5,0.06338795630126946,0.021106702786901493,true
11.775,3.40480004305582,0.0001879354943075726,0.08220251754126516,0.10955971246502794,-5.950197178675896e-6,-7.52041855235793e-5,0.009953749774583798,-0.017808085232863587,0.00785433545827979,5.519721919966255e-5,0.07730188046360878,1.0475948627193317,13.551997136893783,-5.8524467266180675,0.726722272246846,0.587880416193845,4.748137464958689e-5,0.06123446224084094,0.020390379329973247,true
11.825000000000001,3.40480004305582,0.00017561348062912127,0.07964038770727402,0.1059873141990933,-5.571721292380745e-6,-7.132204567287192e-5,0.009791815593536545,-0.017524224322560924,0.007732408729024379,5.157820676937831e-5,0.07663464833967727,1.047351931333722,13.66681982660655,-5.906572007219889,0.7272741248815753,0.5881724369494525,4.436346310647539e-5,0.05914503328186126,0.019695320152444375,true
11.875,3.40480004305582,0.00016403831040260415,0.07715050229991349,0.1025185447660975,-5.215401091096434e-6,-6.760942817421727e-5,0.009631755526671806,-0.01724467569722484,0.007612920170553036,4.817854450429905e-5,0.07597013077167243,1.0471408333844292,13.783586032405314,-5.9610160205809715,0.7278364127594664,0.5884697432249552,4.143471122356413e-5,0.05711780848813786,0.019020909937393624,true
11.925,3.40480004305582,0.00015316909980186543,0.07473122603157903,0.09915111767455559,-4.87991277918926e-6,-6.406081965673962e-5,0.009473636904151393,-0.016969415846757346,0.007495778942605953,4.498622470187577e-5,0.07530843468009035,1.0469609098454158,13.902306086866599,-6.015781526718631,0.7284072343580971,0.5887713176766805,3.8684718318976326e-5,0.055151515252500116,0.018366729143225246,true
11.975,3.40480004305582,0.00014296717182001628,0.07238090835119423,0.09588289801624406,-4.564044027721164e-6,-6.0670766147334295e-5,0.009317533656382566,-0.016698424332904707,0.0073808906765221415,4.198988780900706e-5,0.07464975562792127,1.0468110300314646,14.022966602183029,-6.070870107430452,0.7289819770970635,0.5890747155210858,3.610369870609901e-5,0.0532451350202532,0.01773244264255448,true
12.025,3.40480004305582,0.00013339573280802592,0.07009791143363743,0.09271173542607548,-4.266714302905486e-6,-5.7433881443648475e-5,0.009163490943266447,-0.01643166604378602,0.0072681751005195736,3.917872742045162e-5,0.07399427938616288,1.0466901784767546,14.14555540184757,-6.126281994821555,0.7295561778599111,0.5893775787004861,3.3682361183990804e-5,0.051397598113504514,0.017117698047894266,true
12.075000000000001,3.40480004305582,0.00012441957445441076,0.06788063396687599,0.0896353276454667,-3.986955728147469e-6,-5.434486225226669e-5,0.009011512795855334,-0.016169085479613925,0.007157572683758591,3.654240274936785e-5,0.07334208915365092,1.0465979795420923,14.270086816718301,-6.182016706778493,0.73012823288779,0.5896790631952673,3.141179672958986e-5,0.04960753899892172,0.016522044182538168,true
12.125,3.40480004305582,0.0001160050438354947,0.06572751928319684,0.0866512549460614,-3.7238701258316453e-6,-5.139850081249347e-5,0.008861575752768625,-0.015910614098344485,0.00704903834557586,3.407102983098524e-5,0.07269316837994005,1.0465346711738706,14.396602796345656,-6.23807352096741,0.7306994419816321,0.5899798561036491,2.9283465573262862e-5,0.047873342577454306,0.015944946516639604,true
12.175,3.40480004305582,0.00010812009519648775,0.06363704658090223,0.08375707370493507,-3.476595353413655e-6,-4.858969238506327e-5,0.008713650631138423,-0.015656181564709746,0.006942530933571323,3.175519673086282e-5,0.07204745036124481,1.0465008034462138,14.525160823860869,-6.294451702037313,0.7312726092262954,0.5902814334527509,2.7289222185626803e-5,0.04619330662859926,0.015385841305303969,true
12.225,3.40480004305582,0.00010073432180801605,0.06160771786236169,0.08095041487397447,-3.244292070007037e-6,-4.591343643886491e-5,0.008567717030530369,-0.015405722993093684,0.006838005962563315,2.958597290124757e-5,0.07140488122075726,1.0464968473336846,14.65581665346248,-6.351150578407276,0.7318502106250707,0.5905850940204587,2.542134085968886e-5,0.0445658150279856,0.014844193317524646,true
12.275,3.40480004305582,9.381894018688135e-5,0.059638050554636536,0.07822901251607098,-3.0261530555692404e-6,-4.336483623786639e-5,0.008423760836771262,-0.015159177551446024,0.006735416714674761,2.7554904546664222e-5,0.07076544402117901,1.0465230703251667,14.788617308922111,-6.408169071038608,0.7324336786443945,0.5908915843273087,2.3672520416070023e-5,0.04298939033778802,0.014319513364117518,true
12.325000000000001,3.40480004305582,8.734662409931425e-5,0.05772657974170629,0.07559064534073237,-2.8214103301256465e-6,-4.093909988566832e-5,0.008281766797984109,-0.014916484702030275,0.006634717904046166,2.5653965870172024e-5,0.0701291242976885,1.0465797262567529,14.92361036499138,-6.465505997458921,0.7330243600603922,0.5912016033691233,2.2035834141417978e-5,0.04146259884055687,0.01381132666375188,true
12.375,3.40480004305582,8.129145107412988e-5,0.05587186381257686,0.07303312579773949,-2.6293361765808235e-6,-3.8631541794133825e-5,0.008141714334856621,-0.014677582114408134,0.006535867779551513,2.3875543364117946e-5,0.06949589955107816,1.0466671390702484,15.060847414471816,-6.523159839042886,0.7336238821614944,0.5915159946984132,2.050471319723308e-5,0.03998402469912473,0.01331916423639548,true
12.425,3.40480004305582,7.562880282364171e-5,0.05407248530607524,0.0705542718900298,-2.4492374926272845e-6,-3.643758559608202e-5,0.008003579778861361,-0.014442406959608602,0.006438827180747241,2.221240656345992e-5,0.06886571914459441,1.0467858151596436,15.200390385261963,-6.581129050417115,0.7342347044906067,0.5918360346662703,1.907291590430511e-5,0.038552226602063006,0.012842548465017176,true
12.475,3.40480004305582,7.033535418440438e-5,0.052327049998355746,0.068151953638148,-2.2804503997214398e-6,-3.435276467845998e-5,0.007867340891091382,-0.01421089816184214,0.006343557270750758,2.0657704797629803e-5,0.06823853478271423,1.0469362521538095,15.34230263717522,-6.639412016814843,0.7348592599110361,0.5921629809257593,1.77345304736031e-5,0.03716581172820224,0.01238101774959879,true
12.525,3.40480004305582,6.53890247274451e-5,0.050634186022573774,0.06582409245299309,-2.1223418626317362e-6,-3.2372722534327014e-5,0.007732975816481231,-0.013982995862565462,0.00625002004608423,1.9204952978313e-5,0.06761430138269142,1.0471189446543088,15.486648878137498,-6.698006872575988,0.7354999260153079,0.5924980573263882,1.648396334467409e-5,0.03582343560044578,0.011934126463335483,true
12.575000000000001,3.40480004305582,6.076890529501474e-5,0.048992543201335684,0.06356864731820654,-1.9743090132424076e-6,-3.0493213700122005e-5,0.007600462345218089,-0.01375864111113254,0.00615817876591445,1.7848010023071554e-5,0.06699296817780717,1.0473344358996883,15.633498028030946,-6.756911604496823,0.736159267570346,0.5928425804110207,1.5315918783245372e-5,0.034523781585957605,0.011501438128145516,true
12.625,3.40480004305582,5.645520509499969e-5,0.04740079442275526,0.06138361963499091,-1.8357778920855655e-6,-2.871010413028728e-5,0.007469777772306031,-0.01353777582003018,0.006067998047724148,1.658106331681403e-5,0.06637448124634306,1.0475832980639528,15.78292256893036,-6.816124110363174,0.7368399852721954,0.5931979319032745,1.422538563797882e-5,0.03326556641296832,0.011082527259413314,true
12.675,3.40480004305582,5.242920328470459e-5,0.04585763658904472,0.059267048832799187,-1.706202793372592e-6,-2.701937150039645e-5,0.007340898530322335,-0.01332034262794457,0.005979444097622235,1.539861449180704e-5,0.06575877950201717,1.047866165888706,15.935000220868798,-6.87564212011302,0.7375450475235261,0.5935656266665155,1.320762429742019e-5,0.032047532033507416,0.010676976659126812,true
12.725,3.40480004305582,4.867319832336569e-5,0.04436178950387486,0.05721701016594816,-1.5850646343396516e-6,-2.5417105724471838e-5,0.007213800920116094,-0.013106285360071829,0.005892484439955735,1.4295464552356303e-5,0.06514579346337979,1.0481837450246114,16.089814695615363,-6.935463227251453,0.7382777135249142,0.5939473235505643,1.2258153566026273e-5,0.030868444022336388,0.010284376887897436,true
12.775,3.40480004305582,4.51704629506672e-5,0.042911995789558344,0.055231621051239896,-1.4718698103187103e-6,-2.3899509084483197e-5,0.00708846148456325,-0.012895549287916721,0.005807087803353471,1.3266700651861643e-5,0.06453545014415145,1.0485367778566,16.247454314094128,-6.9955849247967805,0.7390413954478054,0.5943447523203105,1.1372739908234607e-5,0.029727101542251874,0.009904329591505381,true
12.825000000000001,3.40480004305582,4.190519637830294e-5,0.04150702178640344,0.05330903886797404,-1.3661493914176923e-6,-2.2462895818139506e-5,0.006964856975801182,-0.012688081155767375,0.005723224179966193,1.2307682051335055e-5,0.06392767071938596,1.048926059173258,16.408013108714332,-7.056004633842454,0.7398397406642108,0.594759755231203,1.054738490293984e-5,0.02862233275004618,0.00953644597499996,true
12.875,3.40480004305582,3.886248475939783e-5,0.04014565759460591,0.05144746253545301,-1.2674581892115708e-6,-2.1103691268363993e-5,0.0068429645210738525,-0.01248382927678245,0.005640864755708597,1.1414028509151045e-5,0.06332237183085833,1.0493524327635901,16.571590773108383,-7.116719639626635,0.7406765994261763,0.5951942687173004,9.778315260946104e-6,0.027552997221383692,0.00918034761535249,true
12.925,3.40480004305582,3.602825654178573e-5,0.03882671645594962,0.04964513051075087,-1.175373902223645e-6,-1.981843118398643e-5,0.006722761580975123,-0.01228274355928911,0.005559981978313987,1.0581607168170216e-5,0.06271946438541284,1.0498167994404162,16.738293442515115,-7.177727121411555,0.7415560581356704,0.595650339008502,9.061971366810934e-6,0.02651798369130282,0.00883566571330231,true
12.975,3.40480004305582,3.338923415602003e-5,0.03754903444017728,0.0479003195198843,-1.089496008867482e-6,-1.8603761175554144e-5,0.006604226278191143,-0.01208477575527694,0.0054805494770857974,9.80651836636288e-6,0.062118852685203646,1.0503201115361376,16.90823423379675,-7.239024370631585,0.7424824626922047,0.5961301322791309,8.39499494865623e-6,0.02551620865223447,0.008502040631485158,true
13.025,3.40480004305582,3.093289356566438e-5,0.036311470720065436,0.0462113478489827,-1.009444837193208e-6,-1.7456435928427216e-5,0.006487337895320824,-0.011889879779184175,0.005402541883863351,9.085083756607922e-6,0.06152043737111271,1.050863343345068,17.081532385829675,-7.300608965856065,0.7434603345987029,0.5966358890341388,7.774219093185396e-6,0.02454662123390729,0.00817912352553007,true
13.075000000000001,3.40480004305582,2.8647443718265407e-5,0.03511290750551717,0.044576576371519204,-9.348610260180542e-7,-1.6373318090213607e-5,0.006372077800684387,-0.011698012216447255,0.005325934415762868,8.413840271381758e-6,0.06092411709649661,1.051447507238839,17.258313412625583,-7.362478344178658,0.7444943095046518,0.5971698901882805,7.1966629542308336e-6,0.02360820525238809,0.00786657702930738,true
13.125,3.40480004305582,2.6521862016552847e-5,0.03395224940011008,0.04299441501307547,-8.654057239160205e-7,-1.535137673664131e-5,0.006258431357673441,-0.011509133264109395,0.005250701906435954,7.789550540756392e-6,0.060329796855741843,1.0520737479922562,17.438708612063326,-7.4246272215835045,0.7455888453705833,0.5977343044951658,6.65954059489301e-6,0.022699990831985404,0.0075640791246201,true
13.175,3.40480004305582,2.4545999896609578e-5,0.03282842181765347,0.0414633329841711,-8.007616700234954e-7,-1.4387685367972075e-5,0.006146391508393904,-0.011323208406470105,0.005176816898076201,7.209233901025053e-6,0.05973740314848562,1.0527436063552478,17.622855210804982,-7.487041117824193,0.7467476608733986,0.5983308984963807,6.160287078951845e-6,0.021821073861929736,0.007271329614466237,true
13.225,3.40480004305582,2.2710748961086764e-5,0.031740370421280965,0.039981884926139216,-7.406354163447879e-7,-1.3479419147678206e-5,0.006035963435461875,-0.011140210409431762,0.005104246973969887,6.670215188526545e-6,0.05914691852497976,1.0534594174467444,17.81089266724576,-7.5496846444276935,0.7479725404954003,0.5989604243134334,5.696600213664329e-6,0.020970659190875898,0.006988064501851342,true
13.275,3.40480004305582,2.1008154755871705e-5,0.030687057075604613,0.038548730610901735,-6.847586594711506e-7,-1.2623851582206408e-5,0.0059271735262238215,-0.010960123208402034,0.0050329496821782125,6.170158156194339e-6,0.05855841990389147,1.0542247759596965,18.002958032165733,-7.6124872353442665,0.7492618192208091,0.5996218505124051,5.26646899163066e-6,0.02014810066058537,0.006714069321214811,true
13.325000000000001,3.40480004305582,1.943139199393398e-5,0.029667455568254758,0.03716270427605149,-6.328879066890985e-7,-1.1818349594161373e-5,0.005820082130956038,-0.010782946997106501,0.004962864866150463,5.707058196725772e-6,0.05797218250074704,1.0550442839340821,18.199147218935334,-7.675331458500533,0.7506066502483789,0.6003104692878793,4.8681720062640775e-6,0.019353020101434425,0.006449218805839664,true
13.375,3.40480004305582,1.7974479280093732e-5,0.028680536025497683,0.035822865571810705,-5.848011353784188e-7,-1.106036727680991e-5,0.005714799490888967,-0.010608703862463853,0.004893904371574886,5.279158556389577e-6,0.05738879361431664,1.055922513528591,18.399454789465597,-7.73805230086987,0.7519864687293221,0.6010156183427555,4.500211929981128e-6,0.0185854154781871,0.006193512968906301,true
13.425,3.40480004305582,1.66318649610727e-5,0.027725266130173266,0.034528614810568445,-5.402925017902411e-7,-1.0347437534559366e-5,0.0056115071587293525,-0.010437443665714193,0.004825936506984841,4.884828697941845e-6,0.056809348702356155,1.0568615927566196,18.603656209717936,-7.800448647372035,0.7533617908265465,0.6017170756534194,4.161221127359015e-6,0.017845848753154318,0.005947139772159874,true
13.475,3.40480004305582,1.5397931146452486e-5,0.026800485230842445,0.033279664524878835,-4.991618425295892e-7,-9.677161400625946e-6,0.005510477394428817,-0.010269240692692697,0.004758763298263881,4.522418630091648e-6,0.05623564015344249,1.057858080994062,18.811168115231364,-7.862307920733645,0.7546642875975279,0.6023801085959097,3.849846661028773e-6,0.017135585321247957,0.005710521661330199,true
13.525,3.40480004305582,1.4267162936380905e-5,0.025905411032463854,0.032076826170343437,-4.6122391991518953e-7,-9.047196587695771e-6,0.005412090144243314,-0.010104149147705525,0.004692059003462211,4.190308610186717e-6,0.055670708351534606,1.0588981870887189,19.020742118139935,-7.923409383008539,0.7557879834987474,0.6029511233011626,3.5647950546099796e-6,0.01645712948888816,0.005484494047208185,true
13.575000000000001,3.40480004305582,1.3233005089686251e-5,0.025037624345721134,0.03091918045563383,-4.2626826487904774e-7,-8.45524546252479e-6,0.0053168152339196,-0.009941901650561134,0.004625086416641534,3.886573344204255e-6,0.05511759235478436,1.059964559119736,19.230966263854377,-7.983575154150719,0.7565848087553958,0.6033554754711211,3.304537777082822e-6,0.015812592714004026,0.005269761500651006,true
13.625,3.40480004305582,1.2290547550194419e-5,0.024198701723263712,0.029811692003046508,-3.941514794919466e-7,-7.899051007773797e-6,0.005225209607324899,-0.009780362732481711,0.004555153125156812,3.6097707338970805e-6,0.05458295453753691,1.0610115925062564,19.43851521955622,-8.042591523546964,0.7568701081620175,0.6035001387705624,3.067966322099599e-6,0.01520777215513848,0.005068257024501498,true
13.675,3.40480004305582,1.1427915924501727e-5,0.023377585642655074,0.028740769480322777,-3.646232539041124e-7,-7.376389476079214e-6,0.005138053597517815,-0.009608707741000345,0.004470654143482531,3.3564132342541714e-6,0.05406365875169142,1.0620550631592394,19.644528093023528,-8.100541971311907,0.7564739330703089,0.6032992390086167,2.852224473493307e-6,0.0146370898523923,0.004878122565184289,true
13.725,3.40480004305582,1.0638281572637279e-5,0.02257761353373368,0.027716069223378333,-3.373964911690128e-7,-6.885034353464978e-6,0.005056089180651145,-0.009390509685303175,0.0043344205046520305,3.1244952532041747e-6,0.05357153187172794,1.0629852716407333,19.84235347583401,-8.157592532646964,0.7550589462530564,0.6025807629020865,2.655780208585358e-6,0.014111233635846,0.004702921640277252,true
13.775,3.40480004305582,9.908236313618084e-6,0.021789928772873505,0.02672839242050278,-3.122734660416966e-7,-6.422818347805062e-6,0.004978895259867039,-0.009085435536375946,0.0041065402765089075,2.910078767716828e-6,0.05310682486438965,1.0637649491887404,20.0306637029253,-8.214293585150362,0.7523912567929024,0.6012222173479893,2.475415425261167e-6,0.013627803127940227,0.004541855623137099,true
13.825000000000001,3.40480004305582,9.225615740993155e-6,0.02101403108757771,0.0257699644311839,-2.8905280627431874e-7,-5.987846269391209e-6,0.00490548789476422,-0.00878349450814694,0.0038780066133827203,2.709591055077975e-6,0.05266006948690544,1.064434605368344,20.21331562490681,-8.27126509470263,0.7487635190134047,0.5993663578789391,2.307640553022119e-6,0.013174861153970069,0.004390946921936029,true
13.875,3.40480004305582,8.585566731119146e-6,0.020250652676952578,0.024839067691064094,-2.6753593044279974e-7,-5.578393614208122e-6,0.004835167253717061,-0.0084991249485715,0.0036639576948544385,2.5216067382957295e-6,0.052228658078483155,1.0650025418055917,20.391152692554915,-8.328712132345899,0.7442747493103682,0.5970565636360401,2.150969300451483e-6,0.01274828259246231,0.004248821139023933,true
13.925,3.40480004305582,7.985979766002157e-6,0.019501503236252608,0.023935007878178885,-2.47577238003884e-7,-5.192897938106046e-6,0.004767275246701495,-0.008229762329800949,0.0034624870830994537,2.3455062455987027e-6,0.05180991548221799,1.0654907277415746,20.565382472149917,-8.386604537263839,0.7390582225340051,0.5943535044286037,2.0046025850075337e-6,0.012344221088156481,0.004114196475177075,true
13.975,3.40480004305582,7.425414421299461e-6,0.018768741808301945,0.023058619426708643,-2.2904110940990438e-7,-4.829920547091073e-6,0.004701386484805177,-0.007974087433385797,0.0032727009485806202,2.1808665200306815e-6,0.05140283642546286,1.065909950124505,20.73640336307389,-8.444865693451588,0.73320832926803,0.5912981060949201,1.8679857028423789e-6,0.011960697941731421,0.003986413597788585,true
14.025,3.40480004305582,6.902354266247281e-6,0.018054484060964986,0.0222125483871193,-2.1179905338353555e-7,-4.488087083409123e-6,0.004637236208789838,-0.007732722657905741,0.003095486449115903,2.0272421813212837e-6,0.05100946331997005,1.066242757821518,20.902842108595312,-8.50346610113554,0.726724815991522,0.5878817627804718,1.7406554505366687e-6,0.011598646471309752,0.003865783854600308,true
14.075000000000001,3.40480004305582,6.41468537554662e-6,0.01736064179586856,0.021399279877677438,-1.957471674831114e-7,-4.1660323050720835e-6,0.0045744594084513954,-0.007506277167831737,0.0029318177593803414,1.8840123632603743e-6,0.05063194851059272,1.066466333491328,21.06311064185516,-8.562452744989113,0.7196116143312272,0.5840970892608639,1.622026465170744e-6,0.011258979537042893,0.0037526118332837414,true
14.125,3.40480004305582,5.959761561639736e-6,0.016688890403160784,0.020619617571789088,-1.8080265379712605e-7,-3.8622722964455755e-6,0.004512509444001994,-0.00729382915431113,0.002781319710309136,1.7503998726136143e-6,0.050269929495100514,1.0665763785687843,21.216985766266824,-8.62192618498617,0.7119634275048686,0.5799848278490707,1.5113475747812168e-6,0.010940314344344008,0.0036464369414465356,true
14.175,3.40480004305582,5.535014365670153e-6,0.016040030607099284,0.019872416092305792,-1.668994008675082e-7,-3.5757380376805496e-6,0.004450908172763087,-0.00708845152491736,0.0026375433521542736,1.6256503452997075e-6,0.04992092914928828,1.0665882408487433,21.365552665478575,-8.681964990177589,0.7039231615817734,0.5756134211487155,1.4078881399525453e-6,0.0106395591992411,0.0035462289115780815,true
14.225,3.40480004305582,5.13809004180793e-6,0.015413982241787196,0.019155937778420395,-1.5401729970488387e-7,-3.3069385237326527e-6,0.004389674511182921,-0.006888924252494427,0.0024992497413115055,1.5090724790982076e-6,0.04958280887697006,1.0665159026256834,21.509791937605467,-8.742628890789986,0.6955845825736215,0.5710270951634949,1.3110440012776956e-6,0.010354136274003781,0.0034511287124438196,true
14.275,3.40480004305582,4.766851319996226e-6,0.014810726301134922,0.018469536044251396,-1.4207289622143884e-7,-3.055074781939034e-6,0.004328716156818435,-0.006695237241260003,0.0023665210844415682,1.4000385513734781e-6,0.04925510122389496,1.06635629046758,21.64966194304078,-8.804036511086244,0.6869947612698404,0.5662460106435349,1.2202709104922148e-6,0.010083021361509388,0.00336079518577884,true
14.325000000000001,3.40480004305582,4.419536295441452e-6,0.014229686245803178,0.01781222289776152,-1.3098803013624823e-7,-2.8191129682355093e-6,0.0042679380023331204,-0.006507188626507378,0.0022392506241742573,1.2980310853952242e-6,0.04893754105633699,1.0661064304006618,21.785042880952233,-8.866272400156745,0.678176919327561,0.5612778334452762,1.1351338863704577e-6,0.009825415431117259,0.0032749621840720716,true
14.375,3.40480004305582,4.0945468322368744e-6,0.013669970024710841,0.017182575188497955,-1.2069453915778498e-7,-2.598089885144769e-6,0.004207249742689085,-0.006324586133524993,0.002117336390835908,1.20258070384715e-6,0.04862951360872232,1.0657672636845037,21.916058471400067,-8.929407351456856,0.669153720404216,0.5561303607197953,1.0552435773986972e-6,0.009580289827631176,0.003193286991850317,true
14.425,3.40480004305582,3.7904396060319573e-6,0.01313074404036476,0.016579342206710812,-1.1112981530350954e-7,-2.391136758226845e-6,0.004146567716997203,-0.006147241570027979,0.002000673853030776,1.1132634980320385e-6,0.04833057181825031,1.0653384282085137,22.042744129218573,-8.993511879521193,0.6599430850390081,0.5508091185938756,9.802533757564876e-7,0.009346808655358809,0.003115491129741573,true
14.475,3.40480004305582,3.5058923260698117e-6,0.01261130150053889,0.016001438307014424,-1.022397724001538e-7,-2.1974691323384074e-6,0.0040858007486285,-0.005974967126106985,0.0018891663774784854,1.0296911071826882e-6,0.04804032366567653,1.0648191638481777,22.16511219321699,-9.058657455772865,0.6505651347030815,0.5453213207677917,9.098490994229889e-7,0.009124226716141761,0.0030413263368667125,true
14.525,3.40480004305582,3.2396536659570486e-6,0.012110985682499187,0.015447678595773092,-9.397986613519317e-8,-2.016371334120766e-6,0.004024837153149373,-0.005807575620116204,0.0017827384669668305,9.514960129786206e-7,0.04775805507862235,1.0642116826149353,22.283396609492623,-9.124917601180414,0.6410518105504378,0.539681729553139,8.437340627312224e-7,0.00891160089604994,0.0029704783678073856,true
14.575000000000001,3.40480004305582,2.990542360997773e-6,0.011629167627201922,0.014916716692324689,-8.631238742108758e-8,-1.8471823226434002e-6,0.003963549245786799,-0.005644887803709968,0.0016813385579231687,8.783312744303629e-7,0.04748263671642496,1.0635221990904293,22.398128508363584,-9.192366538452706,0.631448525125598,0.5339141573524523,7.816283755416827e-7,0.008707739457937633,0.0029025500892174995,true
14.625,3.40480004305582,2.7574496453136534e-6,0.011165210716898574,0.014407109564108423,-7.9200980005e-8,-1.6892849884462773e-6,0.003901806355960341,-0.005486740311888519,0.001584933955928178,8.098712436689329e-7,0.047212699294345996,1.062759231926319,22.51002903478537,-9.26108387380518,0.621806436294553,0.5280473203172014,7.232705190084707e-7,0.008511349964273789,0.0028371107894356747,true
14.675,3.40480004305582,2.5394239024025523e-6,0.010718715468964036,0.013917744149122538,-7.261523054948719e-8,-1.5420960746715878e-6,0.0038395072151391303,-0.005332997645263104,0.0014934904301239739,7.458364280691827e-7,0.0469470863831167,1.0619304775351641,22.619731262323022,-9.331133329338543,0.6121781334146567,0.5221124420115545,6.684418637753676e-7,0.008321369440395087,0.0027738062278767944,true
14.725,3.40480004305582,2.335469139904996e-6,0.010288448668295152,0.013446591163064587,-6.650207419089114e-8,-1.4050652478557677e-6,0.003776495589154407,-0.005183507529220841,0.001407011940066434,6.859343016833683e-7,0.0466841012126856,1.0610472801918442,22.728236222389196,-9.402616916803316,0.6025952707552342,0.5161292892711264,6.169086485973628e-7,0.008136421464195206,0.0027121776815300113,true
14.775,3.40480004305582,2.145044052980601e-6,0.009877060021067648,0.012996348332216464,-6.088984948748237e-8,-1.2776525338573838e-6,0.003712908094674377,-0.005038257111627663,0.001325349016953286,6.300058816538949e-7,0.046425256468026734,1.0600947491381711,22.834440341073027,-9.475558873105923,0.593162892377378,0.5101653657080443,5.685704674683614e-7,0.007957414394448373,0.0026525280043803692,true
14.825000000000001,3.40480004305582,1.9643445372092363e-6,0.009469891663487735,0.012548814590999368,-5.5477965194971335e-8,-1.1593929604903467e-6,0.0036472271745270892,-0.0048964333343272624,0.0012492061598001732,5.769338910857831e-7,0.046157378871903854,1.0591419520991678,22.946319266492644,-9.551193301601966,0.5836478554986647,0.5040736863697474,5.224273544062725e-7,0.007775291390663078,0.0025918385366095332,true
14.875,3.40480004305582,1.8185869219697317e-6,0.009131481748374847,0.012178427306847324,-5.109436844035719e-8,-1.0498326150322143e-6,0.0035854304305190476,-0.004761042423516134,0.001175611992997086,5.341244416625252e-7,0.045929571530137984,1.0582571438693924,23.0408668884487,-9.617830983699587,0.5756322206907876,0.4988828492144576,4.850008200027334e-7,0.007622887674668366,0.002541051934794735,true
14.925,3.40480004305582,1.5582310621194013e-6,0.00857565622346004,0.011517072378496229,-4.631799760468568e-8,-9.484813677985693e-7,0.0035213179226709075,-0.004628493560296253,0.0011071756376253455,4.576571435663175e-7,0.04544836378247188,1.0569335049080986,23.255699808399424,-9.748788695948157,0.5632776436012034,0.49077585079247144,4.1855605832586914e-7,0.007308347399323927,0.002436230141876535,true
14.975,3.40480004305582,1.4338408048032366e-6,0.008232009968641266,0.011130101363367772,-4.1673262236267376e-8,-8.613758046305998e-7,0.003446171180406243,-0.004501753593529246,0.0010555824131230035,4.2112335134851545e-7,0.04517308153246475,1.0563666659461388,23.384870593496146,-9.820745430772376,0.5554522705853331,0.4855739335090645,3.8583392407207684e-7,0.0071328519022088414,0.002377743440540061,true
