r,tau,Dtau,Sr,E,nur,Pi,piR,piEta,piPhi,D,T,mu,alpha,phi,ur,v,n,e,P,ok
0.024999999999999994,14.404811043066319,0.023225575979187167,0.0,0.028173660087910814,2.158065758631793e-7,-0.00024180387517266818,-0.00046723043271037514,0.0007143641147918424,-0.00024713368208146723,0.0016123485347880823,0.06217631341560546,1.3767249665635055,22.142273977568525,-1.9826687473811213,0.0,0.0,0.0016123485347880784,0.028173660087911497,0.008633267124904904,true
0.07499999999999998,14.404811043066319,0.02314483968154373,0.00033133827978065804,0.028045518017793335,6.472478860910757e-7,-0.00024388782154922728,-0.00047503678153916815,0.0007510830951188534,-0.00027604631357968523,0.0016067437200215397,0.06210213833195269,1.3767696252339003,22.169439929341806,-1.9843177397113132,0.009225054625078418,0.009224662116524784,0.0016066693857388517,0.028042461534116887,0.008592150881306321,true
0.125,14.404811043066319,0.02321935942128095,0.0004971761882423862,0.02816116602519551,1.082028426932858e-6,-0.00024314995294097435,-0.00040598749453296933,0.0007367160336489262,-0.00033072853911595687,0.0016119169735626256,0.06216516882344522,1.3767415101961202,22.146509633170826,-1.9827580643100187,0.013758585726267532,0.013757283670056268,0.0016117495439778192,0.028154326231340655,0.008627095988298085,true
0.175,14.404811043066319,0.023211735937647682,0.0007027697277886724,0.028151496107795514,1.5096699401988396e-6,-0.00024325947071965586,-0.0003928962840877436,0.0007376910775705989,-0.00034479479348285526,0.001611387741793429,0.062155833900730345,1.3767478739936831,22.14993810866571,-1.9829534618289244,0.019450913024217385,0.01944723455802635,0.0016110536502862026,0.028137829180059713,0.00862191739908624,true
0.22499999999999998,14.404811043066319,0.023220676679433488,0.0009007009758282118,0.02816734908087164,1.9425114316511596e-6,-0.0002432566743173876,-0.0003824993910045413,0.0007367706494194483,-0.000354271258414907,0.001612008419271188,0.06215974109778733,1.376749652299008,22.148574430726118,-1.9828002099799504,0.024912577788404867,0.024904850557128738,0.0016114600533903855,0.028144917257672878,0.008624091808047591,true
0.275,14.404811043066319,0.023226322771009562,0.0011016537665353029,0.028177979928834678,2.372585090929477e-6,-0.0002433005850250823,-0.00037749002729590015,0.0007367275192368785,-0.00035923749194097834,0.0016124003780104725,0.06215933247098652,1.3767557543612543,22.14881820045073,-1.9827150765538089,0.0304624761668537,0.030448351979058222,0.0016115805669644273,0.028144436387193168,0.008623874515532395,true
0.325,14.404811043066319,0.023233161686755554,0.001302030897747445,0.02819269009213901,2.804229443453366e-6,-0.00024333728352800955,-0.000373951631190807,0.0007364853751403437,-0.00036253374394953675,0.0016128751440956052,0.062160049860012286,1.3767589937423548,22.14861469453272,-1.9826400804888427,0.03599131113300346,0.03596802264313017,0.0016117307219276774,0.028145858615327812,0.008624278484304042,true
0.375,14.404811043066319,0.023240323685997707,0.0015030452096098748,0.028209567007928364,3.234781774729137e-6,-0.00024338215555430446,-0.00037157256797207294,0.0007362554079208748,-0.0003646828399488019,0.001613372339041151,0.06216074535461783,1.3767610582779395,22.148400094363765,-1.9825846845786779,0.04153426214509764,0.04149848315749708,0.0016118484038293338,0.02814719291161355,0.008624668403637589,true
0.42500000000000004,14.404811043066319,0.02324859561376902,0.0017041883348771448,0.02822939953659157,3.6654622832954777e-6,-0.0002434306798677684,-0.00036968136523789566,0.0007359140207839519,-0.0003662326555460562,0.001613946586613478,0.0621618652351496,1.3767624996524332,22.148024266072685,-1.9825257797747318,0.04707508752278159,0.047023013356367833,0.001611989078610004,0.028149263465760153,0.008625293241783218,true
0.475,14.404811043066319,0.023257713136871076,0.0019056703994038142,0.02825192889415082,4.095461542891928e-6,-0.00024348807948358907,-0.0003681429469650108,0.000735511559815426,-0.0003673686128504152,0.0016145795364713275,0.06216325909156034,1.3767631320692506,22.147537825219466,-1.982471153084713,0.05261918753633251,0.052546493009839906,0.0016121340556737574,0.028151792597831172,0.008626069119834724,true
0.525,14.404811043066319,0.02326723131375666,0.0021074610843744863,0.02827725112023395,4.5253487419020115e-6,-0.00024355679950182474,-0.0003667991017281047,0.0007350437673057972,-0.00036824466557769256,0.001615240300215963,0.06216501608620658,1.3767614536272252,22.146884860739327,-1.982442121496039,0.05816461548972039,0.05806647542499029,0.0016122526078714123,0.028154878282970922,0.008627043218774416,true
0.5750000000000001,14.404811043066319,0.023276832148104953,0.0023096221184674003,0.028305319305117982,4.955341288171816e-6,-0.00024364026027536424,-0.00036558646973396293,0.0007345265770279636,-0.00036894010729400067,0.0016159068021450469,0.06216712430901611,1.376756654230581,22.146056610035437,-1.9824520940812616,0.06371230918116903,0.06358338917713074,0.0016123226218989943,0.02815846570310932,0.00862820766047521,true
0.625,14.404811043066319,0.02328597676944575,0.00251219210900727,0.02833610423389767,5.389449588235562e-6,-0.00024374084131995204,-0.0003644492181035066,0.0007339638883878359,-0.0003695146702843293,0.0016165416331965238,0.06216959854756134,1.3767472319588228,22.145023679147222,-1.9825247535881336,0.06926251743953199,0.06909697640395694,0.0016123065096023026,0.028162519355021974,0.008629568305204645,true
0.675,14.404811043066319,0.023294289643050324,0.0027152086179992718,0.028369545963139644,5.832621467437136e-6,-0.00024385954902945487,-0.0003633469011212993,0.0007333566797894125,-0.0003700097786681132,0.0016171187232798107,0.06217242360489076,1.37673222282864,22.143776018413735,-1.9826760808736297,0.07481556908722883,0.07460705882409518,0.0016121778871707577,0.0281669722340597,0.00863111521894347,true
0.725,14.404811043066319,0.023302957527995327,0.0029187141976201904,0.028405729286152148,6.279813963972581e-6,-0.00024399512707389806,-0.0003622475505485922,0.0007327031542815786,-0.00037045560373298646,0.0016177204586943948,0.06217556615010591,1.3767149252098414,22.142378597504678,-1.9828540763508367,0.08037165186622833,0.0801133182852595,0.0016120192411966034,0.028171901406658175,0.008632835258668254,true
0.775,14.404811043066319,0.023312797147961063,0.0031227456989621556,0.028444717910683964,6.720153961058192e-6,-0.00024414572762281646,-0.0003611316037366386,0.0007320031279847637,-0.0003708715242481251,0.001618403537419712,0.062179004559902065,1.3766976292341444,22.140875991474907,-1.9830225916059567,0.08593080051278729,0.08561528586743174,0.0016118879622133077,0.02817736314498034,0.008634720165692845,true
0.8250000000000001,14.404811043066319,0.023323952801487254,0.0033273427256282594,0.028486526588807737,7.1556335750298e-6,-0.0002443099736344514,-0.000359990172290836,0.0007312589067852681,-0.00037126873449443214,0.0016191779768408776,0.062182732840687364,1.3766807363753737,22.13927682950893,-1.9831753606032594,0.09149321941507567,0.09111266170371517,0.001611793896532924,0.02818336353668045,0.008636767332591543,true
0.8750000000000001,14.404811043066319,0.023336354129353636,0.003532546577337563,0.028531150247093018,7.588112206155297e-6,-0.00024448691243957965,-0.0003588171317959993,0.0007304723443402533,-0.000371655212544254,0.001620038892532816,0.06218674673346618,1.3766640669117818,22.137579777443506,-1.9833154099029953,0.097059210960711,0.09660524321948367,0.0016117319837913682,0.028189887725810898,0.008638974185013748,true
0.9249999999999999,14.404811043066319,0.02334991738746749,0.003738396879873266,0.0285785836987354,8.018479870533418e-6,-0.0002446758621477566,-0.00035760673145503007,0.0007296441700860416,-0.00037203743863101153,0.001620980470875864,0.06219104249204013,1.3766474059418319,22.135782755499392,-1.9834463150212684,0.10262903629041441,0.10209278730678559,0.0016116963026062022,0.028196920341217232,0.008641338382312711,true
0.975,14.404811043066319,0.02336458397439064,0.003944932833928969,0.02862882392505236,8.447043443565482e-6,-0.000244876332418307,-0.00035635412227114457,0.0007287745947829737,-0.00037242047251182913,0.0016219986436848861,0.06219561560468982,1.3766306100016303,22.133885107776415,-1.9835705266187134,0.10820294664246877,0.10757504144134615,0.0016116827151782147,0.02820444761196682,0.008643857277568915,true
1.025,14.404811043066319,0.023380313625692553,0.004152193192667503,0.028681870773444938,8.873936798182406e-6,-0.00024508796814893077,-0.00035505532642926107,0.000727863555663705,-0.0003728082292344439,0.001623090615752752,0.062200461732658946,1.3766135844081677,22.131886903427336,-1.9836897051046658,0.11378117834511293,0.11305173885810574,0.001611688365481725,0.028212458112948972,0.008646528402910142,true
1.0750000000000002,14.404811043066319,0.023397075185479278,0.004360216613904934,0.02873772619593207,9.299253787059944e-6,-0.00024531051826723115,-0.00035370722252568156,0.0007269109012205662,-0.0003732036786948846,0.001624254224198334,0.062205576845188716,1.3765962576692183,22.12978847692642,-1.9838051279212003,0.11936396346643048,0.11852260912570474,0.0016117110279228852,0.028220941946510515,0.00864934950325332,true
1.125,14.404811043066319,0.023414842422687356,0.004569041704156628,0.02879639402769177,9.723082455549616e-6,-0.0002455438116288564,-0.0003523073685774192,0.0007259164435976808,-0.0003736090750202616,0.0016254876480283973,0.06221095737076964,1.3765785696735393,22.127590184303074,-1.983917874641989,0.12495153004585613,0.1239873784356032,0.0016117488149357407,0.028229890524844217,0.008652318601443132,true
1.1750000000000003,14.404811043066319,0.023433592724129582,0.004778707113045531,0.028857879770500548,1.0145501090585214e-5,-0.00024578773909467145,-0.000350853858362626,0.000724879988018809,-0.000374026129656183,0.0016267893174072019,0.062216600145296334,1.37656046840722,22.12529236879701,-1.9840288814320932,0.13054410416783355,0.12944577169032076,0.0016118000869212736,0.02823929634058704,0.008655433964115646,true
1.225,14.404811043066319,0.02345330668981271,0.004989251582699772,0.028922190491077197,1.0566574722540497e-5,-0.00024604223910421627,-0.00034934519064411707,0.000723801340281361,-0.0003744561496372439,0.0016281578855629514,0.06222250237425391,1.3765419090344462,22.12289535954157,-1.984138957044544,0.136141910458776,0.13489751303673425,0.0016118634248013352,0.028249152860676623,0.008658694079201456,true
1.275,14.404811043066319,0.02347396780960334,0.0052007140001583425,0.028989334702805444,1.0986353719041465e-5,-0.00024630728653502495,-0.0003477801720986652,0.0007226803107148814,-0.0003749001386162162,0.0016295922063415344,0.062228661577247296,1.376522853245273,22.12039948081692,-1.984248795090173,0.14174517289799463,0.14034232670036778,0.00161193760789756,0.0282594543995443,0.008662097624022806,true
1.3250000000000002,14.404811043066319,0.023495562088573875,0.005413133428793926,0.029059322253119593,1.140487500023104e-5,-0.00024658288413806297,-0.00034615784388942415,0.0007215167155499855,-0.0003753588716605614,0.0016310913081975722,0.06223507554148988,1.3765032684244884,22.11780505523486,-1.9843589888981614,0.14735411515213698,0.14577993734930483,0.0016120215880285112,0.028270196001034913,0.00866564343808544,true
1.375,14.404811043066319,0.02351807765993948,0.0056265491253221,0.02913216420586844,1.1822164040794289e-5,-0.00024686905615087896,-0.00034447743096596413,0.0007203103794403864,-0.00037583294847442225,0.0016326543673240187,0.06224174227447019,1.3764831267864366,22.11511240666268,-1.9844700469483252,0.15296896069316612,0.15121007024543492,0.001612114462671053,0.028281373317423912,0.00866933049534241,true
1.4250000000000003,14.404811043066319,0.023541504434533088,0.00584100054419771,0.02920787273276432,1.2238237158584948e-5,-0.00024716584358835616,-0.0003427383077981758,0.0007190611389928598,-0.00037632283119468394,0.001634280683318277,0.062248659961419706,1.376462404588997,22.11232186270511,-1.9845824068754048,0.1585899326760858,0.15663245116327604,0.0016122154506318402,0.028292982500320626,0.00867315787924253,true
1.475,14.404811043066319,0.02356583380421432,0.006056527338946385,0.029286461020115746,1.2653103569734758e-5,-0.00024747330077206335,-0.00034093997472304464,0.0007177688464569071,-0.00037682887173386245,0.0016359696585924752,0.06225582692897392,1.3764410814692423,22.109433756933125,-1.9846964473176614,0.16421725378804428,0.16204680628381807,0.0016123238714542813,0.028305020107718473,0.008677124761408259,true
1.525,14.404811043066319,0.023591058397293203,0.006273169367014391,0.029367943196426015,1.3066766996922178e-5,-0.0002477914927027122,-0.00033908203883473506,0.0007164333719233591,-0.00037735133308862406,0.001637720781394674,0.06226324161749604,1.3764191398871966,22.10644842976536,-1.9848124977495083,0.16985114618191563,0.16745286217249608,0.001612439128433573,0.028317483031085555,0.008681230385302767,true
1.5750000000000002,14.404811043066319,0.02361717187577593,0.006490966700868493,0.029452334279292607,1.3479226753049601e-5,-0.0002481204929949881,-0.0003371641958235782,0.0007150546031494384,-0.0003778904073258602,0.0016395336117334168,0.06227090256121235,1.3763965646540426,22.10336622792714,-1.9849308467057327,0.17549183154004308,0.1728503458835862,0.0016125606945461889,0.02833036843999855,0.008685474054379338,true
1.625,14.404811043066319,0.02364416876423108,0.006709959643006927,0.02953965013607572,1.3890478429162336e-5,-0.00024846038221476823,-0.00033518621194826944,0.000713632443238644,-0.00037844623129037455,0.0016414077694974056,0.06227880837367692,1.376373342526611,22.100187503079393,-1.9850517487685546,0.18113953120962847,0.1782389851328278,0.0016126881005927474,0.02834367373910752,0.008689855123303752,true
1.6750000000000003,14.404811043066319,0.023672044302844003,0.006930188740377447,0.029629907451473175,1.4300514399105643e-5,-0.0002488112465556316,-0.000333147907421798,0.0007121668073060593,-0.0003790188998842613,0.001643342924254353,0.06228695773565342,1.376349461858764,22.09691261050198,-1.9851754305614089,0.18679446631671742,0.18361850844832706,0.0016128209250413975,0.028357396531798727,0.008694372990611057,true
1.725,14.404811043066319,0.02370079432021225,0.007151694794468449,0.029723123697304985,1.47093243249025e-5,-0.00024917317683400414,-0.00033104914290771955,0.000710657619390322,-0.0003796084764826024,0.0016453387864202845,0.06229534938363102,1.3763249123040742,22.09354190837435,-1.9853020958964747,0.192456857786618,0.18898864523161812,0.0016129587852613588,0.028371534587106846,0.008699027091791874,true
1.775,14.404811043066319,0.02373041512333639,0.007374518865993859,0.029819317103144942,1.511689573435123e-5,-0.00024954626777802676,-0.0003288898099343539,0.0007091048103660479,-0.000380215000431694,0.00164739509962256,0.06230398209869342,1.3762996845637863,22.090075757656084,-1.9854319301816803,0.19812692625372472,0.19434912571459467,0.0016131013299643712,0.02838608580911684,0.00870381689264053,true
1.8250000000000002,14.404811043066319,0.02376090340302472,0.007598702275560193,0.029918506629039623,1.5523214636569345e-5,-0.0002499306175602795,-0.0003266698247379354,0.0007075083168898839,-0.0003808384921519485,0.0016495116341329523,0.06231285469652488,1.3762737701726833,22.08651452217028,-1.9855651041809326,0.20380489189007703,0.19969968084225978,0.001613248232734651,0.028401048209963208,0.008708741883291038,true
1.875,14.404811043066319,0.02379225615309774,0.007824286602823074,0.030020711942377924,1.5928266092899743e-5,-0.00025032632750606766,-0.00032438912420620756,0.0007058680809144126,-0.000381478956708205,0.0016516881812587204,0.062321966019559305,1.3762471613149563,22.082858568406376,-1.9857017772225731,0.20949097420016288,0.20504004212777666,0.0016133991865351258,0.02841641988791925,0.008713801573491973,true
1.9250000000000003,14.404811043066319,0.023824470601812454,0.008051313686359635,0.030125953400311142,1.6332034678408642e-5,-0.00025073350190940927,-0.00032204766250764423,0.000704184049189382,-0.0003821363866817378,0.0016539245485819988,0.062331314931749635,1.3762198506642194,22.079108264780338,-1.985842099935082,0.21518539182270716,0.2103699415188994,0.0016135538990819445,0.028432199011204005,0.008718995489380706,true
1.975,14.404811043066319,0.02385754415404094,0.008279825625461534,0.030234252037985073,1.67345048123693e-5,-0.000251152247905907,-0.0003196454074824774,0.0007024561723637522,-0.00038281076488127483,0.0016562205559457613,0.062340900316014164,1.37619183124365,22.075263980269035,-1.9859862165729103,0.22088836235818113,0.21568911129335616,0.0016137120889882076,0.028448383807453508,0.00872432317178583,true
2.0250000000000004,14.404811043066319,0.02389147434285019,0.008509864784091012,0.030345629561679847,1.7135660973459126e-5,-0.000251582675374549,-0.00031718233653517543,0.0007006844036049652,-0.0003835020670697898,0.0016585760320924324,0.06235072107371448,1.3761630963046836,22.071326082623926,-1.9861342669783972,0.22660010222781568,0.22099728398820287,0.0016138734825765708,0.028464972557635186,0.00872978417569741,true
2.075,14.404811043066319,0.023926258789225108,0.008741473796714166,0.030460108345480102,1.7535487832577445e-5,-0.0002520248968599899,-0.00031465843228443123,0.0006988686968993165,-0.0003842102646148853,0.001660990811867809,0.062360776125417385,1.3761336392234196,22.067294936416396,-1.9862863882172597,0.2323208265618395,0.22629419236049314,0.0016140378112699054,0.02848196359302667,0.00873537807048775,true
2.125,14.404811043066319,0.023961895168743835,0.008974695575579228,0.030577711429856286,1.7933970325234745e-5,-0.0002524790275197293,-0.0003120736785236869,0.0006970090053451756,-0.00038493532682148875,0.0016634647339076182,0.06237106441204967,1.376103453414527,22.063170901227604,-1.9864427159196778,0.23805074911787147,0.23157956937955343,0.001614204809472177,0.02849935529364188,0.008741104440384189,true
2.1750000000000003,14.404811043066319,0.02399838118399386,0.00920957331913844,0.03069846252051489,1.8331093670859326e-5,-0.00025294518510692054,-0.00030942805714081605,0.0006951052798017433,-0.00038567722266092725,0.0016659976387226097,0.06238158489547674,1.3760725322626683,22.058954330325882,-1.9866033853576808,0.24379008223803048,0.2368531482580607,0.0016143742128507145,0.02851714608635119,0.008746962884650678,true
2.225,14.404811043066319,0.02403571454161439,0.0094461505215184,0.03082238598600502,1.8726843327145452e-5,-0.00025342349000183925,-0.0003067215466382885,0.0006931574682559454,-0.00038643592161765694,0.0016685893671048086,0.062392336557520245,1.3760408690716373,22.054645570182302,-1.986768532287348,0.24953903686215118,0.24211466253686204,0.0016145457569339292,0.02853533444091376,0.008752953016923814,true
2.2750000000000004,14.404811043066319,0.024073892932885532,0.009684470983161466,0.03094950685256498,1.9121204848665973e-5,-0.0002539140653051188,-0.00030395412284491674,0.0006911655162470176,-0.0003872113934021008,0.0016712397587799928,0.06240331839642535,1.3760084570320503,22.050244961185786,-1.9869382935740207,0.25529782262304374,0.24736384624565438,0.001614719175955018,0.028553918862151847,0.008759074463145215,true
2.325,14.404811043066319,0.024112914016881454,0.009924578822998062,0.03107985079485776,1.95141636070979e-5,-0.00025441703700338083,-0.00030112576230673956,0.0006891293686370232,-0.0003880036063302836,0.0016739486512381625,0.062414529419640666,1.3759752892083899,22.04575283996929,-1.9871128076242761,0.2610666480586556,0.25260043416882466,0.0016148942018572746,0.028572897876218955,0.008765326857446394,true
2.3750000000000004,14.404811043066319,0.02415277540526236,0.010166518492694142,0.03121344412136421,1.9905704316309583e-5,-0.0002549325342135393,-0.0002982364486931948,0.0006870489729378801,-0.0003888125242446853,0.0016767158786777819,0.06242596863190957,1.3759413585466627,22.041169543716755,-1.9872922146365173,0.26684572098209813,0.25782416225002786,0.0016150705634013413,0.02859227000916987,0.008771709835416095,true
2.4250000000000003,14.404811043066319,0.02419347464787723,0.010410334793585063,0.031350313753399944,2.0295810301943577e-5,-0.0002554606895047817,-0.00029528618233270044,0.0006849242842898092,-0.00038963810195710876,0.0016795412710063028,0.062437635017551785,1.3759066579042427,22.03649541686617,-1.987476656681079,0.27263524905136355,0.2630347681683652,0.0016152479853114659,0.028612033755825918,0.008778223024109971,true
2.475,14.404811043066319,0.024235009218412734,0.010656072896748945,0.031490487197055037,2.0684462466551156e-5,-0.0002560016392875969,-0.00029227499268791524,0.0006827552720263527,-0.00039048027933843743,0.0016824246528438934,0.06244952751619073,1.375871180102249,22.031730820470006,-1.9876662776282699,0.27843544057327824,0.2682319921109128,0.0016154261874010394,0.028632187537552454,0.008784866028369172,true
2.5250000000000004,14.404811043066319,0.024277376499527728,0.010903778366209805,0.03163399250779517,2.107163792956977e-5,-0.00025655552424755053,-0.0002892029532069372,0.0006805419275628888,-0.0003913389743559516,0.0016853658424914582,0.062461644991527746,1.3758349180006126,22.02687614434794,-1.9878612229349553,0.28424650555553704,0.2734155777464883,0.0016156048836444344,0.028652729648177295,0.008791638413205903,true
2.575,14.404811043066319,0.024320573767181483,0.011153497184574224,0.03178085824832627,2.14573083719507e-5,-0.0002571224897880058,-0.0002860701975181553,0.0006782842730966241,-0.0003922140755784688,0.0016883646508426826,0.062473986193457905,1.375797864593698,22.02193182188473,-1.988061639314896,0.2900686569879956,0.2785852733757863,0.0016157837811668124,0.028673658188440396,0.008798539682399624,true
2.6250000000000004,14.404811043066319,0.024364598174216642,0.011405275779438943,0.031931113441464265,2.1841438185584236e-5,-0.0002577026864312514,-0.00028287693538211345,0.0006759823703104768,-0.0003931054349283634,0.0016914208802443413,0.06248654971527414,1.3757600131206542,22.016898346755173,-1.988267674330828,0.2959021122851223,0.2837408331898388,0.0016159625791621075,0.02869497099185663,0.00880556925426101,true
2.6750000000000003,14.404811043066319,0.024409446733750347,0.011659161047907029,0.03208478752139581,2.222398260718931e-5,-0.0002582962701139757,-0.0002796234662430865,0.0006736363279663245,-0.00039401286172323797,0.0016945343233432907,0.062499333948920544,1.3757213571817624,22.011776290385942,-1.9884794759542253,0.3017470947619532,0.28888201851849515,0.0016161409677858615,0.02871666554697654,0.008812726436205535,true
2.725,14.404811043066319,0.024455116303353615,0.011915200375617527,0.032241910288463266,2.2604886100062248e-5,-0.00025890340230259277,-0.00027631018769377593,0.0006712463069843893,-0.0003949361192906134,0.0016977047619881802,0.06251233704317673,1.3756818908464388,22.006566318201592,-1.9886971921669765,0.30760383495658067,0.29400859890303477,0.0016163186271019963,0.028738738924324672,0.008820010400862999,true
2.7750000000000004,14.404811043066319,0.024501603571488416,0.012173441646070097,0.03240251187447418,2.2984081314701065e-5,-0.00025952424985093916,-0.0002729375958429658,0.0006688125214194632,-0.00039587492557649744,0.0017009319662878977,0.06252555687148965,1.3756416087336116,22.001269201984115,-1.988920970699794,0.3134725715483777,0.2991203527781075,0.0016164952262038028,0.028761187719478578,0.008827420167492522,true
2.825,14.404811043066319,0.024548905047963004,0.012433933235890074,0.03256662272669596,2.33614889952533e-5,-0.0002601589845323378,-0.0002695062746463222,0.0006663352337587705,-0.00039682895911244826,0.0017042156939489667,0.06253899101706459,1.3756005060431926,21.995885825338018,-1.9891509590051324,0.3193535515898011,0.30421706753024225,0.001616670422660715,0.028784008025364377,0.008834954592996026,true
2.8750000000000004,14.404811043066319,0.02459701706027022,0.012696723992283348,0.03273427361910411,2.3737019185510192e-5,-0.00026080778220356776,-0.0002660168718887301,0.000663814743267435,-0.0003977978713787049,0.0017075556900213466,0.06255263678375786,1.3755585785149511,21.990417178898564,-1.9893873045710009,0.32524702976338193,0.30929853870554425,0.0016168438624660406,0.028807195448518032,0.008842612377370634,true
2.9250000000000003,14.404811043066319,0.02464593575745854,0.012961863190455718,0.0329054956981765,2.4110574000909498e-5,-0.000261470821602857,-0.0002624700608465182,0.0006612513667782669,-0.0003987813059317487,0.0017109516871671659,0.06256649123950885,1.3755158222960169,21.984864342647047,-1.9896301556603055,0.33115326643055243,0.31436456819773434,0.001617015180621961,0.028830745181050728,0.008850392087453755,true
2.975,14.404811043066319,0.02469565712251113,0.013229400471247627,0.03308032056736945,2.448205205763967e-5,-0.00026214828284868016,-0.00025886648880083006,0.0006586454124142074,-0.00039977892361337734,0.0017144034065200914,0.06258055129676764,1.3754722337051941,21.979228453620845,-1.989879662521252,0.3370725243562657,0.3194149613574146,0.0016171840024680985,0.028854652136246578,0.008858292201556995,true
3.0250000000000004,14.404811043066319,0.024746176992994126,0.013499385762822287,0.033258780409033045,2.485135437859839e-5,-0.00026284034578581065,-0.0002552067164246067,0.0006559971482012858,-0.0004007904317766791,0.0017179105591187585,0.06259481382894667,1.3754278088984613,21.97351065947897,-1.9901359790278808,0.34300506418971527,0.32444952313552866,0.001617349945778455,0.028878911146511928,0.008866311174549628,true
3.075,14.404811043066319,0.024797491088077432,0.013771869194435259,0.0334409081348314,2.5218391233108117e-5,-0.0002635471884110789,-0.00025149115537525764,0.000653306769254087,-0.0004018156138788293,0.001721472847782587,0.06260927581453125,1.3753825434592675,21.967712061286118,-1.9903992646375497,0.34895113905513836,0.329468053603014,0.00161751262346752,0.028903517209658596,0.008874447518787744,true
3.1250000000000004,14.404811043066319,0.02484959503790992,0.014046901014792845,0.03362673754654848,2.5583088959522158e-5,-0.0002642689856852855,-0.00024772001460842254,0.0006505743688983525,-0.00040285435428993,0.0017250899691510458,0.06262393449202822,1.3753364319621815,21.961833652231743,-1.9906696864229716,0.3549109889201664,0.33447034343914267,0.0016176716466115844,0.028928465754974732,0.008882699891499316,true
3.1750000000000003,14.404811043066319,0.02490248440913496,0.014324531531036732,0.03381630347988371,2.5945395451725514e-5,-0.0002650059090738375,-0.00024389326806597417,0.0006477999202669272,-0.00040390665220095307,0.0017287616154549727,0.06263878749940928,1.3752894675842688,21.955876262726807,-1.9909474208278257,0.36088483572619556,0.3394561702203738,0.0016178266272805037,0.028953752883990446,0.00889106717381188,true
3.225,14.404811043066319,0.024956154718842927,0.014604811085742464,0.0340096418971303,2.6305282780370774e-5,-0.00026575812712287543,-0.0002400106563973048,0.0006449832750090913,-0.00040497261861178644,0.0017324874754851742,0.0626538329655534,1.3752416418541087,21.949840524684358,-1.9912326547440844,0.3668728804711534,0.3444252964740927,0.0016179771805086651,0.02897937552994441,0.008899548523049559,true
3.2750000000000004,14.404811043066319,0.02501060142873269,0.014887790086806666,0.03420678989353344,2.6662745527119646e-5,-0.00026652580727046346,-0.00023607173206137622,0.0006421241841427864,-0.0004060524520814102,0.0017362672341871095,0.06266906952011043,1.3751929446314421,21.943726868166507,-1.9915255854964848,0.3728753034284708,0.34937747040884354,0.0016181229247125219,0.02900533147776791,0.008908143379205419,true
3.325,14.404811043066319,0.025065819913233575,0.01517351909801332,0.034407785589955206,2.701779393815471e-5,-0.00026730911884449715,-0.00023207595015321125,0.0006392223426057927,-0.0004071463924525815,0.0017401005704478767,0.062684496194448,1.3751433643896283,21.93753556100887,-1.9918264194556987,0.3788922683879022,0.3543124299399943,0.001618263479897797,0.029031619196649015,0.008916851409898292,true
3.3750000000000004,14.404811043066319,0.02512180539952879,0.01546204898574757,0.03461266790340564,2.737044203987029e-5,-0.00026810823690941535,-0.00022802279651364219,0.0006362774535650615,-0.0004082546570514193,0.0017439871529325642,0.0627001122067918,1.3750928888164429,21.931266793929122,-1.9921353692573927,0.3849239310618134,0.3592299099879791,0.0016183984634191289,0.02905823747218394,0.008925672389589474,true
3.4250000000000003,14.404811043066319,0.0251785528844427,0.01575343110168751,0.03482147621616012,2.7720692260564524e-5,-0.0002689233462862991,-0.00022391193227034884,0.0006332893021690465,-0.00040937736989869766,0.0017479266343144615,0.06271591664971735,1.3750415056774616,21.924920803715285,-1.9924526499462643,0.39097045079864756,0.3641296522067081,0.0016185274835208102,0.02908518486814609,0.008934606022975208,true
3.475,14.404811043066319,0.02523605704118917,0.016047717465634007,0.03503424999865422,2.8068519602776315e-5,-0.00026975464481461303,-0.00021974332289836847,0.000630257822639147,-0.0004105144997407785,0.0017519186448014127,0.06273190813452188,1.3749892037861073,21.91849801280697,-1.992778474804566,0.39703200350629675,0.3690114153351228,0.0016186501316519492,0.029112459110871982,0.008943651743128483,true
3.5250000000000004,14.404811043066319,0.0252943121364924,0.016344960901938224,0.03525102847256963,2.841385954915235e-5,-0.0002706023448441357,-0.000215517314444181,0.0006271831395920522,-0.0004116658251478712,0.0017559627863822404,0.0627480844747962,1.3749359738511928,21.911999152794195,-1.9931130519058509,0.40310879268243394,0.3738749836441325,0.0016187659752203698,0.029140056537978704,0.008952808530907285,true
3.575,14.404811043066319,0.025353311982242922,0.016645215082619208,0.03547185041623892,2.8756604104257304e-5,-0.000271466672174268,-0.00021123462386971097,0.0006240655663793665,-0.00041283094250965554,0.0017600586294706454,0.06276444250858655,1.374881808927104,21.905425332807056,-1.9934565826148953,0.4092010549695051,0.3787201706965845,0.0016188745528459636,0.02916797178357707,0.008962074812122951,true
3.6250000000000004,14.404811043066319,0.02541304994257327,0.016948534444860067,0.03569675420202509,2.909660915034324e-5,-0.00027234786220389307,-0.0002068962274799737,0.0006209055516296194,-0.0004140093241496457,0.001764205713396408,0.06278097814542663,1.3748267042377573,21.89877801924481,-1.9938092629313566,0.4153090572678016,0.3835468162718656,0.0016189753741580185,0.029196197850946185,0.00897144848189405,true
3.6750000000000003,14.404811043066319,0.025473519005536578,0.017254973981030923,0.03592577810674755,2.943371348038277e-5,-0.00027324615388173374,-0.0002025031598674803,0.0006177035795104735,-0.0004152004196429932,0.0017684035513814062,0.06279768667711758,1.3747706562775033,21.892058912075285,-1.9941712879708384,0.42143308425942805,0.38835477585820205,0.0016190679252267198,0.029224726642559977,0.008980927078999442,true
3.725,14.404811043066319,0.025534711908665287,0.017564588940401502,0.03615896085499233,2.9767765861756224e-5,-0.00027416178295752713,-0.00019805626965394382,0.000614460046484947,-0.0004164037768310032,0.0017726516392560588,0.06281456331275442,1.374713661314743,21.885269733867737,-1.9945428588185012,0.4275734181451434,0.39314390446366115,0.0016191516792461965,0.029253549882228183,0.008990508088635336,true
3.7750000000000004,14.404811043066319,0.025596621284556465,0.017877434522012625,0.03639634225879401,3.0098652394145104e-5,-0.0002750949766834429,-0.00019355600638960445,0.0006111751519177516,-0.0004176191455281472,0.0017769494655660385,0.06283160370959312,1.3746557138781885,21.87841202067402,-1.9949241897620693,0.43373031920132593,0.3979140416847817,0.0016192261064078592,0.029282660033184926,0.009000189244199736,true
3.825,14.404811043066319,0.025659239774920906,0.018193565661323692,0.03663796374061404,3.0426314018576922e-5,-0.00027604595211834385,-0.00018900232107131506,0.0006078488445603327,-0.00041884652348901766,0.0017812965194897053,0.06284880484906241,1.3745968046416253,21.871486783923014,-1.99531551410632,0.4399039946234845,0.40266498840374965,0.001619290700051058,0.029312051834574287,0.00900996902781542,true
3.8750000000000004,14.404811043066319,0.025722560058757477,0.018513037002266662,0.03688386851159137,3.075074511536265e-5,-0.0002770149193844835,-0.00018439473920734182,0.0006044808555662399,-0.0004200861163588981,0.0017856922927940034,0.06286616468140889,1.3745369211330087,21.864494646664742,-1.9957170841073093,0.4460946126432537,0.4073965189622333,0.001619344962318139,0.0293417216814489,0.009019846470141587,true
3.9250000000000003,14.404811043066319,0.025786574761428795,0.01883590309473063,0.03713410125587219,3.107196958348589e-5,-0.0002780020894676044,-0.0001797326095764503,0.000601070820948241,-0.0004213382113717907,0.001790136273522382,0.06288368215694647,1.3744760479592608,21.857435837310124,-1.9961291663464262,0.4523023028839123,0.4121083825004553,0.0016193884128967739,0.029371667698567416,0.009029821170886474,true
3.975,14.404811043066319,0.025851276254382625,0.01916221877242006,0.03738870734534681,3.138999989527433e-5,-0.000279007684158473,-0.0001750154564971884,0.0005976184582291168,-0.0004226030017319284,0.0017946279320912024,0.0629013563837223,1.374414169120646,21.850310520113343,-1.9965520316164966,0.4585271879507085,0.4168003277588785,0.0016194205712157191,0.029401888280414817,0.009039892819887199,true
4.0249999999999995,14.404811043066319,0.025916656408838976,0.019492039577124705,0.037647731830030326,3.170479407249605e-5,-0.00028003194419243716,-0.00017024329959787238,0.0005941237292560451,-0.0004238804296581727,0.001799166704190391,0.06291918565606382,1.3743512706624157,21.843119174730816,-1.9969859435946935,0.4647694187323276,0.4214721296485562,0.0016194409354219309,0.029432380398265626,0.009050060641952759,true
4.075,14.404811043066319,0.025982706405780934,0.019825422044887978,0.037911218619985566,3.201623054367464e-5,-0.0002810751315759072,-0.00016541678886636545,0.0005905869120125093,-0.00042517012314614383,0.0018037519775927623,0.06293716667921809,1.3742873427018638,21.8358628965046,-1.9974311512762557,0.4710292014102803,0.4261236085468063,0.0016194489632815438,0.02946313823725453,0.009060322950951043,true
4.125,14.404811043066319,0.02604941670263617,0.020162423695672484,0.038179210287125565,3.2324117007756434e-5,-0.00028213752408351987,-0.00016053705901679865,0.0005870085316036514,-0.0004264714725868527,0.0018083830898410098,0.06295529440582918,1.3742223797131554,21.828543455844958,-1.997887889714936,0.47730680144658777,0.4307546317874229,0.0016194440644816915,0.029494152892154187,0.00907067705189613,true
4.175,14.404811043066319,0.026116777199998456,0.02050310268241947,0.038451748701646096,3.2628235453073176e-5,-0.0002832194034484846,-0.00015560533082023943,0.0005833891624462251,-0.0004277838316259857,0.001813059339821721,0.06297356268778227,1.3741563785780766,21.82116303933812,-1.998356390376795,0.4836025180170586,0.4353650934386641,0.0016194256104191764,0.029525413486532016,0.009081119609885275,true
4.225,14.404811043066319,0.02618477755214735,0.020847517223220563,0.03872887631785407,3.29284059286213e-5,-0.0002843210424850876,-0.00015062242916158902,0.0005797291856627904,-0.0004291067565012014,0.0018177800093220422,0.06299196555439293,1.3740893350081596,21.813723748969974,-1.998836897431274,0.48991663673858915,0.4399548791745075,0.0016193929597080703,0.029556909396823587,0.009091647380421756,true
4.2749999999999995,14.404811043066319,0.026253407468826352,0.021195725081707147,0.03901063751091938,3.322453639634755e-5,-0.00028544269804296415,-0.00014558847071109737,0.0005760286288236435,-0.0004304401581125461,0.0018225443839794964,0.06301049852605783,1.374021240022883,21.806227091738688,-1.999329681942109,0.4962493827168611,0.44452383290921527,0.0016193454884408794,0.02958863255630897,0.009102257964165179,true
4.325,14.404811043066319,0.02632265682363221,0.02154778338393185,0.03929707918898307,3.351662624603843e-5,-0.00028658461480327247,-0.0001405029276847246,0.0005722871933020698,-0.0004317842656173452,0.001827351760806504,0.06302915920622747,1.373952078551663,21.79867375441544,-1.9998350451719666,0.5026009011049952,0.4490717445965378,0.00161928260877252,0.029620578512572552,0.009112950151126032,true
4.375,14.404811043066319,0.026392515461807507,0.021903748916703724,0.03958825016320096,3.380471219882385e-5,-0.0002877470392208605,-0.00013536508767915693,0.0005685044818533124,-0.0004331393941741555,0.0018322014348471033,0.06304794665492426,1.3738818314212258,21.791063854002942,-2.0003533068102537,0.5089712820476558,0.45359837009961346,0.0016192037625649388,0.02965274535551308,0.0091237235658549,true
4.425,14.404811043066319,0.026462972770495898,0.022263678782411013,0.039884199431584465,3.4088780546708806e-5,-0.00028893023640271453,-0.00013017468014915145,0.0005646803132027137,-0.0004345056330535622,0.0018370926693435324,0.06306685971138896,1.3738104801047462,21.783397594103704,-2.0008847827960876,0.5153606224458321,0.45810347611777974,0.0016191083894107016,0.02968513079019242,0.009134577705500668,true
4.475,14.404811043066319,0.02653401725131046,0.02262763103265386,0.04018497429904981,3.436869870414431e-5,-0.0002901344992821519,-0.00012493228209790945,0.0005608149293169761,-0.00043588264721906666,0.0018420246660633894,0.06308589518036418,1.3737380115912532,21.77567596788,-2.00142976568313,0.5217690905076089,0.46258688502571954,0.0016189958851538658,0.02971772894414325,0.00914551089371855,true
4.5249999999999995,14.404811043066319,0.02660563638881775,0.022995664847221778,0.04049061959047513,3.464421833711525e-5,-0.00029136014265488357,-0.00011963918934943484,0.000556908935847309,-0.00043726974649787415,0.0018469965561696304,0.06310504711151146,1.3736644200056913,21.767901029822873,-2.0019885219491873,0.5281969490021124,0.4670484890231161,0.0016188655773149306,0.029750529069498377,0.009156519859056895,true
4.575,14.404811043066319,0.026677816957027714,0.023367840060173915,0.04080117871947392,3.491506201450953e-5,-0.00029260748414588057,-0.00011429676194457656,0.0005529629767037502,-0.0004386662147591736,0.0018520074214974824,0.06312430790247685,1.373589703160989,21.760075457509966,-2.00256131178986,0.5346445125384208,0.47148821825108894,0.0016187167378814379,0.02978351744512626,0.009167600363814312,true
4.625,14.404811043066319,0.026750545601609332,0.023744216272606162,0.04111669615137231,3.518104343764701e-5,-0.00029387682429254556,-0.00010890565215153906,0.000548977345581868,-0.00044007169343032894,0.0018570563349725832,0.06314367074800045,1.373513855645887,21.752201596379024,-2.0031484209859367,0.5411120582556584,0.4759059786155142,0.0016185486308530517,0.02981668166969947,0.00917874861454701,true
4.675,14.404811043066319,0.026823809274730236,0.0241248521486443,0.04143721958015009,3.544213104642616e-5,-0.0002951684413265605,-0.00010346550435725145,0.0005449518306405638,-0.0004414863262833124,0.0018621423907980894,0.06316313177260331,1.3734368632184601,21.74428063768335,-2.0037501819445245,0.5475997509142129,0.48030160228832786,0.0016183605643392753,0.029850014438187435,0.009189962498008861,true
4.725,14.404811043066319,0.02689759512041002,0.024509805463919836,0.04176279993672433,3.5698387756464866e-5,-0.00029648260762540457,-9.797546156028607e-5,0.0005408859636491946,-0.0004429105020889085,0.0018672646964957612,0.06318269001151895,1.3733587034739112,21.736312639166385,-2.004366963530685,0.5541076473346318,0.4846748538071683,0.001618151906134695,0.02988351355665716,0.009201241578750881,true
4.775,14.404811043066319,0.026971889791732713,0.024899133974633003,0.042093488703758425,3.594981011282148e-5,-0.0002978196175786829,-9.243519424984058e-5,0.0005367795351202134,-0.0004443443408703728,0.0018724223255059977,0.06320234476132329,1.3732793537022832,21.728297563774284,-2.0049991305902246,0.5606357943478283,0.4890254980981818,0.0016179220422111718,0.029917177309600536,0.00921258557242414,true
4.825,14.404811043066319,0.027046678706124806,0.025292896473041074,0.042429334320565476,3.6196192712155855e-5,-0.0002991798035329295,-8.684561005931025e-5,0.0005326329544965138,-0.0004457873444372036,0.001877614265488306,0.06322209209003324,1.3731988004890006,21.720236630788133,-2.005647002798081,0.5671843529733194,0.4933533825002991,0.0016176703026296634,0.029950998292361128,0.009223992322132203,true
4.875,14.404811043066319,0.027121945952021685,0.025691153059778347,0.04277038092221286,3.643716290745573e-5,-0.0003005635214692405,-8.120846786856414e-5,0.0005284470626525041,-0.00044723859478393996,0.0018828394118419688,0.06324192369546036,1.3731170420460008,21.71213274058844,-2.006310854252321,0.57375363429537,0.497658457021446,0.0016173959165133205,0.02998496133138225,0.009235457125487817,true
4.925,14.404811043066319,0.027197675096934576,0.02609396415731541,0.04311667139549573,3.6672403532071965e-5,-0.0003019711138521028,-7.552501798086431e-5,0.0005242224520375,-0.00044869743405663565,0.0018880966238030616,0.06326183000419452,1.373034078521672,21.703989252771127,-2.006990968644279,0.5803439833793299,0.5019406950712337,0.0016170980481156547,0.030019048889209587,0.009246974521645825,true
4.975,14.404811043066319,0.027273850217114017,0.02650138897208075,0.043468252707980395,3.690187008723667e-5,-0.0003034028850618804,-6.979493215918169e-5,0.0005199589257888535,-0.0004501639936296718,0.0018933847959249797,0.06328180541801263,1.3729498971838452,21.69580795166515,-2.007687707025992,0.5869555921676605,0.5061999725077057,0.001616775898738751,0.03005325033889804,0.009258541338795695,true
5.025,14.404811043066319,0.027350455964124623,0.026913484987079826,0.043825177862724746,3.712572496192223e-5,-0.0003048591235788696,-6.40169223479901e-5,0.0005156558009369119,-0.0004516388785889218,0.0018987028627001409,0.06330185013810136,1.3728644687652434,21.68758836858888,-2.0084015073397326,0.5935884419323317,0.5104360353108941,0.0016164287807489677,0.03008756528952164,0.009270157769243633,true
5.075,14.404811043066319,0.027427476292881343,0.027330309409060435,0.04418750057633586,3.734395887474147e-5,-0.00030634015705711444,-5.8190804404267e-5,0.0005113129417382684,-0.0004531221373340014,0.001904049710258672,0.06332196485099578,1.3727777644528862,21.679329876816013,-2.009132784279247,0.6002425002322195,0.5146486295928894,0.001616056065326778,0.030121994292614807,0.009281824292143255,true
5.125,14.404811043066319,0.027504893178675674,0.02775192124362222,0.0445552671021075,3.755612290916121e-5,-0.0003078463732919306,-5.231857560048078e-5,0.000506931307012729,-0.0004546127314122482,0.0019094240873027634,0.06334214281298965,1.37268977802495,21.671034749766168,-2.0098818309781312,0.6069179989464017,0.5188376756810992,0.001615657023132998,0.030156524788383297,0.009293537057863835,true
5.175,14.404811043066319,0.027582687151743883,0.02817838112582403,0.04492851638799442,3.776165822883446e-5,-0.0003093781624578679,-4.640245752887906e-5,0.0005025119757214743,-0.00045610951819259523,0.0019148246422170643,0.06336237032607182,1.372600520641189,21.66270790656332,-2.0106488867634678,0.6136154024611841,0.5230032410710018,0.0016152307346827509,0.03019113173105705,0.00930528813891695,true
5.225,14.404811043066319,0.02766083929430026,0.02860974824497947,0.04530729216361972,3.7960542295289575e-5,-0.00031093584573962593,-4.044198246517275e-5,0.000498054683361125,-0.00045761270089595226,0.001920250061705229,0.06338263873862308,1.3725099836076065,21.654352215715637,-2.011434344318419,0.6203349755945695,0.5271452688324537,0.001614776238475138,0.03022579873379389,0.009317072517609206,true
5.275,14.404811043066319,0.02773933185787565,0.029046078458401958,0.04569165106911793,3.8153184269971086e-5,-0.00031251971489257204,-3.4435011069658134e-5,0.0004935583220701448,-0.0004591233110004867,0.0019256991136463281,0.06340295199760566,1.3724181216920026,21.645965660145137,-2.0122387726176436,0.6270765349210939,0.5312634319387806,0.0016142927969264678,0.030260531742947724,0.009328892524798972,true
5.325,14.404811043066319,0.027818146166714967,0.029487427632219176,0.04608164895033211,3.833938186966208e-5,-0.00031413015061523803,-2.838233920433945e-5,0.0004890232493530184,-0.0004606409101486789,0.001931170501546085,0.06342331275975013,1.3723249016507986,21.637546856771994,-2.0130625915558755,0.6338399598274603,0.5353574536242401,0.0016137798635423104,0.030295334779222496,0.009340749758672603,true
5.375,14.404811043066319,0.02789726104024952,0.029933855499594368,0.04647732237002947,3.851815537037069e-5,-0.00031576760273784884,-2.2287675420072693e-5,0.00048445128761477195,-0.00046216361219469926,0.0019366627550229283,0.06344370507790995,1.3722303466571284,21.629101657477385,-2.013905921572019,0.6406257783386046,0.5394274553624886,0.0016132366315595946,0.03033017886870099,0.009352634927603541,true
5.425,14.404811043066319,0.027976656612753087,0.030385422075685054,0.04687870551640452,3.868935053287974e-5,-0.0003174324185724166,-1.6151067717808793e-5,0.00047984243216915145,-0.00046369136445134266,0.0019421744949732961,0.06346411154308725,1.3721344736535237,21.620636298074544,-2.0147690283139856,0.647434532348006,0.5434735634519965,0.001612662005079996,0.030365031903946234,0.009364537830210845,true
5.475,14.404811043066319,0.028056308108754875,0.030842179904218375,0.0472858576049435,3.885391462081291e-5,-0.0003191248852975224,-9.969297368737516e-6,0.00047519503763920597,-0.00046522574027046845,0.001947704001453017,0.06348454090469938,1.3720372028842327,21.612146568782528,-2.015652870639173,0.6542658268880015,0.5474953515480581,0.0016120548218558563,0.03039990747578494,0.009376463548516959,true
5.525,14.404811043066319,0.028136179818841887,0.03130418341992074,0.04769883767503311,3.901131353864025e-5,-0.0003208454670697254,-3.74491952514057e-6,0.0004705103454015722,-0.0004667654258764316,0.0019532487954699754,0.06350499959139412,1.3719384603184728,21.60362914960779,-2.0165583891899037,0.6611194347589175,0.551492507680343,0.0016114138594732067,0.030434815059908638,0.00938841581931863,true
5.575,14.404811043066319,0.028216286897481083,0.031771502717651424,0.04811767758703492,3.915887017504262e-5,-0.0003225951274259114,2.5178454865598904e-6,0.00046579004684934623,-0.0004683078923359061,0.001958809929066223,0.06352545720467641,1.37183842046219,21.595097159902103,-2.0174837801620003,0.6679964526962111,0.5554654943344806,0.0016107408481058523,0.030469704124240958,0.00940037696207237,true
5.625,14.404811043066319,0.028296600486816516,0.03224414965009891,0.04854234579858303,3.9296257879110594e-5,-0.0003243806457682464,8.839237953422877e-6,0.00046101838110880315,-0.000469857619062226,0.001964385398893305,0.06354587788154258,1.3717371627730344,21.58656404637486,-2.0184289131399447,0.6748970500417233,0.5594142299794819,0.001610034606139499,0.030504509650748877,0.009412325831691808,true
5.675,14.404811043066319,0.028377112213210424,0.03272220038910606,0.04897292148131361,3.942397712662449e-5,-0.00032619702085774096,1.5201033954492598e-5,0.0004562093085063621,-0.0004714103424608547,0.0019699746236428142,0.06356626628677564,1.3716346485421127,21.57802760278636,-2.0193942315059723,0.6818215464785168,0.5633387223910632,0.0016092946516627928,0.03053923892031412,0.009424265084146108,true
5.725,14.404811043066319,0.028457791838768412,0.03320571745619644,0.04940946543028622,3.954269216760764e-5,-0.0003280432778239844,2.1602116667155335e-5,0.00045136449708513325,-0.0004729666137522886,0.0019755755041623003,0.063586625048109,1.3715308034268483,21.56948575882368,-2.0203808029747328,0.6887699485626829,0.5672388056538451,0.00160851942012269,0.030573893919584306,0.00943619611777239,true
5.775,14.404811043066319,0.02853862407498487,0.0336947547511531,0.04985204990321446,3.9652409833340536e-5,-0.0003299197940455247,2.8043171955221494e-5,0.00044648357169396204,-0.00047452674364918354,0.001981186979104581,0.06360697113856288,1.3714255671706792,21.560931807036283,-2.0213890164527926,0.6957416319288799,0.5711139729012156,0.0016077090150339258,0.030608504651389572,0.009448128896559776,true
5.825,14.404811043066319,0.028619577102395655,0.03418936683319071,0.05030070396040474,3.9752528092483996e-5,-0.00033182701962530326,3.452253005749295e-5,0.000441567314361376,-0.00047608984441886894,0.0019868068395226565,0.06362728588688048,1.3713189465639863,21.552372185134228,-2.022419338533295,0.7027371473840263,0.5749643825821074,0.001606861997567273,0.03064303576833293,0.009460052299188308,true
5.875,14.404811043066319,0.028700627248558624,0.03468960623108304,0.05075547472671725,3.984294663434192e-5,-0.0003337653422798838,4.103996745352174e-5,0.0004366158170543819,-0.00047765578450790363,0.0019924334420459836,0.06364756682657167,1.3712109170762647,21.54380733536242,-2.0234722133944674,0.7097564827062159,0.5787898839116343,0.0016059776158859724,0.030677481563347497,0.009471964773713482,true
5.925,14.404811043066319,0.028781745919623423,0.03519552397013493,0.05121640123866961,3.992334407190301e-5,-0.00033573516193958987,4.7594707659420624e-5,0.0004316294528585341,-0.0004792241605179547,0.0019980648016537064,0.06366780590481963,1.3711014628510818,21.53523972383804,-2.024548126279323,0.7167997946684331,0.5825904251059891,0.001605054834721307,0.030711825967157887,0.009483861443108399,true
5.975,14.404811043066319,0.028862903942573306,0.03570717012024564,0.051683522925102865,3.99934595313855e-5,-0.0003377368868597043,5.418608526270034e-5,0.0004266085372091953,-0.00048079462247189563,0.0020036988931185122,0.06368799609587515,1.37099056394735,21.52667139791111,-2.025647593911428,0.7238671982135834,0.5863659367184637,0.0016040926146929607,0.030746054670077627,0.009495738019549263,true
6.025,14.404811043066319,0.028944070920855117,0.03622459393511534,0.05215687823488792,4.005301713029094e-5,-0.0003397709394453018,6.081341507710946e-5,0.00042155339147277756,-0.000482366806549887,0.0020093336062736618,0.06370813015323337,1.370878199450954,21.518104457840188,-2.026771155243091,0.7309588108236138,0.5901163560682738,0.0016030898778678208,0.030780152861964748,0.009507590066320864,true
6.075,14.404811043066319,0.029025215302612255,0.036747843676505326,0.052636504610938425,4.010173442790222e-5,-0.000341837753570051,6.74760194925654e-5,0.0004164643311073353,-0.0004839403505999007,0.002014966750749805,0.0637282007247099,1.370764347266399,21.509541014468034,-2.0279193710782306,0.7380747465093079,0.5938416239955855,0.0016020455133447047,0.030814105443895547,0.009519413065836566,true
6.125,14.404811043066319,0.029106304402239283,0.03727696646027269,0.053122438329564495,4.01393205653378e-5,-0.0003439377715221013,7.417322133833776e-5,0.0004113416717350352,-0.00048551489307337294,0.00202059605747133,0.06374820033332175,1.3706489843207876,21.500983198804708,-2.029092821489416,0.7452151149397235,0.5975416844562301,0.0016009583810519582,0.030847896999665513,0.009531202408340949,true
6.175,14.404811043066319,0.02918730455038434,0.03781200821728143,0.05361471447203646,4.0165475647756315e-5,-0.00034607144193294666,8.090433467700819e-5,0.0004061857354979426,-0.0004870900701749508,0.002026219189069717,0.0637681213794183,1.3705320869196214,21.492433166801305,-2.0302921001866854,0.7523800215797084,0.6012164846550995,0.0015998273212713627,0.030881511814125736,0.009542953393550513,true
6.225,14.404811043066319,0.029268181244595647,0.03835301365924086,0.054113366901242896,4.017988959996885e-5,-0.000348239219079548,8.766866157008317e-5,0.0004009968532729016,-0.0004886655148429848,0.0020318337503416077,0.06378795614439749,1.370413631104169,21.483893103612676,-2.03151780882405,0.7595695677817541,0.6048659751485131,0.0015986511643056157,0.030914933894653742,0.009554661233273544,true
6.275,14.404811043066319,0.02934889927485652,0.03890002621636096,0.05461842820505719,4.018224120286312e-5,-0.00035044156313063414,9.446549193634286e-5,0.00039577536454354423,-0.0004902408564798871,0.0020374372969636043,0.06380769678908103,1.3702935929712055,21.475365229068952,-2.0327705520784494,0.7667838506462279,0.6084901098243449,0.00159742873867678,0.03094814698085337,0.00956632105079306,true
6.325,14.404811043066319,0.029429422841641833,0.039453087983387314,0.05512992964939634,4.0172197846545165e-5,-0.0003526789406587162,0.00010129410326224027,0.0003905216171145909,-0.0004918157203768312,0.0020430273436878948,0.06382733535521219,1.3701719489447572,21.466851801339814,-2.0340509333927708,0.7740229629451236,0.6120888459143531,0.001596158878365592,0.030981134558339927,0.00957792788206489,true
6.375,14.404811043066319,0.029509715644103467,0.04001223968303093,0.05564790114941194,4.01494156926309e-5,-0.00035495182493622615,0.00010815376028119872,0.00038523596698186854,-0.0004933897272630673,0.0020486013704641977,0.06384686377148645,1.3700486759486863,21.458355117523254,-2.035359552137454,0.781286993195501,0.615662144078485,0.001594840427944263,0.0310138798773311,0.00958947667951096,true
6.425,14.404811043066319,0.029589740904270974,0.04057752062070413,0.05617237122697872,4.011353977106317e-5,-0.00035726069588817367,0.00011504371565479357,0.00037991877793239735,-0.0004949624935871909,0.002054156824119803,0.06386627385830772,1.369923751442333,21.449877512528992,-2.0366970029635865,0.7885760257125325,0.6192099684733487,0.0015934722441504768,0.03104636596339362,0.009600962314868811,true
6.475,14.404811043066319,0.029669461331223286,0.04114896861080089,0.056703366932963795,4.006420379801393e-5,-0.00035960603982240026,0.0001219632115072935,0.0003745704208689996,-0.0004965336323762931,0.002059691115872327,0.06388555732720279,1.3697971533532982,21.441421358157765,-2.0380638769392214,0.7958901405027553,0.622732286738849,0.001592053194411629,0.0310785756138705,0.009612379578696642,true
6.525,14.404811043066319,0.029748839063999884,0.04172661987833623,0.05724091374034894,4.000102969705475e-5,-0.0003619883491192094,0.00012891148056862043,0.0003691912733700292,-0.0004981027539386496,0.002065201617366535,0.06390470577493565,1.3696688599928286,21.432989063694784,-2.0394607631272303,0.8032294130528523,0.6262290699349586,0.0015905821544740756,0.0311104913834546,0.009623723176676955,true
6.575,14.404811043066319,0.02982783563770404,0.04231050895481425,0.057785035430310314,3.99236269984532e-5,-0.00036440812198977265,0.0001358877459165706,0.0003637817199223616,-0.0004996694658389322,0.0020706856583211837,0.06392371067464817,1.3695388500336914,21.424583078479575,-2.0408882492806995,0.8105939141781727,0.6297002925092858,0.0015890580073399812,0.03114209556654689,0.009634987724232135,true
6.625,14.404811043066319,0.02990641198973067,0.04290066858785786,0.05833575399535531,3.983159285934862e-5,-0.000366865862296802,0.0001428912203008886,0.00035834215232359096,-0.0005012333726244796,0.00207614052696137,0.0639425633692501,1.369407102551062,21.416205894704685,-2.0423469214832894,0.817983710000975,0.6331459323256582,0.0015874796439831519,0.031173370186494628,0.009646167742599573,true
6.675,14.404811043066319,0.029984528498283952,0.04349712967651733,0.05889308958579878,3.972451300564935e-5,-0.00036936207941254835,0.0001499211057996257,0.00035287296989809744,-0.0005027940756977231,0.0020815634726924688,0.06396125508192997,1.3692735970596799,21.407860044424307,-2.0438373633048412,0.825398861683018,0.636565970576896,0.0015858459655087806,0.03120429701790219,0.009657257665265574,true
6.725,14.404811043066319,0.030062145021486512,0.044099921227737274,0.059457060483755736,3.9601962590353796e-5,-0.0003718972881303026,0.00015697659245704216,0.00034737458022708763,-0.0005043511726841298,0.0020869517088151442,0.06397977693404122,1.3691383135230764,21.399548093682235,-2.0453601551601706,0.8328394252039664,0.6399603917226189,0.0015841558852744166,0.03123485762232147,0.009668251848882965,true
6.775,14.404811043066319,0.03013922091088854,0.044709070313791364,0.06002768306247992,3.946350587676673e-5,-0.0003744720086129547,0.0001640568555840076,0.0003418474005652205,-0.0005059042561492281,0.0020923024134631672,0.0639981199497843,1.3690012323607612,21.39127264105475,-2.04691587412296,0.8403054516409624,0.6433291836546798,0.0015824083297694784,0.03126503335846773,0.009679144576270643,true
6.825,14.404811043066319,0.030215714993827796,0.045324602004885105,0.06060497169892711,3.930869519051509e-5,-0.00037708676627751833,0.00017116105507314458,0.0003362918582586156,-0.0005074529133317602,0.002097612728378827,0.0640162750410647,1.3688623344616075,21.38303632292756,-2.0485050942790908,0.8477969878248852,0.6466723380175227,0.001580602237871614,0.031294805354290675,0.009689930047446178,true
6.875,14.404811043066319,0.03029158553920034,0.045946539263071656,0.06118893865399895,3.913707075115472e-5,-0.0003797420915419173,0.00017828834011064697,0.00033070838844928053,-0.0005089967285599275,0.002102879756536691,0.06403423299658374,1.3687216011510073,21.374841816626883,-2.050128387670334,0.8553140763068321,0.6499898502026675,0.0015787365593489069,0.03132415448541977,0.009700602373140533,true
6.925,14.404811043066319,0.03036679022649399,0.04657490280779744,0.06177959395224829,3.8948161100595924e-5,-0.00038243851956261193,0.00018543785483548397,0.0003250974312782025,-0.0005105352861136865,0.00210810055999387,0.0640519844943063,1.368579014106298,21.366691834941562,-2.0517863252993256,0.8628567541408825,0.6532817188269926,0.0015768102541921067,0.03135306139708732,0.009711155582432726,true
6.975,14.404811043066319,0.03044128613820546,0.04720971098376615,0.062376945256147225,3.87414823065755e-5,-0.00038517659013338843,0.00019260873719352675,0.0003194594324783366,-0.0005120681696718633,0.0021132721593636046,0.06406952010410533,1.3684345553673378,21.358589125434293,-2.0534794769632114,0.8704250521483474,0.6565479454496395,0.0015748222934237517,0.03138150651090859,0.00972158362463615,true
7.025,14.404811043066319,0.03051502975777732,0.04785097965605186,0.0629809977322493,3.851653782442196e-5,-0.00038795684763301804,0.00019980011506310897,0.0003137948453398971,-0.0005135949604030061,0.0021183915336720482,0.06408683026100845,1.3682882074023832,21.350536480423713,-2.055208411169503,0.878018995709366,0.6597885349543245,0.0015727716586432564,0.03140946997668057,0.009731880353430164,true
7.075,14.404811043066319,0.030587976975182223,0.04849872214637782,0.06359175399507158,3.8272820482215374e-5,-0.00039077984094508696,0.00020701110498238986,0.0003081041313992231,-0.000515115236381613,0.00212345562074593,0.0641039052753475,1.3681399530377083,21.342536732529698,-2.0569736960004095,0.8856386047622055,0.6630034955722434,0.0015706573415222352,0.031436931690673894,0.009742039533206405,true
7.125,14.404811043066319,0.030660083071092102,0.04915294919443143,0.06420921408836261,3.800981420010667e-5,-0.0003936461234514047,0.00021424081034958467,0.0003023877614141732,-0.0005166285717637579,0.0021284613161135614,0.06412073535769273,1.3679897752985695,21.33459274394376,-2.0587759008848128,0.8932838936085971,0.6661928388206882,0.0015684783424595662,0.03146387133952729,0.0097520548543547,true
7.175,14.404811043066319,0.030731302672390604,0.049813668915089496,0.0648333754415172,3.772699455560731e-5,-0.00039655625307993207,0.00022148831938098248,0.0002966462164757264,-0.0005181345358567089,0.002133405469916452,0.06413731062466779,1.3678376572600073,21.32670740225775,-2.0606155988268378,0.9009548713649679,0.6693565797082393,0.0015662336678053455,0.031490268407574275,0.009761919937017745,true
7.225,14.404811043066319,0.0308015896976115,0.05048088672762012,0.0654642327899179,3.7423829077858806e-5,-0.0003995107923074831,0.00022875270629690468,0.0002908799875049052,-0.0005196326938018099,0.0021382848831215796,0.06415362109652628,1.3676835819151936,21.318883619326197,-2.062493368624066,0.9086515423118611,0.6724947368821558,0.0015639223268199966,0.03151610216898781,0.009771628329903487,true
7.275,14.404811043066319,0.030870897339624975,0.0511546052518119,0.06610177807592932,3.709977690757741e-5,-0.00040251030812131505,0.00023603303440697452,0.00028508957378469845,-0.000521122608191673,0.002143096306319445,0.06416965670279683,1.367527532132546,21.31112432884408,-2.0644097954427774,0.9163739054544546,0.6756073324463173,0.0015615433315501954,0.03154135169932078,0.00978117351419898,true
7.325,14.404811043066319,0.030939178084674213,0.051834824174432984,0.06674600030876227,3.67542881127548e-5,-0.0004055553719414998,0.00024332835928248008,0.00027927548142281,-0.0005226038407052901,0.0021478364410456204,0.06418540727305873,1.3673694907432836,21.303432490911764,-2.0663654698407887,0.9241219542235352,0.6786943918436665,0.0015590956985729082,0.03156599586323054,0.009790548898657802,true
7.375,14.404811043066319,0.03100638377316417,0.052521540109124985,0.06739688542905697,3.638680308875064e-5,-0.0004086465595287146,0.00025063773050249005,0.00027343822251027635,-0.0005240759530127664,0.002152501944000781,0.06420086253602608,1.3672094406978412,21.295811094915376,-2.068360985456291,0.9318956758138593,0.6817559436014241,0.001556578453134323,0.03159001332117399,0.009799747819892695,true
7.425,14.404811043066319,0.031072465675618118,0.05321474646833864,0.06805441617392932,3.599675229810184e-5,-0.00041178445089005923,0.0002579601911682107,0.00026757831538927175,-0.0005255385065574825,0.0021570894323237016,0.06421601210748065,1.3670473652623347,21.28826316673571,-2.0703969364391184,0.9396950511445362,0.6847920193315205,0.0015539906332387367,0.03161338251588768,0.00980876353594568,true
7.475,14.404811043066319,0.031137374559514444,0.05391443336379319,0.06871857197928789,3.558355761392391e-5,-0.00041496963016097814,0.00026529477749713667,0.000261696284887233,-0.0005269910623843697,0.002161595488231153,0.06423084549040328,1.3668832481193383,21.28079177042071,-2.072473915987151,0.9475200547836334,0.6878026537145869,0.001551331292460139,0.03163608167904328,0.00981758922719213,true
7.525,14.404811043066319,0.031201060758669158,0.054620587544627494,0.06938932893822694,3.514663311935178e-5,-0.0004182026855577578,0.000272640515457632,0.000255792664051581,-0.000528433179509213,0.0021660166638345197,0.0642453520934272,1.366717073419651,21.273400003040482,-2.0745925150589204,0.9553706546694698,0.6907878844053306,0.0015485995031587862,0.0316580888720264,0.009826218008442515,true
7.575,14.404811043066319,0.03126347421487842,0.055333192350244274,0.07006665973363235,3.468538589879838e-5,-0.00042148420930886214,0.0002799964179634016,0.0002498679956208127,-0.0005298644135842143,0.0021703494840306795,0.06425952121430983,1.3665488258529455,21.26609100144729,-2.0767533219238574,0.9632468133681849,0.6937477525155148,0.0015457943570493305,0.031679381959072835,0.009834642919715166,true
7.625,14.404811043066319,0.03132456447097709,0.0560522276554164,0.07075053359460648,3.4199219713197115e-5,-0.0004248147974699322,0.0002873614896123246,0.00024392282972467136,-0.000531284319336996,0.002174590446020117,0.0642733420578372,1.366378490477738,21.258867933896834,-2.0789569243500807,0.9711484878871953,0.696682302526772,0.0015429149630043022,0.03169993863872468,0.009842856937771883,true
7.675,14.404811043066319,0.03138428062605342,0.05677766978460769,0.07144091625867932,3.368753649494649e-5,-0.0004281950498942361,0.00029473472846914373,0.00023795772305548285,-0.0005326924515246266,0.0021787360161978713,0.0642868037861725,1.3662060524462547,21.25173397934761,-2.0812039123731196,0.9790756278723468,0.6995915816155788,0.0015399604452196233,0.0317197365352765,0.009850853007503187,true
7.725,14.404811043066319,0.03144257125248772,0.0575094913688135,0.07213776978279672,3.314973424991439e-5,-0.0004316255703432853,0.000302115121777351,0.0002319732410642203,-0.0005340883628415713,0.00218278262439426,0.06429989547568538,1.3660314969726077,21.24469234151655,-2.083494880299637,0.9870281768876398,0.7024756401332269,0.0015369299390588583,0.03173875311642375,0.009858624016404001,true
7.775,14.404811043066319,0.03149938432441504,0.05824766117767913,0.07284105232412585,3.2585209022521426e-5,-0.00043510696642056135,0.00030950164970311797,0.0002259699561260739,-0.0005354716058291919,0.002186726658908664,0.06431260607004613,1.3658548092552512,21.237746263425077,-2.0858304295528702,0.9950060735471328,0.7053345319962349,0.0015338225855289532,0.03175696560175048,0.009866162766635869,true
7.825,14.404811043066319,0.0315546672005233,0.05899214398491551,0.07355071806255727,3.199335997103781e-5,-0.00043863984951115717,0.0003168932925106069,0.00021994844397684327,-0.0005368417364874502,0.0021905644653153556,0.06432492430277642,1.3656759744413582,21.230899052646258,-2.0882111718683203,1.0030092547245888,0.7081683157759988,0.001530637524159129,0.03177435081274446,0.009873461928326761,true
7.875,14.404811043066319,0.0316083666352839,0.05974290047482713,0.07426671714315634,3.137358987766037e-5,-0.00044222483503744686,0.00032428902518164937,0.00021390928643364232,-0.0005381983116152917,0.00219429234724314,0.0643368392492643,1.3654949765596374,21.22415388280443,-2.0906377280867234,1.0110376319568324,0.7109770463830357,0.0015273739162856557,0.03179088622120806,0.009880514378506317,true
7.925000000000001,14.404811043066319,0.03166042883172483,0.0604998871801906,0.07498899555046472,3.072530325020093e-5,-0.0004458625427464767,0.0003316878071568616,0.00020785307658365324,-0.0005395408837405148,0.0021979065700389326,0.06434833951862105,1.3653118001671385,21.217514086312143,-2.093110728892788,1.0190911267502505,0.7137607875793511,0.0015240309142676258,0.03180654842826999,0.009887312707996011,true
7.975,14.404811043066319,0.031710799574084084,0.0612630564535431,0.07571749505077366,3.0047909870851336e-5,-0.0004495535966325376,0.0003390885857493979,0.00020178041715186382,-0.0005408690029012617,0.0022014033699767213,0.06435941370278994,1.3651264296709993,21.210982995822754,-2.0956308109306785,1.0271696517846802,0.7165196052361906,0.0015206076850330407,0.03182131402511853,0.009893849497590661,true
8.025,14.404811043066319,0.03175942437826801,0.062032356441185335,0.07645215325747799,2.9340831534528426e-5,-0.0004532986247251166,0.0003464903078306196,0.00019569191471609183,-0.0005421822225467114,0.002204778964702577,0.06437005035423782,1.364938849440961,21.204563953725415,-2.098198615905652,1.0352731126945316,0.7192535679607245,0.0015171034112660454,0.03183515955814404,0.009900117305872336,true
8.075,14.404811043066319,0.03180624851667504,0.06280773097894815,0.0771929035863541,2.8603503677499587e-5,-0.0004570982591628656,0.00035389192104138406,0.0001895881791341156,-0.0005434801001754997,0.0022080295549579466,0.06438023804453231,1.3647490436556828,21.19826029086247,-2.1008147911904738,1.0434014055358272,0.7219627462459304,0.0015135172933151617,0.03184806164331715,0.009906108706487986,true
8.125,14.404811043066319,0.03185121696726868,0.06358911941294748,0.07793967501217504,2.783537284064515e-5,-0.00046095313642770144,0.00036129236551105354,0.00018346982771352135,-0.0005447621932245749,0.0022111513210442356,0.06438996529743628,1.3645569963966802,21.19207535045854,-2.1034799906735246,1.0515544187391732,0.7246472131465095,0.001509848546081518,0.0318599968431421,0.009911816248554021,true
8.175,14.404811043066319,0.031894274521856475,0.0643764564705048,0.07869239187380084,2.703589695593742e-5,-0.00046486389734597697,0.00036869057074682423,0.00017733748680873933,-0.0005460280575555636,0.002214140430339669,0.06439922051742586,1.3643626920056497,21.186012517596627,-2.1061948716855663,1.0597320356666073,0.7273070450988368,0.0015060964017065907,0.0318709415443042,0.00991723241456704,true
8.225,14.404811043066319,0.03193536602513623,0.06516967220937704,0.07945097384594677,2.620455013210063e-5,-0.00046883118682401477,0.0003760854619141806,0.0001711917887197846,-0.0005472772506339652,0.0022169930538941817,0.0644079920073868,1.3641661153797633,21.180075218356603,-2.1089600899940844,1.0679341341340902,0.7299423217081693,0.0015022601184218518,0.031880872008473775,0.009922349633203575,true
8.275,14.404811043066319,0.03197443638012972,0.06596869188197878,0.08021533584857818,2.5340828433052597e-5,-0.0004728556536772803,0.00038347596672519597,0.00016503336825980522,-0.0005485093349850012,0.0022197053668066304,0.06441626801652442,1.363967251715236,21.174266900487677,-2.1117763023754836,1.0761605840176545,0.7325531249409107,0.0014983389790286543,0.031889764462170594,0.00992716031002907,true
8.325,14.404811043066319,0.03201143021358852,0.0667734356650389,0.08098538776645368,2.4444255115394445e-5,-0.00047693795083890363,0.0003908610146318525,0.00015886286315053142,-0.0005497238777823839,0.002222273524996849,0.06442403674092871,1.3637660857088794,21.16859102128377,-2.1146441791433257,1.0844112459478108,0.7351395387096251,0.0014943322727980872,0.03189759507360025,0.009931656828281033,true
8.375,14.404811043066319,0.032046291716987294,0.06758381856948108,0.08176103434948542,2.3514386144929995e-5,-0.0004810787358172805,0.00039823952896696246,0.00015268091797528884,-0.0005509204469422513,0.0022246936541672033,0.06443128632361868,1.3635626010522668,21.163051040196656,-2.117564412146761,1.0926859719230624,0.7377016490754605,0.0014902392844082825,0.03190433993996266,0.009935831549838533,true
8.425,14.404811043066319,0.03207896511017705,0.06839975077042532,0.08254217559416469,2.2550814234928023e-5,-0.00048527867096647396,0.00040561042038549116,0.00014648818754708811,-0.0005520986079325793,0.0022269618819899823,0.06443800490614596,1.3633567809827216,21.157650410940757,-2.120537704671326,1.1009846072977398,0.7402395448505295,0.001486059311866224,0.03190997521597545,0.009939676849692205,true
8.475,14.404811043066319,0.03210939527979526,0.06922113793229093,0.08332870711460463,2.155316924645029e-5,-0.000489538423281066,0.00041297259145899414,0.00014028533471161807,-0.0005532579261706122,0.0022290743824266235,0.06444418066717028,1.3631486093126202,21.15239258534087,-2.1235647543440006,1.1093069925247696,0.742753318078649,0.0014817916940560736,0.03191447723421591,0.009943185143158987,true
8.525,14.404811043066319,0.032137527701904554,0.07004788082434392,0.0841205197108619,2.052111794162252e-5,-0.0004938586639962884,0.00042032495158634176,0.0001340730228991113,-0.000554397974485453,0.0022310273703571963,0.06444980176892325,1.3629380704531928,21.1472810318306,-2.1266462546809017,1.1176529619605766,0.7452430636042227,0.001477435806951514,0.03191782240634447,0.0099463488547045,true
8.575,14.404811043066319,0.03216330759624629,0.07087987432746236,0.08491749827463696,1.945436896299198e-5,-0.0004982400686743549,0.0004276664251774751,0.00012785191192955062,-0.0005555183371070257,0.002232817042867628,0.06445485625695936,1.3627251480428206,21.14231924760027,-2.1297829198456624,1.1260223397838212,0.7477088778214885,0.0014729910240179032,0.03191998698112224,0.009949160355809165,true
8.625,14.404811043066319,0.03218667929726547,0.07171700689524457,0.08571952121655455,1.8352686030567203e-5,-0.0005026833181095835,0.00043499593703292194,0.0001216226652437911,-0.000556618602276713,0.0022344395355854644,0.06445933203705614,1.3625098234895485,21.13751074408084,-2.1329755082074326,1.1344149380087392,0.7501508581169365,0.0014684566818791954,0.03192094695250886,0.009951611950442819,true
8.675,14.404811043066319,0.03220758681435064,0.0725591615325085,0.08652646157202018,1.7215901583410495e-5,-0.0005071890994701836,0.0004423123855544581,0.00011538596340695799,-0.0005576983489614161,0.002235890961572425,0.0644632170275934,1.3622920760317003,21.132858998466876,-2.136224816539236,1.1428305612444736,0.7525691042771859,0.001463832095940804,0.031920678370396825,0.009953695971419776,true
8.725,14.404811043066319,0.03222597531764203,0.07340621760963631,0.08733818898642129,1.604391470334711e-5,-0.0005117581063563226,0.00044961464540867896,0.00010914250300583835,-0.0005587571484145173,0.002237167514471065,0.06446649935158957,1.3620718847100957,21.128367421993584,-2.1395316432131257,1.151269015561425,0.7549637209486005,0.0014591166224506744,0.03191915779908771,0.009955404904227246,true
8.775,14.404811043066319,0.03224179189613208,0.07425805078372322,0.08815456962840704,1.4836669473255566e-5,-0.0005163910373531983,0.0004569016193706622,0.00010289297072353327,-0.0005597945900941955,0.002238265521133059,0.06446916729751533,1.361849230476533,21.124039406183233,-2.142896756924474,1.1597301071154504,0.7573348170554767,0.0014543097031383915,0.031916362323220156,0.009956731368024961,true
8.825,14.404811043066319,0.032254984322061794,0.07511452962263686,0.08897546253803558,1.3594135940637232e-5,-0.0005210885951245442,0.00046417227817328215,9.663802297071457e-5,-0.0005608103011439967,0.0022391813558420514,0.06447120894821888,1.3616240959727004,21.11987844165155,-2.1463209126175764,1.168213625279269,0.7596825009897619,0.0014494108287693036,0.031912268813641675,0.009957667887800396,true
8.875,14.404811043066319,0.03226549584160749,0.07597550756768309,0.08980071089769315,1.2316111484835368e-5,-0.000525851492728975,0.00047142544586582753,9.037839312965453e-5,-0.0005618038389954821,0.0022399110786766145,0.06447261118112733,1.361396463955057,21.115888421680214,-2.1498049094917913,1.176719316401995,0.7620068736068221,0.0014444194203960083,0.03190685190535194,0.00995820627543303,true
8.925,14.404811043066319,0.03227325181311033,0.07684069661934234,0.09063000269385552,1.100547686063513e-5,-0.0005306804944781788,0.0004786577902848044,8.411590281202416e-5,-0.0005627736930968285,0.002240449507919432,0.06447334224534003,1.3611662953013959,21.112079006572326,-2.1533505145475638,1.1852465181274652,0.7643079307287871,0.0014393328890377952,0.03190004886496833,0.009958326818082926,true
8.975,14.404811043066319,0.0322782510618614,0.07771012331490164,0.09146337563458391,9.661863094291882e-6,-0.0005355763547825161,0.00048586887063441014,7.785095648055749e-5,-0.0005637198271149676,0.00224079656202074,0.06447341671235506,1.3609335667724933,21.10844494009416,-2.156957709375705,1.1937954925230865,0.7665859228303323,0.0014341529004099748,0.031891889039972136,0.009958038530513455,true
9.025,14.404811043066319,0.032280539570963176,0.07858438050070435,0.0923014841538207,8.279261658257278e-6,-0.000540539642427888,0.0004930634907520218,7.158129723643535e-5,-0.0005646447879884571,0.0022409554331850293,0.06447292249998797,1.360698136805155,21.104955135319155,-2.160625853355276,1.202368473757989,0.7688416132392517,0.0014288845824731824,0.03188254227425311,0.009957395682959254,true
9.075,14.404811043066319,0.03227979049565086,0.07946166725256482,0.09314234950163258,6.861342031012212e-6,-0.0005455710548425419,0.0005002387053658639,6.530851400247081e-5,-0.0005655472193683347,0.0022409034314399127,0.06447161633573299,1.360460385431634,21.101695021063204,-2.1643573172063797,1.2109599762884764,0.7710737436155306,0.0014235171999389422,0.031871544259267644,0.00995624838892128,true
9.125,14.404811043066319,0.03227610145178551,0.08034273104197324,0.09398681474226378,5.412970702819155e-6,-0.000550671491578698,0.0005073885371077126,5.9035775330098714e-5,-0.0005664243124378114,0.0022406473334005616,0.06446962771737078,1.3602198731356325,21.098615290578657,-2.1681547080921786,1.2195723481772613,0.7732831250026379,0.0014180528099562212,0.03185913661088257,0.009954676312504332,true
9.175,14.404811043066319,0.032269469928715884,0.08122750482517099,0.09483480552173945,3.9324591091333135e-6,-0.0005558416921979477,0.000514513104791977,5.2763208402142056e-5,-0.0005672763131941191,0.002240186964774427,0.06446694788371118,1.3599766802389974,21.095719975640755,-2.172017201955704,1.2282060611874543,0.7754700657959517,0.001412493545238464,0.03184530701052522,0.009952674345918462,true
9.225,14.404811043066319,0.032259825215583196,0.08211568080882384,0.09568599382306692,2.4199758195247405e-6,-0.000561082383247322,0.0005216126270260465,4.64908814789869e-5,-0.0005681035085050334,0.002239517416725247,0.06446354898506251,1.359730820683446,21.093018335036483,-2.175945654947685,1.2368603032427137,0.7776345495985326,0.0014068385218938345,0.03183000336232323,0.009950225526154955,true
9.275,14.404811043066319,0.03224710470156235,0.08300703007163818,0.09654013860174321,8.765556385306117e-7,-0.0005663943264333615,0.000528686075040158,4.021948667027773e-5,-0.0005689055617104357,0.002238634342731231,0.06445941471940163,1.3594822503633026,21.09051495861802,-2.1799414445257597,1.2455345994272782,0.7797766532443743,0.001401086573854718,0.031813194496729626,0.00994732000607989,true
9.325,14.404811043066319,0.03223126423843625,0.08390136935890558,0.09739704870346227,-6.966862447064855e-7,-0.0005717782973123356,0.0005357322046795541,3.394982882536566e-5,-0.0005696820335049198,0.002237534677967928,0.06445453432434636,1.359230931350182,21.088212731633387,-2.184005673541037,1.254228694376358,0.7818965127016224,0.0013952371662388702,0.031794860590847455,0.00994395142842808,true
9.375,14.404811043066319,0.03221226336905311,0.08479850900293529,0.09825652670615492,-2.2986154834066087e-6,-0.0005772350762895025,0.0005427499029541741,2.7682651967649678e-5,-0.0005704325549218238,0.0022362156138492576,0.0644488969652258,1.358976832084319,21.086114674973754,-2.1881393562371105,1.2629423169157972,0.7839942631637399,0.0013892899351584608,0.031774982123021975,0.009940113456342931,true
9.425,14.404811043066319,0.03219006065533642,0.08569824612776153,0.09911836154836595,-3.927997622304427e-6,-0.0005827654500747785,0.0005497381141915681,2.1418675493832138e-5,-0.0005711567896854003,0.0022346742736921174,0.06444249109682706,1.358719919277555,21.08422402908093,-2.1923435658340216,1.2716751562289927,0.7860700335027256,0.001383244460076754,0.03175353834359805,0.009935799370088545,true
9.475,14.404811043066319,0.03216461525827692,0.08660037033271534,0.09998233467030074,-5.583471625459026e-6,-0.0005883702131622667,0.0005566957811988489,1.5158623466617288e-5,-0.0005718544046654662,0.0022329078224014045,0.06443530509238483,1.3584601572014048,21.082544037832946,-2.1966194246409,1.280426887554226,0.7881239526950651,0.0013771003015890834,0.031730508498832743,0.009931002457703245,true
9.525,14.404811043066319,0.03213588802213955,0.08750466585376276,0.10084822235247062,-7.263555062787449e-6,-0.0005940501679331494,0.0005636218427123845,8.903225940398788e-6,-0.0005725250686527833,0.0022309135417370152,0.06442732746228723,1.3581975087579323,21.08107789436025,-2.2009680802773057,1.2891971810918277,0.7901561519080682,0.0013708570436355711,0.03170587230746881,0.009925716154188073,true
9.575000000000001,14.404811043066319,0.03210384159932039,0.08841091128435183,0.1017157954274753,-8.966648395886311e-6,-0.0005998061243948382,0.0005705152410687043,2.653215134600513e-6,-0.0005731684562033048,0.0022286888389815712,0.06441854682963867,1.3579319358641513,21.07982875576717,-2.205390700780041,1.2979857001578783,0.7921667639818164,0.001364514300773325,0.03167960993468118,0.00991993402939721,true
9.625,14.404811043066319,0.032068440149549,0.08931887923366652,0.10258481891430894,-1.0691039828130002e-5,-0.00060563890003576,0.0005773749236292038,-3.5906753030629922e-6,-0.0005737842483261408,0.00222623122605867,0.06440895190439917,1.3576633989947688,21.078799745257765,-2.2098884828385086,1.3067920996164346,0.7941559230065911,0.0013580717074166404,0.03165170193459702,0.009913649773917236,true
9.675,14.404811043066319,0.03202964988524014,0.09022833629782759,0.10345505198010513,-1.2434916029711287e-5,-0.0006115493193019478,0.0005841998439079256,-9.827710894443992e-6,-0.0005743721330134816,0.0022235383573918827,0.06439853144330433,1.3573918585328575,21.077993986988485,-2.214462632470011,1.315616026686468,0.796123764453407,0.0013515289442059524,0.03162212922633259,0.009906857178679947,true
9.725,14.404811043066319,0.031987440334871255,0.09113904304183397,0.10432624798723848,-1.4196274452689304e-5,-0.0006175382135256512,0.0005909889689593758,-1.6057160070239086e-5,-0.0005749318088891368,0.002220608117610001,0.06438727431287725,1.3571172750453684,21.077414590509374,-2.2191143588455264,1.3244571173032123,0.7980704243176658,0.0013448857493702502,0.031590873234963984,0.009899550176662322,true
9.775,14.404811043066319,0.031941774382714505,0.09205075411637559,0.10519815452882339,-1.5976305033445572e-5,-0.0006236064303018717,0.0005977412928862602,-2.227830093803383e-5,-0.0005754629919482264,0.0022174379300927737,0.0643751681135939,1.3568396716480677,21.07706607078434,-2.2238439532976004,1.3333150240354363,0.7999960451395187,0.0013381431067535532,0.031557915283645016,0.009891722081668197,true
9.825000000000001,14.404811043066319,0.03189260983355141,0.09296321873130035,0.10607051370021721,-1.776276929962826e-5,-0.0006297548417881044,0.0006044557236271205,-2.8490364535559175e-5,-0.0005759653590915613,0.0022140248655953564,0.06436220739054276,1.356558725976396,21.076945322041983,-2.2286568444307413,1.3421892850160249,0.8019007476568666,0.0013312954227794327,0.0315232390950394,0.0098833700999066,true
9.875,14.404811043066319,0.031839975528661905,0.0938761797192248,0.10694306170727749,-1.9565391503740153e-5,-0.000635984246351278,0.0006111312805114632,-3.469263434362511e-5,-0.0005764386461678381,0.0022103709263154767,0.06434837274865812,1.3562748093848578,21.077064600878202,-2.233548176525402,1.3510796593759937,0.803784702825637,0.0013243504446616887,0.03148682448930476,0.009874483865389395,true
9.925,14.404811043066319,0.031783795145169144,0.09478937241795071,0.10781552806033853,-2.1376648914920327e-5,-0.000642295529678838,0.0006177670094292974,-4.0884403075068396e-5,-0.000576882606354229,0.00220647081382356,0.06433365906748145,1.3559876360788559,21.07742130222254,-2.2385228200697456,1.3599856126431011,0.805648021696091,0.0013173034654924193,0.03144865769406635,0.009865061003999562,true
9.975,14.404811043066319,0.03172404455468887,0.0957025293285636,0.10868763799847772,-2.3194195834817423e-5,-0.0006486895665404643,0.0006243618527206237,-4.706490809927935e-5,-0.0005772969446213444,0.002202322853096992,0.06431805461021667,1.3556971609699588,21.07801874894723,-2.2435821466391057,1.3689068052376323,0.8074908594363792,0.001310154310365762,0.03140872034079736,0.00985509547822632,true
10.025,14.404811043066319,0.031660719798857886,0.09661537588849409,0.10955911127991647,-2.5016026511610943e-5,-0.0006551672250983798,0.0006309148444015385,-5.32334290422372e-5,-0.0005776814153593012,0.002197926769341248,0.06430154824810594,1.355403384951697,21.07886080319414,-2.248726803441504,1.377842818174186,0.8093133570013071,0.0013029038351691663,0.03136699708174725,0.00984458177429414,true
10.075000000000001,14.404811043066319,0.03159379956639325,0.09752763135941815,0.11042966133300156,-2.6839767361223834e-5,-0.0006617293819589857,0.000637425011413439,-5.938923850756722e-5,-0.0005780357729058719,0.0021932810831004107,0.06428412953537722,1.3551062604580562,21.07995037425693,-2.25395817893443,1.3867932226496713,0.811115655937553,0.0012955520037138445,0.03132347265098024,0.009833514825312195,true
10.125,14.404811043066319,0.03152326326045436,0.09843901003860928,0.11129899673605981,-2.8662972344861746e-5,-0.000668376920401944,0.0006438913824147117,-6.553160647246554e-5,-0.0005783597759422462,0.0021883843645160426,0.06426578809128136,1.3548057364833586,21.08129032136087,-2.259277725037955,1.3957575907593123,0.8128979004643986,0.0012880987681849684,0.031278132152018925,0.009821889693426865,true
10.175,14.404811043066319,0.03144909486739608,0.09934922100750179,0.11216682114828429,-3.0483181544108833e-5,-0.0006751107279957368,0.0006503129983643875,-7.165980563460498e-5,-0.0005786531927297825,0.0021832355019008693,0.06424651360083257,1.3545017679346574,21.082883599727417,-2.2646868119464325,1.4047354861052799,0.8146602354710988,0.0012805442580206539,0.03123096136860872,0.009809701584731365,true
10.225,14.404811043066319,0.03137128078095376,0.10025796803133347,0.11303283316309368,-3.229792760210342e-5,-0.0006819316959911272,0.0006566889113500755,-7.777311089410425e-5,-0.0005789158004559712,0.00217783355069098,0.0642262958519025,1.3541943111906865,21.084733180211465,-2.2701867961609143,1.4137264634753124,0.8164028064047665,0.0012728886919045647,0.031181946698081123,0.009796945868393723,true
10.275,14.404811043066319,0.03128980910069014,0.10116494970726,0.1138967264416346,-3.410474831334366e-5,-0.0006888407189300303,0.0006630181843105879,-8.387079927841579e-5,-0.0005791473850321721,0.002172177684743135,0.06420512474609885,1.353883322826777,21.086842026719058,-2.275779040240882,1.4227300697696397,0.8181257594004118,0.0012651323529828309,0.031131075137929305,0.009783618083823298,true
10.325000000000001,14.404811043066319,0.031204669742671658,0.10206985957730957,0.11475818983263983,-3.590120020618196e-5,-0.0006958386940826577,0.0006692998920703423,-8.995215052701474e-5,-0.0005793477415433276,0.0021662672040180537,0.0641829902971471,1.3535687600817625,21.089213104829863,-2.2814649058933965,1.4317458439981827,0.8198292412230676,0.0012572755980682809,0.031078334303925013,0.009769713942385495,true
10.375,14.404811043066319,0.03111585449405866,0.10297238618918102,0.11561690743680902,-3.768487073325141e-5,-0.000702926520824741,0.0006755331223112464,-9.601644765148042e-5,-0.000579516674659766,0.0021601015383701347,0.06415988262716024,1.3532505812031055,21.091849389235723,-2.2872457490246774,1.4407733169841421,0.8215133991560285,0.0012493188639597348,0.031023712439690355,0.009755229327620494,true
10.425,14.404811043066319,0.031023356975164472,0.10387221316654763,0.11647255867824474,-3.9453389683688485e-5,-0.000710105100019268,0.0006817169761515184,-0.00010206297730386452,-0.0005796539988476539,0.0021536802449135493,0.06413579196447264,1.3529287455835215,21.09475386743431,-2.2931229179792014,1.4498120111765418,0.8231783809137376,0.001241262669565296,0.030967198422304297,0.009740160296110521,true
10.475,14.404811043066319,0.030927172599515582,0.1047690193145539,0.11732481841240634,-4.120443999743771e-5,-0.000717375333405826,0.0006878505684335116,-0.00010809103000212235,-0.0005797595384313892,0.00214700300524957,0.06411070864435317,1.3526032138705342,21.09792954206677,-2.299097752095249,1.4588614405813765,0.8248243345791503,0.0012331076175780672,0.030908781772301674,0.009724503080022415,true
10.525,14.404811043066319,0.030827298552276894,0.1056624787636383,0.11817335707455767,-4.293576782721061e-5,-0.0007247381229945582,0.0006939330278388742,-0.00011409990027027809,-0.0005798331275685961,0.0021400696239688233,0.0640846231122476,1.352273948087801,21.10137943261712,-2.3051715799818164,1.4679211108163628,0.8264514085644985,0.0012248543964321849,0.030848452668551293,0.009708254091145568,true
10.575000000000001,14.404811043066319,0.030723733780246204,0.10655226114643765,0.11901784086312013,-4.464519176560523e-5,-0.0007321943704656645,0.0006999634969119603,-0.00012008888673294638,-0.000579874610179014,0.0021328800279566953,0.06405752593027464,1.351940911752531,21.10510657598753,-2.3113457177323466,1.4769905192026214,0.8280597515782409,0.0012165037822748064,0.03078620196884938,0.009691409926828423,true
10.625,14.404811043066319,0.030616478998885453,0.10743803180590601,0.11985793195598221,-4.633061129237893e-5,-0.000739744976573415,0.0007059411320260539,-0.0001260572921811325,-0.0005798838398449214,0.002125434266881448,0.06402940778554866,1.3516040700059664,21.10911402668043,-2.3176214668586446,1.4860691549319318,0.829649512604426,0.0012080566411603714,0.03072202123392312,0.009673967376947304,true
10.675,14.404811043066319,0.03050553666231346,0.10831945199079215,0.120693288707827,-4.799001421783405e-5,-0.000747390840561193,0.0007118651036274785,-0.00013200442377767866,-0.0005798606798497998,0.0021177325111110808,0.06400025949319087,1.3512633896664346,21.113404857525595,-2.324000113615006,1.4951564993954853,0.8312208409081765,0.0011995139292289303,0.030655902738379676,0.009655923427466451,true
10.725,14.404811043066319,0.030390910992032956,0.1091961790827514,0.12152356588927765,-4.9621483327842584e-5,-0.0007551328595774122,0.0007177345965386729,-0.00013792959329395364,-0.0005798050032447192,0.0021097750537075917,0.06397007200981565,1.3509188393616576,21.11798215819377,-2.330482926695271,1.5042520260650492,0.8327738859616582,0.0011908766950113625,0.030587839503650512,0.009637275270335843,true
10.775,14.404811043066319,0.030272607992811187,0.11006786680843875,0.12234841490524748,-5.1223202234209814e-5,-0.0007629719281234829,0.000723548810239941,-0.00014383211733836582,-0.0005797166929015752,0.002101562311529435,0.06393883644051841,1.3505703896432415,21.122849035572646,-2.3370711554279096,1.5133552005465427,0.8343087974012997,0.0011821460807383347,0.03051782531729731,0.009618020309305971,true
10.825000000000001,14.404811043066319,0.030150635328817885,0.1109341653524126,0.12316748389587462,-5.2793459956066596e-5,-0.0007709089375265869,0.0007293069595875989,-0.00014971131780672833,-0.0005795956417808707,0.002093094816632859,0.06390654402882283,1.350218012845719,21.128008615780413,-2.3437660325791825,1.5224654808855222,0.8358257250268445,0.0011733233175600737,0.03044585471175126,0.009598156155069872,true
10.875,14.404811043066319,0.03002500238419782,0.11179472157668141,0.12398041796955087,-5.433065454440126e-5,-0.0007789447754135363,0.000735008275441195,-0.00015556652229119488,-0.0005794417531500001,0.0020843732204769323,0.06387318617168439,1.349861683233172,21.13346404240562,-2.3505687717420582,1.5315823170962586,0.8373248186706267,0.001164409727865172,0.030371922999150765,0.00957768063578375,true
10.925,14.404811043066319,0.029895720232533597,0.11264917919121134,0.12478685937168257,-5.5833295744943155e-5,-0.0007870803252254347,0.0007406520050295325,-0.00016139706436209126,-0.0005792549406674413,0.0020753982918036086,0.06383875441938772,1.349501376983128,21.139218477190195,-2.357480567809539,1.5407051511990462,0.8388062281556284,0.00115540672336132,0.030296026271971057,0.009556591798166012,true
10.975,14.404811043066319,0.029762801612825376,0.11349717893774333,0.1255864476689437,-5.7300006511179295e-5,-0.0007953164657664971,0.000746237412299894,-0.00016720228384411757,-0.0005790351284557764,0.0020661709149702137,0.06380324047876414,1.3491370721505593,21.145275099304673,-2.364502597632998,1.5498334171357364,0.8402701032345183,0.0011463158029767322,0.03021816140905026,0.009534887910480431,true
11.025,14.404811043066319,0.029626260923537862,0.11433835880136481,0.1263788199629302,-5.872952350971234e-5,-0.0008036540707850302,0.0007517637781630125,-0.0001729815270426396,-0.0005787822511203729,0.002056692089536177,0.06376663621835266,1.348768748639169,21.151637104090813,-2.371636020488487,1.5589665407484783,0.8417165935405104,0.0011371385509806814,0.030138326085124574,0.00951256746658645,true
11.075000000000001,14.404811043066319,0.02948611422477014,0.11517235424452435,0.12716361112677566,-6.012069670624066e-5,-0.0008120940085865303,0.0007572304006533527,-0.00017873414692933187,-0.0005784962537240209,0.002046962930413664,0.06372893367484686,1.348396388163875,21.158307701232932,-2.3788819786256896,1.5681039398135876,0.8431458485478935,0.0011278766349814217,0.030056518782105045,0.00948962919062747,true
11.125,14.404811043066319,0.02934237924599415,0.11599879845764996,0.12794045405863191,-6.147248812117739e-5,-0.0008206371416775085,0.0007626365950720281,-0.00018445950332056114,-0.000578177091751467,0.0020369846684047932,0.06369012506058645,1.348019974203344,21.165290112415608,-2.3862415979256126,1.577245024089687,0.8445580175352213,0.0011185318037705526,0.029972738801574715,0.009466072042197862,true
11.175,14.404811043066319,0.029195075397258238,0.11681732261899996,0.1287089799442556,-6.278396985110124e-5,-0.0008292843264384232,0.0007679816941623445,-0.00019015696307364983,-0.0005778247310886947,0.002026758650979399,0.06365020277075677,1.3476394919454033,21.17258756895207,-2.3937159886723354,1.5863891954057914,0.8459532495548993,0.0011091058849785262,0.0298869862760451,0.009441895221184183,true
11.225,14.404811043066319,0.029044223781387345,0.11762755615673093,0.1294688185213046,-6.405432145929017e-5,-0.0008380364128246402,0.0007732650483263488,-0.00019582590030543535,-0.0005774391480209134,0.002016286343121983,0.0636091593905487,1.347254928223011,21.180203309261017,-2.401306246466203,1.5955358477088373,0.8473316933966313,0.0010996007825280426,0.02979926217938476,0.009417098172424613,true
11.275,14.404811043066319,0.028889847205584483,0.1184291270091497,0.13021959834110491,-6.528282681722847e-5,-0.0008468942440945728,0.0007784860258736885,-0.00020146569662905485,-0.0005770203292446336,0.002005569328137106,0.06356698770234703,1.3468662714401263,21.18814057615628,-2.4090134532868497,1.6046843670449813,0.8486934975415072,0.0010900184738898836,0.029709568336529962,0.009391680590221227,true
11.325000000000001,14.404811043066319,0.028731970192127382,0.11922166188309588,0.1309609470278384,-6.646887046170796e-5,-0.0008558586565641128,0.0007836440132840702,-0.0002070757413997248,-0.0005765682718843455,0.0019946093083919605,0.06352368069034756,1.3464735114933326,21.196402614905935,-2.416838678713335,1.6138341316282194,0.8500388101300428,0.0010803610070763022,0.02961790742778585,0.009365642421170413,true
11.375,14.404811043066319,0.02857061898900093,0.12000478651352998,0.13169249153842255,-6.761193354424224e-5,-0.0008649304793865427,0.000788738415452309,-0.00021265543195399868,-0.0005760829834983104,0.001983408106054487,0.06347923154727013,1.34607663968228,21.20499267039673,-2.4247829812353685,1.6229845117484347,0.8513677789072924,0.0010706304975843382,0.02952428299629359,0.009338983868072675,true
11.425,14.404811043066319,0.028405821581775674,0.12077812592860163,0.13241385842762882,-6.87115894412681e-5,-0.0008741105343560799,0.0007937686558995243,-0.00021820417383410493,-0.0005755644820654194,0.0019719676639179985,0.06343363367900474,1.3456756486210808,21.21391398497911,-2.4328474096226564,1.6321348698016869,0.8526805511873787,0.0010608291252205237,0.02942869945119946,0.009311705392463853,true
11.475,14.404811043066319,0.028237607707535924,0.12154130472356997,0.1331246741220463,-6.976749909356485e-5,-0.0008833996357329548,0.0007987341769516347,-0.00022372138099772146,-0.0005750127959539132,0.001960290046368081,0.06338688071036662,1.3452705321452934,21.22316979584832,-2.441033004316955,1.6412845602738035,0.8539772738121109,0.0010509591309377968,0.029331162072321657,0.009283807717639961,true
11.525,14.404811043066319,0.02806600887067755,0.12229394734475513,0.13382456520413843,-7.077940616173206e-5,-0.0008927985900875286,0.0008036344398848139,-0.000229206476012794,-0.0005744279638720199,0.0019483774404793028,0.06333896649053594,1.3448612852211852,21.23276333253927,-2.4493407987955647,1.6504329297832583,0.8552580931190116,0.0010410228137043745,0.02923167701382184,0.009255291831334568,true
11.575000000000001,14.404811043066319,0.027891058359871324,0.12303567838250705,0.13451315870529773,-7.174713207577213e-5,-0.0009023081961607346,0.0008084689250511677,-0.0002346588902438739,-0.0005738100348072939,0.0019362321571928247,0.06328988509989049,1.3444479038518449,21.24269781387502,-2.4577718209259993,1.6595793170627096,0.8565231549014692,0.0010310225274300098,0.02913025130988658,0.00922615898903947,true
11.625,14.404811043066319,0.0277127912652192,0.12376612287085924,0.13519008240542563,-7.267057105002986e-5,-0.0009119292447378983,0.0008132371319976505,-0.00024007806403634937,-0.0005731590679613011,0.0019238566325074156,0.06323963085493495,1.3440303849907487,21.25297644563759,-2.4663270942714575,1.6687230530582533,0.8577726043860564,0.001020960677907468,0.02902689287658123,0.009196410716040944,true
11.675,14.404811043066319,0.027531244494821094,0.12448490659135907,0.13585496513639758,-7.354968513530092e-5,-0.0009216625185330388,0.0008179385795784014,-0.0002454634468986325,-0.0005724751326797689,0.0019112534286295352,0.06318819831515073,1.343608726450564,21.263602417485057,-2.4750076393923353,1.6778634609095817,0.8590065861938871,0.001010839719822727,0.0289216105166185,0.009166048810395842,true
11.725,14.404811043066319,0.027346456790267426,0.125191656379388,0.1365074370876702,-7.438449935929348e-5,-0.0009315087920805714,0.0008225728060611945,-0.0002508144976825336,-0.0005717583083786608,0.0018984252350488485,0.06313558228733142,1.3431829268235538,21.274578900859723,-2.4838144750573186,1.6869998560600472,0.8602252443204071,0.0010006621538094108,0.028814413919279424,0.009135075344269435,true
11.775,14.404811043066319,0.027158468740599045,0.12588600043243292,0.13714713011352855,-7.517509697562782e-5,-0.000941468831631541,0.0008271393692422017,-0.0002561306847688937,-0.0005710086844733079,0.0018853748695073396,0.06308177783114718,1.3427529853998708,21.285909046413632,-2.4927486194355026,1.6961315462562645,0.8614287221006743,0.0009904305235699966,0.028705313662029427,0.009103492665807178,true
11.825000000000001,14.404811043066319,0.02696732279435943,0.12656756862066,0.13777367804235247,-7.592161487604513e-5,-0.0009515433950523193,0.000831637846544359,-0.00026141148624606313,-0.0005702263602982958,0.0018721052788359907,0.06302678026382715,1.3423189020913457,21.297595981778883,-2.5018110912315144,1.7052578316017049,0.8626171621826677,0.0009801474130488896,0.028594321210133406,0.009071303400314378,true
11.875,14.404811043066319,0.026773063269277655,0.12723599280044787,0.13838671698859117,-7.662423918129572e-5,-0.0009617332317233226,0.0008360678351030247,-0.00026665639008287604,-0.0005694114450201487,0.0018586195396269867,0.06297058516516313,1.341880677357128,21.30964280921895,-2.511002910774086,1.7143780045762291,0.8637907064967713,0.0009698154436765828,0.028481448916377845,0.009038510451438038,true
11.925,14.404811043066319,0.026575736359464024,0.12789090713131332,0.13898588566790632,-7.72832010361479e-5,-0.0009720390824359261,0.0008404289518391126,-0.0002718648942961445,-0.0005685640575429681,0.0018449208587332437,0.06291318838106283,1.3414383121365816,21.322052603844202,-2.520325101042665,1.7234913501305187,0.864949496235582,0.0009594372716559103,0.02836671001780819,0.009005117001333086,true
11.975,14.404811043066319,0.026375390140283214,0.1285319483961519,0.1395708257154244,-7.789877263958846e-5,-0.0009824616792850906,0.0008447208335134887,-0.0002770365071093606,-0.0005676843264041281,0.0018310125736067098,0.06285458602879593,1.3409918077790477,21.334828411163052,-2.529778688672056,1.7325971456938416,0.8660936718230746,0.0009490155853277038,0.028250118634933177,0.008971126511614176,true
12.025,14.404811043066319,0.026172074570849708,0.12915875632416673,0.14014118200645365,-7.847126351476729e-5,-0.000993001745555202,0.0008489431367745223,-0.00028217074710844785,-0.0005667723896660745,0.0018168981524716008,0.06279477450068127,1.340541165985616,21.347973245306775,-2.5393647048235533,1.7416946612547186,0.8672233728937438,0.0009385531026419926,0.02813168976785242,0.008936542723231428,true
12.075000000000001,14.404811043066319,0.0259658414945525,0.12977097391572967,0.14069660297888537,-7.900101703693329e-5,-0.0010036599955966924,0.0008530955381939153,-0.0002872671433920049,-0.0005658283948019104,0.001802581194360826,0.0627337504676037,1.3400863887546108,21.36149008732778,-2.5490841859992104,1.7507831594615897,0.86833873827452,0.0009280525686911545,0.028011439291633713,0.00890136965606672,true
12.125,14.404811043066319,0.025756744636286855,0.13036824776827938,0.14123674095640873,-7.948840721392502e-5,-0.0010144371346916766,0.0008571777342914683,-0.00029232523571622016,-0.0005648524985752482,0.0017880654289238128,0.06267151088378739,1.3396274783290574,21.375381883056022,-2.5589381747684925,1.7598618956252505,0.8694399059550241,0.0009175167533644616,0.027889383953444112,0.008865611609057949,true
12.175,14.404811043066319,0.02554483959617701,0.13095022840249848,0.14176125247167048,-7.993383580587378e-5,-0.0010253338589072357,0.0008611894415410081,-0.00029734457463044756,-0.0005638448669105606,0.0017733547159907305,0.06260805298884675,1.3391644371552636,21.38965154201214,-2.568927720422616,1.768930117875675,0.8705270130772613,0.0009069484490128406,0.027765541364511485,0.008829273158594034,true
12.225,14.404811043066319,0.025330183840256676,0.13151657058863453,0.1422697985892815,-8.033772921687959e-5,-0.0010363508549299015,0.0008651303966266012,-0.00030232472173820433,-0.0005628056748883969,0.0017584530449255165,0.06254337431248573,1.3386972678250517,21.40430193511007,-2.579053879776789,1.7779870671583275,0.8716001959061477,0.0008963504680489884,0.0276399299959002,0.008792359158212802,true
12.275,14.404811043066319,0.025112836690201736,0.13206693367311725,0.14276204522887487,-8.070053630500878e-5,-0.001047488799890897,0.0008690003562518057,-0.00030726524973589216,-0.0005617351065159135,0.0017433645339131102,0.06247747267661979,1.3382259730532355,21.419335893752056,-2.5893177175091346,1.7870319773560615,0.8726595898157625,0.0008857256409159386,0.02751256916995514,0.008754874736680608,true
12.325000000000001,14.404811043066319,0.02489285930612766,0.13260098190397618,0.14323766348683728,-8.102272666782349e-5,-0.0010587483611675204,0.0008727990967851271,-0.0003121657423663272,-0.0005606333544187999,0.0017280934287652256,0.062410346028099146,1.3377505560371146,21.43475627317971,-2.599720307428443,1.7960640864553359,0.8737053305470274,0.0008750768094940458,0.027383478761563447,0.008716825201419975,true
12.375,14.404811043066319,0.02467031466381591,0.13311838475449944,0.14369632995591114,-8.130478805298132e-5,-0.0010701301961631002,0.0008765264145992719,-0.00031702579471933057,-0.0005595006198799413,0.0017126441013393813,0.0623419930989835,1.3372710189298402,21.450565701462065,-2.610262729518237,1.8050825939348274,0.8747375492585001,0.000864406842531989,0.027252680314510246,0.008678216403619767,true
12.425,14.404811043066319,0.024445267533962263,0.13361881724648647,0.14413772704402095,-8.15472245273833e-5,-0.0010816349520717387,0.0008801821261316275,-0.000321845013394361,-0.0005583371127372665,0.0016970210480982924,0.06227241245335794,1.3367873649500555,21.466766940357573,-2.6209460757954552,1.8140867227967266,0.875756379685382,0.0008537186075314356,0.027120195394395235,0.008639054202009522,true
12.475,14.404811043066319,0.024217784457233178,0.1341019602719759,0.14456154329149917,-8.175055513248975e-5,-0.0010932632656195473,0.0008837660677064065,-0.00032662301654243816,-0.0005571430511639683,0.0016812288883782534,0.06220160310778521,1.3362995969887408,21.483362650206168,-2.631771446912601,1.8230756796509209,0.8767619534760749,0.000843014985782908,0.02698604663847062,0.008599344805968252,true
12.525,14.404811043066319,0.023987933713838748,0.13456750091211025,0.14496747368516474,-8.191531242517567e-5,-0.0011050157627818147,0.0008872780955109243,-0.00033135943398431575,-0.0005559186615266085,0.001665272362276853,0.062129564383155804,1.3358077179185033,21.50035544560585,-2.642739953380577,1.8320486645297827,0.8777544013085545,0.0008322988661867777,0.026850257486467057,0.008559094688619607,true
12.575000000000001,14.404811043066319,0.02375578529023028,0.13501513275315172,0.14535521996927392,-8.204204127572458e-5,-0.0011168930584764803,0.0008907180855375601,-0.00033605390731066047,-0.0005546641782268997,0.001649156328341079,0.062056295906529085,1.3353117305744089,21.517747894358575,-2.6538527158251464,1.8410048709966491,0.8787338528767215,0.0008215731432746362,0.026712852168434924,0.008518310583686236,true
12.625,14.404811043066319,0.02352141084280713,0.13544455619933846,0.14572449095306195,-8.213129781790111e-5,-0.001128895756232152,0.0008940859335178872,-0.00034070608997730076,-0.0005533798435405865,0.001632885761047802,0.061981797612786174,1.3348116377376842,21.53554251647466,-2.6651108651976116,1.8499434862594761,0.879700436877592,0.0008108407152611412,0.026573855691812365,0.008476999482072242,true
12.675,14.404811043066319,0.02328488365834029,0.135855478782098,0.14607500281438784,-8.21836485480551e-5,-0.0011410244478301365,0.0008973815548452796,-0.0003453156473936154,-0.0005520659074516642,0.0016164657480563307,0.06190606974609471,1.334307442121545,21.553741783223426,-2.676515542951384,1.8588636912902243,0.8806542809993615,0.000800104482115576,0.026433293827715344,0.008435168628177203,true
12.725,14.404811043066319,0.02304627861115209,0.1362476154651754,0.14640647939904305,-8.219966955416784e-5,-0.0011532797129193203,0.0009006048844888003,-0.0003498822570053,-0.0005507226274835003,0.001599901487235773,0.06182911286119175,1.3337991463586727,21.572348116219825,-2.6880679011916815,1.8677646609499823,0.8815955119103086,0.0007893673436470174,0.02629119309646291,0.008392825515949118,true
12.775,14.404811043066319,0.02280567211720364,0.1366206889452883,0.146718652515338,-8.217994587177762e-5,-0.0011656621186035834,0.0009037558768911587,-0.0003544056083678266,-0.000549350268523332,0.0015831982834777296,0.06175092782447352,1.333286752990666,21.59136388655604,-2.699769102793321,1.8766455641212447,0.8825242552486561,0.0007786321976068095,0.026147580752339167,0.008349977884675022,true
12.825000000000001,14.404811043066319,0.022563142085203443,0.1369744299479243,0.1470112622235928,-8.212507093842464e-5,-0.0011781722190003408,0.0009068345058607949,-0.00035888540321543124,-0.0005479491026453636,0.0015663615453021921,0.06167151581491708,1.3327702644587802,21.610791413957923,-2.711620321496465,1.8855055638464435,0.8834406356132541,0.0007679019378009521,0.026002484767635496,0.008306633714527346,true
12.875,14.404811043066319,0.02231876786479674,0.1373085775178679,0.14728405712012937,-8.203564614224508e-5,-0.0011908105547702537,0.0009098407644531608,-0.0003633213555231502,-0.0005465194089300106,0.0015493967812607833,0.06159087832483614,1.3322496830959356,21.63063296596493,-2.7236227419802863,1.894343817473128,0.8843447765550951,0.0007571794522128613,0.025855933815992597,0.008262801221872375,true
12.925,14.404811043066319,0.02207263019195962,0.13762287930406034,0.14753679461537922,-8.191228045434051e-5,-0.0012035776526169379,0.0009127746648391457,-0.0003677131915606585,-0.0005450614732784873,0.0015323095961459466,0.06150901716048224,1.3317250111199042,21.650890757127865,-2.735777559915356,1.9031594768055948,0.8852368005696063,0.0007464676211365503,0.025707957255075763,0.00821848885435189,true
12.975,14.404811043066319,0.021824811131710746,0.13791709183839723,0.14776924120572094,-8.17555901230142e-5,-0.001216474024756462,0.0009156362381686719,-0.00037206064994190223,-0.0005435755882267697,0.0015151056870139235,0.06142593444250655,1.3311962506271338,21.67156694820991,-2.748085982002654,1.9119516882624745,0.8861168290896391,0.000735769315315177,0.025558585108615934,0.008173705285751402,true
13.025,14.404811043066319,0.021575394018255957,0.1381909808080817,0.14798117273867184,-8.156619843121663e-5,-0.0012295001683559235,0.0009184255344203754,-0.0003763634816658149,-0.0005420620527545605,0.0014977908390295172,0.06134163260627394,1.3306634035874967,21.692663645398284,-2.7605492259947413,1.9207195930413807,0.8869849824792428,0.0007250873940891392,0.025407848047826222,0.008128459410656128,true
13.075000000000001,14.404811043066319,0.021324463392646452,0.1384443213211336,0.14817237467104424,-8.134473549916531e-5,-0.0012426565649407946,0.0009211426222429199,-0.0003806214501508267,-0.0005405211720920932,0.001480370921138245,0.06125611440204831,1.330126471839403,21.714182899510284,-2.7731685207071615,1.9294623272898592,0.8878413800281107,0.0007144247035490841,0.025255777372233813,0.008082760338910332,true
13.125,14.404811043066319,0.02107210493807253,0.13867689816466414,0.14834264231967484,-8.109183812680637e-5,-0.0012559436797705355,0.0009237875887860168,-0.00038483433126205795,-0.0005389532575239589,0.0014628518815743494,0.0611693828950345,1.3295854570853363,21.736126705199556,-2.7859451060196547,1.9381790222839066,0.8886861399468012,0.0007037840746952709,0.02510240498992385,0.008036617389878218,true
13.175,14.404811043066319,0.020818405412949402,0.13888850605554443,0.14849178110435582,-8.080814965992415e-5,-0.0012693619611820854,0.0009263605395262733,-0.0003890019133337032,-0.0005373586261925701,0.0014452397432155302,0.06108144146527306,1.3290403608875236,21.758497000158872,-2.7988802328719253,1.9468688046148672,0.8895193793627753,0.0006931683216013388,0.024947763397205,0.00799004008651058,true
13.225,14.404811043066319,0.02056345258190323,0.13907894988308667,0.14861960678259245,-8.049431988914712e-5,-0.0012829118399010552,0.0009288615980747,-0.00039312399717990917,-0.0005357376008947908,0.0014275405987919114,0.06099229380737191,1.3284911846642404,21.7812956643331,-2.811975163246442,1.9555307963862623,0.8903412143173589,0.0006825802395891479,0.024791885657702056,0.007943038149215865,true
13.275,14.404811043066319,0.020307335144751262,0.13924804494334772,0.14872594567579842,-8.015100496035847e-5,-0.0012965937283200002,0.0009312909059770085,-0.000397200396099551,-0.0005340905098774574,0.0014097606059557506,0.06090194393008097,1.3279379296860532,21.804524519128723,-2.8252311701492525,1.964164115420385,0.8911517597635756,0.0006720226034087162,0.02463480538089662,0.007895621489545535,true
13.325000000000001,14.404811043066319,0.02005014266364416,0.13939561716469107,0.14881063488657043,-7.977886728711874e-5,-0.0013104080197437647,0.0009336486225100265,-0.0004012309358765643,-0.0005324176866334622,0.0013919059822235706,0.060810396155707394,1.3273805970719204,21.828185326619327,-2.8386495375902654,1.9727678754751945,0.8919511295648486,0.0006614981654243738,0.024476556700135148,0.007847800203699665,true
13.375,14.404811043066319,0.019791965488496068,0.13952150332425034,0.14887352250669555,-7.937857547433985e-5,-0.0013243550876016318,0.0009359349244624487,-0.0004052154547698091,-0.0005307194696926396,0.0013739829997994196,0.06071765511935781,1.3268191877856523,21.852279788760157,-2.8522315605553534,1.9813411864728108,0.892739436494655,0.0006510096538141359,0.024317174250117216,0.007799584565853761,true
13.425,14.404811043066319,0.019532894680814053,0.13962555125494341,0.14891446781555573,-7.89508042363761e-5,-0.0013384352846260242,0.0009381500059089286,-0.0004091538034968718,-0.0005289962024120568,0.0013559979802870174,0.06062372576803434,1.3262537026321155,21.876809546592106,-2.865978544979124,1.989883154738196,0.893516792236955,0.0006405597707788035,0.024156693143922336,0.007750985021328002,true
13.475,14.404811043066319,0.019273021936091428,0.13970762004271392,0.1489333414686207,-7.849623430465589e-5,-0.0013526489419977096,0.0009402940779784522,-0.000413045845212221,-0.0005272482327662311,0.0013379572893022014,0.060528613359587057,1.325684142253203,21.901776179434474,-2.8798918077178657,1.9983928832480244,0.8942833073873555,0.0006301511907634811,0.023995148949606915,0.007702012179608112,true
13.525,14.404811043066319,0.019012439504860933,0.13976758021367125,0.14893002567571487,-7.801555232713504e-5,-0.0013669963684575064,0.0009423673686126425,-0.00041689145547746604,-0.0005254759131351765,0.0013198673309923405,0.06043232346153159,1.3251105071236138,21.92718120406404,-2.8939726765215763,2.006869471889534,0.8950390914549626,0.0006197865586946349,0.023832577666412145,0.007652676807230101,true
13.575000000000001,14.404811043066319,0.018751240112569702,0.13980531391083126,0.1489044143687745,-7.750945075060575e-5,-0.0013814778493843934,0.0009443701223182009,-0.0004206905222257347,-0.0005236796000924662,0.0013017345424739546,0.06033486194974514,1.3245327975462438,21.953026073872348,-2.90822249000766,2.0153120177287294,0.8957842528648318,0.0006094684882335438,0.023669015700627734,0.007602989820543438,true
13.625,14.404811043066319,0.0184895168784045,0.13982071506014798,0.14885641335879474,-7.697862768450406e-5,-0.001396093645840216,0.0009463025999133588,-0.00042444294572006874,-0.00052185965419329,0.0012835653881974616,0.060236235007031465,1.323951013647223,21.979312178005088,-2.9226425976362322,2.0237196152886905,0.8965188989610582,0.000599199560048391,0.02350449984112356,0.007552962278355637,true
13.675,14.404811043066319,0.018227363233158794,0.1398136895255325,0.1487859404816699,-7.642378674178237e-5,-0.0014108439935810871,0.000948165078269346,-0.000428148638506273,-0.0005200164397630731,0.0012653663542454062,0.060136449121570096,1.323365155370304,22.006040840473098,-2.937234359691176,2.0320913568370833,0.8972431360104056,0.0005889823201051731,0.02333906723459623,0.0075026053744739135,true
13.725,14.404811043066319,0.017964872836336916,0.13978415525257742,0.14869292573264614,-7.584563686196756e-5,-0.0014257291020357624,0.000949957850041381,-0.00043180752535743527,-0.0005181503246839457,0.0012471439425777275,0.06003551108521219,1.3227752224711609,22.03321331925804,-2.951999147259575,2.040426332685783,0.8979570692066974,0.000578819277983755,0.023172755360508206,0.007451930430133445,true
13.775,14.404811043066319,0.017702139492600754,0.13973204240070242,0.1485773113891064,-7.524489211137238e-5,-0.0014407491532510543,0.0009516812233920384,-0.0004354195432114225,-0.0005162616801806159,0.0012289046652313837,0.05993342799162151,1.3221812145113614,22.06083080540959,-2.9669383422135818,2.0487236315027135,0.8986608026759453,0.0005687129052188775,0.02300560200574253,0.007400948886320064,true
13.825000000000001,14.404811043066319,0.0174392570676739,0.1396572934634402,0.14843905212140485,-7.462227145243549e-5,-0.0014559043008047353,0.0009533355217131678,-0.0004389846411044538,-0.000514350880608714,0.001210655038482313,0.059830207234252496,1.321583130851699,22.08889442213229,-2.9820533372005142,2.0569823406365866,0.8993544394822407,0.0005586656336651893,0.022837645238986105,0.007349672295992144,true
13.875,14.404811043066319,0.017176319403880886,0.13955986337663334,0.1482781150915265,-7.397849849038382e-5,-0.0014711946686863158,0.0009549210833387291,-0.000442502780096863,-0.0005124183032418661,0.001192401576982061,0.059725856504141764,1.3209809706454236,22.11740522388019,-2.9973455356335004,2.0652015464565183,0.9000380816345355,0.0005486798538929684,0.022668923384844206,0.0072981123161994284,true
13.925,14.404811043066319,0.01691342023544956,0.13943971961432539,0.14809448003936657,-7.331430119704766e-5,-0.0014866203501461542,0.00095643826124776,-0.00044597393319060374,-0.0005104643280571563,0.0011741507878779672,0.05962038378750212,1.3203747328314273,22.14636419546514,-3.012816351682502,2.0733803347077364,0.9007118300943716,0.0005387579136167458,0.022499474997702284,0.007246280700103198,true
13.975,14.404811043066319,0.016650653103702652,0.13929684227214362,0.1478881393564367,-7.263041160416697e-5,-0.001502181406513271,0.0009578874227646747,-0.0004493980852420264,-0.0005084893375226483,0.0011559091649256557,0.05951379736314111,1.3197644161269961,22.17577225116491,-3.028467210271308,2.0815177908819598,0.9013757847843953,0.0005289021161564068,0.022329338835395545,0.007194189288918044,true
14.025,14.404811043066319,0.016388111272294618,0.13913122413801327,0.14765909814685285,-7.192756546807608e-5,-0.0015178778659826937,0.0009592689492553988,-0.00045277523286919624,-0.0005064937163862025,0.0011376831826046723,0.05940610579969725,1.3191500190202923,22.20563023383726,-3.0442995470783645,2.089613000603257,0.9020300445976895,0.0005191147189343299,0.022158553832710065,0.0071418500037816164,true
14.075000000000001,14.404811043066319,0.016125887642686555,0.13894287075011988,0.14740737427554695,-7.120650190965095e-5,-0.001533709722372986,0.0009605832358162438,-0.0004561053843521389,-0.0005044778514641049,0.0011194792902506463,0.05929731795270788,1.3185315397628903,22.23593891404119,-3.060314808535497,2.09766505002929,0.902674707407877,0.0005093979320141275,0.02198715907477326,0.007089274837568951,true
14.125,14.404811043066319,0.015864074669790097,0.13873180044178693,0.14713299840336777,-7.0467963024572e-5,-0.0015496769338547772,0.0009618306909609088,-0.0004593885595286899,-0.0005024421314322189,0.0011013039061991852,0.05918744296150084,1.3179089763615335,22.26669898915523,-3.0765144518392145,2.105673026267625,0.9033098700799403,0.0004997539166754107,0.021815193770341593,0.0070364758466566505,true
14.175,14.404811043066319,0.015602764278608745,0.13849804437394367,0.1468360140098237,-6.97126934679379e-5,-0.0015657794216511157,0.0009630117363022031,-0.0004626247896842439,-0.0005003869466179592,0.001083163411999011,0.05907649024602168,1.3172823265712488,22.297911082487794,-3.09289994493293,2.1136360178036058,0.9039356284814553,0.0004901847840492792,0.021642697225211525,0.006983465142700656,true
14.225,14.404811043066319,0.015342047779310215,0.13824164655188254,0.1465164773999162,-6.894144001516622e-5,-0.0015820170687116354,0.0009641268062308526,-0.0004658141174365296,-0.000498312688794323,0.0010650641465161758,0.05896446950317711,1.3166515878820193,22.329575742406632,-3.1094727666141653,2.121553114951903,0.9045520774951672,0.00048069259373488993,0.02146970881505981,0.006930254884233765,true
14.275,14.404811043066319,0.015082015792000565,0.13796266383948078,0.1461744577093543,-6.815495109556999e-5,-0.0015983897183570516,0.0009651763475848975,-0.000468956596612233,-0.0004962197509726645,0.0010470124007117896,0.058851390704324505,1.316016757532361,22.36169344143736,-3.126234406116076,2.129423410292163,0.9051593110298097,0.00047127935273485886,0.021296267960574176,0.006876857268877593,true
14.325000000000001,14.404811043066319,0.014822758135350793,0.13766116591617222,0.14581003684879593,-6.73539762785001e-5,-0.0016148971729147937,0.0009661608193693827,-0.0004720522921450652,-0.0004941085272243174,0.001029014409910337,0.058737264087224274,1.315377832407962,22.39426457545994,-3.143186364926292,2.137245999250454,0.9057574220416003,0.0004619470133157592,0.021122414093324902,0.006823284522975377,true
14.375,14.404811043066319,0.014564363868053234,0.1373372354014904,0.14542330963146363,-6.653926589625179e-5,-0.0016315391922668955,0.0009670806922078564,-0.0004751012798372776,-0.0004919794123705788,0.0010110763566776335,0.058622100170576924,1.314734809420714,22.427289462423488,-3.1603301492134626,2.145019980107774,0.9063465025115492,0.0004526974755552203,0.02094818666071901,0.006769548902046527,true
14.425,14.404811043066319,0.014306920710525072,0.13699096722318077,0.14501438307800946,-6.571156982650397e-5,-0.0016483154926414862,0.0009679364489838427,-0.0004781036467078804,-0.0004898328022759623,0.0009932043306747598,0.05850590967144073,1.3140876838928985,22.460768344131253,-3.1776673014940457,2.152744456746657,0.9069266436289107,0.00044353257094068634,0.02077362496681337,0.006715662645451617,true
14.475,14.404811043066319,0.01405051699491827,0.13662247101982344,0.144583379035523,-6.487164045732497e-5,-0.0016652257442951945,0.0009687285801032453,-0.00048105948866852415,-0.0004876690914347211,0.0009754044640301904,0.05838870383621579,1.3134364561899803,22.49470137022149,-3.195199268908981,2.160418528884201,0.9074979350377477,0.00043445412367972886,0.020598768705281188,0.006661638125178837,true
14.525,14.404811043066319,0.01379523338981656,0.1362318610503782,0.1441304231242022,-6.402021411358746e-5,-0.0016822695736174254,0.0009694576030571919,-0.00048396892025674633,-0.0004854886828004456,0.0009576823568579071,0.05827049300161393,1.3127811044433664,22.52908868313515,-3.212927948823913,2.1680413400324445,0.908060468364479,0.0004254636960183294,0.020423655572634022,0.00660748717020137,true
14.575000000000001,14.404811043066319,0.013541175700537736,0.13581929709281476,0.14365568965482098,-6.315810216769486e-5,-0.0016994465472706108,0.0009701239719985498,-0.0004868320297586129,-0.0004832919422399369,0.0009400453542954116,0.05815129274637639,1.3121216956067798,22.563929942701794,-3.2308534431494222,2.1756118596731127,0.9086143212029125,0.00041656361289105963,0.020248331220578855,0.006553223901365954,true
14.625,14.404811043066319,0.013288344289756957,0.13538481732497987,0.1431592174502252,-6.22857258074749e-5,-0.0017167562280456057,0.0009707284853530325,-0.0004896490816732136,-0.0004810794036798189,0.000922493481520067,0.05803109738207871,1.3114579378546192,22.599226914837327,-3.248983228837006,2.1831298906916574,0.9091596304109243,0.00040775284408188923,0.0200728069677979,0.006498852574621071,true
14.675,14.404811043066319,0.013037145155188837,0.13492901754057682,0.14264166134996042,-6.140545966603229e-5,-0.00173419794830121,0.0009712704355463149,-0.0004924195974893575,-0.00047885083805695745,0.0009050549234010396,0.057909994454581365,1.3107909590403914,22.634969514086915,-3.267295097187492,2.190591424219142,0.9096962568869132,0.00039904337593111417,0.019897239147872593,0.006444419653957239,true
14.725,14.404811043066319,0.01278642432137615,0.13445029568050496,0.14210122953962545,-6.0509845472636176e-5,-0.001751771672270759,0.0009717560094180473,-0.0004951465302043233,-0.00047660947921372406,0.0008876495695187081,0.05778766811458373,1.3101163774659499,22.67121031546381,-3.285884838916517,2.1980101008770316,0.9102253211477512,0.00039039590145488706,0.019721165975430735,0.006389789714038215,true
14.775,14.404811043066319,0.012540837749679519,0.13395599363748578,0.1415461336002799,-5.964019745555777e-5,-0.0017694747843403004,0.0009721600887523203,-0.0004978172769425825,-0.0004743428118097378,0.0008706006425343556,0.057665562296768696,1.3094505473214577,22.707669797487313,-3.304389051092627,2.2053179384880686,0.9107421594112491,0.00038196821085964225,0.019546762688799426,0.006335613558695594,true
14.825000000000001,14.404811043066319,0.012284230297892225,0.13341750096798968,0.1409441070840883,-5.859611354296056e-5,-0.0017873134512507056,0.0009726002233718255,-0.0005004901727558161,-0.0004721100506160094,0.0008527866322693053,0.057537415620623866,1.3087352148547522,22.74581158604638,-3.324181023464153,2.2128252342987613,0.911268684997733,0.00037317749948332984,0.019364916421308272,0.006279127762547241,true
14.875,14.404811043066319,0.012076012073637475,0.13295048957503242,0.14042655245839192,-5.793567043501156e-5,-0.0018052655493787176,0.0009725502749105948,-0.0005029034928183723,-0.00046964678209222247,0.0008383318627043151,0.05743088065061675,1.3081609250652475,22.778005669519523,-3.340347087863998,2.2190866008969405,0.9117044358796947,0.00036612689893719973,0.019215001360462655,0.00623246829713434,true
14.925,14.404811043066319,0.011677643235729146,0.13208362815749214,0.1394558225766156,-5.71882161828284e-5,-0.0018234159334410936,0.0009723613079074976,-0.0005052238060067186,-0.00046713750190077903,0.0008106765997010505,0.05722519106323835,1.307074413124378,22.840892076357733,-3.371340196355551,2.2307506381656355,0.9125080519125826,0.00035296096177406315,0.01892844835708059,0.006143136333868213,true
14.975,14.404811043066319,0.011436155863032257,0.1314809663169312,0.13879298799808787,-5.5731418200469485e-5,-0.0018416928873950414,0.000973254814682951,-0.000508070043978303,-0.000465184770704648,0.0007939122442384963,0.05709906055073978,1.3063424042435334,22.878527100856275,-3.391607390534511,2.237635766771567,0.9129775103009611,0.000344684210667687,0.018753822718094965,0.006088818239176098,true
