r,tau,Dtau,Sr,E,nur,Pi,piR,piEta,piPhi,D,T,mu,alpha,phi,ur,v,n,e,P,ok
0.03125,2.6021767486911753,0.3544039655157335,0.0,9.972503030782434,-7.385257841513184e-6,-0.003761961785914196,0.23484879437837392,-0.4850961604635954,0.25024736608522147,0.1361951933872244,0.2743399072382047,1.4970831586447164,5.457037489426663,-0.010632216743993207,0.0,0.0,0.13619519338722458,9.972503030782482,3.2711855055317347,true
0.09375,2.6021767486911753,0.35327102046127823,0.07027009692376479,9.928191220530142,-2.2200418521507294e-5,-0.0037688143752048313,0.22723460781608756,-0.47577893474054433,0.24854432692445677,0.13575980979730298,0.27403026675998715,1.496758568830294,5.462019164989716,-0.011828734132295819,0.005240938895241865,0.005240866919135966,0.13575806169630358,9.927822944303827,3.2564485548200466,true
0.15625,2.6021767486911753,0.3530177834891091,0.11823210266384503,9.926694821176767,-3.6903576884138375e-5,-0.003769345816348222,0.23434376121756456,-0.475847385906248,0.24150362468868342,0.13566249243702125,0.27401631633304957,1.4965807073424344,5.461648150628501,-0.012478427209457268,0.00881506050370571,0.008814718035240464,0.13565754717939524,9.92565263852914,3.255763624048428,true
0.21875,2.6021767486911753,0.3525070306015241,0.16762551779980506,9.91586464962441,-5.178703551287695e-5,-0.0037694692472858074,0.23633965370350832,-0.47555025730796413,0.2392106036044558,0.1354662133457405,0.2739349610446746,1.4963203201455602,5.4623196485735654,-0.013432677013576753,0.012510054920498807,0.01250907611436761,0.13545626201604674,9.913767809263586,3.251876769049076,true
0.28125,2.6021767486911753,0.3518916506909311,0.21517108986801242,9.903907209432127,-6.652502636150291e-5,-0.0037692198442563045,0.23723549472198607,-0.4753364019098096,0.2381009071878235,0.1352297267539275,0.27384394250498345,1.4959925757992196,5.4629383513641,-0.014633970589681553,0.016077735597810085,0.01607565800485256,0.13521332142881337,9.900448192578935,3.2475274511943337,true
0.34375,2.6021767486911753,0.35112004345388625,0.26268001492352955,9.889694183222886,-8.127405649764176e-5,-0.003768921714406362,0.23728576890221756,-0.474876454632546,0.23759068573032846,0.13493320299264458,0.27373525962713724,1.4955710062173846,5.463567273922057,-0.01617984394355433,0.019657314904205775,0.0196535181126956,0.13490873778659165,9.88453159679181,3.242335708716178,true
0.40625,2.6021767486911753,0.35020825760106666,0.30988241107300907,9.873470988973505,-9.600534102500584e-5,-0.0037685325612312227,0.23710763116925987,-0.47430985009394794,0.23720221892468807,0.13458280947949133,0.2736105834005348,1.4950646375127499,5.464206168239279,-0.018037907839351806,0.0232302698042753,0.023224004285501317,0.1345487396978916,9.866274278530833,3.2363846200788964,true
0.46875,2.6021767486911753,0.3491533378580186,0.3568600564248372,9.854784120914182,-0.00011076849827845419,-0.00376805742384723,0.23680852752297823,-0.4736384982826034,0.23682997075962517,0.13417741052126197,0.27346662431305446,1.4944764327469298,5.464931731618219,-0.02019832316629273,0.026806257696197214,0.026796631724261145,0.13413219534678622,9.845221473405145,3.2295229061243336,true
0.53125,2.6021767486911753,0.34795693191532273,0.40352632345995987,9.83356413520351,-0.000125535822183241,-0.003767484248668105,0.23645276426488468,-0.47287757635886946,0.23642481209398478,0.13371763931498337,0.2733028296178746,1.4938079849998485,5.465761137886697,-0.022656241828191336,0.03038178565817729,0.030367773360324448,0.1336597782640703,9.821309939267847,3.2217292150190593,true
0.59375,2.6021767486911753,0.34661873610611516,0.44984524110698665,9.809763167512987,-0.00014030776055584196,-0.0037668087927541297,0.23604713829531915,-0.4720252252825299,0.23597808698721073,0.1332033791634081,0.27311878390364364,1.4930589954617923,5.466701975315414,-0.025413867325421533,0.033957254939447706,0.033937693881434014,0.13313140640901203,9.794496457426387,3.212989171926029,true
0.65625,2.6021767486911753,0.3451399547597018,0.49577131276766095,9.78339400290182,-0.00015507779897546299,-0.0037660248013668754,0.23559577537426302,-0.4710818960177072,0.2354861206434442,0.1326350928826406,0.27291449055874334,1.4922294988920826,5.4677547382589,-0.028472292152786516,0.03753218252881381,0.037505775293948884,0.13254758449660167,9.764799715448039,3.203308829361977,true
0.71875,2.6021767486911753,0.3435223211382144,0.5412665357486391,9.754474171819702,-0.0001698452223034777,-0.0037651257326126626,0.23509868807355688,-0.4700472502837522,0.23494856221019533,0.13201344655431144,0.27268997208559004,1.4913198152631484,5.4689206348778505,-0.03183169762519591,0.041106613120801896,0.04107192704818441,0.13190902258891446,9.732243312149873,3.1926957997394623,true
0.78125,2.6021767486911753,0.34176774158647516,0.5862925459632704,9.72302793767466,-0.00018458040118294017,-0.003764103491385073,0.23455640279488535,-0.46892168133024553,0.23436527853536018,0.13133917277462998,0.272445290036175,1.4903302390007482,5.470200049348857,-0.035492487309902926,0.044680498920952175,0.044635966696571355,0.1312165001707309,9.696858203118678,3.181160124234542,true
0.84375,2.6021767486911753,0.3398781811940471,0.6308124926361898,9.689080919145747,-0.0001992085581678611,-0.0037629486028939695,0.23396938422910185,-0.46770576762527544,0.23373638339617359,0.13061302671503644,0.2721805063712382,1.4892610159165516,5.471593229697675,-0.03945537550290644,0.04825385683760458,0.048197776775368455,0.13047082004972074,9.658677159438698,3.1687124419011883,true
0.90625,2.6021767486911753,0.33785593045835643,0.6747901051857672,9.652660832302995,-0.00021369311370227987,-0.0037616502688536495,0.23333836088345686,-0.4664003449509882,0.23306198406753134,0.1298358885991464,0.27189568799888025,1.4881125585093464,5.473100987594459,-0.04372059585844748,0.051826689835461945,0.05175722634447549,0.12967291444910925,9.61773556809399,3.155364215232154,true
0.96875,2.6021767486911753,0.33570324658742845,0.7181897453916598,9.613796836192508,-0.00022810141201011619,-0.00376019661136626,0.23266407961953595,-0.4650063478032015,0.23234226818366555,0.12900862585767017,0.2715909041911626,1.4868851761312583,5.474723759838053,-0.04828889210336261,0.05539899058616798,0.05531417467938511,0.12882371145427393,9.57407076316314,3.1411275590729724,true
1.03125,2.6021767486911753,0.33342239860061623,0.7609763099281192,9.572519592139749,-0.00024240701689985794,-0.003758574900349882,0.23194722319155875,-0.46352474808969313,0.23157752489813438,0.1281321104603362,0.2712662272602471,1.48557908968536,5.476461646882886,-0.05316146598966363,0.05897073044875876,0.05886846036352442,0.12792414251915546,9.52772208840132,3.126015258516313,true
1.09375,2.6021767486911753,0.331016026117986,0.8031153290948889,9.528861369443366,-0.00025662519932155505,-0.0037567717596877423,0.23118837493579628,-0.46195652359974093,0.23076814866394466,0.12720735679637368,0.2709217314751544,1.4841947415014831,5.478315576310995,-0.05833883613713116,0.0625418631778839,0.06241990507054588,0.1269752867363714,9.478730986840718,3.1100407423566714,true
1.15625,2.6021767486911753,0.32848696446583014,0.8445731035824218,9.482856146006146,-0.00027076275820417796,-0.0037547732427889308,0.230388048313597,-0.4603026649185939,0.2299146166049969,0.1262354544636717,0.2705574950032283,1.482732651367406,5.480286736649872,-0.06382136496491445,0.0661123308815608,0.06596831957789726,0.12597830089530376,9.427141077602315,3.093218135919321,true
1.21875,2.6021767486911753,0.32583820352165704,0.8853168714463018,9.434539635406132,-0.0002848227215310502,-0.0037525648674075728,0.22954673484030316,-0.4585641944129749,0.22901745957267175,0.12521755245317018,0.2701736005090761,1.4811933871709106,5.482376458617585,-0.06960936521426553,0.06968207279382933,0.06951351255862732,0.12493440358385394,9.372998149944657,3.0755622651796783,true
1.28125,2.6021767486911753,0.3230728767635216,0.9253148951954493,9.383949283402005,-0.000298806572489579,-0.003750131638486101,0.22866494492279577,-0.45674218401960015,0.22807723909680439,0.12415485494058716,0.26977013543086925,1.4795775604455381,5.484586194399905,-0.07570311488276393,0.07325102815903495,0.07305529349813937,0.12384487082648357,9.31635013215558,3.057088647981592,true
1.34375,2.6021767486911753,0.32019425182569894,0.9645365055495058,9.331124202202211,-0.00031271476657116225,-0.0037474580727093303,0.22774321913972798,-0.4548377593972993,0.22709454025757134,0.12304861765702427,0.2693471918364022,1.477885823899698,5.486917512759314,-0.08210286489169685,0.07681913641389054,0.07659347291987184,0.1227110322292923,9.257247001484393,3.037813465384231,true
1.40625,2.6021767486911753,0.3172057218330515,1.0029521225187408,9.276105095824727,-0.00032654666929299504,-0.0037445282245276088,0.2267821223892571,-0.45285209590038744,0.22606997351113034,0.12190014455881885,0.26890486623999094,1.4761188697381789,5.489372097940315,-0.0888088437957379,0.08038633590549142,0.08012786115959955,0.12153426739681242,9.19574068740217,3.0177535306750864,true
1.46875,2.6021767486911753,0.3141107975298425,1.0405332794836966,9.2189341963605,-0.0003403003580005217,-0.003741325712623856,0.22578223226434768,-0.45078641170225087,0.22500417943790318,0.1207107848026971,0.268443259503122,1.4742774285892999,5.491951749200669,-0.09582126017360834,0.08395256296653499,0.08365826749921706,0.12031600263536077,9.131884984923936,2.9969262616265,true
1.53125,2.6021767486911753,0.310913099695611,1.0772526567076497,9.159655216297587,-0.0003539724515421648,-0.0037378337463293693,0.22474412957919626,-0.44864196195567196,0.2238978323764757,0.11948192983124296,0.2679624768533026,1.472362268563796,5.4946583784932255,-0.10314030442155667,0.08751775176646923,0.08718450007265559,0.11905770775480919,9.065735481970934,2.9753496573967793,true
1.59375,2.6021767486911753,0.3076163514207465,1.113084121731088,9.098313310071395,-0.0003675580349886034,-0.0037340351528667333,0.22366839256377752,-0.4464200347729036,0.22275164220912608,0.11821501040445051,0.2674626279745678,1.4703741941715605,5.4974940061957875,-0.11076615096766554,0.0910818347766024,0.09070636637953744,0.11776089281256993,8.99734949391484,2.9530422778492937,true
1.65625,2.6021767486911753,0.30422437006766234,1.1480027726078998,9.034955038564743,-0.00038105069093831624,-0.003729912406474682,0.222555593780994,-0.4441219485785905,0.2215663547975965,0.11691149351045389,0.26694382712740905,1.4683140450111296,5.500460755402001,-0.11869896123781529,0.09464474358899364,0.09422367414574179,0.11642710473923189,8.926785999400625,2.9300232233442265,true
1.71875,2.6021767486911753,0.3007410589030638,1.181984982995774,8.969628334574143,-0.0003944426472139222,-0.0037254476598568634,0.2214062996227661,-0.44174905076572674,0.22034275114296065,0.11557287914986114,0.2664061932836635,1.4661826942216991,5.503560845000851,-0.1269388874240358,0.09820641004099756,0.09773623248056287,0.11505792384510662,8.854105575488184,2.906312114349957,true
1.78125,2.6021767486911753,0.29717039844459114,1.2150084498020175,8.90238246962793,-0.0004077250552448232,-0.003720622777819295,0.22022107392818785,-0.4393027184166301,0.21908164448844225,0.11420069701032408,0.26584985027740143,1.4639810467056504,5.5067965815217015,-0.13548607703470789,0.10176676770487232,0.10124385338609211,0.113654960228832,8.779370332273942,2.8819290709201963,true
1.84375,2.6021767486911753,0.29351643756776635,1.2470522422353887,8.833268019908196,-0.0004208883957278382,-0.003715419373077334,0.21900048725537563,-0.4367843618421157,0.2177838745867401,0.11279650304899434,0.2652749269549266,1.4617100371660605,5.510170350228473,-0.1443406780786539,0.10532575367561181,0.10474635354947809,0.11221985011017435,8.70264384484904,2.8568946913136495,true
1.90625,2.6021767486911753,0.2897832844303556,1.278096847016454,8.762336823983674,-0.0004339229633332264,-0.003709818844907349,0.21774513118201183,-0.4341954306078017,0.21645029942578986,0.11136187600481358,0.26468155727305437,1.4593706280770737,5.5136846069389644,-0.15350284448043972,0.10888331031742012,0.10824355608101563,0.11075425211184012,8.623991076247458,2.831230027629721,true
1.96875,2.6021767486911753,0.28597509732690274,1.3081242014935124,8.689641923015483,-0.00044681933450054797,-0.0037038024218697986,0.216455634245039,-0.4315374203301819,0.2150817860851429,0.10989841388396868,0.26406988028218414,1.456963807777388,5.51734187261524,-0.16297274106620407,0.11243938641747263,0.11173529165604201,0.10925984353280949,8.543478283840084,2.8049565559273737,true
2.03125,2.6021767486911753,0.28209607566255124,1.337117707437005,8.615237477963465,-0.0004595687084853559,-0.0036973512096756186,0.21513267467522323,-0.42881187780564717,0.21367920313042393,0.10840773049118894,0.26344003995847926,1.4544905888953208,5.521144732306307,-0.17275054738016263,0.11599393723964363,0.11522139856704898,0.10773831668080061,8.461172905664741,2.7780961396302724,true
2.09375,2.6021767486911753,0.2781504512667635,1.365062223657207,8.539178665971605,-0.00047216304961243336,-0.0036904462443598934,0.21377698585287458,-0.4260204024363295,0.2122434165834549,0.10689145209166352,0.26279218490151096,1.4519520072523835,5.525095838738678,-0.18283645978903024,0.1195469233168945,0.11870172153665665,0.10619137534097779,8.377143430019924,2.7506709872987143,true
2.15625,2.6021767486911753,0.2741424802113638,1.3919440424393539,8.461521564986047,-0.00048459502853183287,-0.0036830685497137063,0.21238935303350526,-0.42316464323789843,0.21077529020439317,0.10535121426676726,0.26212646795838834,1.4493491212694585,5.529197919454427,-0.19323069175365448,0.12309830829251402,0.12217610960573352,0.10462073143681175,8.291459257092978,2.7227036076728934,true
2.21875,2.6021767486911753,0.27007643517672686,1.4177508591376884,8.382323038587487,-0.0004968578221416532,-0.003675199196982979,0.21097060305457743,-0.42024629229771093,0.2092756892431335,0.10378865898043552,0.2614430458532811,1.446683011766975,5.533453785490386,-0.2039334726192947,0.12664805643207575,0.12564441371326743,0.1030281018957504,8.204190563101097,2.6942167654785343,true
2.28125,2.6021767486911753,0.2659565982894805,1.4424717441474524,8.301640631372516,-0.0005089448588588,-0.0036668193646107183,0.20952159084194477,-0.41726707660673185,0.20774548576478707,0.1022054318267387,0.26074207889001927,1.443954781966381,5.537866339461992,-0.21494504558759336,0.13019613042672296,0.1291064845777003,0.1014152056903713,8.11540817538439,2.6652334408219915,true
2.34375,2.6021767486911753,0.2617872542847858,1.466097123007803,8.21953248019377,-0.0005208495875496043,-0.003657910396334098,0.20804318667214763,-0.41422875025895917,0.20618556358681153,0.10060317940218999,0.2600237307623521,1.4411655574967754,5.542438581553637,-0.22626566556341016,0.13374248987872595,0.13256217125939113,0.09978376100247245,8.025183462292208,2.6357767934770067,true
2.40625,2.6021767486911753,0.257572683837894,1.488618766062865,8.136057240641664,-0.0005325653183703331,-0.003648453856932233,0.2065362667169945,-0.4111330882934171,0.20459682157642262,0.09898354674310503,0.2592881684660603,1.4383164862723956,5.547173612978276,-0.2378955973676774,0.1372870905826111,0.13601132050928486,0.0981354824558417,7.933588236536375,2.6058701316420705,true
2.46875,2.6021767486911753,0.2533171569504041,1.5100297856849236,8.051274024159387,-0.0005440851471444182,-0.003638431585808753,0.20500170761696745,-0.40798188255608425,0.2029801749391168,0.0973481747839826,0.25853556227998464,1.4354087381870984,5.552074637347579,-0.2498351145323352,0.14082988449208111,0.13945377679033738,0.09647207837844989,7.840694667481792,2.575536883672878,true
2.53125,2.6021767486911753,0.24902492634228623,1.5303246372355475,7.965242340419367,-0.0005554019460905819,-0.0036278257490697623,0.20344038457446265,-0.40477693932833997,0.20133655475387732,0.09569869781810135,0.25776608577900456,1.4324435046337793,5.557144960729563,-0.26208449867272354,0.1443708201235738,0.1428893827236544,0.09479524807829987,7.746575197640128,2.544800571216943,true
2.59375,2.6021767486911753,0.24470022086040155,1.549499119866507,7.878022040924639,-0.0005665083928361641,-0.003616618890848293,0.2018531718242191,-0.401520078154605,0.1996669063303859,0.09403674096445569,0.25697991585251523,1.4294219978900702,5.5623879910928045,-0.27464403930475106,0.14790984312068806,0.14631797968785337,0.09310667913857877,7.6513024601802115,2.5136847826854,true
2.65625,2.6021767486911753,0.2403472389448123,1.5675503745305115,7.789673261380806,-0.0005773970147993517,-0.0036047939844850753,0.2002409441750339,-0.398213131220646,0.1979721870456121,0.09236391765690032,0.2561772327121809,1.426345450421891,5.567807237672882,-0.2875140339300212,0.151446896790718,0.14973940838719466,0.09140804474848906,7.554949195684105,2.482213146465024,true
2.71875,2.6021767486911753,0.23597014219735235,1.5844768781093976,7.700256361630728,-0.0005880602354264745,-0.0035923344839319596,0.19860457859915082,-0.3948579427700575,0.19625336417090666,0.0906818271725927,0.25535821987971363,1.423215114147825,5.573406310626029,-0.30069478824039575,0.15498192254229365,0.1531535093198505,0.08970100108668676,7.457588167315038,2.450409303585857,true
2.78125,2.6021767486911753,0.23157304909136137,1.6002784334647255,7.609831863160193,-0.0005984904145054053,-0.0035792243754387693,0.196944955405264,-0.39145636832317693,0.19451141291791293,0.08899205221468387,0.25452306415364384,1.4200322596873765,5.579188921087986,-0.3141866163624005,0.15851486020913605,0.1565601231325668,0.08798718477173026,7.359292074573919,2.4182968798979663,true
2.84375,2.6021767486911753,0.22716002885710146,1.614956155537627,7.518460385094199,-0.0006086798788636069,-0.0035654482293749692,0.19526295894806778,-0.3880102736743579,0.19274731472629014,0.08729615656252283,0.25367195556169847,1.4167981755999803,5.585158881527937,-0.327989841115027,0.16204564825015533,0.1599590908532756,0.08626821039267432,7.260133466690512,2.3858994581012873,true
2.90625,2.6021767486911753,0.22273509556977314,1.628512453903419,7.426202579613558,-0.000618620944912152,-0.0035509912519756798,0.19355947789884934,-0.38452153368203656,0.19096205578318723,0.08559568279971869,0.25280508730514223,1.413514167616983,5.591320106271576,-0.3421047942703245,0.1655742238388688,0.16335025401529316,0.0845456681302331,7.160184656605544,2.353240549943585,true
2.96875,2.6021767486911753,0.21830220245560494,1.6409510124347793,7.333119067181666,-0.0006283059372618703,-0.003535839336816931,0.19183540507942212,-0.38099203085220434,0.18915662577278222,0.08389215012600702,0.2519226556961412,1.4101815578692107,5.597676612182566,-0.35653181680938056,0.16910052289239608,0.1667334547224073,0.08282112147456525,7.059517635852835,2.3203435686873393,true
3.03125,2.6021767486911753,0.21386523642546967,1.6522767665988152,7.239270371831479,-0.0006377272053827789,-0.0035199791158038035,0.19009163697694964,-0.3774236537710507,0.18733201679410105,0.08218705225655333,0.2510248600880365,1.406801684108931,5.604232519502467,-0.3712712591827899,0.17262448008187933,0.17010853569553275,0.08109610504316006,6.958203990506767,2.2872318018993965,true
3.09375,2.6021767486911753,0.2094280128478908,1.6624958785515855,7.1447168570627975,-0.000646877137490595,-0.0035033980094301594,0.18832907314749858,-0.37381829549089557,0.185489222343397,0.08048185541325256,0.25011190280245593,1.4033758989205463,5.610992052741146,-0.3863234815968341,0.17614602882008246,0.17347534029705816,0.0793721225033503,6.85631481879446,2.2539283847615708,true
3.15625,2.6021767486911753,0.20499427057446024,1.6716157101134308,7.04951866284607,-0.0006557481720462511,-0.0034860842761040775,0.18654861559398772,-0.37017785191625474,0.18362923632226702,0.07877799641302875,0.24918398905712053,1.3999055689177484,5.617959541521135,-0.40168885433207707,0.1796651012132081,0.1768337125207771,0.07765064460463308,6.753920650925194,2.2204562740844547,true
3.21875,2.6021767486911753,0.2005676672250759,1.6796447939142845,6.953735643729284,-0.0006643328093811125,-0.0034680270603957113,0.18475116805367428,-0.36650422015970563,0.18175305210603135,0.07707688085598184,0.2482413268930405,1.3963920739302644,5.625139421414415,-0.4173677580863762,0.18318162800032634,0.1801834969700924,0.07593310732367729,6.65109137110139,2.1868382230113403,true
3.28125,2.6021767486911753,0.19615177473603518,1.6865928030005968,6.857427307893627,-0.0006726236244007674,-0.003449216440052843,0.18293763518900086,-0.3627992968630309,0.17986166167403006,0.07537988141454811,0.24728412709805467,1.392836806182248,5.632536234846774,-0.4333605843421521,0.18669553851043263,0.18352453885317066,0.07422091012297381,6.54789614149775,2.1530967563406533,true
3.34375,2.6021767486911753,0.1917500751769573,1.6924705189195903,6.760652757397359,-0.0006806132785307092,-0.003429643471592553,0.18110892180130425,-0.35906497654362557,0.17795605474232132,0.07368833622597021,0.24631260312835868,1.3892411694583247,5.640154632015975,-0.4496677357754065,0.19020676062460326,0.18685668398295072,0.07251541432508155,6.444403328501975,2.119254146563878,true
3.40625,2.6021767486911753,0.1873659568453232,1.6972897982121706,6.663470630002525,-0.0006882945299347741,-0.0034093002342790377,0.17926593212359224,-0.3553031499983899,0.17603721787479767,0.07200354739145341,0.24532697103178014,1.3856065782545828,5.6479993717245565,-0.4662896267145388,0.19371522071425454,0.1901797787545089,0.07081794160584874,6.3406804317057945,2.0853323907805765,true
3.46875,2.6021767486911753,0.1830027106429542,1.7010635374858745,6.565939042574151,-0.0006956602437561635,-0.003388179872353802,0.17740956910032413,-0.351515702722133,0.17410613362180888,0.07032677958366956,0.24432744937193845,1.3819344569176972,5.656075322155004,-0.48322668364033133,0.1972208435660463,0.1934936701100444,0.06912977260822298,6.236794015626302,2.0513531884830014,true
3.53125,2.6021767486911753,0.17866352673347086,1.70380563734654,6.468115535805728,-0.0007027034035660091,-0.0033662766353792124,0.17554073359579325,-0.3477045133103508,0.17216377971455754,0.06865925876223965,0.24331425914932647,1.378226238775183,5.664387461687315,-0.5004793457258182,0.2007235523265573,0.19679820552289498,0.06745214567579592,6.132809643828219,2.0173379201006356,true
3.59375,2.6021767486911753,0.17435149148172946,1.7055309652394626,6.370057020380948,-0.0007094171224014764,-0.0033435859165119805,0.17366032361997513,-0.3438714518902713,0.17021112827029616,0.06700217099757869,0.24228762371979715,1.3744833652533568,5.6729408797328045,-0.5180480654340056,0.20422326846083777,0.20009323299478898,0.06578625570598615,6.02879181558609,1.9833076263508385,true
3.65625,2.6021767486911753,0.17006958468015015,1.7062553171101604,6.271819724958652,-0.0007157946519402678,-0.0033201042885135923,0.17176923364552252,-0.3400183786203742,0.1682491449748517,0.06535666140499125,0.2412477687146312,1.3707072849787718,5.681740777466686,-0.5359333091870658,0.20771991168969428,0.20337860103316222,0.06413325312456153,5.924803905573697,1.9492829885572769,true
3.71875,2.6021767486911753,0.16582067706396914,1.7059953780011212,6.173459146045033,-0.0007218293911656893,-0.0032958295373540364,0.16986835394035324,-0.3361471422240622,0.16627878828370898,0.06372383318979868,0.24019492196226436,1.3668994528654084,5.690792468460903,-0.5541355581010255,0.2112133999068647,0.20665415860991418,0.062494242981986324,5.820908106628032,1.91528430995148,true
3.78125,2.6021767486911753,0.16160752811175702,1.7047686818704308,6.075029999487009,-0.0007275148961248442,-0.003270760693280101,0.16795856983409263,-0.3322595785161538,0.16430100868206116,0.06210474680209223,0.2391293134077096,1.3630613291921598,5.700101379324306,-0.5726553087799952,0.21470364911187595,0.2099197551353451,0.060870284169788014,5.71716537524399,1.881331497843281,true
3.84375,2.6021767486911753,0.1574327841281466,1.7025935707389923,5.976586173588278,-0.0007328448896600048,-0.0032448980591764896,0.16604076098344678,-0.32835750895354227,0.1623167479700955,0.06050041919993753,0.23805117502879036,1.3591943786684,5.7096730503599336,-0.5914930741869714,0.218190573363422,0.21317524045157857,0.05926238875498037,5.613635379774141,1.8474440466521156,true
3.90625,2.6021767486911753,0.15329897660989192,1.6994891530804763,5.878180684210109,-0.000737813269370433,-0.003218243236032467,0.16411580072810883,-0.32444273925828465,0.16032693853017582,0.05891182322146148,0.2369607407534172,1.3553000694824844,5.719513136114045,-0.6106493846087832,0.2216740847157017,0.21642046481023153,0.05767152143264023,5.5103764517816725,1.8136410219483015,true
3.96875,2.6021767486911753,0.14920852089481146,1.6954752615185136,5.779865631996314,-0.0007424141146629763,-0.0031907991453691484,0.16218455548680577,-0.3205170580915099,0.1583325026047041,0.05733988706564968,0.2358582463795449,1.3513798723332129,5.729627405770507,-0.6301247887157885,0.22515409312709003,0.2196552788247055,0.05609859909611302,5.40744554071063,1.7799410455589346,true
4.03125,2.6021767486911753,0.14516371508736603,1.6905724101079809,5.681692161461468,-0.0007466416947531581,-0.003162570048519043,0.1602478840963014,-0.3165822357296068,0.15633435163330542,0.05578549387945283,0.2347439294935705,1.347435259449982,5.740021743509613,-0.6499198547078788,0.22863050637894672,0.22287953343252956,0.05454449052193467,5.304898171488419,1.7463622816108129,true
4.09375,2.6021767486911753,0.14116673925401269,1.6848017513589624,5.583710421835152,-0.0007504904770946626,-0.003133561562613036,0.15830663712984475,-0.31264002275922015,0.1543333856293754,0.054249481448566374,0.23361802938516946,1.3434677036005815,5.750702148872195,-0.6700351715634986,0.2321032300209368,0.2260930798827545,0.05301001616599214,5.202788404906929,1.7129224234602025,true
4.15625,2.6021767486911753,0.1372196548858488,1.678185032933686,5.485969529968413,-0.0007539551344100478,-0.0031037806731072926,0.15636165629746926,-0.3086921488436421,0.15233049254617284,0.05273264199092802,0.2324807869624001,1.3394786770810025,5.761674737008013,-0.690471350412966,0.23557216730671213,0.2292957697146735,0.05149594806948939,5.101168801149529,1.679638681632161,true
4.21875,2.6021767486911753,0.13332440462605305,1.670744554027011,5.388517535510683,-0.0007570305506486197,-0.0030732357427250973,0.15441377390881084,-0.30474032155438135,0.15032654764557052,0.051235722051975,0.23133244467006156,1.3354696506850896,5.7729457387173095,-0.7112290260433299,0.23903721909676134,0.2324874547066707,0.05000300987328932,5.000090386714359,1.646527772853159,true
4.28125,2.6021767486911753,0.12948281225413594,1.662503121674347,5.291401388134018,-0.000759711827788015,-0.003041936516730133,0.1524638122963588,-0.30078622521749904,0.14832241292114023,0.04975942249859173,0.23017324640770273,1.3314420926603314,5.784521500391779,-0.7323088585243493,0.2424982837624439,0.23566798682691723,0.04853187693716434,4.899602624393111,1.6136059100643514,true
4.34375,2.6021767486911753,0.1256965829170218,1.6534840071844386,5.194666906605368,-0.0007619942935436337,-0.0030098941244345936,0.1505125832040107,-0.2968315197752301,0.1463189365712194,0.04830439860791308,0.22900343744391433,1.327397467650441,5.796408483936126,-0.7537115349713099,0.2459552571201193,0.23883721821237963,0.04708317655918868,4.799753386012236,1.5808887933192857,true
4.40625,2.6021767486911753,0.12196730360094002,1.6437109026566987,5.09835874992852,-0.0007638735082667765,-0.0029771210768155393,0.14856088724242736,-0.2928778397139686,0.14431695247154122,0.04687126024866923,0.22782326432998698,1.3233372356181774,5.808613266560041,-0.7754377714733217,0.2494080323648647,0.24199500114781597,0.045657488292310616,4.700588928198626,1.5483916016542734,true
4.46875,2.6021767486911753,0.11829644383969223,1.633207877549427,5.002520390808958,-0.0007653452709082126,-0.0029436312601454073,0.14660951342227535,-0.28892679306716235,0.142317279644887,0.0454605721533682,0.22663297481710634,1.3192628507449236,5.821142540310269,-0.7974883151974332,0.25285649996890563,0.24514118801298154,0.04425534435612876,4.602153871483606,1.516128986036515,true
4.53125,2.6021767486911753,0.11468535665062626,1.621999335493999,4.90719409127774,-0.0007664056259603718,-0.002909439925599812,0.144659238668662,-0.28497996044588364,0.14032072177722163,0.04407285427798473,0.22543281777440694,1.3151757603126308,5.834003111422497,-0.8198639466607066,0.25630054757134035,0.24827563122275303,0.042877230139934525,4.5044911824696445,1.4841150632992435,true
4.59375,2.6021767486911753,0.1111352796870619,1.6101099715735119,4.81242088020895,-0.0007670508721167878,-0.0028745636748047573,0.1427108272922016,-0.28103889408289495,0.13832806679069334,0.04270858224483019,0.2242230431034459,1.3110774035742894,5.847201899625545,-0.8425654821683545,0.25974005989848703,0.251398183195975,0.0415235847921197,4.407642158668318,1.4523634109349293,true
4.65625,2.6021767486911753,0.1076473365991832,1.5975647300610771,4.718240532852342,-0.0007672775712808643,-0.0028390204412596584,0.14076503050801312,-0.27710511693523254,0.13634008642721943,0.041368187865534846,0.22300390165122475,1.3069692106077724,5.860745937314834,-0.8655937764448862,0.2631749186944084,0.25450869633405326,0.04019480189200407,4.311646416159073,1.420887062797632,true
4.71875,2.6021767486911753,0.10422253859770465,1.584388762551451,4.624691552654319,-0.0007670825573599622,-0.002802829467595344,0.13882258604122974,-0.27318012186694485,0.1343575358257151,0.0400520597419548,0.221775645126333,1.3028526011507071,5.874642368455499,-0.8889497254623663,0.26660500261752496,0.2576070229693507,0.03889123020167787,4.216541880377809,1.3896985058181535,true
4.78125,2.6021767486911753,0.10086178621089409,1.5706073866215573,4.531811155277724,-0.0007664629463825336,-0.00276601127868821,0.1368842177367812,-0.26926537087233826,0.13238115313555707,0.038760543941384784,0.22053852601732593,1.2987289834206142,5.888898447242653,-0.9126342694589952,0.2700301871172355,0.2606930152964471,0.03761317449375135,4.122364779888792,1.358809677684413,true
4.84375,2.6021767486911753,0.09756587122178773,1.5562460452407874,4.439635254518908,-0.0007654161489893629,-0.002728587650668843,0.13495063512348393,-0.265362294313089,0.13041165918960507,0.03749394474101758,0.21929279750826625,1.2945997529277784,5.903521536675086,-0.9366483961447891,0.2734503443376745,0.2637665253288846,0.03636089644937904,4.02914964269306,1.3282319653399277,true
4.90625,2.6021767486911753,0.0943354787746217,1.5413302669653257,4.348198450133106,-0.0007639398842730615,-0.002690581575837528,0.13302253300458988,-0.26147229020387913,0.12844975719928925,0.0362525254374323,0.21803871339139913,1.2904662912788571,5.918519107028273,-0.9609931441166183,0.2768653430439864,0.26682740487681966,0.03513461562158792,3.9369292950322574,1.297976204288352,true
4.96875,2.6021767486911753,0.09117118964312905,1.5258856268312226,4.257534017835197,-0.0007620321941098723,-0.002652017223519071,0.13110059113587197,-0.2575967235786091,0.1264961324427371,0.03503650921828646,0.21677652798110605,1.2863299649669548,5.933898734087436,-0.9856696064975649,0.280275048536443,0.26987550551424294,0.03393451046038709,3.8457348629372,1.268052678788304,true
5.03125,2.6021767486911753,0.08807348265149885,1.5099377080224992,4.167673901452993,-0.0007596914594214137,-0.0026129198969414014,0.129185473925638,-0.25373692590603364,0.12455145198039563,0.03384608009267527,0.21550649603939068,1.2821921241406584,5.9496680968090025,-1.0106789347989318,0.2836793224490567,0.2729106784439325,0.03276071939802168,3.7555957771484954,1.2384711231479941,true
5.09375,2.6021767486911753,0.08504273723559964,1.4935120645119964,4.078648706938411,-0.0007569164195577303,-0.002573315986257027,0.12727783010207971,-0.24989419452603184,0.12261636442395213,0.032681383875393495,0.21422887268251883,1.2780541014012095,5.965834975452864,-1.0360223429253075,0.28707802273861793,0.2759327745337216,0.03161334198403042,3.6665397791780285,1.2092407233794142,true
5.15625,2.6021767486911753,0.08207923613393803,1.476634184738594,3.9904876981720068,-0.0007537061945258267,-0.00253323291781294,0.12537829238538126,-0.24606979212385607,0.12069149973847482,0.031542529221053744,0.21294391330126797,1.2739172105846668,5.982407249097367,-1.061701111388315,0.29047100353483873,0.27894164422924633,0.030492440072040182,3.5785929307559106,1.1803701199595558,true
5.21875,2.6021767486911753,0.07918316819962476,1.4593294562572772,3.903218794725086,-0.0007500603091455308,-0.0024926990997804974,0.1234874772313533,-0.24226494627569067,0.11877746904433738,0.030429588704707224,0.21165187347412917,1.269782745565256,5.999392893257168,-1.0877165916647753,0.29385811505894693,0.28193713752860516,0.029398039049797466,3.4917796251167377,1.151867411186157,true
5.28125,2.6021767486911753,0.07635463132451084,1.4416231313514505,3.816868571679315,-0.0007459787195199325,-0.002451743864299409,0.12160598462769465,-0.23848084905792782,0.11687486443023318,0.02934259994557063,0.21035300888622996,1.2656519790701135,6.016799977197593,-1.1140702106934648,0.29723920348581095,0.2849191039077367,0.02833012911076821,3.4061226009219947,1.1237401573940946,true
5.34375,2.6021767486911753,0.07359363546362846,1.423540293783031,3.7314622612347073,-0.0007414618433489446,-0.0024103974063392486,0.11973439786094617,-0.23471865667839167,0.1149842588174455,0.028281566769299615,0.2090475752476437,1.2615261615265525,6.034636661210314,-1.1407634754478477,0.30061411081523143,0.28788739225510246,0.027288666562088986,3.321642958287449,1.0959953858571165,true
5.40625,2.6021767486911753,0.07090010574707084,1.4051058267756518,3.647023755918977,-0.0007365105938845465,-0.0023686907194740286,0.11787328327215474,-0.23097948913634087,0.11310620586418613,0.02724646040386445,0.20773582820783884,1.257406519953129,6.052911193995381,-1.1677979775552112,0.30398267478143387,0.290841850840933,0.026273575163398,3.2383601766321677,1.0686395962823818,true
5.46875,2.6021767486911753,0.06827388567017688,1.386344382161896,3.5635756135466146,-0.0007311264163865936,-0.0023266555287583396,0.11602319007537049,-0.2272644299479356,0.11124123987256512,0.026237220705517716,0.20641802327034325,1.2532942568975636,6.071631910049535,-1.1951753979318405,0.30734472875863006,0.29378232728356013,0.025284747492716527,3.156292134538605,1.041678766962293,true
5.53125,2.6021767486911753,0.06571474035363106,1.3672803506536093,3.4811390640457716,-0.000725311327087307,-0.0022843242209325126,0.11418465023666594,-0.22357452593727178,0.10938987570060585,0.025253757411630013,0.2050944157115288,1.2491905494306228,6.090807226987814,-1.2228975113693388,0.3107001016256581,0.2967086684806574,0.024322046336051565,3.075455131763575,1.0151183616313595,true
5.59375,2.6021767486911753,0.0632223598621488,1.3479378333511152,3.3997340179520172,-0.000719067955709155,-0.002241729772226954,0.11235817834205233,-0.2199107870568995,0.10755260871484718,0.024295951416039647,0.20376526050024407,1.245096548218058,6.110445642997947,-1.2509661909795298,0.3140486176255159,0.29962072053717065,0.02338530609612928,2.9958639130840434,0.9889633369243427,true
5.65625,2.6021767486911753,0.06079636256923179,1.3283406146004895,3.3193790763287927,-0.0007123995914754521,-0.0021989056740406437,0.11054427144556561,-0.21627418623129863,0.10572991478573301,0.023363656062106743,0.20243081221375503,1.2410133766918907,6.1305557346746875,-1.2793834124156684,0.31739009626409737,0.30251832872837003,0.022474334214979397,2.9175316936178355,0.9632181503176139,true
5.71875,2.6021767486911753,0.05843629855824801,1.3085121361519056,3.2400915421798846,-0.0007053102313485184,-0.0021558858567548855,0.10874340895911633,-0.21266565925305897,0.10392225029394264,0.02245669844972671,0.20109132495259902,1.2369421303318062,6.1511461552276145,-1.3081512577939474,0.32072435221960527,0.30540133747267656,0.02158891260627605,2.8404701856998638,0.9378867685821027,true
5.78125,2.6021767486911753,0.05614165305105102,1.288475472554781,3.1618874334732423,-0.0006978046296766924,-0.0021127046119612525,0.1069560526071501,-0.20908610474388006,0.10213005213672996,0.021574880752926854,0.19974705225875092,1.2328838760680418,6.172225633001947,-1.3372719192167994,0.324051195218176,0.3082695902757581,0.020728799093868204,2.764689627468416,0.9129726768006566,true
5.84375,2.6021767486911753,0.05391184985371729,1.2682533078350788,3.084781497684284,-0.0006898883494549102,-0.002069396513420349,0.10518264639401052,-0.2055363841545225,0.10035373776051197,0.020717981544041347,0.19839824703646822,1.228839651828249,6.193802970458565,-1.3667477017672853,0.32737042988597115,0.311122929655251,0.019893728852295633,2.6901988130056735,0.8884788878994242,true
5.90625,2.6021767486911753,0.051746254806962266,1.2478679135611583,3.008787227591485,-0.0006815678150432428,-0.002025996337076716,0.1034236165472512,-0.20201732178354725,0.09859370523629606,0.019885757119684218,0.19704516147049916,1.2248104662563075,6.21588704394389,-1.3965810258421028,0.33068185563252783,0.31396119709337555,0.01908341584407007,2.617005123635412,0.8644079525628672,true
5.96875,2.6021767486911753,0.04964417923038823,1.22734112829133,2.9339168782745757,-0.0006728503648078907,-0.001982538980438986,0.10167937148007297,-0.19852970483468924,0.09685033335461626,0.019077942824351928,0.19568804694164077,1.2207972986197775,6.238486804377228,-1.4267744287084023,0.3339852665634989,0.3167842330152599,0.018297554249071576,2.5451145603007244,0.8407619695084886,true
6.03125,2.6021767486911753,0.04760488335160422,1.2066943383149842,2.8601814854457395,-0.0006637443020172379,-0.0019390593816280138,0.09995030181647559,-0.19507428353466166,0.09512398171818608,0.01829425436821238,0.19432715394477854,1.216801098915244,6.261611278787211,-1.4573305651624575,0.3372804513685933,0.3195918767462975,0.017535819882310805,2.474531777204522,0.8175425961836649,true
6.09375,2.6021767486911753,0.04562757971041705,1.1859484596780212,2.787590885094113,-0.0006542589432661618,-0.0018955924384220224,0.09823678044915199,-0.19165177129673472,0.09341499084758273,0.017534389135313924,0.19296273201090527,1.2128227881890115,6.285269572781903,-1.488252207139971,0.3405671931718938,0.3223839664380518,0.01679787159602611,2.4052601166720144,0.7947510598725817,true
6.15625,2.6021767486911753,0.04371143652636916,1.1651239215735554,2.7161537342115962,-0.0006444046638548357,-0.0018521729276397142,0.09653916258004076,-0.1882628449038145,0.09172368232377374,0.016798027477708744,0.19159502962853237,1.2088632590985084,6.309470874282452,-1.5195422421236726,0.34384526939548166,0.32516033900639724,0.016083352661160427,2.3373016448882766,0.772388169099585,true
6.21875,2.6021767486911753,0.04185558101826953,1.1442406511231986,2.6458775324483375,-0.0006341929384861562,-0.0018088354251834804,0.09485778575898916,-0.18490814471670028,0.09005035895771112,0.016084833991127527,0.19022429416179407,1.2049233767305114,6.334224458762725,-1.5512036702237046,0.34711445166348104,0.3279208301044676,0.015391892123279599,2.270657188292741,0.7504543252582344,true
6.28125,2.6021767486911753,0.04005910266655686,1.1233180594683878,2.5767686447833684,-0.0006236363750523692,-0.0017656142270425917,0.09319296997248232,-0.1815882749327387,0.0883953049602564,0.015394458768684912,0.1888507717695156,1.2010039796763734,6.359539695935943,-1.5832395998282636,0.3503745056997342,0.33066527409030255,0.014723106128956382,2.2053263707586686,0.7289495345104016,true
6.34375,2.6021767486911753,0.03832105640983627,1.1023750291097978,2.508832325266168,-0.0006127487400135461,-0.0017225432715623212,0.09154501778070293,-0.17830380389428324,0.08675878611358032,0.014726538629288239,0.18747470732924104,1.1971058813644893,6.385426057831603,-1.6156532417120748,0.35362519117754976,0.33339350395441986,0.014076599218975597,2.141307651639396,0.707873419984216,true
6.40625,2.6021767486911753,0.036640465765522844,1.0814299025366605,2.442072741660116,-0.0006015449745445788,-0.0016796560632951624,0.0899142144515361,-0.1750552644205874,0.08514104996905128,0.014080698316881054,0.1860963443633778,1.1932298716589926,6.41189312848109,-1.6484479014912727,0.35686626155626106,0.33610535123713053,0.013451965584093459,2.0785983644296966,0.6872252341887585,true
6.46875,2.6021767486911753,0.03501632586426835,1.0605004721923579,2.376493000772468,-0.0005900412001469843,-0.0016369855987326265,0.08830082807705114,-0.1718431541539081,0.08354232607685697,0.01345655166655402,0.18471592496268063,1.1893767187286066,6.438950615486478,-1.681626970355429,0.36009746395718645,0.3388006459795741,0.012848790278855457,2.017194755732054,0.6670038715439969,true
6.53125,2.6021767486911753,0.03344760638994709,1.0396039717240222,2.3120951744682774,-0.0005782547117218964,-0.0015945642941826016,0.08670510971789139,-0.16866793594103346,0.08196282622314208,0.012853702734362812,0.1833336897088706,1.1855471711686125,6.466608363423179,-1.7151939140630992,0.3633185390579621,0.34147921669023584,0.01226665038985604,1.9570920245359014,0.6472078810302394,true
6.59375,2.6021767486911753,0.03193325441884631,1.0187570684185756,2.24888032647007,-0.0005662039565252068,-0.0015524239160409486,0.08512729360317725,-0.1655300382639347,0.08040274466075745,0.012271746888410973,0.18194987760221512,1.1817419603468913,6.4948763688121565,-1.749152260211436,0.366529220940036,0.34414089027256983,0.011705116155765137,1.898284361973029,0.62783547901275,true
6.65625,2.6021767486911753,0.03047219715168554,0.9979758568139758,2.1868485398756956,-0.0005539084985393537,-0.00151059551370894,0.08356759734642895,-0.16242985569962837,0.07886225835319942,0.011710271858747578,0.18056472599447865,1.1779618029526318,6.52376479661178,-1.7835055837939,0.36972923688927634,0.3467854919144556,0.01116375203652853,1.840764991451711,0.6088845622102177,true
6.71875,2.6021767486911753,0.029063344531503325,0.9772758535406583,2.1259989451493286,-0.0005413889680856024,-0.0014691093553979712,0.08202622213500287,-0.1593677493863162,0.07734152725131334,0.0111688587434045,0.17917847052111907,1.1742074037303771,6.553283998436508,-1.8182574911042282,0.37291830722141606,0.34941284499925374,0.01064211772885239,1.7845262088146132,0.5903527206900825,true
6.78125,2.6021767486911753,0.0277055917422532,0.9566719933794664,2.066329748474211,-0.0005286669959166312,-0.0014279948670261888,0.08050335291960477,-0.1563440475069911,0.07584069458738633,0.010647082968590956,0.17779134503070584,1.170479458362644,6.58344453246863,-1.8534116021252065,0.3760961451539574,0.3520227710556637,0.010139769125804709,1.7295594223734252,0.5722372508427344,true
6.84375,2.6021767486911753,0.026397821585929064,0.9361786264275164,2.0078382605788425,-0.0005157651311128034,-0.0013872805743765232,0.07899915865507673,-0.15335904581539253,0.0743598871603158,0.010144515202207712,0.17640358151792584,1.1667786564408023,6.614257184581233,-1.8889715315974824,0.3792624566498194,0.35461508968438593,0.009656259219779107,1.6758551930076426,0.5545351683975618,true
6.90625,2.6021767486911753,0.02513890673744456,0.9158095163022899,1.950520926081606,-0.0005027067433697016,-0.0013469940486820764,0.0775137925774721,-0.15041300819694836,0.07289921561947627,0.009660722220382898,0.17501541006475932,1.1631056844677439,6.645732990239949,-1.9249408689646144,0.3824169401827109,0.3571896184212498,0.009191138948863777,1.6234032744070415,0.5372432215075127,true
6.96875,2.6021767486911753,0.023927711876142843,0.8955778394269156,1.894373353134314,-0.0004895159112421926,-0.0013071618558035542,0.07604739245502619,-0.14750616723237633,0.07145877477735015,0.00919526772659768,0.17362705878407464,1.1594612288551505,6.677883257223604,-1.9613231574022627,0.38555928649615884,0.35974617259655034,0.008743957986537654,1.572192653138194,0.5203579037957892,true
7.03125,2.6021767486911753,0.022763095693657663,0.875496185428417,1.8393903431384178,-0.00047621729754750093,-0.001267809509133716,0.07460008080970545,-0.1446387247598509,0.07003864395014545,0.008747713123294521,0.17223875375862807,1.1558459788711337,6.710719589221559,-1.9981218722190526,0.3886891784380497,0.3622845652568878,0.008314265474896193,1.52221158821642,0.503875467258536,true
7.09375,2.6021767486911753,0.02164391278111793,0.8555765585508792,1.7855659206080947,-0.0004628360126975671,-0.0012289614263196608,0.07317196517491097,-0.14181085246706404,0.06863888729215308,0.008317618237117918,0.17085071898032073,1.1522606294622717,6.74425390972451,-2.035340398993476,0.3918062908093315,0.3648046070985274,0.007901610703080219,1.4734476503232306,0.4877919350696947,true
7.15625,2.6021767486911753,0.020569015401160295,0.8358303799601661,1.732893363341447,-0.00044939746772377907,-0.0011906408898787607,0.07176313840752813,-0.1390226925224844,0.06725955411495627,0.007904541999887577,0.1694631762991386,1.1487058838699806,6.778498485371655,-2.072982011796536,0.3949102901150562,0.36730610632194316,0.007505543733875972,1.425887760932688,0.47210311437477037,true
7.21875,2.6021767486911753,0.01953725514983744,0.8162684909521915,1.6813652327534165,-0.00043592722009998497,-0.00115287001179383,0.07037367898501647,-0.13627435821071907,0.0659006792257026,0.007508043087259216,0.16807634537843477,1.145182455998036,6.81346594858178,-2.1110498517984158,0.3980008342641924,0.36978886844641917,0.007125615981378349,1.3795182311357381,0.45680460900211683,true
7.28125,2.6021767486911753,0.018547484513029976,0.7969011571344222,1.63097340405411,-0.00042245081525957913,-0.001115669702157554,0.06900365124926186,-0.13356593455044286,0.064562283301181,0.007127680516843777,0.16669044364454894,1.1416910725051572,6.8491693197463785,-2.149546906593527,0.4010775723653505,0.37225269620313745,0.006761380742255759,1.3343247997034213,0.4418918319377533,true
7.34375,2.6021767486911753,0.017598558324257118,0.777738073514942,1.581709096260295,-0.00040899362564538665,-0.0010790596418904924,0.06765310566244463,-0.1308974789253757,0.06324437326293107,0.0067630142084348106,0.16530568623144934,1.1382324745624888,6.8856220285660115,-2.1884759906624742,0.4041401446039114,0.3746973894933436,0.006412393684076568,1.2902926704046647,0.4273600175676356,true
7.40625,2.6021767486911753,0.016689335133443325,0.7587883703379725,1.5335629022938175,-0.00039558068941773257,-0.0010430582595302856,0.06632207913033342,-0.12826902175606394,0.06194694262573053,0.006413605510016801,0.16392228593428235,1.1348074191950646,6.922837933397398,-2.2278397273653434,0.40718818202734697,0.3771227452724037,0.006078213295490504,1.247406548991188,0.4132042338230301,true
7.46875,2.6021767486911753,0.015818678495631597,0.7400606196268056,1.4865248191428782,-0.0003822365522738541,-0.0010076827121045726,0.0650105953330748,-0.12568056718280374,0.06066997184972894,0.006079017693009503,0.16254045317377525,1.1314166801748717,6.960831338185403,-2.2676405327298337,0.4102213062203514,0.3795285573466896,0.0057584013029314115,1.20565067982682,0.3994193942195574,true
7.53125,2.6021767486911753,0.014985458186489317,0.7215628425278704,1.4405842777191853,-0.0003689851157870353,-0.0009729488701028799,0.06371866498950103,-0.1231320937207937,0.05941342873129267,0.005758816419379121,0.1611603959555258,1.1280610484830627,6.999617007607532,-2.307880601258751,0.41323912907501553,0.38191461624709894,0.00545252305738612,1.1650088816169872,0.3860002696070521,true
7.59375,2.6021767486911753,0.014188551351998833,0.7033025174410429,1.3957301722738302,-0.0003558494940781915,-0.0009388713065215035,0.06244628610422902,-0.12062355490952587,0.05817726880529685,0.005452570183457097,0.15978231981791519,1.1247413323303284,7.039210180525991,-2.348561894065057,0.41624125272855567,0.38428070923442414,0.005160147894789662,1.12546458206523,0.37294149957109873,true
7.65625,2.6021767486911753,0.013426843601848613,0.6852865887569508,1.3519508896718926,-0.00034285188005010313,-0.0009054632899168566,0.06119344428771993,-0.11815488000119631,0.05696143571347638,0.005159850732123386,0.15840642778548383,1.1214583566747574,7.079626580516365,-2.389686129642851,0.41922726944793576,0.3866266202603862,0.004880849474631155,1.0870008519510246,0.3602376036491767,true
7.71875,2.6021767486911753,0.012699230055309626,0.667521476101812,1.3092343386586747,-0.00033001342354194483,-0.0008727367814144252,0.05996011311404369,-0.11572597467148671,0.05576586155744302,0.0048802334667301115,0.15703292033800215,1.1182129622199866,7.120882422699094,-2.4312547773947277,0.4221967613347098,0.38895212978607724,0.00461420610120438,1.0496004388509292,0.3478829924336099,true
7.78125,2.6021767486911753,0.012004616344984632,0.6500130841866496,1.2675679787500804,-0.0003173541240334819,-0.0008407024356392109,0.05874625441234805,-0.11333672169960105,0.054590467287252996,0.004613297828836043,0.15566199537762754,1.1150060039637042,7.162994417865197,-2.473269053903114,0.4251493000873795,0.391257014645734,0.004359801030280711,1.0132457999505458,0.33587197837598787,true
7.84375,2.6021767486911753,0.011341919582588605,0.632766813306861,1.2269388484639017,-0.0003048927387674824,-0.0008093696055024718,0.05755181851025959,-0.11098698162386722,0.05343516311360763,0.0043586276713498745,0.15429384817848682,1.1118383493541435,7.205979774825313,-2.515729922017577,0.4280844470215577,0.393541048110263,0.004117222763124359,0.9779191335457285,0.32419878615841285,true
7.90625,2.6021767486911753,0.01071006929246562,0.615787570320177,1.1873335931764224,-0.00029264670587294113,-0.0007787463507296366,0.05637674454471717,-0.1086765934298389,0.052299848885121736,0.004115811617274844,0.1529286713355563,1.1087108760245228,7.249856199899807,-2.5586380928982906,0.43100175311512773,0.3958039999655798,0.003886065330467127,0.9436024097146104,0.31285756279106297,true
7.96875,2.6021767486911753,0.010108008318092384,0.5990797799434835,1.1487384929038096,-0.0002806320829755809,-0.0007488394500147627,0.05522096084244224,-0.10640537527342313,0.05118441443098089,0.003884443408072276,0.15156665473373468,1.105624469089579,7.294641892254527,-2.6019940309644087,0.43390075880331086,0.39804563639282514,0.0036659285691082693,0.9102774006461317,0.3018423875968944,true
8.03125,2.6021767486911753,0.00953469370302246,0.5826473964451571,1.1111394897012326,-0.0002688635025747486,-0.000719654416716134,0.05408438524731132,-0.10417312517752765,0.05008873993021633,0.003664122242202861,0.15020798552166528,1.1025800181095158,7.340355536227366,-2.645797961474973,0.43678099374397106,0.4002657198241627,0.0034564183920734186,0.8779257101594375,0.29114728192787553,true
8.09375,2.6021767486911753,0.008989097545435485,0.56649391583883,1.0745222142477455,-0.00025735414400261593,-0.0006911955179909786,0.05296692537040077,-0.10197962168744945,0.04901269631704868,0.003454453103524485,0.1488528480634713,1.0995784138487739,7.387016292626866,-2.690049880540312,0.4396419769159539,0.40246400905278673,0.003257147051908143,0.8465288017752376,0.2807662183999735,true
8.15625,2.6021767486911753,0.008470207826820383,0.5506223884421452,1.0388720118218484,-0.0002461157201069032,-0.000663465797210154,0.0518684788888155,-0.09982462454665433,0.04795614565783883,0.003255047079749932,0.14750142388102577,1.0966205448308335,7.434643788356677,-2.7347495675332003,0.4424832168655265,0.4046402594498894,0.003067733397227677,0.8160680257037011,0.270693129768434,true
8.21875,2.6021767486911753,0.00797702921574453,0.53503543158938,1.004173968115281,-0.00023515847747106582,-0.0006364670994787533,0.05078893394092224,-0.09770787541826391,0.04691894147734167,0.0030655216713302664,0.14615389161934192,1.09370729364902,7.483258102340392,-2.7798965997372833,0.4453042116503348,0.4067942229424817,0.002887803123149866,0.7865246454751837,0.26092191768527156,true
8.28125,2.6021767486911753,0.007508583844373646,0.5197352425327184,0.9704129346998791,-0.00022449121034010406,-0.0006102001001218986,0.04972816949263069,-0.09562909859039094,0.04590092909776025,0.0028855010898664974,0.1448104270267715,1.0908395331364162,7.532879748602287,-2.825490368783604,0.4481044486126674,0.4089256478572013,0.0027169890148744553,0.7578798639329674,0.25144646124570486,true
8.34375,2.6021767486911753,0.007063912052816007,0.5047236116880562,0.9375735535946976,-0.00021412128758233168,-0.0005846643359963058,0.04868605560254265,-0.09358800162701489,0.04490194602447224,0.0027146165441563354,0.1434712029118213,1.0880181225767918,7.58352965957564,-2.87153009845757,0.4508834045240958,0.41103427904345075,0.002554931182196574,0.7301148477482909,0.24226062504459708,true
8.40625,2.6021767486911753,0.006642073097955548,0.49000193614665405,0.9056402809964227,-0.00020405469022053308,-0.0005598582394329872,0.04766245370507334,-0.09158427602198026,0.04392182231690692,0.002552506512594247,0.14213638907938794,1.0852439039889186,7.6352291697995325,-2.918014863733637,0.45364054604797804,0.4131198582291273,0.0024012772832917354,0.7032107506035201,0.23335826679231428,true
8.46875,2.6021767486911753,0.006242145825152519,0.4755712332087531,0.8745974107298896,-0.0001942960574257926,-0.0005357791745854747,0.04665721700642116,-0.08961759790478654,0.04296038089836538,0.0023988170013017566,0.14080615228989657,1.0825176983962592,7.687999997099093,-2.9649436108744296,0.45637532989147767,0.4151821241305652,0.002255682737191362,0.6771487359508873,0.22473324479284545,true
8.53125,2.6021767486911753,0.005863229298956232,0.4614321539154945,0.8444290974080022,-0.00018484874061073966,-0.0005124234759909651,0.04567019088358897,-0.0876876287448614,0.042017437861272426,0.0022532017865063464,0.13948065624583225,1.0798403021378913,7.741864221191298,-3.0123151781103217,0.45908720259983543,0.41722081228627794,0.002117810923602627,0.6519099993363732,0.21637942528135884,true
8.59375,2.6021767486911753,0.005504443386455244,0.4475849967644817,0.8151193786774051,-0.0001757148651241433,-0.0004897864891730327,0.044701213168402254,-0.08579401599376851,0.04109280282536626,0.00211532263871923,0.1381600615579691,1.0772124834333414,7.79684426371919,-3.060128316382269,0.4617756007003812,0.4192356551495974,0.001987333367326002,0.6274757893237175,0.20829068930075198,true
8.65625,2.6021767486911753,0.005164929288706878,0.4340297216041686,0.7866521964300885,-0.00016689539731150696,-0.00046786261307074466,0.043750114410754555,-0.08393639371011959,0.04018627929936503,0.001984849526960341,0.13684452567846317,1.0746349792692818,7.8529628711220685,-3.1083817099865394,0.4644399513729272,0.421226382566208,0.001863929905057158,0.6038274268725462,0.20046093906957502,true
8.71875,2.6021767486911753,0.004843850018727833,0.4207659634548197,0.7590114175865252,-0.0001583902146528956,-0.00044664534403707386,0.04281671825798776,-0.0821143832363268,0.039297664978339045,0.0018614608024470891,0.13553420285192233,1.072108492463579,7.910243096607204,-3.157073997062668,0.4670796728750009,0.42319272205432956,0.0017472888339485136,0.5809463241642673,0.1928841041729638,true
8.78125,2.6021767486911753,0.004540390823501132,0.40779304616487266,0.7321808546474016,-0.0001501981785218566,-0.00042612732117754473,0.041900841873539284,-0.08032759389082905,0.03842675201728977,0.0017448433607689508,0.13422924410736628,1.0696336888765319,7.96870827955316,-3.206203789535088,0.46969417439446715,0.42513439864872976,0.0016371070411592803,0.5588140031929644,0.18555414768276673,true
8.84375,2.6021767486911753,0.0042537595449171186,0.39510999609336034,0.7061442853895343,-0.00014231720958724335,-0.0004063003728408624,0.041002296240050556,-0.0785756235977363,0.037573327357685746,0.001634692780594802,0.13292979723834372,1.0672111949863397,8.028382026889165,-3.2557696920101975,0.4722828561475408,0.42705113492228736,0.0015330901122887668,0.5374121131387246,0.17846507188032346,true
8.90625,2.6021767486911753,0.003983186916184667,0.38271555589154127,0.6808854713838821,-0.00013474436432408244,-0.00038715556404824054,0.040120886401008395,-0.0768580594785014,0.036737173077493,0.001530713437581864,0.1316360067374288,1.0648415959456352,8.089288199615849,-3.3057703195324426,0.47484511022934933,0.4289426515550075,0.0014349524169344873,0.5167224460484159,0.17161092342443152,true
8.96875,2.6021767486911753,0.00372792679420222,0.37060819815078366,0.6563881759187591,-0.00012747591059970224,-0.00036868324460216477,0.03925641180804122,-0.07517447848919448,0.03591806668115326,0.0014326185936744177,0.13034801373804156,1.0625254339294852,8.151450900240233,-3.3562043143189038,0.47738032138216213,0.4308086678253774,0.0013424171714770863,0.49672695178825665,0.16498579828605905,true
9.03125,2.6021767486911753,0.003487256328510782,0.3587861387592516,0.6326361817398427,-0.00012050740195035008,-0.0003508730976347794,0.03840866674339324,-0.07352444809034364,0.035115781346950405,0.0013401304620313658,0.12906595600948143,1.0602632066350297,8.214894457196294,-3.4070703612396938,0.4798878669782888,0.43264890151044605,0.0012552164795902022,0.4774077529284783,0.15858384666981631,true
9.09375,2.6021767486911753,0.0032604760647006762,0.3472473501370752,0.6096133080571073,-0.00011383375108386523,-0.0003337141884111796,0.03757744064076893,-0.07190752686117603,0.034330086220407105,0.0012529802467647932,0.12778996795439887,1.0580553661310224,8.27964341072989,-3.4583672016154123,0.482367117042463,0.43446306880928043,0.0011730913496492943,0.45874715868066296,0.15239927762948216,true
9.15625,2.6021767486911753,0.003046909980891879,0.3359895744952528,0.5873034263031764,-0.00010744930186518768,-0.0003171950132011816,0.03676251830815192,-0.07032326505789718,0.03356074674974526,0.0011709081569591276,0.12652018055037462,1.0559023182421243,8.34572250568131,-3.5100936453458194,0.4848174352362012,0.4362508849612406,0.0010957916881402002,0.44072767709187144,0.14642636311277119,true
9.21875,2.6021767486911753,0.0028459054601191473,0.3250103369299123,0.5656904751301776,-0.00010134789816185806,-0.0003013035479886043,0.03596368023332032,-0.06877120520575392,0.0328075249724336,0.001093663396058919,0.12525672128226936,1.0538044222634437,8.413156687126333,-3.5622485817031935,0.4872381800333905,0.4380120649850766,0.0010230762700091445,0.42333202631001127,0.14065944170655506,true
9.28125,2.6021767486911753,0.0026568332026146516,0.31430695813942056,0.5447584752486367,-9.552294922025483e-5,-0.0002860272967952857,0.035180702995233,-0.06725088273845946,0.03207017974322646,0.0010210041281596136,0.12399971413657776,1.0517619907479434,8.481971092203445,-3.614830988709789,0.4896287049391494,0.43974632370492095,0.0009547126877314598,0.4065431458919499,0.13509292240572318,true
9.34375,2.6021767486911753,0.0024790870790595276,0.3038765668896052,0.5244915437017774,-8.996749242716246e-5,-0.00027135333945862376,0.03441335960052545,-0.06576182659559089,0.03134846699506544,0.0009526974216130558,0.12274927961798449,1.0497752895263057,8.552191041718334,-3.667839940689396,0.491988358432745,0.4414533755691443,0.0008904772795922247,0.3903442074919983,0.12972128818474474,true
9.40625,2.6021767486911753,0.002312083925258356,0.2937161124294441,0.5048739069025389,-8.46742533717436e-5,-0.00025726837872180625,0.03366141969455455,-0.06430355975106476,0.03064214005651021,0.0008885191701221955,0.12150553470440706,1.0478445382327601,8.623842039639651,-3.7212746140924557,0.4943164850201248,0.4431329352642159,0.000830155037035561,0.3747186238672853,0.1245390990175655,true
9.46875,2.6021767486911753,0.002155263282427272,0.2838223767323782,0.48588991275984306,-7.963570199797508e-5,-0.00024375878645781484,0.03292464982263174,-0.06287559975943752,0.029950949936805776,0.0008282539929354572,0.12026859277119475,1.0459699111588994,8.696949777643171,-3.775134292166128,0.4966124268589262,0.44478471872228703,0.0007735394924765529,0.3596500567578419,0.11954099453127709,true
9.53125,2.6021767486911753,0.0020080870893211724,0.2741919863146506,0.4675240426402295,-7.484410451128486e-5,-0.0002308106488434535,0.032202813818191386,-0.06147745935989727,0.029274645541705883,0.0007716951165331817,0.1190385635802326,1.0441515380632724,8.771540135054712,-3.8294183685229317,0.4988755243417186,0.44640844335868457,0.0007204325901441934,0.3451224248480809,0.11472169669476882,true
9.59375,2.6021767486911753,0.001870039329699692,0.2648214236955021,0.44976092295419234,-7.029157199212483e-5,-0.00021840981035881318,0.03149567315172797,-0.06010864705632128,0.02861297390459331,0.0007186442391510382,0.1178155533152082,1.0423895050358514,8.847639175848057,-3.8841263490894122,0.5011051159874506,0.4480038278043299,0.0006706445414212139,0.33111991145401526,0.11007601242321687,true
9.65625,2.6021767486911753,0.0017406256366142838,0.2557070387360315,0.4325853355944692,-6.597010608819069e-5,-0.00020654191652554488,0.03080298713924527,-0.05876866762186634,0.02796568048262107,0.0006689113787100632,0.11659966455665509,1.0406838557959568,8.925273153683,-3.939257852503205,0.5033005394783411,0.44957059245200903,0.0006239936649817234,0.31762697069576284,0.10559883568482978,true
9.71875,2.6021767486911753,0.0016193728576614553,0.24684505980654547,0.4159822273481454,-6.187164093654641e-5,-0.0001951924552687275,0.030124513162874057,-0.05745702260315112,0.027332509440277066,0.0006223147057462397,0.11539099620133127,1.0390345933187053,9.00446852461369,-3.9948126097898835,0.5054611337362215,0.451108460726234,0.0005803062130502368,0.30462833238094006,0.10128514918453738,true
9.78125,2.6021767486911753,0.0015058285879975815,0.23823160452091025,0.3999367191029459,-5.798808093347189e-5,-0.00018434679676962266,0.02946000702707692,-0.05617321088655679,0.026713203859479867,0.0005786803639510547,0.11418964344156089,1.0374416813100864,9.085251954929,-4.050790463555814,0.5075862400031637,0.45261715962112337,0.0005394161864901592,0.2921090069327091,0.09713002606809977,true
9.84375,2.6021767486911753,0.001399560675885839,0.22986269003499074,0.384434114861936,-5.431133523668293e-5,-0.00017399023172605908,0.02880922331505218,-0.05491672926049229,0.02610750594544011,0.0005378422801563269,0.11299569781669698,1.0359050455379626,9.16765032256733,-4.107191365948268,0.509675201741545,0.45409641938947,0.000501165140688711,0.2800542903658155,0.09312863164691296,true
9.90625,2.6021767486911753,0.0013001567025823718,0.22173424315529622,0.36945990976387355,-5.0833349640435974e-5,-0.0001641080079859531,0.02817191560305657,-0.053687072902292035,0.025515157299235466,0.0004996419644577623,0.1118092472141941,1.0344245755098775,9.251690725796767,-4.164015375206086,0.5117273655583178,0.4555459739537595,0.00046540198271903115,0.26844976800679454,0.08927622470869755,true
9.96875,2.6021767486911753,0.001207223439636495,0.21384211028372296,0.3549997970082782,-4.754613527522458e-5,-0.00015468536550209333,0.02754783664807218,-0.05248373584627205,0.02493589919819987,0.0004639283016588692,0.11063037578966567,1.0330001265156887,9.337400502730503,-4.221262651879514,0.5137420836791748,0.45696556239672864,0.00043198276067194706,0.2572813168183741,0.08556815836705217,true
10.03125,2.6021767486911753,0.0011203862895365767,0.2061820669479716,0.34103967450449224,-4.444179370147693e-5,-0.00014570756952890593,0.026936738706546344,-0.05130621151191515,0.024369472805368803,0.0004305573363147222,0.10945916393303953,1.0316315214575607,9.424807246734044,-4.27893345530173,0.5157187156393129,0.4583549298756979,0.0004007704474679638,0.24653510766692877,0.0819998808951868,true
10.09375,2.6021767486911753,0.001039288714679418,0.19874982684893983,0.3275656514848114,-4.151253911863924e-5,-0.0001371599420166617,0.026338373891104973,-0.05015399324686379,0.023815619355758814,0.0003993920532885217,0.10829568833181281,1.0303185523383358,9.513938811501793,-4.337028139315969,0.5176566282794522,0.4597138273333539,0.00037163472119863643,0.2361976079022441,0.07856693666603054,true
10.15625,2.6021767486911753,0.000963591656440763,0.1915410506565532,0.3145640543214816,-3.875071844968765e-5,-0.0001290278912114591,0.02575249439609225,-0.04902657480050231,0.023274080404410057,0.0003703021545040796,0.10714002200291936,1.0290609820025869,9.60482332152729,-4.3955471465609826,0.5195551964555063,0.46104201170853304,0.000344451742526411,0.22625558300201873,0.07526496678260589,true
10.21875,2.6021767486911753,0.0008929729460383445,0.1845513546485688,0.30202143123372,-3.614882899724779e-5,-0.0001212969394633499,0.025178852661328126,-0.04792345076196533,0.022744598100637205,0.0003431638325442289,0.10599223422092138,1.0278585463266043,9.697489197031375,-4.45449100251348,0.5214138057923433,0.4623392475667467,0.00031910392951391603,0.21669609678807678,0.07208970923416608,true
10.28125,2.6021767486911753,0.0008271267114418252,0.17777631897381233,0.28992455663093997,-3.369953321491563e-5,-0.00011395274921179206,0.02461720165052797,-0.0468441170502947,0.022226915399766727,0.00031785954273008075,0.10485239046950617,1.0267109562026555,9.791965177000423,-4.513860310461776,0.5232318550509242,0.46360530843800934,0.00029547973150456305,0.20750651144011206,0.06903699898601112,true
10.34375,2.6021767486911753,0.0007657627847352511,0.17121149541553654,0.27826043553342783,-3.139567111376637e-5,-0.00010698114713605955,0.024067295199193338,-0.04578807143473827,0.021720776235544935,0.00029427777537417824,0.10372055251082339,1.0256178989941174,9.888280327923365,-4.573655746351526,0.5250087563227964,0.464839976628671,0.0002734734038821914,0.19867448800591056,0.06610276823515543,true
10.40625,2.6021767486911753,0.0007086061115936216,0.16485241485218644,0.26701630741678906,-2.9230271075355813e-5,-0.0001003681465091659,0.023528888252111586,-0.04475481399587415,0.021225925743762565,0.00027231282884609254,0.10259677845096406,1.0245790401275365,9.986464054689906,-4.633878052025679,0.5267439354278647,0.46604304317741596,0.000252984784251659,0.1901879863239303,0.06328304647020323,true
10.46875,2.6021767486911753,0.0006553961634456156,0.15869459456430535,0.2561796489878166,-2.719655896073125e-5,-9.409996779830183e-5,0.023001737011209937,-0.04374384753755771,0.020742110526347772,0.0002518645836702915,0.10148112268505424,1.0235940252561029,10.086546129695646,-4.694528027862076,0.5284368347637654,0.46721430950766313,0.00023391907000937974,0.18203526356585628,0.06057396007130022,true
10.53125,2.6021767486911753,0.0006058863547432809,0.15273354521620092,0.2457381765064215,-2.5287965066708737e-5,-8.816305752043052e-5,0.02248559917265576,-0.042754678038250754,0.020269078865594994,0.00023283827858658156,0.10037363583519349,1.0226624823058872,10.18855672404881,-4.755606526776291,0.5300869163442614,0.46835358919206904,0.00021618659819397335,0.17420487241438487,0.057971731788193544,true
10.59375,2.6021767486911753,0.0005598434686961256,0.14696477734815178,0.23567984825059846,-2.349812924973342e-5,-8.254410536495367e-5,0.021980234255480624,-0.041786815142623106,0.01980658088714248,0.00021514428986336604,0.09927436481965618,1.021784022821942,10.292526420875474,-4.817114448899219,0.5316936622916868,0.46946070794713773,0.0001997026290376503,0.1666856598334419,0.05547268041482989,true
10.65625,2.6021767486911753,0.0005170470929948046,0.14138380752931012,0.2259928666246067,-2.1820904926396784e-5,-7.723005963983535e-5,0.021485403846745882,-0.040839772606462696,0.019354368759716814,0.00019869791444984103,0.09818335295239518,1.0209582432890612,10.398486225909185,-4.879052734562908,0.5332565748384622,0.47053550329627397,0.000184387133757465,0.1594667655908595,0.053073220380224335,true
10.71875,2.6021767486911753,0.00047728906549523406,0.1359861643556951,0.2166656792906645,-2.0250361985618747e-5,-7.220814111038448e-5,0.021000871738572482,-0.03991306868270557,0.018912196944133087,0.00018341915695592069,0.09710063991407415,1.0201847271585536,10.50646759960934,-4.941422355877802,0.5347751790321309,0.4715778260969058,0.00017016458635897284,0.1525376195245495,0.0507698609193503,true
10.78125,2.6021767486911753,0.00044037293076753387,0.13076739417735134,0.20768697976972317,-1.8780788204769326e-5,-6.746585526818446e-5,0.020526404123871085,-0.03900622653101489,0.018479822407143805,0.0001692325208074469,0.09602626168030126,1.0194630469352144,10.616502497299091,-5.0042243096438535,0.5362490263511097,0.4725875426809718,0.00015696375974299294,0.145887938292655,0.04855920507074408,true
10.84375,2.6021767486911753,0.00040611340962385664,0.1257230663686224,0.1990457082056742,-1.7406689317477087e-5,-6.299100305898154e-5,0.020061769894796258,-0.038118774671800665,0.018057004777004407,0.0001560668043891026,0.09496025058485064,1.0187927654255622,10.728623388743395,-5.0674596118979345,0.5376776955697473,0.4735645351018301,0.00014471752705074112,0.13950772272924136,0.04643794887425219,true
10.90625,2.6021767486911753,0.0003743358829229491,0.12084877823891334,0.19073105197269208,-1.612278833481974e-5,-5.8771690133588945e-5,0.019606740886808097,-0.037250247406232055,0.01764350651942396,0.00014385490267378263,0.09390263545099341,1.018173436728605,10.842863268304933,-5.131129291071432,0.5390607922986226,0.4745087004861527,0.00013336266873957962,0.13338725525520648,0.044402880585225124,true
10.96875,2.6021767486911753,0.0003448758894996142,0.11614015978468634,0.18273244543844838,-1.4924024255119744e-5,-5.479633470416171e-5,0.019161092005981335,-0.03640018517167001,0.01723909316568868,0.00013253361428007434,0.09285344159668332,1.0176046080391385,10.959255688757226,-5.195234378669411,0.5403979512670464,0.4754199522716289,0.0001228396851493057,0.12751709621679383,0.042450879529355515,true
11.03125,2.6021767486911753,0.00031757863816121035,0.1115928782232361,0.1750395691438254,-1.3805549821970463e-5,-5.105367406200664e-5,0.018724601383151945,-0.03556813490351886,0.016843533520366914,0.00012204345393561135,0.09181269075920619,1.0170858217798782,11.07783481095606,-5.259775900552173,0.5416888403313532,0.4762982226182041,0.00011309261446781015,0.1218880795892486,0.04057891474403602,true
11.09375,2.6021767486911753,0.00029229853466598355,0.10720264211836061,0.1676423491294069,-1.276272834663499e-5,-4.753276979628095e-5,0.01829705063129673,-0.034753650439835734,0.016456599808539005,0.00011232847069785011,0.09078040114733574,1.0166166168204163,11.198635432007588,-5.324754870768384,0.5429331617522641,0.4771434629571695,0.00010406885655959178,0.11649130923089461,0.038784043801112805,true
11.15625,2.6021767486911753,0.0002688987245889504,0.10296520514342736,0.1605309562709935,-1.17911300665911e-5,-4.4223011778027474e-5,0.017878225076904987,-0.03395629290352549,0.016078067826620503,0.00010333607228033192,0.08975658759910243,1.0161965291287258,11.32169299558897,-5.39017228498237,0.5441306512477005,0.47795564304443255,9.57190030308444e-5,0.11131815543546497,0.037063411726779454,true
11.21875,2.6021767486911753,0.00024725065207548233,0.0988763696792872,0.15369580493437127,-1.0886528227646942e-5,-4.1114120994461384e-5,0.017467913879087534,-0.03317563101987982,0.015707717140792284,9.501685548448726e-5,0.08874126162855474,1.0158250932506387,11.44704362557509,-5.456029110516565,0.5452810795256885,0.4787347517183757,8.799667338148011e-5,0.10636025064514375,0.03541424963945795,true
11.28125,2.6021767486911753,0.00022723363405899896,0.09493199023324964,0.1471275510514024,-1.0044894619660813e-5,-3.819615129845098e-5,0.0170659101480376,-0.0324112414247804,0.015345331276742799,8.732444257419922e-5,0.08773443136533211,1.0155018444028077,11.574724182962893,-5.522326275526985,0.5463842561589249,0.47948079925177745,8.085835700009376e-5,0.10160948449980228,0.03383387316425299,true
11.34375,2.6021767486911753,0.0002087344498463664,0.091127976508551,0.14081709033013096,-9.262394501546573e-6,-3.5459490115877517e-5,0.016672011100712467,-0.03166270897933184,0.014990697878619376,8.021532355607827e-5,0.08673610161071835,1.0152263196067257,11.704772300733307,-5.589064661552286,0.5474400310102574,0.4801938180511995,7.426326105740646e-5,0.09705799935921014,0.032319681002873156,true
11.40625,2.6021767486911753,0.00019164694604081786,0.08746029624237503,0.13475555636240055,-8.535381402838102e-6,-3.2894858189675574e-5,0.01628601785602741,-0.03092962689227173,0.014643609036244322,7.364870435384956e-5,0.08574627391411226,1.0149980585068885,11.837226414334472,-5.6562450979375924,0.5484482964867989,0.4808738639313201,6.81731643261617e-5,0.09269818576775199,0.03086915348215185,true
11.46875,2.6021767486911753,0.00017587165546806074,0.08392497850029512,0.12893431652840404,-7.86039258939205e-6,-3.0493308570128685e-5,0.015907733801998378,-0.030211596139118745,0.014303862337120367,6.758636036407574e-5,0.08476494576263385,1.014816609603276,11.97212598289219,-5.723868351846488,0.5494090149688807,0.48152103435116406,6.255227624999047e-5,0.08852267407304301,0.029479849818538763,true
11.53125,2.6021767486911753,0.0001613154253890078,0.08051811906200307,0.12334496110017427,-7.234146317295392e-6,-2.824622507146548e-5,0.015536959366146377,-0.02950822311838211,0.013971263752235733,6.199249358067053e-5,0.08379210657138562,1.014681555890621,12.10951242795377,-5.791935111404772,0.5503223351497302,0.48213554633585215,5.736709914994305e-5,0.08452431377628063,0.02814940129202555,true
11.59375,2.6021767486911753,0.00014789104649298441,0.07723589104447329,0.11797927609442264,-6.653542701622974e-6,-2.6145320878815585e-5,0.015173479653750925,-0.028819113918249074,0.01364563426449815,5.683359001934424e-5,0.0828277253616553,1.0145925914621572,12.249432023299992,-5.860445960798531,0.5511889375815076,0.4827179678852977,5.258628983051302e-5,0.08069612372162457,0.026875494700115365,true
11.65625,2.6021767486911753,0.0001355168719314006,0.0740745656058455,0.11282918478416787,-6.115669191407041e-6,-2.4182638078988823e-5,0.014817041562376166,-0.02814386372243919,0.013326822160063024,5.207827331466317e-5,0.08187172117040929,1.0145497055868216,12.391943043131088,-5.929401354623453,0.552010853109716,0.4832697653571862,4.8180515424360754e-5,0.07703118684489584,0.02565583733401372,true
11.71875,2.6021767486911753,0.00012411642384119604,0.07103054597626798,0.10788664703193451,-5.617806902760058e-6,-2.2350548741420875e-5,0.014467322359108253,-0.027482042672294066,0.013014720313185813,4.769715350950824e-5,0.08092390731771659,1.014553532785056,12.537129834843512,-5.998801631130159,0.5527929967935185,0.48379432751851426,4.4122301123619396e-5,0.07352247180807327,0.024488097586783268,true
11.78125,2.6021767486911753,0.00011361800995616233,0.06810040874940843,0.10314353477198562,-5.157425983683107e-6,-2.0641756937969885e-5,0.014123904080660516,-0.026833185569589392,0.012709281488928876,4.3662679721240735e-5,0.07998391347129108,1.0146058492480756,12.685123860715466,-6.068647177737167,0.5535453220065871,0.48429839977068223,4.038587844200692e-5,0.07016261579091809,0.02336983261369044,true
11.84375,2.6021767486911753,0.00010395441103992707,0.06528092928422849,0.09859155707542855,-4.732154005758925e-6,-1.9049298842907113e-5,0.013786281532528557,-0.026196799003092637,0.01241051747056408,3.994902002418296e-5,0.07905111953259308,1.0147100064444392,12.836124427384869,-6.13893890971998,0.5542846994406608,0.4847933273102492,3.694706136091899e-5,0.0669437981578226,0.022298446272948837,true
11.90625,2.6021767486911753,9.506272059465658e-5,0.06256905477523841,0.09422235190785877,-4.33971231218602e-6,-1.7566536177277762e-5,0.01345393015329456,-0.025572397899004735,0.012118467745710175,3.6531999850690604e-5,0.07812466796219214,1.0148708834225009,12.990402518109136,-6.209679083849339,0.5550347439817027,0.48529491985544626,3.3783190728900384e-5,0.06385790748527864,0.021271244825475728,true
11.96875,2.6021767486911753,8.688437255781545e-5,0.05996180096094386,0.09002782138280264,-3.9778440053676755e-6,-1.618713926381627e-5,0.01312642845544693,-0.02495956715906239,0.011833138703615461,3.338911263484156e-5,0.0772036162615795,1.015093964484672,13.148269648993567,-6.280872049728613,0.5558219043207936,0.48582081881060973,3.0873170126870986e-5,0.06089713014259828,0.020285633114920987,true
12.03125,2.6021767486911753,7.936526304744068e-5,0.057456098592679236,0.0860006210097988,-3.6442832462243337e-6,-1.4905061129511128e-5,0.012803577509169127,-0.02435801848228958,0.011554440973120451,3.049956659837164e-5,0.07628721188171504,1.0153836463563117,13.310011223515232,-6.352524121540794,0.5566681969949164,0.48638563589557693,2.8197556215682414e-5,0.058054799959719815,0.01933939775419914,true
12.09375,2.6021767486911753,7.245573897063709e-5,0.055048677348232336,0.08213451327058488,-3.336803692906166e-6,-1.37145110744568e-5,0.012485432578606251,-0.02376760078987969,0.011282168211273438,2.7844280372991716e-5,0.07537514632965661,1.0157416703888067,13.475816895219209,-6.424641983357055,0.5575843149649531,0.4869963679571133,2.5738597043760337e-5,0.05532600734115307,0.018430910148490888,true
12.15625,2.6021767486911753,6.611024939066147e-5,0.05273607800800601,0.07842427331741347,-3.053326146586405e-6,-1.2609941109897112e-5,0.01217220623032263,-0.02318824796413238,0.01101604173380975,2.5405749022972073e-5,0.07446759080931974,1.016166927220764,13.64576074204873,-6.497230104007654,0.5585683572533757,0.4876515870777621,2.3480111337307028e-5,0.05270744118055288,0.01755907385024921,true
12.21875,2.6021767486911753,6.028666756884082e-5,0.05051480867452238,0.07486513641355,-2.792005067494943e-6,-1.158603998364173e-5,0.011864101300888667,-0.022619892319386097,0.01075579101849743,2.316778351015679e-5,0.07356494353142592,1.0166570439862856,13.819857600406964,-6.5702892276025056,0.5596122582424173,0.488345763190329,2.140719852982183e-5,0.050196443618977224,0.016723009599050362,true
12.28125,2.6021767486911753,5.4945626065982825e-5,0.0483815253993195,0.07145219152205556,-2.551231400832771e-6,-1.0637741603438733e-5,0.011561199479687274,-0.022062411811700468,0.010501212332013194,2.1115255177658087e-5,0.07266747797323521,1.0172105809410739,13.998154460730445,-6.643816911283841,0.5607110437703611,0.4890754364616911,1.95059362637592e-5,0.04778997587070125,0.01592171072305465,true
12.34375,2.6021767486911753,5.005017341382641e-5,0.04633310676190247,0.0681801730417983,-2.3295625422091e-6,-9.76022989626022e-6,0.01126346886849458,-0.02151563756613709,0.010252168697642509,1.923396381087499e-5,0.07177517347648954,1.017828060180816,14.180781611265806,-6.717809466209409,0.5618674827842037,0.4898422883802879,1.7763221981656007e-5,0.045484257997780185,0.015153923131448775,true
12.40625,2.6021767486911753,4.5565751476275245e-5,0.044366603253844845,0.06504369865623147,-2.125648007877287e-6,-8.948932061692092e-6,0.01097084252652637,-0.020979393414369718,0.010008550887843347,1.7510628937559137e-5,0.07088781726397655,1.0185112650115324,14.367930969276928,-6.792263516810925,0.5630896099553564,0.49065146523586894,1.616677286059858e-5,0.04327515976219429,0.014418275601235262,true
12.46875,2.6021767486911753,4.146024855490063e-5,0.0424791485567306,0.06203759451685385,-1.938202970235905e-6,-8.199509467730882e-6,0.010683274055492555,-0.020453522853272114,0.00977024879777956,1.59329102359223e-5,0.07000520115060184,1.0192619700507268,14.559803461716989,-6.867175896188968,0.5643855973823175,0.4915081607744998,1.4705171509136382e-5,0.04115874633846871,0.013713461664622353,true
12.53125,2.6021767486911753,3.770389289125732e-5,0.040667928896695724,0.059156967271874104,-1.7660181011539377e-6,-7.507849187551733e-6,0.010400732657523053,-0.019937885335509314,0.009537152677986261,1.4489366608252632e-5,0.06912718318680143,1.0200815531957996,14.756590767473446,-6.942543073212218,0.565762092355878,0.4924165147684613,1.3367839634533326e-5,0.039131407461711856,0.01303828267031345,true
12.59375,2.6021767486911753,3.426902651025969e-5,0.03893020584931111,0.05639707941721327,-1.6079671254295187e-6,-6.870057613329221e-6,0.010123180226711551,-0.019432343871355534,0.009309163644643983,1.316936927036032e-5,0.06825361328555027,1.0209714681282402,14.958496978860847,-7.01836150223527,0.5672261676391224,0.4933809006067779,1.214495134429683e-5,0.03718965939447324,0.012391581808878808,true
12.65625,2.6021767486911753,3.112995625466434e-5,0.037263330929780764,0.05375327856116222,-1.463001256015748e-6,-6.282453920141687e-6,0.00985057088664609,-0.01893676222331314,0.009086191336667052,1.1963044505075171e-5,0.06738428117823457,1.0219336241344446,15.165756854055955,-7.0946275230130835,0.5687867089347493,0.49440682908806893,1.1027374703540576e-5,0.03533003327491037,0.01177220691985956,true
12.71875,2.6021767486911753,2.8263020742399738e-5,0.035664731085138304,0.051221031512642866,-1.3301465052634973e-6,-5.741562384399979e-6,0.009582864569158328,-0.01845100368669323,0.008868139117534903,1.086129939352324e-5,0.06651893947006543,1.0229706346920635,15.378637164719326,-7.171331490072947,0.5704537402067463,0.4955004881629642,1.0006696941805647e-5,0.03354913984975632,0.011179032056852561,true
12.78125,2.6021767486911753,2.5646881596830678e-5,0.034131887364670696,0.04879593336613671,-1.2085117088375388e-6,-5.244104397813886e-6,0.009320036110560525,-0.017974914328204496,0.008654878217643972,9.855933733068042e-6,0.06565731911414352,1.024086900691883,15.597452264408401,-7.248439408266955,0.5722377657573596,0.49666829675066465,9.075326849176285e-6,0.03184370700384046,0.010610969948240397,true
12.84375,2.6021767486911753,2.3262851210547596e-5,0.03266230504946288,0.04647362883152707,-1.0972969558441303e-6,-4.786990368086237e-6,0.009062087141759908,-0.017508271771380868,0.00844618462962096,8.939765994853417e-6,0.06479909077166707,1.0252908135568324,15.822611109925225,-7.325861841424645,0.5741500963787249,0.4979171043420353,8.226604631632961e-6,0.030210508480162525,0.010066948183048131,true
12.90625,2.6021767486911753,2.1094831932158537e-5,0.031253429084817354,0.04424966261222016,-9.957888341861783e-7,-4.367310527233912e-6,0.008809076390527477,-0.01705063846058709,0.008241562070059612,8.106609953673849e-6,0.06394379904426177,1.0265968684032263,16.0546743194382,-7.40342517448932,0.5762027221544339,0.49925409069279897,7.454777650800775e-6,0.028646260293448078,0.009545874690233623,true
12.96875,2.6021767486911753,1.9128514665998496e-5,0.029902494976140497,0.04211926951584058,-9.033378535870789e-7,-3.982323436236266e-6,0.008561179624315338,-0.01660090188293309,0.008039722258617751,7.3509667149318825e-6,0.06309077964085104,1.028026017831308,16.294393946047627,-7.48087097441875,0.5784069141319953,0.5006858400713777,6.754724542788835e-6,0.027147513698481833,0.009046602187743301,true
13.03125,2.6021767486911753,1.735001245488961e-5,0.028606333502546592,0.04007707054770324,-8.193271206164507e-7,-3.62944102434877e-6,0.008318814539974012,-0.016155731057578407,0.007836916517604394,6.667499609169976e-6,0.062239022517673624,1.029603829291653,16.542737781578797,-7.557897789522186,0.5807708495005814,0.5022167984498009,6.12148905203892e-6,0.02571048932066733,0.008567873108191725,true
13.09375,2.6021767486911753,1.5744436668190756e-5,0.027360595771985134,0.03811604303051598,-7.431356455624346e-7,-3.306206846045946e-6,0.008082834818169021,-0.01570393451207392,0.0076210996939049,6.050487030179554e-6,0.06138679227683166,1.0313586946573072,16.800986929016624,-7.634236746388284,0.5832911161344911,0.5038438167384954,5.5498048183285125e-6,0.024330576028520092,0.00810815277239899,true
13.15625,2.6021767486911753,1.4294816587171988e-5,0.02615771097706667,0.036225419882362,-6.740496019201914e-7,-3.0102675230413037e-6,0.007854560734124778,-0.015205341315049465,0.007350780580924686,5.493407238521325e-6,0.060531084865454415,1.0333203722309012,17.070904553052635,-7.709751589723062,0.5859231583567021,0.5055372886382464,5.033744841419303e-6,0.023001721598033185,0.0076654264335306675,true
13.21875,2.6021767486911753,1.2981842144124302e-5,0.02498809714200332,0.03439418962791942,-6.112389137822972e-7,-2.739365182653433e-6,0.007635049632709362,-0.01448014615527814,0.006845096522568778,4.98883949779884e-6,0.05966963062482264,1.0354958397267258,17.353816822455045,-7.784599224249931,0.5885477161056495,0.5072201472920974,4.5666556151380895e-6,0.021719723315003648,0.007238296220022578,true
13.28125,2.6021767486911753,1.1785802098914844e-5,0.023847943655992025,0.032622579095751114,-5.539522544571568e-7,-2.4913949543602055e-6,0.00742402656752497,-0.01365978443967392,0.00623575787214895,4.5292089036007196e-6,0.05880603503007001,1.0378232124082287,17.64824327771029,-7.859342792885811,0.5909954975756103,0.5087844463000287,4.141804850016979e-6,0.020489116287343328,0.006828277034947059,true
13.34375,2.6021767486911753,1.069217923953459e-5,0.02273945399012696,0.03091346334956106,-5.016198607298702e-7,-2.264466757201524e-6,0.007220330287282781,-0.012874523908680994,0.0056541936213982125,4.108936583540095e-6,0.05794214088606023,1.0402625413410143,17.953470918284303,-7.934423057702202,0.5932597906112695,0.5102270108924652,3.7539674329414437e-6,0.019311179710852215,0.0064357977347592075,true
13.40625,2.6021767486911753,9.693172675119783e-6,0.02166684240304108,0.02927172245418181,-4.538215960235697e-7,-2.056863458183773e-6,0.007022848061663029,-0.012125561728273511,0.005102713666610482,3.7250247047957783e-6,0.05708053160145512,1.0427908557975827,18.268765663895806,-8.009896393304823,0.595367220353474,0.5115657811737119,3.4001873307077588e-6,0.018187707294702805,0.006061457626398948,true
13.46875,2.6021767486911753,8.78311359718169e-6,0.020634005104524185,0.027701582453360726,-4.102336011237087e-7,-1.8670208241344235e-6,0.006830705354858453,-0.011413759145070158,0.004583053790211705,3.3752947802640077e-6,0.056223840833470214,1.0453941749335245,18.59343224220282,-8.085641577084278,0.5973517529923784,0.5128230828787709,3.0782790553200147e-6,0.01711998834352272,0.005705687518599172,true
13.53125,2.6021767486911753,7.955813628630128e-6,0.019643422883668805,0.026205264173385562,-3.7056482900593325e-7,-1.6935068922576047e-6,0.006643289354826087,-0.010739223749031265,0.004095934394205178,3.057368655926884e-6,0.05537418412282896,1.0480600258912047,18.926870752017525,-8.16156447752474,0.5992434242267644,0.5140184883432528,2.7859342897819334e-6,0.016108181636835268,0.005368541426558347,true
13.59375,2.6021767486911753,7.204398058651839e-6,0.018695942934300522,0.024782791582038312,-3.345268274872265e-7,-1.5350049713390868e-6,0.006460199837685826,-0.010101290907382418,0.003641091069696592,2.7686044240751352e-6,0.05453296511816379,1.0507763232198561,19.268644588516324,-8.237653606524999,0.6010628725139094,0.5151654353742547,2.520653433466974e-6,0.01515128800055761,0.005049687459677035,true
13.65625,2.6021767486911753,6.522005738408912e-6,0.017791096615869084,0.02343247616839616,-3.0183107894756744e-7,-1.390301040679403e-6,0.006281175851096993,-0.009498722371282398,0.003217546520185405,2.506365388780491e-6,0.053700948914952334,1.0535332755561195,19.61852251856162,-8.313944789894906,0.6028208829405887,0.5162710304158993,2.2799684978791234e-6,0.014247448386293094,0.004748507078775384,true
13.71875,2.6021767486911753,5.902290460238779e-6,0.016927608171879667,0.02215161749733871,-2.7219660499229574e-7,-1.2582745243741334e-6,0.006106031943861622,-0.00892996180787012,0.0028239298640084978,2.2682127427383527e-6,0.052878463589945364,1.056324395022136,19.97645777331155,-8.390478369765404,0.6045209418475858,0.5173377311055375,2.0616031504851937e-6,0.013394327092655395,0.004464222765166314,true
13.78125,2.6021767486911753,5.3395484577158015e-6,0.016103846566896826,0.02093710353843207,-2.4535704039514037e-7,-1.1378909724834403e-6,0.005934617704732822,-0.008393343673541413,0.002458725968808591,2.051954564731796e-6,0.05206560835010316,1.0591458383969141,20.34252305811799,-8.467281485288021,0.6061626085292,0.5183655102648395,1.8635108523600057e-6,0.01258942489555636,0.004196002383168391,true
13.84375,2.6021767486911753,4.828655721178697e-6,0.0153181125340843,0.019785782523541445,-2.2106424892243558e-7,-1.0281957129479411e-6,0.005766799591531257,-0.007887218213612636,0.0021204186220813792,1.855621730386831e-6,0.051262399832214686,1.0619951272057941,20.716843742816884,-8.544369249739098,0.6077441862003624,0.5193535503545605,1.6838515269042666e-6,0.011830266394234594,0.003943021642175426,true
13.90625,2.6021767486911753,4.364975027077685e-6,0.014568764741261505,0.018694626708365455,-1.9908920464576017e-7,-9.283079924049515e-7,0.0056024583355958005,-0.0074100077131629615,0.001807549377567161,1.6774321841408926e-6,0.05046885111154737,1.064870138678684,21.099551807214404,-8.621750876785015,0.6092638721811512,0.5203009675524302,1.5209594493612885e-6,0.011114484317443845,0.003704492214954477,true
13.96875,2.6021767486911753,3.944295248363222e-6,0.013854253159977119,0.01766081120937634,-1.7922132929250019e-7,-8.374144906758913e-7,0.005441482864006795,-0.006960253515440433,0.001518770651433638,1.5157676166106305e-6,0.04968505970156244,1.0677681415147822,21.490728760887535,-8.69943321154197,0.6107186042249532,0.5212060944347,1.3733228790333626e-6,0.010439890028555573,0.0034796852500548945,true
14.03125,2.6021767486911753,3.5627692596355563e-6,0.013173016229347433,0.016681602304605365,-1.6126708272974434e-7,-7.547628706097004e-7,0.005283585636524707,-0.006536554578100484,0.0012529689415757776,1.3691496019352002e-6,0.0489111168845797,1.0706863822925,21.89045048427543,-8.777424132852927,0.6121079267916214,0.5220688850939003,1.2395603311518583e-6,0.00980438040842662,0.0032679003422067953,true
14.09375,2.6021767486911753,3.2166189429916614e-6,0.012523854749958773,0.015753247147439628,-1.4504935291977703e-7,-6.79674897258669e-7,0.0051270436509159144,-0.0061359950559931025,0.001008951405077188,1.236126233396534e-6,0.048144016700301245,1.073648068916201,22.30075806926768,-8.855761531860955,0.6135712519719337,0.5229759026942008,1.1182658558497717e-6,0.009203572904369427,0.003067677241913447,true
14.15625,2.6021767486911753,2.9010574883833214e-6,0.011911243762274348,0.014868491415626383,-1.3039124781153236e-7,-6.116437762596484e-7,0.00495956833180003,-0.0057459060727613745,0.0007863377409613442,1.1148579702906326e-6,0.04735986810601859,1.0768541478836804,22.7376931344712,-8.934692367999762,0.6163961724375862,0.5247218680665932,1.0072927170214257e-6,0.00861840133768979,0.0028726612059975423,true
14.21875,2.6021767486911753,2.6050073909933896e-6,0.011414949979299316,0.01402443752837491,-1.1721065711086166e-7,-5.508391563028761e-7,0.0047211397923329285,-0.005288826386058364,0.0005676865937254355,1.0010877978614013e-6,0.046388103015873,1.0817837730008955,23.32028478575062,-9.015592356859258,0.631062862412227,0.5336809611262716,8.995061006041343e-7,0.007932496052215132,0.002644063275761645,true
14.28125,2.6021767486911753,2.251266905192499e-6,0.010933911948727476,0.012653951319748237,-1.0505774734322577e-7,-5.001227628073646e-7,0.0040650609320061265,-0.004203003574718534,0.00013794264271240787,8.651475755153163e-7,0.04379345036625197,1.101357115402084,25.148900262282368,-9.10279690830475,0.7138588208293258,0.5810081038121966,7.53821517944648e-7,0.006301259871193206,0.002100350941897693,true
14.34375,2.6021767486911753,1.422420768945318e-6,0.007209893938421707,0.0072098939384938054,-9.1914006418147e-8,-4.6878729119750206e-7,0.00015340840394528473,-0.00015340840394528473,0.0,5.466272687513472e-7,0.018904782781829176,1.3224737299831075,69.95445254489978,-9.390547993364223,3.9634474465588236,0.9696142077143943,1.555289138785447e-7,0.00021907833968837123,7.300420492055261e-5,true
14.40625,2.6021767486911753,1.1471095595671938e-6,0.007337560999443316,0.0073375609995166916,-7.892873413418702e-8,-4.3863368854346035e-7,2.123584004693289e-5,-2.123584004693289e-5,0.0,4.408269192875384e-7,0.011588781040743842,1.3860879289464638,119.60601585906709,-9.829512754882852,10.845346604091299,0.9957759929246117,4.7691257225725876e-8,3.0993909651117784e-5,1.0328176985756784e-5,true
14.46875,2.6021767486911753,1.1772367306682569e-6,0.01079681562119703,0.010796815621304998,-6.970067295233085e-8,-4.1005773981828625e-7,1.2137520660452377e-5,-1.2137520660452377e-5,0.0,4.5240459982603993e-7,0.010051314457674106,1.3986221595355646,139.14818459069568,-10.08602814003438,17.517526508972892,0.9983745838574863,2.9749835156322596e-8,1.7549318519065176e-5,5.850426754909384e-6,true
14.53125,2.6021767486911753,1.036864620521191e-6,0.010915451412534685,0.010915451412643839,-6.15538975540047e-8,-3.8354168143874016e-7,1.4864714273677114e-5,-1.4864714273677114e-5,0.0,3.9846048929716474e-7,0.010596251024645013,1.391993920818565,131.36664255886657,-10.192857731496913,15.849532287037933,0.9980155377473832,2.8958557790299864e-8,2.166130140760173e-5,7.22320010560763e-6,true
14.59375,2.6021767486911753,1.6209173531602933e-6,0.015821645396958052,0.01587065197164924,-5.829968639145634e-8,-3.577297902912072e-7,6.680263765453717e-5,-4.657897972920762e-5,-2.0223657925329546e-5,6.229082455584814e-7,0.019404674125571304,1.309615311345687,67.48968330366795,-9.811279871143304,6.325631311144176,0.9877336942033494,1.0625748549125316e-7,0.00024307971534234232,8.103178189260446e-5,true
14.65625,2.6021767486911753,2.407908982356871e-6,0.012342108666971587,0.01613732425863605,-5.245822023713648e-8,-3.168799304609487e-7,0.0007197594958405738,-0.0004502152674814783,-0.00026954422835909556,9.253441310502772e-7,0.04703798782691312,1.0660872795144118,22.66438954483598,-9.224729639419692,0.807038976689821,0.6280293687545796,7.457309073047642e-7,0.008386117543668213,0.002795353361895143,true
14.71875,2.6021767486911753,1.570395974058487e-6,0.008558750238496062,0.010201545310753825,-5.027922430556193e-8,-2.8477463198342155e-7,0.0005507731205698961,-0.00040427738816717525,-0.0001464957324027209,6.034932003939986e-7,0.039495097764500595,1.1267139816453051,28.527945122800283,-9.451451939187647,0.9938353231696332,0.7049171305595843,4.531906260529887e-7,0.004168335668458082,0.001389464762286877,true
14.78125,2.6021767486911753,6.590257943722061e-7,0.005119223727857013,0.00521208638641546,-4.209653502113544e-8,-2.6258260862141667e-7,0.0004206300683609628,-0.0003389616676741856,-8.166840068677718e-5,2.532594277862479e-7,0.02580218325653317,1.2432850064168883,48.185263783912,-9.949351612255947,1.7626962805524113,0.8697810588972862,1.4303489968249366e-7,0.0007594825516678813,0.0002531924930763425,true
14.84375,2.6021767486911753,8.557395232409114e-7,0.0058300655041794835,0.006171822402283407,-3.7622557136948307e-8,-2.411256927692081e-7,0.0003261909738197918,-0.0002684997938482616,-5.7691179971530206e-5,3.288552646054213e-7,0.029272288845458978,1.2120221045576498,41.40510197055094,-9.837901537618379,1.566162019302067,0.8428435829224732,1.9404126615784016e-7,0.0012579891048136204,0.00041936590179339446,true
14.90625,2.6021767486911753,1.0351233263481676e-6,0.005605960554733459,0.007210320164134161,-3.4560741925635865e-8,-2.139397573820668e-7,0.0003606301514085014,-0.0002846520903319761,-7.597806107652533e-5,3.97791321004158e-7,0.038157189335717566,1.1284909871991156,29.574793291778857,-9.736278254990031,0.8294038317344488,0.6383976831356128,3.2316506529169765e-7,0.003631487934457365,0.0012105620259229438,true
14.96875,2.6021767486911753,7.223439850720413e-7,0.004830977326976344,0.005591851925845427,-3.168326352991793e-8,-1.9210528730615714e-7,0.0003655926575406881,-0.0003038136709996353,-6.17789865410528e-5,2.7759220638465883e-7,0.033207434632560484,1.1689541273457908,35.20157881149935,-9.96902881289158,1.0565420014235647,0.7262733360320539,2.0663625560038338e-7,0.002083241942196409,0.0006944818799859066,true
15.03125,2.6021767486911753,7.464441162086592e-7,0.004704221806727213,0.00583634318757778,-2.778037560808536e-8,-1.6989771658138555e-7,0.000482699589627612,-0.00042118467841831416,-6.151491120929783e-5,2.8685373373814844e-7,0.03569953470403164,1.144245846486891,32.052122134736635,-9.965232221162054,0.8534631404214935,0.6491764019864916,2.3190943944950923e-7,0.0027824734013228974,0.0009275732206306532,true
15.09375,2.6021767486911753,6.925762630741125e-7,0.00471079801326069,0.005681713785646483,-2.5871543563558206e-8,-1.5051975059945575e-7,0.0004992759687291839,-0.0005052343104474508,5.958341718266882e-6,2.661526598538934e-7,0.03482984140925954,1.1508194842707005,33.041192199191414,-10.025326030811888,0.9048048562360912,0.6709308369666291,2.1022881784572962e-7,0.002521094133301964,0.0008404478380959744,true
15.15625,2.6021767486911753,4.453601895061275e-7,0.004521370153706741,0.004741282747137834,-2.2876320496622632e-8,-1.3616852204600196e-7,0.0005214572179814,-0.0005506516424286184,2.919442444721844e-5,1.7114909267025448e-7,0.028387015690486992,1.2067337619041376,42.51006076375038,-10.330999260135023,1.345409376694228,0.8025858956577951,1.1304923081381804e-7,0.0011124948327453637,0.00037089933143091754,true
15.21875,2.6021767486911753,4.564602836127231e-7,0.004990685035383982,0.005197495358752487,-2.053333577051242e-8,-1.2361672122932735e-7,0.0005076075420902785,-0.0005270785725508446,1.9471030460566107e-5,1.7541478834683705e-7,0.028268447417956685,1.2072252211422139,42.70574903860338,-10.356945838907647,1.4446293681128193,0.8222262915856663,1.0944837532856847e-7,0.0010940229098268391,0.0003647427454329038,true
15.28125,2.6021767486911753,5.655103666840274e-7,0.0052336737177525305,0.006006624601259544,-1.891399085952825e-8,-1.1048459102668064e-7,0.0004387506578822727,-0.0004376026575360734,-1.1480003461993298e-6,2.173220427737908e-7,0.03362161297901284,1.1551810807865626,34.35828856597824,-10.255870812286105,1.0663249754766697,0.7294278586151179,1.580983557623159e-7,0.0021890372381353157,0.0007297747083153084,true
15.34375,2.6021767486911753,4.4958005536371644e-7,0.0045545344667149105,0.005038548613015208,-1.760223075834227e-8,-9.904499508367508e-8,0.00034638719295811496,-0.00034020345391028574,-6.1837390478292195e-6,1.727707603220431e-7,0.03067618733986601,1.1807960450362047,38.49226867582959,-10.405594131607279,1.2191925273899915,0.7731862764917993,1.1819863616896987e-7,0.001517045067542609,0.0005057676188359308,true
15.40625,2.6021767486911753,3.6890200057319686e-7,0.004016075951877338,0.004434154068952858,-1.5615656199552557e-8,-8.854577764248954e-8,0.00031598912599384174,-0.00030088467962297483,-1.5104446370866915e-5,1.417666961933868e-7,0.02967335376664086,1.1870428138217581,40.00366197757686,-10.546741316786107,1.219962125371808,0.7733824560073267,9.752755114539781e-8,0.0013281913857782518,0.00044281715789349025,true
15.46875,2.6021767486911753,3.9972782294895794e-7,0.00405584573092869,0.00469258281480837,-1.3899382404399857e-8,-7.827965593931057e-8,0.0003680388325704594,-0.0003317250440778867,-3.6313788492572724e-5,1.5361286398013136e-7,0.03194417785705586,1.164455371632743,36.45282019288335,-10.50409341786023,1.0291278143910298,0.7171833009761647,1.1399726346250381e-7,0.0017837980046133122,0.0005946994591069026,true
15.53125,2.6021767486911753,3.925056284015161e-7,0.003533989753532228,0.004511107796820974,-1.2159348849495737e-8,-6.780127919162817e-8,0.0004165346514736466,-0.00038132472025069724,-3.520993122294936e-5,1.508374204784267e-7,0.03411568374431103,1.1411351576106066,33.448989800794976,-10.519057600574575,0.7899378826538885,0.619868661782908,1.2427744735142373e-7,0.0023204982975932016,0.0007736165429610952,true
15.59375,2.6021767486911753,3.206322980444286e-7,0.0032871011506596355,0.0038972145263392755,-1.120019007411808e-8,-5.940059329630795e-8,0.0003611553023380881,-0.0003792264655210786,1.8071163182990487e-5,1.2321695603717078e-7,0.03132816003505205,1.1663240271842523,37.229253996381864,-10.65099170977193,0.9366441679003922,0.6836086155117561,9.551786784221722e-8,0.001650123861973074,0.0005501444020668396,true
15.65625,2.6021767486911753,1.663631617501105e-7,0.0025541169620984646,0.002611391697513004,-9.583122743620956e-9,-5.364352646889661e-8,0.0002651067176686298,-0.0002794793478122663,1.4372630143636507e-5,6.393230660975918e-8,0.022735317404184403,1.2484873679940947,54.91400651236619,-11.062640012213544,1.5684166825255352,0.8431944532652232,3.871467688910359e-8,0.00045777444367412845,0.00015265124740798135,true
15.71875,2.6021767486911753,1.5624405618517286e-7,0.003400783380828181,0.003400783380862189,-8.555737864838597e-9,-4.898858884095377e-8,6.095177844327087e-5,-6.095177844327087e-5,0.0,6.004359860019478e-8,0.015048044446616563,1.329158958070283,88.32768688220709,-11.353039428862754,4.31261814374288,0.9741540654231419,1.544558423209416e-8,8.78964248144365e-5,2.9325673852803287e-5,true
15.78125,2.6021767486911753,2.920416791581768e-7,0.004474060438258018,0.005115575831521063,-7.914650178679272e-9,-4.323102400890968e-8,0.00017396702192750335,-0.00012205039250989119,-5.1916629417612156e-5,1.1222976275730151e-7,0.03154800266023067,1.156555671015308,36.66018681028131,-10.886404844184861,1.184514228983023,0.7641114604881108,7.629891091664765e-8,0.0016968949757317075,0.000565746201790656,true
15.84375,2.6021767486911753,2.3292585497556978e-7,0.002559565725263867,0.0033421015878372547,-7.363496793641701e-9,-3.6916284302380395e-8,0.00021909880159826876,-0.00015817059627921503,-6.092820531905372e-5,8.951192692530406e-8,0.0318512126669658,1.1518217450091701,36.16257117280096,-10.931397138041776,0.7838539903053579,0.6169158904771239,7.402369426242907e-8,0.0017630648192291916,0.0005878068561173564,true
15.90625,2.6021767486911753,1.8186619048753673e-7,0.002371583143917756,0.002855103129859457,-6.7806164739770094e-9,-3.193750510561787e-8,0.00018815472741512906,-0.0001647544851627672,-2.340024225236186e-5,6.98900221051512e-8,0.02908408928607128,1.1770513751235872,40.47062858135603,-11.103962090746187,0.9455167256036489,0.6870352386101691,5.416876901860518e-8,0.0012257419404479684,0.0004086831081883706,true
15.96875,2.6021767486911753,9.048854644380964e-8,0.0016816089279974005,0.0017609180412848555,-5.618481237927769e-9,-2.8395656112135232e-8,0.00017083796578988683,-0.0001620566746855141,-8.781291104372727e-6,3.4774173771755875e-8,0.021831652389977554,1.248245816645741,57.17596608577297,-11.531613771472191,1.410141463203241,0.8157106434916058,2.2766588460309036e-8,0.0003892117405548251,0.00012979866803361023,true
16.03125,2.6021767486911753,8.298637197155862e-8,0.0021462993328412528,0.0021487573466474836,-4.9049100723236205e-9,-2.566857243588252e-8,9.175854884062266e-5,-9.175854884062266e-5,0.0,3.189113576289486e-8,0.016673627477909795,1.3045891789935316,78.24267279102452,-11.71975452044615,2.7409779078066046,0.9394317664179503,1.2509508461530761e-8,0.00013245557876029744,4.4188031692026944e-5,true
16.09375,2.6021767486911753,1.3505571347094625e-7,0.0025229949389747926,0.002896155172628541,-4.542012069912374e-9,-2.2551867923410328e-8,0.00012897499009123503,-0.00010921277979839732,-1.9762210292837714e-5,5.190105304679078e-8,0.027648207258274136,1.1842393045423785,42.832408390167046,-11.420657133678187,1.1378481655451436,0.7511410600791155,3.6514251573960506e-8,0.00100103014649906,0.00033377532694914844,true
16.15625,2.6021767486911753,1.2546847173089714e-7,0.0022622159042845627,0.002630087251454284,-4.275054837408402e-9,-1.9629189559981205e-8,0.00012815510330493348,-0.00010266788349508284,-2.548721980985064e-5,4.8216736927652745e-8,0.027426340955836362,1.185848138675048,43.23756277166451,-11.454384740232735,1.0812371833055872,0.7341483102546303,3.486966500804331e-8,0.000969285291438484,0.0003231926447333489,true
16.21875,2.6021767486911753,9.994634384708778e-8,0.0017853962246284429,0.0020841379066166236,-3.85804393183562e-9,-1.693325469557237e-8,0.0001412669089917776,-0.00011389686909972518,-2.737003989205242e-5,3.840874525427917e-8,0.026190956480217218,1.19679344213405,45.6949116401313,-11.57676536536459,1.0251256422113293,0.715824730791479,2.8748486751551294e-8,0.0008061071420926186,0.00026879280581369985,true
16.28125,2.6021767486911753,8.444518201583789e-8,0.0015186969756594009,0.0017873732584663023,-3.4170917381155884e-9,-1.4532620490736783e-8,0.00014878383075838652,-0.00013449478862943704,-1.4289042128949484e-5,3.245174719907536e-8,0.025540772525986837,1.2017165699360883,47.050909235943585,-11.678716051380935,0.9717285462681915,0.6968963599450585,2.49813231021642e-8,0.0007289988664995578,0.00024308675422226632,true
16.34375,2.6021767486911753,5.004681375160751e-8,0.0012639547149567209,0.001344215905294769,-2.857912318221151e-9,-1.2744675746071131e-8,0.00015037169226580528,-0.00014706065516549913,-3.3110371003061538e-6,1.9232672714019025e-8,0.02131179477193995,1.2436217832843934,58.353686143871876,-12.029874511233817,1.2624327422628077,0.7838723199888704,1.333300385549099e-8,0.00035343679052136755,0.00011787488251908569,true
16.40625,2.6021767486911753,4.575997061178526e-8,0.0015595273203824495,0.001579622853974187,-2.494440778850511e-9,-1.1364683454501267e-8,0.00014423806331241335,-0.00014405378272559378,-1.8428058681956342e-7,1.7585266117991905e-8,0.019109535121707325,1.267529154325305,66.32966978278112,-12.165175353251868,1.7348403831186667,0.8663734698618858,9.86127768519454e-9,0.00022848977160783415,7.621401315993088e-5,true
16.46875,2.6021767486911753,6.181750439922408e-8,0.001721958161041072,0.001901141613021004,-2.2979092514906383e-9,-9.987174276800803e-9,0.00012802134441532991,-0.00012426875406342587,-3.7525903519040405e-6,2.3756074382847598e-8,0.02395124230556836,1.2120970891570046,50.60685678400938,-12.020374858637775,1.2329119739287797,0.7766504558397661,1.6088928445869332e-8,0.0005637820223115968,0.00018800681905282603,true
16.53125,2.6021767486911753,5.820934026851817e-8,0.001603271228395674,0.0017858214334986904,-2.141885260625961e-9,-8.728474161420097e-9,0.00010043297663459362,-9.541893722934453e-5,-5.0140394052490864e-6,2.23694798202297e-8,0.023719682492857674,1.2138352648890405,51.17417845936779,-12.064442059758925,1.228793438915347,0.7756178443969236,1.5168285389357086e-8,0.0005422956593469328,0.0001808434653708065,true
16.59375,2.6021767486911753,4.507787951185108e-8,0.0013131523231742854,0.0014614481989904682,-1.904822997241317e-9,-7.579006215735175e-9,8.642964453288568e-5,-7.869197773711283e-5,-7.73766679577285e-6,1.732314283974908e-8,0.02257369633341576,1.2238893612823438,54.21749912842696,-12.23152090997745,1.2230220906804414,0.7741602840914908,1.1898800281820377e-8,0.0004448578234265355,0.00014835770036133864,true
16.65625,2.6021767486911753,4.4244304117099446e-8,0.0012021103734179976,0.0014118808063229848,-1.7092933136049409e-9,-6.467491795423847e-9,8.486665634335602e-5,-7.77401382617603e-5,-7.126518081595717e-6,1.7002805108973916e-8,0.023826981258285137,1.2082167806658044,50.70792508579669,-12.245916348834013,1.0232002463193812,0.7151682289407564,1.2738572730021027e-8,0.0005521696640910304,0.0001841367642220376,true
16.71875,2.6021767486911753,3.779774861607683e-8,0.0011275557886031137,0.0012731642354448759,-1.5463105199425679e-9,-5.5475226607598185e-9,8.68251532874849e-5,-8.33339883806284e-5,-3.4911649068565054e-6,1.4525434767291684e-8,0.022342420225655517,1.2239884674824362,54.78316382559781,-12.3536989157792,1.1357089311454627,0.75052466210493,1.0365960717350605e-8,0.0004269058433920209,0.00014237287383636564,true
16.78125,2.6021767486911753,3.149441871888009e-8,0.0010746718944420594,0.001204108762466776,-1.3587017767148933e-9,-4.748908835494766e-9,0.00010224903531441451,-9.725972639088173e-5,-4.9893089235327804e-6,1.2103105115638642e-8,0.022014467067633197,1.2247679956096245,55.63468749195121,-12.502324200935838,1.120258076655494,0.7460138903652758,8.734819459236515e-9,0.0004023886314185046,0.00013419905152665777,true
16.84375,2.6021767486911753,3.414628948627984e-8,0.0010135123951746775,0.001281705148543286,-1.1918819544066798e-9,-3.9390396781624525e-9,0.0001285318341079678,-0.00011828109263462439,-1.0250741473343396e-5,1.3122202211457965e-8,0.024822723140403166,1.1904768074343641,47.95915422738863,-12.469348782359608,0.7962120640121672,0.6228864551110452,1.0846453792603572e-8,0.0006504020055188892,0.00021688918203179467,true
16.90625,2.6021767486911753,3.154167925804093e-8,0.000984882480911743,0.0012335591890123472,-1.0823287740650263e-9,-3.261067234514568e-9,0.00012886937488150842,-0.00012326885384739394,-5.6005210341144814e-6,1.212126704072102e-8,0.024474900270037177,1.1932522128236966,48.754119512572956,-12.53315779806597,0.8077160162134225,0.6283482689637675,9.95857915693399e-9,0.0006147099870225515,0.00020498966359064601,true
16.96875,2.6021767486911753,2.513027960079683e-8,0.0008888505635594234,0.001055670561327858,-9.6361240878989e-10,-2.7098177652946123e-9,0.00012898960662308717,-0.00012515143506875757,-3.838171554329593e-6,9.657406866553813e-9,0.022838901759562904,1.210315054476467,52.993575050941075,-12.683838678987213,0.8862690857313834,0.6632678861499888,7.705745864307575e-9,0.00046612452713839917,0.00015545048617899304,true
17.03125,2.6021767486911753,2.1079501660903192e-8,0.0007856737837637827,0.0009244213384674101,-8.455924957004258e-10,-2.2440473633025576e-9,0.00010830843770870066,-0.00011658201326881633,8.273575560115674e-6,8.100718627781765e-9,0.021901619877284798,1.219535416175022,55.68243002152821,-12.805654805280454,0.9145195995799286,0.6748632036871858,6.398981350950284e-9,0.0003941990120687888,0.00013146956626651965,true
17.09375,2.6021767486911753,9.606554547371912e-9,0.0006597647420390945,0.0006610444416541156,-6.952544669140696e-10,-1.9551698484627894e-9,1.6461500362033115e-5,-1.6461500362033115e-5,0.0,3.691737908350672e-9,0.011201258119541048,1.349275480295041,120.45749378287921,-13.456034857549966,3.4762994994682805,0.9610278966584826,1.2052996286764953e-9,2.699211932327458e-5,9.015878324176864e-6,true
17.15625,2.6021767486911753,1.1854873676006131e-8,0.0007107500844382518,0.0007403613706236025,-6.090235580842228e-10,-1.6738839949953539e-9,1.1656261674990763e-5,-1.1165048091275637e-5,-4.912135837151257e-7,4.555752672053815e-9,0.015387766052461938,1.2944863709317043,84.1243859906874,-13.355650740181025,2.146772196222365,0.9064785528273261,2.1567863512439366e-9,9.608170608296985e-5,3.206222106278532e-5,true
17.21875,2.6021767486911753,1.094384347494991e-8,0.0006455990562549501,0.0006872503606445981,-5.358010602670606e-10,-1.415216714011749e-9,1.5918961322194766e-5,-1.5348585443273087e-5,-5.703758789216799e-7,4.205649551074641e-9,0.016551223433686726,1.2784656105930619,77.24296730784259,-13.384774261221617,1.7265013416275636,0.8653292128100838,2.340268313185826e-9,0.00012859463797031343,4.290543316034879e-5,true
17.28125,2.6021767486911753,1.1147176388395426e-8,0.0006762162074140192,0.000725581139330862,-4.803862027942667e-10,-1.1832282612755956e-9,2.8646746331100175e-5,-2.6430004436876298e-5,-2.2167418942238776e-6,4.283789098493081e-9,0.01745854603285374,1.2664711166745757,72.54161453601648,-13.376193119745846,1.5332124978221864,0.8375908976943536,2.5600376932500654e-9,0.00015918859915995572,5.310801103414717e-5,true
17.34375,2.6021767486911753,1.3658444312352685e-8,0.0006808225349940716,0.0008658856320597293,-4.3025998731909934e-10,-9.348867351517383e-10,5.857336244798311e-5,-4.908896512935423e-5,-9.484397318628877e-6,5.248853414443317e-9,0.02241033382835643,1.2031004608793792,53.685075380584564,-13.248331836313186,0.8266400437258214,0.6371347936662985,4.256855476409331e-9,0.0004321099067282328,0.00014411101201661103,true
17.40625,2.6021767486911753,1.1982518729108727e-8,0.0006441097195759146,0.0007978336957840883,-3.9185824263112654e-10,-7.456436987322227e-10,6.10069882163874e-5,-5.495774137229325e-5,-6.049246844094152e-6,4.6048058553807345e-9,0.02164963312269717,1.2111444074205808,55.94295296167555,-13.3422857995957,0.8653002737591564,0.6543402753248262,3.676051564493102e-9,0.0003763667646077623,0.0001255251447909604,true
17.46875,2.6021767486911753,7.37279243398962e-9,0.0004864479299641756,0.0005510544007703958,-3.3583673072632606e-10,-6.018618398420806e-10,6.726742648188945e-5,-6.031760201747309e-5,-6.9498244644163656e-6,2.8333173131678835e-9,0.01863816076144672,1.2457520871166818,66.83878860480357,-13.641255493902237,1.0018896994501518,0.7077739448338459,2.169483881821065e-9,0.00020675923222413835,6.897156425814952e-5,true
17.53125,2.6021767486911753,7.116063802519463e-9,0.00042838165308507444,0.0005484785932442266,-2.8204466377682744e-10,-4.671492613121901e-10,8.108051418473638e-5,-7.224807631793007e-5,-8.832437866806303e-6,2.73465813038974e-9,0.020397423263063118,1.2205451513882275,59.838202877245976,-13.700497607353482,0.7270447566933059,0.5880510913990099,2.346005358916852e-9,0.00029656829461313433,9.891828859633793e-5,true
17.59375,2.6021767486911753,6.184982367945684e-9,0.00041384558508817716,0.0005140569757292017,-2.451446952071437e-10,-3.701627770222874e-10,8.877625254171969e-5,-8.28368206770616e-5,-5.939431864658088e-6,2.376849447700493e-9,0.019858602119886395,1.2257867767242676,61.72573322755509,-13.80828426997565,0.7466739278144479,0.5982929680495118,2.0220378605092858e-9,0.0002664560723144145,8.887773718158331e-5,true
17.65625,2.6021767486911753,5.391971861459463e-9,0.0003984626518788853,0.0004910619689431879,-2.141156500227067e-10,-2.9799422510233943e-10,9.639499650160164e-5,-9.459814348767215e-5,-1.7968530139294918e-6,2.0721005458877763e-9,0.019641024617610085,1.2265219266174332,62.446942076419845,-13.923819083112761,0.735513810577037,0.5925053157239257,1.7714127937908498e-9,0.00025497072958874904,8.504810390562604e-5,true
17.71875,2.6021767486911753,4.395424986782238e-9,0.0003834568199154336,0.0004377524703933161,-1.8697643500937232e-10,-2.592168558252471e-10,9.048338128312842e-5,-9.873020282127155e-5,8.246821538143126e-6,1.689133910289921e-9,0.01822641617430323,1.2437182204938817,68.23712399628816,-14.061007773291207,0.8518865627080606,0.6484817673379963,1.3781194982531795e-9,0.00018908771417092894,6.307913557864098e-5,true
17.78125,2.6021767486911753,2.077699229408646e-9,0.0003697177359406008,0.000369717735944298,-1.5469926040231036e-10,-2.3140022215206463e-10,2.2152895955098468e-6,-2.2152895955098468e-6,0.0,7.984466199129913e-10,0.0066142988075672555,1.4013599174426388,211.8682506208183,-14.913157906399626,7.447791685207492,0.9911061280582887,1.2665567516284712e-10,3.2882222017341845e-6,1.1026714617902624e-6,true
17.84375,2.6021767486911753,3.3810365110842403e-9,0.000491174126225702,0.0005140364016016481,-1.4030567718764231e-10,-1.9949603678694525e-10,7.08515123576636e-6,-5.305661200571661e-6,-1.7794900351946982e-6,1.2993108607187466e-9,0.014282135186898512,1.2930057965875665,90.53308764180336,-14.49322532686263,2.0814044716791615,0.9013665822043386,6.174428966246588e-10,7.13084736580641e-5,2.3800240517597815e-5,true
17.90625,2.6021767486911753,3.150100190698279e-9,0.00031490367557628014,0.00039402618359818376,-1.2486805435496802e-10,-1.7074502369880077e-10,1.5162708041807532e-5,-1.2187095915520735e-5,-2.975612126286797e-6,1.2105634993021494e-9,0.018082105805653725,1.2394518268685326,68.5457678541508,-14.409172025196417,0.9015187759695429,0.6695877257526508,9.612254246053922e-10,0.0001831705477118084,6.110615370918169e-5,true
17.96875,2.6021767486911753,2.1702263961125753e-9,0.00028465646626069747,0.00031556307292206643,-1.0866305425020261e-10,-1.5707267119413764e-10,1.7867296498125622e-5,-1.6155263039673373e-5,-1.7120334584522494e-6,8.340042225049243e-10,0.015275246852098946,1.275940711015662,83.52995688841108,-14.668128846215694,1.249758174262414,0.7808098459016123,5.74068422692976e-10,9.330054671085042e-5,3.1135421991177495e-5,true
18.03125,2.6021767486911753,2.4274932299866174e-9,0.0003224314631807937,0.000368402477588715,-9.68605695681772e-11,-1.3961330785817354e-10,2.721651319731119e-5,-2.3848661842071903e-5,-3.367851355239287e-6,9.328702330491506e-10,0.016657635193499786,1.2563512824066962,75.42194722195352,-14.626849175348816,1.0788603477223655,0.7334029611473519,6.824508374047732e-10,0.00013193029161602648,4.401867110562621e-5,true
18.09375,2.6021767486911753,2.5512411546887003e-9,0.00028968277655203414,0.0003893712771945873,-8.528731191140456e-11,-1.2452136449491905e-10,3.936461648447657e-5,-3.283668636061131e-5,-6.527930123865258e-6,9.804257746795661e-10,0.01898392759472065,1.2225281301565318,64.39806115234614,-14.616146656639796,0.7045360779258983,0.5759484099038039,8.416401930007499e-10,0.00022252894266319356,7.423076668229119e-5,true
18.15625,2.6021767486911753,2.133986721462463e-9,0.0002625421120269067,0.00033951228740991427,-7.550859001725496e-11,-1.215993302279778e-10,4.0966763442627625e-5,-3.5431091168129286e-5,-5.5356722744983385e-6,8.200775456685641e-10,0.018089072112097454,1.2334892786888285,68.18974854237582,-14.733244450550714,0.7391823251209761,0.5944180461754474,6.95563919075071e-10,0.00018345251814089276,6.120031268037676e-5,true
18.21875,2.6021767486911753,1.5235692446797138e-9,0.0002041977793220456,0.00025456699874570985,-6.388259990950254e-11,-1.2120476214992644e-10,4.5850199062788636e-5,-4.066050529844746e-5,-5.189693764341176e-6,5.854979856560582e-10,0.01671380686188765,1.2503256522788615,74.8079514506039,-14.93820945666596,0.7342090670269549,0.591822607557307,5.024264848124268e-10,0.000133718136530529,4.4614993334475665e-5,true
18.28125,2.6021767486911753,1.2951830436240217e-9,0.00018808386174442156,0.00024865065405931463,-5.321976186635955e-11,-1.266539163715113e-10,5.2627961931590835e-5,-4.91257483138561e-5,-3.5022136177347357e-6,4.977306189041401e-10,0.017135886445535327,1.2412570750448209,72.43611697533304,-15.099477098985641,0.6357520341860307,0.5365080795078455,4.4412808442836706e-10,0.00014774218673816928,4.929188057886009e-5,true
18.34375,2.6021767486911753,1.0265392491717892e-9,0.00018694779434441807,0.00022820099569989587,-4.514510486075163e-11,-1.3642264789972747e-10,5.8014082956140564e-5,-5.7053991095442556e-5,-9.600918606980077e-7,3.9449251465647394e-10,0.01630835336356916,1.2508461573388647,76.69972126880081,-15.277682369681424,0.6978949078529422,0.5723032043388989,3.446876412897861e-10,0.0001212101739526803,4.0443711653218775e-5,true
18.40625,2.6021767486911753,8.695833778115681e-10,0.00018420523925691035,0.000215552597703377,-3.8600378641416184e-11,-1.461746414493715e-10,6.35046808918007e-5,-6.4162873100058e-5,6.581922082573053e-7,3.3417537000472587e-10,0.015838926565074303,1.2559524740708776,79.29530255164649,-15.408084943537808,0.7207315758705279,0.5846955254262786,2.894102574053712e-10,0.00010784861855026801,3.5987589569478435e-5,true
18.46875,2.6021767486911753,7.881957152045993e-10,0.0001856011757043118,0.00021185201352400272,-3.3624437885167846e-11,-1.702214222966289e-10,5.878595964660166e-5,-6.447247203084767e-5,5.686512384246007e-6,3.0289860809840857e-10,0.015477228139602952,1.2601645428317714,81.4205574451201,-15.496021316280817,0.7731032621487051,0.6116337337679252,2.5590600650357875e-10,9.833207343932497e-5,3.281369989676783e-5,true
18.53125,2.6021767486911753,4.0859617553104296e-10,0.00018741581987730135,0.0001874158198791755,-2.8485474851469438e-11,-1.7367143478638905e-10,1.8451200722547946e-6,-1.8451200722547946e-6,0.0,1.5702091556100323e-10,0.006305494322875209,1.3976257987700356,221.65205885598823,-16.23571380574701,5.809223914521215,0.9855052538402758,3.1400169888326285e-11,2.716546744529208e-6,9.115528984147457e-7,true
18.59375,2.6021767486911753,7.731913833602982e-10,0.0002206097042361009,0.0002663181427292415,-2.5734254949113586e-11,-1.6288083289558455e-10,1.607498799656925e-5,-1.1414876980505315e-5,-4.6601110160639355e-6,2.9713253865218517e-10,0.016078281683214714,1.248095102978029,77.6261498317327,-15.66740165306053,0.9483154170722348,0.6881066950532272,2.28451229294386e-10,0.00011451512842031621,3.8210952594539066e-5,true
18.65625,2.6021767486911753,6.227612061628517e-10,0.0001354060410515683,0.00018649303703982553,-2.2586765980019404e-11,-1.66393000200296e-10,2.7937446719028495e-5,-2.304256834663069e-5,-4.894878372397804e-6,2.393231768272788e-10,0.016055146291500996,1.2473080501768241,77.68898691612067,-15.739000145825,0.6356174892853272,0.5364272122997361,2.122013753740014e-10,0.00011385758286678204,3.7991665559398856e-5,true
18.71875,2.6021767486911753,4.985017827744926e-10,0.00013600381363154632,0.00017673057597895311,-1.945280328822154e-11,-1.8077272500486799e-10,3.564657437866317e-5,-3.357377473904163e-5,-2.0727996396215434e-6,1.915710694998814e-10,0.015605361280312854,1.2514781265087411,80.19539593021531,-15.92541620967051,0.6623566249985783,0.552210045421645,1.68669460010616e-10,0.0001016279569091798,3.3912977007016905e-5,true
18.78125,2.6021767486911753,3.598440053660038e-10,0.0001268189141258932,0.00014622669551680719,-1.6406738540258663e-11,-1.9149723099507747e-10,4.188924965598918e-5,-4.1144121672880306e-5,-7.451279831088728e-7,1.3828576615596756e-10,0.014226364450556117,1.2704220085883893,89.30053865861196,-16.13750246660076,0.748993033544,0.599484059246627,1.185543533922109e-10,7.020077808829076e-5,2.3431012530225287e-5,true
18.84375,2.6021767486911753,3.369057067078456e-10,0.00012663131519422737,0.00015659342794528458,-1.3899752454243869e-11,-2.006335545760635e-10,4.6573357349235566e-5,-4.6393456269512835e-5,-1.7990107972273167e-7,1.294707236460014e-10,0.015036061733114737,1.2556229150074325,83.5074328168064,-16.2527322200575,0.6498295440456527,0.5448878694671496,1.149130654190214e-10,8.759360305477365e-5,2.9232229804295904e-5,true
18.90625,2.6021767486911753,2.9039266920748794e-10,0.0001260880418100196,0.0001501971057669791,-1.201739189359564e-11,-2.2177141110733844e-10,4.372168261106035e-5,-4.6618168608051274e-5,2.8964859969909224e-6,1.1159605870490834e-10,0.014601758500803428,1.2608685826215236,86.35046131958333,-16.37689168501991,0.6997715135598325,0.5733366977012903,9.707799054538084e-11,7.790620425615382e-5,2.6001146043012316e-5,true
18.96875,2.6021767486911753,1.8170469116353408e-10,0.00012531217403311207,0.0001253121740343652,-1.0436796687825492e-11,-2.2233280014439312e-10,4.250752310485517e-6,-4.250752310485517e-6,0.0,6.982795894050112e-11,0.007671377144687603,1.371207181073464,178.74328887910553,-16.788748160520882,3.129732901663576,0.9525578604056519,2.4278484332273072e-11,5.945083165669284e-6,1.990641624077921e-6,true
19.03125,2.6021767486911753,2.506532571629328e-10,0.0001107674482265981,0.0001451778532672564,-8.931247345263659e-12,-2.147617255964662e-10,2.5402377329875622e-5,-2.299452020486408e-5,-2.407857125011543e-6,9.632445501213729e-11,0.014849749991493928,1.254287620640094,84.46523485974924,-16.546566743591804,0.6729920636926433,0.5583279165049067,8.404969074827152e-11,8.333334621382795e-5,2.781131170575005e-5,true
19.09375,2.6021767486911753,1.9596849836290476e-10,9.9689558227396e-5,0.0001250743253497773,-7.612302431485817e-12,-2.258250097068308e-10,3.4647698690569074e-5,-3.371797516534679e-5,-9.297235252222829e-7,7.530944946820835e-11,0.014260704201632935,1.2616097016556518,88.46755979351917,-16.71658671084778,0.6476886356327684,0.5436238369689103,6.668274088683272e-11,7.088073660431022e-5,2.3657839867502216e-5,true
19.15625,2.6021767486911753,1.6050340374561595e-10,9.391725576683695e-5,0.00011829608011707466,-6.475956703691842e-12,-2.3593986172181544e-10,3.897202153519913e-5,-3.91128616313602e-5,1.4084009616106857e-7,6.168043881967082e-11,0.014186221683605726,1.2603748696114079,88.84500029123026,-16.89139897380247,0.6095872574964046,0.5205023280645894,5.554462564317925e-11,6.941194382068354e-5,2.31679251972575e-5,true
19.21875,2.6021767486911753,1.299706478256639e-10,9.171086661771001e-5,0.00010876518028790568,-5.520872912589374e-12,-2.4208541984649204e-10,3.899988855166822e-5,-3.900037567148091e-5,4.871198126872481e-10,4.994689461084288e-11,0.01359151052318783,1.2682301699970906,93.310465222642,-17.052543910222337,0.6555013661340977,0.5482187312958968,4.430362746981793e-11,5.848760334094902e-5,1.9523968949104226e-5,true
19.28125,2.6021767486911753,1.182085628884256e-10,8.546986903563468e-5,0.00010932520313478605,-4.676521012152295e-12,-2.463669803006562e-10,3.9626248429180476e-5,-3.962297900440763e-5,-3.269424772842685e-9,4.5426800061864094e-11,0.014043170198954484,1.2588742503922077,89.64316693149037,-17.170321671793467,0.5761827123723713,0.49924107440998583,4.138358879439469e-11,6.665514000264394e-5,2.2248382788595845e-5,true
19.34375,2.6021767486911753,9.93832458188229e-11,8.201362984241016e-5,0.00010265264156205086,-3.998689895343764e-12,-2.522837983871457e-10,3.9438571136512356e-5,-3.975061491183528e-5,3.120437753229252e-7,3.819235025784086e-11,0.013750493271672156,1.2619233549977442,91.77295170911971,-17.31404396180647,0.5844092683753218,0.5045639544826404,3.471623420916993e-11,6.127152741281786e-5,2.0452610141415324e-5,true
19.40625,2.6021767486911753,8.393518812384172e-11,7.748137447252056e-5,9.645460833074459e-5,-3.409354267689678e-12,-2.5765421672602246e-10,3.832069086249746e-5,-3.832069086249746e-5,0.0,3.225575978497958e-11,0.0135314354975866,1.2637763360103436,93.39558513475858,-17.457398664893176,0.5823982726955746,0.503268032033344,2.9355872997398496e-11,5.746071609020067e-5,1.9181432511066673e-5,true
19.46875,2.6021767486911753,6.996231672231676e-11,7.275568563015208e-5,8.88347235872356e-5,-2.8923477640106473e-12,-2.6070594752275906e-10,3.40095600748834e-5,-3.40095600748834e-5,0.0,2.688607403686391e-11,0.013133025547920412,1.2688158282716016,96.61260641288526,-17.603268255653855,0.6090687443770569,0.5201794264258057,2.424720289494858e-11,5.0988724111277314e-5,1.7022487070775464e-5,true
19.53125,2.6021767486911753,6.175827293648675e-11,6.722704948692308e-5,8.720324424830271e-5,-2.446566471103418e-12,-2.6334322008635136e-10,3.500520965356177e-5,-3.5070801207934445e-5,6.559155437267281e-8,2.3733312107853357e-11,0.013387545179261814,1.2625652723395087,94.30894577262045,-17.735494034282947,0.544471269753367,0.4781864390475467,2.1871467130885455e-11,5.5056183132113684e-5,1.837933553517547e-5,true
19.59375,2.6021767486911753,5.1790742268461195e-11,6.42065900704963e-5,8.211537075363435e-5,-2.0817124297287712e-12,-2.6689598992581855e-10,3.4146850323323494e-5,-3.4146850323323494e-5,0.0,1.9902853368630913e-11,0.013146735344515423,1.2648704073259802,96.2117494708419,-17.885017573744005,0.5493320114676112,0.4814691913555621,1.832257663974061e-11,5.120187823874915e-5,1.7093596220848646e-5,true
19.65625,2.6021767486911753,4.401891340302564e-11,5.994563308451471e-5,7.786094743206843e-5,-1.7612141081280912e-12,-2.6940922183445007e-10,3.314391222830836e-5,-3.314391222830836e-5,0.0,1.6916188888846987e-11,0.01304908926075057,1.2647182268454702,96.9200379868292,-18.030512969377654,0.5321955357248698,0.4698060678918504,1.5663527485300236e-11,4.969812677763199e-5,1.6591957629600276e-5,true
19.71875,2.6021767486911753,3.716888547420581e-11,5.561517275184701e-5,7.320580016431111e-5,-1.4853336850530927e-12,-2.716894287927221e-10,3.1754185512248807e-5,-3.1754185512248807e-5,0.0,1.4283766655320689e-11,0.01290995452697009,1.2653137142839734,98.0107026435001,-18.178707386284373,0.5183180429030784,0.4601768851470569,1.3288361691639835e-11,4.761298418278527e-5,1.5896361411012203e-5,true
19.78125,2.6021767486911753,3.1521958828202786e-11,5.173625474871559e-5,6.944157589367819e-5,-1.2505449963551992e-12,-2.7364573518508115e-10,3.0897638950017284e-5,-3.0897638950017284e-5,0.0,1.2113688604764254e-11,0.012821961767826332,1.2650104303706011,98.65966326189213,-18.327115139201975,0.4993469567738917,0.4467461327130324,1.1337467606075952e-11,4.6328604717296394e-5,1.5467891181578057e-5,true
19.84375,2.6021767486911753,2.6689644432598495e-11,4.833681248804477e-5,6.604225401814695e-5,-1.0516388993227842e-12,-2.754379154017587e-10,3.001862227620884e-5,-3.001862227620884e-5,0.0,1.0256660869029234e-11,0.01272969691122436,1.2647850795107687,99.35704583787454,-18.477652856120358,0.4832660023156677,0.43511951716799346,9.646817777363065e-12,4.500996384095947e-5,1.5027986149940465e-5,true
19.90625,2.6021767486911753,2.2518117085571656e-11,4.5308005597456574e-5,6.278395516379524e-5,-8.831757724020256e-13,-2.769943645202065e-10,2.8992418724140972e-5,-2.8992418724140972e-5,0.0,8.653569399887099e-12,0.012619394927677685,1.2648905986911956,100.23385478783571,-18.630798279650243,0.47122086876321234,0.42626550230792687,8.16855409748063e-12,4.347071562324528e-5,1.4514478470835027e-5,true
19.96875,2.6021767486911753,1.897632397855354e-11,4.245543302663109e-5,5.976910805354825e-5,-7.403368289624109e-13,-2.782276515731336e-10,2.8063314276935865e-5,-2.8063314276935865e-5,0.0,7.29248080019857e-12,0.012516994106134802,1.2648578570579558,101.05124651596876,-18.785831562131744,0.45841049113171933,0.416712672757961,6.909589356347534e-12,4.207739122990822e-5,1.404964576590926e-5,true
20.03125,2.6021767486911753,1.5974027391277192e-11,3.974195729391685e-5,5.697235866765655e-5,-6.193694699366352e-13,-2.79167126290967e-10,2.7230699395098282e-5,-2.7230699395098282e-5,0.0,6.138717287098848e-12,0.01242304293392279,1.264673938502806,101.80065747413975,-18.942706931697423,0.4445389142479369,0.4062105502559173,5.839335880963456e-12,4.0828756418574725e-5,1.3633077971685464e-5,true
20.09375,2.6021767486911753,1.3430955921321619e-11,3.716153389643032e-5,5.437501578140615e-5,-5.17102103526186e-13,-2.798713391445889e-10,2.6478677846669894e-5,-2.6478677846669894e-5,0.0,5.161431070382528e-12,0.012336312345723393,1.2643585206193115,102.49079993971006,-19.10145210147649,0.42979966984322737,0.39487241501009995,4.929588468324788e-12,3.9700951201657e-5,1.3256816430948344e-5,true
20.15625,2.6021767486911753,1.1270103831124159e-11,3.4740924414023745e-5,5.191980311871013e-5,-4.3083441210271386e-13,-2.804125903408952e-10,2.5737900212636518e-5,-2.5737900212636518e-5,0.0,4.3310293341114195e-12,0.01224904844447243,1.2640549716721992,103.19617702570385,-19.262314897144083,0.41549446545001,0.38369284121578995,4.152191234568584e-12,3.8589959157524936e-5,1.288615951711718e-5,true
20.21875,2.6021767486911753,9.435801754322465e-12,3.2489620744748565e-5,4.9592334334565054e-5,-3.5822419403856937e-13,-2.8079488973322297e-10,2.4993156680989373e-5,-2.4993156680989373e-5,0.0,3.626118694307917e-12,0.012159397869824421,1.2637990205846785,103.93598713641957,-19.425384541572875,0.40203851568487486,0.3730206052890617,3.4883768993290583e-12,3.7473036359651196e-5,1.251351911093938e-5,true
20.28125,2.6021767486911753,7.886438962501865e-12,3.0374011052642455e-5,4.741767943050705e-5,-2.9720932963399026e-13,-2.80995402711395e-10,2.428916752618829e-5,-2.428916752618829e-5,0.0,3.0307084122815755e-12,0.012072794021332491,1.263486771935459,104.65570519159792,-19.590595817888122,0.3885417254220337,0.3621651586822443,2.9252972460479193e-12,3.641727091065075e-5,1.216127808324262e-5,true
20.34375,2.6021767486911753,6.580168183009897e-12,2.837623232352963e-5,4.538891856948719e-5,-2.4602995422331197e-13,-2.810244234408846e-10,2.363067485537115e-5,-2.363067485537115e-5,0.0,2.528716846893488e-12,0.011990065743731645,1.2631001326806295,105.34555520189477,-19.75801237313655,0.37481185925089505,0.35096898414934363,2.448713774926687e-12,3.542974114470563e-5,1.1831798670529803e-5,true
20.40625,2.6021767486911753,5.479823359955642e-12,2.649239983510262e-5,4.348836138250181e-5,-2.031884173960997e-13,-2.8090806810336616e-10,2.3005194213618296e-5,-2.3005194213618296e-5,0.0,2.105861318879221e-12,0.011909867025871332,1.2626636222065493,106.01828042779277,-19.927710131262955,0.36104979230744716,0.3395934417751746,2.0456157299340826e-12,3.449171614630853e-5,1.151883206653459e-5,true
20.46875,2.6021767486911753,4.5538573964803645e-12,2.4722920502536928e-5,4.1700539044929485e-5,-1.6740437122656547e-13,-2.806623193792445e-10,2.2400752850052338e-5,-2.2400752850052338e-5,0.0,1.7500184792485107e-12,0.011830796340534066,1.2622036083882298,106.68796690073455,-20.099778980815053,0.347504684326071,0.32824978304421665,1.7049573305712199e-12,3.358524575657364e-5,1.1216389656190488e-5,true
20.53125,2.6021767486911753,3.776130608852622e-12,2.305799589594801e-5,4.0023148740286004e-5,-1.3757897536460429e-13,-2.802873340441538e-10,2.182186827954655e-5,-2.182186827954655e-5,0.0,1.4511430135373832e-12,0.011753554306928114,1.2617043337259317,107.34662050118934,-20.27434936286509,0.334068065725225,0.31685488404222123,1.417717880514657e-12,3.2717110126132e-5,1.0926733919919074e-5,true
20.59375,2.6021767486911753,3.12501872878026e-12,2.1488560288123993e-5,3.84539080032598e-5,-1.1278376292502571e-13,-2.7978396296878875e-10,2.127216543678009e-5,-2.127216543678009e-5,0.0,1.2009248527610817e-12,0.011678770059333715,1.2611539796590296,107.98688331491816,-20.451299163141222,0.3206451357396536,0.3053329388210003,1.1763675794796986e-12,3.189274274047388e-5,1.0651678131343224e-5,true
20.65625,2.6021767486911753,2.585042269947627e-12,2.00046814179369e-5,3.698019992049733e-5,-9.225303097071914e-14,-2.7915934472003573e-10,2.074694434603506e-5,-2.074694434603506e-5,0.0,9.934153286274014e-13,0.011605949589647306,1.2605802066465888,108.61499930785902,-20.6290568043633,0.30723517427914104,0.29368664095894975,9.755061593973642e-13,3.110509223201941e-5,1.0388869923629217e-5,true
20.71875,2.6021767486911753,2.14352212503e-12,1.8616362270575835e-5,3.5611862659851825e-5,-7.531918534712774e-14,-2.783918017774987e-10,2.025080313170043e-5,-2.025080313170043e-5,0.0,8.237419407071921e-13,0.011535879726892658,1.2599963535192331,109.22412363418684,-20.8049712863481,0.2939896286858514,0.2820532800821654,8.106784713170117e-13,3.0361056618602997e-5,1.01406112712135e-5,true
20.78125,2.6021767486911753,1.7661254772607206e-12,1.726353549215674e-5,3.428244309367193e-5,-6.12243999385574e-14,-2.774953035121465e-10,1.975721686858021e-5,-1.975721686858021e-5,0.0,6.787108055396445e-13,0.011464890772650865,1.2593853263242678,109.84712818446485,-20.98708818488798,0.28044197043290303,0.27002451782367326,6.694171514502074e-13,2.962095709407764e-5,9.893662923209437e-6,true
20.84375,2.6021767486911753,1.3942081828310773e-12,1.6130512851840832e-5,3.32122456041958e-5,-4.91601245508189e-14,-2.761551605725934e-10,1.936598679832423e-5,-1.936598679832423e-5,0.0,5.357853510651521e-13,0.011407663087494512,1.2580044500025995,110.27713917863414,-21.21342014936299,0.26816838674862264,0.2590165713982635,5.29799358505523e-13,2.9034247186258726e-5,9.697893750429505e-6,true
20.90625,2.6021767486911753,1.0280501086628722e-12,1.4508104857851334e-5,3.160702741480794e-5,-3.886518636005618e-14,-2.748358641611226e-10,1.873133067655375e-5,-1.873133067655375e-5,0.0,3.9507312836453315e-13,0.011312951999485194,1.2567599557697713,111.09036402054576,-21.50102327326215,0.2504446926383978,0.24294159914354974,3.9239624041618574e-13,2.808245512634918e-5,9.38030219567668e-6,true
20.96875,2.6021767486911753,9.454304153623133e-13,1.3265926475773469e-5,3.054169738998637e-5,-3.2659221162076816e-14,-2.7505990225914776e-10,1.8350814418748307e-5,-1.8350814418748307e-5,0.0,3.633229048863953e-13,0.011255007534231656,1.2571541479449866,111.6973173159949,-21.576693868609812,0.23460021470616815,0.22839916208585398,3.6098159835231797e-13,2.751180732902625e-5,9.189887197303246e-6,true
