r,tau,Dtau,Sr,E,nur,Pi,piR,piEta,piPhi,D,T,mu,alpha,phi,ur,v,n,e,P,ok
0.03125,2.5021766486910733,0.35821651980730446,0.0,10.643138497084538,-7.133775661458333e-6,-0.0036719721288265145,0.26072719090738805,-0.5368366441381343,0.2761094532307462,0.14316196260351682,0.2788607259549643,1.5027916632542786,5.389040203162125,0.010010958856678328,0.0,0.0,0.14316196260351693,10.643138497084593,3.492229697561182,true
0.09375,2.5021766486910733,0.3571287034411103,0.0717958711472257,10.598354809574552,-2.1446852380527785e-5,-0.0036785332438156217,0.25292914273860995,-0.5273327021142802,0.27440355937567024,0.14272721457453044,0.27856283031063267,1.5024714446585892,5.393653715332889,0.00887212646365346,0.0050120111716177645,0.005011948221301944,0.14272552942538433,10.597994972385896,3.477337293241916,true
0.15625,2.5021766486910733,0.356861900987965,0.12105917195214047,10.595479414287716,-3.5654525138097694e-5,-0.003679000846825202,0.2602211489440043,-0.5274462759731405,0.26722512702913626,0.14262058643007675,0.27854045818415213,1.5022970775058517,5.393460925926368,0.008246836099957362,0.008449303922497627,0.008449002337629175,0.14261579704268387,10.59445658506095,3.4761993463693597,true
0.21875,2.5021766486910733,0.3563443724738938,0.17106109407733033,10.583703648846907,-5.003097438492858e-5,-0.0036791084524926757,0.2622386925674196,-0.5271533738622182,0.26491468129479856,0.14241375510410223,0.27845700178620236,1.5020323458552851,5.394126691806215,0.007298598499044152,0.011951238146309296,0.011950384727549336,0.14240418341281635,10.581659402960824,3.472011828239278,true
0.28125,2.5021766486910733,0.3557107148383992,0.2196298151244266,10.570763168646321,-6.42516966720919e-5,-0.003678925915402236,0.2630022809577305,-0.5268519608577129,0.2638496798999824,0.14216051253794448,0.2783641680456864,1.5016902505286183,5.39469667044989,0.006072083704181541,0.015363293286177625,0.01536148050202252,0.1421447252636524,10.567389329523685,3.46735148012184,true
0.34375,2.5021766486910733,0.35492234075519413,0.2681419270092076,10.555476534101395,-7.84954507356046e-5,-0.003678689087974786,0.26300354182384045,-0.5263261930624344,0.263322651238594,0.14184543722796686,0.27825398330671497,1.501254171818202,5.395265699263659,0.0045072915158217985,0.0187852006686142,0.018781887049419,0.1418218904065847,10.550440322715126,3.4618219526414076,true
0.40625,2.5021766486910733,0.35399027513032705,0.316347465020545,10.537885282365673,-9.273039752880697e-5,-0.00367836971308564,0.2627872257088329,-0.5256881973931886,0.2629009716843557,0.1414729353003533,0.2781266719550663,1.5007318514401895,5.395857365605861,0.002631360146242063,0.02220150241834141,0.02219603280551207,0.1414401394448537,10.530863623654197,3.455438618088667,true
0.46875,2.5021766486910733,0.3529116749624362,0.3643075362292283,10.517570808200208,-0.00010699235392654711,-0.0036779737997370728,0.2624485356309718,-0.5249356596580402,0.2624871240270684,0.1410418705438122,0.2779793374405376,1.500125555647453,5.396536193875719,0.0004516725905210422,0.025619849507593315,0.02561144550851534,0.14099834435026457,10.508240365587785,3.4480621728327567,true
0.53125,2.5021766486910733,0.35168792753144307,0.4119417572226618,10.49448228024266,-0.00012125519998591375,-0.0036774905480525533,0.262046361548401,-0.5240815417697031,0.2620351802213021,0.14055279738759308,0.27781157004209944,1.4994363785416562,5.397314367844479,-0.0020287904433150677,0.02903748891981547,0.02902525480247108,0.1404970974574701,10.482525565775571,3.4396773907478404,true
0.59375,2.5021766486910733,0.350318860700902,0.45921587241535383,10.468582909181082,-0.00013551958163162978,-0.003676915334535052,0.2615878616012355,-0.5231242555267364,0.2615363939255009,0.1400056470370144,0.27762303861458937,1.4986639261300145,5.398197259163845,-0.004812546814028184,0.03245498415424871,0.032437904806393754,0.13993636310088536,10.453686908426171,3.4302735176656327,true
0.65625,2.5021766486910733,0.34880590756421137,0.5060840628418889,10.439889593429097,-0.00014978192581904752,-0.0036762416774459745,0.26107738646449186,-0.5220644311343099,0.26098704466981804,0.13940099223077518,0.27741376189637407,1.4978083481696343,5.399185454718465,-0.007900299593588343,0.03587194448059949,0.03584888678660899,0.13931675441432975,10.421747043155836,3.4198578877458288,true
0.71875,2.5021766486910733,0.34715109900379665,0.5525074258339325,10.40842304743609,-0.00016404501976924926,-0.0036754627008261757,0.2605151132099371,-0.5209018708737067,0.26038675766376956,0.13873964461517801,0.27718376923461396,1.496870150579316,5.400280668354483,-0.011291604228221537,0.0392884324283796,0.03925814504974851,0.1386391256227244,10.386732630771744,3.408439081232953,true
0.78125,2.5021766486910733,0.34535654619255873,0.5984468862400764,10.374210750202849,-0.00017828373826870138,-0.0036745698430126483,0.2599018528038275,-0.5196371726082563,0.25973531980442877,0.1380224479247778,0.2769331266280699,1.4958497440539813,5.401483608217646,-0.014986491491834513,0.04270443571672378,0.04266554952114815,0.13790436582923277,10.348677684942285,3.396028119425859,true
0.84375,2.5021766486910733,0.3434242351747563,0.6438647402669362,10.337281372655479,-0.00019242820748541323,-0.0036735530479320502,0.2592383977615937,-0.5182711516513898,0.25903275388979613,0.1372501958862124,0.2766618993577781,1.4947473437567576,5.40279433932374,-0.018985831643011077,0.04611999117459006,0.046071019438581114,0.1371133150270327,10.307617867690952,3.382636594015723,true
0.90625,2.5021766486910733,0.3413563565099281,0.688723521031745,10.297665354472826,-0.00020644169170541744,-0.003672400916602696,0.25852566313405656,-0.5168048195705461,0.2582791564364896,0.1364237639610684,0.27637015491891403,1.4935632357308675,5.404213187089877,-0.023290373995054046,0.04953509842153128,0.049474437254292715,0.13626689916089663,10.263591145846094,3.3682768335280255,true
0.96875,2.5021766486910733,0.3391551570184299,0.7329861508373374,10.25539454682942,-0.00022038523631131378,-0.003671101008428386,0.25776440937943973,-0.5152392045756071,0.2574747951961674,0.13554405009568254,0.27605796154604556,1.4922976709702267,5.405740383695894,-0.0279011298447503,0.052949729438897586,0.052875658270273025,0.1353660747692541,10.216637421601012,3.3529618015131155,true
1.03125,2.5021766486910733,0.33682301104143264,0.7766160941972994,10.210502600616405,-0.0002342390006120163,-0.0036696400600585363,0.2569552499853656,-0.5135753323570604,0.2566200823716948,0.13461200320034555,0.2757253908366324,1.4909509031100117,5.407376152722191,-0.03281923678675621,0.05636383431282272,0.05627451645056798,0.13441184890878957,10.166798905447871,3.336705213144771,true
1.09375,2.5021766486910733,0.33436266702573414,0.8195776293104949,10.163025198573653,-0.0002480181776032224,-0.003668004147252237,0.25609872231749914,-0.5118142480116527,0.2557155256941535,0.13362872169742465,0.27537251805847496,1.489523404615124,5.409121487928675,-0.03804517407452877,0.059777355766616254,0.059670838969730446,0.13340538281809863,10.114120313832048,3.3195215607159927,true
1.15625,2.5021766486910733,0.33177707096710596,0.8618360017197455,10.113000106830459,-0.00026172955397227543,-0.003666178742771989,0.25519536647951263,-0.5099570494389308,0.2547616829594182,0.13259538296013737,0.2749994237175442,1.4880157225168027,5.410977602793687,-0.04357928217153838,0.06319023570369729,0.0630644527759582,0.13234791902692752,10.05864889099958,3.301426149165356,true
1.21875,2.5021766486910733,0.32906932604458516,0.903357511985117,10.06046708385982,-0.00027537710435491413,-0.0036641487553642667,0.2542457604404754,-0.5080049016327811,0.2537591411923057,0.13151322718031372,0.2746061934036607,1.4864284512500465,5.412945836458441,-0.04942185965195553,0.06660241809750897,0.06645518750300261,0.13124076522692718,10.000434291018776,3.282435062877409,true
1.28125,2.5021766486910733,0.32624268154880337,0.9441095290076926,10.005467781187326,-0.00028896354036388384,-0.0036618985628673398,0.2532505231661994,-0.5059590363564895,0.25270851319029014,0.1303835529435805,0.2741929174851271,1.4847622293489295,5.415027649025496,-0.05557317377425328,0.07001384684306812,0.06984287336862001,0.1300852896991116,9.939528458906933,3.2625651276859093,true
1.34375,2.5021766486910733,0.32330052433457085,0.9840605025864806,9.94804564669528,-0.0003024902347299146,-0.003659412042215114,0.2522102980396511,-0.5038207422943293,0.25161044425467816,0.12920771381336896,0.2737596908216498,1.4830177381669263,5.417224623960762,-0.06203346366334626,0.07342446379780251,0.07322733926872126,0.1288829176582949,9.875985514411658,3.241833873403446,true
1.40625,2.5021766486910733,0.3202463709294405,1.023179989874187,9.888245859787919,-0.0003159569183878764,-0.0036566725952910974,0.2511257372273963,-0.501591355716412,0.2504656184890157,0.12798711517708644,0.27330661269840634,1.4811957008542287,5.4195384671820115,-0.06880294245394582,0.07683420780328462,0.07660841185236023,0.12763512782952482,9.809861665724833,3.220259506245124,true
1.46875,2.5021766486910733,0.3170838597668584,1.0614386973970857,9.82611528630828,-0.00032936147293944945,-0.0036536631729951648,0.24999749155804285,-0.49927225393107516,0.2492747623730323,0.12672321114207896,0.27283378689653937,1.4792968813305007,5.421971003508673,-0.07588179933649505,0.08024301484903386,0.07998591573310233,0.12634344906150227,9.741215140102717,3.1978608868764393,true
1.53125,2.5021766486910733,0.31381674313224106,1.0988085298034314,9.761702440619448,-0.000342699837193902,-0.0036503663001844523,0.24882620471022027,-0.49686485096104677,0.2480386462508265,0.1254175013168648,0.2723413218204483,1.4773220830458933,5.424524171252558,-0.08327020226867375,0.08365081881447688,0.08335967427278926,0.12500945682070877,9.6701061194872,3.1746575101747947,true
1.59375,2.5021766486910733,0.31044887866582366,1.1352626403692443,9.695057448887985,-0.0003559660340515495,-0.003646764103188021,0.24761250971956866,-0.4943705944584641,0.24675808473889543,0.12407152741523034,0.27182933064456133,1.4752721474445443,5.42720001534191,-0.09096830167966452,0.08705755248052285,0.0867295106290133,0.12363476951050387,9.596596675653757,3.150669484900565,true
1.65625,2.5021766486910733,0.30698422044519647,1.1707754843332054,9.626232015314518,-0.00036915235252460817,-0.0036428383401624527,0.2463570286623173,-0.4917909642760495,0.24543393561373222,0.1226868696923475,0.27129793149050196,1.4731479521007838,5.430000678616889,-0.09897623528381501,0.09046314888705762,0.09009524913945359,0.12222104463045164,9.520750706367584,3.125917513766687,true
1.71875,2.5021766486910733,0.30342680970652725,1.2053228781251069,9.55527939262885,-0.0003822497289109598,-0.0036385704339340352,0.24506037850776813,-0.48912747416221747,0.24406709565444934,0.12126514323649148,0.2707472476398626,1.470950408538273,5.432928391186727,-0.10729413397534392,0.09386754325895125,0.09345671725980506,0.12076997480563939,9.442633873201558,3.1004228741138875,true
1.78125,2.5021766486910733,0.2997807652537011,1.2388820624458057,9.482254351369034,-0.00039524831683324064,-0.0036339415074138036,0.24372318531777398,-0.4863816776288319,0.2426584923110579,0.11980799413603392,0.2701774077436435,1.4686804598152192,5.435985458890661,-0.1159221285241517,0.09727067540031445,0.09681374795170142,0.11928328371106271,9.36231353563409,3.0742073973869,true
1.84375,2.5021766486910733,0.29605027364425945,1.2714317592206266,9.407213135704843,-0.0004081381465788484,-0.003628932422684323,0.24234610516198904,-0.48355517713837304,0.241209071976384,0.11831709555723328,0.2695885459486128,1.466339078068544,5.439174253152609,-0.12486035641095936,0.1006724919274299,0.10016618189596875,0.11776272192910463,9.2798586708431,3.0472934438664945,true
1.90625,2.5021766486910733,0.2922395793373893,1.302952209121405,9.330213392799784,-0.00042090971569948694,-0.003623523825519233,0.2409298457681982,-0.48064963359455715,0.23971978782635894,0.11679414380685883,0.26898080185828127,1.4639272623009754,5.442497204957695,-0.1341089678141059,0.10407294747625546,0.10351386868050946,0.11621006281169119,9.195339768928493,3.0197038692046543,true
1.96875,2.5021766486910733,0.28835297506959545,1.3334251810937565,9.25131406975892,-0.00043355436669820327,-0.003617696196649929,0.23947518136415152,-0.4776667723483434,0.2381915909841919,0.1152408544858083,0.268354320291204,1.4614460366888522,5.445956804805556,-0.1436681297670597,0.10747200431874376,0.10685666641279362,0.11462709844555512,9.10882869999711,2.9914619815354926,true
2.03125,2.5021766486910733,0.28439479271891555,1.3628339549546644,9.170575283971877,-0.00044606438329585597,-0.00361142990955228,0.2379829557846011,-0.4746083832501802,0.23662542746557907,0.11365895883797285,0.2677092508738732,1.458896449557055,5.449555608537376,-0.15353802794924765,0.1108696304326515,0.1101944398120977,0.11301563581452614,9.020398559749639,2.9625914913408833,true
2.09375,2.5021766486910733,0.28036939481710654,1.3911632867610138,9.088058182547352,-0.0004584328335574748,-0.0036047052927723165,0.23645407389323925,-0.471476314786603,0.23502224089336377,0.11205020035806507,0.2670457475691169,1.4562795729719642,5.453296246910089,-0.16371886624676568,0.11426579660830112,0.11352705736604259,0.11137749321403351,8.930123508286679,2.933116458959603,true
2.15625,2.5021766486910733,0.27628116671061265,1.4183993704440483,9.003824808671446,-0.0004706532636717601,-0.0035975026938616546,0.23488948549388,-0.46827246441845727,0.23338297892457727,0.11041633165873382,0.2663639682543613,1.4535965027465696,5.457181435885779,-0.174210864771011,0.11766047342464597,0.1168543883757927,0.1097144969149571,8.838078617766621,2.9030612449566044,true
2.21875,2.5021766486910733,0.27213450922251214,1.4445298074184412,8.917937986696106,-0.00048271937008721185,-0.0035898025422925924,0.23329016737231104,-0.46499876796855966,0.23170860059624862,0.10875911153789636,0.26566407442336676,1.4508483585957679,5.461213985161093,-0.18501425723789522,0.1210536288499674,0.12017630063191094,0.10802847802005283,8.744339738289067,2.8724504665018986,true
2.28125,2.5021766486910733,0.2679338315963844,1.4695435900242335,8.830461228715942,-0.0004946247453633669,-0.0035815854097890863,0.2316571082080911,-0.4616571904396462,0.2300000822315551,0.10708030215874034,0.26494623102570447,1.4480362842191026,5.465396803771168,-0.1961292884964875,0.12444522687658263,0.12349265911760139,0.10632126943099177,8.648983383095944,2.8413089601555463,true
2.34375,2.5021766486910733,0.26368354453251697,1.4934310979299577,8.741458658736072,-0.00050636273308908,-0.0035728320677337645,0.229991298926097,-0.4582497195520796,0.22825842062598262,0.10538166626662984,0.26421060641728283,1.4451614471803897,5.469732902766077,-0.20755621268663457,0.12783522715559498,0.12680332569876843,0.10459470285629954,8.552086628818033,2.809661749660898,true
2.40625,2.5021766486910733,0.2593880532147076,1.5161841024384497,8.650994947714462,-0.0005179263797009035,-0.003563523542243402,0.22829372861772002,-0.4547783620757222,0.22648463345800218,0.10366496440225251,0.26345737237940925,1.4422250385554622,5.474225395668528,-0.21929529214819274,0.13122358530592573,0.13010815947535154,0.10285060582451311,8.453727024721903,2.7775340167435996,true
2.46875,2.5021766486910733,0.2550517503065886,1.5377957731521525,8.559135252573316,-0.0005293084524822686,-0.003553641167966075,0.22656538440413623,-0.451245142150781,0.22467975774664475,0.10193195210258639,0.2626867041619246,1.4392282723928378,5.478877497757454,-0.23134679694219115,0.13461025354545586,0.13340701744520544,0.10109079869706765,8.353982505038948,2.7449510729444406,true
2.53125,2.5021766486910733,0.25067900894278844,1.5582606829976196,8.465945153933035,-0.0005405014919756682,-0.0035431666415909648,0.22480725319736727,-0.4476521005739679,0.22284484737660065,0.10018437709980327,0.2618987805149874,1.4361723850564176,5.483692525151836,-0.24371100475563218,0.13799518140265002,0.13669975524242003,0.09931709169195434,8.25293129996526,2.7119383310104386,true
2.59375,2.5021766486910733,0.24627417576453398,1.5775748091675132,8.371490590297569,-0.0005514978713829083,-0.0035320820756427514,0.2230203239405651,-0.4440012943353339,0.22098097039476883,0.09842397653793299,0.2610937836941831,1.4330586345043725,5.488673894216117,-0.25638820100763215,0.1413783163490316,0.1399862277939257,0.09753128193767865,8.150651843701567,2.6785212752928054,true
2.65625,2.5021766486910733,0.24184156405942958,1.5957355288009167,8.275837789008712,-0.0005622898458379127,-0.0035203700527190115,0.2212055896071904,-0.4402947960471493,0.21908920643995888,0.09665247423116213,0.26027189944223506,1.4298882995359457,5.493825121345058,-0.269378679044124,0.14475960424880363,0.1432662897941485,0.09573515058109673,8.047222680307078,2.644725431401034,true
2.71875,2.5021766486910733,0.2373854470550273,1.6127416095476668,8.17905319496839,-0.0005728695890543644,-0.003508013680116717,0.21936404854107555,-0.4365346930600008,0.21717064451892526,0.09487157798359569,0.25943331695396826,1.426662679025723,5.499149823069404,-0.28268274034860874,0.14813898961930103,0.1465397959929931,0.09393045996900108,7.942722368518381,2.610576335489581,true
2.78125,2.5021766486910733,0.23291005139387008,1.6285931960238433,8.081203397660138,-0.0005832292226713277,-0.003494996644690284,0.21749670496126972,-0.4327230861745379,0.2152263812132682,0.0930829769815448,0.2585782288255567,1.4233830911560443,5.504651716507402,-0.29630069473344306,0.15151641578039005,0.14980660137426033,0.09211895091447146,7.837229385945459,2.5760995033104788,true
2.84375,2.5021766486910733,0.2284195508069895,1.643291792966835,7.982355057086468,-0.0005933608404988792,-0.003481303267681417,0.21560456884008145,-0.4288620880457383,0.21325751920565683,0.09128833926512712,0.2577068309900756,1.4200508726459389,5.510334620119657,-0.31023286052180743,0.154891824950785,0.1530665612814062,0.09030234005454729,7.7308220331582795,2.5413203992007936,true
2.90625,2.5021766486910733,0.22391806000694936,1.6568402453104327,7.882574829771135,-0.000603256526339388,-0.00346691855920072,0.21368865551833494,-0.42495382146208344,0.2112651659437485,0.08948930928760937,0.25681932264761215,1.4166673779687677,5.516202454566125,-0.3244795647466718,0.15826515828122437,0.1563195314813966,0.0884823173077515,7.6235783388881995,2.506264405410078,true
2.96875,2.5021766486910733,0.2194096288209198,1.6692427154260399,7.781929295662018,-0.0006129083675050723,-0.003451828272122197,0.21174998517037108,-0.42100041756224504,0.20925043239187396,0.08768750557067836,0.2559159061958944,1.4132339785571406,5.522259243531979,-0.3390411433685686,0.1616363558210332,0.15956536816391234,0.08666054344001864,7.515575967223951,2.4709567920580384,true
3.03125,2.5021766486910733,0.21489823657264842,1.6805046581355612,7.680484885839515,-0.0006223084691331178,-0.003436018955235206,0.20978958202672945,-0.417004013944102,0.20721443191737257,0.08588451845918431,0.25499678715849794,1.4097520620001,5.528509114602462,-0.35391794149863026,0.16500535647171102,0.1628039279281085,0.08483864774273717,7.406892126597761,2.435422687652787,true
3.09375,2.5021766486910733,0.21038778671678726,1.6906327939055337,7.578307810843537,-0.0006314489701059712,-0.003419478005476352,0.2078084734240342,-0.41296675269632055,0.20515827927228636,0.0840819079767387,0.25406217410698534,1.4062230312326012,5.53495630026547,-0.3691103136349193,0.1683720979670244,0.16603506779492985,0.08301822582403535,7.29760348029577,2.3996870500805825,true
3.15625,2.5021766486910733,0.20588210173670055,1.6996350800901046,7.475463990156628,-0.0006403220569358476,-0.003402193719003691,0.20580768891261855,-0.408890778468769,0.20308308955615043,0.08228120178661272,0.25311227858126906,1.4026483037106185,5.541605138923584,-0.38461862393658575,0.1717365168473976,0.169258645213859,0.08120083751759909,7.1877860591478635,2.3637746382838927,true
3.21875,2.5021766486910733,0.20138491832062197,1.7075206801086928,7.37201898343854,-0.0006489199750395821,-0.003384155340919154,0.20378825946292214,-0.4047782366097664,0.20098997714684427,0.08048389326387867,0.252147315013473,1.3990293105702718,5.5484600757914775,-0.4004432465375768,0.17509854839336164,0.17247451803047695,0.07938800491520882,7.077515177115625,2.3277099848650447,true
3.28125,2.5021766486910733,0.19689988282172752,1.714299930919458,7.268037923310451,-0.0006572350412333537,-0.0033653531135170514,0.20175121659346643,-0.40063127128469234,0.1988800546912259,0.07869143968101887,0.2511675006520721,1.3953674957775535,5.555525663769995,-0.4165845658805512,0.17845812655226936,0.17568254444793907,0.07758121052530109,6.966865349505963,2.2915173695235596,true
3.34375,2.5021766486910733,0.192430547000935,1.719984309160087,7.163585449282104,-0.000665259658601948,-0.0033457783229173914,0.19969759138326137,-0.39645202355368897,0.1967544321704276,0.07690526050652673,0.25017305548074625,1.3916643152714891,5.562806564428734,-0.4330429770717197,0.1818151839021627,0.17888258302425888,0.07578189555663013,6.855910213305587,2.2552207931590513,true
3.40625,2.5021766486910733,0.18798036405769614,1.7245863958432723,7.058725643160038,-0.0006729863301270474,-0.0033254233438622556,0.19762841355511518,-0.3922426295014037,0.19461421594628853,0.07512673581860478,0.24916420213465287,1.3879212360946767,5.570307549013878,-0.4498188862810796,0.18516965162472146,0.18207449267829076,0.07399145832872657,6.744722450064847,2.2188439527818264,true
3.46875,2.5021766486910733,0.18355268495946864,1.728119839412956,6.953521966556888,-0.0006804076694243072,-0.0033042816824695696,0.1955447106994802,-0.388005218460376,0.1924605077608958,0.07335720483823069,0.24814116582040927,1.384139735507239,5.5780334993227285,-0.46691271119687694,0.18852145943838575,0.18525813265788807,0.07221125281348707,6.633373712106671,2.182410217488055,true
3.53125,2.5021766486910733,0.17915075507284872,1.7305993174315306,6.848037200399695,-0.0006875164118109861,-0.0032823480168174303,0.19344750746716174,-0.3837419112465173,0.19029440377935555,0.07159796458278243,0.24710417423778222,1.380321300089777,5.585989408505613,-0.48432488151761943,0.19187053551408656,0.18843336249196876,0.07044258730899103,6.521934551898999,2.1459426054449793,true
3.59375,2.5021766486910733,0.17477771109120777,1.7320404973107202,6.742333385951239,-0.0006943054275883099,-0.0032596182352288977,0.19133782464154234,-0.37945481835894956,0.18811699371740723,0.06985026863816216,0.2460534574965342,1.3764674248398996,5.594180381957396,-0.5020558394788679,0.1952168064270301,0.1916000419772476,0.06868672324294219,6.410474353970461,2.1094637616800656,true
3.65625,2.5021766486910733,0.170436578258564,1.7324599960642384,6.636471767520456,-0.000700767734515047,-0.003236089472046684,0.18921667824996702,-0.37514603822236026,0.18592935997239324,0.0681153260493107,0.24498924802958683,1.3725796122566594,5.60261163824992,-0.5201060404412211,0.19856019712872908,0.19475803118428553,0.06694487410497701,6.299061269592459,2.07299593674862,true
3.71875,2.5021766486910733,0.1661302678964047,1.73187533886515,6.530512737495818,-0.0007068965071964853,-0.0032117601406834936,0.18708507882469824,-0.3708176555326461,0.18373257670794788,0.06639430033179711,0.24391178050951562,1.3686593714066493,5.611288509917848,-0.5384759535557848,0.20190063088179988,0.1979071904284644,0.06521820451033374,6.187762155021031,2.036560966543236,true
3.78125,2.5021766486910733,0.1618615752347304,1.7303049165927313,6.424515783727058,-0.0007126850860309553,-0.003186629963817536,0.18494403067156406,-0.36647173963991164,0.18152770896834758,0.06468830860499104,0.24282129176807019,1.3647082169766818,5.6202164441171725,-0.5571660624906882,0.20523802916610134,0.2010473802144186,0.0635078293952863,6.076642513287474,2.0001802532409396,true
3.84375,2.5021766486910733,0.15763317753960474,1.7277679427984782,6.318539438740634,-0.0007181269882418148,-0.00316070000061687,0.1827945310207954,-0.36211034290384364,0.17931581188304824,0.06299842084373422,0.24171802071171666,1.3607276683197893,5.629401003339556,-0.5761768662102065,0.2085723116163056,0.2041784612106783,0.06181481334062595,5.965766438865688,1.9638747471650442,true
3.90625,2.5021766486910733,0.15344763253213167,1.7242844101596648,6.212641230801873,-0.000723215918707416,-0.0031339726708086157,0.1806375691859799,-0.3577354990817141,0.1770979298957342,0.061325659246481444,0.24060220823249726,1.3567192484904795,5.638847866181938,-0.595508879831503,0.21190339599036986,0.20730029425363458,0.06014017002029904,5.855196565215044,1.9276649295621389,true
3.96875,2.5021766486910733,0.14930737710120354,1.7198750462011945,6.106877637430429,-0.000727945777812585,-0.0031064517753874796,0.17847412587321543,-0.35334922182422096,0.17487509595100553,0.05967099772084777,0.23947409712157783,1.3526844832607168,5.648562827962044,-0.6151626355834764,0.21523119810616925,0.21041274032179622,0.058484861775802637,5.744994015966052,1.8915707965495578,true
4.03125,2.5021766486910733,0.14521472630910792,1.7145612683816749,6.001304041518642,-0.0007323106681887436,-0.003078142513836646,0.17630517253609668,-0.34895350323237717,0.1726483306962805,0.05803536148619721,0.23833393198714586,1.3486249001188222,5.658551801140754,-0.6351386838586709,0.21855563173818007,0.21351566047319803,0.05684979931577384,5.635218359897804,1.855611844282877,true
4.09375,2.5021766486910733,0.14117187268004583,1.7083651389628296,5.895974689544432,-0.0007363049033037485,-0.0030490514977773372,0.17413167062341942,-0.3445503123976,0.17041864177418056,0.05641962678929763,0.23718195916948268,1.3445420272598096,5.668820815747806,-0.6554375943454663,0.22187660853784458,0.21660891580571376,0.05523584153617734,5.5259275690147245,1.819807055113918,true
4.15625,2.5021766486910733,0.13718088576239107,1.7013093198158065,5.790942651727216,-0.0007399230165247153,-0.003019186760903663,0.17195457080260113,-0.3401415939629833,0.1681870231603822,0.05482462072937675,0.23601842665052097,1.340437392565411,5.679376019865744,-0.6760599572628193,0.22519403799516213,0.2196923674562568,0.053643795456465554,5.417177979504887,1.7841748846681118,true
4.21875,2.5021766486910733,0.13324371196313364,1.6934170269638844,5.686259784662331,-0.000743159767673876,-0.0029885577650271902,0.169774812321548,-0.3357292667896538,0.1659544544681058,0.05325112119195719,0.2348435839649888,1.3363125225637906,5.690223679958027,-0.6970063847288772,0.2285078273782897,0.22276587657973215,0.052074416270568344,5.30902425626089,1.7487332500684227,true
4.28125,2.5021766486910733,0.12936217465186844,1.6847119848679162,5.581976696700448,-0.0007460101480787762,-0.0029571754021259222,0.16759332245126432,-0.33131522270472213,0.1637219002534578,0.0516998568904157,0.23365768211689175,1.3321689413684505,5.701370180938487,-0.7182775122608156,0.2318178816242168,0.2258293042831371,0.05052840751149623,5.201519361268275,1.7134995194076303,true
4.34375,2.5021766486910733,0.12553797452290533,1.6752183808297436,5.478142715618363,-0.0007484693871763053,-0.002925051992355418,0.16541101584382528,-0.3269013252479131,0.16149030940408782,0.050171507510701194,0.23246097349464778,1.328008169605194,5.712822026170214,-0.7398740003933004,0.23512410324145228,0.22888251157171427,0.049006421324325346,5.094714525212934,1.678490502254335,true
4.40625,2.5021766486910733,0.1217726902028051,1.6649608197357082,5.374805858287136,-0.0007505329601863072,-0.002892201277937219,0.16322879384076353,-0.32248940843055196,0.15926061458978844,0.04866670395413779,0.23125371178047086,1.323831723327403,5.724585837498325,-0.761796536437147,0.23842639226041729,0.23192535933985442,0.04750905884159397,4.988659221916683,1.6437224410643154,true
4.46875,2.5021766486910733,0.11806777909794794,1.6539642789802713,5.272012802759962,-0.0007521965939959249,-0.0028586384128024625,0.16104754389855291,-0.31808127559117005,0.15703373169261714,0.04718602867615721,0.230036151859778,1.3196411129094057,5.736668355127993,-0.7840458364150293,0.24172464617526407,0.23495770835438295,0.04603687065830103,4.883401146106941,1.6092110036667093,true
4.53125,2.5021766486910733,0.11442457847825863,1.642254063501123,5.1698088631326815,-0.0007534562715852166,-0.0028243799479241508,0.15886813912046877,-0.3136786983472708,0.15481055922680204,0.04573001611941182,0.22880854973663248,1.3154378419135304,5.749076437168324,-0.8066226471821433,0.2450187598308854,0.23797941918798046,0.04459035740476408,4.778986194980249,1.5749712769786257,true
4.59375,2.5021766486910733,0.11084430678607451,1.6298557612341251,5.068237966812034,-0.0007543082381129194,-0.0027894438123488574,0.156691437732125,-0.30928341556260686,0.15259197783048187,0.04429915323686633,0.22757116244954262,1.3112234059427383,5.761817059019789,-0.8295277487063742,0.248308625307599,0.24099035215151368,0.043169970412524544,4.67545845299886,1.5410177617626528,true
4.65625,2.5021766486910733,0.10732806515645264,1.6167951992557188,4.967342633789819,-0.0007547490091445234,-0.0027538492899234976,0.15451828248948576,-0.3048971323205432,0.15037884983105745,0.0428938800993917,0.22632424798130218,1.3069992914849247,5.774897312783306,-0.8527619565139133,0.25159413185784907,0.24399036727488307,0.04177611246686008,4.572860179361496,1.5073643682430489,true
4.71875,2.5021766486910733,0.10387683914107185,1.60309840050605,4.867163958207149,-0.0007547753784683024,-0.0027176169916670184,0.15234950017615145,-0.3005215189813494,0.14817201880519792,0.04151459058472606,0.22506806516766784,1.3027669747406292,5.788324406530591,-0.8763261243323841,0.25487516584832637,0.2469793242932181,0.040409138642182214,4.471231798524662,1.4740244127072346,true
4.78125,2.5021766486910733,0.10049150063022255,1.5887915409667872,4.767741592614179,-0.0007543844249783322,-0.002680768823781883,0.15018590122331804,-0.29615821034420986,0.14597230912089182,0.04016163314560193,0.22380287361172965,1.2985279204281612,5.802105663222836,-0.9002211469427687,0.2581516106471242,0.24995708258351312,0.03906935721781453,4.370611894255502,1.4410106152536017,true
4.84375,2.5021766486910733,0.09717280996097488,1.5739009075185275,4.669113734674202,-0.0007535735212092231,-0.0026433279513825222,0.14802827930612109,-0.2918088048423043,0.14378052553618323,0.03883531165227981,0.2225289336005951,1.2942835805747346,5.816248519384777,-0.9244479632230407,0.26142334649224785,0.2529235010854117,0.03775703066912505,4.271037206842229,1.408335098562529,true
4.90625,2.5021766486910733,0.0939214181956162,1.5584528567658595,4.571317115843234,-0.0007523403446107059,-0.0026053187580241943,0.14587741086340086,-0.28747486374102016,0.1415974528776193,0.03753588630313048,0.22124650601680693,1.2900353933014794,5.830760523754813,-0.9490075593897545,0.26469025040980043,0.25587843826814943,0.03647237672682292,4.172542632803811,1.37600938747356,true
4.96875,2.5021766486910733,0.09073786955954902,1.5424737747853197,4.474386992152439,-0.000750682889585698,-0.0025667668010724565,0.1437340546741258,-0.28315791040409466,0.13942385572996885,0.03626357459894583,0.21995585224670527,1.285784781596492,5.845649335823715,-0.9739009724698822,0.267952196155832,0.2588217521194531,0.03521556949947207,4.075161227233932,1.344044409415406,true
5.03125,2.5021766486910733,0.08762260403244951,1.525990037635511,4.378357137508896,-0.0007485994794246147,-0.002527698762980077,0.14159895156120464,-0.2788594296660379,0.13726047810483324,0.03501855237850063,0.21865723409407792,1.2815331520678552,5.860922723994907,-0.999129294017086,0.2712090541070473,0.2617533000887677,0.03398674065656768,3.9789242093305326,1.3124504958733305,true
5.09375,2.5021766486910733,0.08457596008277794,1.509027972761566,4.2832598393923496,-0.0007460887804180741,-0.0024881423986188728,0.13947282410595788,-0.2745808672544877,0.13510804314852984,0.0338009549114052,0.21735091369777926,1.2772818936878518,5.876588563431938,-1.0246936740364103,0.27446069111670623,0.26467293900023325,0.032785980668088674,3.883860970889486,1.2812373848213385,true
5.15625,2.5021766486910733,0.0815981775312564,1.4916138215738821,4.189125896463777,-0.0007431498198766098,-0.0024481264788431684,0.13735637628815886,-0.2703236292171589,0.13296725292900005,0.03261087804250017,0.21603715344510022,1.273032376545757,5.89265483387913,-1.050595325085694,0.2777069704132977,0.2675805250053498,0.031613340094206875,3.789999087070793,1.2504142238907408,true
5.21875,2.5021766486910733,0.07868940053175034,1.4737737032192588,4.095984618056014,-0.0007397820067110581,-0.0024076807304238695,0.1352502931497842,-0.2660890813997213,0.1308387882499371,0.03144837938317183,0.2147162158807392,1.2687859506112438,5.9091296174666725,-1.0768355265593006,0.2809477515384275,0.27047591357147743,0.030468830919865603,3.6973643293760605,1.2199895742564706,true
5.28125,2.5021766486910733,0.07584968066221143,1.4555335793755129,4.003863825924224,-0.0007359851531635734,-0.0023668357725023445,0.13315524057964942,-0.2618785490248877,0.1287233084452383,0.03031347954665373,0.2133883636178339,1.264543944505599,5.926021096306467,-1.1034156291487807,0.2841828902646087,0.2733589594527487,0.029352427930871314,3.6059806812175976,1.1899714153690537,true
5.34375,2.5021766486910733,0.07307898011610467,1.4369192201068328,3.912789858272177,-0.0007317594992049883,-0.0023256230497820662,0.1310718651360782,-0.2576933163335317,0.1266214511974535,0.029206163423487065,0.21205385926382564,1.2603076642718771,5.943337549466017,-1.130337059463327,0.2874122383671331,0.2762295165319834,0.028264070129485525,3.5158703568065532,1.1603671507752926,true
5.40625,2.5021766486910733,0.07037717497930016,1.4179561710415376,3.822787575552778,-0.0007271057412701387,-0.0022840747627199953,0.12900079381125612,-0.2535346262374883,0.12453383242623217,0.028126381491137137,0.21071296532454017,1.2560783922104246,5.961087350632707,-1.1576013246925136,0.290635643619658,0.27908743786322115,0.02720366217835369,3.4270538207744536,1.1311836141696587,true
5.46875,2.5021766486910733,0.06774405858085716,1.3986697219035356,3.7338803679747437,-0.0007220250646241374,-0.0022422237949523624,0.12694263379249796,-0.2494036800088169,0.12246104621631895,0.02707405115314105,0.2093659441223082,1.2518573857304869,5.979278965251255,-1.1852100173682125,0.2938529496453586,0.2819325755861403,0.026171075873987273,3.3395498108841286,1.1024270764613056,true
5.53125,2.5021766486910733,0.06517934490934138,1.3790848763031311,3.6460901649076165,-0.0007165191779193279,-0.0022001036381833483,0.1248979723201356,-0.24530163705545416,0.12040366473531856,0.026049058104445858,0.20801305770617665,1.247645876264543,5.9979209479573745,-1.213164820123519,0.297063995848214,0.2847647809124651,0.025166151641465916,3.2533753622474597,1.0741032533320858,true
5.59375,2.5021766486910733,0.06268267208535276,1.3592263226917491,3.5594374463567355,-0.0007105903504305541,-0.0021577483148172635,0.12286737661102938,-0.24122961476986104,0.11836223815883166,0.0250512577192114,0.20665456777043056,1.2434450682335014,6.017021939794845,-1.2414675104181658,0.3002686172619111,0.28758390404026585,0.02418870004864818,3.168545834002749,1.0462173136037678,true
5.65625,2.5021766486910733,0.06025360587860232,1.339118406713827,3.4739412561033167,-0.0007042414534448533,-0.002115192298661084,0.12085139374592171,-0.23718868839857277,0.11633729465265105,0.024080476456417213,0.20529073557208533,1.2392561380992602,6.036590665651888,-1.2701199651027741,0.30346664441528276,0.2903897940841341,0.023238503334558937,3.0850749377234146,1.01877388817353,true
5.71875,2.5021766486910733,0.057891643256269124,1.3187851050241253,3.389619216280132,-0.0006974760055037355,-0.002072470434011757,0.11885055052970833,-0.23317989093419392,0.11432934040448559,0.02313651327797065,0.20392182184345764,1.2350802335232025,6.056635932133456,-1.2991241647505751,0.306657903248239,0.2931822990506146,0.02231531694627756,3.0029747672354543,0.9917770794122955,true
5.78125,2.5021766486910733,0.055596215953806365,1.2982500004881832,3.3064875435194936,-0.0006902982197416876,-0.002029617853418944,0.1168653534221983,-0.2292042130775305,0.1123388596553322,0.02221914107578679,0.20254808670408356,1.2309184726404974,6.077166625813804,-1.3284821976749766,0.3098422150341923,0.2959612658196919,0.021418871080443443,2.9222558300245955,0.9652304710876517,true
5.84375,2.5021766486910733,0.05336669405972329,1.2775362586527073,3.224561066871752,-0.0006827130526878654,-0.0019866698944405875,0.11489628855285551,-0.2252626032781475,0.110366314725292,0.021328108104453864,0.20116978957858278,1.2267719434591904,6.098191711733026,-1.3581962635303089,0.31301939624377606,0.2987265400755149,0.0205488722259914,2.8429270805034124,0.9391371389027069,true
5.90625,2.5021766486910733,0.051202389603089524,1.2566666055952938,3.143853247247311,-0.0006747262553580047,-0.0019436620157513296,0.11294382172465585,-0.22135596780568523,0.10841214608102938,0.020463139414986658,0.19978718911653473,1.2226417034151515,6.119720232421868,-1.3882686763417396,0.316189258393489,0.30147796622510753,0.01970500470345152,2.7649959547694336,0.9134996615296117,true
5.96875,2.5021766486910733,0.04910256013089489,1.235663307282707,3.0643761980451347,-0.0006663444263049906,-0.00190062971296312,0.11100839837863168,-0.21748517083484956,0.10647677245621788,0.01962393828452567,0.1984005431075647,1.2185287791142083,6.1417613078486974,-1.4187018668249787,0.3193516079481908,0.30421538736486575,0.018886932195197787,2.688468406367576,0.8883201319776484,true
6.03125,2.5021766486910733,0.04706641226520447,1.2145481503772027,2.986140707003525,-0.0006575750646259734,-0.001857608434479796,0.10909044359838015,-0.21365103458178186,0.10456059098340172,0.018810187637961384,0.19701010839391309,1.2144341662753555,6.164324136338972,-1.4494983838781923,0.32250624625138813,0.30693864527144005,0.0180942992621965,2.613348943109814,0.8636001693152766,true
6.09375,2.5021766486910733,0.04509310523182965,1.1933424243584991,2.90915625947411,-0.0006484266212280482,-0.0018146334977120898,0.10719036220092368,-0.20985433951565435,0.10266397731473068,0.018021551458174842,0.19561614078772854,1.2103588298827743,6.187417996330817,-1.4806608951125753,0.32565296940816046,0.30964758035188983,0.017326732843754692,2.539640665240243,0.839340930843587,true
6.15625,2.5021766486910733,0.043181754350381865,1.1720669049814265,2.833431063025868,-0.0006389085480628142,-0.0017717400060083266,0.1053085388486976,-0.2060958246133092,0.10078728576461159,0.017257676180844745,0.1942188949930223,1.2063037045694984,6.211052249127651,-1.5121921862497116,0.3287915681257892,0.31234203155819046,0.016583843736026425,2.4673453048018485,0.8155431246749437,true
6.21875,2.5021766486910733,0.041331434473331756,1.1507418391933202,2.7589720730259257,-0.0006290313448215301,-0.001728962766663386,0.1034453381216045,-0.20237618762419812,0.09893084950259362,0.01651819206887446,0.1928186245247572,1.2022696952644951,6.2352363431060995,-1.544095159216725,0.3319218275922923,0.31502183633531716,0.015865228043846345,2.3964632656953646,0.7922070225490961,true
6.28125,2.5021766486910733,0.039541183363280955,1.1293869315063407,2.6857850190914623,-0.0006188066009689817,-0.0016863362103298751,0.10160110459652773,-0.19869608536672329,0.09709498077019556,0.01580271456212556,0.1914155816237288,1.198257678116973,6.259979819576147,-1.5763728288127075,0.3350435274051247,0.31768683061267683,0.0151704686009998,2.3269936642858355,0.7693324728406371,true
6.34375,2.5021766486910733,0.03781000500026209,1.1080213316873369,2.6138744325908827,-0.000608247030642666,-0.001643894312130495,0.09977616300281536,-0.19505613408993755,0.09527997108712219,0.015110845599187043,0.19001001717440094,1.1942685016939114,6.285292320129368,-1.6090283178358566,0.3381564414722915,0.3203368487718905,0.01449913635528816,2.258934370826128,0.7469189138491179,true
6.40625,2.5021766486910733,0.03613687281044145,1.0866636237108092,2.5432436752246645,-0.0005973664991677609,-0.0016016705147844645,0.09797081842646115,-0.19145690988759856,0.09348609146113741,0.014442174907732913,0.18860218062930112,1.1903029884527165,6.311183595444557,-1.6420648505437754,0.34126033785070947,0.3229717235615244,0.013850791714688199,2.192282051743173,0.7249653873886608,true
6.46875,2.5021766486910733,0.03452073280564669,1.0653318160595169,2.4738949684006157,-0.0005861800405248871,-0.001559697654064121,0.09618535648830481,-0.18789894912593558,0.09171359263763076,0.013796281259240832,0.1871923199340373,1.1863619365035674,6.337663515905016,-1.6754857443240845,0.34435497858944863,0.3255912860169339,0.013224985849956825,2.127032212375043,0.703470552541711,true
6.53125,2.5021766486910733,0.03296050662355947,1.0440433334200043,2.405829423168446,-0.0005747038641423759,-0.0015180078868677477,0.09442004349913702,-0.1843827488837827,0.08996270538464568,0.013172733684011324,0.18578068144766416,1.1824461216639355,6.364742084321827,-1.7092943995122651,0.3474401196350595,0.32819536543329836,0.01262126194904999,2.0631792398284685,0.682432699468781,true
6.59375,2.5021766486910733,0.03145509446136975,1.02281500966655,2.339047070798399,-0.0005629553485848596,-0.0014766326221489628,0.09267512666655603,-0.18090876744106998,0.08823364077451396,0.012571092643608672,0.18436750986311665,1.1785562997799568,6.392429450584726,-1.7434942873540926,0.3505155107443853,0.33078378934484415,0.012039156420044266,2.0007164461021136,0.6618497633241343,true
6.65625,2.5021766486910733,0.030003377897386094,1.0016630820108454,2.2735468941548707,-0.0005509530206047861,-0.0014356024549302265,0.09095083437144016,-0.1774774248251038,0.08652659045366365,0.011990911158523247,0.18295304813538615,1.1746932092802547,6.420735927892144,-1.778088936124293,0.35358089532188586,0.3333563834405255,0.011478200040192264,1.9396361117098464,0.6417193383566231,true
6.71875,2.5021766486910733,0.028604222593933852,0.9806031863458243,2.2093268596915605,-0.0005387165193839233,-0.0013949471036362598,0.08924737644057197,-0.17408910337753034,0.08484172693695836,0.011431735888390276,0.18153753741477743,1.170857573943411,6.44967201063344,-1.8130819154198587,0.3566360102163601,0.33591297144652416,0.010937919048297074,1.8799295295562044,0.622038692114373,true
6.78125,2.5021766486910733,0.02725648087456019,0.9596503538686658,2.146383949741915,-0.0005262665456791517,-0.0013546953509617765,0.08756494437347341,-0.17074414831840895,0.08317920394493554,0.010893108161975083,0.18012121697649586,1.1670501058609832,6.479248394225942,-1.8484768187107221,0.3596805855775847,0.3384533750599329,0.010417836177329203,1.8215870485976073,0.6028047795992304,true
6.84375,2.5021766486910733,0.025958994171448063,0.9388190089276953,2.0847141950598447,-0.0005136247946719855,-0.0013148749884348138,0.08590371158571816,-0.16744286833609043,0.08153915675037227,0.010374564955287073,0.1787043241469044,1.1632715085468477,6.5094759967340075,-1.8842772443287028,0.362714344765537,0.340977413926441,0.00991747162544359,1.7645981172506957,0.5840142573590483,true
6.90625,2.5021766486910733,0.024710595342438364,0.9181229679308851,2.0243127078247296,-0.0005008138717408449,-0.0012755127648058917,0.0842638337303418,-0.1641855362336264,0.07992170250328459,0.009875639817582365,0.17728709423671818,1.1595224801189072,6.540365981579481,-1.920486775120126,0.3657370041935785,0.3434849055627902,0.00943634396529595,1.7089513268899605,0.5656634976321318,true
6.96875,2.5021766486910733,0.02351011085748102,0.8975754392683486,1.9651737151051922,-0.00048785719216639447,-0.0012366343383944656,0.08264544904494618,-0.16097238960595153,0.07832694056100535,0.009395863745183426,0.17586976048422537,1.1558037164949,6.571929780950431,-1.95710895697713,0.3687482730763848,0.3459756652009041,0.008973970991962402,1.6546344554363321,0.5477486025444493,true
7.03125,2.5021766486910733,0.022356362853237402,0.8771890243507656,1.907290592414896,-0.00047477886657080115,-0.0011982642335259114,0.08104867864016252,-0.15780363150365914,0.07675495286349662,0.008934766002605114,0.1744525539974526,1.1521159145679758,6.604179120156643,-1.994147276497334,0.37174785321601095,0.34844950566506705,0.00852987050923739,1.6016345105050487,0.5302654181826344,true
7.09375,2.5021766486910733,0.02124817105653415,0.8569757197774776,1.8506558971517226,-0.0004616035729392589,-0.0011604258011414376,0.07947362676333523,-0.15467943109705856,0.07520580433372333,0.008491874891266927,0.17303570368885943,1.1484597753052639,6.637126042902354,-2.0316051381329423,0.3747354388973665,0.35090623733993376,0.00810356105483766,1.5499377718329257,0.5132095484494342,true
7.15625,2.5021766486910733,0.02018435458188957,0.8369469204579862,1.7952614021564683,-0.00044835641580240674,-0.0011231411836151867,0.07792038113563218,-0.15159992438872028,0.07367954325308809,0.008066718467878082,0.17161943621391873,1.1448360066716237,6.670782936523683,-2.069485841252121,0.3777107167545049,0.35334566811395696,0.007694562567189572,1.499529833371323,0.4965763688294838,true
7.21875,2.5021766486910733,0.019163733610065598,0.8171134235596895,1.7410981295603292,-0.000435062774881948,-0.0010864312838129303,0.07638901334616979,-0.14856521496728167,0.07217620162111188,0.007658825215274245,0.1702039759237439,1.1412453262947246,6.70516255628502,-2.107792557478254,0.3806733654915148,0.35576760320376344,0.007302396997533529,1.4503956453148776,0.4803610401540585,true
7.28125,2.5021766486910733,0.01818513095270502,0.797485433372757,1.6881563845887853,-0.0004217481468514616,-0.0010503157384431916,0.07487957919028582,-0.1455753747449818,0.07069579555469599,0.007267724667727972,0.16878954482087788,1.1376884638404172,6.740278048902556,-2.1465283086347173,0.3836230555965443,0.3581718449745717,0.006926588870258056,1.4025195555773182,0.46455852220082183,true
7.34375,2.5021766486910733,0.017247373508198834,0.7780725671756814,1.6364257889518758,-0.00040843798289716534,-0.001014812895720571,0.07339211894298292,-0.14263044467086505,0.06923832572788213,0.0068929479927890775,0.16737636250372476,1.1341661630679782,6.7761429756411315,-2.185695945709661,0.3865594492215479,0.3605581928966981,0.006566665794193509,1.355885350188517,0.4491635869522646,true
7.40625,2.5021766486910733,0.016349293617918446,0.7588838619463509,1.5858953140043432,-0.00039515752358868465,-0.0009799397973015433,0.07192665768697558,-0.13973043547752642,0.06780377779055084,0.006534028533305597,0.1659646461087848,1.1306791834791077,6.812771334070641,-2.2252981293305907,0.3894822001076674,0.36292644353808334,0.006222158929378941,1.3104762929297087,0.4341708316167623,true
7.46875,2.5021766486910733,0.015489730334399338,0.7399277817167937,1.5365533140198646,-0.0003819316336735934,-0.0009457121644443345,0.07048320572860833,-0.13687532847924275,0.06639212275063441,0.006190502314255971,0.1645546102691571,1.1272283014742908,6.850177577100495,-2.2653373121298612,0.3923909533307134,0.36527639041002063,0.005892603415186031,1.2662751647502601,0.41957469159107247,true
7.53125,2.5021766486910733,0.014667530610445494,0.7212122256206162,1.4883875593557068,-0.00036878464100379744,-0.0009121443883760016,0.06906175897750003,-0.13406507635947537,0.06500331738197535,0.0058619085179770596,0.1631464670822527,1.1238143110119607,6.888376629359514,-2.3058157232321785,0.39528534496501705,0.3676078237480124,0.005577538764580723,1.2232643026348518,0.40536945325196244,true
7.59375,2.5021766486910733,0.013881550415638062,0.702744536780394,1.4413852689954898,-0.00035574018288262057,-0.000879249524840163,0.06766229922894443,-0.13129960391388906,0.06363730468494463,0.005547789930379101,0.1617404260634757,1.120438023802766,6.9273839019259515,-2.3467353551317673,0.39816500195621274,0.3699205304619815,0.005276509227890108,1.1814256371704273,0.39154926632538317,true
7.65625,2.5021766486910733,0.013130655788995322,0.684531511929626,1.3955331425330997,-0.00034282106106681446,-0.0008470392927366691,0.06628479447119678,-0.12857880880723196,0.06229401433603518,0.005247693361643419,0.16033669408903908,1.1171002690007268,6.9672153049405665,-2.388097953339609,0.4010295421508586,0.3722142942105569,0.00498906413029706,1.1407407289553284,0.3781081558789913,true
7.71875,2.5021766486910733,0.012413723839140512,0.6665794115102337,1.350817392087757,-0.00033004910690604956,-0.0008155240767415209,0.06492919930594626,-0.12590256238935027,0.06097336308340401,0.004961170045941528,0.15893547535481736,1.1138018923179942,7.007887256331377,-2.4299050090600183,0.4038785741383962,0.3744888953220662,0.0047147581886875,1.1011908046268581,0.3650400341945134,true
7.78125,2.5021766486910733,0.011729643700537213,0.6488939702282663,1.30722377409628,-0.00031744505979417305,-0.0007847129338309361,0.06359545536667771,-0.12327071051394696,0.05967525514726925,0.0046877760235965625,0.15753697135227848,1.110543754590519,7.0494166864942525,-2.4721577548840457,0.40671169690471815,0.3767441105646355,0.004453151812348378,1.0627567924318773,0.35233871249296267,true
7.84375,2.5021766486910733,0.01107731744972502,0.631480408259893,1.2647376203723728,-0.0003050284615044522,-0.0007546136036461829,0.06228349161984103,-0.12068307429987865,0.05839958268003762,0.0044270725072587235,0.1561413808304996,1.1073267299065317,7.091821040756634,-2.51485716345584,0.4095284997032603,0.3789797130900266,0.004203811389618085,1.025419356428066,0.3399979122076927,true
7.90625,2.5021766486910733,0.010455660985714323,0.6143434430775621,1.2233438683183517,-0.00029281756641896654,-0.0007252325225788545,0.06099322465244362,-0.1181394508834202,0.057146226230976586,0.004178626233756853,0.15474889973710834,1.1041517033290515,7.1351182800318105,-2.558003949258614,0.41232856222320413,0.38119547261035025,0.003966309562409943,0.989158929189331,0.32801127576235056,true
7.96875,2.5021766486910733,0.009863604881367415,0.5974873016061666,1.1830270908671419,-0.00028082926713617426,-0.0006965748414108422,0.059724559086841975,-0.11563961423258697,0.05591505514574499,0.003942009804354627,0.15335972117196955,1.101019568149254,7.179326877587554,-2.601598573613408,0.41511145460239574,0.38339115544624924,0.003740225491929561,0.9539557439398925,0.3163723771606007,true
8.03125,2.5021766486910733,0.009300095210542385,0.5809157326094809,1.1437715263137405,-0.0002690790367406736,-0.0006686444463770633,0.05847738803648406,-0.11318331598264918,0.05470592794616512,0.003716802015320304,0.15197403536731482,1.0979312227050957,7.224465811225202,-2.645641252620035,0.4178767371160653,0.3855665243162925,0.0035251451182140825,0.9197898663708506,0.3050747324711436,true
8.09375,2.5021766486910733,0.00876409435037754,0.5646320195183108,1.1055611073920981,-0.00025758088908755356,-0.0006414439835481581,0.05725159343912381,-0.11077028620950928,0.05351869277038547,0.003502588178561322,0.1505920296582467,1.0948875669446458,7.270554553447363,-2.6901319676394273,0.42062396003646735,0.38772133826046823,0.0033206614134253945,0.8866412251597472,0.29411180988154345,true
8.15625,2.5021766486910733,0.008254581756868298,0.5486389937600374,1.0683794892684204,-0.000246347355896298,-0.0006149748863850009,0.05604704633223334,-0.10840023416956293,0.05235318783732959,0.003298960431585194,0.149213888421828,1.0918894988394643,7.317613061276777,-2.7350704782037876,0.42335266394507615,0.3898553529147612,0.00312637462792071,0.854489640733302,0.2834770391680396,true
8.21875,2.5021766486910733,0.007770554714759139,0.5329390483006677,1.0322100770382323,-0.0002353894783485078,-0.0005892374062544808,0.054863607253514704,-0.10607284909747719,0.051209241843962486,0.0031055180371953495,0.14783979302184255,1.0889379105795056,7.365661763464596,-2.7804563373527054,0.42606237997840357,0.3919683207253628,0.002941892529586015,0.8233148532268465,0.27316382089908103,true
8.28125,2.5021766486910733,0.007311029062279696,0.5175341512138365,0.9970360531221216,-0.00022471681276274707,-0.0005642306457152232,0.05370112672719354,-0.10378780104510507,0.05008667431791153,0.0029218676731333926,0.14646992178977983,1.0860336845435508,7.414721543323242,-2.8262889089992975,0.42875262959959975,0.3940599907868828,0.002766830637044774,0.7930965502629004,0.26316553557987965,true
8.34375,2.5021766486910733,0.006875039886486753,0.5024258594759601,0.9628404039583538,-0.00021433745083820847,-0.0005399525944276978,0.052559445637552424,-0.10154474166191016,0.048985296024357736,0.0027476237099739505,0.14510445000547617,1.0831776892554121,7.464813720148028,-2.872567386657385,0.43142292442242036,0.3961301087196229,0.0026008124450351043,0.7638143936205918,0.2534755524292849,true
8.40625,2.5021766486910733,0.0064616421832190615,0.48761533313979666,0.9296059454404779,-0.0002042580528085712,-0.0005164001675149708,0.05143839549957938,-0.09934330491810162,0.04790490941852223,0.0025824084748769616,0.1437435498373433,1.0803707755025527,7.515960032468058,-2.9192908132037196,0.4340727666398519,0.39817841701119955,0.0024434696390399874,0.735448043980485,0.2440872375184539,true
8.46875,2.5021766486910733,0.006069911478809632,0.4731033496334034,0.8973153476142831,-0.00019448389032752185,-0.0004935692461290921,0.050337798834960035,-0.09718310787368087,0.046845309038720834,0.002425852500056259,0.1423873902768904,1.0776137725332666,7.568182620930895,-2.966458101699523,0.4367016495478626,0.40020465542075295,0.0022944422977748107,0.707977184595843,0.23499396155572191,true
8.53125,2.5021766486910733,0.005698944411922498,0.45889031791963364,0.8659511592557758,-0.0001850188976678841,-0.00047145471998039784,0.049257469673983006,-0.09506375150669807,0.04580628183271507,0.0022775947553118213,0.14103613711776575,1.0749074842361779,7.621504007434816,-3.0140680569609484,0.43930905745679655,0.4022085609013328,0.0021533790831237596,0.6813815448737655,0.2261891076457826,true
8.59375,2.5021766486910733,0.005347859270478083,0.44497629267315686,0.8354958318538228,-0.00017586573149714103,-0.00045005053164440603,0.04819721396906938,-0.09298482149443543,0.04478760752536605,0.002137282862613089,0.1396899529487862,1.0722526854933228,7.675947073204593,-3.0621193971158402,0.4418944654559677,0.40418986740618085,0.0020199374155219964,0.6556409231193658,0.2176660787751454,true
8.65625,2.5021766486910733,0.005015796476922223,0.43136098870901196,0.8059317422455295,-0.00016702583795352233,-0.00042934972245650856,0.047156829865709196,-0.09094588891706032,0.04378905905135112,0.0020045732900377208,0.13834899710055046,1.0696501189519196,7.731535040868494,-3.1106107746867657,0.44445733990615643,0.40614830624846293,0.001893783631536133,0.6307352072997022,0.20941830464422484,true
8.71875,2.5021766486910733,0.004701919018422427,0.418043795476313,0.7772412142675516,-0.00015849952390519417,-0.00040934447973609706,0.04613610804358667,-0.0889465109883596,0.042810402944772924,0.0018791315237004043,0.1370134255705296,1.0671004921282572,7.788291458919493,-3.1595407973279355,0.4469971392711415,0.40808360670735816,0.001774593121876536,0.6066443944479452,0.201439248053801,true
8.78125,2.5021766486910733,0.0044054128210289124,0.4050237912912145,0.7494065402359138,-0.00015028603065033756,-0.00039002618506770066,0.04513483221402262,-0.08698623185930562,0.041851399645283005,0.0017606322172870773,0.1356833909973658,1.0646044746253058,7.846240183118467,-3.208908048171844,0.44951331424455654,0.4099954960835583,0.0016620504496516917,0.5833486099998288,0.193722411276774,true
8.84375,2.5021766486910733,0.004125487064646232,0.3922997573976743,0.7224100019759087,-0.00014238361047641502,-0.0003713854634294616,0.04415277956610368,-0.08506458339251818,0.0409118038264145,0.0016487593179339824,0.13435904266779483,1.0621626955845962,7.905405356383885,-3.258711105124234,0.4520053074505427,0.41188369942556696,0.001555849447747665,0.5608281266152021,0.18626134226671856,true
8.90625,2.5021766486910733,0.003861374434110908,0.37987019215067497,0.6962338905039029,-0.00013478960562572802,-0.0003534122329822229,0.04318972104207705,-0.08318108584531687,0.03999136480323982,0.0015432061665713538,0.13304052647597042,1.0597757416844473,7.9658113941383295,-3.308948558581248,0.4544725539339012,0.41374793985033853,0.0014556932930124655,0.539063381091009,0.17904964023975523,true
8.96875,2.5021766486910733,0.0036123313048864953,0.3677333252244538,0.6708605245088309,-0.00012750052717628655,-0.0003360957552761279,0.042245421637052166,-0.08133524855644972,0.03908982691939755,0.0014436755721368277,0.13172798484170395,1.0574441556329115,8.027482974886698,-3.359619027793547,0.4569144823129143,0.4155879393510943,0.001361294556199597,0.5180349896480744,0.17208096072445728,true
9.03125,2.5021766486910733,0.003377637864972316,0.35588713148533535,0.6462722685742744,-0.00012051213213616043,-0.000319424685604407,0.04131964087211534,-0.07952657071305302,0.03820692984093768,0.0013498798602965183,0.13042155667687372,1.0551684348145205,8.090445028414711,-3.410721176159346,0.45933051521846663,0.4174034190500443,0.0012723752284577532,0.4977237630963829,0.16534902058118822,true
9.09375,2.5021766486910733,0.0031565981730507144,0.3443293445326313,0.6224515511148716,-0.000113819499360388,-0.0003033871232943179,0.040412133261980426,-0.0777545421109627,0.03734240884898227,0.001261540896683685,0.1291213774060442,1.0529490300957964,8.154722720968337,-3.462253725023204,0.4617200689589898,0.41919409886138276,0.001188666724641017,0.47811072182198494,0.15884760297190006,true
9.15625,2.5021766486910733,0.0029485401511542978,0.33305747023309057,0.5993808810551831,-0.0001074171046620554,-0.0002879706617737992,0.039522648599527414,-0.07601864381795154,0.03649599521842412,0.0011783900839681819,0.12782757894477395,1.0507863451610697,8.220341446152608,-3.514215465451368,0.46408255393827225,0.4209596977153305,0.0011099098624597296,0.45917710906402853,0.1525705617703795,true
9.21875,2.5021766486910733,0.0027528155129686975,0.3220688002524729,0.577042863144637,-0.00010129889343256565,-0.00027316243821374087,0.03865093221392891,-0.07431834881550548,0.03566741660157657,0.0011001683332025089,0.12654028961520264,1.0486807364149369,8.287326823764023,-3.5666052682310387,0.46641737612016604,0.42269993455135374,0.0010358548174490498,0.4409044023568841,0.1465118253713934,true
9.28125,2.5021766486910733,0.002568799632182261,0.31136042522019897,0.5554202128953162,-9.545834923955975e-5,-0.00025894918250899974,0.03779672540394867,-0.0726531227210362,0.034856397317087534,0.0010266260112074977,0.12525963410137964,1.0466325130194274,8.355704697111992,-3.619422092624324,0.4687239378897641,0.42441452884101605,0.0009662610555800991,0.42327432472574755,0.1406654004275576,true
9.34375,2.5021766486910733,0.0023958913538996646,0.3009292474396671,0.5344957713943148,-8.988855904949686e-5,-0.0002453172654126529,0.03695976591492223,-0.07102242452758606,0.03406265861266383,0.0009575228652033788,0.1239857334812651,1.0446419369228725,8.425501124939696,-3.672664993718285,0.47100163774909004,0.4261032002332949,0.0009008972450334212,0.4062688560164758,0.13502537564028685,true
9.40625,2.5021766486910733,0.0022335127497671563,0.29077199346791993,0.514252519029038,-8.458227602412677e-5,-0.0002322527457029851,0.03613978823739761,-0.06942570724946157,0.03328591901206396,0.0008926279249450836,0.12271870522945308,1.0427092232912964,8.496742377958542,-3.726333127893461,0.47324987059586854,0.427765668629798,0.0008395411472315893,0.38987024282441424,0.12958592509308087,true
9.46875,2.5021766486910733,0.0020811088196206525,0.280885226668925,0.4946735877541646,-7.953197895369821e-5,-0.0002197414162453306,0.03533652382990913,-0.06786241852239147,0.03252589469248234,0.0008317193834852996,0.12145866313584251,1.0408345415160465,8.569454945769905,-3.780425756624795,0.4754680294583981,0.42940165532501984,0.0007819794877886078,0.37406100646618506,0.12434131094159623,true
9.53125,2.5021766486910733,0.001938147145904825,0.2712653594040696,0.47574227284470116,-7.47299269982358e-5,-0.00020776884876783173,0.0345497015030925,-0.06633200127698537,0.031782299773892866,0.0007745844590623525,0.12020571724743179,1.039018016328238,8.643665543707215,-3.834942249234912,0.4776555068835767,0.4310108838680071,0.0007280078098249274,0.35882395052518046,0.11928588596980566,true
9.59375,2.5021766486910733,0.0018041175058611607,0.2619086646868296,0.4574420446565686,-7.016821026167825e-5,-0.0001963204372062632,0.03377904789369028,-0.06483389445233313,0.03105484655864285,0.0007210192401103743,0.11895997390739343,1.0372597287125906,8.71940111150381,-3.8898820846046753,0.4798116947654933,0.43259307976220196,0.0006774303119426467,0.34414216878328696,0.11441409628216463,true
9.65625,2.5021766486910733,0.0016785314432853755,0.2528112875931613,0.4397565595287981,-6.583879742339049e-5,-0.00018538143954557017,0.033024287780913576,-0.06336753362633459,0.03034324584542101,0.0006708285141112802,0.11772153578615317,1.0355597170354192,8.796688814156852,-3.945244851445524,0.4819359844285241,0.4341479703502325,0.0006300596715234271,0.32999905213859854,0.10972048366477088,true
9.71875,2.5021766486910733,0.0015609218028751878,0.2439692566203831,0.4226696692102885,-6.173358008112602e-5,-0.0001749370180874981,0.03228514428404386,-0.06193235158000504,0.02964720729596118,0.0006238255814959067,0.11649050181031019,1.0339179787289499,8.87555605531301,-4.00103024734158,0.48402776854973867,0.43567528603613126,0.0005857168541254909,0.31637829354818076,0.10519968729490356,true
9.78125,2.5021766486910733,0.0014508422337877278,0.23537849471313205,0.406165429629617,-5.784441268929102e-5,-0.00016497227802900367,0.03156133919374036,-0.06052777892136042,0.028966439727620065,0.0005798320572397179,0.11526696708993087,1.0323344720847742,8.956030492928218,-4.057238077153143,0.4860864431526171,0.437174761536139,0.0005442309114808692,0.3032638923326686,0.1008464452435211,true
9.84375,2.5021766486910733,0.001347866668278628,0.22703482971287026,0.3902281097620094,-5.4163148412977826e-5,-0.0001554723042536208,0.03085259343102205,-0.05915324476777442,0.028300651336752372,0.0005386776624998549,0.1140510229589985,1.0308091176831582,9.038140044160196,-4.113868250752267,0.48811140769611083,0.4386461357243694,0.0005054387706826941,0.2906401590336191,0.09665559616661282,true
9.90625,2.5021766486910733,0.0012515887774382155,0.2189340044658757,0.37484219989669737,-5.068167215172021e-5,-0.00014642219630872514,0.03015862738168016,-0.057808177361626925,0.027649549979946765,0.0005002000070989955,0.11284275703680391,1.0293417998342003,9.121912888910346,-4.170920779720878,0.49010206492162417,0.44008915130118925,0.00046918501539017964,0.27849171968033953,0.09262208080394907,true
9.96875,2.5021766486910733,0.0011616214060705021,0.21107168685020838,0.3599924184883816,-4.7391930799290096e-5,-0.00013780710155914585,0.029479161079714926,-0.056492004604535004,0.027012843524820078,0.00046424436367358956,0.11164225317526516,1.027932368547781,9.207377487572277,-4.228395773337972,0.492057822836601,0.4415035560055966,0.00043532165950514745,0.26680351817191533,0.08874094285361024,true
10.03125,2.5021766486910733,0.0010775959924159213,0.2034434795144897,0.34566371821826075,-4.428595983997248e-5,-0.00012961224646497807,0.028813914486571942,-0.05520415463238265,0.02639024014581071,0.0004306634357648683,0.11044959137298874,1.0265806416593581,9.29456260451513,-4.286293434458283,0.49397809734303555,0.4428891042718826,0.00040370791539705156,0.25556081780613343,0.0850073295653234,true
10.09375,2.5021766486910733,0.0009991619786123363,0.19604492903748882,0.3318412921908176,-4.135590639479791e-5,-0.00012182296593096255,0.028162607923382214,-0.05394405646071268,0.025781448537330467,0.0003993171222083833,0.10926484781081092,1.0252864064828375,9.383497318900703,-4.34461405500803,0.4958623127242071,0.44424555732075965,0.0003742099592093772,0.24474920343064988,0.08141649254330839,true
10.15625,2.5021766486910733,0.0009259862137658324,0.1888715346702941,0.318510579791479,-3.859404984567075e-5,-0.0001144247307366484,0.027524962419251606,-0.05271114058309585,0.025186178163844247,0.00037007227857003216,0.10808809494313584,1.0240494212871813,9.474211029678377,-4.40335801054882,0.49770990123661357,0.44557268260532074,0.000346700694069542,0.23435458342065243,0.07796378849300675,true
10.21875,2.5021766486910733,0.0008577523502393593,0.18191875696355134,0.3056572712563973,-3.599282035312851e-5,-0.00010740317308533453,0.026900699889399228,-0.05150483947865,0.02460413958925077,0.00034280247587158266,0.10691940147211158,1.0228694172769686,9.5667334758114,-4.462525754481372,0.49952030498724875,0.4468702548989059,0.00032105951116659137,0.22436318996120322,0.07464467940441899,true
10.28125,2.5021766486910733,0.0007941602371341691,0.17518202615694323,0.29326731134386685,-3.35448145765974e-5,-0.00010074411027268578,0.026289543365579787,-0.05032458813856164,0.02403504477298185,0.00031738775819429313,0.10575883225230859,1.0217461008144526,9.661094766788606,-4.522117812766486,0.5012929791577287,0.4481380583299336,0.00029717205006887494,0.2147615782875906,0.07145473238923528,true
10.34375,2.5021766486910733,0.0007349253163070622,0.1686567500181816,0.281326903130683,-3.1242808547824075e-5,-9.443356646060466e-5,0.025691217390475744,-0.049169824667353035,0.02347860727687729,0.0002937144012959728,0.10460644831543209,1.0206791551130745,9.757325399628337,-4.5821347785518265,0.503027393013531,0.4493758868118033,0.0002749299605332578,0.2055366265244661,0.06838961971770521,true
10.40625,2.5021766486910733,0.0006797780227195689,0.1623383212137702,0.26982251170707183,-2.9079768627013047e-5,-8.845779259071779e-5,0.025105448370976707,-0.048039990857140835,0.02293454248616413,0.0002716746729593097,0.1034623069888222,1.019668241588947,9.855456264851213,-4.642577305597358,0.504723029246341,0.4505835432827733,0.0002542306666219952,0.1966755357239944,0.06544511892160496,true
10.46875,2.5021766486910733,0.000628463188494474,0.15622212452890438,0.258740866765916,-2.7048860977599263e-5,-8.280328450692019e-5,0.02453196475570142,-0.046934532667549475,0.022402567911848054,0.0002511665948218455,0.10232646190434298,1.0187130016979182,9.95551866779322,-4.70344610128316,0.5063793855464329,0.4517608405404198,0.00023497713268173486,0.18816582847772814,0.06261711242170205,true
10.53125,2.5021766486910733,0.0005807394526564958,0.15030354389821238,0.2480689642244855,-2.5143459053877227e-5,-7.745679932743155e-5,0.023970497220628502,-0.04585290070201524,0.021882403481386738,0.00023209370647763396,0.10119896290008115,1.0178130591282086,10.0575443656784,-4.764741920802873,0.5079959783014009,0.45290760357529175,0.0002170776317755819,0.1799953463486725,0.059901586761606805,true
10.59375,2.5021766486910733,0.0005363786809453621,0.144577968938293,0.23779406792008023,-2.335714894713639e-5,-7.240537008114368e-5,0.023420779015524966,-0.04479455075574751,0.021373771740222543,0.000214364833604354,0.10007985602955159,1.016968021444686,10.161565591625106,-4.826465561787822,0.5095723442170601,0.4540236704112564,0.00020044551839157264,0.17215224780211208,0.05729463200672774,true
10.65625,2.5021766486910733,0.0004951653976070255,0.13904080098772226,0.22790371140163668,-2.16837333084522e-5,-6.76363186572018e-5,0.022882546309404832,-0.043758944354558044,0.020876398045153212,0.00019789386087751002,0.09896918370239015,1.0161774812384432,10.26761506181749,-4.888617857215612,0.5111080394379053,0.4551088911762809,0.00018499900628840096,0.1646250066358528,0.05479244130813873,true
10.71875,2.5021766486910733,0.00045689622789163724,0.13368745896171644,0.21838569883269152,-2.0117234314294103e-5,-6.313726715396996e-5,0.022355538366923,-0.042745549201008946,0.020390010834085946,0.00018259950916361026,0.09786698473420302,1.0154410177519553,10.375725996972236,-4.95119966722239,0.5126026406008102,0.456163128552079,0.00017066095083990507,0.15740240930453733,0.05239131009648629,true
10.78125,2.5021766486910733,0.00042137935140836664,0.12851338505969861,0.20922810490475674,-1.8651895321143113e-5,-5.88961476933967e-5,0.021839497692522455,-0.04175383959557989,0.019914341903057436,0.0001684051170523059,0.0967732942536852,1.0147581989993828,10.485932165740447,-5.014211872632814,0.514055748804032,0.45718626027619946,0.00015735863577381618,0.1504735509938782,0.050087634857915314,true
10.84375,2.5021766486910733,0.0003884339694814694,0.12351405004181756,0.20041927474769144,-1.7282181000634885e-5,-5.4901210735775396e-5,0.021334170320157275,-0.040783296919966516,0.01944912659980924,0.00015523842798415734,0.09568814369360817,1.0141285833353393,10.598267916896392,-5.077655369931857,0.515466991871069,0.45817818042809105,0.0001450235656028265,0.14382783204222738,0.04787791202390323,true
10.90625,2.5021766486910733,0.00035788978858544604,0.11868495801402376,0.1919478240829112,-1.6002776482539606e-5,-5.114103195018142e-5,0.02083930613567865,-0.03983341012520519,0.018994103989526542,0.00014303138380444228,0.09461156094698026,1.0135517203669773,10.712768188392594,-5.1415310641119785,0.5168360232939292,0.4591387983838511,0.00013359126466447695,0.13745495507411465,0.04575873709610915,true
10.96875,2.5021766486910733,0.0003295865185964192,0.11402165099859585,0.18380263871962416,-1.4808585948320234e-5,-4.760451773144531e-5,0.020354659046573863,-0.03890367613270486,0.018549017086130996,0.00013171992423829506,0.09354357046166849,1.0130271523369623,10.829468528273381,-5.20583985900544,0.5181625225583458,0.46006803875963653,0.00012300108217709965,0.13134492136856446,0.043726803514062614,true
11.03125,2.5021766486910733,0.00030337338466087256,0.10951971339069774,0.17597287308770537,-1.3694730438197692e-5,-4.4280909443019214e-5,0.01987998708621897,-0.03799360019177776,0.01811361310555879,0.00012124379180805312,0.09248419316239022,1.0125544161785451,10.948405144224282,-5.27058264935678,0.519446199106042,0.4609658439084905,0.00011319600270592864,0.1254880259799464,0.04177890110519056,true
11.09375,2.5021766486910733,0.0002791086544184754,0.1051747760580479,0.16844794868047286,-1.2656544645134174e-5,-4.115978643300187e-5,0.01941505263950232,-0.03710269628495954,0.01768764364545722,0.00011154634288689465,0.09143344642296443,1.0121330450255166,11.06961494531731,-5.335760315953165,0.5206867952045111,0.46183217564374734,0.00010412246276444336,0.11987485303074086,0.039911914589978024,true
11.15625,2.5021766486910733,0.00025665918268517223,0.10098251997257637,0.16121755283252953,-1.168957306626224e-5,-3.823106787909103e-5,0.018959622725660007,-0.03623048754718275,0.017270864821522743,0.0001025743657305069,0.09039134422944343,1.0117625688645868,11.193135553957417,-5.401373718882899,0.5218840847826781,0.4626670141505381,9.573017446259372e-5,0.11449627183542084,0.038122822361561094,true
11.21875,2.5021766486910733,0.00023589997284771544,0.09693867960704425,0.1542716370664332,-1.0789565903850676e-5,-3.5485013549544004e-5,0.018513469152924372,-0.03537650660678,0.01686303745385563,9.427790518751676e-5,0.08935789731914515,1.011442515647518,11.319005325686126,-5.46742368620851,0.5230378728661929,0.46347035733980063,8.797195583514607e-5,0.10934343258890815,0.03640869511769332,true
11.28125,2.5021766486910733,0.00021671375306282276,0.09303904623734868,0.14760041455543,-9.95247455607331e-6,-3.291222356237636e-5,0.01807636859027494,-0.034540295871705935,0.016463927281430996,8.661009332661986e-5,0.08833311312941637,1.011172413290149,11.447263404027046,-5.53391100338185,0.5241479991288842,0.46424222308339663,8.080356699072964e-5,0.10440776089664455,0.03476669410445796,true
11.34375,2.5021766486910733,0.00019899056760979886,0.0892794709512964,0.14119435745976885,-9.174446458155971e-6,-3.0503637192964817e-5,0.017648102732339466,-0.03372140784624587,0.0160733051139064,7.952698611982246e-5,0.08731699577181495,1.0109517910449988,11.577949769216909,-5.600836407988982,0.525214340825551,0.46498265101816305,7.418355225186711e-5,0.09968095237533627,0.033194069381327504,true
11.40625,2.5021766486910733,0.00018262738518832407,0.08565586723689514,0.13504419468190326,-8.451819541206036e-6,-2.825053078904646e-5,0.017228458432290886,-0.03291940541372182,0.015690946981430934,7.2987406897854e-5,0.08630954622167396,1.010780179644662,11.711105247252894,-5.668200584658915,0.5262368112963339,0.46569170128532394,6.807308905571534e-5,0.09515496814328378,0.031688158380172755,true
11.46875,2.5021766486910733,0.00016752772357569757,0.0821642135476002,0.1291409089696541,-7.781116872904577e-6,-2.6144514907498447e-5,0.016817227131987845,-0.03213386175648206,0.015316634624494212,6.695279634366896e-5,0.08531076231502466,1.0106571130141195,11.846771563030869,-5.7360041536013675,0.5272153649661301,0.46636945779477035,6.243584330436317e-5,0.09082202924732623,0.03024638410732144,true
11.53125,2.5021766486910733,0.00015360128655171994,0.07880055694364328,0.1234757305445017,-7.159042200001083e-6,-2.4177530834808086e-5,0.016414202081338293,-0.03136435917434787,0.014950157093009578,6.138706738873577e-5,0.08432063723750972,1.0105821390086984,11.98499171871942,-5.804247655443309,0.5281500447677262,0.46701606081740404,5.723782937082299e-5,0.08667460485046409,0.02886625126409311,true
11.59375,2.5021766486910733,0.00014076360681722247,0.07556102018137262,0.1180401209451705,-6.582477917828916e-6,-2.2341846908332792e-5,0.016019170304559058,-0.03061048536972239,0.014591315065163334,5.6256462504698885e-5,0.08333915323987573,1.0105548588992181,12.12581145371768,-5.872931534257471,0.5290411620482438,0.4676318308805226,5.244727201357251e-5,0.08270538273455531,0.027545336471721926,true
11.65625,2.5021766486910733,0.00012893568621592975,0.07244181699311336,0.11282573369637125,-6.048487644932776e-6,-2.0630055266397684e-5,0.01563189471473423,-0.02987182508338252,0.01423993036864829,5.1529409917312585e-5,0.08236626325368472,1.0105750422709758,12.269283591978017,-5.942056108841739,0.5298898077882773,0.4682176205025092,4.803446603613564e-5,0.07890719851897757,0.026281264735938545,true
11.71875,2.5021766486910733,0.00011804362376903029,0.06943928163507226,0.1078243332884811,-5.554323375861233e-6,-1.90350698416246e-5,0.015252083609730925,-0.029147946039671566,0.01389586242994064,4.717637494969858e-5,0.08140184901802855,1.0106428914228547,12.415478316702876,-6.011621535387538,0.5306990002535892,0.4687756025904542,4.397162852616952e-5,0.07527289219655195,0.025071661687014687,true
11.78125,2.5021766486910733,0.00010801823316241178,0.06654991378097512,0.10302766725691005,-5.097430105380104e-6,-1.7550125890304115e-5,0.014879354359953521,-0.02843838299380124,0.01355902863384772,4.316970715033959e-5,0.08044564835510208,1.0107595050788931,12.564501943190418,-6.081627843454107,0.5314756681203583,0.46931062994462436,4.023274309222111e-5,0.07179508529760027,0.02391407936579632,true
11.84375,2.5021766486910733,9.879468514593874e-5,0.0637704238796194,0.09842733330543481,-4.675432249238471e-6,-1.616877971374409e-5,0.014513214881942342,-0.027742631750445793,0.01322941686850345,3.948349737722145e-5,0.0794971667473314,1.010927449537339,12.716521744106991,-6.152075230770138,0.532233077218685,0.46983189308571943,3.6793411492882423e-5,0.06846595433119464,0.022805920765859886,true
11.90625,2.5021766486910733,9.031225316897111e-5,0.0610977421582581,0.094014751155775,-4.286086687635649e-6,-1.488490495246995e-5,0.014153098165510629,-0.02706017002301858,0.012907071857507953,3.60934761405494e-5,0.07855562821725846,1.0111510921126272,12.871784174599473,-6.222964782808191,0.5329922572283925,0.4703538822714462,3.363075022990809e-5,0.06527719093361856,0.021744426593183232,true
11.96875,2.5021766486910733,8.25142431792852e-5,0.058528947858047346,0.0897813723502976,-3.9272077981452034e-6,-1.3692680880223991e-5,0.01379846988077776,-0.0263905133625077,0.012592043481729938,3.297698554674373e-5,0.07762004779094127,1.0114361744056612,13.030604891275292,-6.294299469000805,0.5337802466419721,0.4708951582695799,3.072337506896653e-5,0.062220374185330524,0.020726799379512165,true
12.03125,2.5021766486910733,7.534809920458064e-5,0.056061111229749674,0.08571915347847464,-3.596604345912219e-6,-1.2586570875630762e-5,0.0134489771138358,-0.025733288187712176,0.012284311073876376,3.011302149430432e-5,0.07668946903460563,1.0117883436325021,13.19331528004111,-6.3660847116726735,0.5346239529228999,0.47147411764594904,2.805147726932225e-5,0.059287790527177156,0.019750476757946476,true
12.09375,2.5021766486910733,6.876551665823369e-5,0.053691116936472286,0.08182108222544845,-3.292082845817574e-6,-1.1561295303107969e-5,0.013104548766558146,-0.025088276605198617,0.011983727838640471,2.7482278956685963e-5,0.07576328419977556,1.0122111580219548,13.360180577084241,-6.438327576875161,0.5355417056165839,0.4721031968990549,2.5596915678546584e-5,0.05647333427465909,0.018813431597791013,true
12.15625,2.5021766486910733,6.272230705266064e-5,0.0514155908285501,0.07808137037120919,-3.0115345355127255e-6,-1.0611811135247454e-5,0.012765361072912151,-0.024455393344759168,0.011690032271847017,2.5067097914718226e-5,0.07484142530420024,1.0127049096968093,13.531341841507853,-6.511034341242601,0.5365380036294205,0.47278529999088414,2.3343195468620517e-5,0.053772834837124764,0.01791428108704778,true
12.21875,2.5021766486910733,5.71778786407634e-5,0.04923100852450389,0.07449507484895082,-2.753047946831185e-6,-9.73330090606612e-6,0.012431672598363867,-0.02383459843254298,0.011402925834179112,2.285125579390009e-5,0.07392424115690131,1.0132674262695744,13.706835679502667,-6.584207914929484,0.5376064173324238,0.4735158329928821,2.127525244664138e-5,0.05118341283839084,0.01705207219509057,true
12.28125,2.5021766486910733,5.20945187103148e-5,0.0471339176251704,0.07105738015976751,-2.5149589987558716e-6,-8.921174269376604e-6,0.012103651231999047,-0.023225810879505194,0.011122159647506147,2.0819680631887536e-5,0.07301212321959512,1.0138964356398474,13.886686086232542,-6.657847257750905,0.5387392031870157,0.4742893148764205,1.9379122437472204e-5,0.04870226666188395,0.016225877324666682,true
12.34375,2.5021766486910733,4.743687735474247e-5,0.04512109659991363,0.06776311451165384,-2.2958078460297834e-6,-8.17107482800985e-6,0.01178131899049191,-0.02262888598310089,0.01084756699260898,1.8958244766434626e-5,0.07210519233945839,1.0145915251799327,14.070991176383203,-6.7319489633263965,0.5399355734531512,0.4751050222319448,1.7641693741754218e-5,0.046325854908422254,0.015434521901469283,true
12.40625,2.5021766486910733,4.3171823880330085e-5,0.04318955341968346,0.06460681406079066,-2.0942545367338815e-6,-7.478876461400905e-6,0.011464616866532162,-0.022043649325742688,0.010579032459210526,1.7253707448238685e-5,0.0712032825639178,1.0153541857420647,14.259935064518986,-6.806509430557197,0.5412023597950836,0.4759674074644693,1.6050641841234818e-5,0.04404999429007585,0.014676617035074427,true
12.46875,2.5021766486910733,3.926851178967256e-5,0.041336421549205915,0.06158309921822831,-1.9090278775483747e-6,-6.84067482960071e-6,0.011153489942694793,-0.02146993859699502,0.010316448654300227,1.5693740811710685e-5,0.07030614694720091,1.0161864510447596,14.453735486427718,-6.881525584364319,0.5425487854914741,0.4768825057020532,1.4594476850895026e-5,0.04187048293308673,0.01395076726977711,true
12.53125,2.5021766486910733,3.5698354727869294e-5,0.03955888874521466,0.058686892886229594,-1.7389246791323894e-6,-6.2527778720251415e-6,0.010847908508598177,-0.020907611443218656,0.010059702934620478,1.42669202618223e-5,0.06941360544813507,1.017089934800636,14.652602011295784,-6.956994411710657,0.5439826069971944,0.47785530046937913,1.326255532483272e-5,0.03978346821865041,0.013255693195068597,true
12.59375,2.5021766486910733,3.2434845019871e-5,0.03785420605284348,0.05591333625439794,-1.582823380163243e-6,-5.711698402430709e-6,0.01054784378069356,-0.020356529148027946,0.009808685367334386,1.2962651952186573e-5,0.06852550512370614,1.0180661083891664,14.856747229389926,-7.032912646770265,0.5455110976033781,0.4788903921990006,1.2045012285092044e-5,0.03778532067137008,0.012590189436944699,true
12.65625,2.5021766486910733,2.945345219168911e-5,0.036219711547063105,0.05325765672485258,-1.4396863022078822e-6,-5.214147493222464e-6,0.010253258695360605,-0.019816542328286384,0.009563283632925778,1.177113222885229e-5,0.0676416334205668,1.0191170915264272,15.066417530014277,-7.1092740396088345,0.5471432354258626,0.4799934728668602,1.0932715518986201e-5,0.03587243159314196,0.011953057219834872,true
12.71875,2.5021766486910733,2.67318278512735e-5,0.034652814934191825,0.05071515909557134,-1.3085600887376887e-6,-4.757026838485951e-6,0.009964126352826319,-0.01928747363913655,0.00932334728631023,1.0683429511364566e-5,0.0667617131273778,1.0202465707389083,15.281911187514497,-7.18605630064866,0.5488896030553245,0.4811712397241448,9.917339231376046e-6,0.03404122117375506,0.011343107034080736,true
12.78125,2.5021766486910733,2.4250216908059466e-5,0.03315095032593417,0.04828122275101539,-1.1885838527431874e-6,-4.337420208944473e-6,0.009680454697482303,-0.018769059523879687,0.009088604826397385,9.691648637495328e-6,0.06588541902698186,1.0214615193025642,15.50360511305617,-7.263192490305955,0.5507612450448897,0.4824306065304895,8.991515174957643e-6,0.032288189678212925,0.010759175626360121,true
12.84375,2.5021766486910733,2.1991610675687332e-5,0.03171148723217021,0.0459511521574775,-1.078991811472154e-6,-3.952584239177049e-6,0.009402316821743292,-0.018260774044596487,0.008858457222853194,8.788992051057418e-6,0.06501232007106407,1.0227746499546213,15.732012775988313,-7.340537140094835,0.5527692838124394,0.48377843153462313,8.148885727912588e-6,0.030609818602668145,0.010200093023479299,true
12.90625,2.5021766486910733,1.9941147519484544e-5,0.030331571964704707,0.04371989856102625,-9.790939799556693e-7,-3.599937440130585e-6,0.009129911003500952,-0.017761310416556583,0.008631399413055631,7.969520269448626e-6,0.06414175760852549,1.0242057941039384,15.967847347666144,-7.417854197260425,0.5549242863727941,0.48522108135041897,7.383884141556909e-6,0.029002380413254265,0.009664619210540654,true
12.96875,2.5021766486910733,1.8084754204200806e-5,0.029007916958942913,0.041581730193324874,-8.882404918616398e-7,-3.277045977349521e-6,0.008863688872562142,-0.01726695332464987,0.008403264452087729,7.227608895503528e-6,0.06327269740350863,1.0257806258730253,16.212057774798506,-7.4948499682689045,0.5572339854295143,0.486762904270365,6.691246462110647e-6,0.027461752287556405,0.009151382269753297,true
13.03125,2.5021766486910733,1.6407527451122906e-5,0.027736128627262983,0.03952934755203419,-8.057782304728011e-7,-2.981603647481736e-6,0.008604553688665282,-0.016766053786852222,0.00816150009818694,6.5573018034941435e-6,0.06240340574510778,1.0275282417378317,16.465900049347653,-7.571249559551618,0.5596954689676112,0.4884010570392199,6.065441133652136e-6,0.025982993012303328,0.008658737607763672,true
13.09375,2.5021766486910733,1.4892460585208198e-5,0.026508778313050006,0.03755194431153623,-7.309583732508424e-7,-2.7114061963126102e-6,0.008353871040927816,-0.01621954077874887,0.007865669737821053,5.951802241060267e-6,0.06153096965180048,1.0294787520025608,16.731066612931834,-7.646901237865851,0.5622677191763878,0.490107426609188,5.50023137079243e-6,0.024559795189973994,0.00818458555570769,true
13.15625,2.5021766486910733,1.3520174402372726e-5,0.0253161886425586,0.03563795702732683,-6.62891616567548e-7,-2.4643452407647776e-6,0.008112749433646043,-0.015458408247476397,0.0073456588138303535,5.403365269772354e-6,0.06065283115463434,1.031643492758639,17.008991552735022,-7.7219232528039194,0.5648431591824793,0.4918102857248107,4.988586731880189e-6,0.023187195057566994,0.007727274719481219,true
13.21875,2.5021766486910733,1.2270836688018503e-5,0.024154316729593995,0.03378767749858371,-6.007733326122326e-7,-2.2384547367728692e-6,0.00788088172311594,-0.014580261738782869,0.006699380015666929,4.904064904625165e-6,0.059772593449537864,1.0339633828158228,17.29828543726702,-7.796827781575544,0.5672572980674843,0.49340138648659215,4.5233929169676715e-6,0.021869904134565958,0.007288378978799453,true
13.28125,2.5021766486910733,1.1129415068062008e-5,0.02302556348019085,0.03200449251540196,-5.440048936966215e-7,-2.0319707220569304e-6,0.007656980856317554,-0.013740153386196143,0.0060831725298785885,4.447893426662731e-6,0.05889243774754743,1.036396448365082,17.598124445243272,-7.872038743280323,0.5695016334721906,0.4948761447956704,4.0989951873896865e-6,0.02060969042857728,0.00686849032967397,true
13.34375,2.5021766486910733,1.0087493080001281e-5,0.021934275892043595,0.030293464965484324,-4.921453029012366e-7,-1.8432928179953174e-6,0.007439836546428592,-0.01293938087302988,0.005499544326601288,4.031487179483592e-6,0.058015076243890455,1.0389183085403255,17.90772977997652,-7.947618469401405,0.5716040322300376,0.49625376824827416,3.71208061364043e-6,0.01940849790026059,0.006468258328084826,true
13.40625,2.5021766486910733,9.138801691246953e-6,0.020884247646062833,0.028658655878893404,-4.4485048006980066e-7,-1.6709639070343254e-6,0.0072285313760535475,-0.012178768811616024,0.004950237435562476,3.652340731429813e-6,0.057143151216415694,1.0415141576390368,18.22640396037238,-8.02346095028187,0.5735975633697501,0.49755660170335897,3.360151253479021e-6,0.01826756059098721,0.0060880955042144375,true
13.46875,2.5021766486910733,8.276619227786587e-6,0.019877690580892393,0.027101861913623307,-4.018068055062251e-7,-1.513650492506347e-6,0.007022444130580636,-0.011458271475290457,0.004435827344709821,3.307767751775724e-6,0.056278686291826044,1.044171610748164,18.553588925898936,-8.099485245412362,0.5755098037217167,0.49880315321204843,3.040602174141351e-6,0.017186807173300924,0.00572797930428151,true
13.53125,2.5021766486910733,7.4936455320415784e-6,0.01891515190750344,0.025622613497141872,-3.627014079624745e-7,-1.370126987177076e-6,0.006821179172689287,-0.010777022964830142,0.003955843792140855,2.9948507176588105e-6,0.055422957812132655,1.0468793453526044,18.88891150308531,-8.175685176950315,0.5773584892796291,0.5000053390765672,2.7506630049550977e-6,0.016164936553946012,0.005387477318698988,true
13.59375,2.5021766486910733,6.782688993617319e-6,0.017995934256164102,0.024218805118207728,-3.272211871849533e-7,-1.2392642272238065e-6,0.0066244799276045955,-0.010133593270599976,0.0035091133429953807,2.710715487319989e-6,0.05457662542401913,1.0496284806527136,19.232198262495963,-8.25209539520335,0.5791520584763669,0.5011689272350268,2.4876275468581163e-6,0.015199802052454081,0.005065875237079157,true
13.65625,2.5021766486910733,6.1371308379001834e-6,0.01711863790221001,0.022887448255959925,-2.9506163057145955e-7,-1.1200209967689964e-6,0.006432161241163076,-0.009526269031490014,0.003094107790326938,2.4527168539881506e-6,0.05373995904240241,1.0524131628329918,19.5834381266016,-8.3287528524882,0.5808926645015517,0.5022955620547603,2.2490094390162127e-6,0.014288832409257624,0.004762317115479058,true
13.71875,2.5021766486910733,5.551025475409678e-6,0.016281591753620844,0.02162525035483081,-2.6593438278745716e-7,-1.0114371019368472e-6,0.006244070446881907,-0.00895326086669538,0.0027091904198134724,2.2184786507033803e-6,0.05291304291771294,1.0552297930226173,19.942716102410607,-8.405681897165913,0.5825794412563555,0.5033849198658996,2.032573453877469e-6,0.013429342594645241,0.0044759089682669334,true
13.78125,2.5021766486910733,5.019026647208711e-6,0.015483099284723821,0.020428937690404117,-2.3957094305285533e-7,-9.12627313316304e-7,0.006060071537381383,-0.008412815760045496,0.002352744222664113,2.0058642341795653e-6,0.052095904427781926,1.0580758598774513,20.310154348970208,-8.482896016042242,0.5842107537784772,0.5044361794030361,1.8363077260731391e-6,0.01261870224190034,0.004205774927630565,true
13.84375,2.5021766486910733,4.536290411926907e-6,0.014721533398448476,0.019295375557587247,-2.1572347537389435e-7,-8.22775745155558e-7,0.005880041652629009,-0.007903256911903866,0.002023215259274857,1.8129377133704407e-6,0.051288568498011534,1.0609491526047172,20.685879596071207,-8.560403619225692,0.5857852761070229,0.5054487189467255,1.6583887890713047e-6,0.011854395360410244,0.003951077165064786,true
13.90625,2.5021766486910733,4.098404883186799e-6,0.013995348988928551,0.01822158069344369,-1.9416418209330255e-7,-7.411305304323408e-7,0.0057038722960944185,-0.007422986251710179,0.0017191139556157605,1.6379358688886882e-6,0.05049106607736905,1.0638474819358092,21.070014253722476,-8.638211706519733,0.5873022559311178,0.5064222832617222,1.4971562683797238e-6,0.011134024103426045,0.003711017159052959,true
13.96875,2.5021766486910733,3.70134556970578e-6,0.013303064948863868,0.01720470789261449,-1.746841092112428e-7,-6.669987285141526e-7,0.005531472700659167,-0.006970486282412008,0.0014390135817528415,1.4792503045866128e-6,0.049703443776422294,1.0667685363552344,21.462668485383197,-8.716326892630256,0.5887607557026334,0.5073564938299615,1.351096831363931e-6,0.010455311502966906,0.0034848366141234832,true
14.03125,2.5021766486910733,3.341450124753246e-6,0.012643236633126477,0.0162420870899599,-1.5709158980811669e-7,-5.99740698316496e-7,0.0053627387940689605,-0.006544368826464211,0.001181630032395251,1.3354173561252e-6,0.04892586388082074,1.0697090108383138,21.863875790605032,-8.794755064720748,0.5901567525494312,0.5082489971755612,1.2188354431834445e-6,0.009816174750120239,0.0032718418929811154,true
14.09375,2.5021766486910733,3.015385317157492e-6,0.012014661694937794,0.015331343926465336,-1.4121100480144603e-7,-5.387636957214899e-7,0.005197188832927068,-0.00614326532890038,0.0009460764959733125,1.20510489086967e-6,0.048158420387642904,1.0726660978755533,22.273697709379014,-8.873503297755533,0.5915059285796769,0.5091100132799573,1.0991130271794017e-6,0.009214559351401596,0.003071348742688876,true
14.15625,2.5021766486910733,2.7192735035199085e-6,0.011413953117829157,0.01446427736893226,-1.2687876363339413e-7,-4.83564167035085e-7,0.005031031301940485,-0.0057614561764617505,0.0007304248745212657,1.0867632007286144e-6,0.04739211232173274,1.0757143456001035,22.698172605123787,-8.952663926847814,0.5930815439271865,0.5101136069879636,9.904010214768004e-7,0.008641864574005141,0.0028804908258065897,true
14.21875,2.5021766486910733,2.4494838854658506e-6,0.01087135605072711,0.013652470712321053,-1.1396766441547681e-7,-4.338299989673969e-7,0.004839765673332561,-0.005382353148124682,0.0005425874747921212,9.789412297278103e-7,0.046592370101674614,1.0791486781197228,23.161489225913755,-9.032623173319767,0.5979755813197811,0.5132176295902114,8.903843624108041e-7,0.008073099129535948,0.00269093830109942,true
14.28125,2.5021766486910733,2.179785359373343e-6,0.010470436256808175,0.012790863790227466,-1.023186425373513e-7,-3.902214407147111e-7,0.004501805699648839,-0.004818383748968518,0.00031657804931967907,8.711556638151915e-7,0.04531911750775172,1.0868363907762735,23.98185248400684,-9.116762018877704,0.627414708385088,0.5314690250165125,7.839999594713865e-7,0.00722615124132486,0.0024086548668747895,true
14.34375,2.5021766486910733,1.7984953175185564e-6,0.009933266889607092,0.010881340695292802,-9.1408443540431e-8,-3.5611124119569286e-7,0.0029723660650225517,-0.0029723660650225517,0.0,7.187723210746838e-7,0.04013974608884716,1.130389114472322,28.161341927033284,-9.208102231378453,0.8501591760055742,0.6477188225154282,5.927264496022461e-7,0.004447376763857174,0.0014824193542829444,true
14.40625,2.5021766486910733,9.878906118082929e-7,0.005405718932920585,0.005405718932974642,-7.738147939914597e-8,-3.341613186898031e-7,5.996309645048784e-5,-5.996309645048784e-5,0.0,3.948124974809726e-7,0.015017230405844436,1.3550384934750936,90.23225034542568,-9.653012080609082,5.49711989041376,0.9838534108465553,8.428784369310109e-8,8.728392274293203e-5,2.9087454600061955e-5,true
14.46875,2.5021766486910733,1.0332167614829744e-6,0.010591741473802154,0.01059174147390807,-6.820308121407475e-8,-3.1346613401849e-7,3.015829092736228e-5,-3.015829092736228e-5,0.0,4.1292718562594923e-7,0.012687975864332107,1.372526840607683,108.17539813155473,-10.046768748249605,10.875931322453013,0.9957995673141063,4.4026025748355e-8,4.448989719301428e-5,1.4832737280335953e-5,true
14.53125,2.5021766486910733,9.78257490663083e-7,0.010181610576223134,0.01018161057632495,-6.066489332516874e-8,-2.9362667538409294e-7,3.294257469181157e-5,-3.294257469181157e-5,0.0,3.9096260097176766e-7,0.012973850656122108,1.369226323243055,105.53738897841743,-10.079788971151398,10.194941572620445,0.9952238228936259,4.405930880622604e-8,4.8629175820131984e-5,1.621360339234449e-5,true
14.59375,2.5021766486910733,2.3785122861381096e-6,0.020009782231625244,0.021590156283226664,-5.632528546144033e-8,-2.6894192911098083e-7,0.0003957290413920669,-0.0002445634314769008,-0.0001511656099151661,9.505772853336896e-7,0.04038095907382584,1.1228050400479446,27.805308883208895,-9.340911375147252,1.6227627923269545,0.8513357695651426,5.238494942009993e-7,0.004555112930796221,0.0015183675270713398,true
14.65625,2.5021766486910733,1.5876590659321948e-6,0.005190670961248864,0.008423894792710622,-5.070225591976492e-8,-2.3276903931056605e-7,0.0008553885566675045,-0.0005754714888860334,-0.00027991706778147116,6.345111831983259e-7,0.04332869051797779,1.0952602122866257,25.27794399491912,-9.3411497756998,0.5176239708491848,0.45969095407391924,5.841948123741013e-7,0.006037790412281094,0.0020126027290530645,true
14.71875,2.5021766486910733,1.0641221710786442e-6,0.004977547645256035,0.0061237388872909795,-4.664790433252088e-8,-2.103330281113809e-7,0.0006162406914293666,-0.0005219203264668791,-9.432036496248748e-5,4.252785955920829e-7,0.03610185430056113,1.15424042343942,31.971776680221094,-9.577335659326673,0.8454020440181363,0.645607601254926,3.4777106414795854e-7,0.0029101962922515167,0.0009700960584860433,true
14.78125,2.5021766486910733,5.30814899655363e-7,0.005190665451083567,0.005191581285317373,-3.9733320205767793e-8,-1.9539981281299156e-7,5.292872486093999e-5,-5.292872486093999e-5,0.0,2.1214125706633875e-7,0.014697154638098928,1.3489552786439614,91.78343100147501,-10.277140376851625,5.661952394150128,0.9847587857449807,4.370212453923901e-8,8.002787849991814e-5,2.668731033000061e-5,true
14.84375,2.5021766486910733,9.77784564653228e-7,0.006439437333981281,0.007572666938142636,-3.596592030791893e-8,-1.750785247373759e-7,0.00034211355249424936,-0.00023909338910946612,-0.00010302016338478324,3.907735951275551e-7,0.03608454427084552,1.1475191934282787,31.80085038112608,-9.768193382907926,1.0524190441370527,0.7249299818709126,2.8713318434692417e-7,0.0029045257869088786,0.0009682349539856672,true
14.90625,2.5021766486910733,9.104439686716067e-7,0.005013838789735586,0.006597260778563092,-3.400866240884426e-8,-1.5306779269978846e-7,0.0004856373658235041,-0.00042482288618154193,-6.081447964196218e-5,3.638607886249254e-7,0.03795994971742352,1.128610439828173,29.731610506063017,-9.783721078043472,0.7625747502123168,0.6063802429185806,3.0573117774763136e-7,0.0035569679953170196,0.0011857281269250486,true
14.96875,2.5021766486910733,6.130121923054461e-7,0.0049935884867749435,0.005457856978368833,-3.0410096445137807e-8,-1.3711692840297034e-7,0.0006264333424656373,-0.000592661342780269,-3.377199968536827e-5,2.449915726877725e-7,0.031610707633323694,1.182379090195098,37.40438537189359,-10.047889895070533,1.1353379787928597,0.7504175763329617,1.7701399786685054e-7,0.001710580408919063,0.000570259811280642,true
15.03125,2.5021766486910733,7.022418298645079e-7,0.005102354612723215,0.006251140152853055,-2.645961783137242e-8,-1.2031671223576484e-7,0.0008603918181270829,-0.0008169841405945952,-4.340767753248766e-5,2.8065237929219e-7,0.0365222742846513,1.1346794238690934,31.068148030035164,-10.002678729249748,0.8065322645165963,0.6277904891914377,2.313846464038504e-7,0.003047930454636061,0.0010160682940435685,true
15.09375,2.5021766486910733,6.533879938315224e-7,0.005083166779085206,0.006068568793545597,-2.4645036290766186e-8,-1.0607289947339293e-7,0.000786624704680891,-0.0008636341216189032,7.700941693801217e-5,2.6112784410058323e-7,0.035572070578379085,1.142128067477816,32.10743847371112,-10.060475162210563,0.8650858947116032,0.6542475577901904,2.0968011782505997e-7,0.002742919343177067,0.0009143978683561582,true
15.15625,2.5021766486910733,3.558840942346029e-7,0.004917386124737973,0.004922765657802331,-2.1689039096609725e-8,-9.739695528231288e-8,7.342714864703492e-5,-7.342714864703492e-5,0.0,1.4222980396718645e-7,0.016330534719320233,1.3260974876721685,81.20355582131043,-10.64891721653743,4.511049997218324,0.9762994692689647,3.5364720166945015e-8,0.000121924194030101,4.066460064913592e-5,true
15.21875,2.5021766486910733,5.653462888531745e-7,0.005879756069035236,0.006510699617518738,-1.9672591239033342e-8,-8.728416669133172e-8,0.00018855685797457798,-0.000141301529237648,-4.725532873692999e-5,2.259417971744384e-7,0.03186988202897464,1.1725496224211567,36.79177793488938,-10.274602751310482,1.3652226757401293,0.8067326833702612,1.4289090332561595e-7,0.0017673082263897134,0.0005891881421921356,true
15.28125,2.5021766486910733,4.885067145754695e-7,0.003877951982071505,0.004855712661636241,-1.821482373371491e-8,-7.626695278843774e-8,0.0002857786730023238,-0.0002661314341335223,-1.96472388688015e-5,1.9523270462579644e-7,0.034084496296033606,1.1493441398284772,33.720437874337186,-10.28784046347572,0.8689698333297607,0.6559227684220188,1.5638543447987243e-7,0.002312075662181981,0.0007707931501862301,true
15.34375,2.5021766486910733,3.0245829859021827e-7,0.0038022674666362425,0.004013908492022082,-1.6026249692323604e-8,-6.862243218669424e-8,0.0003292994394338091,-0.00032950144997911105,2.020105453019727e-7,1.208780757939048e-7,0.02692465138899354,1.2136564420242992,45.07603179294744,-10.634995931377386,1.4266342346732348,0.8188660891790595,7.691475697911451e-8,0.0009003606016663223,0.0003001931196292355,true
15.40625,2.5021766486910733,3.690587396563466e-7,0.0043285454261379665,0.004834246610669206,-1.43571130076668e-8,-6.119838056257895e-8,0.0003671143877780309,-0.00035167233939199967,-1.5442048386031244e-5,1.4749507787525987e-7,0.030887959804276846,1.1741786699877457,38.01412192414097,-10.548489834771802,1.1570366439041193,0.7565832423044948,1.0354950959893842e-7,0.0015593416776995134,0.0005198755896413096,true
15.46875,2.5021766486910733,3.616768089055373e-7,0.003809651280357486,0.004484742516284687,-1.2792024220425947e-8,-5.378242985918524e-8,0.0004287390878443824,-0.0003836134752840444,-4.512561256033798e-5,1.4454487419772538e-7,0.032289992685013,1.1594953975987474,35.90881574082588,-10.545205312458728,0.9490090685354053,0.6883715600825796,1.1123407972875039e-7,0.0018622869246489677,0.0006208671710058686,true
15.53125,2.5021766486910733,3.2974829957772223e-7,0.003095834627990181,0.003996117776667741,-1.1184569932760783e-8,-4.620466010438415e-8,0.0005323965340350776,-0.00049369308009487,-3.870345394020765e-5,1.317845803373709e-7,0.033553891471597666,1.144348774820362,34.1048005054501,-10.599403216186884,0.7296281933412981,0.5894155458631826,1.1178504368381114e-7,0.0021713847195155966,0.0007239122387142739,true
15.59375,2.5021766486910733,2.629248177551503e-7,0.0030412669173603543,0.003550462470431859,-1.0298941451643372e-8,-4.032066406728645e-8,0.0005329038438367279,-0.0005744357291269544,4.1531885290226576e-5,1.0507843956288628e-7,0.030782073653688156,1.1689785317379175,37.975951356930636,-10.75370918756869,0.8825495108534441,0.66170449902399,8.389364688012697e-8,0.0015380424692187688,0.0005127843871596971,true
15.65625,2.5021766486910733,1.3216343082237252e-7,0.003055281382460336,0.0030552813824908888,-8.915184987621347e-9,-3.678904863374358e-8,1.764383843879169e-5,-1.764383843879169e-5,0.0,5.281938463118071e-8,0.011105902300451956,1.3717800500257942,123.51810892213318,-11.545207809813697,7.602059619342827,0.9914588663272961,8.041477448632879e-9,2.609556672589385e-5,8.713323094573276e-6,true
15.71875,2.5021766486910733,2.3345089565873348e-7,0.0044525325321827566,0.004673630920905208,-8.303393849286405e-9,-3.313739212949086e-8,7.069503252693271e-5,-5.113910196243216e-5,-1.955593056450055e-5,9.329912649486806e-8,0.025169205046534072,1.2213688637796858,48.52631863110331,-11.070319293166676,2.0091754485829316,0.8952433706674068,4.4884217719066326e-8,0.0006875306887876543,0.00022925144920640157,true
15.78125,2.5021766486910733,2.153532136289652e-7,0.002555227354657994,0.0033642305787207312,-7.511311845641603e-9,-2.845235667491182e-8,0.00024344462458716562,-0.0001719943762933285,-7.145024829383713e-5,8.606635096751453e-8,0.03208011791519331,1.1480976691958236,35.78844916439907,-10.969483707462112,0.7629676617426221,0.606577739335418,7.204711491004574e-8,0.0018142865464589176,0.0006048839585456454,true
15.84375,2.5021766486910733,1.8619349794811858e-7,0.002171618776267378,0.002862469034244928,-6.891355069928594e-9,-2.4295935271414023e-8,0.0003053962979394733,-0.00026004112949499364,-4.535516844447968e-5,7.44126111341976e-8,0.0310234927697948,1.1573678752060013,37.30617580019364,-11.044279486402427,0.7258463335405655,0.587416428301692,6.349705955129866e-8,0.0015868244890610774,0.0005290572315491347,true
15.90625,2.5021766486910733,1.4579977637880947e-7,0.002013824987052806,0.002404042962542776,-6.186896923203848e-9,-2.1031854750586413e-8,0.00031040846506934076,-0.0003274326794605279,1.7024214391187127e-5,5.826917793956696e-8,0.02821587372498511,1.184066579459329,41.964554810537024,-11.197010010039577,0.8658787358536345,0.6545903092188909,4.7112201203486517e-8,0.001085812641833992,0.0003620358435477662,true
15.96875,2.5021766486910733,7.044697637131536e-8,0.002029647034795479,0.002029647034815775,-5.214366047716018e-9,-1.9086592137019457e-8,1.2218195212995341e-5,-1.2218195212995341e-5,0.0,2.8154277759792555e-8,0.010131402620583084,1.3784147792411356,136.05369669553266,-12.000828050387643,7.442828313251538,0.9910944200949904,4.437218203658945e-9,1.8075183867647147e-5,6.038491612511251e-6,true
16.03125,2.5021766486910733,1.3102069939926779e-7,0.003322426307299551,0.0034663388874001063,-4.830352366968664e-9,-1.7100785637417707e-8,4.7429814709370154e-5,-3.414688415706471e-5,-1.3282930552305445e-5,5.236268968771917e-8,0.022698724559684358,1.2380618250053688,54.543233112062794,-11.539775034755243,2.1460456944356805,0.9064238345296718,2.396567218631221e-8,0.0004548124939955114,0.00015167088728872718,true
16.09375,2.5021766486910733,1.1933311618448878e-7,0.001804011441222548,0.002395238747500356,-4.381724927791658e-9,-1.4488945319230257e-8,0.00014048281778006072,-0.00010415926937478652,-3.6323548405274206e-5,4.769172322302414e-8,0.029509595163540916,1.1627140266317926,39.40121916915773,-11.429705202629279,0.7651059490332867,0.607650580239732,3.99915960083631e-8,0.0012990301484934977,0.0004331232019191704,true
16.15625,2.5021766486910733,8.648859064479648e-8,0.0015147268674920423,0.0017538236345823013,-3.896053934257442e-9,-1.2562141482174656e-8,0.00016771218704660548,-0.00014294054648507102,-2.4771640561534463e-5,3.456534161568488e-8,0.02516420006475327,1.2081575783505631,48.01096697855271,-11.597524296359877,0.9921924939425548,0.7043301840413205,2.648495323511397e-8,0.0006869557849931732,0.0002290687490535685,true
16.21875,2.5021766486910733,7.865610337207785e-8,0.001525797463049567,0.0017681202426895375,-3.4071927227086453e-9,-1.0837584763727185e-8,0.00022864661629180203,-0.00020911426849239497,-1.953234779940706e-5,3.1435072105410325e-8,0.025538049285614352,1.2014753017709214,47.046479092187965,-11.689408806851912,0.9305765041338221,0.6812389146058128,2.471159147929134e-8,0.0007286876361866713,0.00024298312106923675,true
16.28125,2.5021766486910733,7.43907565248169e-8,0.0015568154341847693,0.0018230339644825437,-3.0801420172154094e-9,-9.29809244162638e-9,0.00024073229577869723,-0.0002555675595359528,1.4835263757255555e-5,2.973041754015722e-8,0.025977056041350238,1.1944750830179767,45.98192655536536,-11.761337254525271,0.9023332807617425,0.6699212503771553,2.36047918088488e-8,0.0007800902227826676,0.0002601213040914859,true
16.34375,2.5021766486910733,3.9300818314233266e-8,0.001548992651718427,0.00155003411199039,-2.6521938108580017e-9,-8.356822258893572e-9,1.4801994457600817e-5,-1.4801994457600817e-5,0.0,1.5706652180129697e-8,0.01096447808382868,1.3635052430575172,124.35660253346009,-12.448814790719185,5.645398406848214,0.9846713188728041,3.1950619502324114e-9,2.478547469852848e-5,8.278546891186211e-6,true
16.40625,2.5021766486910733,6.313780212686456e-8,0.002067726755579494,0.0021588994252106854,-2.4442394648621882e-9,-7.391133257682718e-9,2.9337429152666143e-5,-2.2282093351374036e-5,-7.055335801292107e-6,2.5233151368386762e-8,0.02022884856869399,1.2555395812916035,62.06678432674942,-12.08474213834996,2.1317954657993443,0.9053412474187928,1.165590993638136e-8,0.0002869011049931982,9.569028689145876e-5,true
16.46875,2.5021766486910733,5.7413589068257335e-8,0.0013166501987344637,0.0016430686830377597,-2.2205792528136796e-9,-6.246001183072135e-9,6.319259328116649e-5,-5.1304172839816524e-5,-1.1888420441349967e-5,2.2945457946900456e-8,0.025792718499698667,1.1900695091807,46.13974712260763,-12.0162010384024,0.9076246664914509,0.67207813093101,1.809575295984978e-8,0.0007581768787387238,0.0002528180861305552,true
16.53125,2.5021766486910733,3.899698986937567e-8,0.0011696999921504683,0.0012936571756560116,-1.9558071059581828e-9,-5.4063370074873416e-9,7.368213146559972e-5,-6.779953218111866e-5,-5.882599284481058e-6,1.5585226522586082e-8,0.021663809228700606,1.2339567746168387,56.95936303676781,-12.280537673434752,1.260285181127075,0.7833574021102622,1.0639640521416173e-8,0.0003773640285568078,0.00012585425190197913,true
16.59375,2.5021766486910733,4.0158435658896035e-8,0.0012469345861297423,0.0013889710204178362,-1.739710946468638e-9,-4.655520587654668e-9,9.806338915865228e-5,-9.168069776669958e-5,-6.382691391952703e-6,1.60494007007473e-8,0.022468469213933365,1.2240124814414948,54.47689692551232,-12.28332539839239,1.1831795770243994,0.7637528310094277,1.1217722873059256e-8,0.00043662120017770313,0.00014561177014205326,true
16.65625,2.5021766486910733,4.1335916090140624e-8,0.001198036912176622,0.0014394912771428067,-1.5858810768199029e-9,-3.927470032719179e-9,0.0001077607780791187,-0.00010571451627522363,-2.0462618038950646e-6,1.651998315617088e-8,0.024541330469722056,1.1985927302524324,48.8397616311471,-12.281618965990036,0.9346897033048478,0.6828476554483545,1.2859987452656864e-8,0.0006214145812457551,0.00020722360854601518,true
16.71875,2.5021766486910733,2.8874618930422563e-8,0.0010550346325251775,0.0011552245201174758,-1.3932642139892118e-9,-3.3689447674811388e-9,0.00010570115022457284,-0.00010689149754929686,1.190347324724029e-6,1.1539800335650689e-8,0.021207937512386272,1.2344542770433526,58.20718192527598,-12.52105362916871,1.1932908726885172,0.7664522574723254,8.097923143638612e-9,0.0003465908443071123,0.00011559479048858799,true
16.78125,2.5021766486910733,2.8894600736033826e-8,0.0010774034697985484,0.0012033308126858538,-1.227348879352365e-9,-2.864621534027904e-9,0.0001156244470918472,-0.00011178685474849562,-3.837592343351585e-6,1.1547786105009426e-8,0.02205002651453051,1.223316047927569,55.479119134910306,-12.548009948654798,1.1034333296914893,0.7409824254779896,8.36533422347705e-9,0.000404993800834081,0.00013506786076937974,true
16.84375,2.5021766486910733,3.0907147769314224e-8,0.000984152909833537,0.0012698332551138282,-1.073981439305516e-9,-2.3373956693789898e-9,0.0001359479654986633,-0.00012211186556821145,-1.383609993045186e-5,1.2352104630775058e-8,0.02506415841346378,1.1859630421663547,47.3170901094085,-12.529323851741745,0.7565158689353224,0.6033205100568083,1.0367532192293165e-8,0.0006760736195841675,0.00022544845519679443,true
16.90625,2.5021766486910733,2.7320601652173347e-8,0.0009096202889795395,0.001155281415115601,-9.683237365630767e-10,-1.8970109145693097e-9,0.00013291945043556136,-0.00012180240191325491,-1.1117048522306448e-5,1.0918734161501016e-8,0.024319415357515976,1.1932710767658474,49.066602104686865,-12.612512214005886,0.7724121682672511,0.6112913472356104,9.109602905503076e-9,0.0005992384032003097,0.00019983172760497492,true
16.96875,2.5021766486910733,1.9348391154992595e-8,0.0007135156486806774,0.0008481078949454694,-8.400606148670037e-10,-1.5422129473277127e-9,0.00014036613951205756,-0.000130509301636755,-9.856837875302568e-6,7.732623979651489e-9,0.021890810628704124,1.2195970457908405,55.71274022130798,-12.8091626648802,0.8268873567648051,0.6372480109020666,6.3717690745178334e-9,0.000393421467114824,0.000131210325831038,true
17.03125,2.5021766486910733,1.698482197912501e-8,0.0006694445223351731,0.0008188682170631372,-7.278720728593668e-10,-1.2465357581021295e-9,0.00013104965953654728,-0.00013819723808016914,7.147578543621855e-6,6.788018738808881e-9,0.022062888339794896,1.2146563647372348,55.054276939178244,-12.93319491392657,0.7836761192492038,0.6168291675568043,5.696214686743897e-9,0.0004059353096351026,0.0001353830891135954,true
17.09375,2.5021766486910733,9.144089810617218e-9,0.0006747369538774404,0.0006747369538841878,-6.217296850879262e-10,-1.0769939172709886e-9,1.2283449102690452e-5,-1.2283449102690452e-5,0.0,3.6544541391194867e-9,0.010083164448825815,1.3637359435749339,135.2488051242426,-13.514017064447865,4.27587039290994,0.9737253366834938,9.700766465448362e-10,1.7728486298612192e-5,5.924493437164535e-6,true
17.15625,2.5021766486910733,1.3083992345214782e-8,0.0006948427938413979,0.0007856969935470145,-5.567148432444243e-10,-8.852530652355549e-10,4.122901802240347e-5,-4.2683350705466523e-5,1.4543326830630538e-6,5.229044221182072e-9,0.01967234928237707,1.240337197091047,63.049775056717245,-13.199379452944378,1.1746991754736382,0.7614574728001632,3.6643320816695905e-9,0.00025660379117502924,8.559171713204124e-5,true
17.21875,2.5021766486910733,8.602553009120833e-9,0.0006527713227855023,0.0006731632913630266,-4.850116939536014e-10,-7.502713123990723e-10,4.819514244192094e-5,-5.1060495723405686e-5,2.8653532814847484e-6,3.4380278521186582e-9,0.015967886525603162,1.284342758321731,80.43285855409829,-13.5056847587488,1.6896294431018366,0.8605732833635154,1.9636660482407983e-9,0.00011140573214528828,3.717309463825213e-5,true
17.28125,2.5021766486910733,1.2200576006937695e-8,0.0008583389780980378,0.0009435525201449474,-4.4337873468491235e-10,-6.210071595396234e-10,5.268939289971517e-5,-4.751170673652171e-5,-5.177686163193465e-6,4.8759850801581104e-9,0.019814665817064557,1.2355190515152887,62.353766796876755,-13.347737020976556,1.2954120624160232,0.7915806278474522,3.1940079282279644e-9,0.0002641080129564665,8.80942107551221e-5,true
17.34375,2.5021766486910733,1.1280129342635794e-8,0.0005557728118857774,0.00074314720063087,-3.8975579449880914e-10,-4.787215071597406e-10,6.959498055899736e-5,-5.437029896066968e-5,-1.522468159832768e-5,4.508126693827393e-9,0.02223618261404301,1.2034140032464309,54.11963123951088,-13.337990692982688,0.7185581896742522,0.5835333354983826,3.845698847261803e-9,0.0004188352379326637,0.00013968513945416587,true
17.40625,2.5021766486910733,8.69154250064542e-9,0.000469589436408343,0.0006006365671273573,-3.436528799504272e-10,-3.8344559127813545e-10,6.936134427044535e-5,-6.242644360244066e-5,-6.934900668004694e-6,3.4735926838707004e-9,0.020728286286303074,1.2201106565658364,58.86210947269994,-13.502772953261944,0.7609057588381661,0.6055400747772836,2.9299420685818115e-9,0.00031628134469284156,0.0001054910911606873,true
17.46875,2.5021766486910733,5.417061697373853e-9,0.00042689136652590006,0.0004636366255957088,-2.907139894336155e-10,-3.1670522551294417e-10,8.167947867285963e-5,-7.74711007617395e-5,-4.20837791112012e-6,2.1649397536371385e-9,0.01745598017940439,1.2589729489924104,72.12273020782997,-13.807706501177615,1.0180325811749111,0.7133968110894316,1.6624376048648233e-9,0.00015909368955237951,5.307680193510675e-5,true
17.53125,2.5021766486910733,6.202921475069808e-9,0.0004306276182914427,0.0005428680887871074,-2.510082317638445e-10,-2.505047162907061e-10,0.00010373268353979168,-9.886973243717348e-5,-4.862951102618194e-6,2.4790102162909443e-9,0.020350043946968027,1.2194037905293966,59.92143278447695,-13.788481744896167,0.708911805342814,0.5783315465551735,2.1408077365130003e-9,0.0002938225523117658,9.800284774359496e-5,true
17.59375,2.5021766486910733,5.4825053562122295e-9,0.00042639185453846097,0.0005145925748510523,-2.2143362214664275e-10,-2.058625941651287e-10,0.00011479323021468702,-0.00011279416119191082,-1.999069022776202e-6,2.191094445342303e-9,0.019752390772092267,1.2258350809935192,62.06008655547031,-13.880087842016701,0.7406973916114736,0.5952050577872415,1.8666159662055074e-9,0.00026080198643225577,8.699247749328495e-5,true
17.65625,2.5021766486910733,4.6249057006089e-9,0.0004027802473207038,0.00048265938970407356,-1.929986171086349e-10,-1.738343523497899e-10,0.0001255017578561013,-0.0001261358324225313,6.34074566429997e-7,1.8483529941933789e-9,0.019501852430405534,1.2266020462253802,62.896694075736754,-14.01907612367953,0.7176416420112587,0.5830421458872065,1.5931005404858174e-9,0.0002478215299860741,8.266429535904302e-5,true
17.71875,2.5021766486910733,3.891577471105178e-9,0.0003868382586772398,0.0004413523822161507,-1.6844441025222315e-10,-1.656803535681026e-10,0.00011718731249897097,-0.00012819977439766487,1.1012461898693903e-5,1.5552768718950844e-9,0.018537223015218585,1.2378551932186446,66.77673307390202,-14.141536009257765,0.7859228997795673,0.6179229600631334,1.3046549644047928e-9,0.00020231614035796382,6.749038678856588e-5,true
17.78125,2.5021766486910733,1.9438943742229678e-9,0.0003699370720947796,0.00036993707209847897,-1.4223348743439063e-10,-1.535753087905819e-10,3.7429910384507197e-6,-3.7429910384507197e-6,0.0,7.768813505792441e-10,0.007524178967860367,1.3879708741513563,184.46808350520274,-14.889215996479829,5.73302298522227,0.985125988544084,1.5757128488571103e-10,5.5024482520068095e-6,1.8426899807072105e-6,true
17.84375,2.5021766486910733,3.311001130424718e-9,0.00038030421971588517,0.0004512041556699295,-1.2800332753143179e-10,-1.2972997142308214e-10,2.470658799188228e-5,-1.8928135561912477e-5,-5.778452429969802e-6,1.3232483534512854e-9,0.018043736498813582,1.2407287491791497,68.76229595021688,-14.369044395981843,1.0049815052480389,0.7088614454545955,9.973511257393688e-10,0.00018162115772754096,6.058946159906132e-5,true
17.90625,2.5021766486910733,3.0573205756256386e-9,0.00032252799352458343,0.0003981078181339607,-1.155021804731815e-10,-1.3000298842264727e-10,3.2194831538358946e-5,-3.279415268337691e-5,5.993211450179667e-7,1.2218644024293688e-9,0.018175065945903145,1.2383370085911425,68.13383853885146,-14.396811114065816,0.8660113806177151,0.6546476132062697,9.808077031968826e-10,0.00018696563701739566,6.237168702320763e-5,true
17.96875,2.5021766486910733,1.5504564602341655e-9,0.0002960860489239571,0.0003023631226673868,-9.773129711376021e-11,-1.2860688540503613e-10,2.555551945230959e-5,-2.632365694746277e-5,7.681374951531788e-7,6.196430859688636e-10,0.012888871935938264,1.3081604628969354,101.49534182656971,-14.884121593927476,1.69620173211334,0.8614379161970924,3.5745042452669953e-10,4.730337472836411e-5,1.57929055688405e-5,true
18.03125,2.5021766486910733,2.4768479001172577e-9,0.0003751251747702091,0.00044135470889158836,-8.730933333451883e-11,-1.1585314755400825e-10,2.8849032584189315e-5,-2.307674193805008e-5,-5.772290646139234e-6,9.898773139829815e-10,0.017881159614190085,1.2380015806447786,69.23497174435647,-14.652205170592255,1.0071013285222357,0.7096041553993727,7.411216795382051e-10,0.00017516432713338882,5.843642135132454e-5,true
18.09375,2.5021766486910733,2.0266431631083594e-9,0.00021592130048017063,0.000300544822791657,-7.57597687680165e-11,-1.122762803554812e-10,4.047790034049023e-5,-3.230600333625479e-5,-8.171897004235443e-6,8.099520727957106e-10,0.01812121002399601,1.2335406817459198,68.07165085071426,-14.704278461605831,0.6353042161815581,0.5362388645724886,7.179437317866985e-10,0.0001847594787209516,6.163613239201138e-5,true
18.15625,2.5021766486910733,1.6347930980521965e-9,0.00021488709466850812,0.00028264484525926446,-6.57808425000361e-11,-1.2229989568896031e-10,4.988198997013587e-5,-4.55943599937027e-5,-4.28762997643317e-6,6.53348395249145e-10,0.017571145868769015,1.2385142823688156,70.48568668308383,-14.881540429070686,0.6676026721116699,0.55523901865528,5.737606574155251e-10,0.00016333123625520457,5.449046662924977e-5,true
18.21875,2.5021766486910733,1.2027662419463603e-9,0.00020160735312001947,0.0002378879971640339,-5.566969283763866e-11,-1.3083707299492436e-10,6.187454035737663e-5,-5.975772047898427e-5,-2.116819878392355e-6,4.806879812324783e-10,0.016200716316582885,1.2555887225798623,77.50204978866611,-15.08644881152328,0.7392427218690546,0.594449452418325,4.131480851737889e-10,0.00011804261649925813,3.9387292755142056e-5,true
18.28125,2.5021766486910733,1.1180507328498842e-9,0.00019922697743554837,0.0002510019630080835,-4.712301627542972e-11,-1.402998057385816e-10,7.147352298676095e-5,-7.097234891165496e-5,-5.01174075105988e-7,4.4683125527318524e-10,0.01702232546633309,1.2412809831503677,72.92076429894284,-15.198805672076302,0.6378410038379659,0.5377617441722331,3.9808691785058736e-10,0.00014386536783892275,4.799903968012648e-5,true
18.34375,2.5021766486910733,9.358352326388182e-10,0.0002012568830559364,0.00023653828967365063,-4.096287546271253e-11,-1.5153026114041914e-10,7.502563917141069e-5,-7.616155253460422e-5,1.1359133631935308e-6,3.740084590463938e-10,0.016318217429130526,1.2497760067775083,76.58777756855146,-15.334027402760512,0.6965872623995664,0.571581435358328,3.2610283615870406e-10,0.00012150359158102801,4.054157566904054e-5,true
18.40625,2.5021766486910733,8.052157991875603e-10,0.00019635505219315117,0.00022450145695748753,-3.52063622796035e-11,-1.5988781542113155e-10,7.260544975251218e-5,-7.260544975251218e-5,0.0,3.218061361130442e-10,0.015876338508680612,1.254614425977898,79.02416702011737,-15.456055808329737,0.7286226157301092,0.5888850433584537,2.7684548259851077e-10,0.000108870903533873,3.632853805626168e-5,true
18.46875,2.5021766486910733,7.318122080820363e-10,0.00018586990324533914,0.00021956831334744061,-3.067680434408984e-11,-1.7778447041022992e-10,6.712205557745358e-5,-7.061733532403468e-5,3.495279746581104e-6,2.9247024124570036e-10,0.0160276035123929,1.250672407893907,78.0324024690815,-15.556136755773078,0.6990256739447562,0.5729262724055497,2.541156704948386e-10,0.0001130785625289306,3.773183695901379e-5,true
18.53125,2.5021766486910733,4.809350049986626e-10,0.00018587449487450248,0.00018587449487636123,-2.6893724156808772e-11,-1.795184039898934e-10,8.250576758779917e-6,-8.250576758779917e-6,0.0,1.9220665545346172e-10,0.00900836249854847,1.3566945187234107,150.60389931488845,-15.90805002570448,2.7357337863071933,0.9392200995823702,7.465939642576273e-11,1.129743385937129e-5,3.7781285937705757e-6,true
18.59375,2.5021766486910733,6.271467827419255e-10,0.00016297423625180499,0.00021126298570050937,-2.3173785996899508e-11,-1.7591565490003742e-10,4.004545042538357e-5,-3.712940099411574e-5,-2.9160494312678326e-6,2.5064049057847117e-10,0.01627122465672025,1.2440536306975805,76.45728314517301,-15.730000335082954,0.6747112602905234,0.5593084104533516,2.1851525927246207e-10,0.0001201102038171298,4.007693285432602e-5,true
18.65625,2.5021766486910733,4.955860950381463e-10,0.0001480123313074058,0.00018291695477469874,-1.996384532270818e-11,-1.8848867240341846e-10,5.1923424883857654e-5,-5.10156226144833e-5,-9.078022693743569e-7,1.9806199346372884e-10,0.015595662363447576,1.2521750275780106,80.28995488596901,-15.8906346294615,0.6601157180149443,0.5509094775122555,1.7447438955118533e-10,0.00010137561893518702,3.3828815420397026e-5,true
18.71875,2.5021766486910733,4.084243578529297e-10,0.00013871446756937735,0.00017094846435469524,-1.7136271457835432e-11,-2.0082409664353413e-10,5.643729527415341e-5,-5.708785735954937e-5,6.505620853959572e-7,1.6322762746050832e-10,0.015418914269816867,1.2524751362525763,81.22978793029193,-16.053326415593563,0.6317843846137776,0.5341171401790753,1.4573220355613623e-10,9.685872302337012e-5,3.232236304711402e-5,true
18.78125,2.5021766486910733,3.2966412895595183e-10,0.00013683854111931013,0.00015607130905682544,-1.4823416011332757e-11,-2.0944383073970373e-10,5.010082009929922e-5,-5.010082009929922e-5,0.0,1.317509413767426e-10,0.014468123474023199,1.2654916912088139,87.46757611523995,-16.208619536060375,0.7341132515830044,0.591772421773,1.1327632854813645e-10,7.509403418744749e-5,2.506315661840319e-5,true
18.84375,2.5021766486910733,2.996619550896205e-10,0.00013123152338910467,0.0001566207840633938,-1.262709468180725e-11,-2.1480305910932635e-10,5.2976413979588005e-5,-5.2899847587861614e-5,-7.656639172639088e-8,1.197605114116856e-10,0.014886672769314128,1.2570275421903925,84.439791326743,-16.32147502499324,0.6622047402508384,0.5521220222586779,1.056646716655374e-10,8.416503035368158e-5,2.8088696256556417e-5,true
18.90625,2.5021766486910733,2.5640569236805274e-10,0.000117692639508049,0.0001431342135385111,-1.0851028953918751e-11,-2.2419449746912513e-10,5.1698676869902553e-5,-5.249577494185121e-5,7.970980719486598e-7,1.0247305780836155e-10,0.014729668637253434,1.257744288186223,85.38849848972218,-16.44678626381843,0.6262001148132966,0.5307301739138118,9.17310648160275e-11,8.067120462816425e-5,2.692338664340575e-5,true
18.96875,2.5021766486910733,2.0506647429653713e-10,0.00011457536491117318,0.00012794087548550798,-9.35264313311599e-12,-2.2905112360936556e-10,3.804848182059438e-5,-3.804848182059438e-5,0.0,8.195523461695262e-11,0.01350338785001753,1.2758283063218312,94.48209001270558,-16.601144554836864,0.7887320168656572,0.6192854835502217,6.889610195484845e-11,5.6986015227199804e-5,1.902306394613826e-5,true
19.03125,2.5021766486910733,1.9552005721588425e-10,0.00010337704450092834,0.00013085560942583475,-7.993123971876157e-12,-2.3320592770688177e-10,4.291004725835822e-5,-4.289365474523898e-5,-1.6392513119237477e-8,7.813998956395176e-11,0.014573518309628889,1.2566871199623408,86.23086706056652,-16.69554838222556,0.6055923860172923,0.5180087718526812,7.038070694903025e-11,7.730540762888341e-5,2.580076822345907e-5,true
19.09375,2.5021766486910733,1.5865473741159494e-10,9.872714728890926e-5,0.00011755523397846142,-6.878982107012779e-12,-2.3944276682776306e-10,4.252418813799991e-5,-4.2552360437288694e-5,2.817229928878275e-8,6.340668932970406e-11,0.013891196745677438,1.2659967576691253,91.13662277248136,-16.84543431462736,0.6488468771878777,0.5443081447414364,5.6331971859859e-11,6.38172793319373e-5,2.1301775558613592e-5,true
19.15625,2.5021766486910733,1.4069615225703685e-10,9.19324564430321e-5,0.000114928753301304,-5.900865543190903e-12,-2.447722052914645e-10,4.244363349099461e-5,-4.270326434009974e-5,2.59630849105124e-7,5.6229504152169736e-11,0.01411313376008013,1.260498557614634,89.31386742610148,-16.97011071083381,0.5937621499215537,0.5105464782089532,5.09393899406658e-11,6.799297138207757e-5,2.269462177026649e-5,true
19.21875,2.5021766486910733,1.1666761355548144e-10,8.806253663732136e-5,0.00010579633422679488,-5.048687652501219e-12,-2.491620296866484e-10,3.9116324253899524e-5,-3.9116324253899524e-5,0.0,4.662644966194215e-11,0.013600986002135943,1.2672189122394273,93.1711062742377,-17.11501561166345,0.633851458560274,0.5353643821256592,4.166460519160447e-11,5.865081210004173e-5,1.9578412397023975e-5,true
19.28125,2.5021766486910733,1.0363843671568545e-10,8.131795882290824e-5,0.00010346356813130147,-4.278474799402968e-12,-2.5254621535589334e-10,3.98319380698522e-5,-3.992170000248894e-5,8.976193263674002e-8,4.141931256927855e-11,0.01385978400840071,1.2610577362568667,90.98682457767832,-17.239970233180063,0.5691100410670014,0.494619135643884,3.783715595474938e-11,6.324215462579866e-5,2.11099437309324e-5,true
19.34375,2.5021766486910733,8.746491085770893e-11,7.760918907504709e-5,9.724724521575979e-5,-3.660185088159749e-12,-2.566888714963507e-10,3.90832771583597e-5,-3.90832771583597e-5,0.0,3.495552997965318e-11,0.01359868863903584,1.2636286972105546,92.92283474917087,-17.381918879363678,0.5740140620508736,0.4978283720724733,3.189637828115252e-11,5.8611194403489554e-5,1.956520180351562e-5,true
19.40625,2.5021766486910733,7.502956081963073e-11,7.258807614061011e-5,9.243209877118781e-5,-3.1207043411899294e-12,-2.600207291048349e-10,3.817095714555941e-5,-3.817095714555941e-5,0.0,2.998571697920682e-11,0.013518247702844526,1.2631676037865,93.44166725992916,-17.51945972728887,0.5543829369521668,0.4848590509257582,2.7548624580398843e-11,5.7237116245234265e-5,1.91068458131295e-5,true
19.46875,2.5021766486910733,6.337476140320576e-11,6.80039107016702e-5,8.647893759996862e-5,-2.652513486795299e-12,-2.630038534697274e-10,3.563813629380269e-5,-3.563813629380269e-5,0.0,2.5327852626375548e-11,0.013287917780635584,1.265302602474048,95.22203729450878,-17.662466113989314,0.5559343370372577,0.4858958916760314,2.326343851828324e-11,5.343611986656497e-5,1.783890916674161e-5,true
19.53125,2.5021766486910733,5.4191002730090694e-11,6.322245179753586e-5,8.200263829610752e-5,-2.248679491251649e-12,-2.654712423394852e-10,3.483294886858709e-5,-3.483294886858709e-5,0.0,2.1657544745467443e-11,0.013212544978924486,1.2647775958044887,95.72550919008813,-17.802959578999946,0.5337127180355492,0.47084879316509104,2.0040665192241594e-11,5.223442482322092e-5,1.743804165699684e-5,true
19.59375,2.5021766486910733,4.601501411124829e-11,5.894750184287402e-5,7.736255189464642e-5,-1.90465566753803e-12,-2.6790971872500547e-10,3.342068566763529e-5,-3.342068566763529e-5,0.0,1.838999422175866e-11,0.013076178029000067,1.2653266567408246,96.76578690918785,-17.94663109807177,0.5213378957168854,0.46228632335443803,1.708773577030757e-11,5.011192912253044e-5,1.6729998781776227e-5,true
19.65625,2.5021766486910733,3.913509662256117e-11,5.523629360034637e-5,7.338468368553745e-5,-1.6118800717478734e-12,-2.6999956546790435e-10,3.222853893959736e-5,-3.222853893959736e-5,0.0,1.56404211681191e-11,0.01295790440565503,1.2655798821139541,97.66856140423721,-18.090897304639885,0.5091137025679507,0.4536991722230963,1.4589747315865936e-11,4.8324023768934954e-5,1.6133562795900462e-5,true
19.71875,2.5021766486910733,3.327081351752561e-11,5.177790892510605e-5,6.973752646769125e-5,-1.3624038132593654e-12,-2.7174810817873655e-10,3.11622776422148e-5,-3.11622776422148e-5,0.0,1.3296748466951796e-11,0.012849311730910029,1.2656743142116493,98.5013314889832,-18.236438705480374,0.49614230120461994,0.4444468618462635,1.2453721136555324e-11,4.6724997841244076e-5,1.560012856044661e-5,true
19.78125,2.5021766486910733,2.8252132327251183e-11,4.850904908688406e-5,6.633280502609624e-5,-1.1497668400449222e-12,-2.7315957804287755e-10,3.0179614847771692e-5,-3.0179614847771692e-5,0.0,1.129102229534046e-11,0.012746735519718853,1.2656683572512648,99.29352933488816,-18.383659281722014,0.4825387508324857,0.4345884650598341,1.061904605501296e-11,4.5251332170425196e-5,1.5108507864310593e-5,true
19.84375,2.5021766486910733,2.3974041669023617e-11,4.537412897483046e-5,6.320188605201523e-5,-9.685212967794841e-13,-2.7428047515647543e-10,2.9347895816403352e-5,-2.9347895816403352e-5,0.0,9.581274640047817e-12,0.012657941173116824,1.2654148426211829,99.97003662086018,-18.532647147786843,0.46695594982314614,0.4231006933738556,9.052723299476975e-12,4.400406082045231e-5,1.4692408100580079e-5,true
19.90625,2.5021766486910733,2.029934173703406e-11,4.2423288142845376e-5,6.023970743166365e-5,-8.143043299967064e-13,-2.7523251254309266e-10,2.852848225748058e-5,-2.852848225748058e-5,0.0,8.112673318909341e-12,0.012568582773165868,1.2651697719739698,100.66129131719832,-18.683906711216206,0.4517301388887948,0.4116754617549318,7.698831304200214e-12,4.277508081669875e-5,1.4282405589533536e-5,true
19.96875,2.5021766486910733,1.7141865153080683e-11,3.96964507873925e-5,5.740488676997556e-5,-6.8338079861772e-13,-2.760548366884839e-10,2.766083243741844e-5,-2.766083243741844e-5,0.0,6.850781363517182e-12,0.012471838867653238,1.2650622559560223,101.43349905177716,-18.83745825591994,0.4381572834566409,0.40132408319414486,6.526080169088632e-12,4.1473745127511254e-5,1.3848258804488386e-5,true
20.03125,2.5021766486910733,1.4447405675173493e-11,3.7168027816312764e-5,5.4725202526481414e-5,-5.724652446870337e-13,-2.767077957431624e-10,2.679367512319306e-5,-2.679367512319306e-5,0.0,5.773935138724578e-12,0.012372853485730364,1.2650030244335777,102.24020076633965,-18.992949026467077,0.42548498756686265,0.39151860299469843,5.5192414844337985e-12,4.017322824852371e-5,1.341437927906658e-5,true
20.09375,2.5021766486910733,1.2162614994787338e-11,3.4788125844509096e-5,5.223377153740999e-5,-4.786396965012936e-13,-2.7714819917580454e-10,2.5990865772815066e-5,-2.5990865772815066e-5,0.0,4.860813884243459e-12,0.012279051642761612,1.2648543662008611,103.00912505294993,-19.150146170918262,0.41245296269169973,0.38129376194555714,4.662313490841766e-12,3.896927619390418e-5,1.3012710313450975e-5,true
20.15625,2.5021766486910733,1.0228474459647288e-11,3.252482055154041e-5,4.9927917671378636e-5,-3.9938058008753976e-13,-2.7739309919181245e-10,2.526841625672719e-5,-2.526841625672719e-5,0.0,4.0878306753433885e-12,0.01219276247474828,1.2645682308613797,103.71466133949163,-19.309140945393573,0.39856681105370617,0.3702426861780026,3.934688777992771e-12,3.788584076171459e-5,1.2651244052286164e-5,true
20.21875,2.5021766486910733,8.58674016601526e-12,3.038996370854764e-5,4.776356915768495e-5,-3.3254943191246954e-13,-2.7749734669166995e-10,2.4579958454313857e-5,-2.4579958454313857e-5,0.0,3.4317082171265224e-12,0.012108791078079072,1.264238962514507,104.40670372149692,-19.47023744693215,0.384649918816609,0.3590071575138004,3.3143613516074248e-12,3.685335468110876e-5,1.230677166696145e-5,true
20.28125,2.5021766486910733,7.1932264692518464e-12,2.839288019274716e-5,4.5717871046619e-5,-2.763095507570262e-13,-2.77485219674642e-10,2.3902259321885223e-5,-2.3902259321885223e-5,0.0,2.874787626610908e-12,0.012024390221866445,1.2639182664804838,105.11287833806648,-19.633572194804508,0.3712084046334781,0.3480051415833411,2.7852388112838e-12,3.583700276214122e-5,1.1967677865092638e-5,true
20.34375,2.5021766486910733,6.0141139609147116e-12,2.6521948478177243e-5,4.379338525425108e-5,-2.2907698368757403e-13,-2.7734751841911495e-10,2.3246151133575792e-5,-2.3246151133575792e-5,0.0,2.403552908249218e-12,0.01194095130866775,1.2635799327022352,105.81903401490486,-19.799098177894013,0.3580480224661454,0.337092074904229,2.3355774828871475e-12,3.4853046615499045e-5,1.1639388280991635e-5,true
20.40625,2.5021766486910733,5.019675539541431e-12,2.4757766424025875e-5,4.199500938150983e-5,-1.8948238622420546e-13,-2.770776613620922e-10,2.2627166551671335e-5,-2.2627166551671335e-5,0.0,2.0061235653235354e-12,0.01186059856051366,1.263182167437213,106.50239623172163,-19.966769076157895,0.34480049508972255,0.3259677935239368,1.954942446815014e-12,3.3924774890278485e-5,1.1329673400031596e-5,true
20.46875,2.5021766486910733,4.181969516691605e-12,2.3092280950291103e-5,4.031261987407719e-5,-1.563562674276516e-13,-2.7668843667418043e-10,2.2041627492425253e-5,-2.2041627492425253e-5,0.0,1.6713326450709453e-12,0.01178305505894048,1.2627282801987922,107.16476108126881,-20.136689391192828,0.33148552266542297,0.3146487669547408,1.6331410901393149e-12,3.3046662148458576e-5,1.103669019454201e-5,true
20.53125,2.5021766486910733,3.4766783475815843e-12,2.1523727591126824e-5,3.8732363921352723e-5,-1.2870085463501095e-13,-2.7619329188411977e-10,2.148003474029205e-5,-2.148003474029205e-5,0.0,1.3894615911311808e-12,0.011707216999497502,1.2622376597474296,107.81705505258914,-20.309040164094988,0.31827999102903937,0.3032886046857551,1.3612111851122764e-12,3.220446261354524e-5,1.0755685942995409e-5,true
20.59375,2.5021766486910733,2.8850988729056874e-12,2.004796141812709e-5,3.724950965980089e-5,-1.056767804778538e-13,-2.755919907367394e-10,2.0941736448977208e-5,-2.0941736448977208e-5,0.0,1.1530356477489015e-12,0.011633115547403207,1.2617127208030208,108.45871131097512,-20.48353067808827,0.3052090095656207,0.2919153722635518,1.1323192384930545e-12,3.1397201539876596e-5,1.0486335725789036e-5,true
20.65625,2.5021766486910733,2.394164069712688e-12,1.8652625729104416e-5,3.585629844800281e-5,-8.658457921140567e-14,-2.7488259632211655e-10,2.0427044206969885e-5,-2.0427044206969885e-5,0.0,9.568325525558364e-13,0.011560915228491894,1.261170074416059,109.08912049695714,-20.658392598134817,0.2921647497795118,0.2804405835314207,9.417436228706809e-13,3.0625345204484476e-5,1.0228795432518154e-5,true
20.71875,2.5021766486910733,1.99080914690504e-12,1.7346312874962964e-5,3.4564522431003856e-5,-7.079632702428952e-14,-2.740390308742737e-10,1.9942705171822373e-5,-1.9942705171822373e-5,0.0,7.956309351485885e-13,0.011491725844703626,1.2606067271016452,109.69690228753943,-20.831794643681633,0.27925197518421085,0.2689617776011901,7.846526087122943e-13,2.9899117973538896e-5,9.986476945233633e-6,true
20.78125,2.5021766486910733,1.6405906878287449e-12,1.6071294346713144e-5,3.3307153060672004e-5,-5.75969636590738e-14,-2.730782870253035e-10,1.946015688302992e-5,-1.946015688302992e-5,0.0,6.556654138255837e-13,0.011421514059526456,1.2599887284865687,110.3171367578572,-21.013962795347844,0.26603269190322715,0.25709061511773057,6.479367411060276e-13,2.9175443374133812e-5,9.745007226990525e-6,true
20.84375,2.5021766486910733,1.2947578933630348e-12,1.500597621281366e-5,3.229648870079192e-5,-4.6291835669957594e-14,-2.716888709581312e-10,1.9076849239762075e-5,-1.9076849239762075e-5,0.0,5.174526323072923e-13,0.01136480685200242,1.258602447602784,110.7456082617915,-21.240796745673073,0.2541253438677636,0.24629686900158673,5.125625755604321e-13,2.8600618168384127e-5,9.553202176282118e-6,true
20.90625,2.5021766486910733,9.676118869286739e-13,1.3480523073759028e-5,3.078199721237457e-5,-3.676300973550182e-14,-2.7035794713888737e-10,1.8459550202610117e-5,-1.8459550202610117e-5,0.0,3.867080637311704e-13,0.011271656662675824,1.2574823242595985,111.56144672358036,-21.515708204940058,0.23687077372650026,0.23049279861377348,3.845410552764261e-13,2.7674871944372854e-5,9.244299154656865e-6,true
20.96875,2.5021766486910733,8.960728919299009e-13,1.2306223477919706e-5,2.9765950982590737e-5,-3.105399958724341e-14,-2.7060026489377276e-10,1.807911733601247e-5,-1.807911733601247e-5,0.0,3.581173585001084e-13,0.011213080175044719,1.2579725892261104,112.18795991718605,-21.584382435125534,0.2215260459618836,0.21628269755760285,3.56198491858259e-13,2.7104355952009858e-5,9.05392666044446e-6,true
