r,tau,Dtau,Sr,E,nur,Pi,piR,piEta,piPhi,D,T,mu,alpha,phi,ur,v,n,e,P,ok
-0.025,2.2,0.5309716193479642,1.0336944146543242e-5,-0.0091871589489379,1.010154619049794e-5,-1.210617102895548e-10,0.0,-1.0219674154341256,0.5110748967705747,0.34026497084078733,0.2938886120216906,1.5205455597747335,5.173883905588383,0.0,-0.0011856261682673958,0.0,-0.00918715315042205,0.0,4.258892443893601,true
0.025,2.2,0.5309716193479642,1.0336944146543242e-5,0.0091871589489379,-1.010154619049794e-5,-1.210617102895548e-10,0.0,-1.0219674154341256,0.5110748967705747,0.34026497084078733,0.2938886120216906,1.5205455597747335,5.173883905588383,0.0,0.0011856261682673958,0.0,0.00918715315042205,0.0,4.258892443893601,true
0.07500000000000001,2.2,0.5309933854262177,9.202250666118903e-5,0.02755724003870196,-3.189702913013263e-5,-1.2105734268156704e-10,0.0,-1.02196694919023,0.511190315108405,0.3402736136090307,0.29388114740774024,1.5205118772677206,5.173900710133383,0.0,0.0035303265849657745,0.0,0.027557086894442112,0.0,4.258459766997006,true
0.12500000000000003,2.2,0.5310622580246794,0.00025495829367824286,0.0459079746349815,-5.4552293815368535e-5,-1.2105441773954025e-10,0.0,-1.0218011497218342,0.5112053614778561,0.3403009600585026,0.2938575312359053,1.5204171020839268,5.173993995285267,0.0,0.0058805539897759124,0.0,0.04590726910199772,0.0,4.257091102639511,true
0.17500000000000002,2.2,0.5311766085680861,0.0004989413628088027,0.06422229151403887,-7.714575585944446e-5,-1.21052552866776e-10,0.0,-1.0214949651491856,0.5111219399835982,0.34034636006565533,0.2938183325383861,1.5202572595363755,5.174140246465937,0.0,0.008231695944941804,0.0,0.0642203602210949,0.0,4.254820088481141,true
0.225,2.2,0.5313357386612949,0.0008235940871201336,0.08248351380653442,-9.962405692391477e-5,-1.2105158131556267e-10,0.0,-1.021058418574578,0.5109569886114533,0.3404095306803807,0.293763807964274,1.52003283788639,5.174336649636733,0.0,0.010583343463603916,0.0,0.08247941667010988,0.0,4.251662666070014,true
0.275,2.2,0.5315390382288198,0.0012283425309996153,0.100675446286552,-0.00012202262995675583,-1.2105135534299628e-10,0.0,-1.0204973964051778,0.5107223099086923,0.3404902219413518,0.29369419018800674,1.519744930058081,5.174582885297202,0.0,0.01293525734615706,0.0,0.10066797955978153,0.0,4.247633777489606,true
0.325,2.2,0.5317860554737294,0.0017124428312625386,0.11878225162647511,-0.00014437128288979884,-1.2105176078216063e-10,0.0,-1.0198153022149645,0.5104252933259131,0.34058824471279636,0.2936096637284877,1.5193944992865411,5.174879055382811,0.0,0.015287269786811665,0.0,0.11876995198286634,0.0,4.242745949870425,true
0.375,2.2,0.5320764883538842,0.00227499718646265,0.13678836358792812,-0.00016668693043221707,-1.2105271457008227e-10,0.0,-1.0190141514200384,0.5100704137086168,0.34070346732301,0.29351036778616996,1.5189822983569483,5.175225358524871,0.0,0.017639266601812423,0.0,0.13676951307155505,0.0,4.237009451822251,true
0.425,2.2,0.5324101540630739,0.002914962292994606,0.15467844290505905,-0.00018897716526684332,-1.2105415773928688e-10,0.0,-1.0180952313178524,0.5096603439647293,0.3408358034494341,0.29339640668013284,1.5185089099958264,5.17562204383552,0.0,0.019991170114604877,0.0,0.1546510746892422,0.0,4.230432893404769,true
0.475,2.2,0.5327869594584174,0.0036311545911230972,0.17243736133117485,-0.0002112434667565396,-1.2105604883292232e-10,0.0,-1.01705946491355,0.5091966791566525,0.3409852003693137,0.29326785998832844,1.517974798674146,5.1760694088147226,0.0,0.022342925799876262,0.0,0.17239926625478091,0.0,4.223023810093594,true
0.525,2.2,0.5332068776974251,0.004422254364735214,0.19005020286534183,-0.00023348314631430793,-1.210583587610284e-10,0.0,-1.015907602144238,0.5086803861608266,0.34115162967107604,0.2931247905701514,1.5173803530507481,5.176567802741354,0.0,0.02469449292573509,0.0,0.18999893671995988,0.0,4.214789124217766,true
0.5750000000000001,2.2,0.5336699312022171,0.005286809541398959,0.2075022748351194,-0.00025569046159011003,-1.210610670475066e-10,0.0,-1.0146403175709966,0.5081120764850093,0.3413350804755617,0.29296725042347244,1.5167259169654437,5.177117629267698,0.0,0.02704583833758988,0.0,0.20743516637504206,0.0,4.205735480626988,true
0.625,2.2,0.5341761797643251,0.0062232394855479605,0.22477912398954555,-0.0002778573063539133,-1.2106415921153492e-10,0.0,-1.0132582594750756,0.5074921691158685,0.34153555469693725,0.2927952847800439,1.5160118106655354,5.177719346827618,0.0,0.02939693245349052,0.0,0.22469328363545957,0.0,4.195869479817252,true
0.675,2.2,0.5347257124695494,0.007229838821644983,0.24186655448842914,-0.0002999737287416395,-1.2106762494673148e-10,0.0,-1.0117620743712255,0.506820986234,0.34175306381917925,0.29260893489139217,1.5152383444915354,5.178373466462832,0.0,0.03174774672788028,0.0,0.24175888369696527,0.0,4.185197834679371,true
0.725,2.2,0.5353186423205317,0.008304781235395284,0.2587506459436657,-0.0003220284051596556,-1.210714568985124e-10,0.0,-1.010152419271601,0.5060988085425013,0.34198762674241595,0.2924082398902686,1.5144058270895846,5.179080547312526,0.0,0.03409825205987124,0.0,0.25861784721812614,0.0,4.173727473207332,true
0.775,2.2,0.5359551026926466,0.009446123214291583,0.2754177706056171,-0.00034400910977259395,-1.2107564983661892e-10,0.0,-1.0084299678923414,0.5053259066650366,0.34223926835575863,0.29219323802448566,1.5135145699157537,5.179841190537482,0.0,0.03644841781217323,0.0,0.2752563581265549,0.0,4.161465604401707,true
0.8250000000000001,2.2,0.5366352449897558,0.010651807752328308,0.29185460944635583,-0.0003659031673707858,-1.2108020009507254e-10,0.0,-1.0065954139266065,0.504502558559484,0.3425080185850081,0.2919639674806057,1.5125648894629764,5.180656032712158,0.0,0.038798211256352584,0.0,0.29166092030218227,0.0,4.14841975999421,true
0.875,2.2,0.5373592370486406,0.0119196681134922,0.3080481672983108,-0.00038769785657452864,-1.2108510517567755e-10,0.0,-1.0046494730481395,0.5036290587887314,0.3427939117361049,0.29172046695211906,1.5115571082957353,5.181525739652102,0.0,0.04114759736998314,0.0,0.3078183732943277,0.0,4.134597820958227,true
0.925,2.2,0.5381272619770054,0.01324743179353522,0.32398578739136874,-0.00040938073335674056,-1.210903634599388e-10,0.0,-1.0025928846345888,0.5027057229349494,0.3430969860093472,0.29146277605969884,1.5104915556373553,5.182451001317468,0.0,0.04349653898246449,0.0,0.32371590741030476,0.0,4.1200080350203505,true
0.975,2.2,0.5389395172111033,0.014632724825389833,0.3396551656400988,-0.0004309398612420617,-1.2109597396376917e-10,0.0,-1.000426413860939,0.5017328889112832,0.3434172830996913,0.2911909356960663,1.5093685679456064,5.1834325279995195,0.0,0.045844997297820135,0.0,0.33934107851924283,0.0,4.104659029335382,true
1.0250000000000001,2.2,0.5397962136579136,0.01607307654182321,0.35504436492602387,-0.00045236395348623073,-1.2110193611924484e-10,0.0,-0.9981508545755682,0.5007109160817201,0.3437548478298566,0.29090498834068973,1.5081884896616724,5.184471047623894,0.0,0.04819293281414037,0.0,0.3546818228070015,0.0,4.088559820890341,true
1.0750000000000002,2.2,0.5406975748528773,0.017565924851286455,0.37014182946116747,-0.000473642446040499,-1.211082495597473e-10,0.0,-0.9957670331274613,0.49964018271935373,0.34410972778921517,0.2906049783668282,1.5069516741432067,5.185567303809209,0.0,0.05054030661456907,0.0,0.3697264715601401,0.0,4.071719825885721,true
1.1250000000000002,2.2,0.5416438361216421,0.019108622015126666,0.38493639916141226,-0.0004947655246079308,-1.2111491389787462e-10,0.0,-0.9932758130381981,0.4985210822454747,0.34448197297419014,0.2902909523439486,1.5056584846962546,5.186722054334952,0.0,0.05288708193566987,0.0,0.3844637659015467,0.0,4.054148868229245,true
1.1750000000000003,2.2,0.5426352437818472,0.020698440851264516,0.39941732383678175,-0.0005157241253650021,-1.211219285233793e-10,0.0,-0.9906781001364371,0.49735401875680724,0.344871635444594,0.2899629593227759,1.5043092955908932,5.187936069849365,0.0,0.05523322584525088,0.0,0.3988828712822209,0.0,4.0358571863981805,true
1.225,2.2,0.543672054453786,0.022332581242423006,0.413574276936664,-0.0005365099205041576,-1.211292924261823e-10,0.0,-0.9879748475541151,0.4961394024479046,0.3452787690231195,0.28962105107975555,1.5029044929602937,5.1892101328864575,0.0,0.05757871080662996,0.0,0.4129733914682181,0.0,4.016855437367582,true
1.2750000000000001,2.2,0.5447545345617147,0.02400817680293373,0.42739736857270255,-0.0005571152909544276,-1.2113700406078651e-10,0.0,-0.9851670598818109,0.4948776455799895,0.3457034290700274,0.2892652822941583,1.5014444755200942,5.190545037455453,0.0,0.0599235158902851,0.0,0.42672538174961283,0.0,3.9971546961489945,true
1.3250000000000002,2.2,0.5458829600981923,0.02572230155938406,0.44087715757225504,-0.0005775332827958205,-1.2114506126281467e-10,0.0,-0.9822557958308258,0.4935691595839333,0.3461456723610986,0.2888957106350305,1.4999296550860102,5.191941589540976,0.0,0.062267627427377965,0.0,0.4401293611306608,0.0,3.9767664497584914,true
1.3750000000000002,2.2,0.5470576166945978,0.027471976524798904,0.4540046623779531,-0.0005977575424626277,-1.2115346124582023e-10,0.0,-0.9792421689468928,0.49221435370560085,0.3466055570851523,0.2885123967456544,1.4983604569009426,5.1934006087851445,0.0,0.06461103897926321,0.0,0.45317632332372454,0.0,3.955702585062026,true
1.4250000000000003,2.2,0.5482787999991707,0.029254176087544864,0.466771370689036,-0.0006177822283968021,-1.211622006567546e-10,0.0,-0.9761273462198484,0.4908136353393708,0.34708314296083714,0.2881154041274872,1.496737319803612,5.194922931442172,0.0,0.06695375060589807,0.0,0.46585774644895217,0.0,3.9339753707692053,true
1.475,2.2,0.5495468163199176,0.031065834185624558,0.47916924782253834,-0.0006376019016462139,-1.2117127569130736e-10,0.0,-0.972912544762933,0.48936741190995064,0.3475784914550889,0.2877047989401299,1.4950606962789794,5.196509414464424,0.0,0.06929576752889686,0.0,0.4781656014221797,0.0,3.9115974346573563,true
1.5250000000000001,2.2,0.550861983453906,0.0329038502843333,0.49119074384380945,-0.0006572114028793015,-1.2118068225204168e-10,0.0,-0.9695990270179289,0.4878760939188723,0.3480916660717085,0.28728064974528733,1.4933310524293733,5.1981609403675835,0.0,0.07163709837618532,0.0,0.49009235908227056,0.0,3.8885817377138077,true
1.5750000000000002,2.2,0.5522246316044663,0.0347650952114205,0.5028287995662742,-0.0006766057266593647,-1.211904161156448e-10,0.0,-0.9661880951190231,0.4863400986210109,0.348622732670909,0.28684302722851257,1.4915488678981312,5.199878422388471,0.0,0.07397775324612514,0.0,0.5016309961567932,0.0,3.8649415471592454,true
1.6250000000000002,2.2,0.553635104286604,0.03664641692319728,0.5140768515446507,-0.0006957799046791815,-1.212004731061755e-10,0.0,-0.9626810850925439,0.48475985376072905,0.3491717597805228,0.2863920039319804,1.489714635768141,5.201662809419624,0.0,0.07631774183248466,0.0,0.5127750001870212,0.0,3.8406904102268435,true
1.6750000000000003,2.2,0.5550937591366889,0.03854464627605071,0.5249288361846249,-0.0007147289080147803,-1.212108492299085e-10,0.0,-0.9590793614900155,0.48313580086887326,0.3497388188660467,0.2859276540254485,1.487828862448553,5.203515090275707,0.0,0.07865707181271965,0.0,0.5235183735307346,0.0,3.8158421301805245,true
1.725,2.2,0.5566009685697049,0.04045660286328351,0.535379193070345,-0.0007334475750334822,-1.2122154078859101e-10,0.0,-0.9553843128844048,0.48146839776886996,0.3503239845376206,0.28545005313291993,1.4858920675555713,5.2054362969891095,0.0,0.08099574763474204,0.0,0.5338556365394711,0.0,3.7904107454818345,true
1.7750000000000001,2.2,0.5581571202588983,0.04237910095270584,0.5454228675774272,-0.0007519305674317738,-1.2123254444028433e-10,0.0,-0.9515973484529949,0.47975812011944474,0.35092733468454906,0.28495927822177397,1.483904783788241,5.207427507004595,0.0,0.08333376975963608,0.0,0.5437818299740003,0.0,3.7644105124003993,true
1.8250000000000002,2.2,0.5597626174418878,0.04430895553260316,0.5550553128024526,-0.0007701723529935527,-1.2124385722126152e-10,0.0,-0.9477198956724482,0.4780054619915565,0.3515489505394529,0.2844554075514938,1.4818675567974438,5.209489844306044,0.0,0.08567113434633136,0.0,0.553292516686539,0.0,3.737855890829817,true
1.8750000000000002,2.2,0.5614178790793986,0.04624298844850532,0.5642724908077446,-0.0007881672107627656,-1.2125547654610177e-10,0.0,-0.9437533989968578,0.4762109356080963,0.3521889166827356,0.2839385206720846,1.4797809450454145,5.2116244796329925,0.0,0.08800783331076187,0.0,0.5623837825677891,0.0,3.7107615326978407,true
1.9250000000000003,2.2,0.5631233399056156,0.048178034594565364,0.5730708731574191,-0.0008059092527349052,-1.2126740016469803e-10,0.0,-0.9396993192948473,0.4743750704525072,0.35284732100295735,0.2834086984584527,1.4776455196533929,5.213832630017224,0.0,0.09034385466170991,0.0,0.5710522367357359,0.0,3.6831422721732023,true
1.975,2.2,0.5648794504129376,0.05011094811299044,0.5814474407091823,-0.000823392455843385,-1.2127962612040355e-10,0.0,-0.9355591337872274,0.47249841197731973,0.35352425463003306,0.28286602316622117,1.4754618642359603,5.216115557890569,0.0,0.09267918300757519,0.0,0.5792950109329479,0.0,3.655013116854503,true
2.0250000000000004,2.2,0.5666866768105087,0.05203860855239883,0.5893996826249489,-0.0008406106986594947,-1.212921526891268e-10,0.0,-0.9313343362406242,0.4705815201265635,0.35421981185671725,0.2823105784959601,1.4732305747216756,5.218474569994754,0.0,0.09501380013779503,0.0,0.5871097580985717,0.0,3.626389239233198,true
2.075,2.2,0.5685455009880876,0.053957926939418734,0.5969255945698104,-0.0008575577984427863,-1.213049783275038e-10,0.0,-0.927026437217396,0.46862496784289437,0.35493409006065235,0.28174244965568584,1.4709522591605644,5.220911016278158,0.0,0.09734768560278463,0.0,0.5944946500880613,0.0,3.5972859678986966,true
2.125,2.2,0.5704564205071507,0.05586585172490749,0.6040236760796498,-0.0008742275455934769,-1.2131810161872994e-10,0.0,-0.922636964240541,0.4666293396766688,0.35566718963541666,0.2811617234148218,1.4686275375196511,5.223426288907968,0.0,0.09968081724047836,0.0,0.6014483745244751,0.0,3.5677187781476327,true
2.1750000000000003,2.2,0.5724199486317755,0.05775937457460907,0.6106929270901338,-0.000890613733881633,-1.213315212311211e-10,0.0,-0.9181674617901362,0.46459523056237934,0.35641921393531134,0.28056848814595503,1.4662570414680607,5.226021821471614,0.0,0.1020131716206661,0.0,0.6079701307773897,0.0,3.5377032818360554,true
2.225,2.2,0.5744366144041421,0.059635535982128375,0.6169328436312793,-0.0009067101858878051,-1.2134523588559812e-10,0.0,-0.9136194910962038,0.46252324478547163,0.3571902692356059,0.27996283385323445,1.4638414141532503,5.2286990883962945,0.0,0.1043447243971675,0.0,0.6140596250766321,0.0,3.5072552164503636,true
2.2750000000000004,2.2,0.5765069627639506,0.06149143068879017,0.6227434127015319,-0.0009225107738251537,-1.2135924432594534e-10,0.0,-0.9089946297279791,0.46041399513266595,0.3579804647078049,0.27934485218801874,1.461381309969838,5.231459604583032,0.0,0.1066754505711846,0.0,0.6197170647774368,0.0,3.476390433465707,true
2.325,2.2,0.578631554707693,0.0633242128998212,0.6281251063422241,-0.0009380094363396848,-1.2137354529988618e-10,0.0,-0.9042944710010999,0.4582681022013434,0.35878991240821484,0.2787146364533921,1.4588773943222468,5.234304925232037,0.0,0.10900532467706153,0.0,0.6249431518003076,0.0,3.445124886111124,true
2.3750000000000004,2.2,0.5808109674821844,0.06513110128945365,0.6330788749380776,-0.0009532001920645792,-1.2138813754979145e-10,0.0,-0.8995206232346139,0.456086193835994,0.3596187272775074,0.27807228159959785,1.456330343382138,5.2372366458269966,0.0,0.11133432090512237,0.0,0.6297390752734661,0.0,3.413474616679318,true
2.4250000000000003,2.2,0.5830457948065181,0.0669093837892897,0.6376061397721079,-0.00096807715071428,-1.2140301979529133e-10,0.0,-0.8946747088919215,0.4538689046592923,0.36046702714890605,0.27741788421244645,1.453740843841349,5.240256402244331,0.0,0.11366241317656427,0.0,0.6341065034083856,0.0,3.3814557435152217,true
2.475,2.2,0.585336647117147,0.06865642215506662,0.6417087848648312,-0.000982634522412866,-1.214181907394973e-10,0.0,-0.8897583636370844,0.45161687566903386,0.3613349327628502,0.27675154249653344,1.4511095926608812,5.243365870956465,0.0,0.11598957518381497,0.0,0.6380475746404105,0.0,3.3490844478021335,true
2.5250000000000004,2.2,0.5876841518317591,0.07036965630716549,0.6453891481281859,-0.0009968666258178822,-1.21433649051948e-10,0.0,-0.8847732353327862,0.4493307538777655,0.3622225677863744,0.2760733562547553,1.448437296816291,5.246566769303519,0.0,0.11831578040732119,0.0,0.641564888067009,0.0,3.3163769602431206,true
2.575,2.2,0.5900889536286327,0.07204660844018235,0.6486500118648298,-0.0010107678954608963,-1.214493933763713e-10,0.0,-0.8797209830004769,0.44701119197778383,0.36313005883584665,0.27538342686526296,1.4457246730397517,5.249860855813601,0.0,0.1206410021171352,0.0,0.6446614932165082,0.0,3.283349547714871,true
2.6250000000000004,2.2,0.5925517147391016,0.07368488689682465,0.6514945926436064,-0.0010243328886007646,-1.2146542232536095e-10,0.0,-0.8746032757578949,0.44465884801941086,0.3640575355020822,0.2746818572566755,1.4429724475589896,5.253249930557332,0.0,0.12296521336530378,0.0,0.6473408791803418,0.0,3.2500184999531245,true
2.6750000000000003,2.2,0.5950731152515853,0.07528218980140794,0.6539265305819509,-0.0010375562917859745,-1.214817344781621e-10,0.0,-0.8694217917447472,0.4422743850946918,0.3650051303771638,0.2739687518821144,1.4401813558332208,5.256735835526653,0.0,0.12528838697314282,0.0,0.6496069631418833,0.0,3.2164001163139795,true
2.725,2.2,0.5976538534262058,0.0768363084484194,0.655949878066362,-0.0010504329272466811,-1.2149832838525656e-10,0.0,-0.8641782170439752,0.439858471021784,0.36597297908252524,0.2732442166924309,1.4373521422862476,5.2603204550314775,0.0,0.12761049551602666,0.0,0.6514640783353313,0.0,3.18251069264493,true
2.7750000000000004,2.2,0.6002946460194767,0.07834513044190927,0.6575690879421862,-0.0010629577591846897,-1.2151520256689e-10,0.0,-0.8588742446036353,0.43741177802749465,0.3669612202980316,0.27250835910885596,1.4344855600367932,5.264005716110069,0.0,0.12993151130728406,0.0,0.6529169614682679,0.0,3.14836650829147,true
2.825,2.2,0.602996228618843,0.07980664258193836,0.6587890012044875,-0.001075125899994382,-1.215323555102797e-10,0.0,-0.8535115731627918,0.43493498242687345,0.36796999579189715,0.27176128799521554,1.4315823706262236,5.267793588950856,0.0,0.13225140638210214,0.0,0.6539707396420408,0.0,3.1139838132601194,true
2.8750000000000004,2.2,0.6057593559870437,0.08121893349484274,0.6596148342220312,-0.0010869326164256626,-1.2154978567037365e-10,0.0,-0.8480919061837936,0.4324287642996292,0.36899945045135946,0.2710031136297905,1.4286433437437418,5.2716860873243325,0.0,0.1345701524819038,0.0,0.6546309168043887,0.0,3.079378815555144,true
2.9250000000000003,2.2,0.608584802416391,0.08258019600471221,0.6600521655269568,-0.0010983733356870222,-1.2156749147053596e-10,0.0,-0.8426169507926526,0.42989380716364806,0.37004973231406996,0.27023394767686965,1.42566925694919,5.275685269024468,0.0,0.13688772103939903,0.0,0.6549033597692494,0.0,3.04456766870413,true
2.975,2.2,0.6114733620931516,0.0838887292441284,0.6601069222029491,-0.0011094436514787883,-1.2158547130436635e-10,0.0,-0.8370884167288775,0.4273307976461505,0.3711209926001923,0.2694539031580187,1.4226608953935607,5.2797932363193665,0.0,0.13920408316435884,0.0,0.6547942838389004,0.0,3.0095664594859888,true
3.0250000000000004,2.2,0.6144258494722324,0.08514294050292133,0.6597853659051698,-0.0011201393299433888,-1.2160372353306743e-10,0.0,-0.831508015305907,0.42474042515312876,0.3722133857452074,0.26866309442308284,1.419619051537347,5.284012136411159,0.0,0.14151920963009118,0.0,0.6543102380640036,0.0,2.974391195874156,true
3.075,2.2,0.6174430996624297,0.0863413468143949,0.6590940785454007,-0.0011304563155175981,-1.216222464868752e-10,0.0,-0.8258774583831678,0.42212338153775053,0.373327069433439,0.2678616371209298,1.4165445248668465,5.28834416190523,0.0,0.14383307086055838,0.0,0.6534580901772633,0.0,2.939057795206866,true
3.1250000000000004,2.2,0.6205259688224811,0.08748257627919609,0.6580399476761072,-0.0011403907366708337,-1.2164103846216157e-10,0.0,-0.8201984573507222,0.4194803607683852,0.37446220463230984,0.26704964816994425,1.4134381216085592,5.292791551288919,0.0,0.146145636918071,0.0,0.6522450112366053,0.0,2.903582072596031,true
3.1750000000000003,2.2,0.6236753345682159,0.08856536912768365,0.6566301516071253,-0.0011499389115140475,-1.2166009772617278e-10,0.0,-0.814472722127452,0.41681205859688075,0.3756189556273466,0.26622724572827605,1.4103006544417804,5.297356589419849,0.0,0.14845687749148892,0.0,0.650678460013732,0.0,2.8679797295854494,true
3.225,2.2,0.6268920963910658,0.08958857852236231,0.6548721442888457,-0.0011590973532642041,-1.2167942251302582e-10,0.0,-0.8087019601736894,0.4141191722276869,0.3767974900579471,0.26539454916385236,1.4071329422095349,5.30204160802407,0.0,0.1507667618848679,0.0,0.6487661671639909,0.0,2.8322663430688664,true
3.2750000000000004,2.2,0.6301771760882311,0.0905511711026158,0.6527736399955942,-0.0011678627755492721,-1.216990110263954e-10,0.0,-0.8028878755191903,0.4114023999883742,0.37799797895392623,0.26455167902415927,1.4039358096279728,5.306848986204178,0.0,0.15307525900650126,0.0,0.6465161192132632,0.0,2.796457354477768,true
3.325,2.2,0.6335315182047845,0.09145222727463963,0.650342597842864,-0.0011762320975398767,-1.2171886143439615e-10,0.0,-0.7970321678073468,0.40866244100205956,0.37922059677285114,0.26369875700580386,1.4007100869943678,5.311781150957564,0.0,0.1553823373583128,0.0,0.6439365423974356,0.0,2.7605680592484547,true
3.3750000000000004,2.2,0.6369560904880359,0.09229094125009134,0.647587206171691,-0.0011842024488941088,-1.2173897187526477e-10,0.0,-0.7911365313565049,0.4058999948622245,0.3804655214381896,0.2628359059238591,1.3974566098938226,5.31684057770498,0.0,0.15768796502556132,0.0,0.6410358863895818,0.0,2.7246135965770906,true
3.4250000000000003,2.2,0.6404518843544434,0.0930666208376251,0.6445158668333452,-0.0011917711745025763,-1.2175934045560667e-10,0.0,-0.7852026542392334,0.40311576131037613,0.38173293437827543,0.261963249681008,1.3941762189048459,5.322029790829557,0.0,0.15999210966682675,0.0,0.637822807949764,0.0,2.6886089394714814,true
3.475,2.2,0.6440199153694088,0.09377868699204531,0.6411371794069662,-0.0011989358390215915,-1.217799652486382e-10,0.0,-0.7792322173803815,0.40031043991698534,0.3830230205661136,0.26108091323649046,1.3908697593039085,5.327351364226464,0.0,0.16229473850425563,0.0,0.6343061545317196,0.0,2.6525688851072395,true
3.5250000000000004,2.2,0.6476612237402692,0.09442667312639066,0.6374599253823847,-0.001205694231182893,-1.2180084429526776e-10,0.0,-0.7732268936747289,0.3974847297660983,0.38433596856003627,0.2601890225748653,1.3875380807691184,5.3328079218633295,0.0,0.16459581831404207,0.0,0.6304949478802192,0.0,2.6165080454958463,true
3.575,2.2,0.6513768748228345,0.09501022419280944,0.6334930523398576,-0.00121204436786893,-1.2182197560041195e-10,0.0,-0.7671883471250099,0.3946393291440192,0.3856719705452247,0.25928770467459683,1.3841820370831563,5.338402138351641,0.0,0.16689531541712938,0.0,0.6263983676522581,0.0,2.580440838471425,true
3.6250000000000004,2.2,0.6551679596418098,0.0955290955385898,0.6292456581577877,-0.0012179844979435242,-1.2184335714081065e-10,0.0,-0.7611182320010689,0.39177493523242696,0.3870312223761131,0.258377087476475,1.3808024858355945,5.344136739529256,0.0,0.1691931956701193,0.0,0.6220257350944757,0.0,2.5443814790024977,true
3.6750000000000003,2.2,0.6590355954254541,0.09598315154420112,0.6247269752788688,-0.0012235131058284912,-1.2186498685847715e-10,0.0,-0.7550181920208778,0.3888922438062742,0.3884139236196886,0.25745729985188165,1.3774002881247374,5.350014503054187,0.0,0.17148942445637944,0.0,0.6173864968084677,0.0,2.5083439708345545,true
3.725,2.2,0.6629809261548614,0.09637236405065663,0.6199463550643516,-0.0012286289148171388,-1.2188686266221145e-10,0.0,-0.7488898595541101,0.3859919489368143,0.38982027759970356,0.2565284715709105,1.373976308259124,5.3560382590098765,0.0,0.17378396667733836,0.0,0.6124902086347828,0.0,2.472342098468534,true
3.7750000000000004,2.2,0.6670051231282269,0.09669681058393638,0.61491325226534,-0.0012333308901166578,-1.2190898242772462e-10,0.0,-0.7427348548489394,0.3830747427000723,0.3912504914418164,0.2555907332703534,1.3705314134588202,5.362210890522108,0.0,0.17607678674396623,0.0,0.6073465196855077,0.0,2.4363894194799514,true
3.825,2.2,0.6711093855404839,0.09695667238459592,0.6096372096391601,-0.001237618241611941,-1.219313439981071e-10,0.0,-0.7365547852827012,0.380141314891069,0.3927047761196751,0.25464421642156304,1.3670664735566391,5.368535334387737,0.0,0.17836784856843418,0.0,0.6019651565543519,0.0,2.4004992571827626,true
3.8750000000000004,2.2,0.6752949410787381,0.09715223225105851,0.6041278427379654,-0.0012414904263441007,-1.219539451810382e-10,0.0,-0.73035124463702,0.37719235274409485,0.3941833465019624,0.25368905329820207,1.3635823606994308,5.375014581715477,0.0,0.18065711555595282,0.0,0.5963559077321489,0.0,2.3646846936414505,true
3.9250000000000003,2.2,0.6795630465338869,0.09728387220540714,0.5983948248957512,-0.0012449471506978031,-1.2197678375211272e-10,0.0,-0.7241258123979665,0.37422854065931616,0.3956864214004194,0.2527253769438903,1.3600799490495683,5.3816516785788835,0.0,0.18294455059678813,0.0,0.5905286082545897,0.0,2.3289585630344165,true
3.975,2.2,0.683914988428866,0.09735207099080034,0.5924478724390053,-0.0012479883722921834,-1.2199985745381742e-10,0.0,-0.7178800530817877,0.37125055993597733,0.39721422361886144,0.25175332113976084,1.3565601144867758,5.388449726681785,0.0,0.18523011605845574,0.0,0.5844931246079256,0.0,2.2933334453710956,true
4.0249999999999995,2.2,0.6883520836639526,0.09735740140989085,0.5862967301451274,-0.0012506143015708156,-1.2202316399476302e-10,0.0,-0.7116155155866969,0.36825908851246336,0.3987669800032087,0.2507730203719359,1.3530237343104323,5.395411884036349,0.0,0.18751377377809467,0.0,0.5782593399171798,0.0,2.257821660564727,true
4.075,2.2,0.6928756801795994,0.09730052751385622,0.5799511569716708,-0.0012528254030870951,-1.2204670104812636e-10,0.0,-0.7053337325711947,0.3652548007134579,0.40034492149254736,0.249784609798932,1.3494716869424814,5.402541365654032,0.0,0.18979548505502603,0.0,0.5718371394402039,0.0,2.2224352628620925,true
4.125,2.2,0.6974871576372367,0.09718220165185872,0.5734209120784174,-0.0012546223964820227,-1.2207046625394243e-10,0.0,-0.6990362198593372,0.3622383670044346,0.40194828317123893,0.24878822521900854,1.345904851631098,5.409841444249609,0.0,0.19207521064349703,0.0,0.5652363963897534,0.0,2.1871860356312074,true
4.175,2.2,0.702187928118552,0.09700326139089847,0.56671574116304,-0.0012560062571522312,-1.2209445721712327e-10,0.0,-0.6927244758733418,0.3592104537536945,0.4035773043220985,0.247784003037468,1.3423241081552353,5.417315450958548,0.0,0.19435291074561925,0.0,0.5584669581043988,0.0,2.1520854865071777,true
4.225,2.2,0.7069794368437254,0.09676462631616758,0.5598453631300179,-0.0012569782166067297,-1.221186715096293e-10,0.0,-0.6863999810938766,0.356171723002153,0.4052322284806612,0.2467720802339202,1.338730336530197,5.424966776067972,0.0,0.19662854500450472,0.0,0.5515386325878707,0.0,2.1171448428960873,true
4.2749999999999995,2.2,0.711863162909145,0.09646729472210627,0.5528194571112461,-0.0012575397625115116,-1.2214310666881378e-10,0.0,-0.6800641975483341,0.353122832241073,0.40691330349055554,0.2457525943295216,1.3351244167143723,5.432798869761464,0.0,0.1989020724976056,0.0,0.5444611754351163,0.0,2.082375047836228,true
4.325,2.2,0.7168406200451227,0.09611234020442509,0.5456476498555456,-0.0012576926384220823,-1.2216776019701281e-10,0.0,-0.6737185683273691,0.35006443419791505,0.4086207815600059,0.24472568335420067,1.3315072283172618,5.440815242877967,0.0,0.20117345173026724,0.0,0.5372442771619964,0.0,2.0477867562154852,true
4.375,2.2,0.7219133573941561,0.09570090816339606,0.5383395035030889,-0.001257438843204621,-1.2219262956261085e-10,0.0,-0.6673645171299087,0.3469971766304729,0.4103549193194836,0.24369148581388048,1.3278796503089414,5.449019467685098,0.0,0.20344264062950068,0.0,0.5298975509542624,0.0,2.0133903313432024,true
4.425,2.2,0.7270829603103008,0.09523421222871663,0.5309045037594873,-0.0012567806301468723,-1.2221771220013412e-10,0.0,-0.6610034478368347,0.34392170212944184,0.4121159778805288,0.24265014065770998,1.324242560731097,5.457415178667116,0.0,0.20570959653798357,0.0,0.5224305208500696,0.0,1.979195841874403,true
4.475,2.2,0.7323510511802266,0.0947135306162192,0.523352048483031,-0.0012557205057610085,-1.2224300550950744e-10,0.0,-0.6546367441134724,0.3408386479295547,0.41390422289576506,0.24160178724531486,1.3205968364097616,5.466006073327881,0.0,0.20797427620829892,0.0,0.5148526103689529,0.0,1.945213059083751,true
4.5249999999999995,2.2,0.7377192902665561,0.09414020242664946,0.5156914366973576,-0.0012542612282810117,-1.222685068544959e-10,0.0,-0.6482657690409872,0.3377486457294087,0.415719924620129,0.24054656531407934,1.3169433526698984,5.4747959130091015,0.0,0.21023663579742125,0.0,0.5071731315988591,0.0,1.911451454486205,true
4.575,2.2,0.7431893765741033,0.09351562389664231,0.5079318580405118,-0.0012524058058577701,-1.2229421356564853e-10,0.0,-0.641891864776749,0.3346523215200874,0.4175633579733384,0.23948461494647008,1.313282983051959,5.483788523724189,0.0,0.21249663086146078,0.0,0.499401274751445,0.0,1.877920197800876,true
4.625,2.2,0.7487630487396366,0.09284124461191967,0.5000823826601714,-0.0012501574944557945,-1.2232012294071824e-10,0.0,-0.635516352243678,0.33155029542266584,0.41943480260362137,0.2384160765374137,1.3096165990305553,5.492987797008069,0.0,0.21475421635067524,0.0,0.49154609819457207,0.0,1.8446281552541863,true
4.675,2.2,0.754442085945833,0.09211856369258707,0.49215195156352165,-0.001247519795455981,-1.2234623223792865e-10,0.0,-0.6291405308485434,0.3284431815346795,0.4213345429527321,0.23734109076173857,1.305945069735378,5.502397690783292,0.0,0.2170093466047615,0.0,0.4836165189695525,0.0,1.8115838882180018,true
4.725,2.2,0.7602283088600807,0.0913491259602448,0.4841493674290537,-0.0012444964529693754,-1.223725386843758e-10,0.0,-0.6227656782291452,0.3253315877856142,0.42326286832227644,0.23625979854169266,1.3022692616744973,5.512022230242808,0.0,0.21926197534843736,0.0,0.47562130379942635,0.0,1.778795652178032,true
4.775,2.2,0.7661235805988428,0.09053451809643899,0.4760832858863232,-0.001241091450867309,-1.2239903947196e-10,0.0,-0.6163930500302595,0.3222161158014601,0.4252200729413747,0.23517234101454815,1.2985900384601747,5.52186550874978,0.0,0.22151205568732696,0.0,0.4675690605932361,0.0,1.746271396027404,true
4.825,2.2,0.7721298077182778,0.08967636480176715,0.4679622072685313,-0.001237309009533948,-1.2242573175648715e-10,0.0,-0.6100238797081983,0.3190973607783578,0.42720645603568386,0.23407885950030485,1.2949082605373268,5.531931688754833,0.0,0.2237595401041607,0.0,0.45946823045002444,0.0,1.7140187616799785,true
4.875,2.2,0.7782489412318752,0.08877632496471101,0.4597944688415516,-0.001233153582347552,-1.2245261266034923e-10,0.0,-0.6036593783637693,0.3159759113653514,0.4292223218978104,0.23297949546950192,1.2912247849147611,5.542225002731145,0.0,0.22600438045530183,0.0,0.45132708016498824,0.0,1.6820450839975531,true
4.925,2.2,0.7844829776558497,0.08783608784902691,0.45158823751192656,-0.0012286298518972346,-1.224796792703727e-10,0.0,-0.5973007346034023,0.312852349556237,0.43126797995913596,0.23187439051115116,1.2875404648993258,5.55274975412779,0.0,0.2282465279676141,0.0,0.4431536952390592,0.0,1.650357391024908,true
4.975,2.2,0.790833960083088,0.08685736930824219,0.4433515030151806,-0.001223742725942371,-1.2250692863993575e-10,0.0,-0.5909491144281462,0.3097272505904936,0.43334374486308735,0.23076368630080138,1.2838561498331005,5.563510318341807,0.0,0.23048593323568223,0.0,0.4349559733919642,0.0,1.6189624045261668,true
5.025,2.2,0.797303979286459,0.08584190803551098,0.4350920715846705,-0.0012184973331221473,-1.225343577873946e-10,0.0,-0.5846056611502078,0.3066011828632504,0.43544993653987607,0.22964752456874585,1.2801726848337482,5.574511143709384,0.0,0.23272254621939828,0.0,0.4267416185776428,0.0,1.5878665408157953,true
5.075,2.2,0.8038951748523118,0.08479146185678674,0.4268175601001628,-0.0012128990184230594,-1.2256196369545992e-10,0.0,-0.578271495336657,0.30347470784424097,0.4375868802827389,0.22852604706838286,1.276490910538169,5.5857567525167005,0.0,0.23495631624192834,0.0,0.4185181354998298,0.0,1.557075911877159,true
5.125,2.2,0.810609736345032,0.08370780407494027,0.4185353907142457,-0.0012069533384123502,-1.2258974331270286e-10,0.0,-0.5719477147798839,0.3003483800056685,0.43975490682570656,0.22739939554474198,1.272811662849575,5.597251742030874,0.0,0.23718719198807134,0.0,0.4102928246245007,0.0,1.5265963267614167,true
5.175,2.2,0.8174499045035357,0.08259271987211184,0.41025278595365605,-0.0012006660562456958,-1.2261769355430274e-10,0.0,-0.5656353944943446,0.2972227467588974,0.4419543524229319,0.2262677117031855,1.2691357726881118,5.609000785551518,0.0,0.23941512150302516,0.0,0.40207277768481614,0.0,1.4964332932591669,true
5.225,2.2,0.824417972470615,0.08144800277724985,0.4019767642916612,-0.0011940431364576684,-1.226458112996318e-10,0.0,-0.559335586739102,0.29409834839986054,0.4441855589296075,0.22513113717829705,1.2654640657451555,5.621008633483454,0.0,0.2416400521915736,0.0,0.39386487367324613,0.0,1.4665920198371254,true
5.275,2.2,0.8315162870560907,0.08027545120541729,0.39371413618664813,-0.001187090739543533,-1.2267409339567557e-10,0.0,-0.5530493210656142,0.2909757180630636,0.44644887388450516,0.22398981350296712,1.2617973622413952,5.633280114431099,0.0,0.2438619308177062,0.0,0.38567577531454184,0.0,1.4370774178318277,true
5.325,2.2,0.8387472500347228,0.07907686507509462,0.38547150058121765,-0.001179815216341225,-1.2270253665487043e-10,0.0,-0.5467776043901921,0.28785538168404384,0.4487446505941682,0.22284388207768774,1.2581364766888385,5.645820136315106,0.0,0.24608070350468578,0.0,0.3775119260123667,0.0,1.407894103892232,true
5.375,2.2,0.8461133194798998,0.07785404250932354,0.37725524185518566,-0.0011722231022223179,-1.2273113785493751e-10,0.0,-0.5405214210905092,0.2847378579701307,0.4510732482187879,0.2216934841400662,1.254482217656847,5.658633687511825,0.0,0.24829631573557767,0.0,0.3693795472614851,0.0,1.3790464026628628,true
5.425,2.2,0.8536170111341294,0.07660877662615673,0.3690715272250732,-0.0011643211111009456,-1.227598937404263e-10,0.0,-0.5342817331254957,0.2816236583793306,0.45343503185980083,0.22053876073456835,1.2508353875423226,5.671725838016195,0.0,0.2505087123542529,0.0,0.361284636516595,0.0,1.350538349698991,true
5.475,2.2,0.8612608998174064,0.0753428524235,0.36092630458191827,-0.0011561161292696369,-1.227888010225204e-10,0.0,-0.5280594801779303,0.278513287107151,0.4558303726492378,0.21937985268250249,1.2471967823441565,5.685101740628672,0.0,0.2527178375668794,0.0,0.3532329655081382,0.0,1.3223736946052138,true
5.525,2.2,0.8690476208745402,0.07405804376303803,0.3528253007584835,-0.0011476152090710355,-1.2281785637802332e-10,0.0,-0.5218555798189906,0.2754072410811553,0.45825964784085876,0.21821690055225487,1.2435671914420594,5.698766632166838,0.0,0.25492363494391307,0.0,0.34523007899467373,0.0,1.2945559043887014,true
5.575,2.2,0.8769798716625944,0.0727561104575513,0.344774020216263,-0.0011388255624144486,-1.2284705645171845e-10,0.0,-0.5156709276939928,0.2723060099630306,0.4607232409031108,0.21705004462978636,1.239947397379882,5.712725834702366,0.0,0.2571260474226039,0.0,0.33728129394074235,0.0,1.2670881670181888,true
5.625,2.2,0.8850604130795955,0.0714387954655323,0.3367777441420266,-0.0011297545541461595,-1.228763978536518e-10,0.0,-0.5095063977285225,0.26921007615792814,0.46322154161394447,0.21587942488940087,1.2363381756535274,5.7269847568239864,0.0,0.25932501731002694,0.0,0.3293916991085003,0.0,1.2399733951797858,true
5.675,2.2,0.8932920711357138,0.07010782219662928,0.3288415299430753,-0.0011204096952823473,-1.2290587716383652e-10,0.0,-0.5033628423541168,0.2661199148308266,0.4657549461575224,0.21470518096479677,1.2327402945035701,5.741548894927185,0.0,0.26152048628665187,0.0,0.32156615505085845,0.0,1.2132142302205682,true
5.725,2.2,0.901677738568172,0.06876489193104775,0.3209702111297982,-0.0011107986361133576,-1.2293549092793825e-10,0.0,-0.4972410927526331,0.26303599392965205,0.46832385722286035,0.2135274521204099,1.2291545147126763,5.756423834531336,0.0,0.2637123954104614,0.0,0.3138092944933017,0.0,1.1868130462708375,true
5.775,2.2,0.910220376501143,0.06741168135566449,0.31316839757364917,-0.0011009291591879986,-1.2296523566029968e-10,0.0,-0.4911419591184057,0.2599587742148727,0.4709286841044364,0.2123463772230602,1.225581589407935,5.7716152516250245,0.0,0.26590068512163195,0.0,0.3061255230911247,0.0,1.1607719545359516,true
5.825,2.2,0.918923016151976,0.06604984021921591,0.305440476128165,-0.0010908091721864082,-1.2299510784093783e-10,0.0,-0.4850662309372638,0.2568887092952743,0.47356984280480624,0.2111620947139101,1.2220222638681844,5.787128914040294,0.0,0.2680852952477851,0.0,0.29851902054835255,0.0,1.1350928077485272,true
5.875,2.2,0.9277887605851057,0.06468098910855805,0.29779061160027487,-0.0010804467006898897,-1.2302510392095232e-10,0.0,-0.47901467728146324,0.2538262456696092,0.47624775613926534,0.20997474258074572,1.2184772753364372,5.80297068285664,0.0,0.27026616500982065,0.0,0.29099374208427875,0.0,1.1097772047718775,true
5.925,2.2,0.9368207865150476,0.06330671734761872,0.2902227480587566,-0.001069849880856014,-1.2305522031949083e-10,0.0,-0.4729880471195474,0.2507718227737992,0.47896285384259457,0.20878445833059076,1.214947352837495,5.8191465138355225,0.0,0.2724432330283405,0.0,0.28355342023320074,0.0,1.0848264953455138,true
5.975,2.2,0.9460223461599281,0.06192858102029963,0.28274061046637455,-0.001059026952007054,-1.2308545342515573e-10,0.0,-0.46698706964014297,0.2477258730333592,0.48171557267793147,0.20759137896266155,1.211433217000826,5.835662458886216,0.0,0.2746164373306731,0.0,0.2762015669626503,0.0,1.060241784963557,true
6.025,2.2,0.9553967691470469,0.06054810111823756,0.2753477066219829,-0.0010479862491397898,-1.2311579959303258e-10,0.0,-0.4610124545886653,0.24468882192069932,0.48450635654780744,0.20639564094167412,1.2079355798888047,5.852524667563877,0.0,0.2767857153585049,0.0,0.2689414760952119,0.0,1.0360239398769695,true
6.075,2.2,0.9649474644720089,0.05916676181398,0.2680473293986091,-0.0010367361953644576,-1.231462551510614e-10,0.0,-0.45506489261589295,0.24166108801695374,0.4873356566073902,0.2051973801715119,1.2044551448303837,5.869739388600642,0.0,0.27895100397612616,0.0,0.26177622601880146,0.0,1.0121735922105382,true
6.125,2.2,0.9746779225130155,0.0577860088598014,0.2608425592633715,-0.001025285294280497,-1.2317681639653982e-10,0.0,-0.44914505563735496,0.23864308307797,0.4902039313799755,0.20399673196926332,1.2009926062602723,5.887312971470684,0.0,0.2811122394792979,0.0,0.25470868267016206,0.0,0.9886911451856122,true
6.175,2.2,0.9845917171019439,0.056407248112057086,0.2537362670649254,-0.0010136421222966246,-1.2320747959663946e-10,0.0,-0.44325359720245544,0.23563521210409163,0.49311164687476916,0.20279383103963888,1.197548649563695,5.905251867990093,0.0,0.2832693576047449,0.0,0.24774150277622975,0.0,0.9655767784396783,true
6.225,2.2,0.9946925076539178,0.05503184418065696,0.24673111707402162,-0.0010018153209025867,-1.232382409892674e-10,0.0,-0.4373911528722516,0.23263787341335126,0.4960592767070019,0.2015888114497759,1.194123950926791,5.923562633952513,0.0,0.28542229354027904,0.0,0.24087713733796193,0.0,0.9428304534339366,true
6.275,2.2,1.0049840413570994,0.0536611192029393,0.23982957026270632,-0.0009898135888998306,-1.232690967852736e-10,0.0,-0.43155834060478804,0.22965145871769044,0.4990473022204215,0.20038180660443997,1.1907191771927228,5.942251930801483,0.0,0.2875709819355536,0.0,0.23411783534122205,0.0,0.9204519189401409,true
6.325,2.2,1.0154701554244916,0.052296351740938135,0.23303388780766562,-0.0009776456745981335,-1.2330004316508383e-10,0.0,-0.4257557611468842,0.2266763532018145,0.5020762126122037,0.1991729492216325,1.1873349857235431,5.961326527340414,0.0,0.28971535691345546,0.0,0.22746564767934302,0.0,0.8984407165980998,true
6.375,2.2,1.0261547794096244,0.05093877580074771,0.2263461348032012,-0.0009653203679852081,-1.2333107628274386e-10,0.0,-0.419983998431265,0.2237129356042841,0.5051465050603293,0.1979623713086109,1.1839720242678717,5.980793301481188,0.0,0.2918553520821311,0.0,0.22092243127203526,0.0,0.8767961865353049,true
6.425,2.2,1.0370419375880024,0.04958957997243718,0.2197681841694159,-0.0009528464928761459,-1.2336219226418846e-10,0.0,-0.4142436199779232,0.22076157830044496,0.508258684853469,0.19675020413833166,1.1806309308344316,6.000659242032351,0.0,0.2939909005476467,0.0,0.21448985336545057,0.0,0.8555174730403642,true
6.475,2.2,1.0481357514063045,0.04824990668870367,0.21330172074122222,-0.0009402328990494813,-1.233933872104343e-10,0.0,-0.40853517729859845,0.21782264738679297,0.5114132655234239,0.19553657822632248,1.1773123335714757,6.020931450527909,0.0,0.2961219349272815,0.0,0.20816939599831163,0.0,0.8346035302819786,true
6.525,2.2,1.0594404420013528,0.04692085160022549,0.20694824552394578,-0.0009274884543765659,-1.2342465719460033e-10,0.0,-0.4028592063032648,0.21489650276636904,0.5146107689801641,0.1943216233079929,1.174016850652152,6.041617143097743,0.0,0.2982483873634513,0.0,0.20196236061922984,0.0,0.8140531280654302,true
6.575,2.2,1.0709603327909376,0.04560346306544034,0.20070908010140126,-0.0009146220369509266,-1.2345599826383973e-10,0.0,-0.39721622770751996,0.2119834982347801,0.517851725649514,0.1931054683163898,1.170745090165817,6.062723652380641,0.0,0.30037018953825345,0.0,0.195869872840503,0.0,0.7938648576186496,true
6.625,2.2,1.082699852138667,0.04429874175227294,0.19458537118252522,-0.0009016425272242229,-1.234874064405859e-10,0.0,-0.39160674743977775,0.20908398156644256,0.5211366746135293,0.1918882413604055,1.1674976500153338,6.08425842948101,0.0,0.30248727268863085,0.0,0.18989288731394915,0.0,0.7740371374001435,true
6.675,2.2,1.0946635360950514,0.04300764034913527,0.18857809527284305,-0.000888558800155422,-1.235188777240714e-10,0.0,-0.38603125704717567,0.20619829460064534,0.5244661637536125,0.19067006970344558,1.1642751178203605,6.106229045970297,0.0,0.30459956762214513,0.0,0.18403219271458424,0.0,0.7545682189212211,true
6.725,2.2,1.1068560312171092,0.04173106338234215,0.18268806345728375,-0.0008753797173797791,-1.2355040808725926e-10,0.0,-0.3804902340991247,0.20332677332703564,0.5278407498964135,0.18945107974256362,1.1610780708266457,6.128643195934178,0.0,0.30670700473334833,0.0,0.17828841681824936,0.0,0.735456192575155,true
6.775,2.2,1.1192820974688737,0.04046986713691277,0.1769159262811016,-0.0008621141194042784,-1.2358199348119783e-10,0.0,-0.3749841425874383,0.20046974797013198,0.5312609989625622,0.1882313969880687,1.1579070758213221,6.151508698066548,0.0,0.30880951402074164,0.0,0.17266203165959534,0.0,0.7166989934660968,true
6.825,2.2,1.1319466112052143,0.03922485967758273,0.1712621787159693,-0.0008487708178362207,-1.2361362983365405e-10,0.0,-0.3695134333220037,0.19762754307247687,0.5347274861182824,0.18701114604361274,1.1547626890542035,6.17483349781142,0.0,0.31090702510430934,0.0,0.16715335875719733,0.0,0.6982944072307754,true
6.875,2.2,1.1448545682414875,0.03799680096670084,0.1657271651985799,-0.000835358587651697,-1.2364531304961877e-10,0.0,-0.36407854432097375,0.19480047757604882,0.5382407959299307,0.1857904505867634,1.1516454561650644,6.198625669553723,0.0,0.3129994672436096,0.0,0.16176257439290093,0.0,0.6802400758462075,true
6.925,2.2,1.1580110870116125,0.03678640307557057,0.16031108472945005,-0.0008218861595108007,-1.236770390137205e-10,0.0,-0.3586799011944839,0.1919888649015589,0.5418015225215118,0.18456943335006884,1.1485559121168913,6.222893418860155,0.0,0.3150867693564089,0.0,0.1564897149329152,0.0,0.6625335034168653,true
6.975,2.2,1.1714214118172124,0.03559433048566871,0.15501399601991708,-0.0008083622121265081,-1.2370880358854554e-10,0.0,-0.3533179175209258,0.18919301302526995,0.5454102697352164,0.18334821610261867,1.1454945811350674,6.247645084771059,0.0,0.3171688600378368,0.0,0.15133468217852145,0.0,0.6451720619349444,true
7.025,2.2,1.1850909161705991,0.03442120047609093,0.14983582267572582,-0.0007947953646942917,-1.237406026168329e-10,0.0,-0.3479929952148385,0.18641322455298406,0.5490676512950293,0.1821269196321078,1.1424619766524642,6.272889142144452,0.0,0.3192456675800441,0.0,0.14629724873472552,0.0,0.628152997007625,true
7.075,2.2,1.199025106234404,0.033267583593476126,0.14477635840594083,-0.000781194169389686,-1.237724319212389e-10,0.0,-0.3427055248855079,0.18364979679085888,0.5527742909734559,0.1809056637274073,1.1394586012603956,6.298634204053209,0.0,0.3213171199923363,0.0,0.1413770633855739,0.0,0.6114734335454187,true
7.125,2.2,1.2132296243607794,0.03213400420059357,0.1398352722463152,-0.0007675671039411309,-1.2380428730533367e-10,0.0,-0.33745588618540207,0.18090302181272475,0.5565308227614145,0.17968456716164694,1.1364849466653815,6.3248890242364695,0.0,0.3233831450217618,0.0,0.13657365646530129,0.0,0.595130381405929,true
7.175,2.2,1.2277102527331953,0.031020941099716776,0.13501211378664965,-0.0007539225642856391,-1.2383616455451478e-10,0.0,-0.33224444814760734,0.1781731865235881,0.5603378910413436,0.17846374767581383,1.1335414936516675,6.351662499606299,0.0,0.3254436701741262,0.0,0.13188644521492984,0.0,0.5791207409875766,true
7.225,2.2,1.242472917113888,0.029928828226857572,0.13030631839207232,-0.0007402688573149453,-1.2386805943660498e-10,0.0,-0.3270715695114653,0.17546057271902488,0.5641961507635703,0.17724332196287101,1.130628712049428,6.378963672810603,0.0,0.32749862273540203,0.0,0.12731473911438657,0.0,0.5634413087680844,true
7.275,2.2,1.257523690700203,0.028858055412901665,0.12571721240859804,-0.0007266141937200221,-1.2389996770254982e-10,0.0,-0.3219375990356587,0.17276545714018093,0.5681062676259877,0.17602340565239974,1.127747060708582,6.406801734853307,0.0,0.3295479297935046,0.0,0.12285774518067881,0.0,0.5480887827827374,true
7.325,2.2,1.2728687980930675,0.02780896920765906,0.12124401834373655,-0.0007129666809420176,-1.2393188508667948e-10,0.0,-0.31684287579803444,0.1700881115241162,0.5720689182570883,0.1748041132957689,1.1248969874781403,6.43518602777277,0.0,0.33159151826039857,0.0,0.11851457322312645,0.0,0.5330597680376793,true
7.375,2.2,1.2885146193810286,0.02678187376283021,0.11688586001334998,-0.0006993343162378439,-1.2396380730669982e-10,0.0,-0.31178772948149647,0.16742880264924848,0.5760847904024021,0.17358555835183362,1.1220789291909876,6.464126047379419,0.0,0.3336293148945015,0.0,0.11428424104712154,0.0,0.518350781853719,true
7.425,2.2,1.3044676943433027,0.025777031769890685,0.11264176764640375,-0.0006857249798688309,-1.239957300660698e-10,0.0,-0.30677248064535617,0.16478779237566954,0.5801545831143826,0.17236785317316733,1.1192933116540107,6.4936314460534925,0.0,0.33566124632334654,0.0,0.11016567959837206,0.0,0.5039582591364009,true
7.475,2.2,1.3207347267754797,0.024794665448895185,0.10851068293966047,-0.0006721464284210538,-1.2402764905457362e-10,0.0,-0.30179744098156946,0.1621653376801305,0.5842790069457916,0.17115110899282718,1.1165405496434497,6.523712035603832,0.0,0.3376872390664623,0.0,0.10615773804003276,0.0,0.4898785575682636,true
7.525,2.2,1.3373225889415297,0.02383495758423223,0.10449146405483889,-0.0006586062882660943,-1.240595599481372e-10,0.0,-0.29686291355534905,0.1595616906855115,0.588458784146623,0.1699354359116569,1.1138210469053755,6.55437779018856,0.0,0.339707219558432,0.0,0.10225918875563436,0.0,0.4761079627195153,true
7.575,2.2,1.3542383261559907,0.022898052603376212,0.10058289055116044,-0.000645112049171157,-1.2409145840783715e-10,0.0,-0.29196919302968943,0.15697709868461612,0.5926946488646163,0.16872094288612696,1.1111351961611537,6.585638849298515,0.0,0.3417211141720854,0.0,0.09846873227115989,0.0,0.46264269307352957,true
7.625,2.2,1.3714891615001983,0.021984057694726597,0.09678366824666002,-0.0006316710580676213,-1.2412334008393603e-10,0.0,-0.287116565873399,0.15441180415815026,0.5969873473494006,0.16750773771671362,1.1084833791177728,6.617505520804191,0.0,0.34372884924177755,0.0,0.09478500209010406,0.0,0.44947890496383414,true
7.675,2.2,1.3890825006766756,0.02109304396066878,0.093092434002067,-0.0006182905129872009,-1.2415520061528425e-10,0.0,-0.2823053105522898,0.15186604478677368,0.6013376381603148,0.16629592703681773,1.1058659664828967,6.649988284066989,0.0,0.34573035108670985,0.0,0.09120656943581201,0.0,0.43661269741947967,true
7.725,2.2,1.4070259370057778,0.020225047602038138,0.0895077604214752,-0.0006049774571750072,-1.2418703562797075e-10,0.0,-0.27753569770323294,0.1493400534571309,0.6057462923779466,0.1650856163022232,1.103283317984487,6.6830977931154205,0.0,0.3477255460342407,0.0,0.08773194789583673,0.0,0.4240401169159075,true
7.775,2.2,1.4253272565689634,0.019380071130235783,0.08602816046446077,-0.0005917387733888943,-1.2421884073888447e-10,0.0,-0.27280799029084646,0.14683405826179874,0.6102140938194345,0.16387690978109484,1.1007357823948463,6.716844879886972,0.0,0.3497143604431359,0.0,0.08435959796352101,0.0,0.4117571620286541,true
7.825,2.2,1.443994443503033,0.018558084603308555,0.0826520919647141,-0.0005785811783944873,-1.242506115543652e-10,0.0,-0.26812244374664096,0.14434828249310824,0.6147418392575709,0.16266991054451554,1.0982236975589188,6.751240557536199,0.0,0.3516967207267053,0.0,0.081087931472442,0.0,0.3997597879874703,true
7.875,2.2,1.4630356854499524,0.017759026882379857,0.07937796205066126,-0.0005655112176653306,-1.2428234367201934e-10,0.0,-0.2634793060905104,0.1418829446308271,0.6193303386437504,0.1614647204575614,1.0957473904266752,6.7862960238095855,0.0,0.3536725533757714,0.0,0.0779153159197891,0.0,0.3880439111286293,true
7.925,2.2,1.4824593791669018,0.016982806904900147,0.0762041314639582,-0.0005525352602975617,-1.24314032679822e-10,0.0,-0.2588788180345134,0.13943825832371307,0.623980415334802,0.16026144017091332,1.0933071770894056,6.822022664487672,0.0,0.3556417849814143,0.0,0.07484007867517337,0.0,0.37660541324342844,true
7.975,2.2,1.5022741363013916,0.01622930497126949,0.07312891877212804,-0.0005396594941484682,-1.2434567416024876e-10,0.0,-0.25432121306895356,0.1370144323649759,0.6286929063237419,0.15906016911300344,1.0909033628197322,6.8584320568948085,0.0,0.35760434225743243,0.0,0.0718605110717731,0.0,0.36544014582110196,true
8.025,2.2,1.5224887893364292,0.015498374041479756,0.0701506044720072,-0.0005268899212081756,-1.2437726368379285e-10,0.0,-0.24980671753082487,0.13461167066171034,0.6334686624744872,0.15786100548269424,1.0885362421151588,6.895535973476941,0.0,0.3595601520624636,0.0,0.0689748723771306,0.0,0.3545439341845582,true
8.075,2.2,1.5431123977107943,0.014789841038516726,0.06726743498103006,-0.0005142323532135853,-1.244087968181924e-10,0.0,-0.24533555065475413,0.1322301721983886,0.6383085487605634,0.15666404624248748,1.0862060987449471,6.933346385447606,0.0,0.36150914142170476,0.0,0.06618139364129402,0.0,0.3439125815175747,true
8.125,2.2,1.564154254119757,0.014103508155365686,0.06447762651375645,-0.000501692407513494,-1.2444026912146747e-10,0.0,-0.24090792460662622,0.12987013099452796,0.6432134445078442,0.1554693871122597,1.0839132058001233,6.971875466502371,0.0,0.36345123754816666,0.0,0.0634782814203841,0.0,0.3335418727822655,true
8.175,2.2,1.58562389100159,0.013439154162567699,0.06177936884139398,-0.0004892755031935905,-1.2447167614690148e-10,0.0,-0.23652404450014253,0.1275317360566728,0.6481842436413521,0.15427712256352097,1.0816578257463965,7.011135596601773,0.0,0.36538636786340334,0.0,0.060863721374022926,0.0,0.32342757852584547,true
8.225,2.2,1.607531087215496,0.01279653571338517,0.05917082893242086,-0.000476986857469756,-1.2450301344175238e-10,0.0,-0.23218410839662082,0.12521517132485782,0.6532218549361561,0.1530873458141931,1.07944021047978,7.051139365822767,0.0,0.3673144600176532,0.0,0.05833588173542253,0.0,0.3135654585758954,true
8.275,2.2,1.629885874916631,0.012175388643742947,0.0566501544727331,-0.00046483148235775933,-1.2453427654807358e-10,0.0,-0.22788830728840048,0.12292061561374153,0.6583272022723943,0.15190014882390243,1.0772606013846862,7.091899578278573,0.0,0.36923544190932595,0.0,0.055892916653255596,0.0,0.3039512656235213,true
8.325,2.2,1.6526985466341857,0.011575429264229872,0.05421547726407243,-0.0004528141816270712,-1.245654610029584e-10,0.0,-0.22363682506627672,0.12064824254862569,0.663501224894449,0.1507156222897828,1.0751192293942635,7.133429256106698,0.0,0.3711492417037709,0.0,0.05353296940476495,0.0,0.29458074869397277,true
8.375,2.2,1.6759796625585508,0.010996355641561586,0.0518649164997935,-0.00044093954804609093,-1.245965623385242e-10,0.0,-0.21942983847144126,0.11839822049659894,0.6687448776743028,0.14953385564278332,1.0730163150527545,7.175741643524856,0.0,0.3730557878512623,0.0,0.051254175479872835,0.0,0.2854496565044705,true
8.425,2.2,1.6997400580438065,0.01043784886702457,0.04959658191732525,-0.0004292119609256093,-1.24627576082924e-10,0.0,-0.21526751703246125,0.11617071249306604,0.6740591313790995,0.1483549370444753,1.0709520685796214,7.218850210954293,0.0,0.3749550091041357,0.0,0.04905466553634546,0.0,0.27655374070914757,true
8.475,2.2,1.7239908513320075,0.009899574309543302,0.0474085768269649,-0.00041763558396680825,-1.2465849776035796e-10,0.0,-0.21115002298787894,0.1139658761639461,0.67944497294293,0.1471789533843523,1.0689266899352023,7.262768659209993,0.0,0.37684683453300977,0.0,0.04693256822634982,0.0,0.2678887590311788,true
8.525,2.2,1.7487434515058182,0.009381182851134809,0.04529900101691388,-0.00040621436341952506,-1.2468932289050955e-10,0.0,-0.20707751119506668,0.11178386364384492,0.6849034057428698,0.14600599027761668,1.0669403688876522,7.307510923757068,0.0,0.37873119354202683,0.0,0.04488601289500487,0.0,0.2594504782823262,true
8.575,2.2,1.7740095666763016,0.00888231210263972,0.04326595353472464,-0.000394952026555907,-1.2472004699070915e-10,0.0,-0.20305012902601874,0.10962482149052655,0.6904354498792783,0.14483613206344614,1.0649932850809107,7.353091179032491,0.0,0.38060801588304854,0.0,0.04291313215178227,0.0,0.2512346772702803,true
8.625,2.2,1.7998012124128726,0.008402587597741363,0.04130753534556679,-0.0003838520804639053,-1.2475066557368992e-10,0.0,-0.19906801625080528,0.107488890596028,0.6960421424603814,0.14366946180373263,1.0630856081034437,7.399523842831183,0.0,0.38247723166874187,0.0,0.041012064315842846,0.0,0.24323714959431722,true
8.675,2.2,1.826130720422573,0.007941623963412511,0.03942185186796166,-0.00037291781116436854,-1.2478117414897205e-10,0.0,-0.19513130490945982,0.10537620609478007,0.7017245378911486,0.1425060612822862,1.0612174975574968,7.446823580755356,0.0,0.384338771384488,0.0,0.03918095573662506,0.0,0.23545370632993304,true
8.725,2.2,1.8530107474860638,0.007499026065051728,0.037607015387846415,-0.00036215228305475636,-1.2481156822298009e-10,0.0,-0.1912401191731091,0.10328689726911264,0.707483708166476,0.1413460110044955,1.0593891031285965,7.495005310725767,0.0,0.38619256589905443,0.0,0.03741796299120101,0.0,0.22788017860324605,true
8.775,2.2,1.8804542846579175,0.007074390124698677,0.03586114735204183,-0.00035155833868170917,-1.248418432986661e-10,0.0,-0.187394575195193,0.1012210874525395,0.713320743168682,0.14018939019743687,1.057600564655028,7.544084207553421,0.0,0.3880385464739642,0.0,0.035721254960115426,0.0,0.22051242005608676,true
8.825,2.2,1.9084746667390133,0.00666730481084196,0.034182380542391776,-0.00034113859884390936,-1.2487199487577148e-10,0.0,-0.1835947809536566,0.099178893931231,0.7192367509693197,0.13903627681042352,1.0558520121970263,7.594075707570078,0.0,0.38987664477150336,0.0,0.03408901478360081,0.0,0.21334630920281417,true
8.875,2.2,1.9370855820290538,0.006277352298454674,0.03256886113201895,-0.0003308954630258306,-1.249020184500735e-10,0.0,-0.17984083608502704,0.09716042784409558,0.7252328581353166,0.1378867475159842,1.0541435661053884,7.644995513315659,0.0,0.3917067928613041,0.0,0.03251944170022175,0.0,0.20637775167999833,true
8.925,2.2,1.9663010823674307,0.005904109298021203,0.031018750625325147,-0.00032083111016210404,-1.2493190951391487e-10,0.0,-0.17613283171131577,0.09516579408190305,0.7313102100394241,0.13674087771126442,1.0524753370892475,7.696859598280514,0.0,0.3935289232254463,0.0,0.03101075277016642,0.0,0.1996026823902458,true
8.975,2.2,1.9961355934709402,0.005547148052435208,0.029530227683509748,-0.0003109474997313496,-1.2496166355598028e-10,0.0,-0.172470850260713,0.09319509118589062,0.7374699711749895,0.1355987415198383,1.0508474262827103,7.749684211700223,0.0,0.39534296876202013,0.0,0.02956118448552875,0.0,0.1930170675415098,true
9.025,2.2,2.026603925576966,0.00520603730077163,0.028101489837532936,-0.00030124637317742193,-1.2499127606007119e-10,0.0,-0.16885496528306018,0.09124841124630181,0.7437133254750339,0.13446041179392174,1.04925992531007,7.803485883400379,0.0,0.3971488627870938,0.0,0.028168994270057108,0.0,0.18661690658334593,true
9.075,2.2,2.0577212844011328,0.004880343208056096,0.026730755090591776,-0.00029172925565510506,-1.2502074250616852e-10,0.0,-0.16528524126110627,0.08932583980131423,0.7500414766356247,0.13332596011697723,1.0477129163493166,7.858281428688581,0.0,0.3989465390350325,0.0,0.02683246187096327,0.0,0.18039823404166092,true
9.125,2.2,2.089503282418562,0.004569630260267872,0.02541626341229049,-0.00028239745809637386,-1.2505005836892738e-10,0.0,-0.16176173341856467,0.0874274557368169,0.7564556484435305,0.13219545680669872,1.0462064721936313,7.914087953290518,0.0,0.4007359316571199,0.0,0.02554989064547655,0.0,0.17435712125357306,true
9.175,2.2,2.121965950478152,0.004273462123930368,0.024156278126809344,-0.00027325207959241554,-1.250792191172399e-10,0.0,-0.1582844875260014,0.08555333118750016,0.7629570851081401,0.13106897091836586,1.0447406563105683,7.970922858326764,0.0,0.4025169752184311,0.0,0.024319608744925895,0.0,0.1684896780040914,true
9.225,2.2,2.155125749759546,0.003991402469755519,0.02294908719748018,-0.00026429401008569274,-1.251082202148192e-10,0.0,-0.15485353970558982,0.0837035314397231,0.7695470515976177,0.12994657024855732,1.0433155228986228,8.028803845326621,0.0,0.4042896046929116,0.0,0.02313997019921071,0.0,0.16279205406639188,true
9.275,2.2,2.1889995840827012,0.0037230157599155143,0.021793004410262592,-0.00025552393336541427,-1.251370571186833e-10,0.0,-0.15146891623577052,0.08187811483662215,0.7762268339792742,0.1288283213392106,1.0419311169408554,8.08774892127489,0.0,0.4060537554566189,0.0,0.022009355904581904,0.0,0.15726044064752476,true
9.325,2.2,2.223604812580238,0.0034678679986259405,0.02068637045870857,-0.00024694233035889095,-1.2516572527896987e-10,0.0,-0.14813063335685384,0.0800771326859231,0.7829977397641158,0.12771428948201788,1.0405874742552648,8.147776403687224,0.0,0.4078093632790852,0.0,0.020926174517720435,0.0,0.15189107174146052,true
9.375,2.2,2.258959262743079,0.003225527445825812,0.01962755393306933,-0.0002385494827103676,-1.2519422013776671e-10,0.0,-0.14483869707859928,0.07830062917091357,0.7898610982555435,0.12660453872314525,1.0392846215415648,8.208904925709172,0.0,0.40955636431276493,0.0,0.01988886325914009,0.0,0.14668022539142428,true
9.425,2.2,2.295081243849932,0.0029955652938431403,0.018614952216269964,-0.0002303454766380763,-1.2522253712888711e-10,0.0,-0.1415931029907961,0.07654864126502796,0.7968182609021491,0.1254991318682645,1.0380225764240352,8.271153441233679,0.0,0.4112946950805295,0.0,0.018895888628984083,0.0,0.14162422486353018,true
9.475,2.2,2.3319895607917926,0.002777556307030618,0.017646992289527475,-0.0002223302070594273,-1.252506716760349e-10,0.0,-0.13839383607785938,0.07482119865048895,0.8038706016545766,0.12439813048788421,1.0368013474900848,8.3345412300313,0.0,0.4130242924611813,0.0,0.017945747038307706,0.0,0.13671943973375741,true
9.525,2.2,2.3697035283026358,0.0025710794244525204,0.016722131450441904,-0.0002145033819734592,-1.2527861919332337e-10,0.0,-0.1352408705384384,0.07311832364144133,0.811019517326387,0.123301594922969,1.0356209343241667,8.399087902886876,0.0,0.41474509367295503,0.0,0.017036965358963867,0.0,0.13196228689036127,true
9.575000000000001,2.2,2.4082429856078384,0.002375718325792749,0.015838857946424437,-0.00020686452708892407,-1.2530637508318546e-10,0.0,-0.1321341696110167,0.0714400311120014,0.8182664279588774,0.12220958429083392,1.0344813275366616,8.464813406735814,0.0,0.41645703625498476,0.0,0.016168101395214067,0.0,0.12734923145383795,true
9.625,2.2,2.4476283115022253,0.0021910619607432118,0.014995691526362962,-0.000199412990685658,-1.2533393473660517e-10,0.0,-0.12907368540645991,0.06978632842963457,0.8256127771897865,0.12112215649130226,1.0333825087873358,8.531738029792614,0.0,0.4181600580467125,0.0,0.015337744280195109,0.0,0.1228767876165944,true
9.675,2.2,2.4878804398698375,0.0020167050422134646,0.014191183913446214,-0.00019214794869623264,-1.2536129353022953e-10,0.0,-0.12605935874844135,0.06815721539425859,0.8330600326258248,0.12003936821311383,1.032324450802955,8.599882406663463,0.0,0.41985409716522226,0.0,0.014544514800363373,0.0,0.11854151940449956,true
9.725,2.2,2.529020875657882,0.0018522485037830343,0.013423919202086932,-0.0001850684099942624,-1.2538844682611333e-10,0.0,-0.12309111902264702,0.0665526841834549,0.8406096862189508,0.11896127494057133,1.0313071173886112,8.669267523434112,0.0,0.42153909198048406,0.0,0.013787065651029457,0.0,0.11434004136250839,true
9.775,2.2,2.5710717113175803,0.0016972999218934641,0.012692514181895303,-0.00017817322187517568,-1.254153899706861e-10,0.0,-0.12016888403562846,0.06497271930415328,0.8482632546463174,0.11788793096041268,1.0303304634323098,8.739914722723395,0.0,0.42321498108849914,0.0,0.01306408162607778,0.0,0.11026901916657254,true
9.825000000000001,2.2,2.6140556437249107,0.0015514739033483437,0.011995618591657103,-0.00017146107571475714,-1.2544211829345952e-10,0.0,-0.11729255988413702,0.06341729755113679,0.8560222796937955,0.1168193893688966,1.0293944349023176,8.811845708691882,0.0,0.424881703282337,0.0,0.01237427974494139,0.0,0.10632517016405763,true
9.875,2.2,2.657995991594698,0.0014143924387560248,0.011331915306266697,-0.0001649305127903158,-1.254686271053085e-10,0.0,-0.11446204083573518,0.061886387972694676,0.8638883286429924,0.1157557020790886,1.0284989688367432,8.88508255199415,0.0,0.42653919752106373,0.0,0.01171640931986994,0.0,0.10250526384489268,true
9.925,2.2,2.7029167134016254,0.001285685222614947,0.010700120459562435,-0.00015857993024895136,-1.2549491169727378e-10,0.0,-0.11167720922143909,0.0603799518437293,0.8718629946616503,0.11469691982833573,1.027643993324804,8.959647694662205,0.0,0.4281874028965602,0.0,0.011089251966499047,0.0,0.09880612224568804,true
9.975,2.2,2.748842425822117,0.0011649899407979037,0.010098983505991985,-0.00015240758720706595,-1.255209673391719e-10,0.0,-0.10893793534110363,0.05889794264660201,0.8799478971973289,0.11364309218591716,1.0268294274791645,9.03556395490628,0.0,0.4298262585982354,0.0,0.010491621560683029,0.0,0.09522462028904816,true
10.025,2.2,2.7957984227115102,0.0010519525262478052,0.009527287224020813,-0.00014641161096500988,-1.2554678927723664e-10,0.0,-0.10624407738221563,0.05744030605997917,0.8881446823742497,0.11259426756085854,1.0260551813987075,9.112854531818083,0.0,0.4314557038756441,0.0,0.00992236414451251,0.0,0.0917576860603079,true
10.075000000000001,2.2,2.843810694630995,0.0009462273837464325,0.008983847664169799,-0.00014059000332056006,-1.2557237273359046e-10,0.0,-0.1035954813527124,0.05600697995591581,0.8964550233931816,0.11155049320989793,1.0253211561210278,9.19154300996,0.0,0.4330756779990181,0.0,0.009380357784386723,0.0,0.08840230102391033,true
10.125,2.2,2.892905948939318,0.0008474775846646484,0.008467514044542448,-0.00013494064696480454,-1.2559771290461501e-10,0.0,-0.10099198102839374,0.054597894405389535,0.9048806209342329,0.11051181524559144,1.0246272435639072,9.271653363822399,0.0,0.4346861202177293,0.0,0.008864512383960192,0.0,0.08515550018163437,true
10.175,2.2,2.943111630464523,0.0007553750326428035,0.007977168596665765,-0.00012946131194394516,-1.2562280495729058e-10,0.0,-0.09843339791544356,0.053212971692471696,0.9134232035624107,0.10947827864454661,1.023973326454928,9.353209962129183,0.0,0.4362869697167029,0.0,0.008373769454724447,0.0,0.08201437217486601,true
10.225,2.2,2.9944559427712996,0.0006696006011878043,0.007511726364433416,-0.00012414966217054308,-1.256476440299616e-10,0.0,-0.09591954122852456,0.05185212633729626,0.9220845281357999,0.10844992725577163,1.0233592782483352,9.436237571970088,0.0,0.43787816557080267,0.0,0.007907101846927618,0.0,0.0789760593330887,true
10.275,2.2,3.0469678700398233,0.0005898442442063583,0.007070134958899002,-0.00011900326196780221,-1.256722252282541e-10,0.0,-0.09345020788485398,0.050515265127960285,0.9308663802161969,0.10742680380912958,1.0227849630281698,9.520761362735891,0.0,0.43945964669721577,0.0,0.007463513443472915,0.0,0.07603775767075274,true
10.325000000000001,2.2,3.1006771995723854,0.0005158050805215242,0.0066513742716201255,-0.00011401958263062859,-1.2569654362513768e-10,0.0,-0.0910251825146153,0.049202287161462695,0.9397705744820354,0.1064089499238855,1.022250235396591,9.606806909830501,0.0,0.44103135180586533,0.0,0.007042038819370276,0.0,0.07319671683465513,true
10.375,2.2,3.1556145449443025,0.0004471914534450055,0.00625445614920813,-0.00010919600898740429,-1.2572059425751603e-10,0.0,-0.08864423748800128,0.047913083893759936,0.9487989551434195,0.1053964061173361,1.0217549403462136,9.694400198131145,0.0,0.4425932193478871,0.0,0.00664174286925063,0.0,0.07045024000394288,true
10.425,2.2,3.2118113698161075,0.0003837209664968988,0.00587842403168481,-0.00010452984594668147,-1.2574437212424192e-10,0.0,-0.08630713295912977,0.046647539198989896,0.9579533963590798,0.10438921181351075,1.0212989131151637,9.783567625165078,0.0,0.44414518746220216,0.0,0.006261720405381445,0.0,0.06779568374482063,true
10.475,2.2,3.2693000124240905,0.00032512049638138503,0.0055223525571945885,-0.00010001832501332556,-1.25767872184743e-10,0.0,-0.08401361692701426,0.04540552943788692,0.9672358026550456,0.10338740535193355,1.0208819790234323,9.87433600396801,0.0,0.4456871939202278,0.0,0.0059010957285530975,0.0,0.06523045782201753,true
10.525,2.2,3.3281137107668486,0.00027112618433831496,0.0051853471355620614,-9.565861075901929e-5,-1.2579108935650713e-10,0.0,-0.08176342531371471,0.044186923535383345,0.976648109344826,0.10239102399643607,1.020503953288952,9.966732565585755,0.0,0.447219176068769,0.0,0.005559022174132172,0.0,0.06275202496903551,true
10.575000000000001,2.2,3.3882866285056794,0.0002214834069993031,0.004866543493126465,-9.144780723247626e-5,-1.2581401851245442e-10,0.0,-0.07955628205973636,0.042991583067364704,0.986192282950874,0.10140010394401087,1.0201646408216707,10.060784961176818,0.0,0.4487410707711351,0.0,0.005234681635505787,0.0,0.06035790061916867,true
10.625,2.2,3.4498538815969044,0.00017594672788074473,0.004565107191221134,-8.738296429519927e-5,-1.2583665447989136e-10,0.0,-0.07739189923668693,0.0418193623565182,0.9958703216270941,0.10041468033369633,1.019863835993702,10.1565212636689,0.0,0.45025281434652925,0.0,0.004927284067065442,0.0,0.05804565259924903,true
10.675,2.2,3.5128515656747066,0.00013427983064767782,0.004280233120604065,-8.34610838691561e-5,-1.2585899203675102e-10,0.0,-0.07526997717714595,0.040670108577187086,1.0056842555821484,0.09943478725548328,1.0196013223834428,10.253969968917668,0.0,0.45175434250776225,0.0,0.004636066968805779,0.0,0.05581290078803727,true
10.725,2.2,3.5773167842031506,9.625543527884852e-5,0.004011144974078046,-7.967912608332483e-5,-1.2588102591011726e-10,0.0,-0.07319020462164376,0.039543661869116065,1.015636147503294,0.09846045775923476,1.0193768724913186,10.353159996310394,0.0,0.4532455902973428,0.0,0.004360294854536579,0.0,0.05365731674114003,true
10.775,2.2,3.643287677416654,6.165519825750429e-5,0.0037570946994721368,-7.603401530668086e-5,-1.259027507735217e-10,0.0,-0.07115225888259334,0.038439855459947166,1.025728092980478,0.09749172386360996,1.0191902474245558,10.45412068875091,0.0,0.45472649202200055,0.0,0.004099258705631314,0.0,0.051576623284295756,true
10.825000000000001,2.2,3.710803452067954,3.02695979030241e-5,0.0035173619350876966,-7.252264605585764e-5,-1.2592416124523052e-10,0.0,-0.06915580602496259,0.03735851579629916,1.0359622209303945,0.0965286165649847,1.0190411965481128,10.556881811955494,0.0,0.4561969811856992,0.0,0.003852275412159971,0.0,0.04956859407683275,true
10.875,2.2,3.779904412003608,1.8978059456912711e-6,0.0032912534296412094,-6.91418887664018e-5,-1.2594525188431782e-10,0.0,-0.06720050106342365,0.03629946268323905,1.0463406940202018,0.09557116584635988,1.0189294570985752,10.661473552981505,0.0,0.45765699042119823,0.0,0.003618687203177362,0.0,0.047631053147059794,true
10.925,2.2,3.8506319895865677,-2.3652453568231784e-5,0.0030781024486658095,-6.588859541726213e-5,-1.2596601718955813e-10,0.0,-0.06528598817566374,0.03526250943192965,1.0568657090905733,0.09461940068625126,1.0188547537574772,10.767926517901975,0.0,0.4591064514202249,0.0,0.0033978610678633177,0.0,0.04576187440131066,true
10.975,2.2,3.9230287779862505,-4.6565056972426416e-5,0.0028772681692608186,-6.275960499889588e-5,-1.2598645159596726e-10,0.0,-0.06341190093149231,0.03424746301521417,1.0675394975777437,0.09367334906755287,1.0188167981801102,10.876271728529604,0.0,0.46054529486231854,0.0,0.003189188169135474,0.0,0.043958981108319105,true
11.025,2.2,3.9971385643564137,-6.701564422949685e-5,0.002688135065005931,-5.9751748816137363e-5,-1.2600654947311627e-10,0.0,-0.061577862537332426,0.03325412423087626,1.0783643259341984,0.09273303798636788,1.0188152884754444,10.986540618082785,0.0,0.46197345034241466,0.0,0.002992083251280743,0.0,0.04222034536055938,true
11.075000000000001,2.2,4.073006363921396,-8.517179170821979e-5,0.002510112282783682,-5.686185561775345e-5,-1.2602630512136413e-10,0.0,-0.05978348609563769,0.03228228787229234,1.0893424960476261,0.0917984934608004,1.0188499086322893,11.098765025673938,0.0,0.46339084629723026,0.0,0.002805984043077795,0.0,0.040543987514142434,true
11.125,2.2,4.150678454991774,-0.00010119319348987965,0.002342633013179858,-5.408675654540012e-5,-1.2604571277021224e-10,0.0,-0.05802837487873331,0.03133174290617396,1.1004763456577527,0.09086974053970255,1.018920327886268,11.212977189486793,0.0,0.4647974099305193,0.0,0.002630350657809274,0.0,0.03892797560881518,true
11.175,2.2,4.23020241493016,-0.00011523185023169418,0.002185153856058455,-5.142328989549083e-5,-1.2606476657540439e-10,0.0,-0.05631212261653817,0.030402272657077244,1.1117682487706337,0.08994680331137138,1.0190262000215675,11.329209738493716,0.0,0.4661930671372651,0.0,0.0024646649914908227,0.0,0.03737042476956502,true
11.225,2.2,4.311627157088707,-0.00012743226464498038,0.002037154182833349,-4.886830568828769e-5,-1.2608346061592954e-10,0.0,-0.05463431379758612,0.029493654998340512,1.1232206160699865,0.08902970491219077,1.019167162600711,11.447495682546705,0.0,0.4675777424268802,0.0,0.002308430120572038,0.0,0.03586949659128759,true
11.275,2.2,4.39500296873926,-0.0001379316426766919,0.0018981354968854202,-4.641867003932593e-5,-1.2610178889166935e-10,0.0,-0.052994523982728435,0.028605662549093337,1.1348358953251028,0.08811846753521349,1.0193428361148198,11.567868400655911,0.0,0.46895135884547967,0.0,0.0021611697002945087,0.0,0.03442339850793101,true
11.325000000000001,2.2,4.480381550017989,-0.0001468600995150859,0.0017676207935013648,-4.407126932907533e-5,-1.2611974532069376e-10,0.0,-0.05139232013086576,0.02773806287696596,1.146616571794875,0.0872131124386798,1.0195528230459643,11.690361627247503,0.0,0.4703138378973,0.0,0.0020224273648238463,0.0,0.03303038314748567,true
11.375,2.2,4.567816053905893,-0.00015434086957467186,0.0016451539206363294,-4.182301416752829e-5,-1.2613732373588826e-10,0.0,-0.04982726093602674,0.026890618706113992,1.1585651686274416,0.08631365995446812,1.0197967068321654,11.815009436167172,0.0,0.47166509946533314,0.0,0.0018917661302038002,0.0,0.031688747674142856,true
11.425,2.2,4.6573611272665785,-0.00016049051964979363,0.001530298941731931,-3.9670843151177435e-5,-1.261545178833487e-10,0.0,-0.048298897175082574,0.02606308813016112,1.1706842472549281,0.08542012949647558,1.0200740507245323,11.941846222167344,0.0,0.4730050617312447,0.0,0.0017687678011158727,0.0,0.030396833118903045,true
11.475,2.2,4.749072952963554,-0.00016541916446272134,0.0014226395017481843,-3.761172641060236e-5,-1.2617132141833576e-10,0.0,-0.046806772065361414,0.025255224829651427,1.182976407782758,0.08453253956892437,1.0203843965246864,12.070906679583508,0.0,0.47433364109464804,0.0,0.0016530323823615938,0.0,0.029153023699867883,true
11.525,2.2,4.843009293077993,-0.00016923068386806754,0.0013217781974988925,-3.5642668947625356e-5,-1.2618772790365767e-10,0.0,-0.04535042163140386,0.02446677829359391,1.1954442893729509,0.08365090777459253,1.020727263189229,12.202225777868447,0.0,0.4756507520918046,0.0,0.001544177495922914,0.0,0.02795574613340871,true
11.575000000000001,2.2,4.939229533249003,-0.00017202294101292654,0.001227335953309496,-3.376071376171165e-5,-1.262037308063736e-10,0.0,-0.04392937508008171,0.023697494044673483,1.2080905706208298,0.08277525082296658,1.0211021452863267,12.33583873361112,0.0,0.4769563073138185,0.0,0.0014418378043936537,0.0,0.02680346893735854,true
11.625,2.2,5.037794728157811,-0.00017388800078960555,0.001138951402948293,-3.1962944765983155e-5,-1.2621932349471295e-10,0.0,-0.04254315518328509,0.022947113867696604,1.2209179699245238,0.08190558453831417,1.0215085112876268,12.471780978619117,0.0,0.47825021732439815,0.0,0.0013456644415153138,0.0,0.0256947017273322,true
11.675,2.2,5.138767648177157,-0.0001749123479553412,0.0010562802787154751,-3.024648949388021e-5,-1.2623449923613787e-10,0.0,-0.041191278667370025,0.022215376040834334,1.2339292458466047,0.08104192386767649,1.0219458016765974,12.610088123589078,0.0,0.47953239057725316,0.0,0.0012553244504929732,0.0,0.024627994507237655,true
11.725,2.2,5.242212827207291,-0.000175177104331736,0.0009789948085076796,-2.8608521598142768e-5,-1.262492511936934e-10,0.0,-0.03987325660854746,0.021502015569222602,1.2471271974672111,0.0801842828887782,1.0224134268519127,12.750795916826732,0.0,0.4808027333331945,0.0,0.0011705002307096962,0.0,0.023601936954996617,true
11.775,2.2,5.348196611719228,-0.00017475824453407044,0.0009067831216124164,-2.7046263144387792e-5,-1.2626357242397027e-10,0.0,-0.03858859483338713,0.02080676442047695,1.2605146647279395,0.07933267481785568,1.0229107648017295,12.893940197406524,0.0,0.4820611495770081,0.0,0.0010908889934041204,0.0,0.022615157704454044,true
11.825000000000001,2.2,5.456787211026217,-0.00017372680971841856,0.0008393486639237193,-2.5556986702132926e-5,-1.262774558738688e-10,0.0,-0.037336794323604976,0.020129351761678863,1.2740945287657808,0.07848711201740291,1.0234371585214825,13.039556842078179,0.0,0.48330754093416917,0.0,0.0010162022268228317,0.0,0.021666323624412936,true
11.875,2.2,5.56805474880367,-0.00017214911887176106,0.0007764096232093189,-2.4138017236655193e-5,-1.2629089437814068e-10,0.0,-0.036117351624300895,0.019469504197391258,1.2878697122363398,0.07764760600383526,1.0239919131441055,13.187681705132382,0.0,0.4845418065874645,0.0,0.0009461651713082885,0.0,0.020754139095691227,true
11.925,2.2,5.682071315877417,-0.0001700869772069985,0.000717698365000587,-2.2786733805577146e-5,-1.2630388065694737e-10,0.0,-0.034929759254814,0.018826946008263228,1.301843179625547,0.0768141674550719,1.0245742927473194,13.338350550327661,0.0,0.48576384319359,0.0,0.0008805163047342304,0.0,0.019877345287057823,true
11.975,2.2,5.7989110242996516,-0.00016759788126093035,0.0006629608796190866,-2.1500571064540007e-5,-1.2631640731232027e-10,0.0,-0.03377350612136698,0.018201399389787636,1.3160179375490284,0.07598680621803797,1.0251835167976622,13.491598973853188,0.0,0.48697354479978733,0.0,0.0008190068386535283,0.0,0.01903471943086617,true
12.025,2.2,5.918650062731765,-0.0001647352203287353,0.0006119562407980554,-2.027702058675416e-5,-1.2632846682617745e-10,0.0,-0.032648077930676464,0.017592584690779983,1.330397035038286,0.0751655313160873,1.0258187561851644,13.647462317154053,0.0,0.48817080276058783,0.0,0.0007614002254783241,0.0,0.018225074099164656,true
12.075000000000001,2.2,6.0413667531517214,-0.00016154847390308905,0.0005644560763036771,-1.9113632001610244e-5,-1.2634005155776663e-10,0.0,-0.03155295760371613,0.017000220651153263,1.3449835638127832,0.07435035095634793,1.0264791287958521,13.80597556827286,0.0,0.48935550565472513,0.0,0.0007074716769692571,0.0,0.01744725648102695,true
12.125,2.2,6.1671416089041715,-0.0001580834048197454,0.0005202440509095887,-1.8008013957890326e-5,-1.263511537405413e-10,0.0,-0.030487625688829647,0.01642402463857088,1.3597806585370065,0.07354127253699168,1.0271636945613842,13.967173250159833,0.0,0.4905275392022822,0.0,0.0006570076942694916,0.0,0.01670014766180756,true
12.175,2.2,6.296057394109391,-0.00015438224784404975,0.0004791153620287868,-1.6957834917436993e-5,-1.2636176547993272e-10,0.0,-0.029451560773405158,0.015863712883568366,1.3747914970615411,0.07273830265443051,1.0278714499158947,14.1310892941669,0.0,0.49168678618213396,0.0,0.0006098056096802119,0.0,0.01598266190499293,true
12.225,2.2,6.428199184447237,-0.0001504838934644944,0.0004408762482597851,-1.5960823785419775e-5,-1.2637187875082857e-10,0.0,-0.028444239893338486,0.015319000712744278,1.390019300647151,0.07194144711044158,1.028601321579213,14.297756896662726,0.0,0.4928331263497496,0.0,0.0005656731403370125,0.0,0.015293745937282765,true
12.275,2.2,6.563654429330789,-0.0001464240666897206,0.0004053435110591688,-1.5014770383583473e-5,-1.2638148539500312e-10,0.0,-0.027465138939530665,0.014789602779631338,1.405467334170813,0.07115071091922406,1.029352159572747,14.467208356376782,0.0,0.49396643635541376,0.0,0.0005244279539117557,0.0,0.014632378237502778,true
12.325000000000001,2.2,6.702513015483193,-0.00014223550067458507,0.00037234404970985996,-1.4117525773072448e-5,-1.2639057711846455e-10,0.0,-0.0265137330606855,0.014275233292870896,1.4211389063126307,0.07036609831439054,1.0301227293590285,14.639474889690714,0.0,0.4950865896629296,0.0,0.00048589724643128786,0.0,0.013997568329916183,true
12.375,2.2,6.844867331930546,-0.0001379481050286931,0.00034171440971418035,-1.3267002433599267e-5,-1.2639914548953656e-10,0.0,-0.02558949706169525,0.013775606241326245,1.4370373697224907,0.06958761275589598,1.0309117029776462,14.814586420631304,0.0,0.4961934564688624,0.0,0.0004499173322735188,0.0,0.01338835608246924,true
12.425,2.2,6.990812336421086,-0.00013358912868728762,0.00031330034470279146,-1.2461174305867545e-5,-1.2640718193589642e-10,0.0,-0.024691905796926268,0.013290435615783941,1.4531661211653013,0.06881525693690788,1.0317176490284745,14.992571341764918,0.0,0.49728690362238365,0.0,0.0004163332463724322,0.0,0.012803811010474552,true
12.475,2.2,7.14044562328151,-0.00012918331724934116,0.0002869563919152433,-1.1698076704267233e-5,-1.2641467774279205e-10,0.0,-0.02382043455774219,0.01281943562690672,1.4695286016435911,0.0680490327906209,1.0325390213268106,15.173456241528301,0.0,0.49836679454577615,0.0,0.0003849983586369323,0.0,0.012243031586205001,true
12.525,2.2,7.293867492717397,-0.0001247530647113234,0.00026254546127471356,-1.0975806106938888e-5,-1.2642162405053672e-10,0.0,-0.02297455945362932,0.012362320919116574,1.4861282964962248,0.0672889414970197,1.0333741460233123,15.35726559272866,0.0,0.4994329891556588,0.0,0.00035577400056366386,0.0,0.011705144554841614,true
12.575000000000001,2.2,7.451181021563988,-0.00012031855954698682,0.00023993843804945219,-1.0292519830352331e-5,-1.2642801185247132e-10,0.0,-0.022153757786317414,0.011918806780102285,1.5029687354719155,0.0665349834895941,1.0342212069431211,15.54402139597541,0.0,0.5004853437849874,0.0,0.0003285291040017914,0.0,0.01118930425718991,true
12.625,2.2,7.6124921354924915,-0.0001158979251040281,0.00021901379906556675,-9.64643559556734e-6,-1.2643383199268437e-10,0.0,-0.021357508416318845,0.011488609345662105,1.5200534927762062,0.06578715846200998,1.035078228851603,15.73374277062488,0.0,0.5015237111058961,0.0,0.00030313985200742274,0.0,0.010694691959550688,true
12.675,2.2,7.7779096826732745,-0.00011150735430705687,0.00019965724241139389,-9.035830993340955e-6,-1.2643907516423032e-10,0.0,-0.02058529212133992,0.011071445799608958,1.5373861870905043,0.06504546537474068,1.0359430582966436,15.92644548437553,0.0,0.5025479400534317,0.0,0.00027948934170802115,0.0,0.010220515191104982,true
12.725,2.2,7.947545508896062,-0.00010716123867339057,0.0001817613305517815,-8.459042855220723e-6,-1.2644373190693638e-10,0.0,-0.01983659194604993,0.010667034568482876,1.5549704815617422,0.0643099024616625,1.0368133416066014,16.12214141087656,0.0,0.5035578757502445,0.0,0.0002574672590818885,0.0,0.00976600708914581,true
12.775,2.2,8.121514534145206,-0.00010287229166320475,0.000165225146752535,-7.914466537718054e-6,-1.2644779260578524e-10,0.0,-0.019110893542726135,0.010275095510832914,1.5728100837611496,0.06358046723661916,1.0376864995353905,16.320837902520715,0.0,0.5045533594322931,0.0,0.00023696956554583335,0.0,0.009330425752464667,true
12.825000000000001,2.2,8.299934830624547,-9.865166639877934e-5,0.00014995396470046245,-7.400555126593879e-6,-1.2645124748885094e-10,0.0,-0.018407685502326143,0.009895350100848747,1.5909087456106181,0.06285715649995895,1.038559697937081,16.522537062868242,0.0,0.5055342283756243,0.0,0.00021789819623493253,0.0,0.00891305360317556,true
12.875,2.2,8.482927702224085,-9.450906779851385e-5,0.00013585893119405967,-6.9158185682137305e-6,-1.2645408662583012e-10,0.0,-0.017726459675572924,0.009527521606140182,1.6092702632750433,0.06213996634504942,1.0394298137159432,16.727234899745852,0.0,0.5065003158242884,0.0,0.00020016076985292672,0.0,0.008513196757236273,true
12.925,2.2,8.670617765417637,-9.045285918000571e-5,0.00012285676177405005,-6.458822734844412e-6,-1.26456299926385e-10,0.0,-0.017066711483671847,0.009171335259481089,1.6278984770190024,0.06142889216477393,1.0402933951260929,16.934920335786938,0.0,0.5074514509194499,0.0,0.00018367030997038143,0.0,0.00813018440390345,true
12.975,2.2,8.863133031577606,-8.649016339245627e-5,0.00011086944916269414,-6.028188430675686e-6,-1.2645787713859706e-10,0.0,-0.016427940218313612,0.008826518424352635,1.646797271026073,0.06072392865801437,1.04114661527744,17.14557404776921,0.0,0.5083874586297589,0.0,0.00016834497765120797,0.0,0.007763368194336067,true
13.025,2.2,9.060604990688901,-8.262695854143915e-5,9.982398438735315e-5,-5.622590345261825e-6,-1.2645880784785254e-10,0.0,-0.015809649330651446,0.00849280075413895,1.6659705731790337,0.06002506983612459,1.041985217427645,17.359167099220137,0.0,0.5093081596830475,0.0,0.00015410781529768403,0.0,0.007412121639540831,true
13.075000000000001,2.2,9.263168696441358,-7.886816836824422e-5,8.965209047841162e-5,-5.240755960997799e-6,-1.264590814751073e-10,0.0,-0.015211346708975415,0.008169914344846704,1.6854223547991414,0.05933230902939899,1.0428044502846696,17.57565932193812,0.0,0.5102133704994121,0.0,0.00014088650162087497,0.0,0.007075839517832609,true
13.125,2.2,9.470962852674845,-7.521774734059844e-5,8.028996865685253e-5,-4.881464421181169e-6,-1.2645868727627354e-10,0.0,-0.014632544944841258,0.007857593881238197,1.7051566303426229,0.05864563889354063,1.043598991086267,17.7949973906962,0.0,0.5111029031257535,0.0,0.0001286131176696413,0.0,0.006753937291963446,true
13.175,2.2,9.684129901148475,-7.167876050057664e-5,7.167805696519583e-5,-4.543545365174967e-6,-1.2645761434079573e-10,0.0,-0.014072761587445044,0.0075555767762856,1.7251774570524643,0.057965051416133194,1.0443628536273648,18.01711252060912,0.0,0.5119765651718425,0.0,0.00011722392388971111,0.0,0.00644585053605492,true
13.225,2.2,9.902816110599264,-6.82534580971992e-5,6.376080135161529e-5,-4.225877737193162e-6,-1.2645585159114006e-10,0.0,-0.01353151938606898,0.0072636033038716566,1.7454889345635278,0.05729053792312108,1.0450892776273866,18.24191769729594,0.0,0.5128341597479833,0.0,0.00010665914823871278,0.0,0.006151034372450578,true
13.275,2.2,10.127171667052567,-6.49433450033649e-5,5.6486439296570225e-5,-3.927388575298364e-6,-1.2645338778178865e-10,0.0,-0.01300834652045682,0.0069814167246797345,1.766095204458961,0.056622089085302044,1.0457705948032288,18.46930432446177,0.0,0.513675485404344,0.0,9.686278545891268e-5,0.0,0.005868962918588018,true
13.325000000000001,2.2,10.357350765339753,-6.17492448761417e-5,4.980679618249894e-5,-3.647051787357178e-6,-1.264502114987243e-10,0.0,-0.012502776819010105,0.006708763405233101,1.7870004497758247,0.05595969492483607,1.0463980656514862,18.69913813963759,0.0,0.5145003360720386,0.0,8.77824077143271e-5,0.0,0.005599128743973404,true
13.375,2.2,10.593511701774986,-5.86713589611765e-5,4.367709476233162e-5,-3.3838869209778537e-6,-1.264463111591322e-10,0.0,-0.012014349964728503,0.006445392930060163,1.8082088944577914,0.05530334482177512,1.0469616791228469,18.931254203463958,0.0,0.5153085010060307,0.0,7.936898694422703e-5,0.0,0.0053410423373257505,true
13.425,2.2,10.835816967936426,-5.570931935948628e-5,3.805577829853144e-5,-3.1369579349075732e-6,-1.2644167501100163e-10,0.0,-0.01154261168884878,0.0061910582069786314,1.829724802752721,0.054653027520617015,1.0474499049206192,19.165450706742362,0.0,0.5160997647299499,0.0,7.157672948628103e-5,0.0,0.005094231583942859,true
13.475,2.2,11.084433345490346,-5.286223645794417e-5,3.290434824665699e-5,-2.9053719800627424e-6,-1.264362911332289e-10,0.0,-0.01108711395216739,0.005945515565507403,1.8515524785528656,0.05400873113688784,1.0478493848343344,19.401481256401073,0.0,0.5168739069829015,0.0,6.436292380322527e-5,0.0,0.004858241253326654,true
13.525,2.2,11.339532001993016,-5.012874005892531e-5,2.8187217782256065e-5,-2.6882781994041727e-6,-1.264301474354842e-10,0.0,-0.010647415114061112,0.005708524848430311,1.8736962646753903,0.05337044316375609,1.048144544992905,19.639045187930925,0.0,0.5176307026683601,0.0,5.768780254033238e-5,0.0,0.00463263249709173,true
13.575000000000001,2.2,11.601288587594356,-4.750701350808299e-5,2.3871583071323786e-5,-2.484866557391323e-6,-1.2642323165869333e-10,0.0,-0.010223080089248672,0.0054798494965505925,1.8961605420808552,0.052738150478682334,1.0483171047251878,19.877775295683445,0.0,0.5183699218052442,0.0,5.151442069673484e-5,0.0,0.004416982357167953,true
13.625,2.2,11.86988333256588,-4.4994819780228445e-5,1.9927315041499596e-5,-2.2943667119568445e-6,-1.2641553137560788e-10,0.0,-0.009813680492363792,0.0052592566266891445,1.9189497290272395,0.052111839350107596,1.0483454492154216,20.117222156988728,0.0,0.5190913294812657,0.0,4.58085524842814e-5,0.0,0.004210883284295475,true
13.675,2.2,12.145501145561642,-4.2589517994908626e-5,1.632687563915112e-5,-2.1160469451193763e-6,-1.264070339911692e-10,0.0,-0.009418794770436273,0.005046517102993195,1.9420682801570388,0.051491495444183785,1.048203821504253,20.356833928828003,0.0,0.5197946858086588,0.0,4.053861057895564e-5,0.0,0.004013942666798714,true
13.725,2.2,12.428331712518647,-4.028806812769798e-5,1.3045264322614496e-5,-1.949213172892589e-6,-1.2639772674390096e-10,0.0,-0.009038008323403025,0.0048414056016349615,1.9655206855149172,0.05087710383154909,1.047861273602212,20.59593008815154,0.0,0.520479745882397,0.0,3.567559309404772e-5,0.0,0.0038257823696146278,true
13.775,2.2,12.718569596092665,-3.8087020666199264e-5,1.0060003073465184e-5,-1.7932080615716333e-6,-1.2638759670669927e-10,0.0,-0.008670913612794748,0.004643700668992108,1.9893114694933476,0.050268648994151094,1.047280295550081,20.83366703712159,0.0,0.5211462597410088,0.0,3.119306593087287e-5,0.0,0.003646038283539954,true
13.825000000000001,2.2,13.016414335514447,-3.598248651129407e-5,7.3511717946462565e-6,-1.6474102863904883e-6,-1.2637663078855036e-10,0.0,-0.008317110258766667,0.0044531847734135,2.0134451897036034,0.0496661148321206,1.0464150148444724,21.068992780722276,0.0,0.5217939723301112,0.0,2.7067191455284684e-5,0.0,0.0034743598846522315,true
13.875,2.2,13.322070546748714,-3.3970080426359943e-5,4.901510883785371e-6,-1.511233980421033e-6,-1.263648157359156e-10,0.0,-0.007976205125663173,0.0042696443506845825,2.0379264357694598,0.04906948467069814,1.0452088289638237,21.30058703445016,0.0,0.5224226234687863,0.0,2.3276818957896156e-5,0.0,0.0033104098038495887,true
13.925,2.2,13.63574802282132,-3.2044828787280673e-5,2.696614005156532e-6,-1.3841284360260143e-6,-1.2635213813493476e-10,0.0,-0.007647812396326196,0.004092869843316998,2.0627598280408694,0.048478741267215866,1.0435913105283583,21.526782322504218,0.0,0.5230319478189284,0.0,1.980365806251316e-5,0.0,0.003153863406445729,true
13.975,2.2,13.957661834176047,-3.0201029761141445e-5,7.252404266970269e-7,-1.2655781347307587e-6,-1.263385844134503e-10,0.0,-0.007331553635375963,0.00392265573379652,2.087950016224873,0.04789386681813649,1.0414742376650896,21.74546151430611,0.0,0.5236216748576995,0.0,1.663256203731932e-5,0.0,0.0030044083817478123,true
14.025,2.2,14.288032428908332,-2.8432053346666004e-5,-1.0202222134832895e-6,-1.1551031817396077e-6,-1.2632414084352363e-10,0.0,-0.007027057841710131,0.0037588005719322417,2.1135016779309392,0.04731484296615146,1.0387467308653318,21.95392958629156,0.0,0.5241915288532368,0.0,1.3751949295479512e-5,0.0,0.002861744342537247,true
14.075000000000001,2.2,14.627085732715726,-2.6730076241718423e-5,-2.5431325533413162e-6,-1.0522601733431552e-6,-1.2630879354446514e-10,0.0,-0.006733961490483402,0.0036011069964579407,2.1394195171279136,0.04674165080733959,1.0352699160586798,22.148766639113163,0.0,0.5247412288437604,0.0,1.1154374202212985e-5,0.0,0.0027255824343658205,true
14.125,2.2,14.975053248390445,-2.5085779256889676e-5,-3.8418753026506916e-6,-9.56643342788856e-7,-1.2629252848574061e-10,0.0,-0.006451908564844401,0.0034493817510440334,2.1657082625097006,0.04617427089838795,1.030872708754355,22.325695429450626,0.0,0.5252704886202381,0.0,8.837185261382644e-6,0.0,0.002595644954572835,true
14.175,2.2,15.33217215467045,-2.3488131714479966e-5,-4.909347109558859e-6,-8.678853401664469e-7,-1.262753314905655e-10,0.0,-0.006180550577719967,0.0033034356948851095,2.1923726657667935,0.045612683263875894,1.0253529989394512,22.479558876368607,0.0,0.5257790167127756,0.0,6.802996135094285e-6,0.0,0.0024716649809223114,true
14.225,2.2,15.698685404250385,-2.192461082863616e-5,-5.7334815040071854e-6,-7.85655993506126e-7,-1.2625718823962356e-10,0.0,-0.005919546583949048,0.0031630838080340027,2.219417499760721,0.04505686740362333,1.0184934777750732,22.60462247966154,0.0,0.5262665163808998,0.0,5.059211265135856e-6,0.0,0.0023533860097533802,true
14.275,2.2,16.07484182074785,-2.03825625405475e-5,-6.3004833307637674e-6,-7.096560624410749e-7,-1.262380842754505e-10,0.0,-0.0056685631830791115,0.0030281451916586424,2.2468475565984813,0.04450680230010385,1.010106944597333,22.69556320371675,0.0,0.5267326856079193,0.0,3.6150900683461073e-6,0.0,0.002240561603531367,true
14.325000000000001,2.2,16.460896194394422,-1.8852541170551543e-5,-6.6027167977066095e-6,-6.396030536763343e-7,-1.2621800500680295e-10,0.0,-0.0054272745131473685,0.002898443063402504,2.2746676456040045,0.04396246642592328,1.0001217830354865,22.74944661534609,0.0,0.5271772170995467,0.0,2.4745930281956694e-6,0.0,0.002132955047681929,true
14.375,2.2,16.857109376225505,-1.7333297498686772e-5,-6.650430183998179e-6,-5.7521098419676e-7,-1.2619693571383242e-10,0.0,-0.005195362235777251,0.002773804748033329,2.3028825911836592,0.04342383775136403,0.988683949766491,22.768230560999513,0.0,0.5275997982869853,0.0,1.6257585376656887e-6,0.0,0.002030339016585862,true
14.425,2.2,17.263748370510257,-1.5835205995173962e-5,-6.479877456572084e-6,-5.161746885659991e-7,-1.2617486155321857e-10,0.0,-0.004972515512927487,0.0026540616635681077,2.3314972305828583,0.04289089375199502,0.9761950157833391,22.759959758076445,0.0,0.5280001113346843,0.0,1.0333288473914358e-6,0.0,0.0019324952486077646,true
14.475,2.2,17.681086425162604,-1.4377960960872995e-5,-6.148319397575304e-6,-4.6217008718967213e-7,-1.2615176756422364e-10,0.0,-0.0047584309756367425,0.002539049303064863,2.3605164115307704,0.04236361141634726,0.9632162003659501,22.73687648816136,0.0,0.5283778331529737,0.0,6.431864555221115e-7,0.0,0.001839214230027833,true
14.525,2.2,18.1094031198566,-1.2983313330775946e-5,-5.717714557172625e-6,-4.128681049554849e-7,-1.261276386747596e-10,0.0,-0.004552812685111316,0.002428607212273787,2.3899449897701883,0.04184196725365456,0.9502931146524126,22.711482681766405,0.0,0.5287326354158121,0.0,3.969623757223041e-7,0.0,0.0017502948877423942,true
14.575000000000001,2.2,18.548984451541962,-1.1668522155647363e-5,-5.239951228917211e-6,-3.6794919797242914e-7,-1.2610245970838221e-10,0.0,-0.00435537208650665,0.0023225789633416695,2.419787826469602,0.0413259373016588,0.9378297256364309,22.69348953396362,0.0,0.5290641845838732,0.0,2.452800267337065e-7,0.0,0.001665544290595503,true
14.625,2.2,19.000122917064957,-1.0443981042199029e-5,-4.751419547452784e-6,-3.2711065745983055e-7,-1.260762153912881e-10,0.0,-0.004165827955755701,0.0022208121247643433,2.4500497855145604,0.04081549713447883,0.9260608502085188,22.688951874268128,0.0,0.5293721419332196,0.0,1.526418849241462e-7,0.0,0.001584777359201021,true
14.675,2.2,19.46311759255449,-9.314017563886043e-6,-4.274696196076182e-6,-2.9006774598445407e-7,-1.260488903602508e-10,0.0,-0.003983906339798282,0.0021231582277821386,2.480735730675423,0.04031062187054213,0.9150844820060471,22.70082771099012,0.0,0.5296561635898157,0.0,9.594831272730023e-8,0.0,0.0015078165841119573,true
14.725,2.2,19.93827420924191,-8.278702511125665e-6,-3.822516179088561e-6,-2.5655217901691066e-7,-1.2602046917069733e-10,0.0,-0.0038093404905657257,0.0020294727294130417,2.511850522648678,0.039811286180577624,0.904907044400364,22.72991232425525,0.0,0.529915900570148,0.0,6.09631228132601e-8,0.0,0.0014344917521915165,true
14.775,2.2,20.425905225349076,-7.3354667088937666e-6,-3.4013463757214007e-6,-2.2631011500181155e-7,-1.2599093630564956e-10,0.0,-0.0036418707930742306,0.0019396149723174645,2.5433990159690016,0.039317464295668646,0.8954802014665282,22.775634632296914,0.0,0.5301509988282157,0.0,3.912768114361345e-8,0.0,0.0013646396810384012,true
14.825000000000001,2.2,20.9263298936749,-6.480225591013911e-6,-3.0138835284480402e-6,-1.9910042330277286e-7,-1.2596027618511211e-10,0.0,-0.0034812446879786173,0.0018534481416872522,2.57538605578935,0.03882913001536394,0.88672580533702,22.836612743735426,0.0,0.5303610993091898,0.0,2.5331260198993874e-8,0.0,0.0012981039613170495,true
14.875,2.2,21.439874324479202,-5.708081021415326e-6,-2.6606216109376306e-6,-1.7469337141761912e-7,-1.2592847317603325e-10,0.0,-0.003327216588935447,0.0017708392193498256,2.607816474526416,0.03834625671584507,0.8785517098988018,22.91101622797448,0.0,0.530545838010026,0.0,1.6510464504095465e-8,0.0,0.0012347347068421624,true
14.925,2.2,21.966871543264062,-5.0137388061175744e-6,-2.340788930272774e-6,-1.528696928350028e-7,-1.2589551160290762e-10,0.0,-0.0031795477951210363,0.0016916589352761909,2.640695088368884,0.037868817358148094,0.8708617520274364,22.996803512271722,0.0,0.5307048460473379,0.0,1.0811203557826417e-8,0.0,0.0011743883122656384,true
14.975,2.2,22.5076615430141,-4.391753744520396e-6,-2.0528985696713122e-6,-1.3341997263062378e-7,-1.2586137575905396e-10,0.0,-0.003038006399245605,0.0016157817166789767,2.674026693645996,0.03739678449643726,0.8635622727126352,23.091885688591905,0.0,0.5308377497328497,0.0,7.096808389005196e-9,0.0,0.0011169272182131142,true
15.025,2.2,23.06259133045518,-3.8366753267089925e-6,-1.79507181518066e-6,-1.1614429661675607e-7,-1.2582604991845773e-10,0.0,-0.0029023671913997904,0.001543085634883723,2.707816063054089,0.03693013028632828,0.8565665923414898,23.194247778177893,0.0,0.5309441706567478,0.0,4.660373151511614e-9,0.0,0.0010622196837166103,true
15.075000000000001,2.2,23.632014965869324,-3.3431377873983386e-6,-1.565230671094501e-6,-1.0085211673228515e-7,-1.2578951834837973e-10,0.0,-0.0027724115590641142,0.0014734523501533435,2.7420679417388225,0.03646882649325866,0.8497981860720731,23.30204362976034,0.0,0.5310237257792739,0.0,3.055727925371867e-9,0.0,0.0010101395657893643,true
15.125,2.2,24.21629359597707,-2.9059194041046163e-6,-1.361215170440217e-6,-8.736228589823543e-8,-1.2575176532267513e-10,0.0,-0.0026479273836056486,0.0014067670546420773,2.77678704323106,0.03601284450090214,0.8431929053771783,23.41367134595702,0.0,0.5310760275309001,0.0,1.997188922458818e-9,0.0,0.0009605661059885983,true
15.175,2.2,24.815795479392563,-2.519984653800085e-6,-1.1808572091059931e-6,-7.550321284441915e-8,-1.2571277513578255e-10,0.0,-0.0025287089335792887,0.0013429184136513257,2.811978045234401,0.035562155319624554,0.8367003812417606,23.52783102491084,0.0,0.5311006839214467,0.0,1.2993901754238015e-9,0.0,0.0009133837238120466,true
15.225,2.2,25.43089600413638,-2.180516301528818e-6,-1.0220288058695502e-6,-6.511308505008993e-8,-1.2567253211753966e-10,0.0,-0.002414556755143602,0.0012817985053555955,2.84764558526263,0.035116729594977775,0.8302846557242525,23.6435643438447,0.0,0.5310972986585043,0.0,8.40678770296822e-10,0.0,0.0008684818167741382,true
15.275,2.2,26.061977696660993,-1.8829407954382962e-6,-8.82674813143898e-7,-5.604010833821933e-8,-1.2563102064874933e-10,0.0,-0.0023052775598933644,0.0012233027591623436,2.883794256125491,0.034676537616228756,0.8239240732886598,23.760275100333548,0.0,0.5310654712755378,0.0,5.405082482108855e-10,0.0,0.0008257545670081315,true
15.325000000000001,2.2,26.709430221846343,-1.6229483373957743e-6,-7.608356473351407e-7,-4.8142715812570824e-8,-1.255882251775103e-10,0.0,-0.0022006841104025986,0.0011673298928648887,2.9204286012613987,0.03424154932492024,0.8176104872862563,23.87773051762052,0.0,0.5310047972700574,0.0,3.4524400908211693e-10,0.0,0.0007851007542410121,true
15.375,2.2,27.373650373392135,-1.3965080062056258e-6,-6.546631152730882e-7,-4.1289706556112494e-8,-1.255441302364292e-10,0.0,-0.002100595103763225,0.0011137818487427051,2.9575531099159535,0.03381173432345962,0.8113478758238026,23.996044333663903,0.0,0.530914868252246,0.0,2.1908984252441908e-10,0.0,0.0007464235749886547,true
15.425,2.2,28.05504205401671,-1.1998779208900913e-6,-5.624310514287752e-7,-3.536028485758962e-8,-1.2549872046068177e-10,0.0,-0.0020048350533954195,0.0010625637287584428,2.995172212165347,0.03338706188373237,0.8051504981926972,24.11564398797852,0.0,0.5307952721044487,0.0,1.3818086947477555e-10,0.0,0.000709630467819601,true
15.475,2.2,28.75401624487089,-1.0296103872019978e-6,-4.825417695948978e-7,-3.0243982352040025e-8,-1.2545198060690603e-10,0.0,-0.001913234169396514,0.0010135837289958545,3.0332902737839955,0.032967500955736466,0.7990407477762301,24.237225285867297,0.0,0.5306455931519306,0.0,8.667173307072913e-11,0.0,0.0006746329445368458,true
15.525,2.2,29.470990963534938,-8.825521041433795e-7,-4.1352899015282175e-7,-2.584045696718403e-8,-1.2540389557305458e-10,0.0,-0.0018256282376856747,0.0009667530734775667,3.0719115909560797,0.03255302017623389,0.7930468653118171,24.361698577227557,0.0,0.5304654123453152,0.0,5.411016462708843e-11,0.0,0.0006413464271281096,true
15.575000000000001,2.2,30.2063912099845,-7.55839708674058e-7,-3.5405776063238083e-7,-2.2059172799605916e-8,-1.2535445041913465e-10,0.0,-0.0017418584981918983,0.0009219859474962697,3.1110403848308863,0.03214358787741546,0.7872006675474617,24.490130677059856,0.0,0.5302543074551324,0.0,3.365800935117664e-11,0.0,0.0006096900903364207,true
15.625,2.2,30.96064889986471,-6.46891135956916e-7,-3.0292184077685147e-7,-1.8818973207615087e-8,-1.2530363038894946e-10,0.0,-0.0016617715223229451,0.0008791994305874637,3.1506807959222756,0.0317391720955749,0.7815354238507176,24.62368651259432,0.0,0.5300118532788959,0.0,2.088265532953936e-11,0.0,0.0005795867097041652,true
15.675,2.2,31.734202784423168,-5.533934291260813e-7,-2.5903901360005263e-7,-1.6047565112598637e-8,-1.2525142093270017e-10,0.0,-0.0015852190899428187,0.000838313429266429,3.190836878352859,0.031339740579788264,0.776083982034458,24.763573905744863,0.0,0.5297376218611468,0.0,1.293806896081237e-11,0.0,0.0005509625149453416,true
15.725,2.2,32.52749835643413,-4.7328772863901684e-7,-2.214447781384431e-7,-1.3680935723992818e-8,-1.2519780773056974e-10,0.0,-0.0015120580660752977,0.0007992506096465465,3.2315125939438896,0.030945260800594718,0.7708772097369678,24.910994116493367,0.0,0.5294311827268912,0.0,8.01375637306688e-12,0.0,0.0005237470485023476,true
15.775,2.2,33.340987741430794,-4.047522044920424e-7,-1.8928486266220956e-7,-1.166272389862962e-8,-1.2514277671757605e-10,0.0,-0.0014421502775408962,0.0007619363300505711,3.2727118061522695,0.030555699958674364,0.7659427836859402,25.067099910061103,0.0,0.5290921031288754,0.0,4.967773820561777e-12,0.0,0.0004978730291453552,true
15.825000000000001,2.2,34.17512957356559,-3.461836726110162e-7,-1.6180696483616852e-7,-9.943567537960432e-9,-1.2508631410912113e-10,0.0,-0.0013753623897244578,0.0007262985737209141,3.314438273856466,0.030171024993519185,0.7613043294478032,25.232962075744307,0.0,0.5287199483091306,0.0,3.0852308136843423e-12,0.0,0.0004732762204741621,true
15.875,2.2,35.03029001238171,-2.96178571928453e-7,-1.3835207933605637e-7,-8.48044629960503e-9,-1.2502840642772272e-10,0.0,-0.0013115657836604685,0.0006922678817294893,3.3566956449935965,0.029791202592092846,0.7569808908192007,25.409544595561844,0.0,0.5283142817752248,0.0,1.921366292350567e-12,0.0,0.00044989530418430455,true
15.925,2.2,35.90713910410998,-2.5351389486443846e-7,-1.183457227116149e-7,-7.2360362133688684e-9,-1.2496904053089917e-10,0.0,-0.00125063643361309,0.0006597772861821747,3.3994874500504006,0.029416199197475318,0.7529866915705115,25.597688080489252,0.0,0.5278746655916566,0.0,1.2007981840533751e-12,0.0,0.00042767175796120294,true
15.975,2.2,36.806054098192995,-2.1712853386093264e-7,-1.0128929574245261e-7,-6.178088812698422e-9,-1.2490820363999046e-10,0.0,-0.0011924547853179122,0.0006287622438075131,3.442817095411308,0.029045981017487996,0.7493311423835524,25.79810067122179,0.0,0.5274006606868191,0.0,7.536231617531113e-13,0.0,0.00040654973786815777,true
16.025000000000002,2.2,37.72751809000626,-1.8610543459276207e-7,-8.675178353243102e-8,-5.278845127787129e-9,-1.2484588337014502e-10,0.0,-0.0011369056350425308,0.0005991605700139219,3.486687856567335,0.02868051403329537,0.746019042224618,26.011355352925694,0.0,0.5268918271759597,0.0,4.752158987702376e-13,0.0,0.00038647596509614737,true
16.075000000000003,2.2,38.67201980783144,-1.596548125600832e-7,-7.436192597761871e-8,-4.5144909117718224e-9,-1.247820677613811e-10,0.0,-0.0010838780096132912,0.0005709123734943523,3.531102871190072,0.028319764007979028,0.743050923751729,26.237892503001653,0.0,0.52634772470055,0.0,3.011977061965675e-13,0.0,0.0003673996169455481,true
16.125000000000004,2.2,39.64005338182747,-1.3709861065383957e-7,-6.380095079657167e-8,-3.8646571266262905e-9,-1.247167453107644e-10,0.0,-0.0010332650475459273,0.0005439599914521642,3.576065132075601,0.027963696495079925,0.7404234963966166,26.47802648433445,0.0,0.5257679127844722,0.0,1.9193493110914477e-13,0.0,0.00034927222191213014,true
16.175,2.2,40.6321180927636,-1.1785629412784286e-7,-5.479592070306494e-8,-3.3119673659052018e-9,-1.2464990500568756e-10,0.0,-0.0009849638814083937,0.0005182479255168442,3.6215774799637535,0.027612276847104995,0.7381301466321889,26.731955163254785,0.0,0.5251519512074151,0.0,1.2298896275549372e-13,0.0,0.0003320475587519668,true
16.225,2.2,41.64871809981946,-1.014320155368005e-7,-4.71137145263748e-8,-2.841632080250767e-9,-1.2458153635833395e-10,0.0,-0.0009388755215349336,0.0004937227784132132,3.667642596238752,0.02726547022399407,0.7361614618109754,26.999771350473207,0.0,0.5244994003958579,0.0,7.92522367216372e-14,0.0,0.00031568155940220837,true
16.275000000000002,2.2,42.69036214682668,-8.740313276343377e-8,-4.0555637573616214e-8,-2.441088106777928e-9,-1.245116294411575e-10,0.0,-0.0008949047412014065,0.00047033319144287015,3.7142629955178923,0.02692324160154326,0.7345057510207568,27.28147531011475,0.0,0.5238098218320036,0.0,5.135403888468947e-14,0.0,0.00030013221563702917,true
16.325000000000003,2.2,43.757563246276185,-7.541002697479896e-8,-3.4952638549966984e-8,-2.0996810379050162e-9,-1.244401749235422e-10,0.0,-0.0008529599633630735,0.0004480297828318646,3.7614410181355873,0.026585555779781028,0.7331495430979352,27.57698763835938,0.0,0.5230827784809992,0.0,3.345848960746347e-14,0.0,0.00028535948934044436,true
16.375000000000004,2.2,44.8508383404848,-6.514714243930656e-8,-3.016109797252034e-8,-1.8083873389477755e-9,-1.243671641095637e-10,0.0,-0.0008129531490474827,0.00042676508699395643,3.809178822530768,0.02625237739129331,0.7320780479229639,27.886161965878188,0.0,0.5223178352367615,0.0,2.1914409759957335e-14,0.0,0.0002713252262801049,true
16.425,2.2,45.97070793933551,-5.635515464203585e-8,-2.6059145241486352e-8,-1.5595727733609072e-9,-1.242925889768182e-10,0.0,-0.0007747996874867668,0.00040649349475433604,3.857478377546342,0.025923670909493945,0.731275572218349,28.208797078601098,0.0,0.5215145593866969,0.0,1.4425983723242217e-14,0.0,0.0002579930732686004,true
16.475,2.2,47.117695733990544,-4.881416512729928e-8,-2.2543457412161255e-8,-1.346783558987981e-9,-1.2421644221632173e-10,0.0,-0.0007384182880656115,0.00038717119457431994,3.906341454650089,0.025599400656837232,0.7307258852252047,28.544648174411,0.0,0.520672521095576,0.0,9.541928757561976e-15,0.0,0.00024532839860127027,true
16.525000000000002,2.2,48.292328186073064,-4.233781920469824e-8,-1.952649137544832e-8,-1.1645667033431896e-9,-1.2413871727351882e-10,0.0,-0.0007037308741533641,0.0003687561148133454,3.955769620087148,0.02527953081296907,0.7304125328806909,28.89343707700342,0.0,0.519791293908787,0.0,6.339743417181633e-15,0.0,0.00023329821566195642,true
16.575000000000003,2.2,49.495134091825115,-3.6768244537642113e-8,-1.693410185403069e-8,-1.008316103998997e-9,-1.2405940839029409e-10,0.0,-0.0006706624788812322,0.00035120786706052914,4.005764226974952,0.02496402542281361,0.7303191015397655,29.2548613122448,0.0,0.5188704552751574,0.0,4.229728819301434e-15,0.0,0.00022187110959061689,true
16.625000000000004,2.2,50.72664412074244,-3.1971713405262855e-8,-1.4703499732206464e-8,-8.741412131890428e-10,-1.2397851064792016e-10,0.0,-0.0006391411429183038,0.00033448769056416776,4.056326407352239,0.02465284840459248,0.7304294339918033,29.62860201808301,0.0,0.5179095870894946,0.0,2.832784776755336e-15,0.0,0.00021101716690918493,true
16.675,2.2,51.98739032835073,-2.7834938054680252e-8,-1.2781508259395994e-8,-7.587553233960257e-10,-1.238960200111168e-10,0.0,-0.0006090978142931645,0.0003185583977838086,4.107457064194548,0.024345963557773555,0.7307278016365489,30.014330708353945,0.0,0.5169082762549398,0.0,1.9038251033807767e-15,0.0,0.000200707908004521,true
16.725,2.2,53.27790564268959,-2.426191623586118e-8,-1.1123078211697996e-8,-6.593808098379997e-10,-1.238119333728284e-10,0.0,-0.0005804662503012461,0.0003033843210859433,4.159156863409308,0.02404333457094688,0.7311990373228817,30.41171494599742,0.0,0.5158661152651941,0.0,1.283526879592272e-15,0.0,0.0001909162223697849,true
16.775000000000002,2.2,54.59872332428612,-2.117125213180135e-8,-9.690026870813668e-9,-5.736689494244923e-10,-1.2372624860001205e-10,0.0,-0.0005531829215316715,0.0002889312606009544,4.211426225824522,0.02374492502962504,0.7318286336264997,30.820423004639668,0.0,0.5147827028066149,0.0,8.677633130280698e-16,0.0,0.00018161630650799854,true
16.825000000000003,2.2,55.95037639932118,-1.8493886026345792e-8,-8.449969474273707e-9,-4.996322120341321e-10,-1.236389645802406e-10,0.0,-0.0005271869180413012,0.0002751664332556771,4.26426531918569,0.023450698423965827,0.7326028113438712,31.24012761151607,0.0,0.5136576443801227,0.0,5.88130277662233e-16,0.0,0.0001727836044040286,true
16.875000000000004,2.2,57.333397065842135,-1.6171173890443427e-8,-7.375415459632141e-9,-4.3558718101462697e-10,-1.2355008126891431e-10,0.0,-0.0005024198576979025,0.00026205842299283256,4.317674050176481,0.023160618156415163,0.7335085627895446,31.670508871386627,0.0,0.5124905529427938,0.0,3.9947000477628537e-16,0.0,0.00016439475047364807,true
16.925,2.2,58.7483160729522,-1.4153265421394014e-8,-6.443005273806675e-9,-3.801065008829563e-10,-1.2345959973728812e-10,0.0,-0.0004788257967088938,0.0002495771321856484,4.371652056479381,0.022874647549268348,0.7345336741672842,32.111256472267634,0.0,0.5112810495689554,0.0,2.7183261587910447e-16,0.0,0.00015642751490075246,true
16.975,2.2,60.1956620729204,-1.2397735826226092e-8,-5.632866691725786e-9,-3.319784688905655e-10,-1.2336752222101394e-10,0.0,-0.00045635114234690577,0.00023769373425318316,4.426198698893307,0.02259274985214813,0.7356667308936776,32.562071271006886,0.0,0.5100287641305185,0.0,1.852681376284537e-16,0.0,0.00014886075127620724,true
17.025000000000002,2.2,61.67596094631181,-1.0868432747107238e-8,-4.9280724593521366e-9,-2.9017308267062955e-10,-1.23273852169145e-10,0.0,-0.00043494456787851075,0.00022638062747923883,4.481313053525917,0.022314888249398146,0.7368971093247968,33.022666351227265,0.0,0.5087333359962097,0.0,1.2643400300706185e-16,0.0,0.00014167434645417654,true
17.075000000000003,2.2,63.189735100271605,-9.534505173545411e-9,-4.314183638956203e-9,-2.538135290129338e-10,-1.231785942936603e-10,0.0,-0.0004145569296978361,0.00021561139003526656,4.536993904079059,0.022041025867390603,0.7382149579003613,33.49276763893918,0.0,0.507394414749291,0.0,8.63735377922116e-17,0.0,0.00013484917254413668,true
17.125000000000004,2.2,64.73750274023126,-8.369585991962149e-9,-3.778865297171951e-9,-2.221522500821262e-10,-1.2308175461915363e-10,0.0,-0.0003951411866624363,0.00020536073620533015,4.593239734246496,0.0217711257817473,0.7396111702951208,33.972114152921,0.0,0.5060116609232529,0.0,5.905389237352175e-17,0.0,0.00012836704095910397,true
17.175,2.2,66.31977711537819,-7.351104025446857e-9,-3.3115631558493434e-9,-1.9455085472625797e-10,-1.2298334053279397e-10,0.0,-0.0003766523216247276,0.00019560447380901488,4.650048720243705,0.021505151024473375,0.7410773527665396,34.4604579583364,0.0,0.5045847467548914,0.0,4.0399161749631474e-17,0.0,0.00012221065844290386,true
17.225,2.2,67.93706573835567,-6.45970506342724e-9,-2.9032315443047765e-9,-1.7046325576823727e-10,-1.2288336083424905e-10,0.0,-0.0003590472651484769,0.0001863194628161212,4.707418723490156,0.021243064591003367,0.7426057875193636,34.95756388340804,0.0,0.5031133569540801,0.0,2.764806804273693e-17,0.0,0.00011636358500157542,true
17.275000000000002,2.2,69.58986957972172,-5.6787645261381225e-9,-2.546104474146569e-9,-1.4942151126512476e-10,-1.2278182578560535e-10,0.0,-0.00034228482139629966,0.00017748357514508987,4.7653472834651245,0.020984829447159403,0.7441893935765491,35.46320905063566,0.0,0.5015971894894437,0.0,1.8925435415777093e-17,0.0,0.00011081019366623823,true
17.325000000000003,2.2,71.27868223789598,-4.99397710688081e-9,-2.2335029299828213e-9,-1.3102393056169109e-10,-1.2267874716095926e-10,0.0,-0.00032632559617082856,0.00016907565563533642,4.823831610758532,0.020730408536021705,0.7458216863556766,35.97718226631748,0.0,0.5000359563890411,0.0,1.2955163271188619e-17,0.0,0.00010553563201695637,true
17.375000000000004,2.2,73.00398908534868,-4.393011039337022e-9,-1.959672555917763e-9,-1.149250763572722e-10,-1.2257413829567746e-10,0.0,-0.0003111319270891687,0.0001610754841820493,4.882868580338896,0.020479764784711755,0.7474967369017435,36.49928330523373,0.0,0.4984293845550605,0.0,8.86727219989841e-18,0.0,0.00010052578539929454,true
17.425,2.2,74.76626639194924,-3.865216597531184e-9,-1.7196468422263363e-9,-1.0082735360755203e-10,-1.2246801413509027e-10,0.0,-0.0002966678158674595,0.00015346373902049853,4.942454725060829,0.020232861111088733,0.749209131519823,37.029322121388695,0.0,0.49677721659140683,0.0,6.067757283212109e-18,0.0,9.576724176739608e-5,true
17.475,2.2,76.56598042654,-3.401380098097871e-9,-1.5091317004369086e-9,-8.847392639231932e-11,-1.223603912823881e-10,0.0,-0.0002828988626897855,0.00014622196114553657,5.002586229434937,0.019989660430360122,0.7509539323800517,37.56711801064461,0.0,0.4950792116429627,0.0,4.150539688522809e-18,0.0,9.124725808950436e-5,true
17.525000000000002,2.2,78.40358653788921,-2.993516079471173e-9,-1.324407977624173e-9,-7.76427462293121e-11,-1.2225128804565963e-10,0.0,-0.00026979220263333593,0.00013933251985070815,5.063258923683237,0.019750125661607606,0.7527266395261047,38.112498746746446,0.0,0.49333514624517233,0.0,2.837738324824563e-18,0.0,8.695372825390467e-5,true
17.575000000000003,2.2,80.2795282163138,-2.634691517202087e-9,-1.1622490193236615e-9,-6.814151087948325e-11,-1.221407244837398e-10,0.0,-0.0002573164441195794,0.0001327785793702573,5.124468278103458,0.019514219734229586,0.7545231545996912,38.665299708406685,0.0,0.49154481518248716,0.0,1.9390560637657642e-18,0.0,8.287515241527793e-5,true
17.625000000000004,2.2,82.19423613740832,-2.318876931336595e-9,-1.0198508604470176e-9,-5.980340250122553e-11,-1.2202872245070879e-10,0.0,-0.0002454416093592994,0.00012654406660628844,5.186209397765709,0.019281905594301957,0.7563397464924515,39.22536301162886,0.0,0.489708032354085,0.0,1.3241060849648858e-18,0.0,7.900060772343537e-5,true
17.675,2.2,84.14812718944059,-2.040820079129077e-9,-8.94773018327666e-10,-5.2483478965406636e-11,-1.2191530563888122e-10,0.0,-0.00023413907675760653,0.00012061363992241878,5.248477017565056,0.019053146210858962,0.7581730190505268,39.792536658246036,0.0,0.48782463164514894,0.0,9.035219539653758e-19,0.0,7.531972037833636e-5,true
17.725,2.2,86.14160348615032,-1.7959386289622273e-9,-7.848881931766979e-10,-4.60556130083744e-11,-1.2180049961996566e-10,0.0,-0.00022338152524351582,0.00011497265898444551,5.311265497653537,0.018827904582096114,0.7600198808859326,40.36667370880204,0.0,0.4858944678018734,0.0,6.160442487038861e-19,0.0,7.182263895718486e-5,true
17.775000000000002,2.2,88.17505136669728,-1.5802288002525457e-9,-6.883394587116444e-10,-4.0409891329897375e-11,-1.216843318841781e-10,0.0,-0.00021314288048731952,0.00010960715562783291,5.374568819274981,0.01860614374149735,0.7618775172932921,40.94763148551163,0.0,0.48391741730823856,0.0,4.1968210452418954e-19,0.0,6.850000896125199e-5,true
17.825000000000003,2.2,90.24884038483818,-1.3901874471905614e-9,-6.035037579635239e-10,-3.545040028887461e-11,-1.2156683187709973e-10,0.0,-0.00020339826296781092,0.00010450380573119497,5.438380581025774,0.018387826763889014,0.76374336423026,41.5352708091714,0.0,0.48189337926246156,0.0,2.8565802463104864e-19,0.0,6.53429485318838e-5,true
17.875000000000004,2.2,92.36332228928035,-1.2227454765020363e-9,-5.289607134072798e-10,-3.109333697635714e-11,-1.2144803103397514e-10,0.0,-0.00019412393785039794,9.964990207441787e-5,5.502693995564352,0.018172916771422992,0.7656150842931968,42.12945527253669,0.0,0.4798222762509249,0.0,1.942565385241357e-19,0.0,6.234302528691633e-5,true
17.925,2.2,94.51882999764881,-1.0752108338423292e-9,-4.634659226588933e-10,-2.7265394545590845e-11,-1.213279628112355e-10,0.0,-0.00018529726663628918,9.503332815961005e-5,5.567501886791804,0.01796137693949191,0.7674905446033194,42.7300505517385,0.0,0.4777040552172455,0.0,1.3197672402822908e-19,0.0,5.949223423044866e-5,true
17.975,2.2,96.71567656612882,-9.452195808742199e-10,-4.0592804620305825e-10,-2.3902379085012463e-11,-1.2120666271492338e-10,0.0,-0.00017689666054222469,9.064253297269713e-5,5.63279668752536,0.017753170502579015,0.7693677965092098,43.33692375665762,0.0,0.4755386883240461,0.0,8.957853048763111e-20,0.0,5.678297669060269e-5,true
18.025000000000002,2.2,98.95415415759673,-8.306938248362722e-10,-3.553891063555763e-10,-2.0948022314084554e-11,-1.2108416832577993e-10,0.0,-0.00016890153556965346,8.646650666318117e-5,5.698570437685837,0.01754826076004591,0.7712450570064232,43.9499428206813,0.0,0.47332617380486414,0.0,6.074223116668766e-20,0.0,5.4208040241542446e-5,true
18.075000000000003,2.2,101.23453301050708,-7.29805462374612e-10,-3.1100751065038634e-10,-1.8352960201030948e-11,-1.209605193207061e-10,0.0,-0.0001612922692218227,8.249475711935403e-5,5.764814783019411,0.01734661108186089,0.7731206917721899,44.56897592986514,0.0,0.47106653680352906,0.0,4.114866633527688e-20,0.0,5.1760579567616446e-5,true
18.125000000000004,2.2,103.55706041145537,-6.409448662236874e-10,-2.7204339120516884e-10,-1.607385244480856e-11,-1.208357574903249e-10,0.0,-0.0001540501588269272,7.871728741609866e-5,5.831520974373059,0.01714818491427117,0.7749931997120121,45.193890991170875,0.0,0.4687598301982448,0.0,2.784834900066403e-20,0.0,4.943409822904667e-5,true
18.175,2.2,105.92195967406856,-5.626937825240581e-10,-2.3784591697745343e-10,-1.4072621796494684e-11,-1.2070992675234192e-10,0.0,-0.00014715738142526914,7.512457411231075e-5,5.89867986754207,0.016952945785421843,0.7768611989150925,45.82455513915051,0.0,0.46640613540750536,0.0,1.8828880109337078e-20,0.0,4.72224312900941e-5,true
18.225,2.2,108.32942912728348,-4.938018227661047e-10,-2.078422903502702e-10,-1.2315795554857366e-11,-1.2058307316043517e-10,0.0,-0.00014059695517828967,7.170754637493363e-5,5.966281923706824,0.0167608573109248,0.7787234139170106,46.46083428020327,0.0,0.46400556317489056,0.0,1.2718491119933567e-20,0.0,4.511972877210477e-5,true
18.275000000000002,2.2,110.77964111576219,-4.331660313773196e-10,-1.8152818499055595e-10,-1.0773934370881262e-11,-1.2045524490838955e-10,0.0,-0.00013435270225734206,6.845756590661584e-5,6.034317210474782,0.01657188319938056,0.7805786641707937,47.102592673352355,0.0,0.461558254329721,0.0,8.58300400558903e-21,0.0,4.312043989526625e-5,true
18.325000000000003,2.2,113.2727410157503,-3.7981309101640455e-10,-1.5845941991033565e-10,-9.421135830808905e-12,-1.2032649232919356e-10,0.0,-0.00012840921317018017,6.536640765406271e-5,6.10277540354226,0.016385987257855922,0.7824258536314228,47.749692546374035,0.0,0.4590643805204662,0.0,5.7868721468755e-21,0.0,4.121929807429155e-5,true
18.375000000000004,2.2,115.80884626927143,-3.328837953620659e-10,-1.382446963868844e-10,-8.234602235345587e-12,-1.2019686788881476e-10,0.0,-0.0001227518124833301,6.242624127426644e-5,6.171645788989056,0.016203133397320338,0.7842639613635594,48.40199374605287,0.0,0.45652414491776167,0.0,3.89815434219382e-21,0.0,3.941130663459363e-5,true
18.425,2.2,118.38804544002967,-2.9161947581421927e-10,-1.2053925091380534e-10,-7.19426361947478e-12,-1.200664261744477e-10,0.0,-0.00011736652589878009,5.9629613335953824e-5,6.240917266217414,0.01602328563804363,0.7860920330875796,49.05935342132226,0.0,0.45393778288383946,0.0,2.6235890421669356e-21,0.0,3.769172521681902e-5,true
18.475,2.2,121.01039729401649,-2.5535011592096847e-10,-1.050392995373832e-10,-6.282448417314914e-12,-1.199352238768791e-10,0.0,-0.00011224004864377176,5.6969430233783566e-5,6.310578351545049,0.015846408114957727,0.7879091735846169,49.721625738068326,0.0,0.4513055626051487,0.0,1.7642758029308775e-21,0.0,3.605605683887547e-5,true
18.525000000000002,2.2,123.67592990830364,-2.2348392705895863e-10,-9.147716751303787e-11,-5.483595314918179e-12,-1.1980331976682525e-10,0.0,-0.0001073597151328866,5.4438941793055736e-5,6.380617182460271,0.015672465082984574,0.7897145398869564,50.388661624414205,0.0,0.4486277856849326,0.0,1.185453026283109e-21,0.0,3.4500035585812886e-5,true
18.575000000000003,2.2,126.38463981101586,-1.9549819222030178e-10,-7.961701380355674e-11,-4.784000788465842e-12,-1.1967077466494114e-10,0.0,-0.0001027134698620959,5.203172554296021e-5,6.45102152254531,0.015501420922332325,0.7915073351857058,51.06030854535473,0.0,0.4459047876925337,0.0,7.959094447712897e-22,0.0,3.3019614899105405e-5,true
18.625000000000004,2.2,129.1364911560159,-1.7093121277033425e-10,-6.92510730390726e-11,-4.1715976271036204e-12,-1.1953765140535785e-10,0.0,-9.828983949497171e-5,4.9741671636682926e-5,6.521778767071879,0.015333240143761822,0.7932868033930542,51.73641030567145,0.0,0.4431369386662054,0.0,5.339731737903631e-22,0.0,3.1610956438033675e-5,true
18.675,2.2,131.9314149351925,-1.4937521662813887e-10,-6.019634858715938e-11,-3.635760414465047e-12,-1.1940401479246087e-10,0.0,-9.40779061018374e-5,4.756296839700863e-5,6.592875949271213,0.015167887393824566,0.7950522243015203,52.41680688012075,0.0,0.4403246435662596,0.0,3.5798712954948417e-22,0.0,3.0270419486973573e-5,true
18.725,2.2,134.76930823192345,-1.3047010622476313e-10,-5.229169968672163e-11,-3.167134512073505e-12,-1.1926993155083274e-10,0.0,-9.006728151326037e-5,4.5490088466405486e-5,6.664299747278501,0.015005327460073653,0.796802909287446,53.10133426995101,0.0,0.4374683426754292,0.0,2.398412499636065e-22,0.0,2.899455088347812e-5,true
18.775000000000002,2.2,137.6500335185662,-1.1389794142466982e-10,-4.539527346877102e-11,-2.7574855689320806e-12,-1.1913547026817692e-10,0.0,-8.62480827499555e-5,4.3517775540938974e-5,6.736036491749639,0.014845525276248276,0.7985381975104906,53.78982438486644,0.0,0.4345685119433936,0.0,1.6058523498591005e-22,0.0,2.77800754430739e-5,true
18.825000000000003,2.2,140.57341800121407,-9.937806686168342e-11,-3.938223935857271e-11,-2.399566989296868e-12,-1.1900070133108159e-10,0.0,-8.261090849186936e-5,4.1641031667751466e-5,6.808072174145977,0.014688445927432354,0.8002574525650913,54.482104949613415,0.0,0.43162566327252033,0.0,1.0745577656478275e-22,0.0,2.6623886857699534e-5,true
18.875000000000004,2.2,143.5392530147435,-8.666280526237945e-11,-3.4142789024065093e-11,-2.0870031369635218e-12,-1.1886569685355614e-10,0.0,-7.914681654994566e-5,3.985510508624212e-5,6.880392455680603,0.014534054655187267,0.8019600595437332,55.17799943441868,0.0,0.4286403447419768,0.0,7.186439827547769e-23,0.0,2.5523039045681503e-5,true
18.925,2.2,146.54729347091273,-7.553364865656064e-11,-2.9580369868210874e-11,-1.814186349383477e-12,-1.1873053059828234e-10,0.0,-7.584730230483327e-5,3.8155478593499646e-5,6.9529826769173955,0.014382316862658286,0.8036454224754601,55.87732700855835,0.0,0.42561314076751056,0.0,4.8036941466524084e-23,0.0,2.447473793207802e-5,true
18.975,2.2,149.59725736254018,-6.579788819586496e-11,-2.561012419342157e-11,-1.5761860868577917e-12,-1.1859527789054367e-10,0.0,-7.270427807757824e-5,3.653785841496695e-5,7.02582786801201,0.014233198119653826,0.8053129621063199,56.57990251637882,0.0,0.4225446721943397,0.0,3.209461853150796e-23,0.0,2.347633363912305e-5,true
19.025000000000002,2.2,152.68882532630727,-5.728563085816416e-11,-2.215750970671915e-11,-1.3686687578108504e-12,-1.1846001552484404e-10,0.0,-6.971005339814281e-5,3.4998163561755935e-5,7.098912759581621,0.014086664167696234,0.8069621139914418,57.28553647512804,0.0,0.41943559632077887,0.0,2.1433951873546378e-23,0.0,2.2525313067373016e-5,true
19.075000000000003,2.2,155.82164026656773,-4.984715780707954e-11,-1.915708007809055e-11,-1.187826946433587e-12,-1.1832482166428295e-10,0.0,-6.685731613841124e-5,3.35325156564771e-5,7.172221794188169,0.013942680925042295,0.8085923268711509,57.994035093985914,0.0,0.4162866068504077,0.0,1.4308802389919596e-23,0.0,2.1619292848995695e-5,true
19.125000000000004,2.2,158.99530704300298,-4.335058476883445e-11,-1.655140688901175e-11,-1.0303169285523086e-12,-1.1818977573273082e-10,0.0,-6.413911447717041e-5,3.2137229209900836e-5,7.245739138417734,0.0138012144916712,0.8102030613059777,58.705200313705845,0.0,0.41309843377081085,0.0,9.54889440613757e-24,0.0,2.0756012655448672e-5,true
19.175000000000004,2.2,162.20939222377092,-3.7679789621106645e-11,-1.4290126577796101e-11,-8.932034993744043e-13,-1.1805495830000031e-10,0.0,-6.154883966539261e-5,3.080880233122568e-5,7.319448695536545,0.01366223115423717,0.8117937885476467,59.41882986629742,0.0,0.40987184315714104,0.0,6.370438205424634e-24,0.0,1.99333288425711e-5,true
19.225,2.2,165.46342390647646,-3.2732576575833014e-11,-1.2329097956924029e-11,-7.739112560783718e-13,-1.1792045096011046e-10,0.0,-5.908020956099105e-5,2.9543907855190646e-5,7.393334118702176,0.013525697390983592,0.8133639896251046,60.13471735419009,0.0,0.4066076368990113,0.0,4.2488304164634324e-24,0.0,1.9149208416861483e-5,true
19.275000000000002,2.2,168.75689160907714,-2.841904997630138e-11,-1.0629657589610409e-11,-6.701815818017337e-13,-1.1778633620292368e-10,0.0,-5.672725290306911e-5,2.83393848697309e-5,7.467378824706553,0.013391579876614833,0.8149131546264301,60.85265234832221,0.0,0.4033066523494804,0.0,2.8331567052518775e-24,0.0,1.840172330743227e-5,true
19.325000000000003,2.2,172.0892462314541,-2.4660173898824236e-11,-9.157961805990079e-12,-5.800346677366809e-13,-1.1765269727937252e-10,0.0,-5.4484294296532384e-5,2.7192230628340383e-5,7.5415660082255345,0.013259845487121731,0.8164407821590625,61.57242050459854,0.0,0.399969761895176,0.0,1.8888169459301348e-24,0.0,1.7689044928825677e-5,true
19.375000000000004,2.2,175.45990009017345,-2.138649651827869e-11,-7.88440544480801e-12,-5.017359886986318e-13,-1.1751961806059868e-10,0.0,-5.234593987878299e-5,2.6099592831767945e-5,7.615878656548186,0.013130461304556015,0.8179463789721814,62.293803698151095,0.0,0.3965978724468991,0.0,1.2590526098649822e-24,0.0,1.7009439020538245e-5,true
19.425000000000004,2.2,178.86822702676602,-1.853702062146265e-11,-6.7831085507214826e-12,-4.337667163089499e-13,-1.17387182891351e-10,0.0,-5.030706364106087e-5,2.505876226413514e-5,7.690299564757199,0.013003394621748684,0.8194294597263245,63.0165801748258,0.0,0.3931919248503502,0.0,8.391680401475054e-25,0.0,1.6361260749741817e-5,true
19.475,2.2,182.31356259084745,-1.6058203780265733e-11,-5.831463262437304e-12,-3.747976141968946e-13,-1.1725547643803586e-10,0.0,-4.836279437783831e-5,2.40671657690224e-5,7.764811351330404,0.012878612946966992,0.8208895468964393,63.74052471929944,0.0,0.38975289321694034,0.0,5.59269313777922e-25,0.0,1.574295006430222e-5,true
19.525000000000002,2.2,185.79520429881194,-1.3903073568360518e-11,-5.009734011649395e-12,-3.236660125331314e-13,-1.1712458353185327e-10,0.0,-4.650850323850841e-5,2.3122359551525312e-5,7.839396474132072,0.012756084008504158,0.8223261707955236,64.46540883920956,0.0,0.38628178417496706,0.0,3.7271390641578775e-25,0.0,1.5153027283785051e-5,true
19.575000000000003,2.2,189.31241196833466,-1.2030444854600959e-11,-4.30070493298613e-12,-2.793555057378626e-13,-1.1699458900750696e-10,0.0,-4.473979185643422e-5,2.2222022792732296e-5,7.914037246761387,0.012635775759195776,0.8237388697068705,65.19100096465297,0.0,0.3827796360417733,0.0,2.4838644500705636e-25,0.0,1.45900889167043e-5,true
19.625000000000004,2.2,192.86440812912,-1.0404227662549527e-11,-3.6893690744189266e-12,-2.4097805819454747e-13,-1.1686557753800016e-10,0.0,-4.305248103124244e-5,2.1363951563521977e-5,7.9887158552244415,0.012517656380856538,0.8251271901136841,65.91706666237978,0.0,0.37924751791784184,0.0,1.655360477218477e-25,0.0,1.4052803692811394e-5,true
19.675000000000004,2.2,196.45037850978431,-8.992815373247035e-12,-3.1626546073407553e-12,-2.0775823895684589e-13,-1.167376334660844e-10,0.0,-4.144259994105072e-5,2.0546053025015242e-5,8.063414374895203,0.012401694288630636,0.826490687015485,66.64336886397673,0.0,0.3756865287041045,0.0,1.1032753939058307e-25,0.0,1.3539908799742165e-5,true
19.725,2.2,200.0694726005398,-7.768544188618467e-12,-2.7091837756578858e-12,-1.7901933837120622e-13,-1.1661084063294275e-10,0.0,-3.990637586211161e-5,1.976633990345094e-5,8.138114787730103,0.012287858135249057,0.8278289243213113,67.36966810729967,0.0,0.3720977960440969,0.0,7.353866770694658e-26,0.0,1.3050206313837891e-5,true
19.775000000000002,2.2,203.72080429120155,-6.7072157839096e-12,-2.319060802227264e-12,-1.5417114777404013e-13,-1.1648528220476112e-10,0.0,-3.844022437413649e-5,1.9022925227678596e-5,8.212798999700295,0.012176116815186789,0.8291414753102141,68.09572279037754,0.0,0.36848247519291577,0.0,4.9023173144950917e-26,0.0,1.2582559815433926e-5,true
19.825000000000003,2.2,207.40345258371278,-5.787675974894118e-12,-1.9836853961294024e-12,-1.3269920841210888e-13,-1.1636104049783054e-10,0.0,-3.7040740030329135e-5,1.8314017317879354e-5,8.287448858405144,0.012066439468712963,0.8304279231500169,68.82128943697361,0.0,0.3648417478152651,0.0,3.2685401439079457e-26,0.0,1.2135891179367257e-5,true
19.875000000000004,2.2,211.11646237799332,-4.991443022782505e-12,-1.6955888819259265e-12,-1.1415535786809633e-13,-1.1623819680285713e-10,0.0,-3.5704687471910585e-5,1.763791501453551e-5,8.362046170830213,0.011958795485826845,0.831687861465696,69.5461229729519,0.0,0.3611768207152028,0.0,2.1796433171997825e-26,0.0,1.1709177531891995e-5,true
19.925000000000004,2.2,214.85884533031003,-4.302379908514288e-12,-1.4482903077156405e-12,-9.814942188922759e-14,-1.161168312092234e-10,0.0,-3.4428992967652455e-5,1.699300313706994e-5,8.436572721212876,0.011853154510072616,0.8329208949491027,70.26997701255816,0.0,0.35748892450051256,0.0,1.4538120252426698e-26,0.0,1.1301448365611078e-5,true
19.975,2.2,218.62958078172915,-3.706405538619268e-12,-1.236170187273411e-12,-8.43419169102121e-14,-1.1599702242990674e-10,0.0,-3.321073635965622e-5,1.6377748161968714e-5,8.511010288978563,0.011749486442226047,0.8341266400020875,70.99260415368883,0.0,0.3537793121849237,0.0,9.699154782304349e-27,0.0,1.0911782804434007e-5,true
20.025000000000002,2.2,222.42761675632863,-3.1912404059921956e-12,-1.0543597970321558e-12,-7.243764399028935e-14,-1.1587884762777334e-10,0.0,-3.204714339731946e-5,1.5790694110583415e-5,8.585340666710882,0.011647761443846218,0.8353047254053763,71.71375628118544,0.0,0.35004925773168843,0.0,6.472521493440508e-27,0.0,1.0539307010953496e-5,true
20.075000000000003,2.2,226.2518710253018,-2.7461827285365932e-12,-8.986441848362e-13,-6.218006857322754e-14,-1.1576238224405804e-10,0.0,-3.093557844211599e-5,1.523045863718317e-5,8.659545678119043,0.01154794994068571,0.836454793005857,72.43318487715828,0.0,0.34630005454230195,0.0,4.320538346464021e-27,0.0,1.0183191729001454e-5,true
20.125000000000004,2.2,230.10123223654927,-2.3619115335467173e-12,-7.653772574993427e-13,-5.33463926266904e-14,-1.1564769982971951e-10,0.0,-2.9873537526486307e-5,1.4695729308190802e-5,8.733607195966352,0.011450022625952926,0.8375764984151943,73.1506413373124,0.0,0.3425330138944002,0.0,2.8849439108081733e-27,0.0,9.842649954494916e-6,true
20.175000000000004,2.2,233.97456110648181,-2.030313551945607e-12,-6.514075011073236e-13,-4.574323649759168e-14,-1.1553487188047291e-10,0.0,-2.8858641750785966e-5,1.4185260063892244e-5,8.807507159924166,0.011353950463420462,0.8386695117129739,73.8658772922212,0.0,0.3387494633330995,0.0,1.9270015880197616e-27,0.0,9.516934728017796e-6,true
20.225,2.2,237.87069167109968,-1.7443311394103417e-12,-5.540130542463002e-13,-3.92028573864556e-14,-1.1542396767621605e-10,0.0,-2.7888631002873574e-5,1.3697867854253303e-5,8.88122759431616,0.011259704690373927,0.8397335181478484,74.57864493246859,0.0,0.3349507450202615,0.0,1.2876020874669629e-27,0.0,9.205337042904454e-6,true
20.275000000000002,2.2,241.78843259438375,-1.497828755708609e-12,-4.708450021632005e-13,-3.357983983205042e-14,-1.1531505412559088e-10,0.0,-2.6961357985535467e-5,1.323242944081314e-5,8.954750625718544,0.011167256820395915,0.8407682188304221,75.28869733655988,0.0,0.3311382140463474,0.0,8.606876748710233e-28,0.0,8.90718386289677e-6,true
20.325000000000003,2.2,245.72656853052834,-1.285475813426128e-12,-3.998778912667092e-13,-2.8748201127722866e-14,-1.1520819561640755e-10,0.0,-2.607478253754279e-5,1.2787878356949518e-5,9.028058500382679,0.011076578645980334,0.8417733314119089,75.99578880048729,0.0,0.327313236709696,0.0,5.755498533022936e-28,0.0,8.621836243737916e-6,true
20.375000000000004,2.2,249.68386153697864,-1.1026439563981515e-12,-3.3936658013515334e-13,-2.4598861269339684e-14,-1.1510345387259352e-10,0.0,-2.5226966234716087e-5,1.2363202019126362e-5,9.101133601447348,0.010987642240972824,0.842748590742872,76.69967516782351,0.0,0.3234771887681936,0.0,3.8503717519244122e-28,0.0,8.34868755334494e-6,true
20.425000000000004,2.2,253.65905253472954,-9.453170498767723e-13,-2.8780864689240405e-13,-2.103743295597579e-14,-1.1500088781836976e-10,0.0,-2.4416067257935408e-5,1.1957438982040542e-5,9.173958465909024,0.010900419962833488,0.8436937495066703,77.40011415921245,0.0,0.31963145366842,0.0,2.5769940764558565e-28,0.0,8.087161785467526e-6,true
20.475,2.2,257.650862813183,-8.100123617155412e-13,-2.439116648568871e-13,-1.7982292412377423e-14,-1.149005534502442e-10,0.0,-2.3640335515577697e-5,1.1569676330880852e-5,9.246515801319338,0.010814884454718772,0.844608578822544,78.09686570012524,0.0,0.31577742075743914,0.0,1.7255348631460305e-28,0.0,7.836711961993998e-6,true
20.525000000000002,2.2,261.6579955750694,-6.937115892620855e-13,-2.065647400225071e-13,-1.5362896451380476e-14,-1.1480250371744537e-10,0.0,-2.289810800839078e-5,1.1199047204199156e-5,9.318788502180212,0.010731008647379876,0.8454928688136051,78.78969224575584,0.0,0.311916483482461,0.0,1.1559578385530544e-28,0.0,7.59681861930697e-6,true
20.575000000000003,2.2,265.67913751844293,-5.938005425648491e-13,-1.7481377632019684e-13,-1.3118315311274693e-14,-1.1470678841132991e-10,0.0,-2.21878044253222e-5,1.0844728441170757e-5,9.39075966600807,0.01064876576087578,0.8463464291353443,79.47835910194148,0.0,0.30805003758363336,0.0,7.747765380571891e-29,0.0,7.36698837432168e-6,true
20.625000000000004,2.2,269.71296045164183,-5.08016433018566e-13,-1.4783999874192842e-13,-1.1195954446690156e-14,-1.1461345406425972e-10,0.0,-2.1507922959313464e-5,1.0505938347289098e-5,9.462412609039893,0.01056812930609951,0.8471690894606261,80.16263474101072,0.0,0.30417947928522704,0.0,5.195595604532281e-29,0.0,7.146752566059184e-6,true
20.675000000000004,2.2,273.75812293733236,-4.344018395693794e-13,-1.2494132118602105e-13,-9.550441674604359e-15,-1.1452254385841545e-10,0.0,-2.0857036332545683e-5,1.0181934572798342e-5,9.53373088155491,0.01048907308611699,0.8479606999175107,80.84229111148487,0.0,0.3003062034904517,0.0,3.485995333110249e-29,0.0,6.935665968816014e-6,true
20.725,2.2,277.8132719620594,-3.712645337513347e-13,-1.0551619610906591e-13,-8.142658926446642e-15,-1.1443409754491513e-10,0.0,-2.0233788021080668e-5,9.872012098417008e-6,9.604698282787126,0.010411571197318406,0.8487211314766362,81.51710394058794,0.0,0.2964316019850948,0.0,2.3402325169132393e-29,0.0,6.733305573190695e-6,true
20.775000000000002,2.2,281.8770446268185,-3.1714244163140723e-13,-8.904962746642153e-14,-6.938900374825669e-15,-1.1434815137360964e-10,0.0,-1.963688866928399e-5,9.57550132314637e-6,9.67529887540498,0.010335598030382736,0.8494502762852848,82.18685302855465,0.0,0.292557061655095,0.0,1.5719551993979878e-29,0.0,6.539269431417635e-6,true
20.825000000000003,2.2,285.9480698547586,-2.707731065424493e-13,-7.510106763460673e-14,-5.9101409263876285e-15,-1.1426473803379503e-10,0.0,-1.906511268484218e-5,9.291766249189043e-6,9.7455169995358,0.010261128271056652,0.8501480479456668,82.85132253376672,0.0,0.2886839627230659,0.0,1.0565219676990722e-29,0.0,6.353175563638966e-6,true
20.875000000000004,2.2,290.02497011215246,-2.3106709248337457e-13,-6.329395361145816e-14,-5.031401033933032e-15,-1.141838866060891e-10,0.0,-1.851729500559655e-5,9.020202759226392e-6,9.815337286314003,0.010188136900749689,0.8508143817353722,83.51030124779393,0.0,0.2848136770086592,0.0,7.105300866019628e-30,0.0,6.17466092191711e-6,true
20.925000000000004,2.2,294.10636313837983,-1.9708483533798088e-13,-5.330666829894258e-14,-4.281195510763133e-15,-1.1410562252560599e-10,0.0,-1.7992328029810634e-5,8.760236981518132e-6,9.884744670933156,0.010116599196948165,0.8514492347683492,84.16358285946552,0.0,0.2809475662175113,0.0,4.7814594344713156e-30,0.0,6.003380408954195e-6,true
20.975,2.2,298.19086368017435,-1.6801650856907093e-13,-4.4864739549493265e-14,-3.641055554644509e-15,-1.1402996755651996e-10,0.0,-1.748915870186807e-5,8.511323738493946e-6,9.953724405183522,0.010046490733450868,0.8520525860951997,84.81096620715523,0.0,0.27708698026334433,0.0,3.2197428296536294e-30,0.0,5.839005948639878e-6,true
21.025000000000002,2.2,302.2770852274757,-1.4316452264238274e-13,-3.773411331095076e-14,-3.09511453123733e-15,-1.1395693977805434e-10,0.0,-1.700678574576256e-5,8.27294507470553e-6,10.022262069457803,0.009977787380430168,0.8526244367419931,85.452255518521,0.0,0.27323325562761364,0.0,2.169568786661153e-30,0.0,5.681225605697372e-6,true
21.075000000000003,2.2,306.3636417454168,-1.219283238934848e-13,-3.171535800473547e-14,-2.6297492482149205e-15,-1.1388655358183773e-10,0.0,-1.6544257039091837e-5,8.04460886019801e-6,10.090343584209183,0.009910465304322675,0.8531648096872225,86.08726063700513,0.0,0.269387713760878,0.0,1.4629390181805258e-30,0.0,5.529742751837888e-6,true
21.125000000000004,2.2,310.44914939856295,-1.037911995566419e-13,-2.6638675544240474e-14,-2.233269490191326e-15,-1.1381881968054551e-10,0.0,-1.6100667120604623e-5,7.825847465542836e-6,10.15795522084711,0.009844500967554041,0.8536737497769312,86.71579723446708,0.0,0.2655516595298524,0.0,9.871629291477821e-31,0.0,5.384275275967543e-6,true
21.175000000000004,2.2,314.5322282645723,-8.830883184073197e-14,-2.2359610437519852e-14,-1.895649497493441e-15,-1.1375374512764059e-10,0.0,-1.5675154824672063e-5,7.616216504949791e-6,10.225083612057507,0.009779871128102966,0.8541513235784388,87.33768700939123,0.0,0.2617263797138647,0.0,6.666083819861238e-31,0.0,5.244554836117824e-6,true
21.225,2.2,318.61150403180073,-7.509937581075126e-14,-1.875536248016832e-14,-1.608295873450075e-15,-1.136913333480195e-10,0.0,-1.526690103636526e-5,7.415293644044293e-6,10.291715761535338,0.009716552838909905,0.854597619173483,87.95275787018309,0.0,0.2579131415541837,0.0,4.504865032272968e-31,0.0,5.110326150891723e-6,true
21.275000000000002,2.2,322.68560967707685,-6.383486390239074e-14,-1.5721620862255347e-14,-1.363847108266013e-15,-1.1363158417925619e-10,0.0,-1.4875126561117459e-5,7.222677469057526e-6,10.357839053118923,0.009654523447136234,0.8550127458919626,88.56084410314216,0.0,0.2541131913594333,0.0,3.0467156178556105e-31,0.0,4.981346328332121e-6,true
21.325000000000003,2.2,326.75318712209474,-5.4233764596734163e-14,-1.3169848293062288e-14,-1.1560005242829404e-15,-1.1357449392312687e-10,0.0,-1.4499090103233918e-5,7.037986414331711e-6,10.423441259316506,0.009593760593280043,0.8553968339878258,89.16178652477416,0.0,0.25032775317002537,0.0,2.062203415924514e-31,0.0,4.857384230228271e-6,true
21.375000000000004,2.2,330.8128888607447,-4.6054544499968246e-14,-1.1024953171996133e-14,-9.79362987771786e-16,-1.1352005540703106e-10,0.0,-1.413808634778531e-5,6.860857745190917e-6,10.48851054921702,0.009534242210154913,0.8557500342589737,89.75543261818072,0.0,0.2465580274842761,0.0,1.3969831081186792e-31,0.0,4.738219869979695e-6,true
21.425000000000004,2.2,334.8633795575959,-3.90901021542223e-14,-9.223296065687995e-15,-8.2932220545714e-16,-1.1346825805486807e-10,0.0,-1.3791444140681282e-5,6.6909465933696084e-6,10.55303549577817,0.009475946521738304,0.8560725176133642,90.34163665334015,0.0,0.24280519004858328,0.0,9.471566202577301e-32,0.0,4.623643842235179e-6,true
21.475,2.2,338.90333761176805,-3.3162958657273395e-14,-7.710983933824447e-15,-7.019358378087288e-16,-1.1341908796690932e-10,0.0,-1.3458524761970696e-5,6.527925042326807e-6,10.617005082486367,0.00941885204189629,0.8563644745837857,90.92025979116819,0.0,0.23907039071375513,0.0,6.42739008975829e-32,0.0,4.513456782617899e-6,true
21.525000000000002,2.2,342.9314566833121,-2.8121104863774505e-14,-6.442411807182899e-15,-5.938360228861682e-16,-1.1337252800814144e-10,0.0,-1.313872028765381e-5,6.37148125990345e-6,10.68040870938426,0.009362937572991545,0.8566261147940296,91.49117017132153,0.0,0.23535475235929285,0.0,4.3655730415438975e-32,0.0,4.4074688559363915e-6,true
21.575000000000003,2.2,346.9464471792789,-2.383441782129122e-14,-5.37901707346296e-15,-5.021472205054507e-16,-1.1332855790454307e-10,0.0,-1.2831452035520216e-5,6.221318675904553e-6,10.743236198462931,0.009308182204381519,0.8568576663794173,92.05424298377828,0.0,0.23165936988714117,0.0,2.9679284184170436e-32,0.0,4.3054992713651475e-6,true
21.625000000000004,2.2,350.9470376963205,-2.019157037590318e-14,-4.488216269564058e-15,-4.2441556228908405e-16,-1.1328715434671774e-10,0.0,-1.2536169090744536e-5,6.077155202306308e-6,10.805477798417169,0.009254565310813784,0.8570593753648489,92.6093605243016,0.0,0.22798530928613264,0.0,2.0196832457681858e-32,0.0,4.207375823158527e-6,true
21.675000000000004,2.2,354.9319764159271,-1.7097367755225074e-14,-3.742498401041748e-15,-3.5854813369455947e-16,-1.132482911002743e-10,0.0,-1.2252346907180515e-5,5.938722493901366e-6,10.867124188763404,0.009202066550725528,0.857231505003709,93.15641223395863,0.0,0.22433360676806727,0.0,1.3757615778925815e-32,0.0,4.112934455537429e-6,true
21.725,2.2,358.90003245112797,-1.4470453570470678e-14,-3.118652388293316e-15,-3.02760823736179e-16,-1.1321193912235378e-10,0.0,-1.1979485980493332e-5,5.805765247303703e-6,10.928166483321382,0.009150665864454066,0.8573743350811001,93.69529472293233,0.0,0.2207052679760903,0.0,9.380928558720306e-33,0.0,4.022018850459963e-6,true
21.775000000000002,2.2,362.84999714089304,-1.2241335223279012e-14,-2.5971093430636264e-15,-2.5553356065711323e-16,-1.1317806668365363e-10,0.0,-1.1717110589460058e-5,5.678040536337512e-6,10.988596233061653,0.009100343472365251,0.8574881611850111,94.22591177892576,0.0,0.21710126726575316,0.0,6.403304292197765e-33,0.0,3.9344800370557565e-6,true
21.825000000000003,2.2,366.78068529001763,-1.0350685289822462e-14,-2.161383068414819e-15,-2.1557191064922335e-16,-1.1314663949529527e-10,0.0,-1.146476760194981e-5,5.5553171819330165e-6,11.04840542832255,0.009051079872906395,0.8575732939490808,94.74817436051475,0.0,0.21352254705887436,0.0,4.3755361023540074e-33,0.0,3.850176021567922e-6,true
21.875000000000004,2.2,370.69093635273146,-8.747881201218817e-15,-1.7975945033851793e-15,-1.8177415483052084e-16,-1.1311762083991484e-10,0.0,-1.1222025342268135e-5,5.437375154745902e-6,11.107586500401235,0.00900285584059037,0.8576300582707037,95.26200057585991,0.0,0.2099700172700522,0.0,2.9932335224228256e-33,0.0,3.768971436708468e-6,true
21.925000000000004,2.2,374.5796155581758,-7.389750548780686e-15,-1.494067846742094e-15,-1.5320307968862205e-16,-1.1309097170628784e-10,0.0,-1.0988472516715495e-5,5.324005008806466e-6,11.166132322524689,0.008955652423917342,0.857658792508246,95.76731564723819,0.0,0.20644455480541074,0.0,2.049961494992701e-33,0.0,3.6907372093909577e-6,true
21.975,2.2,378.44561497349633,-6.2394937063034965e-15,-1.2409878333722087e-15,-1.290618203806701e-16,-1.1306665092685605e-10,0.0,-1.0763717194367144e-5,5.215007344589787e-6,11.224036210207538,0.008909450943240582,0.8576598476611522,96.26405186189854,0.0,0.20294700313288191,0.0,1.4055954168411647e-33,0.0,3.615350245859784e-6,true
22.025000000000002,2.2,382.28785450783874,-5.265759259758567e-15,-1.0301091377596294e-15,-1.0867318666305988e-16,-1.1304461531749411e-10,0.0,-1.0547385840231965e-5,5.110192299979228e-6,11.281291921003879,0.008864232988583225,0.8576335865367684,96.75214850978826,0.0,0.19947817192300363,0.0,9.64935728856842e-34,0.0,3.5426931332885714e-6,true
22.075000000000003,2.2,386.10528284995104,-4.441851038178928e-15,-8.545101730314429e-16,-9.14619795774514e-17,-1.1302481981884635e-10,0.0,-1.0339122398091368e-5,5.009379067672499e-6,11.337893653660315,0.008819980417413432,0.8575803829077348,97.23155180873188,0.0,0.19603883675879533,0.0,6.6324485912550536e-34,0.0,3.472653856971015e-6,true
22.125000000000004,2.2,389.8968783414928,-3.745048410463778e-15,-7.083846686139541e-16,-7.693987489396564e-17,-1.130072176385569e-10,0.0,-1.0138587420456316e-5,4.912395437652239e-6,11.393836046675215,0.008776675352387624,0.8575006206639767,97.70221481767587,0.0,0.19262973891263438,0.0,4.56458150606558e-34,0.0,3.405125532277942e-6,true
22.175000000000004,2.2,393.66164978395693,-3.156024006020056e-15,-5.86865368589669e-16,-6.469250806641499e-17,-1.1299176039362577e-10,0.0,-9.945457243212376e-6,4.8190773634113e-6,11.449114176263874,0.008734300179075727,0.8573946929636943,98.16409733864045,0.0,0.18925158518697283,0.0,3.1455297302791933e-34,0.0,3.3400061506050948e-6,true
22.225,2.2,397.39863717434145,-2.6583451806853193e-15,-4.858750172672427e-16,-5.4368446276415154e-17,-1.1297839825199138e-10,0.0,-9.759423202649878e-6,4.72926855068587e-6,11.5037235537171,0.008692837543691483,0.8572630013885918,98.61716580804158,0.0,0.18590504781376216,0.0,2.1705340251043803e-34,0.0,3.277198338591122e-6,true
22.275000000000002,2.2,401.1069123679827,-2.2380474254295153e-15,-4.020005064830411e-16,-4.5669777072329656e-17,-1.1296708007212303e-10,0.0,-9.580190892701338e-6,4.642820067505861e-6,11.557660122115736,0.008652270350868744,0.8571059551103365,99.06139317806655,0.0,0.18259076440376104,0.0,1.4998008892737336e-34,0.0,3.216609129949338e-6,true
22.325000000000003,2.2,404.7855796596573,-1.88326954091059e-15,-3.3238666659471957e-16,-3.834408105284719e-17,-1.129577535387834e-10,0.0,-9.407479460333974e-6,4.559589974418898e-6,11.610920252314394,0.008612581761559091,0.8569239700786891,99.49675878880302,0.0,0.17930933793003248,0.0,1.0377889135881768e-34,0.0,3.1581497493401746e-6,true
22.375000000000004,2.2,408.4337762681018,-1.5839418084712869e-15,-2.7464670378756855e-16,-3.217758879576001e-17,-1.1295036529198213e-10,0.0,-9.241020937177138e-6,4.479442973777266e-6,11.663500738015415,0.00857375519118931,0.8567174682482089,99.92324823183682,0.0,0.1760613367173408,0.0,7.191293547695459e-35,0.0,3.101735407828679e-6,true
22.425000000000004,2.2,412.0506727009008,-1.3315196059806567e-15,-2.267867321652445e-16,-2.6989350481010567e-17,-1.1294486104399363e-10,0.0,-9.08055960561064e-6,4.402250076988955e-6,11.715398789586063,0.008535774308330931,0.8564868768722271,100.34085320605236,0.0,0.17284729438662766,0.0,4.990472476026156e-35,0.0,3.047285109649404e-6,true
22.475,2.2,415.6354729465506,-1.1187559698528755e-15,-1.8714223052490887e-16,-2.2626271005215395e-17,-1.1294118567561577e-10,0.0,-8.925851397713571e-6,4.327888288612966e-6,11.766612025976801,0.00849862303433078,0.8562326279133786,100.7495713663928,0.0,0.16966770966460562,0.0,3.4683824095893816e-35,0.0,2.9947214702775744e-6,true
22.525000000000002,2.2,419.18741441634415,-9.395075142952833e-16,-1.5432457972481766e-16,-1.8958884356680118e-17,-1.1293928329655082e-10,0.0,-8.77666332569295e-6,4.256240306108835e-6,11.817138463598857,0.008462285544680455,0.8559551576547317,101.14940616637553,0.0,0.16652304590269099,0.0,2.4142201738709345e-35,0.0,2.943970546236608e-6,true
22.575000000000003,2.2,422.7057674863221,-7.885689042719969e-16,-1.2717611493344618e-16,-1.5877759071217087e-17,-1.1293909724450625e-10,0.0,-8.632772942703355e-6,4.18719423390839e-6,11.86697650020246,0.008426746273433164,0.8556549066519769,101.54036669521938,0.0,0.16341373004278625,0.0,1.6830818929805873e-35,0.0,2.8949616777341256e-6,true
22.625000000000004,2.2,426.18983440258995,-6.61531756326525e-16,-1.0473236454294147e-16,-1.3290442116052734e-17,-1.1294056998157348e-10,0.0,-8.493967833366172e-6,4.120643310236637e-6,11.916124890517978,0.008391989922795542,0.8553323202549058,101.92246751053978,0.0,0.16034015060123552,0.0,1.1752385339253352e-35,0.0,2.8476273462026937e-6,true
22.675000000000004,2.2,429.6389471657619,-5.546644256737225e-16,-8.61903499582003e-17,-1.1118861895834868e-17,-1.1294364282239604e-10,0.0,-8.360045133837365e-6,4.0564856447392896e-6,11.964582708505771,0.00835800148123083,0.8549878500568265,102.2957284677243,0.0,0.15730265399496385,0.0,8.219650402761018e-36,0.0,2.801903050225805e-6,true
22.725,2.2,433.0524638081851,-4.648096413765247e-16,-7.088199285998705e-17,-9.297122539784473e-18,-1.1294825539453118e-10,0.0,-8.23081108199076e-6,3.994623964454889e-6,12.012349288337901,0.008324766255097513,0.8546219568140879,102.66017454733655,0.0,0.15430153818462844,0.0,5.758400902434837e-36,0.0,2.757727205226441e-6,true
22.775000000000002,2.2,436.42976219548154,-3.892973848670132e-16,-5.825182321596944e-17,-7.769631471250636e-18,-1.1295434468584382e-10,0.0,-8.10608059919643e-6,3.934965364999401e-6,12.05942413260188,0.008292269921053396,0.8542351156199302,103.01583568222941,0.0,0.151337042146897,0.0,4.040986617374975e-36,0.0,2.7150410746845127e-6,true
22.825000000000003,2.2,439.77023014207447,-3.2587078003092326e-16,-4.7838306003867066e-17,-6.4895107045887326e-18,-1.1296184347762317e-10,0.0,-7.985676906257086e-6,3.877421063055607e-6,12.105806771744389,0.008260498609097697,0.8538278244102673,103.36274658649592,0.0,0.14840932912289523,0.0,2.8407141576803276e-36,0.0,2.6737887433775946e-6,true
22.875000000000004,2.2,443.0732502463107,-2.726230837807871e-16,-3.9258210518413864e-17,-5.417249553517874e-18,-1.129706779000011e-10,0.0,-7.869431177222826e-6,3.821906145498353e-6,12.151496553863874,0.008229439028907307,0.8534006171936258,103.70094658893646,0.0,0.14551846097590745,0.0,2.000521063730131e-36,0.0,2.6339171458025397e-6,true
22.925000000000004,2.2,446.33817748002946,-2.2794414163836363e-16,-3.21935360057189e-17,-4.519562637818252e-18,-1.1298076378938505e-10,0.0,-7.757182235829898e-6,3.7683393099655983e-6,12.196492339536796,0.008199078654428758,0.8529540836679684,104.03047947433004,0.0,0.1426643604476855,0.0,1.4114327865238723e-36,0.0,2.5953761647733132e-6,true
22.975,2.2,449.56430736960186,-1.904749095244923e-16,-2.638058355745815e-17,-3.768422386477243e-18,-1.1299200149529342e-10,0.0,-7.648776299857352e-6,3.716642591758157e-6,12.240792074045212,0.008169405982480105,0.8524888970022233,104.35139333636359,0.0,0.13984675783494682,0.0,9.977291517586857e-37,0.0,2.558118815016105e-6,true
23.025000000000002,2.2,452.75083270257994,-1.5906884607765142e-16,-2.1600828714913326e-17,-3.1402397804294026e-18,-1.1300426880510228e-10,0.0,-7.544066778275422e-6,3.666741073091748e-6,12.284392211559148,0.00814041087892845,0.8520058513593393,104.66374044641488,0.0,0.13706511891589135,0.0,7.067178078936234e-37,0.0,2.522101522810949e-6,true
23.075000000000003,2.2,455.8967873825207,-1.3275915403267738e-16,-1.767330379871486e-17,-2.615170964890719e-18,-1.1301741176607193e-10,0.0,-7.442914124078089e-6,3.618562573469565e-6,12.327286975542473,0.00811208501906393,0.8515059100229739,104.96757714223646,0.0,0.13431855221417238,0.0,5.016747854648306e-37,0.0,2.487284503574141e-6,true
23.125000000000004,2.2,459.0009775388279,-1.1073099850148438e-16,-1.444824506578115e-17,-2.1765306830758595e-18,-1.1303123342259895e-10,0.0,-7.345185741567241e-6,3.572037324758283e-6,12.369467460031654,0.008084422415364365,0.8509902635642814,105.26296373962137,0.0,0.13160569627422544,0.0,3.5696498596748416e-37,0.0,2.453632223198483e-6,true
23.175000000000004,2.2,462.06190249444694,-9.229795787660008e-17,-1.1801798664308097e-17,-1.81029632002746e-18,-1.1304548088062071e-10,0.0,-7.250755940217364e-6,3.5270976416230998e-6,12.410920609746169,0.00805742000488433,0.8504603952192139,105.54996446799014,0.0,0.12892459179873716,0.0,2.5466500344686294e-37,0.0,2.421113905379645e-6,true
23.225,2.2,465.0776717171671,-7.688207252330727e-17,-9.631612102861908e-18,-1.5046887664802283e-18,-1.130598316613699e-10,0.0,-7.1595059182102e-6,3.483677606952565e-6,12.451628163182521,0.008031078240489388,0.8499181475734691,105.82864742725727,0.0,0.12627254923353853,0.0,1.8222262104240018e-37,0.0,2.389704017308591e-6,true
23.275000000000002,2.2,468.0459281639705,-6.399695002884637e-17,-7.853165520708193e-18,-1.2498183776749609e-18,-1.1307388096797848e-10,0.0,-7.0713237481659e-6,3.441712801630524e-6,12.491565697936522,0.00800540159801737,0.8493657810708554,106.09908455825759,0.0,0.12364602915395582,0.0,1.308325723705776e-37,0.0,2.3593826339364045e-6,true
23.325000000000003,2.2,470.96379278973933,-5.323346578040076e-17,-6.396720273431843e-18,-1.0373860621728686e-18,-1.1308713215411252e-10,0.0,-6.986104327347118e-6,3.4011401164140473e-6,12.530701972256649,0.007980398881196202,0.8488060114129355,106.36135161275371,0.0,0.12104055944578941,0.0,9.43078122019141e-38,0.0,2.330135553559975e-6,true
23.375000000000004,2.2,473.82784832133837,-4.424766599025795e-17,-5.204781953510525e-18,-8.604310352991335e-19,-1.1309899318341318e-10,0.0,-6.903749247433073e-6,3.361897687878019e-6,12.568998796552926,0.00795608318678694,0.8482420105861334,106.61552810242743,0.0,0.11845071796880959,0.0,6.82939977580375e-38,0.0,2.3019540244303667e-6,true
23.425000000000004,2.2,476.6341812548957,-3.675053865962682e-17,-4.229991569945961e-18,-7.131180490856081e-19,-1.1310878198709698e-10,0.0,-6.824166538141935e-6,3.3239249972106253e-6,12.606411674795165,0.007932471394690103,0.8476773562318702,106.86169720060948,0.0,0.1158702099007997,0.0,4.972197223766195e-38,0.0,2.2748339541033824e-6,true
23.475,2.2,479.3784979593719,-3.049936782751158e-17,-3.4333727302759867e-18,-5.9055799840278e-19,-1.131157431528192e-10,0.0,-6.747270247549663e-6,3.287163157489e-6,12.642891410314103,0.007909583081479269,0.8471159174885716,107.09994556756612,0.0,0.11329206313678049,0.0,3.64254845653816e-38,0.0,2.2487745189349487e-6,true
23.525000000000002,2.2,482.0563227957177,-2.5290429040725852e-17,-2.782874711498267e-18,-4.886567296053685e-19,-1.1311907717458147e-10,0.0,-6.6729798415694115e-6,3.2515553910431415e-6,12.678386762047275,0.00788743882615648,0.8465616729173752,107.33036307172243,0.0,0.11070895167267239,0.0,2.687376702890854e-38,0.0,2.223776173169364e-6,true
23.575000000000003,2.2,484.66327331662194,-2.0952820375852012e-17,-2.2521615784922603e-18,-4.039876675185965e-19,-1.1311798158219326e-10,0.0,-6.601219434863245e-6,3.2170476655283854e-6,12.712848068233324,0.007866057980341835,0.8460184673752013,107.55304238660543,0.0,0.10811363625771606,0.0,1.998406578931895e-38,0.0,2.199838168648325e-6,true
23.625000000000004,2.2,487.1953915064801,-1.7343254448641415e-17,-1.819606222243981e-18,-3.3368454927641004e-19,-1.1311170089161056e-10,0.0,-6.53191690133331e-6,3.183589420623233e-6,12.746231546909248,0.007845456096727536,0.8454897281618523,107.76807845684324,0.0,0.10549948651652956,0.0,1.4989926056640043e-38,0.0,2.176955819089313e-6,true
23.675000000000004,2.2,489.6494938098623,-1.4341663418174872e-17,-1.4674554905560566e-18,-2.7535112639291287e-19,-1.1309957994626554e-10,0.0,-6.465002946990428e-6,3.1511342850592114e-6,12.778503778505817,0.007825642323493757,0.844978173631539,107.97556784505565,0.0,0.10286102435790888,0.0,1.1348445393656442e-38,0.0,2.155117849058987e-6,true
23.725,2.2,492.02349075155587,-1.1847491661576375e-17,-1.181138581769094e-18,-2.2698518366848114e-19,-1.1308111348334039e-10,0.0,-6.400410252232334e-6,3.1196406655303576e-6,12.809645731172987,0.007806617146065518,0.8444855561369348,108.17560799206731,0.0,0.10019441147857322,0.0,8.67483694329654e-39,0.0,2.134304224874476e-6,true
23.775000000000002,2.2,494.31662366050523,-9.776570085371792e-18,-9.486956799626837e-19,-1.8691463694430342e-19,-1.130559842833908e-10,0.0,-6.33807279569492e-6,3.0890720931454505e-6,12.839655659072552,0.007788370860969281,0.8440124822571985,108.36829644141511,0.0,0.0974978005979567,0.0,6.696189304406434e-39,0.0,2.114484845408368e-6,true
23.825000000000003,2.2,496.52957424588516,-8.058482397681062e-18,-7.603075713251447e-19,-1.5374382138092263e-19,-1.130240834526365e-10,0.0,-6.2779254526940445e-6,3.0593972432629776e-6,12.868550322224989,0.007770883082866935,0.8435583447466091,108.55373009104554,0.0,0.09477148468284143,0.0,5.2187586018253326e-39,0.0,2.0956193634676803e-6,true
23.875000000000004,2.2,498.66442256141164,-6.634347481951336e-18,-6.079098818812023e-19,-1.263083766197303e-19,-1.1298550923179774e-10,0.0,-6.2199039188135705e-6,3.0305895977095194e-6,12.896364239882168,0.007754123421138242,0.8431213830052416,108.73200453668795,0.0,0.09201781023552975,0.0,4.104821473110307e-39,0.0,2.077658225051839e-6,true
23.925000000000004,2.2,500.724456514929,-5.4549536418851905e-18,-4.848778363390894e-19,-1.0363738276593881e-19,-1.1294054469920125e-10,0.0,-6.163944951567793e-6,3.0026267840498725e-6,12.923147048112414,0.007738053248771648,0.8426988654972651,108.90321356098661,0.0,0.08924086369997067,0.0,3.25629254273567e-39,0.0,2.060544791482474e-6,true
23.975,2.2,502.71386487324776,-4.4791902566124006e-18,-3.85769281965272e-19,-8.492160880865296e-20,-1.128896188890988e-10,0.0,-6.1099868642394365e-6,2.9754896890344652e-6,12.948959399146045,0.0077226282759520265,0.8422873640976245,109.06744880113881,0.0,0.08644598378636328,0.0,2.6031303328882503e-39,0.0,2.0442182026790934e-6,true
24.025000000000002,2.2,504.6373678505606,-3.6727305987886254e-18,-3.0611534390795367e-19,-6.948690944638397e-20,-1.128332590742085e-10,0.0,-6.057970161952639e-6,2.9491614863380592e-6,12.973868115428152,0.007707801490681324,0.8418830731678046,109.22479959890445,0.0,0.08363918523116023,0.0,2.0951329338373645e-39,0.0,2.0286165047968514e-6,true
24.075000000000003,2.2,506.4998485452247,-3.006926500601167e-18,-2.4224960879093273e-19,-5.677195318797633e-20,-1.1277204338118027e-10,0.0,-6.007838193756005e-6,2.9236267313207192e-6,12.997941417012234,0.00769352598166937,0.8414821200935466,109.37535300439171,0.0,0.08082659200390516,0.0,1.696133809104316e-39,0.0,2.0136795405635503e-6,true
24.125000000000004,2.2,508.30604227692106,-2.457881440745839e-18,-1.9116822225335702e-19,-4.630958908612037e-20,-1.1270656219232352e-10,0.0,-5.95953771176987e-6,2.8988706571895965e-6,13.02124494888945,0.00767975722694079,0.841080820615789,109.51919387051136,0.0,0.07801396708036559,0.0,1.3798985726498561e-39,0.0,1.9993511923809034e-6,true
24.175000000000004,2.2,510.0603215754008,-2.0056736632139376e-18,-1.5041471413351405e-19,-3.771126564283044e-20,-1.1263739431344814e-10,0.0,-5.913019276809671e-6,2.874878769322091e-6,13.043839077972262,0.0076664545922584,0.8406758491735979,109.6564049335809,0.0,0.07520639577457683,0.0,1.1272290687889505e-39,0.0,1.985580747841532e-6,true
24.225,2.2,511.7665883160534,-1.6337052766956302e-18,-1.1798467182067278e-19,-3.0654006505218687e-20,-1.12565100624345e-10,0.0,-5.868237521475054e-6,2.8516367998404487e-6,13.065777588209329,0.007653581987362227,0.8402643162333955,109.78706671214334,0.0,0.07240814017727826,0.0,9.239253159712187e-40,0.0,1.9723233714735324e-6,true
24.275000000000002,2.2,513.4282587531154,-1.3281570355390038e-18,-9.224650275874324e-20,-2.486952599080617e-20,-1.1249023510977308e-10,0.0,-5.825151369226246e-6,2.829131080574076e-6,13.087107573083237,0.007641107818634722,0.8398437647842154,109.91125694314242,0.0,0.0696226453879682,0.0,7.593564338452476e-40,0.0,1.959539857515624e-6,true
24.325000000000003,2.2,515.048308098558,-1.0775317591422451e-18,-7.187542081147321e-20,-2.01351351797112e-20,-1.1241337189738655e-10,0.0,-5.783724410755022e-6,2.8073494457510204e-6,13.107870084824174,0.007629004510486905,0.8394121116807933,110.0290490753976,0.0,0.06685265351482832,0.0,6.2546192160114035e-40,0.0,1.947195964358423e-6,true
24.375000000000004,2.2,516.6293318899175,-8.72272184361121e-19,-5.579845599956834e-20,-1.626614796011414e-20,-1.1233514784864382e-10,0.0,-5.743925764589497e-6,2.786282902646035e-6,13.128100986198788,0.007617247925280835,0.8389675638458486,110.14050902313478,0.0,0.06410037308430344,0.0,5.16054461780969e-40,0.0,1.935261676215682e-6,true
24.425000000000004,2.2,518.173581891364,-7.044415370441681e-19,-4.314875475503552e-20,-1.310954753967001e-20,-1.1225632335089007e-10,0.0,-5.70573190681582e-6,2.765928503624584e-6,13.147831464536619,0.007605816994971984,0.8385085346607408,110.24568895294982,0.0,0.06136765793498575,0.0,4.2633155362552034e-40,0.0,1.9237107074860905e-6,true
24.475,2.2,519.6829442266758,-5.674573114232909e-19,-3.32277580853175e-20,-1.0538718756120175e-20,-1.121778684661887e-10,0.0,-5.66913014049494e-6,2.7462940723140806e-6,13.167087800877036,0.007594693793515919,0.8380335735624607,110.34461643179664,0.0,0.058656165219793256,0.0,3.5252996771158873e-40,0.0,1.9125204699282184e-6,true
24.525000000000002,2.2,521.1588485715323,-4.558706755728178e-19,-2.547406719170669e-20,-8.449090456358404e-21,-1.1210108581906679e-10,0.0,-5.63412454911095e-6,2.727405578443928e-6,13.18589026007475,0.007583864117448912,0.8375413026001954,110.43727704366236,0.0,0.055967480086765005,0.0,2.916767736194983e-40,0.0,1.9016725546196833e-6,true
24.575000000000003,2.2,522.6021351411412,-3.6518551794034504e-19,-1.9437965972394793e-20,-6.754564282629149e-21,-1.1202778280624605e-10,0.0,-5.600745352136551e-6,2.7093178571400835e-6,13.20425145055828,0.0075733183645008495,0.8370303262120208,110.52358899046345,0.0,0.053303209784392014,0.0,2.414051409902238e-40,0.0,1.8911535039911234e-6,true
24.625000000000004,2.2,524.012969044133,-2.917122707164774e-19,-1.4760686882119423e-20,-5.3846289010886445e-21,-1.1196050019314405e-10,0.0,-5.5690624344430606e-6,2.6921288429560243e-6,13.222175295336196,0.007563052052053235,0.836499042048279,110.60336968343148,0.0,0.05066506000520178,0.0,1.998135366275866e-40,0.0,1.8809552136838564e-6,true
24.675000000000004,2.2,525.3909838837085,-2.324521301923283e-19,-1.1157591012754917e-20,-4.2820692676122e-21,-1.1190278817078195e-10,0.0,-5.539203370238499e-6,2.675996434947823e-6,13.239658913908732,0.007553064671095601,0.8359452297239663,110.67629712254394,0.0,0.048054911541755424,0.0,1.6535449426509755e-40,0.0,1.8710736876389978e-6,true
24.725,2.2,526.7359507207246,-1.8500713977851302e-19,-8.404498814956639e-21,-3.401179148423807e-21,-1.1185949277562622e-10,0.0,-5.511375576395164e-6,2.6611556771648462e-6,13.256701138114648,0.007543354787752415,0.8353652340870522,110.74187249463232,0.0,0.04547491764271799,0.0,1.3674478020913304e-40,0.0,1.861504137651506e-6,true
24.775000000000002,2.2,528.0493787695408,-1.475112040289982e-19,-6.326481983055885e-21,-2.7063793051829772e-21,-1.118369786616454e-10,0.0,-5.4858916586376476e-6,2.647932680173925e-6,13.273322744962446,0.007533908571457925,0.834752499604629,110.79939339416377,0.0,0.042927644088346414,0.0,1.128931683787509e-40,0.0,1.8522297564655335e-6,true
24.825000000000003,2.2,529.3375217584091,-1.1857740733040343e-19,-4.788547979049807e-21,-2.1711509169715905e-21,-1.1184317977918132e-10,0.0,-5.463197223264547e-6,2.6367515584813508e-6,13.289604299316776,0.0075246785192197956,0.8340951651658568,110.84794693027509,0.0,0.040416277256741115,0.0,9.284560951841316e-41,0.0,1.843201162953373e-6,true
24.875000000000004,2.2,530.6162504379839,-9.725936944519044e-20,-3.6878479181405554e-21,-1.777238363548477e-21,-1.1188735475166269e-10,0.0,-5.4439022809359675e-6,2.62813260344679e-6,13.305747278635895,0.007515549326610387,0.8333724056149168,110.8864261810093,0.0,0.03794494968826346,0.0,7.575105147929281e-41,0.0,1.8343037733217433e-6,true
24.925000000000004,2.2,531.9176055933325,-8.303003596591863e-20,-2.947379533022933e-21,-1.514179556230849e-21,-1.1197936987486131e-10,0.0,-5.428822709943704e-6,2.6226833280579116e-6,13.322155941580407,0.007506292557939913,0.8325496361768127,110.9135608225353,0.0,0.03552013723394207,0.0,6.086174886707423e-41,0.0,1.8253150147344199e-6,true
24.975,2.2,533.2691681903162,-7.579093697266846e-20,-2.514605807703158e-21,-1.3793964322989982e-21,-1.1212446932213665e-10,0.0,-5.4191010426058315e-6,2.6210341502726675e-6,13.339176430456739,0.007496714697593663,0.8315950779505842,110.92793463482266,0.0,0.03319646228045663,0.0,4.783455406157705e-41,0.0,1.8160493182169692e-6,true
25.025000000000002,2.2,533.2691681903162,-7.594267058022136e-20,-2.5196400535644256e-21,-1.3793964322989982e-21,-1.1212446932213665e-10,0.0,-5.4191010426058315e-6,2.6210341502726675e-6,13.339176430456739,0.007496714697593663,0.8315950779505842,110.92793463482266,0.0,0.03319646228045663,0.0,4.79303189345732e-41,0.0,1.8160493182169692e-6,true
