r,tau,Dtau,Sr,E,nur,Pi,piR,piEta,piPhi,D,T,mu,alpha,phi,ur,v,n,e,P,ok
-0.025,2.0,0.5011378557617273,9.408823741565602e-6,-0.00934633662016248,8.847196300872166e-6,-1.1340613962425979e-10,0.0,-1.300176092061533,0.6501931012928989,0.3282505463085544,0.30464534217713185,1.5357601736529294,5.041141160004943,0.0,-0.0010540160212079155,0.0,-0.009346331894765348,0.0,4.91749210574843,true
0.025,2.0,0.5011378557617273,9.408823741565602e-6,0.00934633662016248,-8.847196300872166e-6,-1.1340613962425979e-10,0.0,-1.300176092061533,0.6501931012928989,0.3282505463085544,0.30464534217713185,1.5357601736529294,5.041141160004943,0.0,0.0010540160212079155,0.0,0.009346331894765348,0.0,4.91749210574843,true
0.07500000000000001,2.0,0.5011589309796681,8.366243908941599e-5,0.028034446387514407,-2.8268540497171506e-5,-1.1340174733249237e-10,0.0,-1.3001587875797467,0.6503151994045023,0.32825915557226676,0.30463735223368305,1.5357229383414541,5.041151149329261,0.0,0.003135539377942328,0.0,0.028034321872135805,0.0,4.916976242243568,true
0.12500000000000003,2.0,0.5012248417921301,0.0002317522487947806,0.046702222072385426,-4.86132666318149e-5,-1.1339875643163286e-10,0.0,-1.2999336600197118,0.6503110423477694,0.3282860791102444,0.3046123681851834,1.5356204026451135,5.04122800986059,0.0,0.0052226328746230516,0.0,0.04670164863356175,0.0,4.9153634315254955,true
0.17500000000000002,2.0,0.5013339926957019,0.0004534946900216002,0.06533200033153456,-6.889527635366273e-5,-1.1339677006981907e-10,0.0,-1.2995293175430418,0.6501833869963478,0.32833066173440417,0.30457100616723026,1.535448798064884,5.041349199279389,0.0,0.0073106518775477225,0.0,0.06533043082138805,0.0,4.9126942358178765,true
0.225,2.0,0.5014856918473823,0.0007485393900379053,0.083906540847393,-8.906970322942365e-5,-1.1339561379975408e-10,0.0,-1.2989571001910036,0.6499520200880824,0.3283926152661265,0.30451354674635694,1.535208730226079,5.041512098983312,0.0,0.009399172484985084,0.0,0.08390321145302372,0.0,4.908988038176296,true
0.275,2.0,0.501679349105087,0.0011163511578504155,0.10240909295728093,-0.0001091813652982743,-1.1339513606927626e-10,0.0,-1.2982236486778507,0.6496306309809156,0.32847169103074403,0.3044402386281754,1.534901351005296,5.041716423300832,0.0,0.011487950673047621,0.0,0.10240302576546324,0.0,4.904262626477437,true
0.325,2.0,0.5019145351297193,0.0015562369351328354,0.12082326673877078,-0.00012926616434999906,-1.1339522128890297e-10,0.0,-1.297332824995732,0.6492277380386435,0.32856770405616953,0.3043512760551315,1.5345276531720384,5.0419622781343865,0.0,0.013576818996091486,0.0,0.12081327315570277,0.0,4.898532717959759,true
0.375,2.0,0.5021909687695173,0.0020673618317333365,0.13913294614015345,-0.00014934464908818832,-1.1339578647309484e-10,0.0,-1.2962869546641522,0.6487484647544071,0.3286805279398073,0.30424680350493244,1.534088405737765,5.042249871042259,0.0,0.015665665829933572,0.0,0.13911763101605235,0.0,4.891810253515348,true
0.425,2.0,0.502508485146162,0.0026487576622321696,0.1573222470599587,-0.0001694262092107291,-1.1339677364590572e-10,0.0,-1.295087562997913,0.648195849405985,0.3288100818127639,0.3041269277653827,1.533584203489739,5.042579474162233,0.0,0.01775441640821368,0.0,0.15730001346421488,0.0,4.884105171782551,true
0.475,2.0,0.5028670056957645,0.0032993283474109865,0.17537550465910975,-0.0001895125991660118,-1.1339814282761955e-10,0.0,-1.293735774888201,0.6475716960181422,0.32895631809303827,0.3039917292961588,1.5330155241451853,5.042951424022694,0.0,0.019843018403303228,0.0,0.17534455927529122,0.0,4.875426138520191,true
0.525,2.0,0.5032665148918773,0.004017854102410429,0.1932772779051015,-0.00020960012742304664,-1.133998666132949e-10,0.0,-1.2922325225207836,0.646877102161509,0.3291192129638651,0.30384127106848446,1.5323827733826414,5.043366123350798,0.0,0.02193143201505092,0.0,0.1932356370207041,0.0,4.865781113290881,true
0.5750000000000001,2.0,0.5037070435546361,0.0048029951173791646,0.2110123631980397,-0.00022968107625874888,-1.1340192624853565e-10,0.0,-1.2905786509792707,0.6461127778406259,0.3292987595403476,0.3036756049114343,1.531686316224385,5.043824039376146,0.0,0.02401962350531089,0.0,0.2109578592668762,0.0,4.855177754782144,true
0.625,2.0,0.5041886574235078,0.005653294927053307,0.22856581180429644,-0.00024974478727021683,-1.134043089122244e-10,0.0,-1.288774971623716,0.6452792339925923,0.32949496318491933,0.30349477586362356,1.5309264971245395,5.044325698088677,0.0,0.026107561119969362,0.0,0.2284961005636852,0.0,4.8436236967894635,true
0.675,2.0,0.5047114495584217,0.00656718350502603,0.24592294802682815,-0.00026977862180914105,-1.1340700588246954e-10,0.0,-1.2868222893726446,0.6443768913507335,0.3297078383854562,0.30329882507400874,1.5301036517820092,5.044871675347389,0.0,0.02819521260729812,0.0,0.24583551615688948,0.0,4.831126729945846,true
0.725,2.0,0.5052755353505309,0.007542980137941115,0.2630693866909825,-0.0002897688477691821,-1.1341001130775582e-10,0.0,-1.284721417229768,0.6434061415655081,0.3299374066980856,0.30308779171410105,1.5292181134992222,5.04546258643672,0.0,0.030282543832613803,0.0,0.2629615600070643,0.0,4.817694919070285,true
0.775,2.0,0.5058810492060388,0.008578896223597452,0.27999104964217914,-0.0003097014235409644,-1.1341332137096731e-10,0.0,-1.282473184925118,0.6423673801116767,0.33018369537208897,0.3028617142566913,1.528270216398156,5.046099075774452,0.0,0.032369518228592825,0.0,0.27986000181133247,0.0,4.803336679071821,true
0.8250000000000001,2.0,0.5065281422273844,0.009673038213872031,0.2966741815683363,-0.0003295626315899338,-1.1341693369020827e-10,0.0,-1.280078445364068,0.6412610225545441,0.33044673638102406,0.3026206313767138,1.5272602971733407,5.046781808052433,0.0,0.034456096980688716,0.0,0.29651694333579176,0.0,4.788060825885253,true
0.875,2.0,0.5072169804345691,0.0108234109421065,0.31310536565666175,-0.0003493395342587826,-1.134208468714169e-10,0.0,-1.2775380809517833,0.6400875107992554,0.3307265656736357,0.30236458264644217,1.5261886964283806,5.047511461396812,0.0,0.03654223991715868,0.0,0.31291883455918357,0.0,4.77187661348792,true
0.925,2.0,0.5079477432482226,0.012027921525221063,0.32927153949858823,-0.0003690202573222353,-1.1342506009483546e-10,0.0,-1.274853010862046,0.6388473130755064,0.3310232225312892,0.30209360912903244,1.5250557601034291,5.048288722493418,0.0,0.03862790705544832,0.0,0.3290524900306348,0.0,4.754793763621918,true
0.975,2.0,0.5087206221022342,0.01328438393114755,0.3451600114108818,-0.00038859413261221936,-1.1342957277060488e-10,0.0,-1.2720241995290527,0.63754091994047,0.3313367489783909,0.3018077539190252,1.5238618411147222,5.049114283271772,0.0,0.04071306067022566,0.0,0.3449051055994594,0.0,4.7368224912746495,true
1.0250000000000001,2.0,0.509535819169523,0.014590524183758486,0.36075847707069914,-0.0004080517403880725,-1.1343438419462425e-10,0.0,-1.2690526659441814,0.6361688379789289,0.3316671892393731,0.30150706263509025,1.5226073011080736,5.049988838738626,0.0,0.04279766763041524,0.0,0.3604642754080932,0.0,4.71797352621423,true
1.0750000000000002,2.0,0.5103935462655991,0.01594398607238883,0.37605503615310937,-0.0004273848861697484,-1.1343949326428393e-10,0.0,-1.2659394927899896,0.634731582703013,0.3320145892686445,0.30119158384057193,1.5212925121511103,5.050913085793153,0.0,0.04488170165160188,0.0,0.37571800883471934,0.0,4.6982581290293535,true
1.1250000000000002,2.0,0.5112940240346034,0.01734233716519213,0.39103820855226273,-0.00044658653294181726,-1.1344489825738452e-10,0.0,-1.2626858341512168,0.6332296720694788,0.3323789963958514,0.3008613693535064,1.519917858207421,5.051887723151145,0.0,0.046965145071532204,0.0,0.3906547469696266,0.0,4.677688099314261,true
1.1750000000000003,2.0,0.5122374815187599,0.018783074906578757,0.4056969497649596,-0.0004656506965024311,-1.1345059670773922e-10,0.0,-1.2592929205864758,0.6316636218288318,0.3327604591269099,0.30051647441038504,1.5184837362999304,5.052913452679104,0.0,0.049047989806345046,0.0,0.4052633782106206,0.0,4.656275773886795,true
1.225,2.0,0.5132241561704342,0.02026363260773739,0.42002066509634867,-0.000484572304898554,-1.1345658538416486e-10,0.0,-1.2557620607168247,0.6300339435224599,0.3331590271239732,0.3001569576645107,1.5169905573416296,5.053990982401912,0.0,0.05113023728029229,0.0,0.41953325264553165,0.0,4.6340340140436425,true
1.2750000000000001,2.0,0.5142542943008838,0.021781385203809372,0.4339992224776048,-0.0005033470235740092,-1.1346286037406358e-10,0.0,-1.2520946390841863,0.6283411453962243,0.3335747513608781,0.2997828810245141,1.5154387466661703,5.055121031218085,0.0,0.053211897309899586,0.0,0.43345419501950505,0.0,4.610976182450127,true
1.3250000000000002,2.0,0.5153281518912046,0.023333654732842768,0.4476229638286599,-0.0005219710536484003,-1.1346941724967938e-10,0.0,-1.248292110685473,0.6265857359234736,0.33400768442281253,0.2993943093638898,1.513828744320761,5.056304335032713,0.0,0.0552929861153854,0.0,0.4470165162256176,0.0,4.587116111841501,true
1.3750000000000002,2.0,0.5164459956381078,0.024917715569598514,0.4608827150239969,-0.0005404409176191061,-1.1347625129320712e-10,0.0,-1.2443559931234895,0.624768229165732,0.3344578808977229,0.2989913101511875,1.5121610051913204,5.057541653724596,0.0,0.05737352377871707,0.0,0.46021102337879566,0.0,4.562468068835212,true
1.4250000000000003,2.0,0.5176081040827359,0.026530799504514573,0.47376979460479546,-0.000558753251155879,-1.1348335772954672e-10,0.0,-1.2402878576092282,0.6228891509470531,0.33492539779746083,0.2985739530582656,1.5104359990218605,5.058833778200017,0.0,0.059453531536260006,0.0,0.47302902861467183,0.0,4.537046716553562,true
1.475,2.0,0.5188147686779981,0.028170100785057214,0.48627602141777976,-0.0005769046196839379,-1.134907319492483e-10,0.0,-1.2360893200606855,0.62094904481114,0.33541029495004276,0.29814230959993154,1.5086542103745249,5.060181536793432,0.0,0.06153302927686082,0.0,0.4854623567892184,0.0,4.510867079404721,true
1.5250000000000001,2.0,0.5200662946831915,0.029832781232569005,0.49839372135297344,-0.0005948913742516672,-1.1349836968631915e-10,0.0,-1.231762033311332,0.6189484769319501,0.3359126353182706,0.2976964528448058,1.5068161385597392,5.061585800437024,0.0,0.06361203352943359,0.0,0.4975033522453464,0.0,4.483944512444501,true
1.5750000000000002,2.0,0.5213630018224645,0.031515975519456486,0.5101157333117659,-0.0006127095543160939,-1.1350626713257467e-10,0.0,-1.2273076810628307,0.6168880394743762,0.3364324852195716,0.2972364572188543,1.5049222975515524,5.0630474862761625,0.0,0.06569055609885868,0.0,0.5091448847718505,0.0,4.456294676540536,true
1.6250000000000002,2.0,0.5227052246930995,0.03321679665037465,0.5214354144799475,-0.0006303548376532406,-1.1351442100253799e-10,0.0,-1.2227279738040395,0.6147683522537704,0.33696991444202523,0.29676239840457547,1.5029732158931683,5.064567559681764,0.0,0.0677686033798062,0.0,0.5203803548245489,0.0,4.427933519392149,true
1.6750000000000003,2.0,0.5240933129501905,0.03493234164865449,0.53234664492365,-0.0006478225314336767,-1.135228285244488e-10,0.0,-1.218024646566059,0.612590062839967,0.33752499626793936,0.29627435332409113,1.5009694365919286,5.066147034839817,0.0,0.06984617627272623,0.0,0.5312036980247011,0.0,4.398877261555673,true
1.725,2.0,0.5255276313202097,0.03665969741465642,0.5428438314813135,-0.0006651075946612555,-1.1353148741173249e-10,0.0,-1.2131994581471053,0.6103538454455781,0.338097807426666,0.2957724001853818,1.4989115170007543,5.067786974245328,0.0,0.07192327056006834,0.0,0.5416093889070878,0.0,4.369142386100037,true
1.7750000000000001,2.0,0.5270085595060965,0.03839594670087081,0.5529219108979507,-0.0006822046808694199,-1.1354039578916606e-10,0.0,-1.2082541913348932,0.6080603990191504,0.3386884280022667,0.2952566185678205,1.4968000286831977,5.0694884874846,0.0,0.07399987757616608,0.0,0.5515924438651216,0.0,4.338745630369496,true
1.8250000000000002,2.0,0.5285364920436693,0.04013817414001325,0.5625763521388094,-0.0006991081907653077,-1.1354955212182364e-10,0.0,-1.2031906536590256,0.6057104449493678,0.3392969413202915,0.29472708952481075,1.4946355572603955,5.071252729670015,0.0,0.07607598501372195,0.0,0.5611484232324639,0.0,4.307703978474603,true
1.8750000000000002,2.0,0.5301118381578095,0.041883472264677105,0.571803157825108,-0.0007158123266292731,-1.1355895513358382e-10,0.0,-1.1980106782846178,0.6033047247099871,0.3399234338331958,0.29418389568596537,1.4924187022398054,5.073080899822363,0.0,0.07815157774106933,0.0,0.5702734324468556,0.0,4.276034653451714,true
1.9250000000000003,2.0,0.5317350216519119,0.04362894746631906,0.5805988647487149,-0.0007323111429098624,-1.1356860374017744e-10,0.0,-1.1927161247714286,0.6008439976717493,0.34056799501778084,0.2936271213470281,1.4901500768268447,5.074974239405106,0.0,0.08022663854456813,0.0,0.578964122256209,0.0,4.243755108408397,true
1.975,2.0,0.5334064808493842,0.04537172585348028,0.5889605434405328,-0.0007485985899678442,-1.1357849697824376e-10,0.0,-1.187308879537455,0.5983290392054643,0.3412307172920453,0.29305685254125036,1.4878303077213741,5.07693403112609,0.0,0.08230114874946744,0.0,0.5872176879446777,0.0,4.210883016321352,true
2.0250000000000004,2.0,0.5351266685939132,0.047108958981038986,0.5968857967845521,-0.0007646685499325906,-1.1358863397407657e-10,0.0,-1.181790855961773,0.5957606391172526,0.34191169595395754,0.2924731770903391,1.4854600349012803,5.078961598049217,0.0,0.0843750887041131,0.0,0.5950318675732372,0.0,4.1774362584255265,true
2.075,2.0,0.5368960523067705,0.04883782943206383,0.6043727576838658,-0.0007805148650034835,-1.1359901389519242e-10,0.0,-1.1761639941293396,0.5931396003997484,0.3426110291412734,0.29187618463609255,1.4830399113953947,5.081058303007591,0.0,0.08644843813407199,0.0,0.602404939243236,0.0,4.14343291131263,true
2.125,2.0,0.538715114094605,0.050555556240744086,0.6114200857951937,-0.0007961313592936876,-1.1360963592784822e-10,0.0,-1.1704302602606427,0.5904667382509903,0.3433288178095977,0.2912659666554927,1.4805706030476915,5.08322554828007,0.0,0.08852117638497141,0.0,0.6093357174012851,0.0,4.108891232951719,true
2.1750000000000003,2.0,0.5405843508991648,0.05225940014902805,0.6180269633550567,-0.0008115118556037886,-1.1362049926337762e-10,0.0,-1.1645916458865786,0.5877428793007097,0.34406516572512275,0.2906426164626356,1.4780527882743124,5.08546477548081,0.0,0.09059328257752508,0.0,0.6158235482102413,0.0,4.073829647874392,true
2.225,2.0,0.542504274680395,0.05394666869159786,0.6241930901244833,-0.000826650188490237,-1.1363160308100616e-10,0.0,-1.1586501668308424,0.584968860985131,0.3448201794684956,0.29000622920079555,1.4754871578146225,5.087777465610986,0.0,0.09266473569783473,0.0,0.6218683040146623,0.0,4.038266731755585,true
2.2750000000000004,2.0,0.5444754126254476,0.05561472110434814,0.6299186774807172,-0.0008415402147998762,-1.1364294654957393e-10,0.0,-1.1526078620551006,0.5821455310200675,0.34559396844673484,0.28935690182744794,1.4728744144771209,5.090165139228092,0.0,0.09473551464287479,0.0,0.6274703769306903,0.0,4.00222119558729,true
2.325,2.0,0.5464983073777037,0.05726097305130204,0.6352044416850499,-0.0008561758225849413,-1.136545288134969e-10,0.0,-1.1464667924114067,0.5792737469335059,0.34638664491075255,0.28869473309447385,1.4702152728808027,5.092629356697278,0.0,0.09680559823680644,0.0,0.6326306715910273,0.0,3.9657118696024,true
2.3750000000000004,2.0,0.5485735172814765,0.05888290116436087,0.640051596355983,-0.0008705509390609124,-1.1366634900500323e-10,0.0,-1.1402290393351875,0.5763543756299815,0.3471983239766834,0.2880198235251725,1.4675104591923651,5.09517171849842,0.0,0.09887496522954398,0.0,0.637350597075814,0.0,3.928757687067524,true
2.4250000000000003,2.0,0.5507016166394447,0.0604780473897754,0.6444618441769256,-0.0008846595380554024,-1.1367840622245945e-10,0.0,-1.133896703502326,0.5733882929684806,0.34802912364977456,0.287332275389203,1.4647607108595242,5.09779386557061,0.0,0.10094359428539322,0.0,0.6416320580603327,0.0,3.8913776680316277,true
2.475,2.0,0.552883195980925,0.062044023134911475,0.648437367867885,-0.0008984956472319055,-1.1369069954886859e-10,0.0,-1.1274719034662977,0.5703763833427338,0.34887916485002196,0.2866321926761907,1.4619667763406503,5.1004974796820495,0.0,0.1030114639667956,0.0,0.6454774452107788,0.0,3.8535909030933917,true
2.5250000000000004,2.0,0.5551188623398912,0.06357851320878288,0.6519808204508687,-0.0009120533552556735,-1.1370322804270275e-10,0.0,-1.1209567742857516,0.5673195392578213,0.34974857143905,0.2859196810684523,1.4591294148308547,5.103284283817885,0.0,0.10507855271621551,0.0,0.6488896248596879,0.0,3.8154165372326085,true
2.575,2.0,0.5574092395421529,0.06507927954997808,0.6550953148394122,-0.0009253268189908524,-1.137159907417321e-10,0.0,-1.1143534661492374,0.5642186609002892,0.35063747024794456,0.2851948479131095,1.4562493959846778,5.106156042581647,0.0,0.10714483883787196,0.0,0.6518719279933558,0.0,3.7768737537398005,true
2.6250000000000004,2.0,0.5597549685014865,0.06654416473592645,0.6577844127832136,-0.0009383102707685554,-1.1372898665584567e-10,0.0,-1.107664143001381,0.5610746557009999,0.3515459911058812,0.2844578021937428,1.4533274996354912,5.109114562607909,0.0,0.1092103004801744,0.0,0.6544281385841969,0.0,3.7379817582705774,true
2.6750000000000003,2.0,0.5621567075246806,0.06797109526792627,0.6600521131997032,-0.0009509980257366058,-1.1374221477348762e-10,0.0,-1.1008909811733736,0.5578884378910587,0.3524742668694773,0.2837086545016645,1.4503645155117264,5.112161692985003,0.0,0.1112749156192295,0.0,0.6565624813018662,0.0,3.6987597630469358,true
2.725,2.0,0.5646151326256186,0.06935808462692208,0.6619028399251337,-0.0009633844892850093,-1.1375567406515863e-10,0.0,-1.094036168019858,0.5546609280517121,0.35342243345283547,0.28294751700685433,1.4473612429500664,5.115299325687331,0.0,0.11333866204350858,0.0,0.6582796086377354,0.0,3.6592269712249843,true
2.7750000000000004,2.0,0.5671309378485652,0.07070323609564477,0.6633414289185272,-0.0009754641645328795,-1.1376936347652068e-10,0.0,-1.0871019005637959,0.5513930526593731,0.3543906298582803,0.28217450342857453,1.4443184906057036,5.11852939601716,0.0,0.11540151733962771,0.0,0.6595845874780749,0.0,3.6194025614468224,true
2.825,2.0,0.5697048356008683,0.07200474534340767,0.6643731149525661,-0.0009872316598581157,-1.1378328192489888e-10,0.0,-1.0800903841507334,0.5480857436269571,0.35537899820779245,0.2813897290056779,1.4412370761598092,5.1218538830560085,0.0,0.11746345887914011,0.0,0.6604828851620308,0.0,3.5793056725935473,true
2.8750000000000004,2.0,0.5723375569953237,0.07326090277052832,0.6650035178260703,-0.000998681696449597,-1.1379742831386317e-10,0.0,-1.0730038311137375,0.5447399378426829,0.3563876837751605,0.280593310466611,1.4381178260243206,5.125274810125768,0.0,0.11952446380621717,0.0,0.6609803550610371,0.0,3.5389553887553515,true
2.9250000000000003,2.0,0.575029852202426,0.07447009561005674,0.6652386281333442,-0.0010098091158612418,-1.1381180151462688e-10,0.0,-1.065844459450249,0.5413565767074183,0.35741683501886223,0.2797853659991215,1.4349615750441964,5.128794245259782,0.0,0.1215845090261023,0.0,0.6610832217169147,0.0,3.498370724434459,true
2.975,2.0,0.5777824908127709,0.07563080978518401,0.6650847926260665,-0.0010206088875474996,-1.1382640038409593e-10,0.0,-1.0586144915120745,0.5379366056715469,0.35846660361569316,0.2789660152196732,1.4317691661972638,5.13241430168406,0.0,0.12364357119423433,0.0,0.6607980655762681,0.0,3.457570609995952,true
3.0250000000000004,2.0,0.5805962622098685,0.07674163152139894,0.6645486992037366,-0.001031076116360151,-1.1384122375131018e-10,0.0,-1.0513161527097137,0.5344809737722758,0.3595371444951618,0.2781353791425734,1.4285414502917804,5.136137138308837,0.0,0.12570162670594887,0.0,0.6601318073591073,0.0,3.416573877380985,true
3.075,2.0,0.5834719759536204,0.07780124871316202,0.6636373615690512,-0.0010412060499867554,-1.1385627042268341e-10,0.0,-1.043951670232229,0.5309906331721959,0.360628615874662,0.2772935801488239,1.4252792856618763,5.139964960230694,0.0,0.1277586516866832,0.0,0.6590916920999217,0.0,3.3753992460966664,true
3.1250000000000004,2.0,0.5864104621747394,0.07880845204552805,0.6623581035846049,-0.0010509940863115948,-1.1387153918384978e-10,0.0,-1.0365232717838346,0.5274665386998593,0.3617411792954418,0.2764407419546997,1.4219835378609793,5.143900019245352,0.0,0.12981462198262061,0.0,0.6576852728994249,0.0,3.3340653094960713,true
3.1750000000000003,2.0,0.5894125719803803,0.07976213587182483,0.6607185433674857,-0.0010604357806807923,-1.138870287952857e-10,0.0,-1.0290331843383687,0.5239096473930799,0.3628749996593812,0.2755769895800667,1.4186550793533839,5.147944614371386,0.0,0.13186951315172052,0.0,0.6559203944252928,0.0,3.2925905213614004,true
3.225,2.0,0.5924791778712721,0.08066129884914391,0.6587265771582453,-0.0010695268530533527,-1.1390273799352898e-10,0.0,-1.0214836329127872,0.5203209180456121,0.3640302452665935,0.27470244931644655,1.415294789204099,5.152101092384998,0.0,0.13392330045509165,0.0,0.6538051762000845,0.0,3.250993182802819,true
3.2750000000000004,2.0,0.595611174170634,0.08150504433403459,0.6563903630006162,-0.0010782631950205608,-1.139186654943135e-10,0.0,-1.0138768393608042,0.516701310757811,0.36520708785386596,0.27381724869483925,1.411903552767109,5.15637184836603,0.0,0.13597595884867208,0.0,0.6513479957143483,0.0,3.209291429484746,true
3.325,2.0,0.5988094774651826,0.08229258054140251,0.6537183042681146,-0.0010866408766768277,-1.1393480998600066e-10,0.0,-1.0062150211877507,0.5130517864918523,0.36640570263395233,0.27292151645331325,1.408482261372197,5.160759326255378,0.0,0.138027462975182,0.0,0.6485574714026245,0.0,3.167503219190893,true
3.3750000000000004,2.0,0.6020750270585301,0.08302322047021743,0.6507190330733731,-0.0010946561533254197,-1.1395117013805684e-10,0.0,-0.9985003903877253,0.5093733066320552,0.3676262683357332,0.27201538250437374,1.4050318120104621,5.165266019423996,0.0,0.1400777871563258,0.0,0.6454424455196791,0.0,3.125646319738636,true
3.4250000000000003,2.0,0.605408785437294,0.0836963816002082,0.6474013935956684,-0.00110230547200331,-1.1396774459159183e-10,0.0,-0.9907351523040361,0.5056668325508129,0.3688689672452572,0.2710989779021205,1.4015531070186926,5.1698944712536665,0.0,0.1421269053852233,0.0,0.6420119669538495,0.0,3.083738297252749,true
3.475,2.0,0.6088117387502449,0.08431158536426549,0.6437744253615642,-0.0011095854778096685,-1.1398453196254846e-10,0.0,-0.9829215045139416,0.5019333251806138,0.37013398524767915,0.27017243480920544,1.3980470537627145,5.174647275729699,0.0,0.14417479131904948,0.0,0.6382752740137579,0.0,3.041796504807784,true
3.5250000000000004,2.0,0.6122848973008259,0.08486845640181094,0.6398473465131114,-0.0011164930200233064,-1.1400153084987925e-10,0.0,-0.97506163573862,0.49817374459261216,0.37142151187010963,0.26923588646360136,1.394514564319876,5.179527078045756,0.0,0.14622141827186802,0.0,0.6342417772240808,0.0,2.9998380714477957,true
3.575,2.0,0.6158292960533915,0.08536672159888646,0.6356295370973511,-0.0011230251579950445,-1.1401873982167772e-10,0.0,-0.9671577247792746,0.49438904958218255,0.372731740325391,0.2682894671451941,1.3909565551608103,5.184536575220996,0.0,0.14826675920764903,0.0,0.6299210421652809,0.0,2.9578798915914573,true
3.6250000000000004,2.0,0.6194459951535167,0.08580620892119027,0.6311305224101783,-0.0011291791668017104,-1.1403615742477124e-10,0.0,-0.9592119394802529,0.49058019726186247,0.3740648675568152,0.2673333121422086,1.3873739468306165,5.189678516729705,0.0,0.1503107867334579,0.0,0.6253227723914286,0.0,2.915938614829894,true
3.6750000000000003,2.0,0.6231360804627603,0.0861868460467327,0.6263599564268016,-0.0011349525426488844,-1.1405378217958729e-10,0.0,-0.9512264357199833,0.48674814266207866,0.3754210942838013,0.26636755771748016,1.3837676636296041,5.19495570514365,0.0,0.15235347309280778,0.0,0.6204567924593276,0.0,2.8740306361238575,true
3.725,2.0,0.6269006641082369,0.08650865880521226,0.6213276053502681,-0.0011403430080103708,-1.1407161258322884e-10,0.0,-0.9432033564305218,0.48289383834002214,0.37680062504854506,0.26539234107458426,1.3801386332937569,5.200370996787322,0.0,0.15439479015917035,0.0,0.6153330311012875,0.0,2.832172086406396,true
3.7750000000000004,2.0,0.630740885047406,0.08677176943158316,0.6160433313084885,-0.0011453485164932679,-1.1408964710881896e-10,0.0,-0.935144830646427,0.4790182339970152,0.37820366826366086,0.2644078003238351,1.3764877866750485,5.205927302406308,0.0,0.15643470942963972,0.0,0.6099615045727712,0.0,2.7903788235962095,true
3.825,2.0,0.634657909648482,0.08697639464165578,0.61051707622931,-0.0011499672574180413,-1.1410788420321068e-10,0.0,-0.9270529725836553,0.4751222761047071,0.3796304362608311,0.2634140744481652,1.372816057421765,5.211627587848987,0.0,0.15847320201874535,0.0,0.6043523002051477,0.0,2.748666424026424,true
3.8750000000000004,2.0,0.638652932286862,0.08712284353789639,0.6047588459221213,-0.0011541976601037458,-1.1412632228827177e-10,0.0,-0.918929880749111,0.4712069075403914,0.3810811453404803,0.2624113032688986,1.369124381658976,5.217474874761794,0.0,0.1605102386524119,0.0,0.5985155601926261,0.0,2.7070501742927977,true
3.9250000000000003,2.0,0.642727175958021,0.08721151535388293,0.5987786943933906,-0.0011580383978494866,-1.1414495976265689e-10,0.0,-0.9107776370814338,0.46727306723174716,0.38255601582249255,0.26139962741142825,1.3654136976693045,5.223472241298265,0.0,0.16254578966206318,0.0,0.5924614656412568,0.0,2.6655450635246445,true
3.975,2.0,0.6468818929072973,0.08724289704614592,0.5925867084224085,-0.0011614883916038576,-1.1416379499787476e-10,0.0,-0.9025983061235668,0.4633216898112587,0.38405527209798884,0.2603791882708116,1.3616849455741382,5.229622822842107,0.0,0.164579824978873,0.0,0.586200220906671,0.0,2.624165776081206,true
4.0249999999999995,2.0,0.6511183652770407,0.08721756074234806,0.5861929924223321,-0.0011645468133149814,-1.1418282634019875e-10,0.0,-0.8943939342275842,0.4593537052805698,0.3855791426821847,0.2593501279772943,1.3579390670154312,5.235929812744557,0.0,0.16661231412816072,0.0,0.5797420382459456,0.0,2.5829266846754217,true
4.075,2.0,0.6554379057715722,0.0871361610549611,0.5796076536104189,-0.001167213088954467,-1.1420205211114108e-10,0.0,-0.8861665487922166,0.4553700386849973,0.3871278602683458,0.2583125893617755,1.3541770048382384,5.242396463076246,0.0,0.16864322622393316,0.0,0.5730971228076754,0.0,2.5418418439265262,true
4.125,2.0,0.6598418583404542,0.0869994322697688,0.5728407875100893,-0.0011694869012094165,-1.1422147060884041e-10,0.0,-0.8779181575334507,0.4513716097984124,0.38870166178286064,0.25726671592122685,1.3503997027741348,5.249026085393872,0.0,0.17067252996357501,0.0,0.5662756579829986,0.0,2.500924984342212,true
4.175,2.0,0.6643315988805617,0.0868081854186596,0.5659024638061864,-0.001171368191837515,-1.14241080097521e-10,0.0,-0.8696507477885393,0.44735933281867607,0.39030078844145083,0.2562126517840766,1.3466081051256609,5.255822051521936,0.0,0.17270019362269118,0.0,0.5592877911389438,0.0,2.4601895067304085,true
4.225,2.0,0.6689085359574751,0.08656330524627535,0.5588027125734658,-0.0011728571636808952,-1.1426087882336768e-10,0.0,-0.8613662858536887,0.44333411607379847,0.39192548580653996,0.25515054167557105,1.342803156451935,5.262787794349799,0.0,0.17472618505010193,0.0,0.552143619754048,0.0,2.419648477040203,true
4.2749999999999995,2.0,0.6735741115467097,0.0862657470801675,0.5515515108970868,-0.0011739542823353507,-1.1428086500359323e-10,0.0,-0.8530667163556449,0.43929686173897076,0.39357600384579866,0.2540805308831266,1.3389858012555902,5.269926808644399,0.0,0.1767504716629958,0.0,0.5448531779748377,0.0,2.3793146216307948,true
4.325,2.0,0.6783298017953451,0.08591653361415016,0.5441587699024812,-0.0011746602774720793,-1.1430103683224978e-10,0.0,-0.8447539616573461,0.43524846556459684,0.3952525969918909,0.25300276522168336,1.3351569836711703,5.277242651878897,0.0,0.1787730204422449,0.0,0.5374264236102827,0.0,2.3392003229667453,true
4.375,2.0,0.6831771178046061,0.08551675161455004,0.536634322210622,-0.0011749761438100798,-1.1432139247388605e-10,0.0,-0.8364299212977541,0.43118981661542577,0.3969555242034409,0.2519173909990725,1.3313176471551273,5.28473894507755,0.0,0.1807937979278858,0.0,0.529873225579893,0.0,2.2993176157372117,true
4.425,2.0,0.6881176064339776,0.08506754855905278,0.5289879098334145,-0.0011749031417380594,-1.1434193006734305e-10,0.0,-0.8280964714659168,0.42712179702087993,0.3986850490272412,0.2508245549814115,1.3274687341775748,5.292419373677163,0.0,0.18281277021477113,0.0,0.5222033518297459,0.0,2.259678183396377,true
4.475,2.0,0.6931528511274564,0.08457012921778423,0.5212291725224603,-0.0011744427975852315,-1.1436264772740513e-10,0.0,-0.8197554645092641,0.42304528173663947,0.40044143966173046,0.24972440435853532,1.3236111859159252,5.300287688405435,0.0,0.18482990294839755,0.0,0.5144264577291788,0.0,2.2202933551215183,true
4.5249999999999995,2.0,0.6982844727625457,0.08402575218621434,0.5133676365832006,-0.0011735969035413984,-1.1438354354059202e-10,0.0,-0.8114087284760853,0.4189611383175249,0.40222496902175464,0.2486170867094813,1.3197459419505677,5.3083477061765345,0.0,0.186845161320915,0.0,0.5065520749595642,0.0,2.1811741031849485,true
4.575,2.0,0.7035141305226404,0.08343572637935757,0.5054127041649712,-0.0011723675172271176,-1.1440461556715771e-10,0.0,-0.8030580666920746,0.41487022670170987,0.40403591480464424,0.2475027499680346,1.3158739399627175,5.316603311004282,0.0,0.18885851006732343,0.0,0.4985896009050317,0.0,2.1423310407351925,true
4.625,2.0,0.7088435227934535,0.0828014074966303,0.49737364303620213,-0.0011707569609155182,-1.1442586184235918e-10,0.0,-0.7947052573707839,0.41077339900625837,0.4058745595576268,0.24638154238834922,1.3119961154345796,5.325058454933273,0.0,0.19086991346186344,0.0,0.49054828855364185,0.0,2.1037744199824893,true
4.675,2.0,0.714274388084153,0.0821241944665766,0.4892595768526542,-0.001168767820408106,-1.1444728037271601e-10,0.0,-0.7863520532577606,0.4066714993339753,0.40774119074659815,0.24525361251065686,1.3081134013519666,5.3337171589883345,0.0,0.19287933531460538,0.0,0.482437236916101,0.0,2.0655141307831992,true
4.725,2.0,0.7198085059739194,0.08140552588050218,0.4810794759252252,-0.0011664029435673078,-1.1446886913748421e-10,0.0,-0.778000181308104,0.40256536359152423,0.4096361008262821,0.2441191091270734,1.3042267279095137,5.342583514142735,0.0,0.19488673896824557,0.0,0.4742653819676939,0.0,2.0275596996170937,true
4.775,2.0,0.7254476980846292,0.0806468764238612,0.47284214849255096,-0.001163665438509145,-1.1449062609190615e-10,0.0,-0.7696513423971049,0.39845581931875795,0.41155958731179976,0.24297818124751755,1.300337022218616,5.3516616823054814,0.0,0.19689208729511487,0.0,0.4660414881177412,0.0,1.9899202889512262,true
4.825,2.0,0.7311938290804121,0.07984975331403149,0.46455623250236566,-0.0011605586714601242,-1.1451254916174905e-10,0.0,-0.761307211063597,0.3943436855291798,0.4135119528516756,0.24183097806575243,1.2964452080182378,5.360955897328182,0.0,0.19889534269440692,0.0,0.45777414020957896,0.0,1.9526046969835535,true
4.875,2.0,0.7370488076948462,0.07901569275287156,0.4562301879042643,-0.00115708626428272,-1.1453463624762553e-10,0.0,-0.75296943528558,0.3902297725614322,0.4154935053023093,0.24067764892556123,1.2925522053887173,5.370470466031885,0.0,0.20089646708963252,0.0,0.44947173605268426,0.0,1.9156213577590575,true
4.925,2.0,0.743014587786571,0.078146256402211,0.4478722894553381,-0.0011532520916745306,-1.1455688522571356e-10,0.0,-0.7446396362876382,0.386114881941694,0.41750455780393625,0.23951834328707106,1.2886589304687102,5.380209769254322,0.0,0.20289542192630733,0.0,0.44114247948735924,0.0,1.87897834165083,true
4.975,2.0,0.7490931694241392,0.07724302789014197,0.4394906200388686,-0.0011490602780465375,-1.1457929393830176e-10,0.0,-0.736319408379612,0.38199980625684027,0.4195454288581085,0.23835321069323412,1.2847662951753913,5.3901782629180275,0.0,0.20489216816988035,0.0,0.43279437398105797,0.0,1.8426833561980684,true
5.025,2.0,0.7552866000009382,0.07630760935570552,0.4310930644951577,-0.0011445151940864236,-1.1460186020571251e-10,0.0,-0.7280103188259452,0.37788532903820693,0.4216164424067208,0.23718240073648025,1.2808752069280565,5.400380479119795,0.0,0.2068866663039092,0.0,0.4244352167542992,0.0,1.806743747292717,true
5.075,2.0,0.7615969753810434,0.0753416180392607,0.42268730396239185,-0.001139621453013211,-1.1462458182020098e-10,0.0,-0.7197139077450693,0.3737722246557747,0.4237179279126132,0.23600606302555086,1.2769865683752466,5.4108210272419806,0.0,0.2088788763284906,0.0,0.4160725934328987,0.0,1.7711665007060675,true
5.125,2.0,0.7680264410769013,0.0743466829255107,0.41428081072434514,-0.0011343839065299374,-1.146474565457163e-10,0.0,-0.7114316880381444,0.36966125822257473,0.4258502204417773,0.23482434715252684,1.2731012771255235,5.421504595086124,0.0,0.21086875775895172,0.0,0.40771387322213604,0.0,1.7359582439463792,true
5.175,2.0,0.7745771934597443,0.0733244414458348,0.4058808435606568,-0.0011288076404813445,-1.1467048212127649e-10,0.0,-0.703165145346435,0.36555318550909144,0.42801366074719766,0.23363740266006155,1.2692202254820175,5.4324359500294195,0.0,0.2128562696248107,0.0,0.39936620459737754,0.0,1.7011252484382577,true
5.225,2.0,0.781251481003699,0.07227653624624146,0.39749444359440794,-0.0011228979702239763,-1.1469365625887009e-10,0.0,-0.6949157380365436,0.3614487528674276,0.4302085953543568,0.23244537900883036,1.265344300180875,5.443619940204559,0.0,0.21484137046901192,0.0,0.39103651150465674,0.0,1.6666734320143017,true
5.275,2.0,0.7880516055645551,0.0712046120269104,0.38912843063073854,-0.0011166604357163608,-1.147169766403037e-10,0.0,-0.6866848972126885,0.35734869716497286,0.43243537664843673,0.23124842554520803,1.2614743821337246,5.455061495703512,0.0,0.21682401834744452,0.0,0.38273149006370716,0.0,1.6326083617092497,true
5.325,2.0,0.7949799236941958,0.0701103124589413,0.3807893999793116,-0.0011101007963371147,-1.1474044092362335e-10,0.0,-0.6784740267551729,0.3532537457273035,0.4346943629632462,0.23004669146918544,1.2576113461742784,5.466765629805784,0.0,0.21880417082874862,0.0,0.3744576057650105,0.0,1.59893525684667,true
5.375,2.0,0.8020388479917412,0.06899527718356711,0.3724837197525429,-0.001103225025439109,-1.147640467381935e-10,0.0,-0.6702845033841407,0.34916461629002016,0.4369859186719072,0.22884032580253658,1.2537560608091889,5.4787374402317495,0.0,0.22078178499441864,0.0,0.3662210911515257,0.0,1.565658992408012,true
5.425,2.0,0.8092308484924524,0.06786113889872505,0.36421752863067314,-0.0010960393046480369,-1.1478779168776901e-10,0.0,-0.6621176767477014,0.34508201695921814,0.4393104142793329,0.22762947735724656,1.249909387973268,5.490982110421637,0.0,0.22275681743920706,0.0,0.35802794397492155,0.0,1.5327841026736626,true
5.475,2.0,0.8165584540955164,0.06670952053751568,0.3559967340839829,-0.0010885500179139208,-1.1481167334738213e-10,0.0,-0.6539748695334333,0.3410066461802657,0.4416682265165282,0.2264142947042123,1.2460721827891856,5.503504910840787,0.0,0.2247292242718368,0.0,0.3498839258153705,0.0,1.50031478512551,true
5.525,2.0,0.8240242540318417,0.06554203254270685,0.34782701104169556,-0.0010807637453242593,-1.1483568926605172e-10,0.0,-0.6458573776022782,0.3369391927145563,0.44405973843674984,0.2251949261422258,1.2422452933317547,5.516311200311827,0.0,0.22669896111602617,0.0,0.34179456115320617,0.0,1.4682549046003601,true
5.575,2.0,0.8316308993730317,0.06436027024107015,0.33971380099641485,-0.0010726872566875962,-1.1485983696527627e-10,0.0,-0.6377664701437822,0.3328803356238794,0.4464853395135568,0.2239715196672514,1.2384295603969047,5.529406427374369,0.0,0.22866598311183514,0.0,0.3337651368800674,0.0,1.436607997683442,true
5.625,2.0,0.8393811045827471,0.06316581132096906,0.3316623115323288,-0.0010643275048964863,-1.1488411394165545e-10,0.0,-0.6297033898516246,0.3288307442620473,0.4489454257407864,0.22274422294200708,1.2346258172754476,5.5427961316729215,0.0,0.23063024491733383,0.0,0.32580070223654845,0.0,1.405377277331149,true
5.675,2.0,0.8472776491117096,0.06196021341624516,0.32367751626478863,-0.001055691619078973,-1.1490851766188531e-10,0.0,-0.6216693531183365,0.32479107827340137,0.4514403997344933,0.22151318326586023,1.2308348895317376,5.556485945373685,0.0,0.2325917007106016,0.0,0.317906069162773,0.0,1.3745656377120667,true
5.725,2.0,0.8553233790376156,0.060745011799087124,0.3157641551783577,-0.0010467868975476513,-1.1493304556956855e-10,0.0,-0.6136655502480963,0.32076198759780933,0.4539706708368839,0.2202785475450483,1.2270575947873155,5.570481594610908,0.0,0.2345503041920593,0.0,0.310085813047818,0.0,1.3441756592553131,true
5.775,2.0,0.863521208751297,0.05952171718420221,0.3079267353499274,-0.0010376208005555938,-1.1495769507782664e-10,0.0,-0.6056931456864636,0.31674411248175455,0.4565366552222838,0.2190404622632346,1.2232947425096379,5.58478890096355,0.0,0.23650600858713902,0.0,0.3023442738634411,0.0,1.3142096138951542,true
5.825,2.0,0.8718741226904919,0.05829181364624835,0.30016953204304153,-0.001028200942868452,-1.1498246357630984e-10,0.0,-0.5977532782658895,0.31273808349511095,0.45913877600517516,0.21779907345240831,1.2195471338059682,5.599413782962919,0.0,0.23845876664929602,0.0,0.29468555766713833,0.0,1.2846694705008428,true
5.875,2.0,0.880385177122622,0.057056756652138274,0.29249659015921115,-0.0010185350861620934,-1.1500734842676284e-10,0.0,-0.5898470614658333,0.30874452155318743,0.4617774633503404,0.21655452666413952,1.2158155612225263,5.614362257632087,0.0,0.2404085306633634,0.0,0.28711353845923127,0.0,1.2555569004806453,true
5.925,2.0,0.8890575019780453,0.05581797120947846,0.28491172603164705,-0.0010086311312551824,-1.1503234696737117e-10,0.0,-0.5819755836862905,0.3047640379436187,0.46445315458514974,0.2153069669411981,1.2121008085489717,5.629640442057805,0.0,0.2423552524492545,0.0,0.279631860378361,0.0,1.2268732835490261,true
5.975,2.0,0.8978943027352636,0.054576850132062794,0.2774185295465344,-0.0009984971101861966,-1.1505745650499629e-10,0.0,-0.5741399085335369,0.30079723435767447,0.46716629431403117,0.21405653878954628,1.2084036506282947,5.645254554995676,0.0,0.24429888336601358,0.0,0.272243940219501,0.0,1.1986197136460044,true
6.025,2.0,0.9068988623596398,0.053334752423017634,0.2700203665767584,-0.0009881411781444045,-1.1508267432465263e-10,0.0,-0.5663410751168753,0.2968447029255527,0.4699173345351614,0.2128033861507136,1.2047248531721964,5.661210918509421,0.0,0.24623937431621692,0.0,0.2649529702584246,0.0,1.1707970049977345,true
6.075,2.0,0.9160745432972036,0.052093001775866156,0.2627203817127724,-0.000977571605264368,-1.1510799768404977e-10,0.0,-0.558580098355175,0.29290702625522114,0.47270673475941527,0.21154765237456402,1.2010651725820176,5.67751595964499,0.0,0.24817667575072325,0.0,0.25776192136638293,0.0,1.1434056983074685,true
6.125,2.0,0.9254247895251984,0.05085288519347246,0.25552150127515916,-0.0009667967682935958,-1.1513342381603981e-10,0.0,-0.5508579692919834,0.28898477747436674,0.4755349621316153,0.2102894801924631,1.1974253557752839,5.694176212140356,0.0,0.2501107376737756,0.0,0.25067354639865497,0.0,1.116446067066097,true
6.175,2.0,0.9349531286610439,0.049615651724522106,0.24842643659333424,-0.0009558251421430313,-1.1515894992542986e-10,0.0,-0.543175655417993,0.2850785202750154,0.4784024915541198,0.20902901169085444,1.1938061400179287,5.711198318171835,0.0,0.2520415096484527,0.0,0.2436903838405715,0.0,1.0899181239716142,true
6.225,2.0,0.9446631741314772,0.04838251131690439,0.24143768753477005,-0.0009446652913300761,-1.1518457319369818e-10,0.0,-0.5355341009996565,0.281188808960379,0.48130980581278937,0.2077663882852536,1.190208252762242,5.72858903013774,0.0,0.25396894080246885,0.0,0.23681476169458898,0.0,1.0638216274469356,true
6.275,2.0,0.954558627403645,0.0471546337870821,0.23455754626910805,-0.0009333258613239918,-1.1521029077782452e-10,0.0,-0.5279342274127368,0.2773161884934938,0.4842573957053736,0.2065017506946675,1.1866324114905966,5.746355212480235,0.0,0.2558929798343188,0.0,0.23004880159202867,0.0,1.0381560882456475,true
6.325,2.0,0.9646432802800228,0.04593314790426859,0.22778810125155066,-0.0009218155698035075,-1.1523609980749895e-10,0.0,-0.5203769334796015,0.2734611945472142,0.48724576017235804,0.20523523891644754,1.1830793235650015,5.764503843546282,0.0,0.25781357501976554,0.0,0.22339442311316404,0.0,1.0129207761354084,true
6.375,2.0,0.9749210172590511,0.044719140587973945,0.22113124140997742,-0.0009101431978365739,-1.1526199738888488e-10,0.0,-0.5128630958090729,0.26962435355513287,0.49027540643031364,0.2039669922015836,1.1795496860825119,5.7830420174885235,0.0,0.2597306742186674,0.0,0.2168533482994446,0.0,0.9881147266488728,true
6.425,2.0,0.9853958179634714,0.04351365621723816,0.2145886605203286,-0.0008983175809923096,-1.1528798060304509e-10,0.0,-0.5053935691376727,0.2658061827629992,0.4933468501077889,0.20269714903044683,1.1760441857365322,5.801976946206977,0.0,0.2616442248821384,0.0,0.21042710634179146,0.0,0.963736747892197,true
6.475,2.0,0.9960717596383802,0.04231769604964386,0.20816186175495235,-0.0008863476003952636,-1.1531404650642177e-10,0.0,-0.4979691866711061,0.26200719028022046,0.49646061538378844,0.20142584708898828,1.1725634986840427,5.82131596133248,0.0,0.2635541740600362,0.0,0.20411703842910156,0.0,0.9397854274013487,true
6.525,2.0,1.006953019721101,0.041132217747978365,0.20185216238875542,-0.0008742421737321969,-1.1534019213157182e-10,0.0,-0.49059076042486416,0.25822787513103457,0.499617235128879,0.20015322324539994,1.1691082904187697,5.841066516252763,0.0,0.2654604684087719,0.0,0.19792430274129422,0.0,0.9162591390366509,true
6.575,2.0,1.0180438784850283,0.03995813501221202,0.19566069864820873,-0.0008620102462217506,-1.1536641448628781e-10,0.0,-0.48325908156283837,0.25446872730495596,0.502817251048966,0.19887941352724525,1.1656792156503075,5.8612361881820245,0.0,0.26736305419943207,0.0,0.19184987957149466,0.0,0.8931560499061902,true
6.625,2.0,1.0293487217596595,0.03879631731427494,0.1895884306885098,-0.0008496607815574527,-1.1539271055428523e-10,0.0,-0.47597492073288156,0.2507302278061026,0.5060612138317827,0.19760455309906544,1.1622769181892176,5.881832680274989,0.0,0.2692618773262064,0.0,0.18589457656224834,0.0,0.8704741273089345,true
6.675,2.0,1.0408720437291208,0.03764758973292726,0.18363614768442674,-0.0008372027528346532,-1.1541907729816616e-10,0.0,-0.46873902839826237,0.24701284870103196,0.509349683296137,0.19632877624046702,1.1589020308380904,5.902863823786312,0.0,0.2711568833151088,0.0,0.1800590340409382,0.0,0.8482111456886237,true
6.725,2.0,1.0526184498115323,0.036512732885864665,0.1778044730206795,-0.000824645133472145,-1.154455116537768e-10,0.0,-0.4615521351640165,0.24331705316471833,0.5126832285439555,0.19505221632469763,1.1555551752885833,5.924337580276273,0.0,0.2730480173329831,0.0,0.17434373043995224,0.0,0.8263646935897475,true
6.775,2.0,1.064592659621657,0.03539248295604168,0.17209386956798736,-0.0008119968881393461,-1.1547201053633566e-10,0.0,-0.4544149520972142,0.239643295524327,0.516062428115173,0.19377500579771398,1.1522369620244095,5.946262043863672,0.0,0.2749352241967799,0.0,0.16874898778747757,0.0,0.80493218060713,true
6.825,2.0,1.0767995100193417,0.03428753180906692,0.16650464503128287,-0.0007992669637000617,-1.154985708361267e-10,0.0,-0.44732817104021827,0.23599202130045063,0.5194878701455051,0.1924972761577487,1.1489479902302782,5.968645443526858,0.0,0.27681844838309233,0.0,0.16327497725521303,0.0,0.7839108443209326,true
6.875,2.0,1.0892439582463254,0.03319852719839423,0.16103695735692422,-0.0007864642801840486,-1.1552518942356636e-10,0.0,-0.4402924649160384,0.23236366724549432,0.5229601525271528,0.19121915793537994,1.1456888477067484,5.99149614545379,0.0,0.27869763403793535,0.0,0.1579217247496765,0.0,0.7632977572091028,true
6.925,2.0,1.1019310851540987,0.03212607305492656,0.155690820186126,-0.000773597721797738,-1.155518631442739e-10,0.0,-0.4333084880249389,0.22875866137891357,0.5264798830724791,0.18994078067410844,1.1424601107909793,6.014822655442063,0.0,0.28057272498675423,0.0,0.15268911653421663,0.0,0.7430898335295688,true
6.975,2.0,1.1148660985255447,0.031070729857553492,0.15046610834222596,-0.0007606761279856074,-1.155785888224534e-10,0.0,-0.4263768763314997,0.22517742301902685,0.5300476796807042,0.18866227291144652,1.1392623442833327,6.038633621349801,0.0,0.28244366474464716,0.0,0.14757690486928393,0.0,0.7232838361647544,true
7.025,2.0,1.1280543364931936,0.030033015081055745,0.14536256333980963,-0.0007477082845539105,-1.1560536326005073e-10,0.0,-0.4194982477413846,0.22162036281114755,0.5336641705076587,0.1873837621605232,1.136096101379791,6.06293783559831,0.0,0.28431039652677914,0.0,0.14258471365896705,0.0,0.7038763834212552,true
7.075,2.0,1.1415012710570247,0.029013403717737623,0.14037979890413085,-0.0007347029148685904,-1.1563218323783516e-10,0.0,-0.4126732023671157,0.21808788275180035,0.5373299941386449,0.1861053748922072,1.1329619236101327,6.087744237727405,0.0,0.2861728632589744,0.0,0.13771204409226,0.0,0.6848639557777506,true
7.125,2.0,1.1552125117047916,0.028012328869096464,0.13551730648973417,-0.0007216686711393523,-1.156590455159691e-10,0.0,-0.405902322782212,0.21458037620881032,0.5410457997644411,0.1848272365177545,1.129860340781822,6.113061917004249,0.0,0.28803100758846323,0.0,0.13295828026803785,0.0,0.6662429025745997,true
7.175,2.0,1.1691938091379956,0.02703018240377732,0.13077446078758445,-0.0007086141258020461,-1.156859468326501e-10,0.0,-0.39918617426310343,0.21109822793707475,0.5448122473605002,0.18354947137197963,1.1267918709295346,6.138900115086623,0.0,0.28988477189476375,0.0,0.12832269479316036,0.0,0.6480094486387193,true
7.225,2.0,1.183451059106691,0.02606731567803682,0.1261505252105043,-0.0006955477630116059,-1.1571288390499626e-10,0.0,-0.39252530501828736,0.2076418140898543,0.5486300078693817,0.1822722026969551,1.1237570202702574,6.165268228741442,0.0,0.2917340983006756,0.0,0.12380445434365901,0.0,0.6301597008377314,true
7.275,2.0,1.1979903063563877,0.025124040314909567,0.12164465734716216,-0.0006824779702579133,-1.1573985343060385e-10,0.0,-0.3859202464042562,0.20421150222544268,0.5524997633864602,0.18099555262624142,1.1207562831638846,6.192175812619349,0.0,0.2935789286833626,0.0,0.11940262517944379,0.0,0.6126896545576016,true
7.325,2.0,1.2128177486904868,0.024200629038256618,0.11725591437532278,-0.0006694130301170903,-1.1576685208619755e-10,0.0,-0.3793715131277819,0.2008076513091003,0.5564222073489552,0.17971964216964817,1.1177901420792198,6.219632582086217,0.0,0.2954192046854987,0.0,0.11511617860347359,0.0,0.5955952000982675,true
7.375,2.0,1.2279397411516912,0.02329731655787606,0.11298325842555267,-0.0006563611121507487,-1.1579387652818971e-10,0.0,-0.3728796034342058,0.19743061171016413,0.5603980447283198,0.178444591198529,1.1148590675653018,6.247648416112329,0.0,0.29725486772645265,0.0,0.11094399635685037,0.0,0.578872128982078,true
7.425,2.0,1.2433628003260058,0.02241430050185652,0.10882556188702876,-0.0006433302649658338,-1.1582092339307764e-10,0.0,-0.3664449992814432,0.1940807251942707,0.564427992226037,0.1771705184316105,1.1119635182279493,6.276233360220018,0.0,0.2990858590134834,0.0,0.1068848759417876,0.0,0.5625161401700975,true
7.475,2.0,1.2590936087730464,0.02155174239237632,0.1047816126475872,-0.0006303284084476816,-1.1584798929926543e-10,0.0,-0.3600681664994765,0.19075832491065814,0.5685127784728607,0.17589754142135564,1.109103940711417,6.305397629490466,0.0,0.3009121195529179,0.0,0.10293753586492525,0.0,0.5465228461816571,true
7.525,2.0,1.2751390195864478,0.020709768661176225,0.1008501192606224,-0.0006173633261789574,-1.1587507084531332e-10,0.0,-0.3537495549351738,0.18746373537453753,0.572653144231541,0.1746257765408636,1.1062807696850643,6.335151611630413,0.0,0.3027335901612848,0.0,0.09910062079396643,0.0,0.5308877791127986,true
7.575,2.0,1.291506061088315,0.01988847170096432,0.09702971603190214,-0.0006044426580570685,-1.1590216460898775e-10,0.0,-0.34748959858233236,0.18419727244455428,0.5768498426030795,0.17335533897130367,1.1034944278349028,6.365505870099389,0.0,0.30455021147637024,0.0,0.095372706621097,0.0,0.5156063965495248,true
7.625,2.0,1.308201941661761,0.019087910949060562,0.09331896801985155,-0.0005915738931226179,-1.1592926715130814e-10,0.0,-0.34128871569690994,0.18095924329538385,0.5811036392365501,0.17208634268988457,1.1007453258599094,6.396471147298155,0.0,0.30636192396816747,0.0,0.09175230542716266,0.0,0.5006740873720732,true
7.675,2.0,1.3252340547257055,0.018308113999635816,0.0897163759433093,-0.0005787643626113311,-1.1595637501397775e-10,0.0,-0.33514730889747735,0.17774994638553773,0.5854153125425269,0.17081890045835726,1.0980338624729675,6.4280583678189025,0.0,0.3081686679496865,0.0,0.08823787034105396,0.0,0.4860861774466868,true
7.725,2.0,1.3426099838562229,0.017549077740961438,0.0862203809912238,-0.0005660212332417642,-1.1598348472037752e-10,0.0,-0.3290657652509773,0.17456967142047836,0.5897856539101565,0.16955312381205065,1.0953604244063042,6.460278641757785,0.0,0.3099703835875917,0.0,0.0848278002892379,0.0,0.4718379352016337,true
7.775,2.0,1.3603375080588618,0.016810769514150784,0.08282936952920697,-0.0005533515007509127,-1.160105927760053e-10,0.0,-0.32304445634395074,0.17141869931117173,0.5942154679279115,0.16828912304943855,1.0927253864212745,6.493143268090255,0.0,0.3117670109126344,0.0,0.08152044463084504,0.0,0.457924577084504,true
7.825,2.0,1.3784246071964819,0.016093128289945562,0.07954167769830284,-0.0005407619836896168,-1.1603769566882761e-10,0.0,-0.31708373833944553,0.16829730212823127,0.5987055726080662,0.16702700722223532,1.0901291113223506,6.5266637381097015,0.0,0.3135584898298431,0.0,0.07831410767418145,0.0,0.4443412728980556,true
7.875,2.0,1.3968794675773224,0.015396065860181838,0.07635559590177218,-0.0005282593174893702,-1.1606478986832168e-10,0.0,-0.31118395201988663,0.1652057430518341,0.6032567996149252,0.1657668841260184,1.087571949975152,6.5608517389297365,0.0,0.31534476012843754,0.0,0.07520705307099446,0.0,0.431083151012169,true
7.925,2.0,1.4157104877080857,0.014719468040653787,0.07326937317611446,-0.0005158499488118344,-1.160918718263753e-10,0.0,-0.3053454228162491,0.1621442763176149,0.6078699944968428,0.16450886029137501,1.0850542413283701,6.595719157050523,0.0,0.3171257614914323,0.0,0.07219750808525825,0.0,0.41814530344971074,true
7.975,2.0,1.4349262842170503,0.014063195882182902,0.07028122144296411,-0.0005035401301919838,-1.1611893797822305e-10,0.0,-0.29956846082393224,0.15911314715876845,0.6125460169220666,0.16325304097556947,1.0825763124394079,6.631278081989379,0.0,0.3189014335048899,0.0,0.06928366773367374,0.0,0.4055227908443528,true
8.025,2.0,1.454535697952286,0.013427086886796773,0.06738931963890583,-0.0004913359149853945,-1.161459847399583e-10,0.0,-0.29385336080578917,0.15611259174461603,0.617285740918438,0.16199953015472782,1.0801384785035697,6.667540809975904,0.0,0.32067171566678804,0.0,0.06646369879549606,0.0,0.39321064726865645,true
8.075,2.0,1.4745478002602723,0.012810956226022045,0.06459181772064922,-0.0004792431526297119,-1.1617300851386989e-10,0.0,-0.28820040218282766,0.153142837115914,0.6220900551169803,0.16074843051653606,1.0777410428866312,6.7045198477117625,0.0,0.32243654739546324,0.0,0.06373574368970882,0.0,0.3812038849309563,true
8.125,2.0,1.4949718994503178,0.012214597958398543,0.06188684054338111,-0.00046726748422981754,-1.1620000568256103e-10,0.0,-0.2826098490131441,0.15020410111720517,0.6269598629994051,0.1594998434534475,1.0753842971606016,6.7422279161952225,0.0,0.32419586803759143,0.0,0.06109792421794938,0.0,0.3694974987398208,true
8.175,2.0,1.515817547450353,0.011637786243429715,0.05927249161048547,-0.0004554143384756594,-1.1622697261203168e-10,0.0,-0.2770819499597105,0.14729659232653555,0.6318960831495652,0.1582538690563947,1.0730685211424968,6.780677954610401,0.0,0.3259496168756681,0.0,0.05854834517196618,0.0,0.35808647073509425,true
8.225,2.0,1.537094546659866,0.011080276549296861,0.056746856693180046,-0.0004436889279010764,-1.1625390565167813e-10,0.0,-0.2716169382476795,0.1444205099828786,0.6368996495088831,0.15701060610900094,1.0707939829359363,6.819883124281188,0.0,0.3276977331349509,0.0,0.056085097804753,0.0,0.34696577438474274,true
8.275,2.0,1.5588129570058498,0.010541806851775746,0.05430800731895764,-0.0004320962454913012,-1.1628080113451137e-10,0.0,-0.266215031611921,0.1415760439116276,0.6419715116357775,0.15577015208228587,1.068560938975369,6.859856812689633,0.0,0.3294401559898201,0.0,0.05370626316484474,0.0,0.3361303787469494,true
8.325,2.0,1.5809831032078505,0.010022098821914691,0.05195400412805974,-0.0004206410616461081,-1.1630765537600474e-10,0.0,-0.2608764322355462,0.1387633744485376,0.6471126349691138,0.15453260312986,1.066369634072737,6.900612637558584,0.0,0.3311768245695251,0.0,0.051409915293599034,0.0,0.3255752524971117,true
8.375,2.0,1.6036155822583964,0.0095208590001467,0.04968290009751274,-0.00040932792150480776,-1.163344646752874e-10,0.0,-0.25560132668021773,0.13598267236250955,0.6523240010957004,0.1532980540836015,1.0642203014663691,6.942164450998144,0.0,0.3329076779632724,0.0,0.049194124285589495,0.0,0.3152953678195886,true
8.425,2.0,1.6267212711251813,0.009037779954633242,0.047492743632575905,-0.00039816114263851847,-1.163612253140049e-10,0.0,-0.2503898858090807,0.13323409877762873,0.657606608021852,0.15206659844980913,1.0621131628719105,6.984526343715579,0.0,0.33463265522461894,0.0,0.04705695921255023,0.0,0.3052857041642521,true
8.475,2.0,1.6503113346816654,0.008572541421755793,0.04538158152572696,-0.00038714481311428865,-1.163879335587818e-10,0.0,-0.24524226470318455,0.13051780509488084,0.6629614704490342,0.15083832840582492,1.0600484285350764,7.027712649288021,0.0,0.3363516953751325,0.0,0.0449964909115839,0.0,0.2955412518680822,true
8.525,2.0,1.6743972338728785,0.008124811426795412,0.04334746178359312,-0.00037628278993477517,-1.1641458565715488e-10,0.0,-0.240158602572297,0.12783393291398099,0.6683896200536107,0.14961333479711897,1.058026297286023,7.0717379484973355,0.0,0.33806473740727816,0.0,0.043010794638619676,0.0,0.28605701564221603,true
8.575,2.0,1.6989907341234125,0.00769424738296331,0.04138843632249284,-0.00036557869785628163,-1.1644117784046326e-10,0.0,-0.23513902266103967,0.125182613955761,0.6738921057707048,0.14839170713482955,1.0560469565951234,7.116617073726318,0.0,0.3397717202864939,0.0,0.04109795258835617,0.0,0.2768280179250548,true
8.625,2.0,1.7241039139948144,0.007280497167070515,0.039502563533504426,-0.00035503592858702294,-1.1646770632305112e-10,0.0,-0.23018363215129803,0.12256396998557006,0.6794699940821842,0.14717353359375082,1.054110582629937,7.16236511341531,0.0,0.3414725829524209,0.0,0.0392560562821655,0.0,0.26784930210218305,true
8.675,2.0,1.7497491740997626,0.006883200170246313,0.03768791071820549,-0.00034465764036651416,-1.1649416730184393e-10,0.0,-0.22529252206187944,0.11997811273814835,0.6851243693087824,0.1459589010107601,1.0522173403131503,7.208997416578115,0.0,0.3431672643192459,0.0,0.037483208825650025,0.0,0.25911593559401913,true
8.725,2.0,1.7759392462806225,0.006501988322240374,0.035942556396449964,-0.0003344467579260086,-1.1652055695583913e-10,0.0,-0.22046576714641006,0.11742514384444012,0.6908563339063616,0.1447478948836763,1.050367383381272,7.256529597376033,0.0,0.34485570327512266,0.0,0.035777527037753575,0.0,0.2506230128122701,true
8.775,2.0,1.8026872030602168,0.006136487087967048,0.03426459248775729,-0.0003244059728288959,-1.1654687144726929e-10,0.0,-0.21570342579047402,0.11490515476081474,0.6966670087663184,0.14354059937054203,1.048560854443866,7.304977539748631,0.0,0.34653783868063953,0.0,0.034137143453521174,0.0,0.2423656579864102,true
8.825,2.0,1.8300064673728154,0.005786316435068932,0.032652126368070626,-0.0003145377441889688,-1.1657310691970597e-10,0.0,-0.21100553990900736,0.112418226701166,0.7025575335201368,0.14233709728931943,1.0467978850430868,7.354357402099667,0.0,0.34821360936629187,0.0,0.03256020820276927,0.0,0.23433902786152863,true
8.875,2.0,1.857910822583637,0.005451091771402362,0.031103282803833152,-0.0003048442997634424,-1.1659925949856423e-10,0.0,-0.2063721348449646,0.10996443057235927,0.7085290668480849,0.14113747011799152,1.0450785957132986,7.404685622036505,0.0,0.3498829541289308,0.0,0.031044890767101565,0.0,0.22653831426903767,true
8.925,2.0,1.8864144228052533,0.005130424851462833,0.029616205765483867,-0.0002953276374165775,-1.1662532529019535e-10,0.0,-0.2018032192702769,0.10754382691349403,0.7145827867920506,0.13994179799505976,1.0434030960405456,7.4559789211610665,0.0,0.35154581172715527,0.0,0.02958938161784174,0.0,0.21895874657184178,true
8.975,2.0,1.9155318035197482,0.004823924650889103,0.02818906012263795,-0.00028598952694874777,-1.1665130038307957e-10,0.0,-0.1972987850901178,0.10515646583944471,0.720719891072505,0.13875015972042865,1.0417714847216397,7.50825430991022,0.0,0.35320212087561254,0.0,0.028191893737596906,0.0,0.21159559398569355,true
9.025,2.0,1.945277892515419,0.004531198208298338,0.026820033223348156,-0.00027683151228476854,-1.1667718084539544e-10,0.0,-0.19285880735148717,0.10280238698913718,0.7269415974095865,0.13756263275666725,1.040183849622632,7.561529092443292,0.0,0.3548518202381806,0.0,0.026850664028278345,0.0,0.20444416777856023,true
9.075,2.0,1.9756680211473285,0.00425185143381977,0.025507336359977806,-0.00026785491401430433,-1.1670296272572413e-10,0.0,-0.18848324415711157,0.10048161947900941,0.7332491438482849,0.1363792932306387,1.038640267836425,7.615820871574119,0.0,0.3564948484200021,0.0,0.02556395460851787,0.0,0.19749982334993713,true
9.125,2.0,2.0067179359310563,0.003985489883804368,0.024249206124327533,-0.0002590608322761882,-1.1672864205208433e-10,0.0,-0.18417203658564715,0.0981941818620971,0.7396437890877087,0.13520021593548698,1.0371408057392848,7.671147553744839,0.0,0.3581311439583412,0.0,0.024330054003508735,0.0,0.190757962192127,true
9.175,2.0,2.0384438104794254,0.003731719501297278,0.02304390565476469,-0.00025045014997752355,-1.1675421483260064e-10,0.0,-0.1799251086191513,0.09594008209317151,0.7461268128144141,0.1340254743329714,1.0356855190460006,7.727527354038344,0.0,0.3597606453122396,0.0,0.02314727823038381,0.0,0.18421403373559764,true
9.225,2.0,2.07086225779201,0.0034901473219653032,0.021889725778197092,-0.00024202353633750136,-1.1677967705385998e-10,0.0,-0.17574236707876875,0.09371931750034519,0.7526995160397618,0.13285514055613853,1.0342744528634433,7.784978801226031,0.0,0.3613832908509442,0.0,0.02201397178231329,0.0,0.17786353708061153,true
9.275,2.0,2.1039903429077897,0.003260382145273867,0.02078498604981288,-0.00023378145074496787,-1.1680502468025018e-10,0.0,-0.17162370156955184,0.09153187476354556,0.7593632214412788,0.13168928541232092,1.0329076417422574,7.843520742847148,0.0,0.3629990188410875,0.0,0.02092850851456109,0.0,0.17170202261738723,true
9.325,2.0,2.1378455959312443,0.003042035170808085,0.019728035693583307,-0.00022572414691791567,-1.168302536540563e-10,0.0,-0.167568984435306,0.08937772990024068,0.7661192737079776,0.13052797838645305,1.0315851097264255,7.903172350315734,0.0,0.36460776743259526,0.0,0.019889292435789494,0.0,0.16572509353712908,true
9.375,2.0,2.172446025442782,0.002834720599727577,0.01871725444658251,-0.00021785167735224116,-1.1685535989396086e-10,0.0,-0.1635780707243192,0.08725684825878291,0.7729690398896046,0.12937128764469272,1.030306870400423,7.963953124050782,0.0,0.3662094746433046,0.0,0.018894758407935162,0.0,0.15992840723631,true
9.425,2.0,2.207810132304382,0.0026380562014382543,0.017751053310233977,-0.0002101638980463425,-1.1688033929530403e-10,0.0,-0.15965079816679953,0.08516918451971742,0.7799139097497589,0.12821928003833874,1.0290729269336878,8.025882898624806,0.0,0.3678040783422754,0.0,0.017943372758010136,0.0,0.15430767661666103,true
9.475,2.0,2.2439569238718304,0.002451663845651721,0.016827875211631597,-0.00020266047348740362,-1.1690518772805525e-10,0.0,-0.1557869871648039,0.08311468270538078,0.7869552961228397,0.1270720211080332,1.027883272122101,8.088981847925613,0.0,0.3693915162317781,0.0,0.01703363380519545,0.0,0.14885867128335284,true
9.525,2.0,2.2809059286250712,0.0022751700000894215,0.015946195578120884,-0.00019534088188454015,-1.169299010380004e-10,0.0,-0.1519864407954039,0.08109327619809367,0.794094635274759,0.12592957508823835,1.0267378884261826,8.153270490325657,0.0,0.370971725827943,0.0,0.016164072306607682,0.0,0.14357721864391088,true
9.575000000000001,2.0,2.3186772112285756,0.002108206194167811,0.015104522828344893,-0.00018820442063336666,-1.169544750433922e-10,0.0,-0.14824894482778586,0.07910488776722802,0.8013333872673625,0.12479200491197717,1.02563674800567,8.218769693852659,0.0,0.3725446444400621,0.0,0.01533325182511334,0.0,0.13845920491043187,true
9.625,2.0,2.3572913880338575,0.0019504094490794392,0.014301398782980703,-0.0001812502119959941,-1.1697890553605466e-10,0.0,-0.1445742677549385,0.07714942960540325,0.8086730363264886,0.12365937221582671,1.0245798127501489,8.285500681354879,0.0,0.3741102091485317,0.0,0.014539769022562838,0.0,0.13350057600770343,true
9.675,2.0,2.3967696430365613,0.0018014226747570304,0.013535398998398935,-0.00017447720897997328,-1.1700318827975692e-10,0.0,-0.1409621608405312,0.07522680337404292,0.8161150912135857,0.12253173734515464,1.0235670343053875,8.353485035653607,0.0,0.37566835678142796,0.0,0.013782253881798004,0.0,0.12869733838985797,true
9.725,2.0,2.437133744300945,0.0016608950342753088,0.012805133026476852,-0.00016788420139928067,-1.170273190093482e-10,0.0,-0.1374123581815355,0.07333690025849428,0.8236610856008166,0.12140915935958704,1.022598354094988,8.422744704674859,0.0,0.37721902388971135,0.0,0.013059369860761895,0.0,0.12404555976820118,true
9.775,2.0,2.478406060864748,0.0015284822763111448,0.01210924460379375,-0.00016146982210007792,-1.170512934291376e-10,0.0,-0.13392457678708694,0.07147960103288728,0.831312578449555,0.12029169603869783,1.0216737033369618,8.493302006551554,0.0,0.3787621467210533,0.0,0.012369813982013854,0.0,0.11954136975288052,true
9.825000000000001,2.0,2.5206095801378336,0.0014038470363419001,0.011446411773422267,-0.0001552325533336948,-1.1707510721289972e-10,0.0,-0.13049851667403323,0.0696547761348807,0.8390711543921824,0.11917940388790906,1.0207930030548147,8.56517963468666,0.0,0.38029766119228814,0.0,0.011712316860915072,0.0,0.11518096041106365,true
9.875,2.0,2.563767925808306,0.00128665910731649,0.010815346942507298,-0.0001491707332590663,-1.170987560025559e-10,0.0,-0.12713386097955404,0.06786228575041463,0.8469384241170833,0.11807233814459185,1.0199561640826602,8.638400662766735,0.0,0.3818255028604859,0.0,0.011085642675705852,0.0,0.11096058674430224,true
9.925,2.0,2.6079053762699926,0.0011765956805873268,0.010214796878805218,-0.0001432825625567031,-1.17122235406035e-10,0.0,-0.12383027609118283,0.066101979908559,0.854916024756727,0.11697055278435772,1.0191630870639117,8.712988549714733,0.0,0.3833456068926509,0.0,0.01048858908265466,0.0,0.10687656708775893,true
9.975,2.0,2.6530468835857617,0.001073341557935169,0.009643542649316586,-0.00013756611113620158,-1.1714554099791944e-10,0.0,-0.1205874117945012,0.0643736985865187,0.8630056202787237,0.11587410052752975,1.0184136624429903,8.788967144569396,0.0,0.38485790803405306,0.0,0.009919987079399143,0.0,0.10292528343396778,true
10.025,2.0,2.6992180930010607,0.000976589335563995,0.009100399504116702,-0.00013201932491929217,-1.1716866831665753e-10,0.0,-0.11740490143871651,0.06267727182482506,0.8712089018797229,0.11478303284578442,1.017707770449509,8.866360691277778,0.0,0.3863623405751933,0.0,0.009378700819549952,0.0,0.0991031816837967,true
10.075000000000001,2.0,2.7464453630228864,0.0008860395609794501,0.00858421670844164,-0.00012664003268048676,-1.1719161286382638e-10,0.0,-0.11428236212027394,0.061012519852714296,0.8795275883820228,0.11369739996895355,1.0170452810743016,8.945193833385972,0.0,0.38785883831741863,0.0,0.008863627381562407,0.0,0.0954067718272617,true
10.125,2.0,2.7947557860792216,0.0008014008636988981,0.008093877326043776,-0.00012142595292752078,-1.1721437010318422e-10,0.0,-0.11121939488459294,0.05937925322366218,0.88796342663275,0.112617250891977,1.0164260540366326,9.025491618611728,0.0,0.38934733453719184,0.0,0.008373696494818976,0.0,0.09183262805683226,true
10.175,2.0,2.8441772097746383,0.0007223900607706386,0.0076282979567799305,-0.00011637470080398432,-1.1723693545820752e-10,0.0,-0.10821558494595818,0.05777727296101559,0.8965181919054482,0.11154263338199674,1.015849938741865,9.10727950328117,0.0,0.39082776194903274,0.0,0.00790787022579722,0.0,0.08837738881584607,true
10.225,2.0,2.894738258757934,0.0006487322381046287,0.007186428431339673,-0.00011148379499680023,-1.172593043124425e-10,0.0,-0.10527050192553362,0.056206370713630334,0.9051936883039261,0.11047359398558265,1.0153167742287803,9.190583356609944,0.0,0.39230005266714424,0.0,0.007465142627125797,0.0,0.08503775678462844,true
10.275,2.0,2.946468357218035,0.0005801608086389515,0.00676725146596496,-0.00010675066463153833,-1.1728147200705335e-10,0.0,-0.10238370010740983,0.05466632892139584,0.913991749168179,0.1094101780360815,1.0148263891056903,9.275429464807369,0.0,0.3937641381657412,0.0,0.007044539352259383,0.0,0.0818104988068888,true
10.325000000000001,2.0,2.999397752024743,0.0005164175483827371,0.006369782279949259,-0.0001021726561389427,-1.1730343383954387e-10,0.0,-0.09955471871253355,0.053156920990497965,0.9229142374822084,0.10835242966107972,1.0143786014743876,9.361844534980033,0.0,0.39521994923809833,0.0,0.006645117238425919,0.0,0.07869244575893407,true
10.375,2.0,3.053557536531137,0.0004572526113896091,0.00599306817864,-9.774704007649587e-5,-1.1732518506188025e-10,0.0,-0.09678308219031087,0.05167791147824239,0.9319630462835442,0.1073003917899719,1.0139732188408843,9.449855698808813,0.0,0.39666741595434163,0.0,0.0062659638604220325,0.0,0.07568049236421212,true
10.425,2.0,3.1089796750547904,0.00040242452472510296,0.00563618810460112,-9.347101788934602e-5,-1.1734672087983933e-10,0.0,-0.09406830052761816,0.05022905628723326,0.9411400990742607,0.10625410616162632,1.0136100380118,9.539490515970906,0.0,0.3981064676180031,0.0,0.005906197057753196,0.0,0.07277159695566084,true
10.475,2.0,3.165697028055466,0.00035170016449663646,0.005298252159521387,-8.934172859547671e-5,-1.1736803645090748e-10,0.0,-0.09140986957489784,0.048810102868674383,0.9504473502332735,0.10521361333213929,1.0132888449751258,9.630776977275426,0.0,0.39953703272136465,0.0,0.005564964437533052,0.0,0.06996278118830364,true
10.525,2.0,3.223743378026888,0.0003048547140171578,0.004978401099383492,-8.535625538059882e-5,-1.1738912688259886e-10,0.0,-0.08880727138896158,0.04742079043453374,0.9598867854296811,0.10417895268267109,1.0130094147639839,9.72374350747803,0.0,0.4009590388996152,0.0,0.005241442855475629,0.0,0.06725112970449547,true
10.575000000000001,2.0,3.283153456120814,0.00026167160517132077,0.004675805805332685,-8.151163208888916e-5,-1.1740998723122315e-10,0.0,-0.08625997459207124,0.04606085017828689,0.9694604220369133,0.10315016242735528,1.012771511301844,9.818418967736482,0.0,0.4023724128838494,0.0,0.0049348378772292,0.0,0.06463378975417922,true
10.625,2.0,3.3439629695217974,0.00022194244404873635,0.004389666732609212,-7.780484959638347e-5,-1.1743061249988372e-10,0.0,-0.08376743474681524,0.04473000550393023,0.9791703095474272,0.10212727962127449,1.0125748872275064,9.914832657665087,0.0,0.40377708045293986,0.0,0.004644383222218208,0.0,0.062107970772473174,true
10.675,2.0,3.406208629591383,0.00018546692190040616,0.004119213339830384,-7.423286205455311e-5,-1.174509976373834e-10,0.0,-0.0813290947462506,0.043427972262931415,0.9890185299876803,0.1011103401684958,1.012419283697985,10.013014316941613,0.0,0.4051729663843084,0.0,0.0043693401920747625,0.0,0.059670943916865345,true
10.725,2.0,3.469928180800602,0.00015205271246361305,0.0038637035008298416,-7.079259299234317e-5,-1.174711375353918e-10,0.0,-0.07894438521873268,0.04215445899876292,0.9990071983330949,0.10009937883015875,1.0123044301672293,10.112994126415439,0.0,0.4065599944036327,0.0,0.004108997085657298,0.0,0.0573200415662434,true
10.775,2.0,3.5351604304702113,0.00012151535668631219,0.0036224229011811125,-6.748094126572957e-5,-1.1749102702800981e-10,0.0,-0.07661272494681068,0.04090916719864265,1.0091384629227174,0.09909442923260997,1.0122300441383985,10.214802708660176,0.0,0.4079380871335202,0.0,0.003862668602569194,0.0,0.055052656783944325,true
10.825000000000001,2.0,3.6019452793380617,9.367813586574326e-5,0.0033946844214526478,-6.429478684465128e-5,-1.1751066088919846e-10,0.0,-0.07433352129952503,0.03969179155208708,1.0194145058732498,0.09809552387557807,1.0121958308871672,10.318471127908051,0.0,0.40930716604118383,0.0,0.003629695237006817,0.0,0.052866242746957476,true
10.875,2.0,3.670323752973379,6.8371934196684e-5,0.003179827509160013,-6.123099642799289e-5,-1.175300338312071e-10,0.0,-0.07210617067740326,0.03850202021586375,1.0298375434921285,0.09710269414038346,1.012201483153268,10.424030889296505,0.0,0.4106671513851557,0.0,0.0034094426636825477,0.0,0.0507583121433671,true
10.925,2.0,3.7403380340581345,4.5435091703288966e-5,0.002977217541299209,-5.8286428878123835e-5,-1.1754914050251405e-10,0.0,-0.0699300589694146,0.03733953508491279,1.040409826689293,0.09611597029817744,1.0122466807971726,10.531513937349983,0.0,0.4120179621610772,0.0,0.003201301117485354,0.0,0.048726436540068994,true
10.975,2.0,3.812031495555495,2.471324850487741e-5,0.0027862451792636453,-5.545794046734204e-5,-1.1756797548661103e-10,0.0,-0.06780456202110921,0.036204012068792965,1.051133641387286,0.09513538151820544,1.0123310904184812,10.6409526536114,0.0,0.41335951604660254,0.0,0.0030046847684595443,0.0,0.04676824572274476,true
11.025,2.0,3.885448734786123,6.059181340452126e-6,0.002606325717865479,-5.2742389929414465e-5,-1.175865332997342e-10,0.0,-0.06572904611313851,0.03509512137319296,1.0620113089292962,0.09416095587608996,1.012454364932207,10.752379853328325,0.0,0.4146917293454535,0.0,0.0028190310936010905,0.0,0.04488142701002657,true
11.075000000000001,2.0,3.9606356084325376,-1.0667366750609674e-5,0.002436898430100794,-5.0136643310254956e-5,-1.176048083887773e-10,0.0,-0.06370286844932377,0.034012527786037326,1.0730451864847335,0.0931927203621287,1.0126161430987397,10.865828781088387,0.0,0.41601451693067004,0.0,0.002643800246890981,0.0,0.04306372454373229,true
11.125,2.0,4.037639268493001,-2.5599862723351996e-5,0.0022774259092166347,-4.763757861262124e-5,-1.1762279512976576e-10,0.0,-0.06172537765341656,0.03295589096770555,1.0842376674519263,0.0922307008896035,1.0128160490027858,10.981333105286563,0.0,0.41732779218709326,0.0,0.002478474428905911,0.0,0.04131293855699654,true
11.175,2.0,4.116508199205028,-3.886516495946616e-5,0.002127393409557825,-4.52420902305502e-5,-1.176404878259537e-10,0.0,-0.05979591427367332,0.03192486574487398,1.0955911818574853,0.09127492230309683,1.0130536914760702,11.09892691129356,0.0,0.418631466953126,0.0,0.0023225572572694313,0.0,0.039626924622073616,true
11.225,2.0,4.197292254960415,-5.058370903051892e-5,0.001986308187591721,-4.294709317007415e-5,-1.1765788070559755e-10,0.0,-0.057913811294347015,0.030919102407483006,1.107108196751872,0.09032540838681213,1.0133286634580028,11.21864469317974,0.0,0.419925451461812,0.0,0.002175573139130688,0.0,0.038003592879531596,true
11.275,2.0,4.280042699232475,-6.0869697018626705e-5,0.0018536988444298077,-4.0749527053571263e-5,-1.1767496792034338e-10,0.0,-0.05607839465318484,0.029938247008326372,1.1187912166006901,0.08938218187289469,1.0136405412878384,11.340521343832027,0.0,0.42120965428127727,0.0,0.0020370666467830405,0.0,0.03644090725050481,true
11.325000000000001,2.0,4.364812244536929,-6.983128965430151e-5,0.0017291146710880566,-3.86463599058956e-5,-1.1769174354319665e-10,0.0,-0.05428898376400859,0.028981941664755304,1.130642783671178,0.08844526444975104,1.0139888839211493,11.464592143282394,0.0,0.42248398225457867,0.0,0.0019066018974628338,0.0,0.03493688463361971,true
11.375,2.0,4.451655093447492,-7.757080056594924e-5,0.001612124997650161,-3.663459172120284e-5,-1.1770820156635822e-10,0.0,-0.05254489204344557,0.028049824861988027,1.1426654784133867,0.08751467677036323,1.0143732320625656,11.590892745045048,0.0,0.42374834043900256,0.0,0.0017837619382965355,0.0,0.03348959408815274,true
11.425,2.0,4.540626980687868,-8.418489196982544e-5,0.0015023185474238683,-3.471125781013493e-5,-1.1772433589943979e-10,0.0,-0.05084542744087272,0.027141531757514284,1.154861919835468,0.08659043846059701,1.0147931072058451,11.71945916023542,0.0,0.4250026320448616,0.0,0.0016681481372965283,0.0,0.03209715600492935,true
11.475,2.0,4.631785216320973,-8.976477116496385e-5,0.0013993027971055578,-3.287343192774698e-5,-1.177401403680178e-10,0.0,-0.04918989297063396,0.026256694486085363,1.1672347658725024,0.08567256812750132,1.0152480105712485,11.85032773921655,0.0,0.4262467583738324,0.0,0.0015593795812375018,0.0,0.030757741266417594,true
11.525,2.0,4.7251887300566295,-9.439638723283753e-5,0.0013027033438965006,-3.1118229183251074e-5,-1.1775560871024846e-10,0.0,-0.0475775872455919,0.025394942464782584,1.1797867137482545,0.08476108336759777,1.0157374219290272,11.983535150487711,0.0,0.4274806187568819,0.0,0.0014570924811806386,0.0,0.02946957039741854,true
11.575000000000001,2.0,4.820898116698999,-9.816062737710186e-5,0.0012121632804435345,-2.944280873331137e-5,-1.1777073457683075e-10,0.0,-0.04600780501107837,0.024555902697661062,1.1925205003292205,0.08385600077515891,1.0162607982964826,12.119118356494946,0.0,0.42870411049182866,0.0,0.001360939586349446,0.0,0.02823091270770333,true
11.625,2.0,4.918975682754442,-0.00010113351237434333,0.0011273425784077875,-2.784437626125186e-5,-1.1778551152731277e-10,0.0,-0.044479837678315606,0.023739200079470966,1.205438902470305,0.0829573359504742,1.016817572494526,12.257114586003212,0.0,0.429917128780587,0.0,0.0012705896069996928,0.0,0.027040085427895145,true
11.675,2.0,5.019485494220397,-0.00010338639064200376,0.0010479174813982305,-2.6320186245130025e-5,-1.1779993302940803e-10,0.0,-0.042992973856388804,0.022944457697965506,1.2185447373514378,0.08206510350810306,1.0174071515479433,12.397561302624629,0.0,0.431119566666139,0.0,0.0011857266468669706,0.0,0.025895452839842997,true
11.725,2.0,5.122493425575865,-0.00010498613046467655,0.0009735799079415732,-2.4867544018185573e-5,-1.1781399245604753e-10,0.0,-0.041546499881863916,0.022171297134312918,1.2318408628044082,0.08117931708511444,1.0180289149115929,12.54049616904532,0.0,0.4323113149692846,0.0,0.0011060496457182664,0.0,0.024795425402684205,true
11.775,2.0,5.2280672099932834,-0.00010599530995450555,0.0009040368650969793,-2.348380762569254e-5,-1.1782768308423988e-10,0.0,-0.040139700345159436,0.021419338761139384,1.2453301776291625,0.08029998934931315,1.0186822125025143,12.685957006434245,0.0,0.4334922622252175,0.0,0.0010312718324791998,0.0,0.023738458875742496,true
11.825000000000001,2.0,5.336276490791756,-0.00010647240435539351,0.0008390098732630198,-2.2166389482723387e-5,-1.1784099809311401e-10,0.0,-0.03877185861279829,0.02068820203774094,1.259015621898791,0.07942713200745237,1.019366362515348,12.83398174844969,0.0,0.4346622946199741,0.0,0.0009611201893558889,0.0,0.022723053439359105,true
11.875,2.0,5.447192874150457,-0.00010647197033408438,0.0007782344026653003,-2.0912757837775893e-5,-1.1785393056112962e-10,0.0,-0.037442257344686675,0.01997750580201411,1.2729001772523783,0.07856075581343326,1.0200806489955128,12.984608389181092,0.0,0.4358212959268047,0.0,0.0008953349273199063,0.0,0.021747752814706707,true
11.925,2.0,5.560889983101324,-0.00010604482693370073,0.0007214593219565982,-1.9720438047617206e-5,-1.178664734653357e-10,0.0,-0.036150179005589055,0.019286868558668673,1.2869868671748799,0.07770087057649183,1.0208243191411928,13.13787492427453,0.0,0.4369691474425176,0.0,0.0008336689732766338,0.0,0.02081114338358785,true
11.975,2.0,5.677443512818513,-0.00010523823289709833,0.0006684463593066706,-1.858701366906304e-5,-1.1787861967885567e-10,0.0,-0.03489490636999297,0.01861590876329998,1.3012787572631317,0.07684748516937405,1.0215965803012497,13.293819284386753,0.0,0.4381057279238432,0.0,0.000775887469191114,0.0,0.019911853309173288,true
12.025,2.0,5.796931287222558,-0.00010409606009810716,0.0006189695763068745,-1.751012737373549e-5,-1.1789036196913384e-10,0.0,-0.03367572301958446,0.017964245101913846,1.3157789554770865,0.07600060753650004,1.0223965966316584,13.452479259993316,0.0,0.4392309135238712,0.0,0.0007217672834018363,0.0,0.019048551658589628,true
12.075000000000001,2.0,5.919433316915389,-0.00010265896284862675,0.0005728148549645302,-1.6487481692129753e-5,-1.1790169299650502e-10,0.0,-0.0324919138325834,0.01733149676551314,1.330490612375313,0.07516024470211849,1.0232234853677726,13.613892416437698,0.0,0.44034457772860774,0.0,0.000671096534310994,0.0,0.01821994752822073,true
12.125,2.0,6.045031858462068,-0.00010096454287814609,0.0005297793980146398,-1.5516839593568323e-5,-1.17912605311813e-10,0.0,-0.03134276546421871,0.016717283719372485,1.345416921333774,0.07432640277845277,1.024076312663619,13.778095997947297,0.0,0.44144659129370506,0.0,0.000623674126600537,0.0,0.01742478917254362,true
12.175,2.0,6.1738114750341175,-9.90475098099445e-5,0.0004896712427310823,-1.4596024908832982e-5,-1.1792309135525063e-10,0.0,-0.030227566817655423,0.016121226966645273,1.3605611187468507,0.07349908697384012,1.0249540889422293,13.945126819153986,0.0,0.4425368221814168,0.0,0.000579309300085863,0.0,0.016661863137276543,true
12.225,2.0,6.305859098427778,-9.693983698461626e-5,0.0004523087883766031,-1.3722922602439646e-5,-1.1793314345440344e-10,0.0,-0.029145609504719082,0.01554294880596599,1.3759264842095467,0.07267830160086555,1.025855763692627,14.115021142436959,0.0,0.44361513549782794,0.0,0.0005378211912839509,0.0,0.015929993397574595,true
12.275,2.0,6.4412640924700435,-9.467091250678708e-5,0.0004175203373903413,-1.2895478901661246e-5,-1.179427538225405e-10,0.0,-0.028096188295798064,0.014982073082729894,1.3915163406797648,0.07186405008449226,1.0267802196391935,14.287814539146956,0.0,0.4446813934304127,0.0,0.0004990384077397277,0.0,0.015228040501967658,true
12.325000000000001,2.0,6.580118317823355,-9.226768541481745e-5,0.00038514365037354637,-1.2111701289509514e-5,-1.1795191455715523e-10,0.0,-0.02707860155834029,0.014438225433752063,1.4073340546195043,0.0710563349701906,1.0277262661974567,14.463541732466307,0.0,0.44573545518597424,0.0,0.00046279861512368023,0.0,0.014554900722695276,true
12.375,2.0,6.722516198199053,-8.975480689597419e-5,0.0003550255148983459,-1.1369658368959985e-5,-1.1796061763841036e-10,0.0,-0.02609215168339793,0.01391103352502792,1.4233830361137878,0.07025515793206759,1.0286926321164953,14.642236419298605,0.0,0.4467771769290208,0.0,0.00042894813708496985,0.0,0.013909505213054198,true
12.425,2.0,6.868554787987345,-8.715476649093203e-5,0.0003270213281310159,-1.0667479605746923e-5,-1.1796885492743367e-10,0.0,-0.025136145499711538,0.013400127282338047,1.439666738966085,0.06946051978099894,1.029677957191656,14.823931068153716,0.0,0.44780641172062996,0.0,0.0003973415678176675,0.0,0.013290819172335962,true
12.475,2.0,7.01833384131081,-8.44880232514346e-5,0.0003009946932303967,-1.0003354957067915e-5,-1.1797661816502257e-10,0.0,-0.024209894674863643,0.012905139114460978,1.4561886607689587,0.06867242047276605,1.0306807829115727,15.008656689483049,0.0,0.44882300945786113,0.0,0.0003678413972733506,0.0,0.012697841018895805,true
12.525,2.0,7.171955882505583,-8.177313183366648e-5,0.000276817029453472,-9.375534393523486e-6,-1.17983898970525e-10,0.0,-0.023312716103070875,0.012425704128778749,1.4729523429485971,0.06789085911620006,1.0316995418798116,15.196442574308627,0.0,0.4498268168137693,0.0,0.0003403176489308205,0.0,0.01212960157185757,true
12.575000000000001,2.0,7.329526278033524,-7.90268635271642e-5,0.00025436719587413324,-8.782327321577323e-6,-1.17990688839841e-10,0.0,-0.022443932279223266,0.011961460339081294,1.4899613707818808,0.06711583398133565,1.032732545822924,15.387315996253852,0.0,0.45081767717808013,0.0,0.0003146475300134982,0.0,0.011585163241925062,true
12.625,2.0,7.491153309825452,-7.6264322235009e-5,0.00023353112859759013,-8.22210191375918e-6,-1.1799697914491294e-10,0.0,-0.021602871658818867,0.011512048865397096,1.5072193733845578,0.06634734250757644,1.0337779719621436,15.58130187119541,0.0,0.45179543059858335,0.0,0.0002907150940269429,0.0,0.01106361923173607,true
12.675,2.0,7.656948250053501,-7.349905543554246e-5,0.00021420149133189508,-7.693284353748053e-6,-1.180027611321092e-10,0.0,-0.02078886900348192,0.011077114125698697,1.5247300236690629,0.06558538131187522,1.0348338474839067,15.778422367676843,0.0,0.4527599137233075,0.0,0.0002684109154730469,0.0,0.010564092746163267,true
12.725,2.0,7.827025437329173,-7.07431601689463e-5,0.0001962773391596169,-7.194358003369774e-6,-1.180080259214034e-10,0.0,-0.02000126571179196,0.010656304019353057,1.5424970382704808,0.06482994619693055,1.0358980317929622,15.978696459908647,0.0,0.45371095974353454,0.0,0.0002476317765837604,0.0,0.010085736212933667,true
12.775,2.0,8.001502354318857,-6.800738410357616e-5,0.00017966379533720044,-6.723862498423119e-6,-1.180127645051492e-10,0.0,-0.01923941013519135,0.010249270102207692,1.5605241774390857,0.06408103215940301,1.0369681961687078,16.182139413566656,0.0,0.45464839833772064,0.0,0.00022828036590605015,0.0,0.00962773051390859,true
12.825000000000001,2.0,8.180499706768193,-6.530122174708421e-5,0.00016427174093672917,-6.280392780115173e-6,-1.1801696774711331e-10,0.0,-0.018502657878777508,0.00985566775322431,1.5788152448978445,0.06333863339815318,1.0380418003673766,16.38876219261219,0.0,0.45557205561638786,0.0,0.0002102649885609538,0.0,0.009189284227336093,true
12.875,2.0,8.364141503921314,-6.263300587581632e-5,0.00015001751713539617,-5.862598068742451e-6,-1.1802062638206677e-10,0.0,-0.017790372086824758,0.00947515633259241,1.5973740876632292,0.06260274332250391,1.0391160656159497,16.598570772894817,0.0,0.45648175406805064,0.0,0.00019349928799374105,0.0,0.008769632881359271,true
12.925,2.0,8.552555140319116,-6.000999426286497e-5,0.00013682263995175686,-5.469180786102595e-6,-1.1802373101475903e-10,0.0,-0.01710192371291923,0.009107399331275252,1.6162045958276334,0.06187335456052923,1.0401879433228403,16.811565345228683,0.0,0.45737731250625024,0.0,0.00017790197902913074,0.0,0.008368038219036394,true
12.975,2.0,8.745871478957291,-5.7438451790093145e-5,0.0001246135272259075,-5.09889543296647e-6,-1.1802627211932706e-10,0.0,-0.016436691774627053,0.008752064511960561,1.6353107023016207,0.061150458967372284,1.0412540786788893,17.027739386788014,0.0,0.4582585460177641,0.0,0.00016339659204628155,0.0,0.007983787475102469,true
13.025,2.0,8.944224935778937,-5.492372803250212e-5,0.0001133212376430116,-4.7505474277858304e-6,-1.180282400389252e-10,0.0,-0.015794063592653333,0.008408824041407584,1.654696382514193,0.060434047633594966,1.0423107681308912,17.247078574817753,0.0,0.45912526591206776,0.0,0.00014991122809281595,0.0,0.007616192664676215,true
13.075000000000001,2.0,9.147753565476163,-5.247033040404479e-5,0.00010288122160741629,-4.422991912663228e-6,-1.180296249852465e-10,0.0,-0.015173435014484543,0.008077354614200987,1.6743656540692207,0.059724110893561055,1.0433539094670337,17.469559510504478,0.0,0.45997727967212076,0.0,0.00013737832476669743,0.0,0.0072645898840918,true
13.125,2.0,9.356599148567462,-5.0081992952038576e-5,9.323308378901892e-5,-4.1151325324742475e-6,-1.1803041703828394e-10,0.0,-0.014574210622542062,0.007757337567940182,1.6943225763561072,0.05902063833385546,1.0443789429434165,17.695148212999573,0.0,0.46081439090655746,0.0,0.00012573443271036942,0.0,0.0069283386240113105,true
13.175,2.0,9.57090727971411,-4.776174088221685e-5,8.432035718609605e-5,-3.825920192915497e-6,-1.1803060614642398e-10,0.0,-0.013995803926907932,0.007448458989910525,1.7145712501127277,0.05832361880174144,1.0453807814820317,17.923798333494673,0.0,0.4616363993033642,0.0,0.00011492000258463999,0.0,0.006606821094951242,true
13.225,2.0,9.790827457236377,-4.5511950887398706e-5,7.60902885817871e-5,-3.5543518031647115e-6,-1.180301821262215e-10,0.0,-0.013437637542716515,0.007150409815299644,1.7351158169386058,0.05763304041365806,1.0463537274545598,18.15544902619074,0.0,0.46244310058512494,0.0,0.00010487918242253043,0.0,0.006299441565334673,true
13.275,2.0,10.016513173780181,-4.333440733863168e-5,6.849363531811498e-5,-3.2994690087947966e-6,-1.1802913466254611e-10,0.0,-0.01289914335233681,0.006862885917038588,1.7559604587562667,0.056948890563759756,1.0472913728942201,18.39002239598815,0.0,0.4632342864659238,0.0,9.555962530879389e-5,0.0,0.006005625712160051,true
13.325000000000001,2.0,10.248122008085158,-4.1230354377066425e-5,6.148447337597455e-5,-3.0603569205984457e-6,-1.1802745330921705e-10,0.0,-0.012379762652500154,0.006585588187363031,1.7771093972186254,0.056271155932499796,1.0481864790963316,18.627420420395953,0.0,0.4640097446099959,0.0,8.69123073929801e-5,0.0,0.005724819984357636,true
13.375,2.0,10.485815717795134,-3.920054391545425e-5,5.502001683852514e-5,-2.836142845077012e-6,-1.180251274895114e-10,0.0,-0.011878946286556561,0.00631822261120468,1.7985668930602445,0.05559982249525952,1.0490308304041276,18.8675212136436,0.0,0.46476925859221846,0.0,7.88913563289827e-5,0.0,0.005456490978885819,true
13.425,2.0,10.729760333247649,-3.7245279517020024e-5,4.906044893752468e-5,-2.625995022557739e-6,-1.1802214649634133e-10,0.0,-0.011396154762070027,0.006060500331537101,1.8203372453902165,0.05493487553102475,1.049815055428403,19.11017446167716,0.0,0.4655126078605415,0.0,7.145389035009794e-5,0.0,0.005200124829601321,true
13.475,2.0,10.980126252172331,-3.536445606199381e-5,4.3568765050315424e-5,-2.4291213792705422e-6,-1.180184994935772e-10,0.0,-0.010930858353988758,0.005812137706813509,1.8424247909244011,0.05427629963111109,1.0505284068774874,19.35519580401399,0.0,0.46623956770045766,0.0,6.455986834795135e-5,0.0,0.004955226608920249,true
13.525,2.0,11.23708833522336,-3.3557595031796206e-5,3.851062824779701e-5,-2.24476830029964e-6,-1.1801417551694314e-10,0.0,-0.010482537193650648,0.005572856360646638,1.8648339031546768,0.05362407870793928,1.0511584883827914,19.602359867250506,0.0,0.46694990920162033,0.0,5.8171951543480026e-5,0.0,0.004721319742270494,true
13.575000000000001,2.0,11.500826002258512,-3.182387512819053e-5,3.3854238317743474e-5,-2.0722194312119832e-6,-1.1800916347540293e-10,0.0,-0.010050681343906681,0.005342383223892374,1.8875689914528266,0.05297819600386202,1.0516909129243464,19.85139155828711,0.0,0.4676433992267166,0.0,5.2255377643783764e-5,0.0,0.004497945435320388,true
13.625,2.0,11.771523329277978,-3.0162157785704533e-5,2.9570215642282117e-5,-1.910794517474778e-6,-1.1800345215230668e-10,0.0,-0.009634790860666327,0.0051204505693099025,1.910634500106643,0.05233863410004292,1.0521088723178822,20.10195509318841,0.0,0.46831980038270943,0.0,4.67778488066933e-5,0.0,0.004284662113953844,true
13.675,2.0,12.049369145920464,-2.8571006909682053e-5,2.5631501950598222e-5,-1.759848292680737e-6,-1.179970302072341e-10,0.0,-0.009234375841188393,0.00490679603898098,1.934034907285757,0.05170537492538899,1.0523925902156834,20.35364005646007,0.0,0.4689788709945703,0.0,4.170943533906579e-5,0.0,0.00408104487694823,true
13.725,2.0,12.334557133411597,-2.7048701849541537e-5,2.201328088084387e-5,-1.6187694293453324e-6,-1.1798988617787058e-10,0.0,-0.008848956459458872,0.004701162664680326,1.9577747239346879,0.051078399765537096,1.0525186215378264,20.60594353717336,0.0,0.4696203650816235,0.0,3.702249791268301e-5,0.0,0.0038866849612979636,true
13.775,2.0,12.627285922847546,-2.5593242153936728e-5,1.8692922587887244e-5,-1.4869795699629363e-6,-1.1798200848216082e-10,0.0,-0.008478062989013711,0.004503298881397391,1.9818584925905463,0.050457689271895,1.052458948386657,20.858247049630116,0.0,0.47024403233663226,0.0,3.2691632304516115e-5,0.0,0.003701189220114321,true
13.825000000000001,2.0,12.927759193689926,-2.4202341991537767e-5,1.5649958490034712e-5,-1.363932461557262e-6,-1.1797338542057457e-10,0.0,-0.008121235813579408,0.0043129585342173826,2.0062907861227948,0.04984322347073746,1.0521798054938873,21.109786491068608,0.0,0.47084961810775994,0.0,2.869364240925965e-5,0.0,0.003524179613020262,true
13.875,2.0,13.236185772337546,-2.2873411180907356e-5,1.2866094867218012e-5,-1.2491132246762878e-6,-1.1796400517889792e-10,0.0,-0.007778025425917547,0.004129900878776153,2.0310762063924117,0.04923498177235779,1.0516401467455205,21.35961279741851,0.0,0.47143686338354585,0.0,2.500754972626757e-5,0.0,0.003355292708948027,true
13.925,2.0,13.552779730630437,-2.160351847541927e-5,1.0325277617948262e-5,-1.1420377981468663e-6,-1.179538558309101e-10,0.0,-0.007447992415271256,0.003953890575509503,2.0562193828278046,0.04863294298027458,1.0507896397197787,21.606540244664544,0.0,0.47200550478103925,0.0,2.1614650887819025e-5,0.0,0.003194179201236712,true
13.975,2.0,13.87776048413395,-2.0389331071914174e-5,8.013825099766083e-6,-1.0422526138246189e-6,-1.1794292534190385e-10,0.0,-0.007130707443821938,0.0037846976779225034,2.081724970914748,0.04803708530049393,1.0495660540016878,21.849078632397706,0.0,0.472555274537245,0.0,1.849863911273504e-5,0.0,0.0030405034349175945,true
14.025,2.0,14.211352890034815,-1.9227022484630386e-5,5.920650963258769e-6,-9.49334568838737e-7,-1.179312015717188e-10,0.0,-0.006825751212573262,0.0036220976151089064,2.1075976505976213,0.0474473863508267,1.0478919113701128,22.085345304839006,0.0,0.4730859005040332,0.0,1.564581012329934e-5,0.0,0.00289394294606567,true
14.075000000000001,2.0,14.55378734447742,-1.8112139987896128e-5,4.037601368108461e-6,-8.628913680066929e-7,-1.1791867227888945e-10,0.0,-0.006532714417086942,0.003465871168754184,2.1338421245891794,0.046863823170260374,1.0456703450208802,22.312954306392548,0.0,0.47359710614667794,0.0,1.3045375365065705e-5,0.0,0.0027541880130875023,true
14.125,2.0,14.905299879148192,-1.703942609469539e-5,2.3599218998261442e-6,-7.825622815676931e-7,-1.1790532512465335e-10,0.0,-0.006251197693500678,0.003315804444858626,2.1604631165860795,0.046286372228385,1.0427803999986465,22.528885928959543,0.0,0.4740886105461949,0.0,1.0689896881836448e-5,0.0,0.0026209412198076936,true
14.175,2.0,15.266132256913927,-1.6002605028638118e-5,8.868245573838379e-7,-7.080192415838762e-7,-1.1789114767711662e-10,0.0,-0.005980811555263193,0.0031716888404190085,2.1874653693873665,0.04571500943487236,1.039072783286356,22.729357297118476,0.0,0.47456012840564904,0.0,8.575816269979603e-6,0.0,0.002493917030208891,true
14.225,2.0,15.636532066297288,-1.4994196006634394e-5,-3.7801177384739395e-7,-6.389678557094927e-7,-1.1787612741654386e-10,0.0,-0.005721176321024583,0.0030333210053087515,2.214853642913098,0.04514971014900762,1.0343688764862835,22.909756742015734,0.0,0.4750113700606177,0.0,6.7039226616708054e-6,0.0,0.0023728413746736997,true
14.275,2.0,16.016752814568697,-1.4005538429500474e-5,-1.426501438382864e-6,-5.751471627382316e-7,-1.178602517400365e-10,0.0,-0.005471922034122096,0.0029005027995972054,2.242632712120317,0.044590449189271894,1.0284693260840736,23.064789540884803,0.0,0.4754420414939964,0.0,5.079300642172031e-6,0.0,0.00225745124757053,true
14.325000000000001,2.0,16.40705401921517,-1.3027436753532668e-5,-2.2478474963402513e-6,-5.163257849093683e-7,-1.178435079671466e-10,0.0,-0.005232688374102142,0.00277304124654878,2.2708073648135216,0.04403720084297507,1.021183309422764,23.189105798618574,0.0,0.4758518443553403,0.0,3.709761777874936e-6,0.0,0.002147494316020018,true
14.375,2.0,16.807701297536312,-1.2052023732789994e-5,-2.8334241369806356e-6,-4.622914963391773e-7,-1.1782588334584903e-10,0.0,-0.0050031245607188865,0.002650748481542055,2.299382399346858,0.04348993887593691,1.012390233390225,23.27872283928141,0.0,0.47624047598494557,0.0,2.6013261144995915e-6,0.0,0.002042728539673287,true
14.425,2.0,17.21896645409784,-1.1076042956942559e-5,-3.1853354799908857e-6,-4.128337104650254e-7,-1.178073650588208e-10,0.0,-0.004782889250848082,0.0025334416971478863,2.32836262221521,0.04294863654221513,1.0021277620800089,23.33316823911269,0.0,0.4766076294428793,0.0,1.7503068319501263e-6,0.0,0.001942921801328885,true
14.475,2.0,17.641127565770894,-1.0104117816831625e-5,-3.324962659465094e-6,-3.677254047341358e-7,-1.17787940230106e-10,0.0,-0.0045716504287521414,0.0024209430846037793,2.357752845531429,0.042413266593878444,0.9906560719440503,23.357221725690724,0.0,0.47695299354317217,0.0,1.1354004640974918e-6,0.0,0.0018478515482109395,true
14.525,2.0,18.0744690640522,-9.148962852805139e-6,-3.2938130430331657e-6,-3.267158950350657e-7,-1.1776759593224536e-10,0.0,-0.004369085290128641,0.0023130797719195565,2.3875578843869376,0.0418838012908229,0.9784247364115463,23.360456936985983,0.0,0.47727625289339953,0.0,7.168466813284678e-7,0.0,0.0017573044437274711,true
14.575000000000001,2.0,18.51928181436564,-8.2272741188789e-6,-3.1435350132101606e-6,-2.8953857568152314e-7,-1.1774631919386286e-10,0.0,-0.00417488012036977,0.002209683758846573,2.4177825540929994,0.041360212410629184,0.9659388717149956,23.354301523527923,0.0,0.477577087939878,0.0,4.455309260235822e-7,0.0,0.0016710760295244364,true
14.625,2.0,18.97586319201234,-7.354252133779602e-6,-2.9224429094436435e-6,-2.5592501220982346e-7,-1.177240970077527e-10,0.0,-0.003988730167454628,0.0021105918489394966,2.448431667299985,0.04084247125845881,0.9536202629434027,23.34874050369565,0.0,0.4778551750187168,0.0,2.753019748139805e-7,0.0,0.001588970397648298,true
14.675,2.0,19.444517154430102,-6.540392856767522e-6,-2.6675362232947748e-6,-2.2561525276413316e-7,-1.177009163393837e-10,0.0,-0.003810339509889719,0.0020156455789359937,2.479510030992007,0.040330548676986724,0.9417444648692567,23.350648472745217,0.0,0.47811018641296815,0.0,1.7028462093770125e-7,0.0,0.0015107998726274212,true
14.725,2.0,19.925554309410348,-5.791138053915742e-6,-2.403498679003727e-6,-1.983618916611439e-7,-1.1767676413587677e-10,0.0,-0.003639420920105821,0.0019246911456755416,2.511022443354388,0.03982441505636782,0.9304493227777779,23.363791318988913,0.0,0.4783417904161263,0.0,1.058231927862927e-7,0.0,0.001436384703280532,true
14.775,2.0,20.41929197888902,-5.107979780335656e-6,-2.1452686662033075e-6,-1.7393033802232396e-7,-1.1765162733559626e-10,0.0,-0.0034756957237113053,0.001837579330774138,2.5429736905114586,0.03932404034423471,0.9197727562348046,23.389579203543168,0.0,0.47854965140223543,0.0,6.616180396588327e-8,0.0,0.0013655527640587927,true
14.825000000000001,2.0,20.92605425793082,-4.489781255133057e-6,-1.9011696105677814e-6,-1.5209781058131335e-7,-1.1762549287812252e-10,0.0,-0.003318893654993369,0.0017541654232668328,2.5753685431323072,0.03882939405572393,0.9096906676156258,23.4278872935831,0.0,0.47873342990287066,0.0,4.160734838786077e-8,0.0,0.0012981392657266718,true
14.875,2.0,21.446172068493148,-3.933815195541844e-6,-1.6753790257281075e-6,-1.326522840993735e-7,-1.1759834771498754e-10,0.0,-0.0031687527090493127,0.0016743091404248609,2.6082117529021764,0.0383404452835278,0.9001453715392794,23.477697373692443,0.0,0.47889278269126556,0.0,2.6290344873779633e-8,0.0,0.001233986475185803,true
14.925,2.0,21.97998320755093,-3.436460705684704e-6,-1.4695828317593353e-6,-1.1539175721066436e-7,-1.175701788206702e-10,0.0,-0.0030250189909201497,0.0015978745469487352,2.6415080488573137,0.0378571627079686,0.8910646270871478,23.537543845027418,0.0,0.47902736287386327,0.0,1.6665534523399577e-8,0.0,0.0011729434442452622,true
14.975,2.0,22.52783238913821,-2.9936403850421952e-6,-1.2840050756708188e-6,-1.001238702246252e-7,-1.1754097320440104e-10,0.0,-0.0028874465620884796,0.0015247299727329305,2.675262133581216,0.03737951460709231,0.8823738342813553,23.60581306515777,0.0,0.47913681998957497,0.0,1.0580543957027214e-8,0.0,0.0011148657471414072,true
15.025,2.0,23.09007127984806,-2.6010886451815287e-6,-1.1180290785287313e-6,-8.666580427722134e-8,-1.1751071792259162e-10,0.0,-0.002755797284691763,0.0014547479293919184,2.709478679260324,0.03690746886677831,0.8740037113045337,23.68094421374029,0.0,0.4792208001170397,0.0,6.716681221238545e-9,0.0,0.0010596152266102005,true
15.075000000000001,2.0,23.667058527320794,-2.254517535134702e-6,-9.705690408663394e-7,-7.4844376968906e-8,-1.174794000916171e-10,0.0,-0.0026298406637909467,0.0013878050257311503,2.7441623235973984,0.03644099299086186,0.8658949951883862,23.7615642198752,0.0,0.479278945990182,0.0,4.257292115343032e-9,0.0,0.0010070597483151846,true
15.125,2.0,24.25915978122379,-1.949721775825105e-6,-8.402935662765851e-7,-6.449625368405419e-8,-1.1744700690145534e-10,0.0,-0.0025093536880228555,0.0013237818823403106,2.779317665580949,0.03598005411126599,0.8580010840982922,23.846575701219887,0.0,0.4793108971223655,0.0,2.691151245002898e-9,0.0,0.0009570729634346894,true
15.175,2.0,24.866747706215797,-1.6826474283182736e-6,-7.257619294066798e-7,-5.5468202159522756e-8,-1.1741352562991378e-10,0.0,-0.0023941206689529816,0.0012625630454797443,2.8149492611092755,0.03552461899813904,0.8502891599646744,23.935208425717864,0.0,0.4793162899394549,0.0,1.6951379293717504e-9,0.0,0.0009095340792124952,true
15.225,2.0,25.490201986373673,-1.4494379307157403e-6,-6.255085375203154e-7,-4.761732817005655e-8,-1.1737894365750886e-10,0.0,-0.002283933079433243,0.0012040369004243704,2.8510616184678894,0.03507465406999454,0.8427401370144266,24.027040589842024,0.0,0.47929475792209414,0.0,1.0634626272385821e-9,0.0,0.0008643276372771154,true
15.275,2.0,26.12990932053511,-1.246465049306768e-6,-5.380960164306393e-7,-4.0811242512551394e-8,-1.17343248482955e-10,0.0,-0.0021785893912570757,0.0011480955844228044,2.8876591936592955,0.03463012540384939,0.8353476999578808,24.12199465685521,0.0,0.4792459317575205,0.0,6.643967753871406e-10,0.0,0.0008213432995359513,true
15.325000000000001,2.0,26.786263408007276,-1.0703488824104972e-6,-4.62148695150346e-7,-3.492812344205294e-8,-1.1730642773943972e-10,0.0,-0.002077894912391833,0.0010946348994226476,2.924746385584291,0.03419099874535703,0.8281166681852213,24.220312321168315,0.0,0.4791694395012272,0.0,4.134259660459959e-10,0.0,0.0007804756414519507,true
15.375,2.0,27.45966492406264,-9.179692812045088e-7,-3.9637334811359995e-7,-2.9856653295697375e-8,-1.1726846921156435e-10,0.0,-0.0019816616240560686,0.0010435542247061922,2.9623275310742967,0.03375723951893149,0.8210609128780308,24.322513469075854,0.0,0.4790649067488033,0.0,2.563486418131511e-10,0.0,0.000741623952511848,true
15.425,2.0,28.15052148464345,-7.864701963282587e-7,-3.395712913162048e-7,-2.5495821917193313e-8,-1.172293608529594e-10,0.0,-0.001889708017896687,0.0009947564295740023,3.000406899774382,0.03332881283785862,0.8142010425051335,24.42934425735897,0.0,0.4789319568182728,0.0,1.5849812499318524e-10,0.0,0.0007046920436968324,true
15.475,2.0,28.85924759966273,-6.732580912277015e-7,-2.9064438671508617e-7,-2.175460148275773e-8,-1.1718909080474653e-10,0.0,-0.0018018589335085228,0.0009481477862070372,3.0389886888770126,0.03290568351439066,0.8075620505528128,24.541719371963243,0.0,0.4787702109432529,0.0,9.780195713918389e-11,0.0,0.0006695880617683127,true
15.525,2.0,29.586264614306064,-5.759954291220279e-7,-2.4859664728952296e-7,-1.855150663375142e-8,-1.1714764741464757e-10,0.0,-0.0017179453965263402,0.0009036378828312697,3.0780770177068293,0.03248781606982015,0.8011710868844996,24.66066309790379,0.0,0.4785792884772663,0.0,6.028647007579513e-11,0.0,0.000636224310183492,true
15.575000000000001,2.0,30.332000637686402,-4.925901962174132e-7,-2.1253264342026293e-7,-1.5814060107368137e-8,-1.1710501925688885e-10,0.0,-0.0016378044575068801,0.0008611395373020041,3.1176759221570807,0.03207517474452934,0.7950554742800522,24.787253089420965,0.0,0.47835880710952206,0.0,3.716065605991878e-11,0.0,0.0006045170764576207,true
15.625,2.0,31.096890458240047,-4.2118239396716283e-7,-1.8165361530600002e-7,-1.3478187406113935e-8,-1.1706119515281635e-10,0.0,-0.0015612790318062111,0.0008205687112184547,3.1577893489786883,0.03166772350801127,0.7892410494142342,24.922569796170315,0.0,0.4781083830924963,0.0,2.2928846858306348e-11,0.0,0.0005743864657921271,true
15.675,2.0,31.88137544519893,-3.601283843588299e-7,-1.5525200105484347e-7,-1.1487564844880253e-8,-1.170161641923487e-10,0.0,-0.00148821774064547,0.000781844424672571,3.198421149923312,0.031265426068858286,0.78375086749926,25.06765350880376,0.0,0.47782763148162843,0.0,1.417567281547969e-11,0.0,0.0005457562407901917,true
15.725,2.0,32.685903435492335,-3.079838954390919e-7,-1.3270494670913822e-7,-9.792944119554861e-9,-1.1696991575624922e-10,0.0,-0.0014184747535460273,0.0007448886717295801,3.239575075742109,0.030868245884714495,0.7786042755402935,25.223470049065764,0.0,0.47751616638744865,0.0,8.789484427756691e-12,0.0,0.0005185536670839487,true
15.775,2.0,33.51092860542124,-2.634863934466027e-7,-1.1346724908693602e-7,-8.35147396602866e-9,-1.1692243953912894e-10,0.0,-0.001351909632303262,0.0007096263367313553,3.281254770042367,0.030476146172187912,0.7738163326135408,25.39088532524871,0.0,0.4771736012404514,0.0,5.470088024089159e-12,0.0,0.0004927093647000674,true
15.825000000000001,2.0,34.35691132643524,-2.2553741222302886e-7,-9.706408455262702e-8,-7.12603609958113e-9,-1.1687372557321552e-10,0.0,-0.001288387176656488,0.000675985111507409,3.323463763004564,0.03008908991671852,0.7693975373289178,25.570648346576093,0.0,0.4767995490690131,0.0,3.4193168116650183e-12,0.0,0.0004681571649932442,true
15.875,2.0,35.22421941836806,-1.9318530984214655e-7,-8.308379249136973e-8,-6.0846089187011e-9,-1.1682376425301707e-10,0.0,-0.001227777271801168,0.0006438954135722059,3.3662054649628703,0.02970703988239857,0.7653538121571332,25.763381851135076,0.0,0.476393622790655,0.0,2.148069504756447e-12,0.0,0.0004448339729799494,true
15.925,2.0,36.113523468408765,-1.6560881134484134e-7,-7.117091256735673e-8,-5.1996689832592845e-9,-1.1677254636068842e-10,0.0,-0.0011699547378783892,0.0006132903053814415,3.409483159852615,0.029329958621741016,0.7616866903411106,25.969579438018897,0.0,0.47595543551692915,0.0,1.3567908226172667e-12,0.0,0.0004226796349076469,true
15.975,2.0,37.02520164729358,-1.421015742807845e-7,-6.101960733054663e-8,-4.447636435576156e-9,-1.167200630923217e-10,0.0,-0.0011147991815657137,0.000584105414714106,3.453299998528681,0.028957808485392575,0.7583936520568219,26.189607975319838,0.0,0.475484600872211,0.0,8.619330109448941e-13,0.0,0.00040163681089769424,true
16.025000000000002,2.0,37.959737323500796,-1.2205794715863496e-7,-5.236756327340523e-8,-3.808368449070621e-9,-1.1666630608488005e-10,0.0,-0.001062194849882894,0.0005562788562414385,3.4976589919593493,0.028590551631787618,0.7554685611969543,26.42371406213119,0.0,0.47498073332664753,0.0,5.508309286891061e-13,0.0,0.00038165085250313534,true
16.075000000000003,2.0,38.917619077691285,-1.0495999397498685e-7,-4.499041484002539e-8,-3.264701772924442e-9,-1.1661126744408133e-10,0.0,-0.001012030486315697,0.0005297511543383476,3.542563004300629,0.028228150036739275,0.7529021604524846,26.67203339476988,0.0,0.47444344854351334,0.0,3.5415081502740157e-13,0.0,0.00036266968502566974,true
16.125000000000004,2.0,39.89934044910968,-9.03658071580772e-8,-3.8696709678715505e-8,-2.802043898029678e-9,-1.1655493977292975e-10,0.0,-0.000964199189351073,0.0005044651671874988,3.5880147458566722,0.02787056550296425,0.7506825899419336,26.93460202169535,0.0,0.47387236374119523,0.0,2.2907725424472194e-13,0.0,0.000344643694439205,true
16.175,2.0,40.90539966145999,-7.789908416994009e-8,-3.332341014339046e-8,-2.408010964919909e-9,-1.1649731620113826e-10,0.0,-0.0009185982735072902,0.0004803660122211101,3.6340167659324414,0.027517759669537824,0.7487959021593626,27.211368627086316,0.0,0.47326709807001766,0.0,1.4906005351536566e-13,0.0,0.0003275256187705414,true
16.225,2.0,41.93629932765082,-6.723991056488592e-8,-2.8731910112369657e-8,-2.072109604708412e-9,-1.164383904152189e-10,0.0,-0.000875129132933341,0.0004574009929404549,3.6805714455854095,0.02716969402127571,0.7472265530738851,27.50220714626952,0.0,0.4726272730040853,0.0,9.755658354244871e-14,0.0,0.00031127044379092197,true
16.275000000000002,2.0,42.99254613278381,-5.811667072792346e-8,-2.4804535587207033e-8,-1.7854593250347862e-9,-1.1637815668935668e-10,0.0,-0.0008336971076429627,0.00043551952714829473,3.727680990283646,0.02682632989803959,0.7459578554541011,27.806929173290083,0.0,0.4719525127483122,0.0,6.42055249532815e-14,0.0,0.0002958353028753899,true
16.325000000000003,2.0,44.07465049483014,-5.029899472672459e-8,-2.144149114725929e-8,-1.540551753306926e-9,-1.1631660991702584e-10,0.0,-0.0007942113524400165,0.00041467307662480454,3.775347422478329,0.02648762850396294,0.7449723857506598,28.12529576361285,0.0,0.47124244466075954,0.0,4.2480779869725577e-14,0.0,0.00028117938089009507,true
16.375000000000004,2.0,45.18312620240449,-4.359164375348172e-8,-1.8558211182456705e-8,-1.3310429631749028e-9,-1.162537456432331e-10,0.0,-0.0007565847085837003,0.0003948150782731275,3.8235725740993014,0.026153550916594402,0.744252340116836,28.457028358799597,0.0,0.47049669969039226,0.0,2.824779933359488e-14,0.0,0.00026726382197094943,true
16.425,2.0,46.31849002913445,-3.7829235782136406e-8,-1.6083074068166965e-8,-1.1515751794926119e-9,-1.1618956009750121e-10,0.0,-0.0007207335782341816,0.00037590087675645425,3.8723580789829932,0.025824058095955643,0.743779838431844,28.801818663362166,0.0,0.46971491283032163,0.0,1.8871438077854215e-14,0.0,0.0002540516410602425,true
16.475,2.0,47.48126132411022,-3.28717158585233e-8,-1.3955438388666503e-8,-9.97624333708336e-10,-1.1612405022745127e-10,0.0,-0.0006865778017116918,0.00035788765864446155,3.9217053652426936,0.02549911089351087,0.7435371776155231,29.159337387122065,0.0,0.4688967235865691,0.0,1.2661991593447448e-14,0.0,0.00024150763907106936,true
16.525000000000002,2.0,48.67196157797658,-2.860048068159464e-8,-1.2123962402968943e-8,-8.653701867994291e-10,-1.1605721373297805e-10,0.0,-0.000654040537594943,0.0003407343880830902,3.971615647591812,0.025178670061045554,0.7435070372106913,29.52924183080609,0.0,0.4680417764623479,0.0,8.529423437612715e-15,0.0,0.00022959832155265936,true
16.575000000000003,2.0,49.89111396422486,-2.4915073881797855e-8,-1.0545170744739555e-8,-7.51586020378363e-10,-1.1598904910096183e-10,0.0,-0.0006230481456779101,0.0003244017439979699,4.022089919631483,0.024862696259451682,0.7436726412917808,29.911182340453916,0.0,0.4671497214578165,0.0,5.7663416238971774e-15,0.0,0.0002182918207329022,true
16.625000000000004,2.0,51.139242855345515,-2.1730375940604777e-8,-9.182235528373895e-9,-6.535451959094726e-10,-1.1591955564056168e-10,0.0,-0.0005935300727975371,0.00030885205883833164,4.073128946114547,0.02455115006741742,0.7440178813606868,30.30480768997032,0.0,0.4662202145852199,0.0,3.910995566342232e-15,0.0,0.00020755782081757917,true
16.675,2.0,52.4168733134805,-1.8974220495457568e-8,-8.003942355331059e-9,-5.689421809042964e-10,-1.1584873351885078e-10,0.0,-0.0005654187415388285,0.00029404925886494744,4.124733255198642,0.024243991990018792,0.7445274051262973,30.7097694733119,0.0,0.4652529183992756,0.0,2.660275020193543e-15,0.0,0.00019736748642898557,true
16.725,2.0,53.724530555361746,-1.6585376464274852e-8,-6.983815008592972e-9,-4.958259284448446e-10,-1.1577658379695039e-10,0.0,-0.0005386494418180063,0.00027995880598255345,4.176903130701837,0.023941182467211587,0.7451866760307138,31.125725600699838,0.0,0.4642475025426258,0.0,1.8141297410921493e-15,0.0,0.0001876933940698008,true
16.775000000000002,2.0,55.0627393912914,-1.451184275336097e-8,-6.099375774531072e-9,-4.325437653550922e-10,-1.157031084664213e-10,0.0,-0.0005131602253389873,0.0002665476411142757,4.229638604374938,0.023642681882221506,0.7459820081642095,31.552342999004804,0.0,0.46320364430610955,0.0,1.2398485661125316e-15,0.0,0.00017850946650118884,true
16.825000000000003,2.0,56.43202363804583,-1.2709409127080937e-8,-5.331521269152324e-9,-3.7769419076985283e-10,-1.1562831048595519e-10,0.0,-0.0004888918029133478,0.00025378412911286304,4.28293944820527,0.023348450569830998,0.7469005808682989,31.98929961688268,0.0,0.46212102920356185,0.0,8.489650732433686e-16,0.0,0.000169790909927226,true
16.875000000000004,2.0,57.832905505616075,-1.1140443032943546e-8,-4.66399633026167e-9,-3.3008720892904944e-10,-1.1555219381824807e-10,0.0,-0.00046578744462918374,0.0002416380052009563,4.3368051667674425,0.023058448824561276,0.7479304369133859,32.436285831886025,0.0,0.4609993515607806,0.0,5.82239159723359e-16,0.0,0.00016151415388081879,true
16.925,2.0,59.265904957817966,-9.77286775908294e-9,-4.082950952226452e-9,-2.887110175167584e-10,-1.1547476346696608e-10,0.0,-0.0004437928828498327,0.00023008032293024777,4.391234989637258,0.022772636908748214,0.7490604676932293,32.89300535088557,0.0,0.4598383151182473,0.0,3.998347377949416e-16,0.0,0.0001536567937093151,true
16.975,2.0,60.73153904683209,-8.579302255583312e-9,-3.5765673855669322e-9,-2.5270404658747033e-10,-1.153960255136945e-10,0.0,-0.0004228562180193033,0.00021908340364716334,4.446227863885582,0.02249097506051106,0.7502803884309963,33.35917568768794,0.0,0.45863763364710775,0.0,2.7486036267130714e-16,0.0,0.00014619753556100796,true
17.025000000000002,2.0,62.23032122185383,-7.5363373033171e-9,-3.1347464100162376e-9,-2.2133149456124501e-10,-1.1531598715490123e-10,0.0,-0.00040292782724744174,0.00020862078745064632,4.501782446669619,0.02221342350161305,0.7515807059598641,33.83452829345676,0.0,0.4573970315778652,0.0,1.8909893842038458e-16,0.0,0.00013911614377668904,true
17.075000000000003,2.0,63.762760612119365,-6.623926505158299e-9,-2.748843434101875e-9,-1.9396563878568484e-10,-1.1523465673865077e-10,0.0,-0.0003839602756443439,0.00019866718562573557,4.5578970979396525,0.021939942445213148,0.7529526812364123,34.318808406933236,0.0,0.45611624464115763,0.0,1.3017041251668387e-16,0.0,0.00013239339059331864,true
17.125000000000004,2.0,65.32936128464871,-5.824873853737272e-9,-2.4114464974881363e-9,-1.700693107884384e-10,-1.151520438009984e-10,0.0,-0.00036590823037028927,0.00018919843453488639,4.614569873279887,0.0216704921035085,0.7543882883736751,34.81177468284341,0.0,0.45479502051991477,0.0,8.963762291534893e-17,0.0,0.00012601100806975202,true
17.175,2.0,66.93062147717312,-5.124402449793333e-9,-2.116189476678027e-9,-1.4918202264298531e-10,-1.1506815910207548e-10,0.0,-0.000348728377364521,0.00018019145094739215,4.671798516902573,0.021405032695267116,0.7558801716461859,35.31319864852714,0.0,0.4534331195121194,0.0,6.173614507944615e-17,0.0,0.0001199516421472755,true
17.225,2.0,68.56703280676227,-4.509791358216667e-9,-1.8575948427510092e-9,-1.3090831284286103e-10,-1.1498301466157392e-10,0.0,-0.00033237934071351144,0.00017162418878583006,4.729580454815097,0.02114352445325079,0.7574216016247134,35.82286403098991,0.0,0.4520303152033168,0.0,4.2519040313936256e-17,0.0,0.00011419880876048245,true
17.275000000000002,2.0,70.23907945490174,-3.970069645415307e-9,-1.630941213284067e-9,-1.1490794959791385e-10,-1.1489662379356727e-10,0.0,-0.00031682160461692587,0.00016347559726713628,4.787912788180208,0.020885927631528155,0.7590064313466074,36.34056598955444,0.0,0.4505863951479252,0.0,2.9278774498763503e-17,0.0,0.00010873685191673426,true
17.325000000000003,2.0,71.94723732966375,-3.4957583883136236e-9,-1.4321516995809894e-9,-1.0088768823565107e-10,-1.1480900114063097e-10,0.0,-0.0003020174379073179,0.00015572558041475004,4.84679228688994,0.020632202512678215,0.7606290532201481,36.86611028331811,0.0,0.4491011615583293,0.0,2.0155116933293608e-17,0.0,0.00010355090366512622,true
17.375000000000004,2.0,73.69197320597628,-3.0786529241425127e-9,-1.257699693002128e-9,-8.859432893092458e-11,-1.1472016270691854e-10,0.0,-0.0002879308210776516,0.00014835495791722198,4.906215383374187,0.020382309414884735,0.7622843571951227,37.39931239776214,0.0,0.44757443200064456,0.0,1.3868345457475509e-17,0.0,9.862684587848732e-5,true
17.425,2.0,75.47374384494955,-2.7116388586142035e-9,-1.1045292767452122e-9,-7.780886263609331e-11,-1.1463012589022529e-10,0.0,-0.00027452737576903193,0.00014134542730775116,4.966178166665175,0.02013620869892204,0.7639676905992697,37.93999665091709,0.0,0.4460060400959539,0.0,9.537199627557774e-18,0.0,9.395127377450859e-5,true
17.475,2.0,77.29299509334022,-2.388536401215641e-9,-9.699879062494577e-10,-6.83415280151178e-11,-1.1453890951280947e-10,0.0,-0.0002617742966695287,0.0001346795274383208,5.026676376739346,0.019893860775033027,0.7656748199306256,38.487995296094276,0.0,0.4443958362257364,0.0,6.554351080431362e-18,0.0,8.951146110460055e-5,true
17.525000000000002,2.0,79.15016096449311,-2.10396847955587e-9,-8.517693852210298e-10,-6.002763142792223e-11,-1.1444653385079642e-10,0.0,-0.0002496402857736912,0.0001283406032213955,5.087705399158344,0.019655226109700247,0.7674018948002252,39.0431476349945,0.0,0.4427436882401109,0.0,4.501033208655767e-18,0.0,8.529532694152968e-5,true
17.575000000000003,2.0,81.04566270204202,-1.853248825820456e-9,-7.47865486329361e-10,-5.272400646323175e-11,-1.1435302066202406e-10,0.0,-0.0002380954889512579,0.00012231277161156202,5.149260260030885,0.019420265232311294,0.7691454141341851,39.605299151861566,0.0,0.44104948216743667,0.0,3.0884070496741457e-18,0.0,8.129140399928428e-5,true
17.625000000000004,2.0,82.97990782791645,-1.632286849832712e-9,-6.565248356262417e-10,-4.630600995071879e-11,-1.1425839321217151e-10,0.0,-0.00022711143477265814,0.00011658088879899813,5.211335621317387,0.01918893874171949,0.7709021946702492,40.1743006763682,0.0,0.43931312292371494,0.0,2.1172271782332967e-18,0.0,7.748880842095129e-5,true
17.675,2.0,84.95328917627683,-1.4375066340239454e-9,-5.762179059532406e-10,-4.0664968448610946e-11,-1.1416267629895079e-10,0.0,-0.0002166609755381734,0.00011113051858626506,5.273925776499126,0.01896120731270147,0.7726693417251309,40.75000758034779,0.0,0.4375345350201633,0.0,1.450060665269559e-18,0.0,7.38772109726764e-5,true
17.725,2.0,86.96618391510701,-1.2657778216831584e-9,-5.05607153944723e-10,-3.570600344472339e-11,-1.1406589627423021e-10,0.0,-0.00020671823045706052,0.00010594790191960864,5.3370246466336235,0.018737031702312994,0.7744442221676947,41.33227901151992,0.0,0.4357136632672329,0.0,9.92133045344179e-19,0.0,7.044680958399912e-5,true
17.775000000000002,2.0,89.01895255734284,-1.1143565344851105e-9,-4.435214934937985e-10,-3.13461753805713e-11,-1.1396808106384599e-10,0.0,-0.00019725853092253102,0.00010101992754573169,5.400625776817703,0.018516372756144678,0.7762244395081511,41.92097716603595,0.0,0.43385047347326056,0.0,6.781124331048047e-19,0.0,6.718830317702603e-5,true
17.825000000000003,2.0,91.11193796353038,-9.80834759727527e-10,-3.889344306294852e-10,-2.7512896491655297e-11,-1.1386926018499878e-10,0.0,-0.0001882583678282188,9.633410376486058e-5,5.464722333079414,0.018299191414479284,0.7780078110009475,42.51596660087105,0.0,0.43194495313587566,0.0,4.629862136686144e-19,0.0,6.409286672901761e-5,true
17.875000000000004,2.0,93.24546433816714,-8.630969015822887e-10,-3.4094529485775526e-10,-2.4142570677428388e-11,-1.1376946476092675e-10,0.0,-0.00017969534087164483,9.187853125085342e-5,5.529307099719551,0.01808544871835244,0.7797923466539013,43.11711358660386,0.0,0.4299971121241832,0.0,3.1576116200264006e-19,0.0,6.115212751501871e-5,true
17.925,2.0,95.41983622194516,-7.592824022754086e-10,-2.987630937590551e-10,-2.1179425449580986e-11,-1.1366872753281031e-10,0.0,-0.00017154810979019003,8.764187690910247e-5,5.594372477123091,0.01787510581551857,0.7815762300342705,43.72428550077348,0.0,0.42800698334969345,0.0,2.1511286491790536e-19,0.0,5.8358142479161796e-5,true
17.975,2.0,97.63533748222197,-6.677535155310597e-10,-2.6169259408736784e-10,-1.8574506692445467e-11,-1.1356708286859003e-10,0.0,-0.00016379634747521135,8.361334874304052e-5,5.65991048006021,0.01766812396632397,0.7833578007616596,44.33735026167835,0.0,0.42597462342387915,0.0,1.4638161754406407e-19,0.0,5.570337668521612e-5,true
18.025000000000002,2.0,99.89223030424506,-5.870674617892839e-10,-2.2912229636412412e-10,-1.6284811701288802e-11,-1.1346456676856115e-10,0.0,-0.00015642069491016944,7.978267170018929e-5,5.725912736495867,0.017464464549489064,0.7851355385773204,44.95617580215422,0.0,0.42390011330019106,0.0,9.94986462275626e-20,0.0,5.318068279884419e-5,true
18.075000000000003,2.0,102.19075418562869,-5.159523175634834e-10,-2.0051402314642474e-10,-1.4272539905725504e-11,-1.1336121686755671e-10,0.0,-0.00014940271787897158,7.61400644688613e-5,5.792370486926222,0.017264089067801667,0.7869080488798216,45.58062958256175,0.0,0.4217835588982952,0.0,6.755516780364139e-20,0.0,5.078328155585674e-5,true
18.125000000000004,2.0,104.53112493686959,-4.53286093905749e-10,-1.7539388554072322e-10,-1.2504443970344118e-11,-1.1325707243352833e-10,0.0,-0.00014272486539116451,7.267621719685804e-5,5.859274584259127,0.01706695915372337,0.7886740496187008,46.21057814195575,0.0,0.4196250917082487,0.0,4.5815579225317626e-20,0.0,4.8504743172539935e-5,true
18.175,2.0,106.91353369052077,-3.98078544654274e-10,-1.533444295925919e-10,-1.0951266703362579e-11,-1.1315217436235297e-10,0.0,-0.00013637042977112805,6.938227010378037e-5,5.926615494255118,0.01687303657491086,0.7904323594407584,46.84588668622229,0.0,0.4174248693722847,0.0,3.1037401010561595e-20,0.0,4.633896965584862e-5,true
18.225,2.0,109.33814592200903,-3.4945531674241875e-10,-1.339977951277009e-10,-9.587251488371436e-12,-1.1304656516862633e-10,0.0,-0.0001303235083590148,6.62497929588865e-5,5.994383296544042,0.01668228323965424,0.7921818869879979,47.48641871185594,0.0,0.4151830762418444,0.0,2.1002993849872035e-20,0.0,4.428017797293501e-5,true
18.275000000000002,2.0,111.80510048495323,-3.0664411469296557e-10,-1.1702974546731554e-10,-8.38971586043304e-12,-1.1294028897237858e-10,0.0,-0.00012456896677185146,6.327076539678756e-5,6.062567686231446,0.0164946612022341,0.793921621251529,48.13203566400001,0.0,0.41289992390746005,0.0,1.4197389384391595e-20,0.0,4.2322884041097324e-5,true
18.325000000000003,2.0,114.31450866389423,-2.689626014667666e-10,-1.0215444804749954e-10,-7.338679439855463e-12,-1.1283339148146222e-10,0.0,-0.00011909240367394639,6.0437558043662974e-5,6.131157976107448,0.01631013266819917,0.7956506228916412,48.78259662736945,0.0,0.410575651699085,0.0,9.586860569858288e-21,0.0,4.046188750080302e-5,true
18.375000000000004,2.0,116.86645324773916,-2.3580779972705677e-10,-8.911990404960786e-11,-6.416538768155009e-12,-1.1272591996949737e-10,0.0,-0.00011388011700654101,5.774291442710068e-5,6.200143099469488,0.01612865999956621,0.7973680164403861,49.43795804870533,0.0,0.408210527154451,0.0,6.466890027940663e-21,0.0,3.8692257235956726e-5,true
18.425,2.0,119.46098762673584,-2.0664679269255817e-10,-7.770394029684529e-11,-5.607782705409135e-12,-1.12617923249218e-10,0.0,-0.00010891907162748605,5.517993364311953e-5,6.269511613568862,0.015950205719943777,0.7990729833091469,50.09797348945814,0.0,0.4058048464530458,0.0,4.357901352118743e-21,0.0,3.7009317607050093e-5,true
18.475,2.0,122.09813491620221,-1.8100855322672572e-10,-6.771068938327986e-11,-4.8987429831639805e-12,-1.1250945164110568e-10,0.0,-0.00010419686831261115,5.2742053754404056e-5,6.339251703689426,0.015774732519581183,0.8007647555296284,50.76249340745643,0.0,0.40335893481330887,0.0,2.9338299970929146e-21,0.0,3.540863536424842e-5,true
18.525000000000002,2.0,124.77788711033791,-1.584767545951652e-10,-5.896749468868705e-11,-4.277375292738359e-12,-1.1240055693718385e-10,0.0,-9.97017140713887e-5,5.0423035894283376e-5,6.409351187865147,0.015602203260344116,0.8024426101624329,51.43136496638197,0.0,0.40087314685068126,0.0,1.9732488279711083e-21,0.0,3.388600720884011e-5,true
18.575000000000003,2.0,127.50020426890828,-1.386834372040588e-10,-5.132218593525345e-11,-3.733066950325356e-12,-1.1229129235986338e-10,0.0,-9.542239373045644e-5,4.8216949051501605e-5,6.4797975222416,0.01543258098061779,0.8041058643127824,52.10443187193908,0.0,0.398347866894179,0.0,1.3259669442330894e-21,0.0,3.243744797279519e-5,true
18.625000000000004,2.0,130.2650137402719,-1.2130342326017966e-10,-4.464067854219679e-11,-3.2564677385377712e-12,-1.1218171251578782e-10,0.0,-9.134824273956011e-5,4.6118155511361615e-5,6.550577807084609,0.01526582890013879,0.8057538706980552,52.78153423367201,0.0,0.3957835092592152,0.0,8.902311769746686e-22,0.0,3.105917938745962e-5,true
18.675,2.0,133.07220942378245,-1.0604938620713107e-10,-3.880485646502733e-11,-2.839340996181148e-12,-1.1207187334459457e-10,0.0,-8.746912115549883e-5,4.412129692936912e-5,6.621678793437442,0.015101910424756206,0.807386013716546,53.46250845144844,0.0,0.3931805184744571,0.0,5.971839647910373e-22,0.0,2.974761941364105e-5,true
18.725,2.0,135.92165107464677,-9.266749443994073e-11,-3.371070366071678e-11,-2.474432428306997e-12,-1.1196183206252072e-10,0.0,-8.37753887606973e-5,4.222128101406682e-5,6.693086890426189,0.014940789151122529,0.8090017059712823,54.147187125688106,0.0,0.3905393694605976,0.0,4.0028125805302997e-22,0.0,2.8499372106530474e-5,true
18.775000000000002,2.0,138.81316365419855,-8.093355955199902e-11,-2.926665395858936e-11,-2.155354448791025e-12,-1.1185164710091741e-10,0.0,-8.02578812740891e-5,4.041326879631334e-5,6.764788173210823,0.014782428871314717,0.8106003852068212,54.835398990472406,0.0,0.3878605676589947,0.0,2.680965248595784e-22,0.0,2.7311217990050347e-5,true
18.825000000000003,2.0,141.74653672881809,-7.064962853236166e-11,-2.5392133072083762e-11,-1.876484157567882e-12,-1.1174137803955308e-10,0.0,-7.69078876130676e-5,3.8692662462838e-5,6.836768391577713,0.014626793577385342,0.8121815116207143,55.52696886872306,0.0,0.3851446491082559,0.0,1.7943343165649406e-22,0.0,2.6180104916320918e-5,true
18.875000000000004,2.0,144.72152392012097,-6.164096716319335e-11,-2.2016269868770633e-11,-1.6328733023374631e-12,-1.1163108553484254e-10,0.0,-7.37171281663419e-5,3.7055093732483957e-5,6.909012979167179,0.014473847465843686,0.8137445655147891,56.22171764868434,0.0,0.3823921804669582,0.0,1.200105898119284e-22,0.0,2.5103139387000135e-5,true
18.925,2.0,147.73784240950135,-5.375338857889209e-11,-1.907675691654027e-11,-1.4201687867614938e-12,-1.1152083124300796e-10,0.0,-7.067773403862341e-5,3.54964127541333e-5,6.9815070633278316,0.01432355494206628,0.8152890452545488,56.91946228098437,0.0,0.37960375898082716,0.0,8.021541917917502e-23,0.0,2.407757831427428e-5,true
18.975,2.0,150.795172499371,-4.6850886716657585e-11,-1.6518842818594276e-11,-1.2345424694776751e-12,-1.1141067773819971e-10,0.0,-6.778222722915857e-5,3.401267750589578e-5,7.054235475587376,0.014175880624636141,0.8168144655078781,57.62001579558615,0.0,0.37678001239285386,0.0,5.3584167473237e-23,0.0,2.3100821200260315e-5,true
19.025000000000002,2.0,153.89315723420663,-4.08135393597465e-11,-1.4294441001868093e-11,-1.072629155315634e-12,-1.1130068842578811e-10,0.0,-6.502350170721325e-5,3.260014367572677e-5,7.127182762727542,0.01403078934960978,0.8183203557368552,58.323187337967845,0.0,0.37392159879498027,0.0,3.577452519695986e-23,0.0,2.217040271452742e-5,true
19.075000000000003,2.0,157.0314020832688,-3.553564977165373e-11,-1.2361341485279035e-11,-9.314718157709721e-13,-1.1119092745087232e-10,0.0,-6.239480534870195e-5,3.1255255004223085e-5,7.2003331984489,0.013888246174710647,0.8198062589188376,59.02878222389501,0.0,0.37102920642016085,0.0,2.3871985918799745e-23,0.0,2.1283985650354076e-5,true
19.125000000000004,2.0,160.20947468768108,-3.092409964392759e-11,-1.0682513769488696e-11,-8.084731933054495e-13,-1.1108145960218853e-10,0.0,-5.9889722699235765e-5,2.997463407092838e-5,7.273670795609299,0.013748216383447585,0.8212717304751277,59.73660201216448,0.0,0.36810355337379363,0.0,1.592205331655393e-23,0.0,2.0439354241211565e-5,true
19.175000000000004,2.0,163.4269046739247,-2.689688931742988e-11,-9.225490395214076e-12,-7.013530460869296e-13,-1.1097235021163945e-10,0.0,-5.750215852993889e-5,2.8755073506054984e-5,7.347179319017836,0.013610665489156444,0.8227163373874481,60.44644459471159,0.0,0.3651453873037067,0.0,1.0615098604830044e-23,0.0,1.963440781980378e-5,true
19.225,2.0,166.68318353548173,-2.338184405785158e-11,-7.961821943069975e-12,-6.08110378617793e-13,-1.1086366504963184e-10,0.0,-5.522632215344604e-5,2.7593527610101924e-5,7.420842298764302,0.013475559238962905,0.824139657484192,61.158104303478154,0.0,0.36215548500809625,0.0,7.074275607552642e-24,0.0,1.8867154802799625e-5,true
19.275000000000002,2.0,169.9777645846838,-2.0315467630941898e-11,-6.8665953200865354e-12,-5.269900812177325e-13,-1.1075547021647889e-10,0.0,-5.305671246854748e-5,2.648710436441509e-5,7.4946430440623555,0.013342863617664243,0.8255412788799569,61.8713720334401,0.0,0.359134651981023,0.0,4.7129342635483955e-24,0.0,1.8135706985167652e-5,true
19.325000000000003,2.0,173.3100629761307,-1.7641926581427586e-11,-5.918008117945976e-12,-4.564534691184657e-13,-1.106478320301401e-10,0.0,-5.0988103702987434e-5,2.5433057816292185e-5,7.568564657582866,0.013212544851527567,0.8269207995532671,62.586035381190236,0.0,0.3560837218952972,0.0,3.1388504891289073e-24,0.0,1.7438274128764886e-5,true
19.375000000000004,2.0,176.67945580308768,-1.531215051430227e-11,-5.096992653759993e-12,-3.951522713368517e-13,-1.1054081691062838e-10,0.0,-4.901553182494619e-5,2.442878082278919e-5,7.642590050252228,0.013084569412001852,0.8282778270486246,63.30187879846354,0.0,0.3530035560228198,0.0,2.0899599407248633e-24,0.0,1.6773158830543265e-5,true
19.425000000000004,2.0,180.08528226794144,-1.3283035343807434e-11,-4.386884031195924e-12,-3.4190567165528745e-13,-1.1043449126138998e-10,0.0,-4.7134281594745324e-5,2.3471798137923475e-5,7.716701956488911,0.012958904019340911,0.8296119782901293,64.01868375998076,0.0,0.34989504259267,0.0,1.391270134773488e-24,0.0,1.6138751656419975e-5,true
19.475,2.0,183.52684392760784,-1.1516737944304487e-11,-3.7731272009569495e-12,-2.956800499179668e-13,-1.103289213480241e-10,0.0,-4.5339874229306454e-5,2.2559759828505374e-5,7.790882949849953,0.0128355156461343,0.8309228794949136,64.73622894497149,0.0,0.34675909608748723,0.0,9.259958334493164e-25,0.0,1.5533526527511436e-5,true
19.525000000000002,2.0,187.00340501465357,-9.980051934106896e-12,-3.2430185660891512e-12,-2.55571112269068e-13,-1.1022417317474597e-10,0.0,-4.362805565286646e-5,2.1690435004350084e-5,7.865115459057818,0.012714371520742972,0.8322101661754873,65.454290431719,0.0,0.3435966564789187,0.0,6.162378488054975e-25,0.0,1.4956036346057373e-5,true
19.575000000000003,2.0,190.5141928343893,-8.643855470167342e-12,-2.7854781787701355e-12,-2.2078813461475042e-13,-1.1012031235896559e-10,0.0,-4.1994785308405894e-5,2.0861705849136026e-5,7.939381784376703,0.012595439130636378,0.8334734832208974,66.17264190444995,0.0,0.3404086884031643,0.0,4.100595658780408e-25,0.0,1.4404908848960816e-5,true
19.625000000000004,2.0,194.05839823809694,-7.482622947094483e-12,-2.3908490192211776e-12,-1.9064007508521205e-13,-1.1001740400445053e-10,0.0,-4.043622550518032e-5,2.0071561938677656e-5,8.013664114306241,0.012478686225627663,0.8347124850472851,66.89105487186814,0.0,0.33719618027789117,0.0,2.728487762505199e-25,0.0,1.3878842677444778e-5,true
19.675000000000004,2.0,197.63517617248195,-6.473993394446355e-12,-2.0507202411355627e-12,-1.6452333912189108e-13,-1.0991551257348411e-10,0.0,-3.894873127865641e-5,1.9318094833870537e-5,8.087944542559512,0.0123640808210035,0.8359268358090546,67.60929889660885,0.0,0.3339601433620278,0.0,1.8154761673569467e-25,0.0,1.3376603651875318e-5,true
19.725,2.0,201.24364630470023,-5.598389165521139e-12,-1.7577716175363861e-12,-1.4191100546314775e-13,-1.09814701758533e-10,0.0,-3.752884074004609e-5,1.8599492936046937e-5,8.162205085291347,0.012251591200545107,0.8371162096624284,68.3271418348649,0.0,0.33070161076019416,0.0,1.2080066182131395e-25,0.0,1.2897021241326573e-5,true
19.775000000000002,2.0,204.8828937227206,-4.838679220964763e-12,-1.5056367314693143e-12,-1.223433431343815e-13,-1.0971503435385225e-10,0.0,-3.6173265893500435e-5,1.7914036592946943e-5,8.236427698542101,0.01214118591943697,0.8382802910736615,69.0443500854104,0.0,0.32742163637375554,0.0,8.038495540200468e-26,0.0,1.2438985217966056e-5,true
19.825000000000003,2.0,208.55196970971457,-4.179881941872672e-12,-1.2887827319229153e-12,-1.054194688996895e-13,-1.096165721275565e-10,0.0,-3.4878883899872336e-5,1.726009344396585e-5,8.310594295861462,0.012032833807059785,0.8394187751646365,69.76068884722243,0.0,0.32412129380071897,0.0,5.34962270475056e-26,0.0,1.2001442486818832e-5,true
19.875000000000004,2.0,212.24989259167484,-3.608902968760574e-12,-1.1024047207954447e-12,-9.079001179271912e-14,-1.0951937569466087e-10,0.0,-3.36427287667808e-5,1.6636113993782463e-5,8.384686766076246,0.011926503969664293,0.8405313680889898,70.47592238487714,0.0,0.32080167518691133,0.0,3.5606591408341827e-26,0.0,1.1583394081928737e-5,true
19.925000000000004,2.0,215.97564865712076,-3.1143040627475492e-12,-9.423330550450964e-13,-7.81506665683201e-14,-1.0942350439157076e-10,0.0,-3.246198344551181e-5,1.6040627403903986e-5,8.458686991165777,0.011822165792922666,0.8416177874322848,71.18981430087192,0.0,0.3174638900310897,0.0,2.3703485276647105e-26,0.0,1.1183892320373363e-5,true
19.975,2.0,219.72819314619588,-2.6860994304808633e-12,-8.049520424008254e-13,-6.723653142630458e-14,-1.0932901615257189e-10,0.0,-3.133397231606895e-5,1.547223749208243e-5,8.53257686420815,0.011719788944354307,0.8426777626301073,71.90212781400339,0.0,0.3141090639468356,0.0,1.5782798255571545e-26,0.0,1.080203810600855e-5,true
20.025000000000002,2.0,223.5064513087921,-2.3155763508373116e-12,-6.871286818404576e-13,-5.78171373492463e-14,-1.0923596738879925e-10,0.0,-3.0256154042443528e-5,1.4929618929964557e-5,8.606338307360524,0.011619343375623006,0.8437110353982841,72.61262604291062,0.0,0.31073833738427425,0.0,1.0511409881678646e-26,0.0,1.0436978375218164e-5,true
20.075000000000003,2.0,227.30931952843662,-1.9951372946356343e-12,-5.861502538163927e-13,-4.9692087039492804e-14,-1.0914441287020702e-10,0.0,-2.9226114780906518e-5,1.4411513629731662e-5,8.679953289836604,0.01152079932470264,0.8447173601697461,73.32107229387479,0.0,0.3073528643148368,0.0,7.002579359817112e-27,0.0,1.0087903677326829e-5,true
20.125000000000004,2.0,231.13566651006366,-1.7181610432338278e-12,-4.996697020094774e-13,-4.268723088779699e-14,-1.0905440561104212e-10,0.0,-2.824156172483565e-5,1.391672731086835e-5,8.753403845844469,0.01142412731790883,0.8456965045328472,74.02723035195048,0.0,0.30395381088243945,0.0,4.666485351037795e-27,0.0,9.754045882697725e-6,true
20.175000000000004,2.0,234.98433452897723,-1.4788805921630043e-12,-4.2565787006518785e-13,-3.665131579090471e-14,-1.0896599675929568e-10,0.0,-2.7300316970278512e-5,1.3444126238569552e-5,8.82667209244827,0.01132929817179408,0.8466482496662437,74.73086477449208,0.0,0.3005423540246055,0.0,3.1107925237410545e-27,0.0,9.434676011884664e-6,true
20.225,2.0,238.8541407384927,-1.2722758755892559e-12,-3.6236176495307675e-13,-3.145305007637222e-14,-1.0887923549063618e-10,0.0,-2.640031168711837e-5,1.2992634125653444e-5,8.899740247317549,0.011236282994904348,0.8475723907657261,75.4317411861289,0.0,0.2971196800671789,0.0,2.0745108902067853e-27,0.0,9.129102179539671e-6,true
20.275000000000002,2.0,242.7438785326302,-1.0939795697036188e-12,-3.0826811474964433e-13,-2.697853439466385e-14,-1.0879416890725013e-10,0.0,-2.553958058135251e-5,1.2561229190194413e-5,8.972590646328412,0.0111450531893952,0.848468737458675,76.12962657423785,0.0,0.29368698329639514,0.0,1.3840060424627881e-27,0.0,8.836667647092778e-6,true
20.325000000000003,2.0,246.6523189618629,-9.40194431059778e-13,-2.620715740760522e-13,-2.3129014294213484e-14,-1.0871084194204222e-10,0.0,-2.4716256634614837e-5,1.2148941361424832e-5,9.045205760981359,0.011055580452505981,0.8493371142020821,76.82428958395955,0.0,0.2902454645121617,0.0,9.237442032721784e-28,0.0,8.556748978522082e-6,true
20.375000000000004,2.0,250.57821219684732,-8.07620802030289e-13,-2.226470062847324e-13,-1.9818915387246354e-14,-1.0862929726861672e-10,0.0,-2.392856610767444e-5,1.1754849626777634e-5,9.11756821560126,0.010967836777890833,0.8501773606603762,77.51550081180815,0.0,0.2867963295664809,0.0,6.168373292043238e-28,0.0,8.288754293818958e-6,true
20.425000000000004,2.0,254.52028903862717,-6.933930722719889e-13,-1.890253388177282e-13,-1.697412661620536e-14,-1.08549575217406e-10,0.0,-2.3174823795220582e-5,1.1378079513253329e-5,9.189660804285682,0.010881794456805642,0.8509893320595494,78.20303309692893,0.0,0.2833407878909992,0.0,4.121054036223794e-28,0.0,8.032121615026665e-6,true
20.475,2.0,258.47726246977624,-5.950240244661082e-13,-1.6037254787902084e-13,-1.453050120796357e-14,-1.0847171369832149e-10,0.0,-2.2453428519803043e-5,1.1017800696595743e-5,9.261466507568628,0.010797426079150458,0.8517728995143943,78.8866618090718,0.0,0.2798800510177053,0.0,2.7547242386634985e-28,0.0,7.786317299990923e-6,true
20.525000000000002,2.0,262.44782924384145,-5.103561164920872e-13,-1.3597138149946298e-13,-1.2432548513814549e-14,-1.0839574813024685e-10,0.0,-2.176285885333408e-5,1.0673224732050353e-5,9.332968508767806,0.010714704534367127,0.8525279503259098,79.5661651323608,0.0,0.27641533109681443,0.0,1.8424402548303637e-28,0.0,7.550834559208551e-6,true
20.575000000000003,2.0,266.4306715091223,-4.37518862272005e-13,-1.152054769650728e-13,-1.0632293129331835e-14,-1.08321711377653e-10,0.0,-2.110166905507647e-5,1.0343602900757837e-5,9.404150209984405,0.010633603012192405,0.8532543882462658,80.24132434396235,0.0,0.2729478394158743,0.0,1.233012158953138e-28,0.0,7.325192051396483e-6,true
20.625000000000004,2.0,270.4244584617895,-3.748915712744646e-13,-9.75455700881529e-14,-9.088280515744595e-15,-1.0824963369460003e-10,0.0,-2.046848521553998e-5,1.002822416610394e-5,9.47499524772558,0.010554095003267094,0.8539521337089769,80.91192408677675,0.0,0.26947878492410576,0.0,8.25682502141761e-29,0.0,7.108932553627777e-6,true
20.675000000000004,2.0,274.4278480252714,-3.210707934251641e-13,-8.253753051695484e-14,-7.764710844623073e-15,-1.0817954267633685e-10,0.0,-1.98620015961881e-5,9.72641323460474e-6,9.54548750812099,0.010476154299602117,0.8546211240222428,81.57775263530637,0.0,0.26600937276594944,0.0,5.532782841464727e-29,0.0,6.901621702094618e-6,true
20.725,2.0,278.4394885513336,-2.7484189312823927e-13,-6.979198973198583e-14,-6.630684997062466e-15,-1.0811146321866915e-10,0.0,-1.928097715531724e-5,9.43752871615445e-6,9.615611141706042,0.010399754994902756,0.8552613135237098,82.23860215388729,0.0,0.2625408028277312,0.0,3.709983537131532e-29,0.0,6.702846799761465e-6,true
20.775000000000002,2.0,282.45802053823576,-2.3515424432425953e-13,-5.897535703816534e-14,-5.659548599861841e-15,-1.0804541748524753e-10,0.0,-1.872423225091329e-5,9.160961378701245e-6,9.685350577745588,0.010324871484752855,0.8558726736952088,82.8942689465055,0.0,0.2590742683012798,0.0,2.4894941435231248e-29,0.0,6.512215687365036e-6,true
20.825000000000003,2.0,286.48207836214846,-2.010995989515839e-13,-4.980204415438355e-14,-4.828321703519421e-15,-1.0798142488283988e-10,0.0,-1.8190645511715075e-5,8.89613249264538e-6,9.754690538073534,0.01025147846666073,0.8564551932363074,83.54455369746147,0.0,0.2556109542682384,0.0,1.6717600231005488e-29,0.0,6.329355674400526e-6,true
20.875000000000004,2.0,290.5102920171601,-1.7189323469103003e-13,-4.2027741303121344e-14,-4.117203226132455e-15,-1.0791950204465987e-10,0.0,-1.7679150868122097e-5,8.64249226047336e-6,9.823616050424864,0.010179550939969308,0.8570088780958263,84.18926170218764,0.0,0.25215203630869554,0.0,1.1235007966057688e-29,0.0,6.1539125269090235e-6,true
20.925000000000004,2.0,294.54128885982624,-1.4685753522267245e-13,-3.544360734988127e-14,-3.5091406265871546e-15,-1.0785966282176597e-10,0.0,-1.7188734734975052e-5,8.399518327352622e-6,9.892112461238286,0.010109064205632989,0.8575337514607521,84.8282030875732,0.0,0.24869867913764165,0.0,7.556529475587469e-30,0.0,5.985549509046129e-6,true
20.975,2.0,298.57369535354917,-1.2540769809032992e-13,-2.9871253836270093e-14,-2.989456450305838e-15,-1.0780191828246942e-10,0.0,-1.6718433338612276e-5,8.166714368613032e-6,9.96016544790915,0.010039993865864159,0.8580298537022596,85.46119302119789,0.0,0.24525203527260694,0.0,5.0866735064611235e-30,0.0,5.823946475569627e-6,true
21.025000000000002,2.0,302.60613880849866,-1.0703930226364134e-13,-2.5158417960245652e-14,-2.5455244295752994e-15,-1.0774627671969557e-10,0.0,-1.6267330180964914e-5,7.943608750234888e-6,10.027761030473714,0.009972315823652609,0.8584972422788557,86.0880519089306,0.0,0.24181324373569124,0.0,3.427052789634659e-30,0.0,5.668799012533952e-6,true
21.075000000000003,2.0,306.63724911348993,-9.131750015421291e-14,-2.1175232921740222e-14,-2.166488734382275e-15,-1.0769274366620072e-10,0.0,-1.5834553633797333e-5,7.729753258648495e-6,10.094885582707542,0.009906006282161256,0.8589359915969074,86.70860558040226,0.0,0.2383834287930222,0.0,2.31097991333954e-30,0.0,5.51981762362095e-6,true
21.125000000000004,2.0,310.6656604543153,-7.786762766740113e-14,-1.7811015784947722e-14,-1.843020773192926e-15,-1.0764132191745069e-10,0.0,-1.541927465652908e-5,7.524721896327647e-6,10.161525842622323,0.009841041744001865,0.8593461928290939,87.32268546191942,0.0,0.23496369873450576,0.0,1.5598147667152634e-30,0.0,5.376726959671642e-6,true
21.175000000000004,2.0,314.6900130155112,-6.636705128880598e-14,-1.4971503299945034e-14,-1.5671086490863277e-15,-1.0759201156199593e-10,0.0,-1.5020704631389698e-5,7.328109739829161e-6,10.22766892234704,0.009777399010394644,0.8597279536915695,87.9301287364428,0.0,0.23155514469654065,0.0,1.053815167385797e-30,0.0,5.23926508911178e-6,true
21.225,2.0,318.7089546609958,-5.653809360146607e-14,-1.2576475144974584e-14,-1.3318749965009674e-15,-1.0754481001912463e-10,0.0,-1.4638093309959363e-5,7.139531857092839e-6,10.293302317381025,0.009715055180215816,0.8600813981808598,88.53077849031357,0.0,0.22815883953017635,0.0,7.126619180206533e-31,0.0,5.107182807085626e-6,true
21.275000000000002,2.0,322.72114258959834,-4.814189835099453e-14,-1.0557711946825486e-14,-1.1314194677084494e-15,-1.0749971208350508e-10,0.0,-1.4270726865436818e-5,6.958622280971525e-6,10.358413915208082,0.00965398764893739,0.8604066662717457,89.12448384647045,0.0,0.22477583671698778,0.0,4.82440244987679e-31,0.0,4.9802429812278215e-6,true
21.325000000000003,2.0,326.72524496163203,-4.097311352869124e-14,-8.85724234368726e-15,-9.606826149751755e-16,-1.0745670997654967e-10,0.0,-1.391792604525138e-5,6.785033036109195e-6,10.422992003262541,0.009594174107463445,0.860703913577591,89.71110008396003,0.0,0.22140716933473545,0.0,3.269321321955191e-31,0.0,4.858219932112624e-6,true
21.375000000000004,2.0,330.7199424927971,-3.485528620048498e-14,-7.425839390953292e-15,-8.153283321750871e-16,-1.0741579340417876e-10,0.0,-1.3579044418899358e-5,6.618433216426684e-6,10.487025276239724,0.00953559254086746,0.8609733109747708,90.29048874360224,0.0,0.21805384907465872,0.0,2.2178852139107782e-31,0.0,4.740898846523877e-6,true
21.425000000000004,2.0,334.703930011885,-2.963687621564922e-14,-6.221731880626931e-15,-6.916423854293867e-16,-1.0737694962061743e-10,0.0,-1.3253466716136651e-5,6.458508110610028e-6,10.550502842744935,0.009478221227035176,0.8612150441930289,90.86251771973255,0.0,0.21471686531204096,0.0,1.5062644722242916e-31,0.0,4.6280752217875175e-6,true
21.475,2.0,338.6759179791835,-2.518780769981862e-14,-5.2095007421408445e-15,-5.864448824171971e-16,-1.0734016349788531e-10,0.0,-1.294060725089929e-5,6.304958373125488e-6,10.613414231276826,0.009422038735217604,0.8614293133737511,91.42706133799992,0.0,0.21139718423146278,0.0,1.024135633012773e-31,0.0,4.5195543395018555e-6,true
21.525000000000002,2.0,342.63463396087843,-2.1396487563961543e-14,-4.359134698748077e-15,-4.970148098481194e-16,-1.0730541760057377e-10,0.0,-1.2639908426552954e-5,6.157499238408606e-6,10.675749395542475,0.009367023924498804,0.861616332598282,91.98400041925632,0.0,0.20809574800793842,0.0,6.971419268946561e-32,0.0,4.4151507670896766e-6,true
21.575000000000003,2.0,346.5788240584485,-1.8167229315097507e-14,-3.645222841848642e-15,-4.210250130961183e-16,-1.0727269226550475e-10,0.0,-1.2350839318291018e-5,6.015859775992185e-6,10.737498719103359,0.009313155942183017,0.8617763293885328,92.53322232962967,0.0,0.2048134740449164,0.0,4.751227658337258e-32,0.0,4.314687885679992e-6,true
21.625000000000004,2.0,350.5072542885157,-1.5418028386863466e-14,-3.0462648198497857e-15,-3.564862054766119e-16,-1.0724196568585213e-10,0.0,-1.2072894328709254e-5,5.879782184450175e-6,10.798653019352741,0.009260414222105813,0.861909544182229,93.07462101692371,0.0,0.201551254269905,0.0,3.2420883024006556e-32,0.0,4.217997442907205e-6,true
21.675000000000004,2.0,354.4187119111932,-1.307864215250549e-14,-2.5440819750336202e-15,-3.0169878091131458e-16,-1.0721321399930723e-10,0.0,-1.1805591912783944e-5,5.749021122141335e-6,10.859203550826834,0.009208778482873718,0.8620162297852227,93.60809703354049,0.0,0.1983099544882691,0.0,2.215091412476326e-32,0.0,4.124919129290688e-6,true
21.725,2.0,358.3120067036862,-1.1088933858138744e-14,-2.123315051316391e-15,-2.5521136612517244e-16,-1.071864113798305e-10,0.0,-1.1548473368669834e-5,5.6233430728383115e-6,10.919142007853488,0.009158228726036898,0.8620966508033673,94.13355754616845,0.0,0.19509041379553677,0.0,1.5153736488055763e-32,0.0,4.035300176929578e-6,true
21.775000000000002,2.0,362.18597217843717,-9.397445025151078e-15,-1.7709960816561619e-15,-2.157851900149501e-16,-1.0716153013255114e-10,0.0,-1.1301101690914674e-5,5.5025257444248595e-6,10.978460526543735,0.009108745234199266,0.862151083056482,94.65091633252517,0.0,0.19189344404834663,0.0,1.0380601020666816e-32,0.0,3.948994979315264e-6,true
21.825000000000003,2.0,366.0394667412232,-7.960165510231299e-15,-1.476183784835575e-15,-1.8236347102477201e-16,-1.0713854079138923e-10,0.0,-1.1063060482859173e-5,5.386357498936185e-6,11.037151686133054,0.009060308569070299,0.8621798129769713,95.1600937654866,0.0,0.1887198293939693,0.0,7.120546877540454e-33,0.0,3.865864731128264e-6,true
21.875000000000004,2.0,369.8713747891776,-6.739474461669596e-15,-1.2296532913588565e-15,-1.540451305524479e-16,-1.0711741221891355e-10,0.0,-1.0833952925154903e-5,5.274636812305461e-6,11.09520850968056,0.00901289956946281,0.8621831369956569,95.6610167849729,0.0,0.18557032585813943,0.0,4.891089643285707e-33,0.0,3.7857770869471894e-6,true
21.925000000000004,2.0,373.68060774765,-5.7032289436748955e-15,-1.0236323070519041e-15,-1.3006223360718117e-16,-1.0709811170804661e-10,0.0,-1.0613400797488512e-5,5.1671717622631775e-6,11.15262446413588,0.008966499349240676,0.862161360917379,96.15361885799845,0.0,0.18244566099075435,0.0,3.364438447260509e-33,0.0,3.7086058378549957e-6,true
21.975,2.0,377.46610504142984,-4.823980080311572e-15,-8.515769367643432e-16,-1.0976063891493907e-16,-1.0708060508512772e-10,0.0,-1.040104355074911e-5,5.063779542915685e-6,11.209393459784723,0.008921089295220485,0.8621147992888927,96.63783992732532,0.0,0.17934653356881233,0.0,2.3176477298895103e-33,0.0,3.634230604982434e-6,true
22.025000000000002,2.0,381.2268350024766,-4.078299253528318e-15,-7.079813522244311e-16,-9.25834109768063e-17,-1.070648568139605e-10,0.0,-1.0196537427016726e-5,4.9642860046050014e-6,11.265509849085351,0.008876651065030938,0.8620437747615448,97.11362634918896,0.0,0.176273613355794,0.0,1.598907040734672e-33,0.0,3.562536549080402e-6,true
22.075000000000003,2.0,384.9617957115755,-3.4461992251682577e-15,-5.88216317611801e-16,-7.805660759158001e-17,-1.0705083010038532e-10,0.0,-9.999554624884087e-6,4.86852521772402e-6,11.32096842490963,0.008833166584933591,0.8619486174511606,97.58093082059098,0.0,0.17322754091652207,0.0,1.10472174458321e-33,0.0,3.493414095261734e-6,true
22.125000000000004,2.0,388.6700157721313,-2.9106370843942282e-15,-4.883923012883687e-16,-6.577710925184695e-17,-1.0703848699699819e-10,0.0,-9.809782507751775e-6,4.776339059229686e-6,11.37576441820308,0.008790618047608624,0.8618296642975128,98.0397122966755,0.0,0.1702089274863642,0.0,7.644503627880901e-34,0.0,3.4267586720996627e-6,true
22.175000000000004,2.0,392.3505550191021,-2.4570876879513388e-15,-4.05243517643306e-16,-5.5402202659556667e-17,-1.0702778850760877e-10,0.0,-9.62692285285824e-6,4.6875768206617335e-6,11.429893495079304,0.00874898790990932,0.8616872584256858,98.48993589872465,0.0,0.16721835489345946,0.0,5.298159346642424e-34,0.0,3.3624704643143966e-6,true
22.225,2.0,396.00250515675816,-2.0731777947782468e-15,-3.360297724906918e-16,-4.6640670298723205e-17,-1.0701869469106096e-10,0.0,-9.450691138921912e-6,4.6020948365361954e-6,11.48335175336442,0.008708258890589305,0.8615217485116083,98.93157281332358,0.0,0.16425637553241143,0.0,3.6778373918878087e-34,0.0,3.3004541783214964e-6,true
22.275000000000002,2.0,399.62499033209514,-1.748372428210807e-15,-2.784534405202686e-16,-3.924517235041093e-17,-1.0701116476400506e-10,0.0,-9.28081587038282e-6,4.519756132041228e-6,11.536135718606374,0.008668413968007696,0.8613334881540547,99.36460018325812,0.0,0.16132351238753376,0.0,2.5571962141124774e-34,0.0,3.2406188199568293e-6,true
22.325000000000003,2.0,403.2171676368188,-1.473706154306021e-15,-2.305892940497506e-16,-3.30057369385447e-17,-1.0700515720222085e-10,0.0,-9.117037936336492e-6,4.440430089017476e-6,11.588242339561067,0.00862943637781981,0.8611228352555832,99.78900099071618,0.0,0.15842025910310104,0.0,1.7809495232648894e-34,0.0,3.1828774837337522e-6,true
22.375000000000004,2.0,406.7782275417804,-1.241552966355324e-15,-1.9082523754960074e-16,-2.7744200365482096e-17,-1.070006298399695e-10,0.0,-8.95911000235429e-6,4.3639921292560485e-6,11.639668983159916,0.008591309610666623,0.8608901514153441,100.20476393337026,0.0,0.15554708009684756,0.0,1.2424157683336415e-34,0.0,3.127147153030951e-6,true
22.425000000000004,2.0,410.3073942602337,-1.0454293333348805e-15,-1.5781228974150355e-16,-2.3309461166886963e-17,-1.069975399666662e-10,0.0,-8.80679593348331e-6,4.290323414192858e-6,11.69041342894731,0.00855401740988768,0.8606358013377918,100.6118832939215,0.0,0.152704410710564,0.0,8.682035791700084e-35,0.0,3.0733485106579806e-6,true
22.475,2.0,413.8039260353832,-8.798257212512014e-16,-1.304224011334446e-16,-1.9573430951083456e-17,-1.0699584441976218e-10,0.0,-8.659870246817887e-6,4.219310560116859e-6,11.740473862942313,0.008517543769305639,0.860360152263679,101.01035880368792,0.0,0.14989265738690388,0.0,6.077523681452069e-35,0.0,3.02140575930769e-6,true
22.525000000000002,2.0,417.26711534422975,-7.400625462898788e-16,-1.0771290538872375e-16,-1.6427581493671002e-17,-1.0699549967183589e-10,0.0,-8.518117592138206e-6,4.150845368037673e-6,11.789848870811971,0.00848187293117634,0.8600635734343959,101.4001955008202,0.0,0.1471121978523257,0.0,4.2618004404260355e-35,0.0,2.9712464514926353e-6,true
22.575000000000003,2.0,420.6962890002886,-6.221670806477092e-16,-8.889658290490354e-17,-1.3780001786217257e-17,-1.0699646190830034e-10,0.0,-8.3813322592272e-6,4.084824567368694e-6,11.83853743011407,0.008446989384484842,0.8597464356097412,101.78140358373076,0.0,0.14436338126868895,0.0,2.9938600519590243e-35,0.0,2.9228013286992252e-6,true
22.625000000000004,2.0,424.0908081174123,-5.227683175194016e-16,-7.331646870229022e-17,-1.1552890994903901e-17,-1.0699868708906425e-10,0.0,-8.249317710616847e-6,4.021149572564367e-6,11.886538901127604,0.008412877863926698,0.8594091106759436,102.15399826033082,0.0,0.1416465282840229,0.0,2.106939500672982e-35,0.0,2.8760041697155292e-6,true
22.675000000000004,2.0,427.4500678698511,-4.390072210330613e-16,-6.042466790663195e-17,-9.68042383755372e-18,-1.0700213098208097e-10,0.0,-8.121886138699737e-6,3.959726251787449e-6,11.933853015360159,0.008379523350194543,0.859051971410547,102.51799959368844,0.0,0.13896193085607755,0.0,1.4854729699396006e-35,0.0,2.8307916484535843e-6,true
22.725,2.0,430.7734969268208,-3.684601487982857e-16,-4.97645539660332e-17,-8.10693396695898e-18,-1.070067491473125e-10,0.0,-7.998858046400445e-6,3.900464706548822e-6,11.980479860081482,0.008346911072668826,0.8586753915219217,102.87343234475966,0.0,0.13630985162463563,0.0,1.0492505664728557e-35,0.0,2.787103202180213e-6,true
22.775000000000002,2.0,434.06055634611425,-3.0907354682341975e-16,-4.0955820035279744e-17,-6.7853687557282044e-18,-1.0701249683418151e-10,0.0,-7.880061850976432e-6,3.843279061023826e-6,12.026419856006667,0.008315026516395435,0.8582797461654024,103.22032581291957,0.0,0.13369052244760432,0.0,7.425144136141221e-36,0.0,2.744880912007985e-6,true
22.825000000000003,2.0,437.31073757279086,-2.5910828555474725e-16,-3.3681935076835036e-17,-5.675975587179567e-18,-1.0701932873100803e-10,0.0,-7.765333511064041e-6,3.7880872593625223e-6,12.071673723308852,0.008283855436459722,0.8578654132706321,103.55871367514578,0.0,0.1311041414619652,0.0,5.264427851625484e-36,0.0,2.7040693989233377e-6,true
22.875000000000004,2.0,440.5235589593777,-2.1709223749950532e-16,-2.7679625220001668e-17,-4.7451855191148695e-18,-1.0702719846792815e-10,0.0,-7.65451617786385e-6,3.7348108687324923e-6,12.116242428211951,0.008253383884689856,0.8574327762129943,103.88863382491444,0.0,0.12855086764960183,0.0,3.739622001520823e-36,0.0,2.664615740690431e-6,true
22.925000000000004,2.0,443.69855991418353,-1.8177989636477903e-16,-2.2730059554019293e-17,-3.9646651333648635e-18,-1.0703605772217719e-10,0.0,-7.5474598724267e-6,3.683374885030306e-6,12.160127098247928,0.008223598256173519,0.8569822286413006,104.2101282121798,0.0,0.12603081134879218,0.0,2.661612419985577e-36,0.0,2.6264694177717407e-6,true
22.975,2.0,446.8352913586534,-1.521180092591574e-16,-1.8651469324040774e-17,-3.310511626967517e-18,-1.0704585470480483e-10,0.0,-7.444021192380348e-6,3.6337075371814647e-6,12.20332888875251,0.00819448536637961,0.8565141826390665,104.52324268625564,0.0,0.12354401844237978,0.0,1.8980793702791162e-36,0.0,2.589582299917329e-6,true
23.025000000000002,2.0,449.93330065815223,-1.2721634106702339e-16,-1.529297175183446e-17,-2.7625698385889984e-18,-1.0705653172362212e-10,0.0,-7.344063053072621e-6,3.5857400848095576e-6,12.245848776550647,0.008166032573543468,0.8560290818284185,104.82802684400312,0.0,0.12109044510541431,0.0,1.3562852839911471e-36,0.0,2.553908688988135e-6,true
23.075000000000003,2.0,452.99210864830735,-1.0632281691409061e-16,-1.2529405529024002e-17,-2.3038530208903706e-18,-1.0706802142852326e-10,0.0,-7.247454469809522e-6,3.539406603020004e-6,12.287687249909498,0.008138227964805707,0.8555274214617601,105.12453388643618,0.0,0.11866991912088631,0.0,9.711231854724991e-37,0.0,2.5194054371375112e-6,true
23.125000000000004,2.0,456.011175935295,-8.880239755363719e-17,-1.025701538013744e-17,-1.9200518389975605e-18,-1.070802412743969e-10,0.0,-7.154070389243624e-6,3.494643747525099e-6,12.328843858529845,0.008111060627214766,0.8550097778605582,105.4128204875911,0.0,0.11628208310567961,0.0,6.968051320176328e-37,0.0,2.4860321612988456e-6,true
23.175000000000004,2.0,458.9898555380779,-7.411913598753555e-17,-8.38984877498897e-18,-1.5991183600331294e-18,-1.0709308572001274e-10,0.0,-7.06379157837619e-6,3.451390493961232e-6,12.36931658664378,0.008084521024223653,0.854476849547373,105.69294668009444,0.0,0.11392631491626345,0.0,5.010730037626686e-37,0.0,2.453751572923492e-6,true
23.225,2.0,461.9273294929266,-6.182094383131111e-17,-6.85674957287716e-18,-1.330913753096041e-18,-1.0710641577066604e-10,0.0,-6.97650457819057e-6,3.409587847818876e-6,12.409101020453608,0.008058601492176791,0.8539295117942014,105.96497576200878,0.0,0.1116016215620666,0.0,3.611597926729577e-37,0.0,2.4225299334064476e-6,true
23.275000000000002,2.0,464.82252864191287,-5.1526664683304183e-17,-5.59885168996536e-18,-1.1069100898668997e-18,-1.0712004572867615e-10,0.0,-6.892101724621169e-6,3.3691785267546353e-6,12.448189303175338,0.008033296856635333,0.8533688847560761,106.22897422883253,0.0,0.10930650576508738,0.0,2.6096760334272903e-37,0.0,2.3923376278545476e-6,true
23.325000000000003,2.0,467.67403783910214,-4.291511065705797e-17,-4.5674912965111024e-18,-9.199380633881665e-19,-1.0713372749424015e-10,0.0,-6.810481231503558e-6,3.330106625761133e-6,12.486568911283827,0.00800860514289336,0.8527964126019961,106.48501173250459,0.0,0.10703880940964074,0.0,1.890926813803504e-37,0.0,2.3631498208859543e-6,true
23.375000000000004,2.0,470.4799934117743,-3.5715768657653454e-17,-3.722469005242617e-18,-7.63973661126277e-19,-1.0714713348349628e-10,0.0,-6.731547318029663e-6,3.292317287638176e-6,12.524221345949416,0.00798452831818898,0.8522139470172321,106.73316106549021,0.0,0.10479554572108418,0.0,1.3744105457959866e-37,0.0,2.334947118366648e-6,true
23.425000000000004,2.0,473.23798564320185,-2.9700926114053875e-17,-3.030604386616163e-18,-6.339578679627293e-19,-1.0715984016027532e-10,0.0,-6.65521034781496e-6,3.255756415191463e-6,12.561120910389688,0.007961072957850994,0.8516238234265893,106.97349816229745,0.0,0.1025727416010866,0.0,1.0025665654640666e-37,0.0,2.307716112616764e-6,true
23.475,2.0,475.94498546441065,-2.467900274824767e-17,-2.4645342804151655e-18,-5.256443609850408e-19,-1.071713151766311e-10,0.0,-6.58138693029558e-6,3.220370474830633e-6,12.597233825088361,0.007938250681736357,0.8510289131081812,107.20610210334566,0.0,0.10036532162341799,0.0,7.343797904762822e-38,0.0,2.2814496449330152e-6,true
23.525000000000002,2.0,478.5973198281657,-2.0488906460048863e-17,-2.0017140705600523e-18,-4.354709130722394e-19,-1.0718091193752387e-10,0.0,-6.5099999218542255e-6,3.186106449497622e-6,12.632517997358827,0.007916078173876953,0.8504326304570244,107.4310550978957,0.0,0.0981670731096399,0.0,5.405684523189778e-38,0.0,2.256146592547142e-6,true
23.575000000000003,2.0,481.19072217159663,-1.69952583098218e-17,-1.623587619728495e-18,-3.6045086553174545e-19,-1.0718787570962061e-10,0.0,-6.440978259165707e-6,3.152911997009599e-6,12.666923780844838,0.007894576594138973,0.8498388738884308,107.64844241543761,0.0,0.09597073391796042,0.0,4.001895932080475e-38,0.0,2.2318109945133886e-6,true
23.625000000000004,2.0,483.72048057402145,-1.408435456520445e-17,-1.3148971490099757e-18,-2.9808157809956505e-19,-1.0719136482708023e-10,0.0,-6.3742565661994164e-6,3.1207358533264206e-6,12.700396004232093,0.007873770232572077,0.8492518831293467,107.85835223082536,0.0,0.0937682374420468,0.0,2.982401837636071e-38,0.0,2.2084503878583347e-6,true
23.675000000000004,2.0,486.18169492858715,-1.1660753426662028e-17,-1.0631091710153312e-18,-2.4626723181968374e-19,-1.0719048885596478e-10,0.0,-6.309774502755552e-6,3.0895284867866548e-6,12.732877395957518,0.007853684355097017,0.8486760061348246,108.06087535005611,0.0,0.09155113037837834,0.0,2.2395815185363813e-38,0.0,2.186073338604292e-6,true
23.725,2.0,488.5696356087383,-9.644390861093197e-18,-8.579367611309947e-19,-2.032537589271485e-19,-1.0718436276336519e-10,0.0,-6.247475865989815e-6,3.059242961322113e-6,12.76431328450488,0.00783434233954396,0.8481153852927753,108.25610479285545,0.0,0.0893111483814993,0.0,1.6961602931463697e-38,0.0,2.164686313732099e-6,true
23.775000000000002,2.0,490.88017219585737,-7.968144374237167e-18,-6.909420438481833e-19,-1.6757401417954083e-19,-1.0717217257309067e-10,0.0,-6.187307511085869e-6,3.029835912121311e-6,12.794657146210842,0.007815762380910314,0.847573592526995,108.44413522565112,0.0,0.08704089707868118,0.0,1.2966189655695364e-38,0.0,2.144290222150826e-6,true
23.825000000000003,2.0,493.1102170912201,-6.575775888807716e-18,-5.552057994374527e-19,-1.3800159262975268e-19,-1.0715324445489651e-10,0.0,-6.1292182112344534e-6,3.0012684895068733e-6,12.823876273505661,0.007797954211910298,0.8470532617880131,108.62506226238881,0.0,0.08473454952995062,0.0,1.0010578225148673e-38,0.0,2.124877110035196e-6,true
23.875000000000004,2.0,495.25811247213863,-5.420195447663171e-18,-4.450535615543739e-19,-1.135119465479198e-19,-1.0712710674070281e-10,0.0,-6.073157614815173e-6,2.973507101759373e-6,12.851956638363683,0.007780916386030699,0.8465557793125954,108.79898167681651,0.0,0.08238844726117599,0.0,7.808013650199043e-39,0.0,2.10642757525473e-6,true
23.925000000000004,2.0,497.3238871339015,-4.4619964575672836e-18,-3.558294891341909e-19,-9.324966473494844e-20,-1.0709353401590575e-10,0.0,-6.019075464272527e-6,2.946523798704354e-6,12.87890601682634,0.007764634656806223,0.8460810914369514,108.96598859230352,0.0,0.08000149107343721,0.0,6.152426579976408e-39,0.0,2.088909422653847e-6,true
23.975,2.0,499.3093264295434,-3.6682208183904654e-18,-2.8371070142222826e-19,-7.65009555451609e-20,-1.0705256479709719e-10,0.0,-5.966921208135928e-6,2.920296190426842e-6,12.904754669656741,0.007749081835327905,0.8456276738373035,109.1261767274291,0.0,0.07757523572895503,0.0,4.895741236969355e-39,0.0,2.072277900451023e-6,true
24.025000000000002,2.0,501.2178324361338,-3.0113187117885997e-18,-2.255557550776344e-19,-6.267052469903433e-20,-1.0700448920002785e-10,0.0,-5.9166440677977535e-6,2.8948068825114897e-6,12.929553319971856,0.00773421923598345,0.8451926765596413,109.27963777227608,0.0,0.07511365665684248,0.0,3.931543503319681e-39,0.0,2.0564775641849925e-6,true
24.075000000000003,2.0,503.0540950358404,-2.4682732100991078e-18,-1.7878164794647608e-19,-5.12621642803553e-20,-1.0694980934487775e-10,0.0,-5.86819352998011e-6,2.8700425112056937e-6,12.953368729819337,0.007719999490927386,0.8447722228216018,109.42646094917309,0.0,0.07262262480418616,0.0,3.1833212930347227e-39,0.0,2.0414454776840974e-6,true
24.125000000000004,2.0,504.8236355491411,-2.019864365706359e-18,-1.412642995622426e-19,-4.186247390064992e-20,-1.0688918130760067e-10,0.0,-5.821520150245731e-6,2.8459925521269563e-6,12.976277696373481,0.007706370219554356,0.8443618064944702,109.56673277283815,0.0,0.07010918875543111,0.0,2.5959943799004233e-39,0.0,2.0271151754941e-6,true
24.175000000000004,2.0,506.53231013619114,-1.650051205987541e-18,-1.1125800636491507e-19,-3.412722246096258e-20,-1.068233514087361e-10,0.0,-5.776576500875367e-6,2.822648130809136e-6,12.998360603159611,0.007693277871956577,0.8439567136042596,109.70053696885668,0.0,0.06758080194986055,0.0,2.129812236957207e-39,0.0,2.013420667014929e-6,true
24.225,2.0,508.1858620462154,-1.3454532329549497e-18,-8.732997150796215e-20,-2.776993256872961e-20,-1.0675310039465463e-10,0.0,-5.733318099885279e-6,2.800001073445894e-6,13.019695669284534,0.00768067108019394,0.8435523933954719,109.82795443105628,0.0,0.06504463507131394,0.0,1.755959975996161e-39,0.0,2.000299807682837e-6,true
24.275000000000002,2.0,509.789589368808,-1.094915737540855e-18,-6.830667362048757e-20,-2.2552332390130893e-20,-1.0667920666415762e-10,0.0,-5.691704226465013e-6,2.7780434156776e-6,13.040354738006394,0.007668503043751399,0.8431447241161897,109.94906297953646,0.0,0.06250707966114137,0.0,1.4534015378777656e-39,0.0,1.987696583821829e-6,true
24.325000000000003,2.0,511.3481557895906,-8.891455935739866e-19,-5.3229523076113604e-20,-1.8276373968632817e-20,-1.0660243544541564e-10,0.0,-5.651698659509636e-6,2.7567675736916554e-6,13.060400935365482,0.0076567327829282755,0.8427301507050812,110.06393648529335,0.0,0.05997349144437066,0.0,1.2066236944017101e-39,0.0,1.9755621847502016e-6,true
24.375000000000004,2.0,512.8655283628638,-7.204062846675406e-19,-4.1317891671880813e-20,-1.4777564813693138e-20,-1.0652355685621704e-10,0.0,-5.61327056270416e-6,2.736167425897063e-6,13.07988797113528,0.007645325420269668,0.8423057051175787,110.17264260386038,0.0,0.05744816075044199,0.0,1.0040376000268862e-39,0.0,1.9638550682435385e-6,true
24.425000000000004,2.0,514.3449911891931,-5.82262813083412e-19,-3.193813336740389e-20,-1.1919402519619486e-20,-1.0644339416687718e-10,0.0,-5.576395974888856e-6,2.7162406967771957e-6,13.098860409759444,0.007634251902210818,0.8418689444874121,110.27523787152133,0.0,0.05493445176131068,0.0,8.368582211080177e-40,0.0,1.952540470347875e-6,true
24.475,2.0,515.7891666172654,-4.693689012895757e-19,-2.4577609766893933e-20,-9.58874159937846e-21,-1.0636290543679856e-10,0.0,-5.541060637707326e-6,2.696993277033255e-6,13.117354027456171,0.007623488684584421,0.841417850511783,110.3717583018425,0.0,0.05243503297511329,0.0,6.983260791089139e-40,0.0,1.9415899054742642e-6,true
24.525000000000002,2.0,517.1999824455205,-3.7729054375317876e-19,-1.8822996490037828e-20,-7.691958078556141e-21,-1.0628330635367866e-10,0.0,-5.507265169066736e-6,2.678446373496698e-6,13.135395469689703,0.007613017836482566,0.840950722373962,110.46220308903223,0.0,0.04995212809769004,0.0,5.8316807639972814e-40,0.0,1.930981113752213e-6,true
24.575000000000003,2.0,518.5785603308117,-3.0236143217949876e-19,-1.4342298862639704e-20,-6.151809403448601e-21,-1.0620624664366937e-10,0.0,-5.475033781131527e-6,2.660647462967466e-6,13.153000900285557,0.007602827731717785,0.8404660646484844,110.54650904980971,0.0,0.04748774077307636,0.0,4.872195382912083e-40,0.0,1.9206986112161067e-6,true
24.625000000000004,2.0,519.9250747451806,-2.4156686350558828e-19,-1.0870076411859281e-20,-4.904910934123619e-21,-1.0613405164294264e-10,0.0,-5.444427688171316e-6,2.6436856329193553e-6,13.170174280555564,0.0075929139485754514,0.8399624208534395,110.62451471757157,0.0,0.045043836193223344,0.0,4.071504436003417e-40,0.0,1.9107344448079684e-6,true
24.675000000000004,2.0,521.2387493181093,-1.9245314008112636e-19,-8.195390857442377e-21,-3.899759677429105e-21,-1.0607002801830764e-10,0.0,-5.4155638773134035e-6,2.6277107540017327e-6,13.186907404983582,0.007583279151729549,0.8394380332817464,110.69591617107915,0.0,0.04262248806684437,0.0,3.4025630503257724e-40,0.0,1.9010879219097164e-6,true
24.725,2.0,522.5183116737163,-1.530589550781064e-19,-6.151976679712162e-21,-3.095226594097197e-21,-1.0601880299827943e-10,0.0,-5.388638976411497e-6,2.6129540320670265e-6,13.203185759947756,0.0075739296422953385,0.8388901259903095,110.76022165636032,0.0,0.04022601631542556,0.0,2.8428904625362146e-40,0.0,1.8917620383603166e-6,true
24.775000000000002,2.0,523.7633856429728,-1.2186402744975213e-19,-4.610122407409824e-21,-2.4594152865742102e-21,-1.059866204077525e-10,0.0,-5.363956839715333e-6,2.5997453799699694e-6,13.219006238045791,0.007564865179667495,0.8383135260163717,110.81671729848578,0.0,0.03785714990262837,0.0,2.3731600724148887e-40,0.0,1.8827533182307882e-6,true
24.825000000000003,2.0,524.9773983087684,-9.774930136366509e-20,-3.469794204030645e-21,-1.968767399066769e-21,-1.0598146554152994e-10,0.0,-5.341957961598179e-6,2.588521970541132e-6,13.23441394095644,0.00755605805033276,0.8376982834458497,110.86445840751031,0.0,0.03551925427694342,0.0,1.976061717631183e-40,0.0,1.874031239798985e-6,true
24.875000000000004,2.0,526.172543221625,-7.996409955544183e-20,-2.654678162654787e-21,-1.6073185840289813e-21,-1.0601285674017667e-10,0.0,-5.323250090890357e-6,2.579823858067822e-6,13.249564790407176,0.007547417713855859,0.8370259531967718,110.9022959813295,0.0,0.033216684621962866,0.0,1.635528122692734e-40,0.0,1.8655038611463308e-6,true
24.925000000000004,2.0,527.3766369038104,-6.8100488928061e-20,-2.107120775903722e-21,-1.3661081028698292e-21,-1.0609108088563445e-10,0.0,-5.308644574614362e-6,2.5742766717263907e-6,13.264811692762049,0.0075387425254265054,0.836264668271067,110.92893349925825,0.0,0.03095616753590264,0.0,1.336657186151548e-40,0.0,1.8569714310941873e-6,true
24.975,2.0,528.6153666101036,-6.208444382507518e-20,-1.7866481680189304e-21,-1.2429318083098132e-21,-1.0622206491223728e-10,0.0,-5.2992631310191925e-6,2.5725161838728445e-6,13.28047902258735,0.007529848872914951,0.8353839225228818,110.94298658871868,0.0,0.028789634407488558,0.0,1.0719048669492793e-40,0.0,1.8482545854648507e-6,true
25.025000000000002,2.0,528.6153666101036,-6.220873700590616e-20,-1.7902250412281777e-21,-1.2429318083098132e-21,-1.0622206491223728e-10,0.0,-5.2992631310191925e-6,2.5725161838728445e-6,13.28047902258735,0.007529848872914951,0.8353839225228818,110.94298658871868,0.0,0.028789634407488558,0.0,1.0740508226388675e-40,0.0,1.8482545854648507e-6,true
