r,tau,Dtau,Sr,E,nur,Pi,piR,piEta,piPhi,D,T,mu,alpha,phi,ur,v,n,e,P,ok
-0.025,4.6,0.9683955207572692,1.5101966076383878e-5,-0.006547525715835179,1.6595347801123757e-5,-1.9590119784491227e-10,0.0,-0.10239117825363973,0.05121658010141701,0.48835368755934017,0.20476962199215284,1.4243088658471221,6.955664868599036,0.0,-0.002598000578721452,0.0,-0.0065475085774940114,0.0,1.003760004948682,true
0.025,4.6,0.9683955207572692,1.5101966076383878e-5,0.006547525715835179,-1.6595347801123757e-5,-1.9590119784491227e-10,0.0,-0.10239117825363973,0.05121658010141701,0.48835368755934017,0.20476962199215284,1.4243088658471221,6.955664868599036,0.0,0.002598000578721452,0.0,0.0065475085774940114,0.0,1.003760004948682,true
0.07500000000000001,4.6,0.9684174311598365,0.00013516545807605045,0.01964214384245447,-5.0498485352586026e-5,-1.9589735167310165e-10,0.0,-0.102411192092448,0.05125860415134864,0.4883601507910285,0.20476691195631655,1.4243057905913907,6.955741906657466,0.0,0.007768550604285479,0.0,0.01964168649921886,0.0,1.0037068689691822,true
0.12500000000000003,4.6,0.9685079601386155,0.0003748355408816325,0.0327301512090465,-8.485440285189384e-5,-1.9589530322749305e-10,0.0,-0.10241314036289771,0.05129175099965376,0.48838685467650633,0.20475571576601337,1.4242785418855142,6.955989172547069,0.0,0.012943848999280912,0.0,0.03272804113714598,0.0,1.0034873663597517,true
0.17500000000000002,4.6,0.9686653125619947,0.0007338678626337158,0.04580319350414068,-0.00011921760861496417,-1.9589482681343493e-10,0.0,-0.10240212201171026,0.05131476866405334,0.4884332669290362,0.20473625932307526,1.4242216515180668,6.9563723408203675,0.0,0.018119757316863515,0.0,0.0457974145600977,0.0,1.0031060061854091,true
0.225,4.6,0.9688888773174084,0.001211865350582294,0.05885296587702183,-0.00015351616799402356,-1.9589584070758125e-10,0.0,-0.1023804238129931,0.051330808104898436,0.48849920255075774,0.20470862486128513,1.4241345325206811,6.956885834613488,0.0,0.023296027049761178,0.0,0.058840701958669854,0.0,1.0025645378471444,true
0.275,4.6,0.9691778688260654,0.001808230013588969,0.07187147464144898,-0.00018774191418813367,-1.9589824181145265e-10,0.0,-0.10234955113942096,0.051342393277223876,0.48858442318263434,0.20467291885525318,1.4240176963884734,6.95752864791826,0.0,0.02847249398830261,0.0,0.07184911640959185,0.0,1.0018652406902004,true
0.325,4.6,0.9695315820362014,0.0025221791550442225,0.08485098514879316,-0.00022189512162823803,-1.9590193592761277e-10,0.0,-0.1023104363616524,0.051351273256292324,0.4886887123910484,0.2046292403823317,1.4238718005401552,6.958300768158921,0.0,0.03364901639465704,0.0,0.08481413924276245,0.0,1.0010103014193181,true
0.375,4.6,0.9699494617624286,0.0033527596292006506,0.09778395315418385,-0.0002559742096377424,-1.9590684575908577e-10,0.0,-0.10226363542908302,0.05135860500548945,0.48881189616160686,0.20457767248557074,1.4236974282355712,6.959202394562326,0.0,0.038825478444779474,0.0,0.0977274535385911,0.0,1.0000016432274734,true
0.425,4.6,0.9704311006228754,0.004298856241258069,0.11066297693326561,-0.0002899748612737498,-1.9591291040276294e-10,0.0,-0.10220947409731133,0.05136513509584402,0.4889538423102745,0.20451828239554604,1.423495056343513,6.960233773088413,0.0,0.04400178668055921,0.0,0.11058089823425354,0.0,0.9988409291315135,true
0.475,4.6,0.9709762175730011,0.005359196914790498,0.12348076741397872,-0.0003238907150732792,-1.9592008258637946e-10,0.0,-0.10214814310279052,0.05137133632423316,0.48911445415801846,0.2044511241691765,1.4232650678607484,6.961395167888849,0.0,0.04917786489148116,0.0,0.1233664401781817,0.0,0.9975296129960624,true
0.525,4.6,0.9715846341304744,0.006532356367396537,0.1362301306315708,-0.00035771405951661253,-1.95928325693602e-10,0.0,-0.1020797565160689,0.051377502052783824,0.48929366351658676,0.20437624162408566,1.4230077719260679,6.962686859382813,0.0,0.05435364949126048,0.0,0.13607615846141843,0.0,0.9960689965042933,true
0.5750000000000001,4.6,0.972256253561187,0.007816759150177837,0.14890395832022374,-0.00039143632258410423,-1.9593761118637128e-10,0.0,-0.10200438629987998,0.051383809001507755,0.489491424543118,0.20429367091229045,1.4227234220682088,6.964109145990273,0.0,0.059529085851806635,0.0,0.14870223684350667,0.0,0.9944602791188731,true
0.625,4.6,0.9729910441677028,0.00921068246610914,0.1614952238339975,-0.000425048393939412,-1.959479165549224e-10,0.0,-0.10192208226507027,0.051390358285302626,0.4897077088020521,0.20420344258950937,1.4224122308924845,6.965662345623739,0.0,0.06470412555482215,0.0,0.1612369614646224,0.0,0.9927045981632258,true
0.675,4.6,0.9737890264136326,0.01071225897880433,0.1739969815253884,-0.00045854083535397323,-1.9595922374811376e-10,0.0,-0.10183288334052557,0.05139720197376798,0.4899425014567193,0.20410558321165334,1.4220743813726457,6.967346796672306,0.0,0.0698787243902598,0.0,0.17367272196900638,0.0,0.9908030596134271,true
0.725,4.6,0.9746502632190299,0.012319479723497603,0.18640236833556792,-0.0004919040191126438,-1.959715180015907e-10,0.0,-0.10173682379291336,0.051404360190999324,0.4901957983949827,0.2040001165400106,1.4217100353569279,6.969162858679482,0.0,0.07505284092239711,0.0,0.18600201478945433,0.0,0.9887567611843193,true
0.775,4.6,0.9755748527343463,0.014030197179101382,0.19870460677313873,-0.0005251282197686823,-1.9598478696785786e-10,0.0,-0.10163393656790398,0.051411832093857066,0.49046760408491913,0.20388706444041937,1.4213193399130721,6.971110912867233,0.0,0.08022643547217657,0.0,0.19821744776498043,0.0,0.9865668093754432,true
0.8250000000000001,4.6,0.9765629229954889,0.015842128530531383,0.2108970087434633,-0.0005582036752595743,-1.9599902008060867e-10,0.0,-0.10152425502311778,0.05141960290996625,0.49075792998439716,0.20376644755017884,1.4209024320415735,6.973191362585181,0.0,0.08539946939844503,0.0,0.21031174554895413,0.0,0.9842343319203108,true
0.875,4.6,0.9776146279833046,0.017752859133589805,0.22297297988109374,-0.0005911206276320313,-1.9601420808703432e-10,0.0,-0.10140781378255255,0.051427648446680525,0.49106679336396686,0.20363828577161078,1.4204594421747163,6.975404633723069,0.0,0.09057190459090338,0.0,0.22227775545564388,0.0,0.9817604867937744,true
0.925,4.6,0.9787301447222109,0.019759846185183706,0.23492602416341266,-0.000623869350045097,-1.9603034269830427e-10,0.0,-0.1012846491243553,0.051435937979351996,0.4913942164353057,0.20350259863745357,1.4199904967796995,6.977751175106408,0.0,0.09574370311157183,0.0,0.23410845351892945,0.0,0.9791464686640593,true
0.975,4.6,0.9799096711443882,0.02186042259645073,0.2467497486652403,-0.0006564401644483277,-1.9604741634343654e-10,0.0,-0.10115479912986058,0.05144443610211479,0.4917402257044957,0.20335940558194968,1.4194957203037712,6.98023145888742,0.0,0.10091482693967478,0.0,0.2457969506188544,0.0,0.976393513454501,true
1.0250000000000001,4.6,0.9811534245173703,0.024051801063615187,0.2584378683664779,-0.0006888234528636095,-1.9606542197105954e-10,0.0,-0.10101830371703595,0.05145310391529531,0.49210485149046784,0.20320872614265828,1.4189752366371209,6.982845980939618,0.0,0.10608523778809316,0.0,0.2573364985842655,0.0,0.973502901507039,true
1.0750000000000002,4.6,0.9824616402867775,0.026331078329963044,0.2699842109578004,-0.0007210096642432633,-1.9608435291431976e-10,0.0,-0.10087520462277963,0.05146189978942628,0.49248812756486515,0.20305058011135327,1.4184291702222953,6.9855952612616345,0.0,0.11125489696904561,0.0,0.26872049621298066,0.0,0.9704759597086953,true
1.1250000000000002,4.6,0.9838345712259883,0.028695239631514415,0.2813827216096528,-0.0007529893182563887,-1.9610420277928632e-10,0.0,-0.10072554536628428,0.05147077985984953,0.4928900908813735,0.20288498764741356,1.4178576469039197,6.988479844393233,0.0,0.11642376529342009,0.0,0.2799424951714152,0.0,0.9673140628451214,true
1.1750000000000003,4.6,0.9852724868138333,0.03114116331837969,0.2926274676818123,-0.0007847530069574929,-1.96124965361384e-10,0.0,-0.10056937120843154,0.051479698350739976,0.4933107813712331,0.20271196936348046,1.4172607945866393,6.991500299843497,0.0,0.12159180299293237,0.0,0.2909962057478627,0.0,0.9640186343740086,true
1.225,4.6,0.9867756727828263,0.03366562564318191,0.30371264335739445,-0.0008162913950410278,-1.961466345861521e-10,0.0,-0.10040672911326437,0.05148860779197941,0.49375024178794685,0.2025315463905078,1.4166387437501453,6.994657222528075,0.0,0.1267589696576247,0.0,0.30187550244052014,0.0,0.9605911467591709,true
1.2750000000000001,4.6,0.9883444307959385,0.03626530570722693,0.314632574188475,-0.0008475952192301824,-1.9616920445550103e-10,0.0,-0.10023766771322117,0.05149745916954551,0.49420851758878764,0.20234374042740852,1.4159916278561853,6.997951233209395,0.0,0.1319252241835359,0.0,0.31257442936495083,0.0,0.9570331214684087,true
1.3250000000000002,4.6,0.9899790782211889,0.03893679055428978,0.32538172154171424,-0.0008786552872501681,-1.961926690095269e-10,0.0,-0.10006223727786076,0.0515062020354337,0.494685656844025,0.20214857377910622,1.4153195836722703,7.001382978931289,0.0,0.13709052472698846,0.0,0.32308720546723474,0.0,0.9533461287108833,true
1.3750000000000002,4.6,0.9916799479814663,0.04167658040102966,0.33595468693258007,-0.0009094624767687249,-1.9621702229665884e-10,0.0,-0.09988048968508748,0.05151478459369273,0.4951817101671949,0.20194606938579301,1.4146227515294627,7.004953133437823,0.0,0.14225482866305833,0.0,0.333408229529635,0.0,0.9495317869699847,true
1.4250000000000003,4.6,0.9934473884629628,0.04448109399221116,0.3463462162364611,-0.0009400077346301233,-1.962422583486911e-10,0.0,-0.09969247839375014,0.05152315377307695,0.4956967306614927,0.20173625084545735,1.4139012755264215,7.008662397565615,0.0,0.1474180925465597,0.0,0.3435320849556975,0.0,0.9455917623732316,true
1.475,4.6,0.9952817634698299,0.04734667406823393,0.3565512037648546,-0.0009702820766516136,-1.96268371159287e-10,0.0,-0.09949825841661451,0.05153125529290433,0.4962307738786261,0.20151914243121724,1.4131553036883624,7.012511499599609,0.0,0.15258027207441222,0.0,0.3534535443219938,0.0,0.941527767930394,true
1.5250000000000001,4.6,0.9971834522158813,0.05026959293202257,0.366564696195046,-0.001000276588187151,-1.9629535467075055e-10,0.0,-0.09929788629290988,0.051539033726197524,0.4967838977874026,0.2012947691046032,1.4123849880873018,7.016501195584239,0.0,0.15774132204862157,0.0,0.36316757368432395,0.0,0.937341562663381,true
1.5750000000000002,4.6,0.9991528493464304,0.0532460581021887,0.37638189634250596,-0.0010299824255904397,-1.9632320275760216e-10,0.0,-0.09909142005986066,0.05154643256257859,0.49735616274999594,0.20106315652565185,1.4115904849285932,7.02063226958491,0.0,0.162901196339353,0.0,0.37266933662736884,0.0,0.9330349506459186,true
1.6250000000000002,4.6,1.0011903649850167,0.05627221803957315,0.38599816676667226,-0.0010593908186315442,-1.963519092200753e-10,0.0,-0.09887891922279023,0.05155339427236868,0.497947631504333,0.2008243310604638,1.4107719546080955,7.024905533898395,0.0,0.16805984784774983,0.0,0.3819541980485222,0.0,0.9286097799669776,true
1.6750000000000003,4.6,1.0032964248010763,0.05934416793478555,0.3954090332026816,-0.0010884930738429908,-1.9638146777482695e-10,0.0,-0.09866044472352826,0.05155986037270041,0.49855836915141516,0.2005783197867237,1.4099295617440357,7.02932182921476,0.0,0.1732172284682653,0.0,0.39101772766878456,0.0,0.9240679416289053,true
1.725,4.6,1.0054714700954732,0.06245795554513599,0.404610187813939,-0.0011172805786998467,-1.9641187204665342e-10,0.0,-0.09843605890695617,0.0515657714960524,0.49918844314665334,0.200325150497568,1.4090634751876292,7.033882024737257,0.0,0.17837328905035194,0.0,0.3998557032661194,0.0,0.9194113683890196,true
1.7750000000000001,4.6,1.007715957901546,0.06560958707027763,0.413597492262726,-0.001145744806479956,-1.964431155640139e-10,0.0,-0.09820582548560355,0.05157106746137013,0.4998379232944994,0.20006485170410135,1.4081738680165383,7.0385870182696895,0.0,0.18352797935941106,0.0,0.40846411362912655,0.0,0.9146420335517887,true
1.8250000000000002,4.6,1.0100303610998094,0.06879503305686062,0.42236698059828115,-0.0011738773216104822,-1.9647519175543546e-10,0.0,-0.09796980950225988,0.0515756873477932,0.5005068817458137,0.19979745263679669,1.4072609175152495,7.043437736283102,0.0,0.18868124803694455,0.0,0.41683916123122466,0.0,0.9097619497174466,true
1.8750000000000002,4.6,1.012415168544844,0.07201023432339924,0.43091486196359685,-0.001201669785288323,-1.965080939446473e-10,0.0,-0.09772807729061019,0.05157956957091564,0.5011953929975141,0.1995229832459693,1.4063248051462884,7.048435133974465,0.0,0.19383304255988104,0.0,0.42497726462743296,0.0,0.9047731674920327,true
1.9250000000000003,4.6,1.0148708852032053,0.07525110789729315,0.43923752312349207,-0.0012291139611651837,-1.9654181534968918e-10,0.0,-0.09748069643393287,0.051582651961457095,0.5019035338941399,0.19924147420147817,1.4053657165158815,7.05358019532991,0.0,0.19898330919908147,0.0,0.43287506057723396,0.0,0.899677774163124,true
1.975,4.6,1.017398032301372,0.07851355295641853,0.4473315308170702,-0.0012562017209107339,-1.965763490798106e-10,0.0,-0.09722773572193233,0.05158487184617989,0.5026313836310277,0.19895295689178086,1.4043838413371454,7.058873933203469,0.0,0.20413199297707102,0.0,0.44052940589765094,0.0,0.8944778923450082,true
2.0250000000000004,4.6,1.0199971474829388,0.08179345676793565,0.4551936339377851,-0.0012829250495057318,-1.9661168813422797e-10,0.0,-0.0969692651058199,0.05158616613085004,0.5033790237588338,0.19865746342245177,1.4033793733932884,7.064317389419974,0.0,0.20927903762508943,0.0,0.4479373790509205,0.0,0.8891756785967273,true
2.075,4.6,1.0226687849742728,0.08508670061688703,0.46282076554368595,-0.0013092760501653576,-1.9664782540120335e-10,0.0,-0.09670535565180466,0.051586471385000006,0.5041465381891704,0.19835502661426013,1.4023525105025643,7.0699116349076,0.0,0.21442438553963153,0.0,0.45509628147065023,0.0,0.8837733220161366,true
2.125,4.6,1.025413515758001,0.08838916571689381,0.47021004469949634,-0.0013352469488452947,-1.9668475365645147e-10,0.0,-0.09643607949322933,0.05158572392818837,0.504934013201129,0.19804568000089803,1.4013034544859888,7.075657769862158,0.0,0.21956797773874823,0.0,0.46200363862965405,0.0,0.8782730428130014,true
2.1750000000000003,4.6,1.0282319277535685,0.0916967390948199,0.47735877815095173,-0.0013608300983342554,-1.9672246556484024e-10,0.0,-0.09616150978167672,0.051583859917376594,0.5057415374484671,0.1977294578264487,1.4002324111381372,7.081556923941756,0.0,0.2247097538185167,0.0,0.46865720085167095,0.0,0.8726770908641082,true
2.225,4.6,1.0311246260041504,0.09500531944077828,0.4842644618305794,-0.001386017981981332,-1.967609536757147e-10,0.0,-0.09588172063749227,0.05158081543493805,0.5065692019672162,0.197406395042689,1.3991395902007437,7.087610256487287,0.0,0.22984965191026469,0.0,0.47505494386820485,0.0,0.8669877442533942,true
2.2750000000000004,4.6,1.0340922328690159,0.09831082291436763,0.4909247821929654,-0.0014108032171420064,-1.968002104248461e-10,0.0,-0.09559678710031018,0.05157652657669276,0.5074171001834431,0.19707652730632783,1.3980252053383464,7.093818956761463,0.0,0.23498760863934723,0.0,0.48119506912087034,0.0,0.8612073078001896,true
2.325,4.6,1.0371353882203969,0.10160918889763018,0.49733761737664467,-0.0014351785584506313,-1.9684022813539134e-10,0.0,-0.09530678508033502,0.05157092953921522,0.5082853279208633,0.19673989097629302,1.3968894741149067,7.100184244196977,0.0,0.2401235590865231,0.0,0.4870760038090071,0.0,0.855338111578783,true
2.3750000000000004,4.6,1.0402547496436818,0.10489638568497536,0.5035010381892443,-0.0014591369010395587,-1.9688099901194714e-10,0.0,-0.0950117913113025,0.051563960705511336,0.509173983407964,0.1963965231111922,1.3957326179701717,7.106707368642984,0.0,0.24525743675323303,0.0,0.4926964006820872,0.0,0.8493825094326756,true
2.4250000000000003,4.6,1.0434509926396616,0.10816841610021521,0.5094133089122477,-0.0014826712838261974,-1.9692251514575485e-10,0.0,-0.09471188330621186,0.051555556728011896,0.5100831672842554,0.19604646146708218,1.3945548621944956,7.113389610598266,0.0,0.2503891735323405,0.0,0.498055137576422,0.0,0.8433428774869446,true
2.475,4.6,1.046724810827432,0.11142132303094683,0.5150728879219361,-0.0015057748929803438,-1.9696476850689638e-10,0.0,-0.09440713931705903,0.05154565460770714,0.5110129826052431,0.19568974449568904,1.3933564359009398,7.120232281419504,0.0,0.2555186996860942,0.0,0.503151316696078,0.0,0.8372216126621677,true
2.5250000000000004,4.6,1.0500769161464696,0.11465119487073132,0.5204784281234249,-0.001528441065667346,-1.970077509450618e-10,0.0,-0.09409763829988213,0.0515341917681759,0.511963534845703,0.1953264113432186,1.392137571993616,7.127236723493659,0.0,0.26064594383319667,0.0,0.507984263638459,0.0,0.8310211311931792,true
2.575,4.6,1.053508039056489,0.11785417085983556,0.5256287771953054,-0.0015506632941393087,-1.9705145418239403e-10,0.0,-0.09378345988643376,0.0515211061232592,0.5129349319008598,0.19495650184988383,1.3908985071314672,7.134404310364866,0.0,0.265770832946849,0.0,0.5125535261657489,0.0,0.8247438671556021,true
2.6250000000000004,4.6,1.057018928733824,0.12102644631567339,0.5305229776430885,-0.001572435230218803,-1.9709586981454252e-10,0.0,-0.09346468436368345,0.051506336137229485,0.5139272840851248,0.19458005655025007,1.3896394816869302,7.1417364468082445,0.0,0.2708932923654497,0.0,0.5168588727242442,0.0,0.8183922710025198,true
2.6750000000000003,4.6,1.0606103532634483,0.12416427774442493,0.5351602666602466,-0.0015937506901886611,-1.971409892995352e-10,0.0,-0.09314139266211725,0.051489820876517774,0.514940704128154,0.19419711667445283,1.388360739699162,7.149234568845711,0.0,0.2760132458172325,0.0,0.5209002907143088,0.0,0.8119688081127974,true
2.725,4.6,1.0642830998262403,0.1272639878256006,0.5395400757962019,-0.0016146036600697962,-1.9718680395345107e-10,0.0,-0.09281366635342646,0.051471500052395085,0.5159753071681341,0.1938077241502844,1.3870625288217588,7.156900143702159,0.0,0.28113061545949686,0.0,0.5246779845143782,0.0,0.8054759573514876,true
2.7750000000000004,4.6,1.0680379748817774,0.1303219702615176,0.5436620304310206,-0.0016349883012370871,-1.972333049424482e-10,0.0,-0.09248158765766824,0.051451314054459595,0.5170312107423974,0.19341192160606996,1.3857451002651178,7.164734669704187,0.0,0.28624532193223723,0.0,0.5281923732629621,0.0,0.798916209641501,true
2.825,4.6,1.071875804347772,0.13333469448373483,0.5475259490567506,-0.0016548989562935699,-1.9728048327241362e-10,0.0,-0.09214523945936749,0.05142920397532501,0.5181085347756994,0.19300975237416657,1.3844087087337622,7.172739676127675,0.0,0.2913572844249486,0.0,0.5314440884029291,0.0,0.7922920665443087,true
2.8750000000000004,4.6,1.0757974337781822,0.1362987102084728,0.5511318423653755,-0.0016743301550970237,-1.973283297808777e-10,0.0,-0.09180470533134531,0.05140511162751226,0.5192074015667465,0.19260126049482856,1.3830536123591153,7.180916723004785,0.0,0.2964664207542298,0.0,0.5344339709925493,0.0,0.7856060388460893,true
2.9250000000000003,4.6,1.0798037285429254,0.13921065183295545,0.5544799121432741,-0.0016932766208121019,-1.9737683512587213e-10,0.0,-0.09146006956436457,0.051378979554159994,0.5203279357738131,0.19218649072009478,1.3816800726283112,7.189267400905013,0.0,0.3015726474486274,0.0,0.537163068787854,0.0,0.7788606451445123,true
2.975,4.6,1.0838955740130403,0.1420672426645085,0.5575705499719218,-0.0017117332758472463,-1.9742598977686587e-10,0.0,-0.09111141720004184,0.051350751035732195,0.5214702644005171,0.19176548851727937,1.3802883543097273,7.197793330708482,0.0,0.3066758798360734,0.0,0.5396326331009083,0.0,0.7720584104304309,true
3.0250000000000004,4.6,1.0880738757557968,0.14486529897417258,0.5604043357344073,-0.0017296952475301117,-1.9747578400409273e-10,0.0,-0.09075883406396229,0.051320370095346596,0.5226345167830051,0.1913383000715956,1.378878725375952,7.206496163392266,0.0,0.3117760321283823,0.0,0.5418441154385815,0.0,0.765201864658282,true
3.075,4.6,1.0923395597447252,0.14760173386663852,0.5629820359273071,-0.0017471578733792572,-1.9752620787064542e-10,0.0,-0.09040240679560416,0.05128778150562863,0.5238208245799,0.19090497228742134,1.377451456924925,7.215377579851988,0.0,0.3168730174967082,0.0,0.5437991639265347,0.0,0.758293541299084,true
3.1250000000000004,4.6,1.0966935725896672,0.15027356095851993,0.5653046017775771,-0.0017641167058435527,-1.9757725122597507e-10,0.0,-0.0900422228715898,0.051252930800059965,0.5250293217663785,0.19046555278772953,1.3760068230999594,7.224439290780809,0.0,0.3219667481317149,0.0,0.5454996195233508,0.0,0.7513359758706021,true
3.1750000000000003,4.6,1.1011368817916702,0.15287789785741754,0.5673731671644837,-0.0017805675164036746,-1.976289036989771e-10,0.0,-0.08967837061895671,0.051215764291619954,0.5262601446336485,0.1900200899112627,1.3745451010093013,7.233683036626279,0.0,0.32705713528253394,0.0,0.5469475120301595,0.0,0.74433170444058,true
3.225,4.6,1.1056704760269533,0.15541196943489202,0.5691890463471734,-0.0017965062989609849,-1.9768115469700132e-10,0.0,-0.08931093921558224,0.051176229101111824,0.5275134317949012,0.18956863270711996,1.3730665706457952,7.243110587642196,0.0,0.33214408926939026,0.0,0.5481450559016671,0.0,0.7372832621007358,true
3.2750000000000004,4.6,1.1102953654631613,0.1578731108873833,0.570753731499365,-0.00181192927247589,-1.977339934062132e-10,0.0,-0.08894001867557966,0.05113427319694841,0.5287893241985098,0.1891112309265525,1.3715715148071201,7.252723744047833,0.0,0.337227519466023,0.0,0.5490946458653092,0.0,0.7301931814115462,true
3.325,4.6,1.1150125821098313,0.16025877058023386,0.572068890053693,-0.0018268328828573354,-1.9778740879224262e-10,0.0,-0.08856569981834847,0.05108984544739603,0.5300879651488815,0.1886479350119066,1.370060219016928,7.2625243363011425,0.0,0.34230733424963944,0.0,0.5497988523561266,0.0,0.7230639908202543,true
3.3750000000000004,4.6,1.1198231802035732,0.16256651267123598,0.5731363618594006,-0.0018412138041446428,-1.9784138960776517e-10,0.0,-0.08818807422094466,0.0510428956854037,0.5314095003349505,0.18817879608281263,1.3685329714470695,7.2725142254859225,0.0,0.3473834409179728,0.0,0.5502604167759335,0.0,0.7158982130570709,true
3.4250000000000003,4.6,1.124728236626894,0.16479401951148817,0.5739581561584011,-0.00185506893905907,-1.9789592440040488e-10,0.0,-0.08780723415444214,0.05099337478525927,0.5327540778658679,0.18770386591987218,1.366990062840958,7.282695303806393,0.0,0.35245574557492015,0.0,0.550482246586392,0.0,0.7086983635167995,true
3.475,4.6,1.129728851358122,0.1669390938226694,0.5745364483858645,-0.0018683954190322986,-1.9795100152209304e-10,0.0,-0.08742327250590413,0.05094123474948864,0.5341218483130447,0.1872231969462346,1.3654317864379713,7.293069495176316,0.0,0.35752415298806506,0.0,0.5504674102464638,0.0,0.7014669486350001,true
3.5250000000000004,4.6,1.1348261479486383,0.1689996606510869,0.5748735768025921,-0.0018811906038404833,-1.9800660914118497e-10,0.0,-0.0870362826883866,0.05088642880372513,0.5355129647573614,0.18673684220756367,1.363858437898667,7.303638755884588,0.0,0.36258856642295223,0.0,0.5502191320055138,0.0,0.694206464269068,true
3.575,4.6,1.1400212740225775,0.1709737690999543,0.5749720389673569,-0.001893452080983744,-1.980627352571072e-10,0.0,-0.0866463585419964,0.05082891149677224,0.5369275828400955,0.18624485535097088,1.362270315230501,7.3144050753152765,0.0,0.3676488874601947,0.0,0.5497407865639592,0.0,0.6869193940952661,true
3.6250000000000004,4.6,1.1453154017935774,0.17285959384215846,0.5748344880578384,-0.001905177664951997,-1.9811936771331097e-10,0.0,-0.08625359422938056,0.05076863880280537,0.5383658608159747,0.18574729060352177,1.3606677187136245,7.32537047669769,0.0,0.37270501580222276,0.0,0.5490358936135697,0.0,0.6796082080326088,true
3.6750000000000003,4.6,1.150709728592899,0.17465543641641568,0.5744637290492115,-0.0019163653965090068,-1.9817649421094226e-10,0.0,-0.08585808412911719,0.050705568222610554,0.5398279596067244,0.18524420275091352,1.3590509508263333,7.336537017861582,0.0,0.3777568490767254,0.0,0.5481081122697171,0.0,0.672275360703766,true
3.725,4.6,1.1562054774034398,0.17635972631001112,0.5738627147593234,-0.0019270135421091765,-1.9823410232381508e-10,0.0,-0.0854599227303232,0.050639658880934794,0.5413140428535536,0.18473564711686943,1.3574203161696934,7.347906791973656,0.0,0.38280428264357375,0.0,0.546961235407607,0.0,0.6649232899417882,true
3.7750000000000004,4.6,1.1618038973946891,0.17797102183143884,0.5730345417692159,-0.0019371205935375987,-1.9829217950859341e-10,0.0,-0.08505920453142404,0.0505708716173845,0.542824276967195,0.1842216795437161,1.3557761213909134,7.359481928234106,0.0,0.38784720941131046,0.0,0.5455991839142217,0.0,0.6575544153497137,true
3.825,4.6,1.1675062644545033,0.1794880107761076,0.5719824462271362,-0.0019466852678359714,-1.9835071311586054e-10,0.0,-0.08465602394549468,0.05049916906881426,0.5443588311743732,0.1837023563744982,1.354118675105054,7.37126459251578,0.0,0.39288551966824414,0.0,0.5440260008670346,0.0,0.6501711369180417,true
3.8750000000000004,4.6,1.1733138817146378,0.18090951088806215,0.5707097995436576,-0.0019557065075477705,-1.9840969040141897e-10,0.0,-0.08425047521394202,0.05042451574173749,0.545917877559866,0.18317773443686847,1.352448287814738,7.383256987932964,0.0,0.3979191009318839,0.0,0.5422458456500102,0.0,0.6427758337029797,true
3.9250000000000003,4.6,1.1792280800680979,0.18223447012031982,0.5692201039847701,-0.0019641834812874773,-1.9846909852932076e-10,0.0,-0.08384265232961684,0.0503468780739105,0.5475015911036605,0.18264787102886546,1.3507652718276064,7.395461355331829,0.0,0.4029478378190552,0.0,0.5402629880166351,0.0,0.635370862566328,true
3.975,4.6,1.1852502186775196,0.18346196669607573,0.5675169881690999,-0.0019721155846134384,-1.9852892458101976e-10,0.0,-0.08343264896978098,0.05026622448483551,0.5491101497130173,0.18211282390657546,1.349069941171337,7.4078799736992424,0.0,0.40797161193763254,0.0,0.5380818021090429,0.0,0.627958556976077,true
4.0249999999999995,4.6,1.1913816854748949,0.1845912089727442,0.5656042024748387,-0.0019795024411629566,-1.9858915555587663e-10,0.0,-0.08302055843875485,0.050182525415458666,0.5507437342495567,0.1815726512735728,1.3473626115061352,7.420515160491235,0.0,0.4129903017995374,0.0,0.535706760441715,0.0,0.6205412258653195,true
4.075,4.6,1.1976238976538311,0.18562153511058083,0.5634856143614099,-0.00198634390399267,-1.9864977837311346e-10,0.0,-0.08260647361957593,0.050095753357769335,0.5524025285517247,0.18102741177195106,1.3456436000346783,7.4333692718860185,0.0,0.4180037827535565,0.0,0.5331424278576755,0.0,0.6131211525460072,true
4.125,4.6,1.2039783021563388,0.1865524125475455,0.5611652036105697,-0.001992640057057496,-1.9871077987117891e-10,0.0,-0.08219048693362585,0.05000588287532244,0.5540867194531902,0.18047716447469936,1.343913225409561,7.4464447029693925,0.0,0.42301192693568657,0.0,0.5303934554647272,0.0,0.605700593673431,true
4.175,4.6,1.2104463761565623,0.1873834372821098,0.558647057491443,-0.0019983912167571534,-1.987721468068629e-10,0.0,-0.08177269030694119,0.049912890615902726,0.5557964967978508,0.1799219688791437,1.342171807638343,7.459743887862301,0.0,0.4280146032341359,0.0,0.5274645745589959,0.0,0.5982817782570125,true
4.225,4.6,1.2170296275442587,0.18811433296590968,0.5559353658539924,-0.0020035979334797165,-1.988338658522793e-10,0.0,-0.08135317514180544,0.04981675531763207,0.5575320534521924,0.1793618849011609,1.3404196679863478,7.473269299801343,0.0,0.43301167726580736,0.0,0.5243605905429407,0.0,0.5908669067130841,true
4.2749999999999995,4.6,1.223729595410857,0.18874494980840767,0.5530344161554349,-0.0020082609930761786,-1.9889592359170508e-10,0.0,-0.08093203229221481,0.04971745780980553,0.5592935853157588,0.17879697286988064,1.3386571288773568,7.487023451183166,0.0,0.4380030113610275,0.0,0.5210863768448483,0.0,0.5834581499556624,true
4.325,4.6,1.2305478505408642,0.18927526329618719,0.5499485884244821,-0.0020123814182074528,-1.9895830651859858e-10,0.0,-0.0805093520418909,0.04961498100964789,0.5610812913304515,0.1782272935226146,1.3368845137923908,7.501008893583173,0.0,0.4429884645534315,0.0,0.517646868847001,0.0,0.576057648521776,true
4.375,4.6,1.2374859959111792,0.18970537272994162,0.5466823501684737,-0.002015960469514336,-1.9902100102952265e-10,0.0,-0.08008522408366281,0.04950930991603445,0.5628953734893036,0.17765290799978523,1.3351021471667464,7.5152282177579695,0.0,0.44796789257221914,0.0,0.514047057829694,0.0,0.5686675117285678,true
4.425,4.6,1.2445456672005304,0.19003549958275437,0.5432402512288607,-0.0020189996465709557,-1.9908399342150464e-10,0.0,-0.07965973749922745,0.04940043160103729,0.5647360368452856,0.17707387783966738,1.3333103542854408,7.529684053639435,0.0,0.45294114783440603,0.0,0.5102919849384216,0.0,0.5612898168600845,true
4.475,4.6,1.2517285333109573,0.1902659856838081,0.5396269185908611,-0.0020215006885922647,-1.9914726988859895e-10,0.0,-0.07923298073850348,0.049288335199965984,0.5666034895205859,0.17649026497279768,1.331509461177217,7.544379070326862,0.0,0.45790807943515865,0.0,0.5063867351816723,0.0,0.5539266083823636,true
4.5249999999999995,4.6,1.2590362969027673,0.19039729123220622,0.5358470511534892,-0.0020234655748752914,-1.9921081651710543e-10,0.0,-0.07880504159800107,0.049173011900379246,0.5684979427166994,0.17590213171595098,1.3296997945072369,7.5593159760818205,0.0,0.4628685331347817,0.0,0.5023364314668797,0.0,0.5465798971860816,true
4.575,4.6,1.2664706949441418,0.19042999264607136,0.531905414466428,-0.002024896524962186,-1.9927461928294807e-10,0.0,-0.07837600719781705,0.04905445493037488,0.5704196107255591,0.1753095407656174,1.327881681468559,7.574497518328963,0.0,0.46782235134137945,0.0,0.49814622868210007,0.0,0.5392516598565215,true
4.625,4.6,1.2740334992761446,0.19036478025257603,0.5278068354405363,-0.002025795998519694,-1.9933866404835378e-10,0.0,-0.07794596395703472,0.048932659546314636,0.5723687109418464,0.17471255519094958,1.3260554496724863,7.589926483664515,0.0,0.47276937308862554,0.0,0.49382130783103273,0.0,0.5319438379710945,true
4.675,4.6,1.2817265171936678,0.19020245582496192,0.523556197038975,-0.002026166694935111,-1.9940293656020672e-10,0.0,-0.07751499756744315,0.04880762302002224,0.574345463876539,0.17411123842617474,1.3242214270378456,7.605605697873038,0.0,0.4777094340084177,0.0,0.4893668702289478,0.0,0.5246583374249475,true
4.725,4.6,1.28955159204255,0.1899439299729738,0.5191584329561079,-0.0020260115526326778,-1.994674224463138e-10,0.0,-0.0770831929655956,0.04867934462540435,0.5763500931716946,0.17350565426248662,1.3223799416792463,7.621538025952137,0.0,0.48264236629847196,0.0,0.48478813176700974,0.0,0.5173970277854099,true
4.775,4.6,1.2975106038330118,0.18959021939343823,0.5146185222914218,-0.002025333748116954,-1.9953210721539467e-10,0.0,-0.07665063430330463,0.04854782562438223,0.5783828256164218,0.17289586683944708,1.3205313217943464,7.637726372144024,0.0,0.4875679986851183,0.0,0.4800903172523404,0.0,0.510161741676146,true
4.825,4.6,1.3056054698693524,0.1891424439879728,0.5099414842257605,-0.0020241366947513174,-1.995969762540758e-10,0.0,-0.07621740491671916,0.04841306925198551,0.5804438911639562,0.1722819406359353,1.3186758955501523,7.654173679972451,0.0,0.49248615638170057,0.0,0.475278654830988,0.0,0.5029542741919292,true
4.875,4.6,1.3138381453958332,0.1886018238550286,0.5051323727071794,-0.002022424041280436,-1.9966201482739278e-10,0.0,-0.07578358729415689,0.0482750807004436,0.5825335229497459,0.171663940460688,1.3168139909683603,7.670882932283137,0.0,0.4973966610430697,0.0,0.4703583705007706,0.0,0.49577638234491983,true
4.925,4.6,1.3222106242586449,0.18796967616363713,0.5001962711536849,-0.0020201996701056306,-1.997272080760348e-10,0.0,-0.0753492630428743,0.04813386710210964,0.5846519573104375,0.17104193144247384,1.3149459358097595,7.687857151285808,0.0,0.5022993307167012,0.0,0.46533468272070816,0.0,0.4886297845432709,true
4.975,4.6,1.3307249395838134,0.18724741191634522,0.4951382871800107,-0.002017467695321754,-1.9979254101786555e-10,0.0,-0.0749145128549538,0.04798943751106306,0.5867994338036623,0.17041597901994412,1.3130720574576904,7.705099398595826,0.0,0.5071939797909708,0.0,0.46021279712346236,0.0,0.48151616010277376,true
5.025,4.6,1.3393831644709684,0.18643653260896248,0.48996354735556047,-0.002014232460523529,-1.9985799854640906e-10,0.0,-0.07447941647247477,0.047841802883254916,0.5889761952285189,0.16978614893119862,1.3111926828005789,7.72261277527359,0.0,0.5120804189411046,0.0,0.45499790133697954,0.0,0.4744371487921524,true
5.075,4.6,1.3481874127029019,0.18553862679478797,0.4846771920004549,-0.002010498536388609,-1.9992356543058176e-10,0.0,-0.07404405265211877,0.04769097605508308,0.591182487646667,0.169152507203101,1.309308138113547,7.740400421859925,0.0,0.5169584550732838,0.0,0.4496951599211675,0.0,0.4673943504124879,true
5.125,4.6,1.3571398394709304,0.18455536656105326,0.4792843700265133,-0.0020062707180439378,-1.9998922631481383e-10,0.0,-0.07360849912933884,0.04753697172030809,0.5934185604039595,0.1685151201403723,1.3074187489391125,7.758465518405939,0.0,0.5218278912673416,0.0,0.44430970942516484,0.0,0.46038932441111813,true
5.175,4.6,1.3662426421160792,0.18348850392535818,0.4737902338298658,-0.002001554022221171,-2.0005496571894546e-10,0.0,-0.07317283258220444,0.04737980640524402,0.5956846661525438,0.16787405431448837,1.3055248399669905,7.776811284495898,0.0,0.5266885267184386,0.0,0.4388466535704421,0.0,0.4534235895302643,true
5.225,4.6,1.3754980608861982,0.1823398671598997,0.46819993424172995,-0.001996353684206444,-2.0012076803900625e-10,0.0,-0.07273712859501309,0.047219498442182,0.5979810608733882,0.16722937655240092,1.3036267349130193,7.795440979261984,0.0,0.5315401566780618,0.0,0.43331105856467017,0.0,0.44649862349051084,true
5.275,4.6,1.384908379709174,0.18111135705126497,0.4625186155436548,-0.0019906751545892614,-2.001866175465731e-10,0.0,-0.07230146162174458,0.047056067941022454,0.6003080038991984,0.16658115392509684,1.3017247563972136,7.814357901389816,0.0,0.5363825723946533,0.0,0.4277079485509031,0.0,0.43961586270915765,true
5.325,4.6,1.3944759269823812,0.17980494310361814,0.45675141055350904,-0.0019845240958149372,-2.0025249839012998e-10,0.0,-0.07186590494942001,0.04688953675911081,0.6026657579376915,0.1659294537360107,1.2998192258209964,7.833565389113941,0.0,0.541215561054127,0.0,0.42204230119643793,0.0,0.4327767020534105,true
5.375,4.6,1.4042030763786906,0.1784226596930088,0.4509034357881331,-0.0019779063785447916,-2.003183945944419e-10,0.0,-0.07143053066141435,0.046719928469285285,0.6050545890952187,0.16527434350929746,1.2979104632436054,7.8530668202024465,0.0,0.546038905720516,0.0,0.4163190434252376,0.0,0.42598249462825755,true
5.425,4.6,1.4140922476692277,0.17696660218055718,0.44497978670852967,-0.001970828077828233,-2.0038429006190833e-10,0.0,-0.0709954096007644,0.04654726832615908,0.6074747669007268,0.16461589097797366,1.295998787257728,7.87286561193013,0.0,0.5508523852769655,0.0,0.41054304729760677,0.0,0.41923455159884093,true
5.475,4.6,1.4241459075632652,0.1754389229921819,0.43898553305319893,-0.00196329546909081,-2.0045016857239033e-10,0.0,-0.07056061133350688,0.046371583230666764,0.6099265643300577,0.16395416407193192,1.2940845148643845,7.892965221039633,0.0,0.5556557743672625,0.0,0.4047191260404248,0.0,0.4125341420470641,true
5.525,4.6,1.4343665705655677,0.17384182767249562,0.4329257142650623,-0.0019553150239423854,-2.0051601378538945e-10,0.0,-0.07012620411207578,0.04619290169291536,0.6124102578305943,0.16328923090583197,1.2921679613470995,7.9133691436901055,0.0,0.5604488433380934,0.0,0.3988520302309592,0.0,0.40588249286212147,true
5.575,4.6,1.4447567998515387,0.1721775709203995,0.4268053350171885,-0.001946893405809768,-2.0058180923897974e-10,0.0,-0.06969225483878652,0.046011253793386366,0.6149261273462637,0.16262115976687097,1.2902494401454059,7.934080915392994,0.0,0.5652313581822067,0.0,0.3929464441369395,0.0,0.39928078866459704,true
5.625,4.6,1.455319208160622,0.17044845261382685,0.4206293608423447,-0.001938037465398206,-2.0064753835136082e-10,0.0,-0.06925882902943192,0.04582667114253963,0.6174744563429126,0.16195001910243442,1.2883292627277136,7.955104110934604,0.0,0.5700030804826538,0.0,0.38700698221528035,0.0,0.39273017176373415,true
5.675,4.6,1.4660564587083391,0.1686568138309813,0.41440271387117084,-0.0019287542359865113,-2.0071318442346586e-10,0.0,-0.06882599077701497,0.04563918683887487,0.6200555318340757,0.16127587750762878,1.286407738463596,7.976442344285155,0.0,0.5747637673582928,0.0,0.3810381857715222,0.0,0.38623174214744455,true
5.725,4.6,1.4769712661174428,0.16680503287528126,0.4081302686835356,-0.0019190509285606778,-2.0077873063710056e-10,0.0,-0.06839380271564453,0.04544883542550937,0.6226696444071618,0.16059880371269603,1.2844851744955357,7.998099268494063,0.0,0.5795131714107253,0.0,0.37504451978173664,0.0,0.379786557504588,true
5.775,4.6,1.4880663973686439,0.16489552131111723,0.4018168482774382,-0.0019089349267912448,-2.008441600598366e-10,0.0,-0.06796232598461965,0.045255652845335184,0.6253170882500813,0.1599188665703108,1.2825618756101882,8.020078575571258,0.0,0.5842510406728608,0.0,0.36903036987836696,0.0,0.37339563327903125,true
5.825,4.6,1.49934467277139,0.16293072001735137,0.39546722015953595,-0.001898413781859805,-2.0090945564181945e-10,0.0,-0.06753162019273083,0.04505967639481964,0.6279981611783464,0.1592361350427598,1.2806381441092052,8.04238399635431,0.0,0.5889771185592942,0.0,0.3630000395011288,0.0,0.367059942754956,true
5.875,4.6,1.5108089669552707,0.16091309526536549,0.3890860925611925,-0.001887495207140385,-2.0097460022126484e-10,0.0,-0.06710174338280987,0.04486094467651496,0.6307131646626748,0.15855067818900395,1.278714279679687,8.06501930036128,0.0,0.5936911438187028,0.0,0.356957747213844,0.0,0.3607804171728715,true
5.925,4.6,1.5224622098825247,0.1588451348282548,0.38267811078362673,-0.001876187072741721,-2.0103957652413883e-10,0.0,-0.0666727519965593,0.04465949755034726,0.633462403857132,0.15786256515162264,1.2767905792643142,8.087988295629126,0.0,0.5983928504884668,0.0,0.35090762418772825,0.0,0.3545579458757498,true
5.975,4.6,1.5343073878822506,0.15672934412761103,0.3762478536755422,-0.0018644973999166353,-2.0110436716696566e-10,0.0,-0.0662447008396982,0.044455376083753564,0.6362461876278508,0.15717186514364057,1.2748673369312187,8.111294828537586,0.0,0.6030819678517385,0.0,0.34485371185140173,0.0,0.34839337648469115,true
6.025,4.6,1.5463475447069253,0.15456824242413897,0.3697998302463484,-0.001852434355345,-2.011689546585561e-10,0.0,-0.06581764304746271,0.04424862250073906,0.6390648285823648,0.15647864743523696,1.2729448437436708,8.134942783618541,0.0,0.6077582203971851,0.0,0.3387999597075945,0.0,0.34228751510349426,true
6.075,4.6,1.5585857826118028,0.15236435905813425,0.36333847641780437,-0.001840006245297067,-2.0123332140136994e-10,0.0,-0.06539163005050175,0.04403928012992869,0.6419186430996029,0.1557829813403372,1.2710233876296404,8.158936083350794,0.0,0.6124213277816494,0.0,0.3327502233162216,0.0,0.33624112655149263,true
6.125,4.6,1.5710252634578892,0.1501202297456471,0.35686815191667093,-0.0018272215096840829,-2.01297449695181e-10,0.0,-0.0649667115412133,0.043827393351686575,0.6448079513605859,0.1550849362030875,1.2691032532513074,8.183278687940302,0.0,0.6170710047959762,0.0,0.3267082624432376,0.0,0.33025493462399697,true
6.175,4.6,1.58366920983913,0.14783839293592713,0.3503931373106816,-0.001814088716003382,-2.0136132173826404e-10,0.0,-0.06454293544056833,0.043613007544379544,0.6477330773798776,0.15438458138421232,1.2671847218745933,8.207974595085945,0.0,0.6217069613342713,0.0,0.3206777393744025,0.0,0.32432962237966173,true
6.225,4.6,1.5965209062345274,0.14552138623552113,0.34391763118988855,-0.0018006165531853227,-2.0142491963123535e-10,0.0,-0.064120347865474,0.04339616902986293,0.6506943490378378,0.15368198624725568,1.2652680712388036,8.23302783973094,0.0,0.6263289023668646,0.0,0.31466221739284267,0.0,0.31846583245408233,true
6.275,4.6,1.6095837001859357,0.1431717429041275,0.33744574749512407,-0.0017868138253496059,-2.014882253801653e-10,0.0,-0.06369899309673016,0.04317692501826558,0.6536920981137381,0.1529772201447059,1.2633535754264424,8.258442493800038,0.0,0.6309365279172623,0.0,0.30866515941898703,0.0,0.31266416739890496,true
6.325,4.6,1.6228610035022637,0.14079198842710733,0.3309815129951235,-0.0017726894454787188,-2.015512208988919e-10,0.0,-0.06327891354763725,0.042955323552154624,0.6567266603197864,0.15227035240400627,1.2614415047333059,8.2842226659227,0.0,0.635529533043386,0.0,0.30268992681128193,0.0,0.30692519004573005,true
6.375,4.6,1.6363562934909441,0.13838463716924967,0.32452886491349847,-0.0017582524290163238,-2.0161388801384378e-10,0.0,-0.06286014973331619,0.04273141345016087,0.6597983753361364,0.15156145231345058,1.2595321255389265,8.310372501142542,0.0,0.6401076078234071,0.0,0.29673977832576465,0.0,0.3012494238940563,true
6.425,4.6,1.650073114217458,0.1359521891141637,0.31809164870654066,-0.0017435118873985707,-2.0167620846609834e-10,0.0,-0.062442740240805865,0.042505244250146,0.6629075868469329,0.1508505891079661,1.2576257001774709,8.336896180613314,0.0,0.6446704373464939,0.0,0.29081786923240266,0.0,0.2956373535225182,true
6.475,4.6,1.6640150777938207,0.13349712669338507,0.3116736159925358,-0.0017284770215264414,-2.0173816391698668e-10,0.0,-0.06202672170000609,0.04227686615199441,0.6660546425774672,0.15013783195478475,1.25572248680918,8.363797921281767,0.0,0.6492177017088039,0.0,0.28492725058584406,0.0,0.2900894250226466,true
6.525,4.6,1.6781858656969277,0.13102191170902142,0.30527842263300403,-0.0017131571151872461,-2.0179973595167029e-10,0.0,-0.06161212875553733,0.042046329960113836,0.6692398943325141,0.1494232499390042,1.2538227392924552,8.39108197555786,0.0,0.6537490760150578,0.0,0.27907086864802605,0.0,0.2846060464543744,true
6.575,4.6,1.6925892301177359,0.1285289823534835,0.29890962696601203,-0.0016975615284335179,-2.018609060840068e-10,0.0,-0.06119899403959276,0.04181368702572864,0.6724636980359202,0.14870691204904035,1.2519267070566866,8.418752630972715,0.0,0.6582642303860523,0.0,0.27325156445986115,0.0,0.2791875883224995,true
6.625,4.6,1.7072289953422917,0.12602075032958315,0.2925706881914571,-0.001681699690927541,-2.0192165576170373e-10,0.0,-0.06078734814586109,0.041578989189051715,0.6757264137715289,0.1479888871619738,1.2500346349759381,8.446814209824927,0.0,0.6627628299724676,0.0,0.26747207355904995,0.0,0.2738343840733092,true
6.675,4.6,1.7221090591655968,0.12349959807398461,0.2862649649079305,-0.0016655810952597896,-2.0198196637116253e-10,0.0,-0.06037721960460129,0.04134228872142086,0.6790284058255184,0.1472692440287922,1.24814676324359,8.475271068815756,0.0,0.667244534975343,0.0,0.2617350258408486,0.0,0.26854673061056017,true
6.725,4.6,1.737233394339483,0.12096787608673557,0.2799957138005476,-0.001649215290249518,-2.0204181924315732e-10,0.0,-0.059968634858955316,0.04110363826748619,0.6823700427302409,0.14654805125953144,1.2462633272480594,8.504127598673906,0.0,0.6717090006735994,0.0,0.25604294555846957,0.0,0.26332488883000627,true
6.775,4.6,1.7526060500555865,0.11842790036929567,0.27376608847882417,-0.0016326118742357257,-2.0210119565916555e-10,0.0,-0.05956161824258622,0.04086309078753618,0.685751697309656,0.14582537730831788,1.2443845574496997,8.533388223770569,0.0,0.6761558774589982,0.0,0.2503982514595813,0.0,0.2581690841716509,true
6.825,4.6,1.7682311534646515,0.115881949973246,0.2675791384635189,-0.0016157804883666796,-2.0216007685714941e-10,0.0,-0.0591561919587329,0.04062069950004999,0.6891737467264453,0.14510129045831624,1.2425106792590175,8.563057401725576,0.0,0.6805848108789285,0.0,0.2448032570552865,0.0,0.2530795071889118,true
6.875,4.6,1.7841129112333638,0.11333226466153189,0.26143780832101604,-0.0015987308098960133,-2.022184440389137e-10,0.0,-0.05875237606077594,0.04037651782456463,0.6926365725309118,0.14437585880658513,1.2406419129163107,8.593139623005476,0.0,0.6849954416874312,0.0,0.23926017101771982,0.0,0.24805631413386384,true
6.925,4.6,1.800255611140091,0.11078104268385984,0.2553449369436759,-0.001581472545493431,-2.0227627837690555e-10,0.0,-0.05835018843441098,0.040130599324944935,0.6961405607117651,0.14364915024884564,1.2387784733728562,8.623639410514444,0.0,0.689387405904863,0.0,0.23377109770234672,0.0,0.24309962755774162,true
6.975,4.6,1.8166636237108127,0.10823043866756857,0.2493032569743001,-0.0015640154245778143,-2.0233356102144825e-10,0.0,-0.057949644781529176,0.039882997653145576,0.6996861017488926,0.1429212324641666,1.2369205701737798,8.654561319179095,0.0,0.693760334886617,0.0,0.22833803779087108,0.0,0.23820953692586727,true
7.025,4.6,1.8333414038967308,0.1056825616250286,0.24331539437264715,-0.0015463691926804386,-2.0239027310888776e-10,0.0,-0.05755075860590606,0.03963376649355399,0.7032735906682354,0.14219217289957123,1.235068407342723,8.685909935528155,0.0,0.6981138554013158,0.0,0.22296288905055245,0.0,0.23338609924617315,true
7.075,4.6,1.8502934927950003,0.10313947307836746,0.2373838681217346,-0.0015285436048457675,-2.0244639577022023e-10,0.0,-0.05715354120080267,0.03938295950800276,0.7069034270988752,0.1414620387545708,1.2332221832684447,8.717689877268207,0.0,0.7024475897188993,0.0,0.21764744720563964,0.0,0.22862933971049465,true
7.125,4.6,1.8675245194141454,0.1006031853020477,0.23151109007145096,-0.001510548419077151,-2.0250191013925594e-10,0.0,-0.056758001638584625,0.03913063028154053,0.7105760153324522,0.14073089696563107,1.2313820905934856,8.749905792856636,0.0,0.7067611557090233,0.0,0.21239340691652672,0.0,0.2239392523478031,true
7.175,4.6,1.8850392024857703,0.09807565968356334,0.22569936491678916,-0.001492393389834502,-2.0255679736137213e-10,0.0,-0.05636414676246579,0.03887683226904986,0.714291764385035,0.1399988141905771,1.2295483161050222,8.782562361073051,0.0,0.7110541669501975,0.0,0.20720236286213944,0.0,0.21931580068855233,true
7.225,4.6,1.902842352324258,0.09555880520228288,0.21995089030785214,-0.0014740882615907657,-2.0261103860491817e-10,0.0,-0.0559719811804848,0.0386216187428003,0.7180510880615704,0.13926585679294362,1.227721040628048,8.815664290590533,0.0,0.7153262328500749,0.0,0.2020758109210126,0.0,0.21475891843931658,true
7.275,4.6,1.920938872736185,0.09305447702621053,0.2142677570885842,-0.0014556427624537603,-2.0266461506966392e-10,0.0,-0.05558150726182413,0.03836504274102403,0.7218544050230346,0.13853209082627815,1.2259004389210058,8.849216319547995,0.0,0.719576958777314,0.0,0.19701514944643767,0.0,0.21026851016690443,true
7.325,4.6,1.9393337629813392,0.09056447522619569,0.20865194966100312,-0.0014370665978596577,-2.0271750799738227e-10,0.0,-0.05519272513558057,0.03810715701760131,0.7257021388564306,0.13779758201840372,1.224086679573999,8.883223215125174,0.0,0.7238059462054197,0.0,0.19202168063100136,0.0,0.2058444519911264,true
7.375,4.6,1.9580321197871395,0.08809054360691285,0.2031053464715916,-0.0014183694443440937,-2.0276969868416755e-10,0.0,-0.054805632692097386,0.03784801399294199,0.7295947181477526,0.13706239575565113,1.2222799249097192,8.917689773121626,0.0,0.7280127928689681,0.0,0.18709661195583116,0.0,0.20148659228542118,true
7.425,4.6,1.9770391394185431,0.0856343686536886,0.1976297206163153,-0.0013995609433965681,-2.028211684907455e-10,0.0,-0.054420225586967,0.03758766570614836,0.7335325765580692,0.13632659706706785,1.220480330887205,8.952620817541364,0.0,0.7321970929326127,0.0,0.182241057719795,0.0,0.1971947523845268,true
7.475,4.6,1.9963601198054464,0.08319757859404407,0.19222674056061037,-0.0013806506954034338,-2.0287189885407995e-10,0.0,-0.05403649724781375,0.037326163768543134,0.7375161529028611,0.13559025060861424,1.21868804700856,8.988021200184543,0.0,0.7363584371732479,0.0,0.17745604064389534,0.0,0.19296872729840858,true
7.525,4.6,2.0160004627296892,0.08078174257261922,0.18689797097056007,-0.0013616482536844931,-2.0292187130133224e-10,0.0,-0.053654438883963575,0.03706355931864575,0.7415458912347612,0.13485342064735634,1.2169032162287383,9.023895800247871,0.0,0.7404964131757027,0.0,0.17274249354609178,0.0,0.1888082864316558,true
7.575,4.6,2.0359656760739586,0.07838836993795609,0.18164487365137752,-0.001342563118627793,-2.0297106746126155e-10,0.0,-0.05327403949910649,0.036799902978678335,0.7456222409298428,0.1341161710456666,1.2151259748685261,9.060249523935301,0.0,0.7446106055423148,0.0,0.1681012610817942,0.0,0.1847131743075706,true
7.625,4.6,2.056261376134829,0.07601890963941772,0.1764688085891814,-0.0013234047319268894,-2.0301946907835332e-10,0.0,-0.05289528590705575,0.036535244812681084,0.7497456567776084,0.13337856524544334,1.2133564525308091,9.097087304080604,0.0,0.7487005961167211,0.0,0.16353310154526124,0.0,0.1806831112961792,true
7.675,4.6,2.0768932900023938,0.07367474973234941,0.17137103509197235,-0.001304182470924464,-2.0306705802669655e-10,0.0,-0.052518162750704214,0.03626963428631487,0.7539165990748332,0.13264066625236098,1.2115947720202354,9.134414099783438,0.0,0.7527659642221745,0.0,0.15903868872716895,0.0,0.1767177943454075,true
7.725,4.6,2.097867258008885,0.07135721698942904,0.16635271302564503,-0.0012849056430657905,-2.0311381632380635e-10,0.0,-0.0521426525242758,0.036003120228426985,0.7581355337234115,0.13190253662016418,1.2098410492663616,9.172234896060452,0.0,0.7568062869146757,0.0,0.15461861382365158,0.0,0.17281689771467634,true
7.775,4.6,2.1191892362489733,0.06906757661598346,0.1614149041407787,-0.0012655834804651727,-2.0315972614594843e-10,0.0,-0.05176873559896558,0.035735750794453805,0.7624029323323703,0.13116423843501812,1.208095393250362,9.21055470351304,0.0,0.7608211392511813,0.0,0.15027338739213775,0.0,0.16898007371017576,true
7.825,4.6,2.1408652991742616,0.06680703206691985,0.15655857348592148,-0.0012462251345881188,-2.0320476984307048e-10,0.0,-0.051396390252057694,0.0354675734317315,0.7667192723242001,0.13042583329993032,1.2063579059353755,9.24937855801317,0.0,0.7648100945731188,0.0,0.14600344134937876,0.0,0.1652069534211002,true
7.875,4.6,2.1629016422648895,0.06457672496276391,0.15178459090299803,-0.0012268396710515934,-2.03248929954559e-10,0.0,-0.051025592699605514,0.03519863484678342,0.7710850370456686,0.12968738231925692,1.204628682200542,9.288711520408798,0.0,0.768772724805404,0.0,0.14180913100709103,0.0,0.16149714745612553,true
7.925,4.6,2.1853045847809582,0.06237773510219791,0.14709373260047642,-0.001207436064544362,-2.0329218922547144e-10,0.0,-0.05065631713275269,0.03492898097464966,0.7755007158832679,0.12894894608331026,1.2029078097787766,9.32855867625015,0.0,0.7727086007711279,0.0,0.13769073714073513,0.0,0.1578502466794384,true
7.975,4.6,2.2080805725968253,0.060211080568360414,0.1424866827998794,-0.0011880231938690476,-2.0333453062262322e-10,0.0,-0.05028853575776706,0.03465865695032176,0.77996680438346,0.12821058465308272,1.2011953691983144,9.368925135538197,0.0,0.7766172925220298,0.0,0.13364846808700462,0.0,0.15426582294562585,true
8.025,4.6,2.2312361811212265,0.05807771792607294,0.13796403545121882,-0.001168609837107186,-2.0337593735257085e-10,0.0,-0.049922218839852976,0.034387707082341755,0.7844838043778758,0.127472357545104,1.1994914337280276,9.409816032496357,0.0,0.7804983696848435,0.0,0.12968246186568586,0.0,0.15074342983275976,true
8.075,4.6,2.2547781183064344,0.05597854250706394,0.13352629601292829,-0.0011492046669082138,-2.0341639287775313e-10,0.0,-0.049557334750800146,0.034116174828621205,0.789052224113627,0.1267343237164484,1.1977960693265148,9.451236525366467,0.0,0.7843514018235443,0.0,0.1257927883216385,0.0,0.14728260337301544,true
8.125,4.6,2.278713227749653,0.053914388780191086,0.12917388329189264,-0.0011298162459029933,-2.0345588093487688e-10,0.0,-0.04919385002051826,0.033844102774532495,0.7936725783888839,0.125996541549911,1.1961093345949356,9.493191796229748,0.0,0.7881759588174908,0.0,0.12197945128275325,0.0,0.14388286278018925,true
8.175,4.6,2.30304849188998,0.051886030803580126,0.12490713133917855,-0.0011104530222421874,-2.034943855530853e-10,0.0,-0.04883172939249866,0.03357153261332038,0.7983453886938751,0.12525906883937038,1.1944312807335382,9.535687050853396,0.0,0.7919716112553914,0.0,0.11824239072983576,0.0,0.14054371117348524,true
8.225,4.6,2.3277910353044016,0.049894182755532396,0.12072629139708471,-0.0010911233252595036,-2.0353189107218188e-10,0.0,-0.048470935883234305,0.033298505128877616,0.803071183357464,0.12452196277535697,1.1927619515017964,9.578727518563056,0.0,0.7957379308449758,0.0,0.11458148497446533,0.0,0.13726463629696126,true
8.275,4.6,2.352948128106311,0.047939499541036934,0.11663153389322728,-0.0010718353612595558,-2.035683821613215e-10,0.0,-0.04811143084561973,0.03302506018092416,0.8078504976994426,0.12378527993084755,1.1911013831820734,9.622318452141323,0.0,0.7994744908381985,0.0,0.11099655284103535,0.0,0.13404511123404575,true
8.325,4.6,2.3785271894502165,0.04602257747063762,0.11262295047735058,-0.0010525972094298569,-2.0360384383816935e-10,0.0,-0.04775317403634165,0.03275123669262459,0.8126838741886947,0.12304907624730511,1.189449604546661,9.666465127751911,0.0,0.8031808664717309,0.0,0.10748735584924762,0.0,0.1308845951165444,true
8.375,4.6,2.4045357911463823,0.044143955008413234,0.10870055609667273,-0.0010334168178762534,-2.036382614875351e-10,0.0,-0.04739612368726,0.032477072640673975,0.8175718626073688,0.1223134070209851,1.1878066368280427,9.711172844888972,0.0,0.8068566354224431,0.0,0.1040536003935063,0.0,0.12778253382757715,true
8.425,4.6,2.430981661389174,0.04230411358579057,0.10486429110561393,-0.0010143019997809126,-2.0367162088151212e-10,0.0,-0.04704023658076721,0.0322026050478765,0.8225150202211917,0.12157832688952949,1.1861724936921845,9.756446926350485,0.0,0.8105013782775096,0.0,0.10069493991576658,0.0,0.1247383606979067,true
8.475,4.6,2.4578726886030866,0.040503478477895385,0.10111402340582665,-0.0009952604296818354,-2.0370390819836327e-10,0.0,-0.046685468129101536,0.0319278699782368,0.8275139119560613,0.12084388981886958,1.184547181214608,9.802292718234256,0.0,0.8141146790187004,0.0,0.09741097706852687,0.0,0.12175149719512879,true
8.525,4.6,2.48521692541052,0.038742419739163,0.09744955061255914,-0.0009762996398727316,-2.0373511004279803e-10,0.0,-0.0463317724575771,0.03165290253457777,0.8325691105810381,0.1201101490904598,1.1829306978589886,9.848715589954649,0.0,0.8176961255203532,0.0,0.09420126586481528,0.0,0.11882135360522059,true
8.575,4.6,2.513022592725299,0.0370212531949152,0.09387060224344422,-0.0009574270169220312,-2.0376521346499649e-10,0.0,-0.04597910249168052,0.03137773685869311,0.8376811968978549,0.11937715728886511,1.1813230344579548,9.895720934277454,0.0,0.8212453100604482,0.0,0.09106531381214217,0.0,0.11594732970595854,true
8.625,4.6,2.541298083976342,0.03534024148563237,0.09037684192591315,-0.0009386497983097122,-2.0379420598150883e-10,0.0,-0.045627410047969795,0.031102406134037128,0.8428507599370595,0.11864496628972321,1.1797241741957238,9.943314167369858,0.0,0.8247618298441315,0.0,0.08800258402754531,0.0,0.11312881543173116,true
8.675,4.6,2.5700519694655966,0.033699595160677,0.08696786961955101,-0.0009199750691806461,-2.0382207559364826e-10,0.0,-0.04527664592869797,0.03082694259094801,0.8480783971608893,0.11791362724810565,1.1781340925921766,9.991500728861718,0.0,0.8282452875389588,0.0,0.08501249733101403,0.0,0.1103651915292996,true
8.725,4.6,2.5992930008648645,0.032099473818241166,0.08364322384979822,-0.0009014097592131484,-2.0384881080824332e-10,0.0,-0.04492676002006844,0.030551377514394712,0.8533647146729777,0.11718319058729951,1.1765527574878991,10.04028608191366,0.0,0.8316952918210563,0.0,0.08209443431471432,0.0,0.10765583020406919,true
8.775,4.6,2.629030115855866,0.030539987288330694,0.08040238394952759,-0.0008829606396014873,-2.038744006567495e-10,0.0,-0.0445777013940156,0.030275741254231128,0.8587103274349761,0.1164537059880327,1.1749801290296766,10.089675713286642,0.0,0.8351114579313133,0.0,0.07924773738559816,0.0,0.10500009575645816,true
8.825,4.6,2.6592724429181964,0.02902119685564671,0.07724477230515546,-0.0008646343201511752,-2.0389883471485003e-10,0.0,-0.04422941841338862,0.030000063237934655,0.8641158594901713,0.11572522237816588,1.173416159655872,10.139675133406898,0.0,0.8384934082406459,0.0,0.07647171277914336,0.0,0.10239734520796931,true
8.875,4.6,2.690029306269935,0.02754311651925442,0.07416975660404114,-0.0008464372464859931,-2.039221031213664e-10,0.0,-0.04388185884040143,0.02972437198579981,0.8695819441941626,0.11499778792287313,1.1718607940810346,10.190289876419012,0.0,0.8418407728233003,0.0,0.07376563254210479,0.0,0.09984692891658672,true
8.925,4.6,2.721310230965581,0.026105714285998904,0.07117665208008504,-0.0008283756973658449,-2.039441965968636e-10,0.0,-0.04353496994819729,0.02944869512855062,0.8751092244526604,0.11427145001533415,1.1703139692790465,10.241525500219009,0.0,0.8451531900370695,0.0,0.07112873648233756,0.0,0.09734819118114184,true
8.975,4.6,2.7531249481562927,0.02470891349466869,0.06826472375453928,-0.0008104557821147191,-2.0396510646323763e-10,0.0,-0.043188698635360685,0.029173059427328556,0.8806983529664482,0.11354625526795971,1.1687756144640176,10.293387586458087,0.0,0.8484303071092428,0.0,0.06856023408388823,0.0,0.09490047083431064,true
9.025,4.6,2.785483400517349,0.023352594167977574,0.06543318866919223,-0.0007926834381582439,-2.039848246603735e-10,0.0,-0.04284299154319423,0.02889749079600634,0.8863499924835466,0.11282224950417237,1.167245651068079,10.345881740506444,0.0,0.8516717807270127,0.0,0.06605930638571952,0.0,0.09250310182392431,true
9.075,4.6,2.8183957478478847,0.022036594389489763,0.06268121810920471,-0.0007750644286705602,-2.0400334376503698e-10,0.0,-0.042497795175563936,0.028622014325770447,0.8920648160586023,0.11209947775076325,1.1657239927151306,10.399013591365225,0.0,0.8548772776310106,0.0,0.06362510782257484,0.0,0.09015541378229489,true
9.125,4.6,2.8518723728481,0.020760711702691136,0.060007939813027156,-0.0007576043403304955,-2.0402065700657872e-10,0.0,-0.0421530560211006,0.02834665431190865,0.897843507319511,0.11137798423084605,1.1642105451895242,10.452788791513223,0.0,0.8580464752105517,0.0,0.06125676802665727,0.0,0.08785673258327781,true
9.175,4.6,2.8859238870790738,0.019524704529461367,0.057412440166933164,-0.0007403085811873105,-2.0403675828449272e-10,0.0,-0.04180872067753116,0.02807143428273157,0.9036867607412795,0.11065781235742751,1.1627052063985535,10.507213016673296,0.0,0.86117906209912,0.0,0.05895339358892629,0.0,0.08560638088681106,true
9.225,4.6,2.920561137110639,0.018328293605289515,0.054893766381863135,-0.0007231823786365867,-2.0405164218352283e-10,0.0,-0.04146473597789939,0.027796377030550542,0.909595281927109,0.1099390047276142,1.161207866327537,10.562291965481727,0.0,0.8642747387685512,0.0,0.05671406977898432,0.0,0.08340367867069377,true
9.275,4.6,2.95579521086259,0.017171163428634253,0.052450928650381784,-0.0007062307775071411,-2.0406530398875495e-10,0.0,-0.041121049118422126,0.02752150464462718,0.9155697878966778,0.10922160311747314,1.159718406986159,10.618031359041906,0.0,0.8673332181203133,0.0,0.05453786222265362,0.0,0.08124794374938232,true
9.325,4.6,2.991637444144815,0.016052963721911354,0.0500829022816956,-0.0006894586382601896,-2.040777396997619e-10,0.0,-0.040777607787712944,0.02724683854600316,0.9216110073815837,0.10850564847756426,1.1582367023446296,10.674436940341575,0.0,0.8703542260722312,0.0,0.052423818536494984,0.0,0.07913849227960677,true
9.375,4.6,3.0280994274018633,0.01497331090165777,0.04778862981279241,-0.0006728706353023082,-2.0408894604374882e-10,0.0,-0.040434360297094074,0.026972399524111925,0.9277196811278979,0.10779118092916015,1.1567626182580868,10.731514473510645,0.0,0.8733375021389513,0.0,0.05037096991864972,0.0,0.07707463925262577,true
9.425,4.6,3.0651930126677085,0.01393178955550324,0.0455670230939014,-0.0006564712554140884,-2.0409892048779592e-10,0.0,-0.040091255711704174,0.02669820777506783,0.9338965622057651,0.10707823976116858,1.1552960123775462,10.789269742894195,0.0,0.876282800004396,0.0,0.048378332695527486,0.0,0.07505569897296012,true
9.475,4.6,3.1029303207363013,0.01292795392364447,0.043416965346578816,-0.000640264796296723,-2.0410766125042908e-10,0.0,-0.03974824398209893,0.026424282941521438,0.9401424163259775,0.10636686342777114,1.1538367340455404,10.847708551912486,0.0,0.8791898880844239,0.0,0.04644490982398114,0.0,0.07308098552346494,true
9.525,4.6,3.1413237485539938,0.011961329382601192,0.04133731319285876,-0.0006242553652390904,-2.0411516731106375e-10,0.0,-0.03940527607603132,0.026150644153963724,0.9464580221634286,0.10565708954679093,1.1523846241744504,10.906836721676962,0.0,0.8820585500778779,0.0,0.04456969234874594,0.0,0.07114981321661938,true
9.575000000000001,4.6,3.180385976839586,0.011031413929091165,0.03932689865400149,-0.0006084468779082417,-2.041214384195473e-10,0.0,-0.03906230411008833,0.025877310073355957,0.9528441716873589,0.10494895489879888,1.1509395151053432,10.96666008932801,0.0,0.8848885855041776,0.0,0.04275166081502254,0.0,0.06926149703193012,true
9.625,4.6,3.220129977938019,0.010137679661950423,0.037384531117506635,-0.0005928430572664927,-2.0412647510358892e-10,0.0,-0.03871928148085312,0.025604298934956214,0.959301670498267,0.10424249542696971,1.1495012304449703,11.027184506056734,0.0,0.887679810225602,0.0,0.040989786636216274,0.0,0.06741535303937014,true
9.675,4.6,3.2605690239140914,0.009279574260076284,0.035508999271137896,-0.0005774474326186328,-2.041302786753326e-10,0.0,-0.03837616299525382,0.02533162859320809,0.9658313381713797,0.10353774623769325,1.1480695848783506,11.088415834769178,0.0,0.8904320569523931,0.0,0.0392830334169322,0.0,0.06561069880878466,true
9.725,4.6,3.3017166948921175,0.00845652245445182,0.03369907300282398,-0.0005622633387930291,-2.0413285123654845e-10,0.0,-0.038032904999753966,0.02505931656755228,0.9724340086065324,0.10283474160194879,1.1466443839541602,11.150359947347118,0.0,0.8931451757288159,0.0,0.037630358231440224,0.0,0.06384685380522498,true
9.775,4.6,3.3435868876480606,0.007667927492371443,0.03195350526538843,-0.0005472939154606468,-2.0413419568210972e-10,0.0,-0.03768946550803464,0.024787380089016462,0.9791105303843299,0.10213351495744515,1.145225423839908,11.213022721455113,0.0,0.895819034398317,0.0,0.036030712857913864,0.0,0.06212313977018088,true
9.825000000000001,4.6,3.3861938244606082,0.006913172592053337,0.03027103390515258,-0.0005325421065962309,-2.0413431570177022e-10,0.0,-0.03734580432681408,0.024515836147435077,0.9858617671284238,0.10143409891152971,1.1438124910436098,11.276410036838175,0.0,0.8984535190459417,0.0,0.034483044968835815,0.0,0.060438881088707326,true
9.875,4.6,3.4295520622275797,0.006191622385887125,0.02865038345354135,-0.0005180106600860668,-2.0413321578208257e-10,0.0,-0.03700188317944864,0.024244701539146186,0.9926885978737507,0.10073652524486629,1.1424053620983765,11.340527771048919,0.0,0.9010485344161994,0.0,0.03298629927804514,0.0,0.05879340514245553,true
9.925,4.6,3.473676501854527,0.005502624350622276,0.027090266880894946,-0.0005037021274868817,-2.041309012042525e-10,0.0,-0.03665766582695706,0.023973992915009405,0.999591917440561,0.10004082491588007,1.141003803206013,11.40538179453671,0.0,0.9036040043045949,0.0,0.03153941864497218,0.0,0.0571860426486386,true
9.975,4.6,3.518582397922292,0.004845510222868807,0.025589387311775652,-0.0004896188639405551,-2.0412737804261096e-10,0.0,-0.036313118186110535,0.023703726828585445,1.0065726368140566,0.09934702806596653,1.1396075698353747,11.470977965024522,0.0,0.9061198719210998,0.0,0.03014134513668335,0.0,0.05561612798497906,true
10.025,4.6,3.5642853686403995,0.004219597398331735,0.02414643970111621,-0.00047576302824935027,-2.0412265315994735e-10,0.0,-0.0359682084442325,0.023433919784315645,1.0136316835294568,0.0986551640254583,1.1382164062708213,11.537322121091407,0.0,0.9085961002238859,0.0,0.028791021048411514,0.0,0.05408299950070337,true
10.075000000000001,4.6,3.610801406093423,0.003624190313257779,0.02276011247062471,-0.0004621365831164007,-2.041167342022257e-10,0.0,-0.035622907170354934,0.0231645882855374,1.020770002062304,0.09796526132034235,1.1368300451056683,11.60442007487002,0.0,0.9110326722217069,0.0,0.027487389883305114,0.0,0.0525859998136647,true
10.125,4.6,3.6581468867876343,0.00305858180662657,0.021429089104919048,-0.00044874129555613063,-2.0410962959093027e-10,0.0,-0.03527718742238262,0.022895748882170087,1.027988554223812,0.09727734767971762,1.1354482066750502,11.67227760375905,0.0,0.9134295912433928,0.0,0.026229397292176517,0.0,0.05112447609369321,true
10.175,4.6,3.706338582505111,0.0025220544616687884,0.020152049706917006,-0.00043557873747920785,-2.0410134851388715e-10,0.0,-0.034931024849922394,0.022627418217905055,1.03528831956106,0.0965914500439818,1.1340705984220485,11.740900441039683,0.0,0.9157868811729998,0.0,0.025015991974070822,0.0,0.0496977803322891,true
10.225,4.6,3.755393671473159,0.0020138819253434793,0.01892767251205581,-0.00042265028645646873,-2.040919009145774e-10,0.0,-0.03458439779244183,0.02235961307673275,1.0426702957618343,0.09590759457373274,1.1326969141903223,11.810294265273402,0.0,0.9181045866492518,0.0,0.023846126538508917,0.0,0.04830526959878848,true
10.275,4.6,3.8053297498565337,0.0015333302044533317,0.017754635360957494,-0.0004099571266660661,-2.0408129747944422e-10,0.0,-0.034237287372430876,0.022092350428640415,1.0501354990639125,0.0952258066593689,1.1313268334357773,11.880464688344757,0.0,0.9203827732280075,0.0,0.02271875833028537,0.0,0.046946306283149,true
10.325000000000001,4.6,3.8561648435805402,0.0010796589371287427,0.0166316171302024,-0.0003975002500278311,-2.0406954962358377e-10,0.0,-0.03388967758324964,0.021825647474314376,1.0576849646685915,0.09454611093137112,1.1299600203490314,11.951417241997863,0.0,0.9226215275066002,0.0,0.021632850217726794,0.0,0.04562025832551625,true
10.375,4.6,3.9079174204930918,0.0006521226384518885,0.015557299120901268,-0.0003852804575285322,-2.0405666947495604e-10,0.0,-0.033541555371357626,0.02155952168868247,1.065319747158253,0.09386853127124568,1.128596122879536,12.023157362698118,0.0,0.9248209572090077,0.0,0.02058737134532535,0.0,0.04432649943274688,true
10.425,4.6,3.9606064028740318,0.00024997191903937545,0.014530366404791079,-0.00037329836074135664,-2.040426698562167e-10,0.0,-0.03319291071263242,0.021293990863134323,1.0730409209177676,0.0931930908231071,1.127234771651195,12.095690374631278,0.0,0.9269811912309314,0.0,0.019581297851672588,0.0,0.04306440928207766,true
10.475,4.6,4.0142511803003496,-0.0001275453245518086,0.013549509127610257,-0.00036155438354252314,-2.0402756426558938e-10,0.0,-0.032843736682500395,0.021029073146259472,1.0808495805595457,0.09251981200587685,1.1258755787581969,12.169021470630327,0.0,0.9291023796440033,0.0,0.018613613553622642,0.0,0.04183337371214277,true
10.525,4.6,4.068871622876058,-0.00048118274868539203,0.012613423769535607,-0.0003500487640274753,-2.0401136685561968e-10,0.0,-0.03249402951961772,0.020764787082947156,1.0887468413520283,0.09184871652607317,1.1245181364284478,12.243155690795417,0.0,0.931184693658458,0.0,0.017683310597612138,0.0,0.04063278490155602,true
10.575000000000001,4.6,4.124488094835771,-0.000811694431823729,0.011720814362480314,-0.00033878155662859,-2.0399409241041664e-10,0.0,-0.03214378868285636,0.020501151651695134,1.0967338396514414,0.09117982539116466,1.1231620155405042,12.31809789854389,0.0,0.9332283255437627,0.0,0.016789390079051218,0.0,0.0394620415352841,true
10.625,4.6,4.181121468531305,-0.001119833775022436,0.010870393664081112,-0.0003277526344357863,-2.0397575632114458e-10,0.0,-0.031793016901368584,0.020238186299979765,1.1048117333366212,0.0905131589234592,1.1218067639781906,12.393852753794905,0.0,0.9352334885068315,0.0,0.015930862630693515,0.0,0.0383205489590504,true
10.675,4.6,4.238793138810794,-0.001406352434696712,0.010060884288221088,-0.0003169616917208137,-2.03956374560459e-10,0.0,-0.03144172021752199,0.01997591097754458,1.1129817022467334,0.08984873677449849,1.120451904805135,12.47042468295614,0.0,0.937200416527608,0.0,0.015106748980874763,0.0,0.03720771932201917,true
10.725,4.6,4.297525037800468,-0.0016719992885712814,0.009291019791948685,-0.00030640824666537355,-2.0393596365447093e-10,0.0,-0.031089908022517813,0.019714346167470604,1.1212449486217186,0.0891865779399267,1.1190969342391683,12.547817845337189,0.0,0.9391293641519356,0.0,0.014316080482485904,0.0,0.036122971708019,true
10.775,4.6,4.357339650098864,-0.0019175194356753804,0.008559545718674948,-0.0002960916442925493,-2.0391454065437553e-10,0.0,-0.030737593084526105,0.019453512914898014,1.1296026975452989,0.08852670077480038,1.1177413194039452,12.626036095565379,0.0,0.9410206062418099,0.0,0.013557899613524925,0.0,0.035065732255574675,true
10.825000000000001,4.6,4.4182600283943145,-0.00214365323119483,0.0078652205975499,-0.0002860110596003314,-2.0389212310589677e-10,0.0,-0.03038479156919351,0.019193432853275863,1.1380561973903913,0.0878691230093066,1.116384495832115,12.705082941522859,0.0,0.9428744376832373,0.0,0.012831260450045352,0.0,0.03403543426702495,true
10.875,4.6,4.480309809516337,-0.0023511353569452913,0.0072068168989322424,-0.000276165500895293,-2.038687290173967e-10,0.0,-0.03003152305240235,0.01893412822802401,1.1466067202667813,0.08721386176485428,1.1150258646908748,12.784961497258358,0.0,0.9446911730520952,0.0,0.012135229112286363,0.0,0.03303151830701165,true
10.925,4.6,4.5435132309321355,-0.002540693928176393,0.006583121945888553,-0.0002665538133237381,-2.0384437682744597e-10,0.0,-0.029677810525182903,0.018675621917499868,1.155255562470922,0.08656093357050339,1.1136647896966527,12.865674430250676,0.0,0.9464711462385305,0.0,0.011468884184740256,0.0,0.032053432290632115,true
10.975,4.6,4.607895147699863,-0.0027130496373650808,0.00599293878167242,-0.00025717468259688287,-2.0381908537028917e-10,0.0,-0.029323680390704973,0.01841793745117094,1.1640040449377356,0.08591035437969562,1.1123005936809303,12.947223902312475,0.0,0.948214710030595,0.0,0.010831317110875833,0.0,0.031100631561553266,true
11.025,4.6,4.673481049890236,-0.00286891493559689,0.00543508699316006,-0.0002480266389058726,-2.0379287384104806e-10,0.0,-0.028969162453299564,0.01816109902490343,1.172853513694295,0.08526213958725033,1.110932554763649,13.029611503319256,0.0,0.9499222356579488,0.0,0.010221632563205688,0.0,0.030172578960392476,true
11.075000000000001,4.6,4.740297080489144,-0.0030089932520796347,0.00490840349023396,-0.00023910806102166662,-2.0376576175933638e-10,0.0,-0.028614289899485786,0.017905131513286907,1.181805340315287,0.08461630404658824,1.1095599020841265,13.112838176827276,0.0,0.9515941122966243,0.0,0.009638948789344784,0.0,0.029268744883673013,true
11.125,4.6,4.808370053793553,-0.003133978252271312,0.00441174324113364,-0.00023041718057406667,-2.0373776893202965e-10,0.0,-0.028259099271003917,0.01765006047892477,1.1908609223801583,0.08397286208714558,1.1081818110317332,13.196904136501638,0.0,0.9532307465359745,0.0,0.009082397934674481,0.0,0.02838860733366746,true
11.175,4.6,4.877727474314331,-0.0032445531350427537,0.003943979963815762,-0.0002219520865034073,-2.0370891541567264e-10,0.0,-0.02790363042988025,0.01739591217863109,1.200021683931863,0.08333182753194149,1.1067973979095165,13.281808772107821,0.0,0.9548325618090603,0.0,0.008551126342188619,0.0,0.027531651959445087,true
11.225,4.6,4.948397556198736,-0.0033413899692299174,0.003504006773394896,-0.00021371072967769184,-2.036792214774332e-10,0.0,-0.02754792651557495,0.01714271356648467,1.209289075937134,0.08269321371526109,1.1054057139532336,13.367550543621334,0.0,0.9563999977878755,0.0,0.008044294830063447,0.0,0.02669737208944166,true
11.275,4.6,5.020409243187207,-0.0034251490698663503,0.0030907367857628022,-0.00020569092766724046,-2.036487075563074e-10,0.0,-0.027192033894289206,0.01689049229370276,1.218664576748222,0.08205703350041671,1.1040057386154662,13.454126861774252,0.0,0.9579335097449122,0.0,0.007561078947456191,0.0,0.025885268755871306,true
11.325000000000001,4.6,5.093792229118552,-0.003496478414313963,0.002703103677521543,-0.00019789036966822593,-2.036173942230442e-10,0.0,-0.026836002100532927,0.016639276705307588,1.228149692566038,0.0814232992975512,1.102596372009288,13.541533953076359,0.0,0.9594335678826971,0.0,0.007100669209006868,0.0,0.025094850711302547,true
11.375,4.6,5.168576978998258,-0.003556013098443595,0.002340062202395017,-0.0001903066215658154,-2.0358530213986573e-10,0.0,-0.02647988377107898,0.016389095833570882,1.237745957904669,0.08079202308144559,1.101176426387673,13.629766707012505,0.0,0.960900656633032,0.0,0.0066622713084819275,0.0,0.024325634437718072,true
11.425,4.6,5.244794750645433,-0.0036043748329407997,0.0020005886643261455,-0.0001829371311270139,-2.0355245202005345e-10,0.0,-0.026123734571454223,0.016139979388232868,1.247454936057213,0.08016321640929691,1.0997446165129123,13.718818502713793,0.0,0.9623352739277706,0.0,0.006245106311971785,0.0,0.023577144148380864,true
11.475,4.6,5.322477616934062,-0.003642171479742112,0.0016836813475017542,-0.0001757792333127267,-2.0351886458749738e-10,0.0,-0.025767613115141162,0.015891957743504093,1.2572782195629257,0.0795368904384294,1.098299548743755,13.80868101191313,0.0,0.9637379304430479,0.0,0.00584841083102233,0.0,0.02284891178282403,true
11.525,4.6,5.401658488644946,-0.003669996628528019,0.0013883609035951893,-0.00016883015569802286,-2.0348456053553214e-10,0.0,-0.025411580875687442,0.015645061921870203,1.2672174306756459,0.07891305594390595,1.0968397086358441,13.899343974405383,0.0,0.9651091488189656,0.0,0.005471437176058913,0.0,0.022140476995283258,true
11.575000000000001,4.6,5.482371137944703,-0.003688429213126063,0.001113670696556746,-0.00016208702398910166,-2.0344956048628566e-10,0.0,-0.025055702091942505,0.015399323574731578,1.2772742218334883,0.07829172333600615,1.0953634468117663,13.990794941513462,0.0,0.9664494628568039,0.0,0.005113453490434483,0.0,0.02145138713688614,true
11.625,4.6,5.564650222509746,-0.003698033167598461,0.0008586771053321992,-0.00015554686762503264,-2.0341388495023008e-10,0.0,-0.02470004366666235,0.015154774959921433,1.287450276129799,0.07767290267753854,1.0938689628089922,14.083018982182539,0.0,0.9677594166958872,0.0,0.004773743865415587,0.0,0.020781197231909968,true
11.675,4.6,5.648531310312228,-0.0036993571217134487,0.0006224697849360183,-0.00014920662545197123,-2.0337755428546075e-10,0.0,-0.024344675058744276,0.014911448916157572,1.2977473077853703,0.07705660370095611,1.0923542865547784,14.175998345242727,0.0,0.9690395639722813,0.0,0.00445160843640029,0.0,0.0201294699484158,true
11.725,4.6,5.734050905086795,-0.0036929341354215717,0.00040416188635758026,-0.00014306315145724044,-2.0334058865760657e-10,0.0,-0.023989668169372612,0.014669378834494462,1.3081670626219088,0.07644283582524533,1.0908172570438208,14.269712070043028,0.0,0.9702904669615415,0.0,0.0041463634606482775,0.0,0.019495775563562495,true
11.775,4.6,5.821246472496482,-0.0036792814718830088,0.0002028902358289339,-0.00013711322055042413,-2.0330300800025003e-10,0.0,-0.02363509722237559,0.014428598626853409,1.3187113185367672,0.07583160817255993,1.0892554977031537,14.364135535995484,0.0,0.9715126957077537,0.0,0.003857341376790415,0.0,0.01887969192389875,true
11.825000000000001,4.6,5.910156467017434,-0.0036589004085173394,1.781547403410217e-5,-0.00013135353437843532,-2.032648319757986e-10,0.0,-0.023281038639110643,0.014189142691719612,1.3293818859789384,0.0752229295845726,1.0876663878143666,14.45923993948562,0.0,0.972706827141133,0.0,0.003583890846375076,0.0,0.0182808044009264,true
11.875,4.6,6.000820359561912,-0.0036322760854744437,-0.00015187784410855478,-0.00012578072716141095,-2.0322607993678442e-10,0.0,-0.022927570908211646,0.01395104587710543,1.3401806084263135,0.07461680863851886,1.0860470292189026,14.554991683981791,0.0,0.9738734441864489,0.0,0.0033253767777013292,0.0,0.01769870584222215,true
11.925,4.6,6.093278665860027,-0.003599877390856135,-0.0003069811884102827,-0.00012039137153623994,-2.0318677088807319e-10,0.0,-0.0225747744505468,0.013714343440889397,1.3511093628642106,0.07401325366290887,1.0843942073488726,14.65135166584776,0.0,0.975013134864543,0.0,0.0030811803321825764,0.0,0.017132996518398304,true
11.975,4.6,6.187572975620951,-0.0035621568819516843,-0.0004482620303930461,-0.00011518198439456046,-2.0314692344994322e-10,0.0,-0.022222731479749402,0.013479071008650312,1.362170060265167,0.07341227275288484,1.0827043453912686,14.748274434109824,0.0,0.9761264913891905,0.0,0.0028506989134804792,0.0,0.016583284066176738,true
12.025,4.6,6.2837459824951605,-0.003519550741689862,-0.0005764638575151558,-0.00011014903270216001,-2.031065558216616e-10,0.0,-0.021871525858695878,0.013245264529125132,1.3733646460699893,0.07281387378520286,1.0809734500909725,14.845707196952436,0.0,0.9772141092615381,0.0,0.002633346139644611,0.0,0.01604918342784297,true
12.075000000000001,4.6,6.381841514859247,-0.003472478769455542,-0.0006923062238301635,-0.00010528893928688784,-2.0306568574648957e-10,0.0,-0.02152124295231676,0.013012960227428,1.384695100670053,0.07221806443281996,1.079197047304586,14.943588640602476,0.0,0.9782765863643142,0.0,0.0024285517984889062,0.0,0.015530316787340001,true
12.125,4.6,6.48190456744597,-0.00342134440537327,-0.0007964848362375633,-0.00010059808858243947,-2.0302433047715494e-10,0.0,-0.021171969477135226,0.012782194556176197,1.3961634398908271,0.0716248521790683,1.0773701049009976,15.041847516941178,0.0,0.9793145220579638,0.0,0.0022357617864291186,0.0,0.015026313503253416,true
12.175,4.6,6.583981333841866,-0.003366534787123952,-0.000889671675463161,-9.607283231570179e-5,-2.0298250674310093e-10,0.0,-0.020823793347936256,0.01255300414467632,1.4077717154765932,0.0710342443314011,1.0754869399209002,15.140400943851175,0.0,0.9803285162808201,0.0,0.002054438030995723,0.0,0.014536810038932377,true
12.225,4.6,6.688119239876992,-0.0033084208383416377,-0.0009725151509052312,-9.170949512576311e-5,-2.0294023071816934e-10,0.0,-0.02047680352197576,0.01232542574633107,1.4195220155763348,0.07044624803469454,1.0735411059923903,15.239152345823655,0.0,0.9813191686553514,0.0,0.0018840583972175402,0.0,0.014061449889981216,true
12.275,4.6,6.794366977928785,-0.0032473573876339035,-0.0010456402884983335,-8.750438010319663e-5,-2.0289751798998868e-10,0.0,-0.02013108984114403,0.012099496184433364,1.4314164652307169,0.06986087028409438,1.0715252557614459,15.337988940074885,0.0,0.9822870776024696,0.0,0.0017241165780442884,0.0,0.013599883509350316,true
12.325000000000001,4.6,6.902774542166353,-0.003183683317296451,-0.0011096489507996504,-8.345377423883287e-5,-2.0285438353032168e-10,0.0,-0.019786742872501498,0.011875252296520205,1.4434572268601247,0.06927811793739441,1.0694309713999526,15.436778642953048,0.0,0.9832328394658061,0.0,0.0015741219689275887,0.0,0.013151768230244219,true
12.375,4.6,7.013393264758577,-0.003117721740852856,-0.00116512008859592,-7.955395377196289e-5,-2.0281084166684466e-10,0.0,-0.019443853747606904,0.011652730877463675,1.4556465007536505,0.06869799772693833,1.0672485539006697,15.535366229199035,0.0,0.9841570476477837,0.0,0.0014335995266083468,0.0,0.012716768187058327,true
12.425,4.6,7.126275853071889,-0.003049780208667206,-0.0012126100234942604,-7.580118942878445e-5,-2.0276690605630365e-10,0.0,-0.019102514001058293,0.011431968621480708,1.4679865255589575,0.06812051627103562,1.0649667585567997,15.633568517295815,0.0,0.9850602917592275,0.0,0.001302089612042221,0.0,0.012294554234545256,true
12.475,4.6,7.241476427883523,-0.0029801509410696276,-0.0012526527612219582,-7.219175154296014e-5,-2.0272258965881158e-10,0.0,-0.018762815408666655,0.011213002063246684,1.4804795787728897,0.06754568008488575,1.0625724592911465,15.731168269470299,0.0,0.9859431567841663,0.0,0.0011791478172180658,0.0,0.011884803865404798,true
12.525,4.6,7.359050562636283,-0.002909111088746241,-0.0012857603357779414,-6.872191505146237e-5,-2.02677904713752e-10,0.0,-0.01842484982567951,0.010995867518300798,1.4931279772326986,0.06697349559100477,1.0600502176209936,15.82790637201516,0.0,0.986806222261382,0.0,0.0010643447753469503,0.0,0.011487201126481685,true
12.575000000000001,4.6,7.479055323761102,-0.002836923020637618,-0.0013124231852345658,-6.538796436054227e-5,-2.0263286271691512e-10,0.0,-0.018088709025468063,0.01078060102293298,1.505934077607737,0.06640396912915057,1.0573817218587933,15.923471679867024,0.0,0.9876500614841677,0.0,0.0009572659534665612,0.0,0.011101436533747306,true
12.625,4.6,7.60154931209507,-0.0027638346403705345,-0.0013331105610268064,-6.218619807883785e-5,-2.0258747439926943e-10,0.0,-0.01775448453908639,0.010567238273743397,1.5189002768914353,0.06583710696574427,1.0545450467511532,16.01748763504818,0.0,0.9884752407196452,0.0,0.000857511425820711,0.0,0.010727206986232758,true
12.675,4.6,7.726592705421505,-0.0026900797334989627,-0.0013482709742324711,-5.911293361761536e-5,-2.025417497068753e-10,0.0,-0.017422267496104805,0.01035581456706608,1.5320290128933618,0.0652729153027865,1.0515136599423163,16.109494344853125,0.0,0.9892823184488977,0.0,0.0007646956252712793,0.0,0.010364215679072432,true
12.725,4.6,7.854247302160676,-0.002615878349873833,-0.0013583326850762107,-5.616451166237926e-5,-2.024956977822609e-10,0.0,-0.01709214846711152,0.010146364738447733,1.5453227647311454,0.06471140028626833,1.0482550638495955,16.1989241341148,0.0,0.9900718446290585,0.0,0.0006784470681874617,0.0,0.010012172015808576,true
12.775,4.6,7.9845765662383,-0.0025414372288802755,-0.0013637042464713115,-5.3337300526402715e-5,-2.0244932694751468e-10,0.0,-0.016764217308268076,0.00993892310237188,1.558784053321998,0.06415256801407822,1.0447288997782487,16.285067490189697,0.0,0.9908443599783896,0.0,0.0005984080452016822,0.0,0.009670791520099555,true
12.825000000000001,4.6,8.117645673161055,-0.002466950281187829,-0.0013647751203548593,-5.062770040658083e-5,-2.0240264468847294e-10,0.0,-0.016438563008293557,0.009733523392416548,1.5724154418735683,0.06359642454340678,1.0408842367944446,16.367024471383683,0.0,0.9916003952852802,0.0,0.0005242342649014913,0.0,0.009339795746965892,true
12.875,4.6,8.253521557327284,-0.002392599151244454,-0.0013619163998546651,-4.803214757808363e-5,-2.0235565764039034e-10,0.0,-0.016115273538241374,0.00953019870203118,1.5862195363738087,0.06304297589765279,1.0366555848628032,16.44363341200395,0.0,0.9923404707419778,0.0,0.0004555944279179784,0.0,0.009018912193700856,true
12.925,4.6,8.392272960601893,-0.0023185539045860433,-0.001355481697196284,-4.5547118591768265e-5,-2.023083715749438e-10,0.0,-0.015794435704420035,0.009328981426115221,1.6001989860795196,0.062492228072834596,1.0319568360976017,16.51336282801211,0.0,0.9930650953037555,0.0,0.0003921696907174196,0.0,0.00870787421056441,true
12.975,4.6,8.533970482184916,-0.002244973923261501,-0.001345808310592953,-4.3169134587532585e-5,-2.0226079138869794e-10,0.0,-0.015476135004795957,0.009129903203576843,1.6143564840031954,0.0619441870435118,1.0266716892794767,16.57414098530837,0.0,0.9937747660741197,0.0,0.0003336529422107009,0.0,0.00840642091137167,true
13.025,4.6,8.67868662980261,-0.002172009175485776,-0.001333218896450016,-4.0894765929058884e-5,-2.0221292109269445e-10,0.0,-0.015160455489201807,0.008932994861045651,1.6286947673977752,0.06139885876822313,1.0206377777746827,16.623074080701187,0.0,0.9944699677165437,0.0,0.0002797477391826913,0.0,0.008114297084080154,true
13.075000000000001,4.6,8.826495872250947,-0.0020998022154974476,-0.001318024133889768,-3.872063754497824e-5,-2.0216476380357036e-10,0.0,-0.014847479623659027,0.008738286357908024,1.6432166182388481,0.0608562491944471,1.013618753102385,16.655951796563794,0.0,0.9951511718931129,0.0,0.0002301665677683294,0.0,0.00783125310147273,true
13.125,4.6,8.977474693320943,-0.0020284917550912494,-0.001300527539962831,-3.664343571139925e-5,-2.021163217355563e-10,0.0,-0.0145372881591068,0.008545806732827833,1.6579248637038537,0.060316364263092725,1.005251301858243,16.66631127621449,0.0,0.9958188367303626,0.0,0.00018462763426743865,0.0,0.007557044832026513,true
13.175,4.6,9.131701647135756,-0.001958220095063617,-0.001281035615224494,-3.465991758325436e-5,-2.0206759619415918e-10,0.0,-0.014229960004813216,0.008355584051908895,1.6728223766477452,0.05977920991252828,0.9949337915567453,16.643475097991068,0.0,0.996473406312493,0.0,0.00014284797684292126,0.0,0.0072914335510514475,true
13.225,4.6,9.28925741492865,-0.0018891520393968452,-0.0012598840459346749,-3.2766924765951774e-5,-2.0201858757063172e-10,0.0,-0.013925572106726904,0.008167645358648577,1.6879120760745923,0.0592447920821563,0.9815554878370725,16.56779361257482,0.0,0.9971153102020326,0.0,0.00010452535195624772,0.0,0.00703418585217579,true
13.275,4.6,9.45022486329209,-0.0018215363814009288,-0.0012375238473176227,-3.096140309974917e-5,-2.0196929533750816e-10,0.0,-0.01362419933100946,0.007982016625824484,1.703196927604513,0.058713116715544175,0.9626691032154714,16.396150588963824,0.0,0.9977449629879515,0.0,6.927792316611153e-5,0.0,0.006785073559250047,true
13.325000000000001,4.6,9.614689103926928,-0.0017558648322566351,-0.0012147311548763515,-2.9240746792245432e-5,-2.0191971804554988e-10,0.0,-0.013325914352970526,0.007798722709448316,1.7186799439353166,0.05818418976311947,0.9308429461980807,15.998211025843025,0.0,0.9983627638611084,0.0,3.6506512155053785e-5,0.0,0.006543873638734723,true
13.375,4.6,9.782737554922088,-0.001690346031321422,-0.00118877532109174,-2.760869724788506e-5,-2.0186985332133869e-10,0.0,-0.013030787551608464,0.0076177873049127105,1.734364185298188,0.057658017184439886,0.8511049710524691,14.761259797226533,0.0,0.9989690962168485,0.0,8.287610583810355e-6,0.0,0.006310368112632002,true
13.425,4.6,9.954460003592354,-0.0016094585600120379,-0.0011375370248836055,-2.6068267595008786e-5,-2.0181969786601194e-10,0.0,-0.0127388869099404,0.007439232905448008,1.7502527599066857,0.05713460495004818,0.682604149222142,11.94729796099809,0.0,0.9995643272844732,0.0,3.8747412963582725e-7,0.0,0.006084343972016192,true
13.475,4.6,10.129948670904176,-0.0015251182665990187,-0.001078487242113907,-2.4604964349254314e-5,-2.017692474548678e-10,0.0,-0.0124502779212858,0.00726308076299717,1.7663488243983165,0.056613959042922164,0.5241034851026237,9.2574957477408,0.0,1.0001488077832277,0.0,2.0445547053116802e-8,0.0,0.0058655930912125485,true
13.525,4.6,10.309298277518254,-0.0014442776837515587,-0.0010216264573985536,-2.3214323042159258e-5,-2.0171849693769837e-10,0.0,-0.012165023501648197,0.007089350851607542,1.7826555842678622,0.05609608545953091,0.38414630519555176,6.848005561327168,0.0,1.00072287160438,0.0,1.4232875253583714e-9,0.0,0.005653912142669706,true
13.575000000000001,4.6,10.492606111474975,-0.0013671181093108961,-0.0009673197865059407,-2.189315777571222e-5,-2.0166744024001357e-10,0.0,-0.011883183908319713,0.006918061833428755,1.799176294291616,0.055580990210507795,0.2610390250784161,4.696552258060809,0.0,1.001286835518889,0.0,1.2782895864069395e-10,0.0,0.005449102512566172,true
13.625,4.6,10.679972097553117,-0.0012935141281362238,-0.0009154933771321817,-2.0638438654056984e-5,-2.0161607036495745e-10,0.0,-0.011604816664813309,0.006749231027396329,1.815914258941623,0.05506867932095177,0.15312053570862813,2.7805376413007776,0.0,1.0018409989101014,0.0,1.4480139783955917e-11,0.0,0.005250970217187292,true
13.675,4.6,10.87149886832594,-0.0012233278476765958,-0.0008660533900638033,-1.9447227560907057e-5,-2.0156437939580094e-10,0.0,-0.011329976492207797,0.006582874380670629,1.8328728327889774,0.05455915883036781,0.059180762817991596,1.0847081239282483,0.0,1.0023856435308391,0.0,2.0374020904439513e-12,0.0,0.005059325820104982,true
13.725,4.6,11.06729183694117,-0.001156424137627688,-0.0008189070236778276,-1.831668865099359e-5,-2.0151235849901595e-10,0.0,-0.011058715246970965,0.0064190064428909415,1.8500554208951674,0.05405243479225829,-0.02178658869924761,-0.40306396525856436,0.0,1.0029210332842096,0.0,3.517645467323498e-13,0.0,0.004873984350188936,true
13.775,4.6,11.2674592716518,-0.001092672254344725,-0.0007739643211208138,-1.724409775773085e-5,-2.0145999792808081e-10,0.0,-0.010791081865306569,0.006257640343294313,1.867465479190409,0.053548513273376494,-0.09074933573614308,-1.6947125174670772,0.0,1.0034474140273921,0.0,7.363654021735245e-14,0.0,0.004694765220474406,true
13.825000000000001,4.6,11.472112372119241,-0.0010319460198110397,-0.0007311383622774345,-1.622684204465087e-5,-2.0140728702748633e-10,0.0,-0.010527122314051724,0.006098787770738873,1.8851065148378607,0.05304740035265385,-0.1486701030894738,-2.8025897989558337,0.0,1.0039650133976208,0.0,1.8459218489553705e-14,0.0,0.0045214921479083785,true
13.875,4.6,11.681365347513795,-0.000974123621754334,-0.0006903451404090393,-1.526241475534401e-5,-2.013542142372139e-10,0.0,-0.010266879548132091,0.005942458956661241,1.9029820865825395,0.05254910211981263,-0.1964854663443944,-3.73908322727199,0.0,1.0044740406595376,0.0,5.472791565579148e-15,0.0,0.004353993073993008,true
13.925,4.6,11.895335496431752,-0.0009190873761857495,-0.0006515034067597753,-1.4348409588442041e-5,-2.0130076709770577e-10,0.0,-0.010010393474563761,0.005788662660987746,1.9210958050837121,0.0520536246736755,-0.23508563091542178,-4.516220193870746,0.0,1.0049746865730518,0.0,1.895977710344588e-15,0.0,0.00419210008634228,true
13.975,4.6,12.114143288653366,-0.0008667235487448638,-0.0006145345554119934,-1.3482516119555521e-5,-2.012469322549117e-10,0.0,-0.009757700922972339,0.005637406161009372,1.939451333229465,0.05156097412018359,-0.26530736742351535,-5.145507274651363,0.0,1.0054671232808086,0.0,7.586914275603026e-16,0.0,0.004035649341165169,true
14.025,4.6,12.337912448754961,-0.0008169222228301954,-0.0005793625404338243,-1.2662516047904274e-5,-2.0119269546567295e-10,0.0,-0.009508835622582158,0.005488695243220577,1.958052386432098,0.051071156570134925,-0.28793481095255724,-5.637914437225296,0.0,1.005951504214336,0.0,3.468297742547774e-16,0.0,0.003884480986686338,true
14.075000000000001,4.6,12.566770041596369,-0.0007695771872710722,-0.0005459138061530801,-1.1886279825025138e-5,-2.0113804160324973e-10,0.0,-0.009263828185611209,0.005342534198112734,1.9769027329029154,0.05058417813665441,-0.30370217023467483,-6.003896503254751,0.0,1.0064279640179181,0.0,1.7923458584575352e-16,0.0,0.0037384390875129154,true
14.125,4.6,12.800846559697153,-0.0007245858302641244,-0.0005141172212098851,-1.1151763451546423e-5,-2.0108295466294913e-10,0.0,-0.009022706096990766,0.005198925817903603,1.9960061939049287,0.050100044932407196,-0.3132960546038763,-6.253408655153138,0.0,1.006896618489219,0.0,1.036652397672746e-16,0.0,0.0035973715499540157,true
14.175,4.6,13.040276012512681,-0.0006818490370298972,-0.00048390401462886253,-1.0457005398818559e-5,-2.0102741776770506e-10,0.0,-0.008785493710312722,0.005057871397175266,2.0153666439819,0.049618763066566915,-0.31735728857684886,-6.3959129362231915,0.0,1.0073575645356658,0.0,6.646849816455267e-17,0.0,0.0034611300482977293,true
14.225,4.6,13.285196017622457,-0.0006412710918140036,-0.00045520771439439586,-9.800123661863696e-6,-2.0097141317391187e-10,0.0,-0.008552212249892239,0.00491937073638419,2.0349880111620906,0.04914033864155027,-0.316482556179774,-6.440382075677729,0.0,1.0078108801455796,0.0,4.682174342531767e-17,0.0,0.003329569952048569,true
14.275,4.6,13.535747893837693,-0.0006027595846258976,-0.00042796408884682754,-9.179312946408802e-6,-2.0091492227689692e-10,0.0,-0.008322879818818721,0.004783422148198673,2.0548742771350104,0.04866477774952933,-0.31122607201855246,-6.395304497646916,0.0,1.008256624373045,0.0,3.592658365892121e-17,0.0,0.0032025502541267546,true
14.325000000000001,4.6,13.792076756232019,-0.0005662253224678553,-0.0004021110907610918,-8.592841982971172e-6,-2.0085792561644751e-10,0.0,-0.008097511412854202,0.0046500224666108725,2.0750294773993647,0.04819208646873299,-0.30210131655377226,-6.2686913701023395,0.0,1.008694837335484,0.0,2.978622262203431e-17,0.0,0.0030799335000293677,true
14.375,4.6,14.054331613097752,-0.0005315822445435025,-0.00037758880378008355,-8.039050957180026e-6,-2.008004028821475e-10,0.0,-0.007876118940025136,0.004519167058762868,2.095457701380329,0.047722270859549,-0.2895828150212368,-6.068085399236458,0.0,1.0091255402229158,0.0,2.648157174998442e-17,0.0,0.0029615857179520846,true
14.425,4.6,14.322665464825675,-0.0004987473409311157,-0.000354339390869696,-7.516349045756025e-6,-2.0074233291850825e-10,0.0,-0.007658711245741202,0.004390849839418919,2.1161630925141863,0.04725533696043781,-0.27410793620418966,-5.800570979605393,0.0,1.0095487353178663,0.0,2.5066704653098936e-17,0.0,0.002847376349869073,true
14.475,4.6,14.597235404702488,-0.0004676405742719808,-0.00033230704450634745,-7.023212048839921e-6,-2.0068369372982485e-10,0.0,-0.007445294143263362,0.00426506328800914,2.1371498482982885,0.04679129078366932,-0.2560786954794005,-5.472785451962244,0.0,1.0099644060249053,0.0,2.509377712799596e-17,0.0,0.0027371781835674788,true
14.525,4.6,14.87820272161603,-0.0004381848040822855,-0.0003114379383469947,-6.558180110488845e-6,-2.0062446248475442e-10,0.0,-0.007235870449332565,0.004141798468163365,2.1584222203041863,0.04633013831089406,-0.23586355198845388,-5.090931315717505,0.0,1.010372516908787,0.0,2.6401511092972128e-17,0.0,0.002630867285632249,true
14.575000000000001,4.6,15.165733004655083,-0.00041030571333995077,-0.00029168018016011805,-6.119855520023568e-6,-2.0056461552055904e-10,0.0,-0.007030440024760902,0.0040210450496478665,2.1799845141516996,0.045871885488559604,-0.2137991920650804,-4.660789278400202,0.0,1.0107730137401767,0.0,2.902331208175892e-17,0.0,0.002528322935375992,true
14.625,4.6,15.459996249584245,-0.00038393173703252,-0.0002729837658189528,-5.706900587626214e-6,-2.005041283469379e-10,0.0,-0.0068289998197779535,0.00390279133261208,2.2018410894415927,0.04541653822318346,-0.190192292119052,-4.187732036828071,0.0,1.011165823547964,0.0,3.3155755786291356e-17,0.0,0.002429427559707991,true
14.675,4.6,15.761166967168913,-0.0003589939923833134,-0.00025530053417855623,-5.318035588228324e-6,-2.0044297564948805e-10,0.0,-0.006631543923917103,0.003787024274047288,2.223996359644409,0.044964102376493474,-0.16532125503580727,-3.6767386937148028,0.0,1.011550854677162,0.0,3.9162786891775406e-17,0.0,0.0023340666689358734,true
14.725,4.6,16.069424293323017,-0.00033542621050181856,-0.00023858412267708772,-4.9520367683157414e-6,-2.0038113129264895e-10,0.0,-0.006438063620219412,0.003673729516354622,2.246454791942917,0.04451458376044677,-0.13943791501887412,-3.13240972372679,0.0,1.011927996851416,0.0,4.7606248445990746e-17,0.0,0.0022421287934928534,true
14.775,4.6,16.384952101041247,-0.00031316466923073593,-0.00022278992351891156,-4.607734410811387e-6,-2.0031856832220558e-10,0.0,-0.006248547443526448,0.003562891417915515,2.269220907025518,0.04406798813213802,-0.11276920665956731,-2.5589824142057145,0.0,1.0122971212391485,0.0,5.930078502589292e-17,0.0,0.002153505421583048,true
14.825000000000001,4.6,16.70793911407593,-0.0002921481269861452,-0.00020787504031276983,-4.284010953680205e-6,-2.0025525896727787e-10,0.0,-0.006062981242627984,0.0034544930855540863,2.2922992788278336,0.043624321188608046,-0.08551879483466868,-1.9603467172573645,0.0,1.0126580805224024,0.0,7.539524342651365e-17,0.0,0.002068090937736998,true
14.875,4.6,17.03857902230763,-0.00027231775740884967,-0.00019379824505224425,-3.979799158333189e-6,-2.0019117464170788e-10,0.0,-0.005881348246026127,0.003348516408777706,2.3156945342195803,0.043183588561563596,-0.05786866280095566,-1.3400614615076896,0.0,1.01301070896744,0.0,9.748523590518371e-17,0.0,0.0019857825622691897,true
14.925,4.6,17.377070598753043,-0.0002536170846641005,-0.00018051993533806253,-3.694080324291457e-6,-2.0012628594493642e-10,0.0,-0.005703629131073718,0.0032449420956792616,2.3394113526337117,0.04274579581201908,-0.02998065657919521,-0.7013708836078185,0.0,1.0133548224961904,0.0,1.2776320629045258e-16,0.0,0.0019064802916291788,true
14.975,4.6,17.72361781814706,-0.00023599191924361424,-0.00016800209175248524,-3.42588254690841e-6,-2.000605626621666e-10,0.0,-0.0055298020962421405,0.0031437497103824073,2.36345446563469,0.04231094842487083,-0.00199798440288384,-0.0472214515926427,0.0,1.0136902187576524,0.0,1.6921328658352932e-16,0.0,0.0018300868396376327,true
15.025,4.6,18.078429977023866,-0.00021939029413808262,-0.00015620823530505313,-3.1742790152399865e-6,-1.999939737640862e-10,0.0,-0.0053598429362717685,0.0030449177119092883,2.3878286564225855,0.04187905180341488,0.025953329352398583,0.6197210355723076,0.0,1.0140166771983816,0.0,2.2585828864536465e-16,0.0,0.001756507579598607,true
15.075000000000001,4.6,18.441721815213647,-0.00020376240126026673,-0.00014510338487639608,-2.9383863474017467e-6,-1.9992648740567152e-10,0.0,-0.005193725119957214,0.002948423494348935,2.412538759269605,0.041450111263818604,0.05376303575157858,1.2970540756668079,0.0,1.0143339591312093,0.0,3.0306497738842384e-16,0.0,0.0016856504872791451,true
15.125,4.6,18.813713638665305,-0.00018906052800836588,-0.0001346540145926666,-2.7173629609598246e-6,-1.998580709245749e-10,0.0,-0.005031419870319238,0.0028542434282036616,2.4375896588854684,0.04102413202955689,0.08133529785903798,1.9826208096356035,0.0,1.014641807801371,0.0,4.0791080360336107e-16,0.0,0.0016174260847473313,true
15.175,4.6,19.194631443488557,-0.00017523899386682744,-0.00012482801106759097,-2.510407476074569e-6,-1.9978869083867875e-10,0.0,-0.004872896246915769,0.0027623529027904097,2.4629862897079295,0.04060111922582338,0.10858737129725798,2.6744920674057076,0.0,1.0149399484492374,0.0,5.496099169432869e-16,0.0,0.0015517473850598954,true
15.225,4.6,19.584707041102526,-0.00016225408694746347,-0.00011559463045236915,-2.3167571492570104e-6,-1.997183128429256e-10,0.0,-0.004718121230045711,0.002672726369573987,2.4887336351145692,0.04018107787392703,0.13544832750892866,3.370948084914847,0.0,1.0152280883688662,0.0,7.399878677703544e-16,0.0,0.0014885298377904474,true
15.275,4.6,19.98417818436353,-0.00015006400037820278,-0.00010692445523608149,-2.1356863357178137e-6,-1.9964690180556208e-10,0.0,-0.004567059806601269,0.0025853373863096306,2.5148367265518337,0.0397640128856846,0.1618578182742745,4.070459858756981,0.0,1.0155059169616223,0.0,9.939823107358873e-16,0.0,0.00142769127538956,true
15.325000000000001,4.6,20.3932886945308,-0.00013862876845084174,-9.878935074145945e-5,-1.9665049783983666e-6,-1.995744217634395e-10,0.0,-0.004419675057327227,0.002500158661873167,2.5413006425771343,0.03934992905781897,0.1877648801078334,4.771670104714556,0.0,1.0157731057841275,0.0,1.3301307579625336e-15,0.0,0.0013691518603678886,true
15.375,4.6,20.812288588921653,-0.00012791020244389806,-9.116242126364978e-5,-1.8085571218903844e-6,-1.9950083591675914e-10,0.0,-0.004275928245249047,0.0024171621016582895,2.568130507809624,0.03893883106637391,0.21312677752094067,5.473373793826821,0.0,1.0160293085898384,0.0,1.7709858021803025e-15,0.0,0.0013128340332937457,true
15.425,4.6,21.241434209077863,-0.00011787182604360988,-8.401796580401506e-5,-1.6612194495946923e-6,-1.9942610662293945e-10,0.0,-0.004135778905035645,0.0023363188534220934,2.5953314917851507,0.038530723461154805,0.2379078848549226,6.174498257079761,0.0,1.0162741613635609,0.0,2.3433735399506175e-15,0.0,0.0012586624615965128,true
15.475,4.6,21.680988349269853,-0.00010847881029709227,-7.733143335837776e-5,-1.523899842666594e-6,-1.9935019538974427e-10,0.0,-0.003999184933067407,0.0022575993534620148,2.6229088077106306,0.03812561066020576,0.2620786075256365,6.874082879915295,0.0,1.0165072823482457,0.0,3.078383249156117e-15,0.0,0.001206563989167578,true
15.525,4.6,22.131220385130224,-9.969790804880071e-5,-7.107937773095569e-5,-1.3960359595726215e-6,-1.9927306286765717e-10,0.0,-0.0038661026779851586,0.002180973373009576,2.6508677111129573,0.03772349694433275,0.28561434511276734,7.571258452901079,0.0,1.0167282720634296,0.0,4.0109479717744154e-15,0.0,0.0011564675867505143,true
15.575000000000001,4.6,22.59240640220147,-9.149738783706183e-5,-6.523941186320182e-5,-1.2770938354711201e-6,-1.9919466884140653e-10,0.0,-0.003736487031501631,0.0021064100647290238,2.679213498377357,0.03732438645168225,0.3084945007818893,8.265226306700217,0.0,1.016936713314711,0.0,5.178850518792139e-15,0.0,0.0011083043031124087,true
15.625,4.6,23.064829324159835,-8.384696726377778e-5,-5.979016169246664e-5,-1.166566501154952e-6,-1.991149722208139e-10,0.0,-0.003610291519263121,0.0020338780092118243,2.7079515051698624,0.036928283172385425,0.33070154399586005,8.955237438255866,0.0,1.0171321711936692,0.0,6.62097397721176e-15,0.0,0.0010620072169884882,true
15.675,4.6,23.54877904045731,-7.671774589942853e-5,-5.471121959023361e-5,-1.063972621981113e-6,-1.9903393103075011e-10,0.0,-0.0034874683915558408,0.001963345261361211,2.737087104738461,0.03653519094327668,0.35222013623838955,9.640571929273198,0.0,1.0173141930676741,0.0,8.374619629662127e-15,0.0,0.0010175113897922335,true
15.725,4.6,24.044552533103726,-7.008213784842377e-5,-4.998309747451432e-5,-9.688551580711772e-7,-1.9895150240034647e-10,0.0,-0.003367968713658485,0.0018947793965643886,2.766625706087161,0.03614511344269623,0.37303633234086986,10.32051906358724,0.0,1.0174823085590428,0.0,1.0471751413285907e-14,0.0,0.000974753819083499,true
15.775,4.6,24.552454002286595,-6.391380417683951e-5,-4.558717974593821e-5,-8.807800480948354e-7,-1.988676425514736e-10,0.0,-0.0032517424556501168,0.0018281475565537077,2.796572752017104,0.03575805418538541,0.39313687269583947,10.994358659944016,0.0,1.017636029513029,0.0,1.2934110814624165e-14,0.0,0.000933673392787227,true
15.825000000000001,4.6,25.072794990507493,-5.8187585494247544e-5,-4.150567626114308e-5,-7.993349201221938e-7,-1.9878230678629934e-10,0.0,-0.0031387385814902746,0.0017634164948619867,2.8269337170285582,0.035374016517483765,0.412508583806267,11.66134424125637,0.0,1.0177748499541635,0.0,1.576729633894176e-14,0.0,0.0008942108441555955,true
15.875,4.6,25.605894504879824,-5.2879435080536756e-5,-3.7721575627992056e-5,-7.241278343009948e-7,-1.9869544947421492e-10,0.0,-0.0030289051371963425,0.0017005526217812377,2.857714105077465,0.03499300361163639,0.4311379058603449,12.320688748106681,0.0,1.0178982460304786,0.0,1.8954129919320253e-14,0.0,0.0008563087074665855,true
15.925,4.6,26.152079137217513,-4.796635305213356e-5,-3.421859918117625e-5,-6.547860634084457e-7,-1.9860702403789192e-10,0.0,-0.002922189337951649,0.0016395220487382752,2.888919447179952,0.03461501846221985,0.4490105659293345,12.971553559025304,0.0,1.0180056759451792,0.0,2.244793819511456e-14,0.0,0.0008199112744521433,true
15.975,4.6,26.711683181504096,-4.342632216270539e-5,-3.098115606878108e-5,-5.909549185459026e-7,-1.985169829386593e-10,0.0,-0.0028185376539863545,0.0015802906320050811,2.9205552988579924,0.03424006388069502,0.4661114135980345,13.613041588419291,0.0,1.0180965798753527,0.0,2.6166733721987104e-14,0.0,0.0007849645514493075,true
16.025000000000002,4.6,27.285048748314097,-3.923824592246063e-5,-2.799429994406726e-5,-5.322966282709786e-7,-1.9842527766106226e-10,0.0,-0.002717895895082019,0.0015228240156662646,2.952627237419209,0.03386814249109434,0.4824244320953077,14.24419518201099,0.0,1.0181703798773256,0.0,2.9989626542632424e-14,0.0,0.0007514162172677975,true
16.075000000000003,4.6,27.872525875720875,-3.5381889787682464e-5,-2.524368780497463e-5,-4.784892801684326e-7,-1.9833185869670133e-10,0.0,-0.002620209293559665,0.0014670876737705749,2.9851408590635113,0.03349925672565136,0.49793293220220014,14.863999409900888,0.0,1.0182264797783163,0.0,3.375702237154244e-14,0.0,0.0007192155817677673,true
16.125000000000004,4.6,28.47447263618737,-3.1837826208147606e-5,-2.271554154951063e-5,-4.292258341234183e-7,-1.982366755273624e-10,0.0,-0.00252542258562023,0.0014130469515980827,3.0181017758090958,0.033133408820579587,0.5126199284979033,15.471391165146533,0.0,1.018264265054047,0.0,3.727612561074122e-14,0.0,0.0006883135451415587,true
16.175,4.6,29.09125523892158,-2.8587384315519806e-5,-2.0396612811729146e-5,-3.8421321627027793e-7,-1.9813967660747818e-10,0.0,-0.0024334800909154262,0.0013606671059793653,3.0515156122300406,0.03277060081200772,0.5264686882215177,16.06527421458231,0.0,1.0182831026920187,0.0,4.033281497824355e-14,0.0,0.0006586625578934394,true
16.225,4.6,29.72324812711538,-2.5612604983741575e-5,-1.827415160546201e-5,-3.431715016712322e-7,-1.9804080934584785e-10,0.0,-0.0023443257902361877,0.0013099133446078171,3.085388001997538,0.032410834532077694,0.5394634327828813,16.64454003024707,0.0,1.0182823410401722,0.0,4.271000452749933e-14,0.0,0.0006302165815114537,true
16.275000000000002,4.6,30.370834069466657,-2.289620188920713e-5,-1.633587922869353e-5,-3.0583319220230637e-7,-1.9794002008675434e-10,0.0,-0.002257903401215068,0.0012607508642909558,3.119724584216542,0.0320541116052118,0.551590161554809,17.208093874145113,0.0,1.0182613096407,0.0,4.421118585548794e-14,0.0,0.0006029310498256392,true
16.325000000000003,4.6,31.034404245349737,-2.0421529044545497e-5,-1.4569965770795891e-5,-2.719425939149858e-7,-1.9783725409043107e-10,0.0,-0.0021741564519480766,0.0012131448880914105,3.154530999549388,0.031700433444554706,0.5628375579611204,17.754885242990298,0.0,1.0182193190488043,0.0,4.4686211061957644e-14,0.0,0.0005767628310469782,true
16.375000000000004,4.6,31.71435832293264,-1.817255508026591e-5,-1.2965012421418253e-5,-2.412552953882605e-7,-1.9773245551295078e-10,0.0,-0.002093028352450542,0.0011670607013130078,3.189812886117726,0.031349801248595655,0.5731979300134938,18.28394143453049,0.0,1.0181556606362219,0.0,4.405496881120257e-14,0.0,0.0005516701904815595,true
16.425,4.6,32.411104529523904,-1.613384431297988e-5,-1.1510038610578137e-5,-2.135377454313896e-7,-1.9762556738552596e-10,0.0,-0.0020144624638705724,0.0011224636862921216,3.22557587517386,0.031002215997975858,0.5826681322399329,18.794402705857394,0.0,1.0180696063793957,0.0,4.232398479771508e-14,0.0,0.0005276127539145275,true
16.475,4.6,33.125059713372956,-1.4290544381001419e-5,-1.0194473824193044e-5,-1.885669251343156e-7,-1.9751653159337827e-10,0.0,-0.0019384021653925429,0.001079319355959106,3.2618255865323755,0.030657678452485657,0.5912504140912768,19.28555728730789,0.0,1.0179604086321914,0.0,3.95916066492996e-14,0.0,0.0005045514716584774,true
16.525000000000002,4.6,33.85664939610659,-1.26283799642071e-5,-9.008153749667729e-6,-1.6613010591184664e-7,-1.9740528885401447e-10,0.0,-0.0018647909187717963,0.001037593386139257,3.2985676237527897,0.03031618914825512,0.5989531418296812,19.75687441784399,0.0,1.0178272998831155,0.0,3.60394367137445e-14,0.0,0.0004824485832610081,true
16.575000000000003,4.6,34.60620840260974,-1.1133651851126236e-5,-7.941320223731894e-6,-1.4602468205916234e-7,-1.9729177869521587e-10,0.0,-0.0017935723304502778,0.0009972516465672522,3.335807569063645,0.029977748395141935,0.605791346642832,20.20803359404417,0.0,1.0176694924970335,0.0,3.19107487226907e-14,0.0,0.00046126758286624855,true
16.625000000000004,4.6,35.374379565331466,-9.793240540455002e-6,-6.984624399508347e-6,-1.280580656216378e-7,-1.9717593943255316e-10,0.0,-0.001724690211211193,0.0009582602305934652,3.3735509780184225,0.029642356274319184,0.6117870610925974,20.638948382879484,0.0,1.0174861784414422,0.0,2.7479242194232402e-14,0.0,0.00044097318522516875,true
16.675,4.6,36.16151418992623,-8.594612866704347e-6,-6.1291320513662204e-6,-1.1204762258154432e-7,-1.9705770814667668e-10,0.0,-0.0016580886333389358,0.0009205854835648658,3.411803373873378,0.029310012636065617,0.6169694169128576,21.04978338199978,0.0,1.0172765289973935,0.0,2.3015384035723043e-14,0.0,0.00042153129234957434,true
16.725,4.6,36.96807279709581,-7.525830881949415e-6,-5.366330464963433e-6,-9.782063951419266e-8,-1.969370206603246e-10,0.0,-0.001593711985258439,0.0008841940298674129,3.450570241677338,0.028980717097759918,0.6213744935926852,21.44096336528245,0.0,1.017039694455258,0.0,1.875541113841895e-14,0.0,0.0004029089608046646,true
16.775000000000002,4.6,37.79452467046058,-6.575561462628784e-6,-4.688135815318806e-6,-8.52143002366103e-8,-1.9681381151525458e-10,0.0,-0.0015315050236357661,0.0008490527986209365,3.489857022063331,0.028654469042080227,0.6250449193944991,21.81317401053901,0.0,1.0167748037955373,0.0,1.4879646856250988e-14,0.0,0.0003850743696350811,true
16.825000000000003,4.6,38.64134783278778,-5.733085435150115e-6,-4.086900167549247e-6,-7.407565665536676e-8,-1.9668801394901538e-10,0.0,-0.0014714129229291594,0.0008151290480214258,3.529669104731846,0.028331267615409276,0.628029241850522,22.16735411827952,0.0,1.0164809643550554,0.0,1.1502424473214036e-14,0.0,0.0003679967889193601,true
16.875000000000004,4.6,39.50902900566554,-4.988305056284781e-6,-3.55541726545865e-6,-6.426157893846568e-8,-1.9655955987180538e-10,0.0,-0.0014133813223868618,0.0007823903883294363,3.5700118216154633,0.02801111172644495,0.6303810973344643,22.504679696069655,0.0,1.0161572614789105,0.0,8.6734794414221e-15,0.0,0.0003516465489477024,true
16.925,4.6,40.3980635513962,-4.3317488321123425e-6,-3.0869263793151874e-6,-5.563867238586387e-8,-1.9642837984346117e-10,0.0,-0.0013573563704948478,0.0007508048035069536,3.6108904397145807,0.027694000045015047,0.632158219566315,22.826540714189978,0.0,1.0158027581586588,0.0,6.388138728110582e-15,0.0,0.0003359950100179414,true
16.975,4.6,41.308955395787734,-3.7545728514708354e-6,-2.6751136222280146e-6,-4.8083151132024994e-8,-1.9629440305068827e-10,0.0,-0.0013032847668841146,0.0007203406715085335,3.652310153593946,0.02737993100109475,0.6334213340675706,23.13451169918011,0.0,1.0154164946573134,0.0,4.602383562118827e-15,0.0,0.00032101453284458985,true
17.025000000000002,4.6,42.24221693047165,-3.248558032999682e-6,-2.3141103048388486e-6,-4.1480661894877074e-8,-1.961575572846409e-10,0.0,-0.0012511138017133492,0.0006909667832358293,3.6942760775298265,0.027068902784023897,0.6342329893034235,23.43031759963868,0.0,1.0149974881218287,0.0,3.2488906488307505e-15,0.0,0.000306678449575776,true
17.075000000000003,4.6,43.19836889335201,-2.806102922781866e-6,-1.998488068975177e-6,-3.5726054173603925e-8,-1.9601776891904873e-10,0.0,-0.0012007913925486966,0.0006626523601677612,3.736793237297725,0.026760913341920774,0.6346563755079201,23.715796520058813,0.0,1.0145447321838736,0.0,2.251112779013618e-15,0.0,0.000292961035412856,true
17.125000000000004,4.6,44.177940225643454,-2.4202119164228682e-6,-1.7232507110596946e-6,-3.072309638817172e-8,-1.9587496288902438e-10,0.0,-0.00115226611876784,0.0006353670706815348,3.779866561590757,0.026455960381287908,0.6347541792654848,23.992860970355906,0.0,1.0140571965498122,0.0,1.533798506381164e-15,0.0,0.00027983748082742525,true
17.175,4.6,45.181467904010184,-2.084479000993059e-6,-1.4838227652628402e-6,-2.638414027006622e-8,-1.9572906267066966e-10,0.0,-0.0011054872535208539,0.0006090810450824961,3.8235008730590407,0.02615404136680469,0.6345875163328192,24.263459227309024,0.0,1.0135338265809555,0.0,1.029588131437115e-15,0.0,0.00026728386437039226,true
17.225,4.6,46.209496746148766,-1.7930673070671294e-6,-1.2760350563268351e-6,-2.2629738218693237e-8,-1.9557999026171322e-10,0.0,-0.001060404793285126,0.0005837648893634101,3.8677008789608136,0.025855153521300318,0.6342149776055422,24.52953826335068,0.0,1.0129735428653017,0.0,6.821790331792296e-16,0.0,0.0002552771260677014,true
17.275000000000002,4.6,47.2625791881873,-1.5406849207728122e-6,-1.096107546681157e-6,-1.9388220238159045e-8,-1.954276661634027e-10,0.0,-0.0010169694850561853,0.0005593896977161753,3.912471161416357,0.025559293825899772,0.6336918143191402,24.793009487492448,0.0,1.012375240782149,0.0,4.469651657568125e-16,0.0,0.00024379504139722153,true
17.325000000000003,4.6,48.341275032171694,-1.3225575254022672e-6,-9.40629888382207e-7,-1.6595238417664625e-8,-1.95272009363811e-10,0.0,-0.0009751328512204599,0.0005359270638212107,3.957816167256366,0.02526645902033442,0.6330692792782071,25.055718285206233,0.0,1.0117377900611477,0.0,2.901098877316711e-16,0.0,0.0002328161958412357,true
17.375000000000004,4.6,49.44615116184694,-1.1343985201729807e-6,-8.065401464158304e-7,-1.4193287711753514e-8,-1.9511293732287488e-10,0.0,-0.0009348472121598418,0.000513349090941828,4.003740197457,0.024976645603407437,0.6323941318181261,25.31941806196152,0.0,1.0110600343375582,0.0,1.8685254560430071e-16,0.0,0.00022231996000886685,true
17.425,4.6,50.57778122496386,-9.723773015422046e-7,-6.911021870012817e-7,-1.2131212047446222e-8,-1.9495036595933368e-10,0.0,-0.0008960657066414509,0.0004916284008527632,4.050247396154588,0.024689849833603412,0.6317083058880465,25.58574921052286,0.0,1.010340790705699,0.0,1.1961046824177525e-16,0.0,0.00021228646532269857,true
17.475,4.6,51.73674528018148,-8.330863938591886e-7,-5.91882225447118e-7,-1.036370459583414e-8,-1.9478420963998519e-10,0.0,-0.0008587423100491856,0.0004707381416337505,4.0973417392338405,0.024406067729829863,0.6310487335245294,25.856223153607075,0.0,1.0095788492728166,0.0,7.620863745365653e-17,0.0,0.00020269658026373773,true
17.525000000000002,4.6,52.92362940671715,-7.135080865709684e-7,-5.067250067797498e-7,-8.850810477203809e-9,-1.9461438117144854e-10,0.0,-0.0008228318505165029,0.00045065199436054545,4.14502702248442,0.024125295072277387,0.63044731032489,26.1322113754929,0.0,1.0087729727158437,0.0,4.839222654032793e-17,0.0,0.000193531887168778,true
17.575000000000003,4.6,54.13902527478297,-6.109811811784318e-7,-4.3373005346649486e-7,-7.55743931237969e-9,-1.9444079179487593e-10,0.0,-0.0007882900230224199,0.00043134417872715656,4.193306849321904,0.023847527403383542,0.6299309854399797,26.414939158455635,0.0,1.007921895843823,0.0,3.0661454729190244e-17,0.0,0.00018477465957411016,true
17.625000000000004,4.6,55.383529674828196,-5.231683795264797e-7,-3.712283630167944e-7,-6.452893981449526e-9,-1.9426335118393577e-10,0.0,-0.0007550734015149578,0.0004127894576342298,4.242184618070503,0.02357276002888426,0.6295219560677169,26.705483587681236,0.0,1.0070243251690536,0.0,1.940447897677508e-17,0.0,0.00017640784009942805,true
17.675,4.6,56.65774400365649,-4.480247624695832e-7,-3.1775987885908923e-7,-5.510420791857017e-9,-1.9408196744649012e-10,0.0,-0.0007231394491281754,0.0003949631407795512,4.291663508806447,0.023300988018935098,0.6292379453162318,27.00477528270019,0.0,1.0060789384903546,0.0,1.2276864427890848e-17,0.0,0.00016841501886566998,true
17.725,4.6,57.962273705379225,-3.837677205299606e-7,-2.720519950044527e-7,-4.7067850682255605e-9,-1.938965471304284e-10,0.0,-0.0006924465265605775,0.00037784108728749257,4.341746469762675,0.023032206209282903,0.6290925424206136,27.313603252087248,0.0,1.0050843844922042,0.0,7.770936683544834e-18,0.0,0.00016078041244042628,true
17.775000000000002,4.6,59.29772766525837,-3.2884861100674945e-7,-2.3299929232093105e-7,-4.021875020017042e-9,-1.9370699523409033e-10,0.0,-0.0006629538986840165,0.00036139970741493396,4.392436203297409,0.02276640920246715,0.629095585398773,27.632622246401475,0.0,1.0040392823638715,0.0,4.924104065350295e-18,0.0,0.00015348884330444265,true
17.825000000000003,4.6,60.66471755445901,-2.819263331928896e-7,-1.9964464469537465e-7,-3.4383356691996323e-9,-1.9351321522184996e-10,0.0,-0.0006346217394532888,0.00034561596337175093,4.443735151431449,0.022503591369028207,0.6292535680635506,27.962361995676613,0.0,1.0029422214430905,0.0,3.125100159015736e-18,0.0,0.00014652571983263783,true
17.875000000000004,4.6,62.06385712379774,-2.418429379103449e-7,-1.711617791066218e-7,-2.941233662661425e-9,-1.9331510904539234e-10,0.0,-0.0006074111351874198,0.00033046736929436926,4.4956454809614,0.022243746848698325,0.6295700556209961,28.30323775501148,0.0,1.0017917608892581,0.0,1.987241030448598e-18,0.0,0.00013987701678295093,true
17.925,4.6,63.495761444605066,-2.0760132143991213e-7,-1.4683932608000438e-7,-2.517752973636279e-9,-1.9311257717131808e-10,0.0,-0.0005812840862941877,0.0003159319904111657,4.54816906815885,0.021986869551549264,0.6300460956537441,28.65556163766611,0.0,1.0005864293915978,0.0,1.266517438682559e-18,0.0,0.00013352925628623438,true
17.975,4.6,64.96104609487486,-1.7834499812851572e-7,-1.2606635687674245e-7,-2.1569208215435004e-9,-1.9290551861568404e-10,0.0,-0.000556203507509739,0.0003019884414386369,4.60130748306852,0.02173295315906861,0.6306806139231407,29.01955428270795,0.0,0.9993247249182459,0.0,8.091559872017638e-19,0.0,0.0001274694893303001,true
18.025000000000002,4.6,66.46032628901908,-1.5333990076072381e-7,-1.0831937127552242e-7,-1.8493626094342527e-9,-1.9269383098621568e-10,0.0,-0.0005321332267252261,0.00028861588424727836,4.655061973421737,0.02148199112513518,0.6314707869734564,29.395356477668347,0.0,0.9980051145127348,0.0,5.182838127122586e-19,0.0,0.00012168527773113858,true
18.075000000000003,4.6,67.9942159496366,-1.3195812283506775e-7,-9.315067467649943e-8,-1.587084284507781e-9,-1.9247741053295242e-10,0.0,-0.0005090379824722519,0.0002757940248360148,4.709433448185328,0.02123397667686178,0.6324123858756865,29.783040430896445,0.0,0.9966260341449203,0.0,3.3284624479205743e-19,0.0,0.00011616467658422778,true
18.125000000000004,4.6,69.56332671975355,-1.1366349140735848e-7,-8.01780649366325e-8,-1.3632802567624798e-9,-1.9225615220813239e-10,0.0,-0.0004868834201385599,0.00026350310965381516,4.764422460769991,0.020988902815271916,0.6335000875344765,30.18262045949015,0.0,0.9951858886239803,0.0,2.143205448446445e-19,0.0,0.00011089621718876365,true
18.175,4.6,71.16826691441258,-9.799884208936303e-8,-6.907573706445143e-8,-1.1721648476706002e-9,-1.9202994973615207e-10,0.0,-0.00046563608698485667,0.0002517239213068043,4.820029191926639,0.020746762315775207,0.6347277517599332,30.59406292408843,0.0,0.9936830515817446,0.0,1.383608424585017e-19,0.0,0.00010586889043756001,true
18.225,4.6,72.80964041036691,-8.4574857909778e-8,-5.9566306790054434e-8,-1.0088251674105904e-9,-1.917986956945614e-10,0.0,-0.00044526342603294015,0.00024043777368877448,4.876253432364041,0.020507547728404126,0.6360886637638743,31.017295299664482,0.0,0.9921158655352544,0.0,8.954939114782226e-20,0.0,0.0001010721306652772,true
18.275000000000002,4.6,74.48804547313307,-7.306032980067241e-8,-5.1413851179980084e-8,-8.69093318274311e-10,-1.9156228160707574e-10,0.0,-0.00042573376889440076,0.00022962650657248906,4.933094565126186,0.020271251377773265,0.6375757428855834,31.452214320851617,0.0,0.9904826420381324,0.0,5.809948009706309e-20,0.0,9.64957999475726e-5,true
18.325000000000003,4.6,76.2040735208389,-6.317369724907779e-8,-4.4417865011315686e-8,-7.494358769691576e-10,-1.913205980496521e-10,0.0,-0.0004070163276081188,0.0002192724796985835,4.990551547773466,0.02003786536272028,0.6391817192082152,31.89869318103063,0.0,0.9887816619310357,0.0,3.778285004364376e-20,0.0,9.213017284368987e-5,true
18.375000000000004,4.6,77.9583078245563,-5.4675732025712645e-8,-3.840803474672414e-8,-6.468587048297775e-10,-1.9107353477067774e-10,0.0,-0.0003890811855535846,0.00020935856639819645,5.04862289441775,0.01980738155558613,0.6408992803258451,32.356587796689205,0.0,0.98701117570218,0.0,2.4625107755473487e-20,0.0,8.796592157494113e-5,true
18.425,4.6,79.75132214529431,-4.7363234873612e-8,-3.323973694527195e-8,-5.588252595555171e-10,-1.9082098082657376e-10,0.0,-0.00037189928750573984,0.00019986814678472846,5.107306657667836,0.019579791601090836,0.6427211908999138,32.825742173073294,0.0,0.9851694039696521,0.0,1.6083052204066687e-20,0.0,8.399410163148209e-5,true
18.475,4.6,81.58367930814404,-4.106362375536624e-8,-2.8790174189936535e-8,-4.831867241910525e-10,-1.9056282473390516e-10,0.0,-0.0003554424288955962,0.00019078510054931582,5.166600410548618,0.01935508691475938,0.644640387840867,33.30599292474844,0.0,0.983254538097963,0.0,1.0524745338725503e-20,0.0,8.020613779972454e-5,true
18.525000000000002,4.6,83.45592971451444,-3.563030201296157e-8,-2.4955068604490902e-8,-4.181224199139628e-10,-1.9029895463938022e-10,0.0,-0.00033968324433932874,0.00018209379939374798,5.226501228464571,0.01913325868085135,0.6466500540034588,33.79717301635758,0.0,0.9812647409620291,0.0,6.900095091367792e-21,0.0,7.659381060268681e-5,true
18.575000000000003,4.6,85.36860979397859,-3.09387050245633e-8,-2.1645840364893323e-8,-3.6208912194473326e-10,-1.9002925850908026e-10,0.0,-0.0003245951954968944,0.00017377909913364012,5.287005671285659,0.01891429784974728,0.6487436732266779,34.29911479560136,0.0,0.9791981478724947,0.0,4.5315792916777324e-21,0.0,7.314924314555236e-5,true
18.625000000000004,4.6,87.32224039774052,-2.6882934212918045e-8,-1.878720597101825e-8,-3.137780474224798e-10,-1.8975362433828912e-10,0.0,-0.00031015255831948993,0.00016582633150371136,5.348109765641975,0.018698195134743318,0.6509150694118309,34.81165239324937,0.0,0.9770528676770147,0.0,2.980918211784796e-21,0.0,6.986488835866249e-5,true
18.675,4.6,89.31732513630199,-2.3372897248710827e-8,-1.6315138202725943e-8,-2.720784267354955e-10,-1.8947194038345123e-10,0.0,-0.00029633040974335494,0.00015822129569601913,5.409808987521449,0.018484941008206628,0.6531584321407843,35.33462356470633,0.0,0.9748269840527892,0.0,1.963887602776679e-21,0.0,6.673351663016321e-5,true
18.725,4.6,91.35434866473182,-2.0331882773665132e-8,-1.4175136478116475e-8,-2.360467031249363e-10,-1.8918409541768426e-10,0.0,-0.00028310461388555004,0.00015095024966096387,5.472098245273737,0.018274525697043218,0.6554683311118397,35.867871045096024,0.0,0.9725185570062737,0.0,1.2957323162998285e-21,0.0,6.374820382049665e-5,true
18.775000000000002,4.6,93.43377491943077,-1.769450679581515e-8,-1.2320762656266468e-8,-2.0488052794321748e-10,-1.888899790114845e-10,0.0,-0.0002704518077954197,0.0001439999011998162,5.534971863132098,0.018066939177431084,0.6578397214300723,36.41124348566107,0.0,0.970125624596547,0.0,8.560880632289541e-22,0.0,6.09023196509269e-5,true
18.825000000000003,4.6,95.55604531123754,-1.540497599940176e-8,-1.0712403121808006e-8,-1.778968300641181e-10,-1.8858948184010368e-10,0.0,-0.00025834938681347535,0.00013735739887642986,5.598423565373963,0.017862171168772617,0.6602679415451317,36.96459603407224,0.0,0.9676462048993174,0.0,5.663765007202266e-22,0.0,5.818951645828773e-5,true
18.875000000000004,4.6,97.72157688052098,-1.3415620528791211e-8,-9.316223229079768e-9,-1.54513337504078e-10,-1.882824960192803e-10,0.0,-0.00024677548958743154,0.0001310103227746999,5.662446461249901,0.017660211126822114,0.6627487053919122,37.52779061544386,0.0,0.9650782982289161,0.0,3.7519907202900802e-22,0.0,5.560371830814539e-5,true
18.925,4.6,99.93076042056597,-1.1685655350129837e-8,-8.103284869712907e-9,-1.3423301763402535e-10,-1.8796891547084984e-10,0.0,-0.00023570898279310346,0.00012494667512720725,5.727033030819516,0.017461048235946772,0.665278090064818,38.100695964817334,0.0,0.9624198896359011,0.0,2.488749674302573e-22,0.0,5.3139110458584296e-5,true
18.975,4.6,102.18395857686497,-1.0180135092067923e-8,-7.04880207814055e-9,-1.1663098003171313e-10,-1.8764863631987274e-10,0.0,-0.00022512944560582204,0.00011915487083936165,5.792175111841512,0.017264671400483073,0.6678525201487888,38.68318745586447,0.0,0.9596689516980096,0.0,1.652965835900709e-22,0.0,5.079012916684603e-5,true
19.025000000000002,4.6,104.4815039304091,-8.869072360818248e-9,-6.131513235596345e-9,-1.0134345381726965e-10,-1.8732155732480053e-10,0.0,-0.0002150171539659743,0.00011362372793222702,5.857863887873473,0.01707106923515461,0.6704687496422859,39.275146764772266,0.0,0.9568234476221322,0.0,1.099302014744657e-22,0.0,4.8551451831079383e-5,true
19.075000000000003,4.6,106.82369707452087,-7.72669396850498e-9,-5.333151613120412e-9,-8.8058510097499e-11,-1.8698758034221136e-10,0.0,-0.00020535306468021962,0.0001083424579260778,5.924089877744734,0.01688023005452264,0.673123842240015,39.876461402827154,0.0,0.9538813346747272,0.0,7.320737240509905e-23,0.0,4.6417987459494116e-5,true
19.125000000000004,4.6,109.21080469535842,-6.73081336602341e-9,-4.6379987501770914e-9,-7.650825082152266e-11,-1.866466108275085e-10,0.0,-0.00019611879939788272,0.00010330065618561034,5.990842926572809,0.01669214186144706,0.6758151505963447,40.48702414620849,0.0,0.9508405679575955,0.0,4.8820038365069476e-23,0.0,4.4384867459255307e-5,true
19.175000000000004,4.6,111.64305766752193,-5.86230089291902e-9,-4.032507541116913e-9,-6.646222881831019e-11,-1.8629855837294873e-10,0.0,-0.0001872966284999876,9.848829224661123e-5,6.058112198499955,0.016506792334542917,0.6785402950633046,41.10673238696764,0.0,0.9476991045451865,0.0,3.260425054579407e-23,0.0,4.244743673750388e-5,true
19.225,4.6,114.12064917716697,-5.104636306528983e-9,-3.5049839395401072e-9,-5.772190090494717e-11,-1.8594333728414912e-10,0.0,-0.00017886945493638092,9.389570014277514e-5,6.125886171331597,0.016324168814626012,0.6812971422885586,41.73548742513217,0.0,0.9444549079985457,0.0,2.1808039322730258e-23,0.0,4.06012451069414e-5,true
19.275000000000002,4.6,116.6437328857241,-4.443530487417061e-9,-3.0453179312607193e-9,-5.011594752627389e-11,-1.8558086719609649e-10,0.0,-0.0001708207980443959,8.951356875026988e-5,6.194152633261817,0.016144258290151366,0.6840837839672718,42.373193718325844,0.0,0.9411059532696352,0.0,1.461048643906776e-23,0.0,3.884203898848248e-5,true
19.325000000000003,4.6,119.21242114879082,-3.866605290642607e-9,-2.6447559078112727e-9,-4.349631914778802e-11,-1.8521107372948073e-10,0.0,-0.00016313477738054833,8.533293216656708e-5,6.262898681873117,0.01596704738165936,0.6868985159656217,43.01975810221692,0.0,0.9376502320080217,0.0,9.805354133448801e-24,0.0,3.716575340354207e-5,true
19.375000000000004,4.6,121.82678330523244,-3.3631222707507117e-9,-2.295707828773849e-9,-3.7734892238437224e-11,-1.8483388918789678e-10,0.0,-0.0001557960965948233,8.134516013899805e-5,6.3321107255976665,0.01579252232525693,0.689739817971147,43.67508899246882,0.0,0.9340857582797851,0.0,6.5926880648282065e-24,0.0,3.556850424859742e-5,true
19.425000000000004,4.6,124.48684405235633,-2.9237524958690426e-9,-1.9915836237305356e-9,-3.272063673962337e-11,-1.8444925329617013e-10,0.0,-0.00014879002737522214,7.754194855745804e-5,6.401774487824883,0.015620668955175393,0.6926063337744648,44.33909557663294,0.0,0.9304105747059428,0.0,4.441373454027046e-24,0.0,3.404658084474257e-5,true
19.475,4.6,127.19258192420119,-2.54038092147741e-9,-1.7266541809120384e-9,-2.8357212942762888e-11,-1.8405711397971036e-10,0.0,-0.00014210239348839228,7.391531002466821e-5,6.471875013835512,0.015451472685461473,0.6954968522465187,45.01168700255493,0.0,0.9266227590246974,0.0,2.9983813401846925e-24,0.0,3.259643875503236e-5,true
19.525000000000002,4.6,129.94392788991217,-2.205939851212612e-9,-1.4959330240053219e-9,-2.4560929145606122e-11,-1.8365742818442866e-10,0.0,-0.00013571955494035844,7.045756451642038e-5,6.542396680734576,0.01528491849087513,0.6984102890439928,45.69277156832295,0.0,0.9227204310783271,0.0,2.0287779774094258e-24,0.0,3.1214692862500226e-5,true
19.575000000000003,4.6,132.7407640898931,-1.9142669001210137e-9,-1.2950754122926283e-9,-2.125900272220573e-11,-1.832501627362777e-10,0.0,-0.00012962839227962313,6.716133014326967e-5,6.6133232105449515,0.015120990887085314,0.7013456690514508,46.382255917531374,0.0,0.9187017602216027,0.0,1.3760273901113664e-24,0.0,2.989811070181956e-5,true
19.625000000000004,4.6,135.58292272804758,-1.6599836207755349e-9,-1.120292130743449e-9,-1.838807666325711e-11,-1.82835295238945e-10,0.0,-0.00012381629106320344,6.401951402421322e-5,6.6846376866090145,0.014959673910274118,0.7043021095510325,47.08004424263062,0.0,0.9145649731441614,0.0,9.356953020169552e-25,0.0,2.8643606037672035e-5,true
19.675000000000004,4.6,138.4701851374392,-1.4383915767844481e-9,-9.682756817307854e-10,-1.589295151410915e-11,-1.8241281500772615e-10,0.0,-0.00011827112650452369,6.102530328199533e-5,6.756322573428127,0.014800951096279656,0.7072788040980599,47.78603749834971,0.0,0.9103083620943496,0.0,6.380124648143777e-25,0.0,2.7448232682978078e-5,true
19.725,4.6,141.40228103767004,-1.2453831704301885e-9,-8.361369622905644e-10,-1.3725499205711014e-11,-1.8198272403693927e-10,0.0,-0.00011298124832049491,5.817215616881543e-5,6.828359740048118,0.014644805459428728,0.7102750070728089,48.5001326265836,0.0,0.9059302934866311,0.0,4.363006708175163e-25,0.0,2.6309178550239157e-5,true
19.775000000000002,4.6,144.3788880008121,-1.0773649676978254e-9,-7.213508218905337e-10,-1.1843730750264668e-11,-1.8154503799757597e-10,0.0,-0.00010793546579357818,5.5453793330383536e-5,6.900730487073323,0.014491219471231824,0.7132900188742618,49.22222179370724,0.0,0.9014292168688156,0.0,2.992821916986414e-25,0.0,2.5223759929338893e-5,true
19.825000000000003,4.6,147.39963114224807,-9.311916285660913e-10,-6.217091553828586e-10,-1.0210994337037023e-11,-1.8109978726115587e-10,0.0,-0.00010312303306315543,5.28641892154707e-5,6.973415577362213,0.014340175039134314,0.7163231717201578,49.95219164098855,0.0,0.8968036742190836,0.0,2.0596409234025775e-25,0.0,2.418941598524474e-5,true
19.875000000000004,4.6,150.46408305200725,-8.041088548132849e-10,-5.352804025338769e-10,-8.795284165308011e-12,-1.8064701794498932e-10,0.0,-9.853363465911737e-5,5.039756363734063e-5,7.046395270424027,0.01419165348553919,0.7193738160186213,50.68992254860497,0.0,0.8920523095361749,0.0,1.4223146943399043e-25,0.0,2.3203703469149114e-5,true
19.925000000000004,4.6,153.57176398009742,-6.937040215958599e-10,-4.6037450630582954e-10,-7.568643517493426e-12,-1.8018679297320393e-10,0.0,-9.415737128922411e-5,4.804837349272093e-5,7.119649360498291,0.01404563552733743,0.7224413072795726,51.43528791370558,0.0,0.8871738786791941,0.0,9.857602751651078e-26,0.0,2.226429163668412e-5,true
19.975,4.6,156.72214228765145,-5.978633709935724e-10,-3.955125328455962e-10,-6.50664821236951e-12,-1.7971919314705068e-10,0.0,-8.998474589049974e-5,4.5811304643281636e-5,7.193157218257872,0.013902101256201829,0.7255249935386273,52.18815344298872,0.0,0.8821672594063773,0.0,6.857970905513586e-26,0.0,2.1368957366938414e-5,true
20.025000000000002,4.6,159.91463517417762,-5.147348225595504e-10,-3.394002819012359e-10,-5.587958775004618e-12,-1.7924431821711208e-10,0.0,-8.600664995369071e-5,4.368126396393352e-5,7.266897836031531,0.013761030119918435,0.7286242032719431,52.94837646037082,0.0,0.8770314615549806,0.0,4.790101865202118e-26,0.0,2.0515580476097866e-5,true
20.075000000000003,4.6,163.14860968751546,-4.426956035170433e-10,-2.909053213179488e-10,-4.793931490790442e-12,-1.787622879491576e-10,0.0,-8.22143501286423e-5,4.165337156163772e-5,7.340849876394402,0.01362240090504574,0.7317382337871655,53.71580523049572,0.0,0.8717656372972699,0.0,3.359641238911576e-26,0.0,1.9702139219622506e-5,true
20.125000000000004,4.6,166.4233840212572,-3.803240245027048e-10,-2.490369668572144e-10,-4.1082800378364e-12,-1.782732431744331e-10,0.0,-7.85994751173353e-5,3.972295316783483e-5,7.414991723924687,0.013486191721205446,0.7348663400830208,54.49027829906423,0.0,0.86636909140061,0.0,2.3665294643705316e-26,0.0,1.892670597696142e-5,true
20.175000000000004,4.6,169.73822910031757,-3.2637482975889183e-10,-2.1292880175576986e-10,-3.516780666546973e-12,-1.77777346814357e-10,0.0,-7.515400286026905e-5,3.788553270705087e-5,7.489301539873387,0.01335237998731863,0.7380077241779528,55.271623851243945,0.0,0.8608412914129713,0.0,1.6744435822425317e-26,0.0,1.81874431128932e-5,true
20.225,4.6,173.09237045279176,-2.7975763683577365e-10,-1.8182339162877291e-10,-3.007014960345823e-12,-1.7727478486867902e-10,0.0,-7.187024802087906e-5,3.6136825043722314e-5,7.563757319441104,0.013220942420107833,0.7411615249163327,56.059659089740414,0.0,0.8551818776889981,0.0,1.1902377419191198e-26,0.0,1.7482599009664912e-5,true
20.275000000000002,4.6,176.48499036117542,-2.3951805301915993e-10,-1.5505890155028814e-10,-2.568145102869886e-12,-1.7676576735536979e-10,0.0,-6.87408497717359e-5,3.44727289088006e-5,7.638336951303769,0.01309185502518729,0.7443268082689254,56.85418963446528,0.0,0.8493906731662698,0.0,8.500845726165404e-27,0.0,1.6810504264183073e-5,true
20.325000000000003,4.6,179.91523028329826,-2.0482111621516105e-10,-1.3205736509885147e-10,-2.190717324083224e-12,-1.76250529189787e-10,0.0,-6.575875988538553e-5,3.288932000724605e-5,7.713018278977655,0.012965093091060951,0.7475025581523791,57.65500894611856,0.0,0.8434676927967069,0.0,6.1011452120769066e-27,0.0,1.6169568044591807e-5,true
20.375000000000004,4.6,183.38219352843626,-1.749367588617117e-10,-1.1231439123543758e-10,-1.8664898251449634e-12,-1.757293309899943e-10,0.0,-6.291723113185722e-5,3.138284430710325e-5,7.78777916356519,0.012840631186339484,0.750687667800259,58.46189777640204,0.0,0.8374131525344366,0.0,4.400796691757235e-27,0.0,1.5558274600650764e-5,true
20.425000000000004,4.6,186.88494817002214,-1.492270362295214e-10,-9.539012524638558e-11,-1.5882820097868275e-12,-1.7520245979461175e-10,0.0,-6.020980598408348e-5,2.9949711510460813e-5,7.862597547377455,0.01271844316047369,0.7538809317254735,59.27462364799339,0.0,0.8312274777789455,0.0,3.190549934727361e-27,0.0,1.4975179922404408e-5,true
20.475,4.6,190.4225301724503,-1.2713489657292565e-10,-8.090130559684169e-11,-1.3498422951948363e-12,-1.746702296791519e-10,0.0,-5.763030563174426e-5,2.8586488706237967e-5,7.937451517888192,0.012598502148282176,0.7570810383206444,60.092940367825676,0.0,0.8249113111712078,0.0,2.3251485578020845e-27,0.0,1.4418908541712873e-5,true
20.525000000000002,4.6,193.9939467051609,-1.0817430111468307e-10,-6.851428019796233e-11,-1.1457321518263312e-12,-1.741329822565914e-10,0.0,-5.517281930336408e-5,2.7289894204406328e-5,8.012319371438933,0.012480780578525667,0.7602865631489328,60.91658757762923,0.0,0.8184655196407414,0.0,1.7033968402738823e-27,0.0,1.3888150471295088e-5,true
20.575000000000003,4.6,197.59817961328673,-9.192152772597477e-11,-5.793886395320398e-11,-9.712243407044721e-13,-1.7359108704784946e-10,0.0,-5.28316938958527e-5,2.6056791550944686e-5,8.087179676085666,0.012365250186750113,0.7634959629829389,61.74529034609077,0.0,0.8118912006032682,0.0,1.2545322598209145e-27,0.0,1.3381658276021786e-5,true
20.625000000000004,4.6,201.234189010197,-7.80075141621019e-11,-4.8922935061452455e-11,-8.222135880063439e-13,-1.7304494170795163e-10,0.0,-5.06015239100882e-5,2.4884183722536263e-5,8.162011332955364,0.012251882032586106,0.7667075706534467,62.578758807361076,0.0,0.8051896872117781,0.0,9.288826913381199e-28,0.0,1.2898244271289818e-5,true
20.675000000000004,4.6,204.90091695492364,-6.611111547180649e-11,-4.1247680869231565e-11,-6.951381680438092e-13,-1.724949720939916e-10,0.0,-4.84771416905929e-5,2.3769207499747032e-5,8.236793635464876,0.012140646521655403,0.7699195907729781,63.41668785098587,0.0,0.7983625525681269,0.0,6.914422038258561e-28,0.0,1.243677784341796e-5,true
20.725,4.6,208.5972911724307,-5.595316624047768e-11,-3.472341545457022e-11,-5.869110635178862e-13,-1.7194163216140588e-10,0.0,-4.645360796684753e-5,2.270912801716771e-5,8.311506325744189,0.012031513432199221,0.7731300964014279,64.25875686863682,0.0,0.7914116128074086,0.0,5.17440112942929e-28,0.0,1.199618288713407e-5,true
20.775000000000002,4.6,212.32222877326686,-4.729125209097079e-11,-2.9185900900679316e-11,-4.948595415787243e-13,-1.713854036757025e-10,0.0,-4.452620269332777e-5,2.1701333488754377e-5,8.38612964759769,0.011924451946512208,0.776337026722661,65.10462956326747,0.0,0.7843389289725777,0.0,3.8927504866624528e-28,0.0,1.1575435355386563e-5,true
20.825000000000003,4.6,216.074639925063,-3.991510671184178e-11,-2.449311263463133e-11,-4.1667213019303493e-13,-1.708267957273605e-10,0.0,-4.269041618493032e-5,2.0743330106358506e-5,8.460644395326064,0.011819430687246857,0.7795381858022638,65.9539538265057,0.0,0.7771468076010506,0.0,2.943864796168555e-28,0.0,1.117356091692249e-5,true
20.875000000000004,4.6,219.85343142462239,-3.364256091126877e-11,-2.0522396477134293e-11,-3.503521052982949e-13,-1.70266344038175e-10,0.0,-4.0941940544085635e-5,1.9832737109186987e-5,8.535031957709492,0.011716417758655534,0.7827312424983154,66.8063616902078,0.0,0.769837799946698,0.0,2.2377197546864763e-28,0.0,1.0789632717352555e-5,true
20.925000000000004,4.6,223.65751011446403,-2.8315979054683415e-11,-1.7167971350495285e-11,-2.9417670827160577e-13,-1.697046100475759e-10,0.0,-3.927666137553366e-5,1.8967282021667812e-5,8.609274356408235,0.011615380792873201,0.7859137316000222,67.66146935813175,0.0,0.7624146997575542,0.0,1.7095064260176433e-28,0.0,1.0422769239792203e-5,true
20.975,4.6,227.48578608135068,-2.3799125942107145e-11,-1.4338737069457334e-11,-2.4666140790907544e-13,-1.6914217976722826e-10,0.0,-3.7690649784472424e-5,1.8144796056906088e-5,8.68335427795306,0.011516287001429724,0.7890830562747482,68.51887732363609,0.0,0.7548805395187842,0.0,1.3123583210243167e-28,0.0,1.0072132261656569e-5,true
21.025000000000002,4.6,231.3371755623879,-1.997441388971842e-11,-1.1956351415715844e-11,-2.0652860352291187e-13,-1.6857966239115947e-10,0.0,-3.618015465358032e-5,1.736320968258638e-5,8.757255098354214,0.011419103232335142,0.7922364919140354,69.37817057916443,0.0,0.7472385850484878,0.0,1.0122293538026524e-28,0.0,9.736924904824888e-6,true
21.075000000000003,4.6,235.21060347033938,-1.674048564310292e-11,-9.953544873326986e-12,-1.7268023769253617e-13,-1.6801768864646053e-10,0.0,-3.474159519426445e-5,1.662054834580148e-5,8.83096089912923,0.011323796033324122,0.7953711914857634,70.23891892304604,0.0,0.7394923282968426,0.0,7.842727621982107e-29,0.0,9.41638977719622e-6,true
21.125000000000004,4.6,239.10500542741715,-1.4010093887279068e-11,-8.27264506401415e-12,-1.4417385013922373e-13,-1.6745690886581332e-10,0.0,-3.3371553767397914e-5,1.591492835285924e-5,8.904456473210848,0.011230331722194507,0.7984841925245973,71.10067736882188,0.0,0.731645478143276,0.0,6.102711361060009e-29,0.0,9.109807204640707e-6,true
21.175000000000004,4.6,243.01932916511822,-1.170824263187587e-11,-6.864286139937922e-12,-1.2020165937966087e-13,-1.6689799075753718e-10,0.0,-3.20667689687717e-5,1.524455289964336e-5,8.977727318725512,0.011138676465637645,0.8015724259280324,71.96298666191177,0.0,0.7237019489094249,0.0,4.7680517368382387e-29,0.0,8.816493553480283e-6,true
21.225,4.6,246.95253511130946,-9.770559723680357e-12,-5.686281226870858e-12,-1.0007230730455633e-13,-1.6634161684135318e-10,0.0,-3.0824128974481406e-5,1.4607708247600872e-5,9.0507596180221,0.01104879636852552,0.8046327267709573,72.8253739079759,0.0,0.7156658462081232,0.0,3.7394353346104563e-29,0.0,8.535799644833009e-6,true
21.275000000000002,4.6,250.90359593325164,-8.141873244845242e-12,-4.702638513601846e-12,-8.319494451382253e-14,-1.657884815090246e-10,0.0,-2.9640665141463166e-5,1.400276003994196e-5,9.12354019859715,0.01096065757625271,0.8076618474058948,73.68735331680917,0.0,0.7075414496360175,0.0,2.943016463065503e-29,0.0,8.267109263278793e-6,true
21.325000000000003,4.6,254.87149475449522,-6.774967654068633e-12,-3.882703796730473e-12,-6.906537187490324e-14,-1.6523928765928805e-10,0.0,-2.8513545858336118e-5,1.342814975223832e-5,9.196056471765488,0.010874226393348984,0.8106564731733621,74.54842706504482,0.0,0.6993331917025682,0.0,2.3236276696999733e-29,0.0,8.00983776311809e-6,true
21.375000000000004,4.6,258.85522170584255,-5.629498271653884e-12,-3.200414250321531e-12,-5.725398699876821e-14,-1.6469474284792557e-10,0.0,-2.7440070641527836e-5,1.2882391271397358e-5,9.268296344179815,0.010789469422047206,0.8136132410967628,75.40808628033416,0.0,0.6910456322935664,0.0,1.8398613745803938e-29,0.0,7.763430775676642e-6,true
21.425000000000004,4.6,262.85376843051546,-4.671045141602294e-12,-2.6336499283634635e-12,-4.73953136989731e-14,-1.6415555488904562e-10,0.0,-2.6417664471276095e-5,1.2364067597101948e-5,9.340248096795175,0.010706353724620227,0.8165287619625573,76.26581214899296,0.0,0.6826834279263304,0.0,1.4604918341514676e-29,0.0,7.52736302026203e-6,true
21.475,4.6,266.8661201421565,-3.8702894625670216e-12,-2.1636710513639833e-12,-3.9178918485266204e-14,-1.6362242684648664e-10,0.0,-2.5443872361423414e-5,1.1871827660386104e-5,9.411900225863945,0.010624847012848642,0.8193996461669439,77.12107714831497,0.0,0.674251295109964,0.0,1.1618610477026127e-29,0.0,7.301137219076611e-6,true
21.525000000000002,4.6,270.89124486725575,-3.2022976971324743e-12,-1.7746304997748574e-12,-3.234154115166868e-14,-1.630960513691743e-10,0.0,-2.4516354155882125e-5,1.1404383255203597e-5,9.483241241352763,0.010544917866682386,0.8222225336181916,77.97334640377593,0.0,0.6657539673275363,0.0,9.259607134387385e-30,0.0,7.084283112263544e-6,true
21.575000000000003,4.6,274.92807960129977,-2.645900173609253e-12,-1.4531521562270291e-12,-2.6660286902204168e-14,-1.6257710435586342e-10,0.0,-2.3632879543214004e-5,1.0960506080734018e-5,9.55425942013647,0.010466535981767559,0.8249941277912907,78.82207917007209,0.0,0.6571961455565152,0.0,7.390188459709079e-30,0.0,6.876356563098118e-6,true
21.625000000000004,4.6,278.9755132980343,-2.1831525107823464e-12,-1.1879668231442704e-12,-2.1946745521812982e-14,-1.620662379869172e-10,0.0,-2.2791323278978368e-5,1.053902489476558e-5,9.624942514743855,0.010389672441868216,0.8277112337157538,79.66673043321846,0.0,0.6485824428749767,0.0,5.904538072812781e-30,0.0,6.676938735225967e-6,true
21.675000000000004,4.6,283.0323669093959,-1.7988695451288034e-12,-9.695984073660374e-13,-1.804191911267041e-14,-1.615640732352565e-10,0.0,-2.1989660603488072e-5,1.0138822781671288e-5,9.695277423470596,0.010314300007333181,0.8303707992277546,80.50675262862084,0.0,0.6399173245716465,0.0,4.720969546344172e-30,0.0,6.485635314308121e-6,true
21.725,4.6,287.09737110148416,-1.4802226405882142e-12,-7.900939222628034e-13,-1.4811854111054326e-14,-1.6107119206360164e-10,0.0,-2.122596284061839e-5,9.758834541963154e-6,9.765249834261875,0.010240393404902445,0.8329699582452642,81.34159746699687,0.0,0.6312050462515048,0.0,3.776125156983984e-30,0.0,6.302075736487204e-6,true
21.775000000000002,4.6,291.16914276925115,-1.2163923294151544e-12,-6.427916221818417e-13,-1.2143885882445508e-14,-1.6058812962398117e-10,0.0,-2.049839316168926e-5,9.398044213701243e-6,9.834843862487588,0.01016792959788854,0.8355060741695716,82.1707178561771,0.0,0.6224495936129991,0.0,3.020629041331247e-30,0.0,6.12591237728082e-6,true
21.825000000000003,4.6,295.2461620163672,-9.982691834043896e-13,-5.221222642355708e-13,-9.943415343437318e-15,-1.6011536688597218e-10,0.0,-1.9805202497609827e-5,9.055482738535964e-6,9.904041710772029,0.01009688800999657,0.8379767808522696,82.99356990219349,0.0,0.6136546287141363,0.0,2.4158175715347958e-30,0.0,5.956819648768388e-6,true
21.875000000000004,4.6,299.32675178844096,-8.181966605991166e-13,-4.234390975298758e-13,-8.131146937630971e-15,-1.5965332421488539e-10,0.0,-1.914472558286974e-5,8.730225786184912e-6,9.972823386185965,0.010027250671912711,0.8403800179989626,83.80961496783435,0.0,0.6048234484360873,0.0,1.9312710473367433e-30,0.0,5.794492952329508e-6,true
21.925000000000004,4.6,303.4090627473163,-6.69750424732948e-13,-3.4287271793495077e-13,-6.640726039690128e-15,-1.5920235647908367e-10,0.0,-1.8515377116937916e-5,8.421391750043208e-6,10.041166514854522,0.009959002258558683,0.8427140575369003,84.6183217613671,0.0,0.5959589612578219,0.0,1.5429439386210307e-30,0.0,5.638647440524014e-6,true
21.975,4.6,307.49106614425494,-5.475493030860453e-13,-2.7720740447994477e-13,-5.416721601484348e-15,-1.587627502654132e-10,0.0,-1.7915648032360294e-5,8.128139922940651e-6,10.109046294782942,0.009892129987732652,0.8449775174837285,85.41916842293774,0.0,0.5870636881464989,0.0,1.2317438933277629e-30,0.0,5.489016556075566e-6,true
22.025000000000002,4.6,311.5705572991579,-4.4709364199093626e-13,-2.237759776253113e-13,-4.41290669684584e-15,-1.5833472370559905e-10,0.0,-1.73441018642331e-5,7.849668855666601e-6,10.176435623073154,0.00982662335850372,0.8471693603255571,86.21164457193096,0.0,0.5781397921781523,0.0,9.824482489760903e-31,0.0,5.345350338284265e-6,true
22.075000000000003,4.6,315.6451717318613,-3.646273457533055e-13,-1.8037059553846186e-13,-3.590795664516278e-15,-1.5791842925548422e-10,0.0,-1.679937122233828e-5,7.585214892110902e-6,10.24330542288413,0.009762473720308511,0.8492888738991703,86.99525327606528,0.0,0.5691891393763789,0.0,7.828749381973571e-31,0.0,5.207413516051105e-6,true
22.125000000000004,4.6,319.71241502047565,-2.970203512517423e-13,-1.451672369736117e-13,-2.9184018791622923e-15,-1.5751395952689526e-10,0.0,-1.6280154374303254e-5,7.334050864540413e-6,10.309625178572992,0.009699673680458822,0.8513356342509093,87.7695129028958,0.0,0.560213390293688,0.0,6.232453953777666e-31,0.0,5.074983439027319e-6,true
22.175000000000004,4.6,323.7697061152357,-2.416687032057255e-13,-1.1666191284496246e-13,-2.3691848753073425e-15,-1.5712135596821975e-10,0.0,-1.5785211954673585e-5,7.095484921917378e-6,10.375363665674529,0.009638216377015904,0.8533094517941102,88.5339588172126,0.0,0.5512141183381063,0.0,4.956924562511052e-31,0.0,4.947847929907753e-6,true
22.225,4.6,327.8144322690963,-1.964097596774857e-13,-9.361690708819013e-14,-1.921159677972179e-15,-1.5674061985930331e-10,0.0,-1.5313363819636263e-5,6.868859454836718e-6,10.440489838151642,0.009578094663200568,0.8552103040936598,89.28814489372431,0.0,0.5421929472077237,0.0,3.938777887927422e-31,0.0,4.825803166555874e-6,true
22.275000000000002,4.6,331.8440121377915,-1.594503788789476e-13,-7.501557459807287e-14,-1.5561448190010988e-15,-1.5637172477582685e-10,0.0,-1.4863486069263198e-5,6.653550074234828e-6,10.50497381206535,0.009519300265665234,0.8570382604833674,90.03164482315815,0.0,0.5331516965917082,0.0,3.1269214800995857e-31,0.0,4.708651717585719e-6,true
22.325000000000003,4.6,335.8559622361093,-1.2930622139103037e-13,-6.002442329054571e-14,-1.2591286955648314e-15,-1.560146294398124e-10,0.0,-1.4434508257821261e-5,6.448964598877221e-6,10.568787866356008,0.00946182298902351,0.8587934051520201,90.76405320077228,0.0,0.5240925231059393,0.0,2.4801843120756103e-31,0.0,4.59620085541192e-6,true
22.375000000000004,4.6,339.84796104663934,-1.0475055064625795e-13,-4.796138178100867e-14,-1.0177367077605823e-15,-1.556692897536696e-10,0.0,-1.402541080767613e-5,6.254542009599008e-6,10.631907371479649,0.009405650040579968,0.8604757660281264,91.48498639814032,0.0,0.5150180427455275,0.0,1.9654262016074827e-31,0.0,4.48826125476826e-6,true
22.425000000000004,4.6,343.8179048816062,-8.477113276796244e-14,-3.8269306654447636e-14,-8.217840411803832e-16,-1.553356688479885e-10,0.0,-1.3635222633979644e-5,6.069751336411513e-6,10.69431155789656,0.00935076554097221,0.8620852565536842,92.19408323054287,0.0,0.5059314222450338,0.0,1.5560157960823433e-31,0.0,4.3846461530453005e-6,true
22.475,4.6,347.7639502094015,-6.853402803272145e-14,-3.049391642211809e-14,-6.629010788095124e-16,-1.5501374416711954e-10,0.0,-1.3263018976676464e-5,5.894090457088327e-6,10.755984049847793,0.009297150268776672,0.8636216362115319,92.8910054419469,0.0,0.49683642964063424,0.0,1.2305959306469158e-31,0.0,4.2851710050443725e-6,true
22.525000000000002,4.6,351.68453853487244,-5.535323342159928e-14,-2.4265455342383444e-14,-5.342202714047125e-16,-1.547035109523675e-10,0.0,-1.2907919424904433e-5,5.727084801089055e-6,10.816913114321755,0.009244781662117495,0.8650844935811091,93.57543803613892,0.0,0.4877374387012522,0.0,9.72076587170073e-32,0.0,4.1896536148099545e-6,true
22.575000000000003,4.6,355.5784018976128,-4.4665281725552796e-14,-1.9283491390675585e-14,-4.3011489937457555e-16,-1.5440498191361766e-10,0.0,-1.2569086108361277e-5,5.568285968493735e-6,10.877091607305927,0.009193634071522573,0.8664732530339319,94.24708948530444,0.0,0.4786393871188912,0.0,7.668110894385968e-32,0.0,4.097914678455113e-6,true
22.625000000000004,4.6,359.44454932233435,-3.600802994660423e-14,-1.530434059836324e-14,-3.459815512525028e-16,-1.5411818334001212e-10,0.0,-1.2245722022367835e-5,5.417270287658495e-6,10.936516634399263,0.009143679230136603,0.8677872033542748,94.90569184602843,0.0,0.46954769361371296,0.0,6.039220170271574e-32,0.0,4.009778631802394e-6,true
22.675000000000004,4.6,363.282236754125,-2.900298048741357e-14,-1.2130686307760543e-14,-2.780593498625528e-16,-1.5384314831504517e-10,0.0,-1.1937069449464103e-5,5.273637345493476e-6,10.995188974989668,0.009094886884387903,0.8690255440368234,95.55100080778078,0.0,0.4604681435760934,0.0,4.7475083527851455e-32,0.0,3.925074671332191e-6,true
22.725,4.6,367.0909247688519,-2.3340574794525484e-14,-9.603027967542014e-15,-2.2327999994762984e-16,-1.5357990800538838e-10,0.0,-1.1642408441033297e-5,5.137008529225773e-6,11.053112343308515,0.009047225513865276,0.8701874431748429,96.18279569147933,0.0,0.45140675583667206,0.0,3.724104244725717e-32,0.0,3.843637809859378e-6,true
22.775000000000002,4.6,370.87022941745175,-1.8767982438148997e-14,-7.5926511030246e-15,-1.7914363039325152e-16,-1.5332848214183482e-10,0.0,-1.1361055327448506e-5,5.007025617817822e-6,11.110292572159445,0.009000663065397888,0.8712720999771986,96.8008794070643,0.0,0.44236964421544467,0.0,2.914233248983353e-32,0.0,3.7653098397433785e-6,true
22.825000000000003,4.6,374.6198717736762,-1.507898060214623e-14,-5.995859084484284e-15,-1.436161779336752e-16,-1.5308886979146466e-10,0.0,-1.1092361233595572e-5,4.883349455449915e-6,11.166736804690002,0.00895516763303674,0.872278805118242,97.4050783706489,0.0,0.4333628866098279,0.0,2.2743116521963266e-32,0.0,3.6899401032088943e-6,true
22.875000000000004,4.6,378.33963118485957,-1.2105580981993311e-14,-4.729249221827736e-15,-1.1504472304103883e-16,-1.5286104135103206e-10,0.0,-1.0835710586819892e-5,4.765658730067423e-6,11.222452767422656,0.008910708030804744,0.8732069932115476,97.9952423749975,0.0,0.42439241185747156,0.0,1.769628010504328e-32,0.0,3.617386005959568e-6,true
22.925000000000004,4.6,382.02930602314757,-9.711114360941679e-15,-3.725851389211841e-15,-9.208775649273793e-17,-1.526449324169643e-10,0.0,-1.0590519614644576e-5,4.6536488688481235e-6,11.27744817714261,0.0088672542253559,0.8740562834283521,98.57124440269114,0.0,0.41546391103934915,0.0,1.372504103591536e-32,0.0,3.5475132499560194e-6,true
22.975,4.6,385.688684193971,-7.784528744533765e-15,-2.9319776123261343e-15,-7.365783928214756e-17,-1.5244043986575147e-10,0.0,-1.0356234838444947e-5,4.547031051527546e-6,11.331730309597246,0.008824777617175237,0.8748265062903815,99.13298036969782,0.0,0.40658277598078146,0.0,1.0608431840196579e-32,0.0,3.480195797528855e-6,true
23.025000000000002,4.6,389.3175240745927,-6.235695858449641e-15,-2.3046565541736987e-15,-5.887453012745731e-17,-1.5224742016863897e-10,0.0,-1.0132331575528145e-5,4.445531333453853e-6,11.385305733866293,0.00878325117809914,0.8755177165905413,99.68036878799813,0.0,0.3977540641323415,0.0,8.169872873365598e-33,0.0,3.4153156069573617e-6,true
23.075000000000003,4.6,392.915545196238,-4.9915539307071086e-15,-1.8095482696460976e-15,-4.7025803671459875e-17,-1.5206568971346986e-10,0.0,-9.918312465263298e-6,4.348889864043316e-6,11.438180196445776,0.008742649467183018,0.8761301939445326,100.21335033884549,0.0,0.38898248626934384,0.0,6.268184015861424e-33,0.0,3.352762196597596e-6,true
23.125000000000004,4.6,396.48242701480774,-3.9929427695418675e-15,-1.4192525576718696e-15,-3.753647726948876e-17,-1.5189502674188007e-10,0.0,-9.713706035159599e-6,4.256860183289139e-6,11.490358625829037,0.008702948555079144,0.8766644334837188,100.73188735237174,0.0,0.3802724117961144,0.0,4.7905025040061065e-33,0.0,3.2924321003310535e-6,true
23.175000000000004,4.6,400.01781360490617,-3.19201090889129e-15,-1.1119392484586329e-15,-2.994241272821434e-17,-1.5173517443828876e-10,0.0,-9.518065320699736e-6,4.169208578837408e-6,11.541845222293713,0.00866412588923342,0.8771211296285567,101.2359631937622,0.0,0.37162788589034224,0.0,3.6466813027487334e-33,0.0,3.234228273261975e-6,true
23.225,4.6,403.521322041062,-2.5500946390885118e-15,-8.702412821682134e-16,-2.3869468236893452e-17,-1.515858447167234e-10,0.0,-9.330966549172918e-6,4.085713488160705e-6,11.592643597920635,0.0086261601295098,0.8775011558077188,101.72558156042308,0.0,0.36305265308765033,0.0,2.764834768284224e-33,0.0,3.1780594961760377e-6,true
23.275000000000002,4.6,406.9925524776629,-2.035985610536819e-15,-6.803618602610486e-16,-1.9016350913340672e-17,-1.5144672231948242e-10,0.0,-9.152007893622101e-6,4.006164933629981e-6,11.64275693684719,0.008589030978008167,0.8778055425560658,102.20076569797547,0.0,0.35455018288712187,0.0,2.0877752180849258e-33,0.0,3.123839813608095e-6,true
23.325000000000003,4.6,410.43109839263224,-1.6245178629598866e-15,-5.313556188203706e-16,-1.5140666973856065e-17,-1.5131746894102252e-10,0.0,-8.980808299088275e-6,3.930363981948626e-6,11.69218815330143,0.008552719019644224,0.8780354558040011,102.66155754530162,0.0,0.3461236942284737,0.0,1.5701456556242e-33,0.0,3.071488026413953e-6,true
23.375000000000004,4.6,413.83655597524665,-1.2954169997748958e-15,-4.1455096911673135e-16,-1.2047588930712818e-17,-1.5119772719665226e-10,0.0,-8.817006380117431e-6,3.858122222801925e-6,11.740940033130816,0.008517205583012777,0.8781921765146321,103.10801682022928,0.0,0.3377761769686159,0.0,1.1761016004877717e-33,0.0,3.020927247640925e-6,true
23.425000000000004,4.6,417.2085321244974,-1.0323641475660897e-15,-3.2308671393505857e-16,-9.580661199629619e-18,-1.510871243505479e-10,0.0,-8.660259386236789e-6,3.7892612642835574e-6,11.789015351868796,0.008482472625175435,0.8782770822458049,103.54022005790326,0.0,0.3295104095726311,0.0,8.774307962532006e-34,0.0,2.9720845214096132e-6,true
23.475,4.6,420.54665090519455,-8.222356162658251e-16,-2.5154097990771384e-16,-7.61435029185373e-18,-1.5098527579111888e-10,0.0,-8.510242230816832e-6,3.72361224453403e-6,11.836416968028344,0.008448502639786401,0.8782916307737431,103.95825961367616,0.0,0.32132897303146235,0.0,6.52025859453428e-34,0.0,2.924890498734741e-6,true
23.525000000000002,4.6,423.85055857522593,-6.544860646972412e-16,-1.9563457541312537e-16,-6.048016122508351e-18,-1.5089178829105302e-10,0.0,-8.366646578265324e-6,3.6610153601050503e-6,11.88314789400678,0.00841527858543565,0.8782373456306041,104.36224264168418,0.0,0.3132342615092666,0.0,4.8264398368615944e-34,0.0,2.8792791613666096e-6,true
23.575000000000003,4.6,427.11992743681856,-5.206486989544769e-16,-1.5199423296407436e-16,-4.801039226838276e-18,-1.5080626311699075e-10,0.0,-8.229179984623317e-6,3.6013194120088115e-6,11.92921134889233,0.008382783829987668,0.8781158032637546,104.75229005935685,0.0,0.30522849044883155,0.0,3.5590161193803e-34,0.0,2.8351875841178242e-6,true
23.625000000000004,4.6,430.3544588154105,-4.139307752642024e-16,-1.1796394456513794e-16,-3.808886820926638e-18,-1.5072829906523434e-10,0.0,-8.097565087118673e-6,3.544381370428327e-6,11.974610797986717,0.008351002106624872,0.8779286214860641,105.12853550708616,0.0,0.2973137028940837,0.0,2.6146211564100987e-34,0.0,2.792555726952761e-6,true
23.675000000000004,4.6,433.5538854569846,-3.2888660376840203e-16,-9.145484962435223e-17,-3.019940349556053e-18,-1.5065749550166052e-10,0.0,-7.97153883888716e-6,3.490065958856027e-6,12.019349983479886,0.008319917477854126,0.8776774489154526,105.49112431122614,0.0,0.28949177469988147,0.0,1.9138213455778894e-34,0.0,2.7513262496496917e-6,true
23.725,4.6,436.7179735810925,-2.611534900324654e-16,-7.082597309123579e-17,-2.3929398454433993e-18,-1.5059345548204276e-10,0.0,-7.850851785770684e-6,3.438245258163991e-6,12.06343294986656,0.008289514304558402,0.8773639551640304,105.8402124575101,0.0,0.2817644191553487,0.0,1.395881441621166e-34,0.0,2.711444343569723e-6,true
23.775000000000002,4.6,439.8465247656812,-2.0723872105494988e-16,-5.478960841377555e-17,-1.894927271567228e-18,-1.505357890282842e-10,0.0,-7.735267382797245e-6,3.3887983309321836e-6,12.106864066701839,0.008259777218035792,0.8769898216069794,106.17596558076794,0.0,0.27413319139403164,0.0,1.0145955860451718e-34,0.0,2.6728575766583137e-6,true
23.825000000000003,4.6,442.93937777650734,-1.6434789827254993e-16,-4.233635590665058e-17,-1.4995930313659376e-18,-1.504841166407353e-10,0.0,-7.6245613486738475e-6,3.3416108664065963e-6,12.149648050344972,0.00823069109373589,0.8765567326229063,106.49855797528654,0.0,0.26659949282943096,0.0,7.349858506677489e-35,0.0,2.635515749117377e-6,true
23.875000000000004,4.6,445.99641039812053,-1.3024672235109274e-16,-3.267581253294694e-17,-1.1859478474945843e-18,-1.5043807314087914e-10,0.0,-7.518521057513391e-6,3.2965748469007843e-6,12.191789985508848,0.008202241026039649,0.8760663672422373,106.80817162785024,0.0,0.2591645757498653,0.0,5.307032877542456e-35,0.0,2.5993707582024727e-6,true
23.925000000000004,4.6,449.0175412682311,-1.031498112219828e-16,-2.5189705806819173e-17,-9.372569280994302e-19,-1.5039731196745392e-10,0.0,-7.416944968328435e-6,3.2535882375644374e-6,12.233295346692593,0.008174412303961591,0.8755203911645425,107.10499527167676,0.0,0.251829548133797,0.0,3.81994374808399e-35,0.0,2.5643764713898485e-6,true
23.975,4.6,452.00273166862655,-8.163134056584146e-17,-1.939490724545814e-17,-7.401853431186604e-19,-1.5036151010059808e-10,0.0,-7.319642094997106e-6,3.2125547036703373e-6,12.274170018833697,0.008147190388153194,0.8749204491063806,107.38922345286049,0.0,0.24459537870180245,0.0,2.741195376722579e-35,0.0,2.5304886078349196e-6,true
24.025000000000002,4.6,454.95198715317963,-6.455328206462119e-17,-1.4914278208946302e-17,-5.841133064708066e-19,-1.50330373875346e-10,0.0,-7.226431523131199e-6,3.1733833636234284e-6,12.31442031564079,0.00812056089014503,0.8742681574125034,107.66105558958371,0.0,0.2374629021986954,0.0,1.9613071232633255e-35,0.0,2.4976646287335956e-6,true
24.075000000000003,4.6,457.8653588147951,-5.100781860156038e-17,-1.1453716662326344e-17,-4.605880048901565e-19,-1.503036460862132e-10,0.0,-7.137141986577871e-6,3.1359885928016437e-6,12.354052992932452,0.00809450955546397,0.8735650967918269,107.92069498542398,0.0,0.2304328248938865,0.0,1.399321056171346e-35,0.0,2.4658636380001868e-6,true
24.125000000000004,4.6,460.74294387676105,-4.027116985590406e-17,-8.784106729412119e-18,-3.6288506290519537e-19,-1.5028111500307897e-10,0.0,-7.05161152657699e-6,3.1002899044469602e-6,12.393075252877546,0.008069022253115185,0.8728128048990529,108.16834772789088,0.0,0.22350573029677762,0.0,9.956280646465822e-36,0.0,2.4350462956002396e-6,true
24.175000000000004,4.6,463.5848851804235,-3.17665934687885e-17,-6.727139708205255e-18,-2.8565796024269135e-19,-1.5026262624289426e-10,0.0,-6.96968727266227e-6,3.0662119506749585e-6,12.43149473353925,0.008044084974770365,0.8720127682249886,108.40422135767929,0.0,0.21668208510591036,0.0,7.065200958556789e-36,0.0,2.4051747467287634e-6,true
24.225,4.6,466.3913690733387,-2.5034758496583996e-17,-5.144188386768911e-18,-2.2465794854923494e-19,-1.5024809889582918e-10,0.0,-6.891225408270617e-6,3.0336847106596075e-6,12.46931947737495,0.00801968384733792,0.8711664122994814,108.6285231292078,0.0,0.2099622454467767,0.0,5.000764490535211e-36,0.0,2.3762125702048734e-6,true
24.275000000000002,4.6,469.1626213345667,-1.9710037640546004e-17,-3.927586528645162e-18,-1.765104342501769e-19,-1.502375478952723e-10,0.0,-6.816091417762325e-6,3.002643964891803e-6,12.506557874214991,0.007995805161240401,0.8702750884084551,108.84145759667912,0.0,0.2033464635059209,0.0,3.530743787183505e-36,0.0,2.3481247476582006e-6,true
24.325000000000003,4.6,471.8989013780432,-1.5501547902233986e-17,-2.993800798889472e-18,-1.3853655571950475e-19,-1.5023111532004025e-10,0.0,-6.7441607570217675e-6,2.9730321935018335e-6,12.54321858243129,0.007972435411439405,0.8693400536435085,109.04322315313071,0.0,0.19683489474051913,0.0,2.4868118201963942e-36,0.0,2.320877648872465e-6,true
24.375000000000004,4.6,474.6004965612073,-1.2177998310386089e-17,-2.2780900621676024e-18,-1.0861091023755708e-19,-1.502291140421045e-10,0.0,-6.675320148896498e-6,2.944800080704151e-6,12.579310453041447,0.007949561335122453,0.8683624387424831,109.2340070270188,0.0,0.1904276059338991,0.0,1.7473884420972527e-36,0.0,2.2944390139020655e-6,true
24.425000000000004,4.6,477.2677218250505,-9.55558841304838e-18,-1.7303324643409209e-18,-8.504818132747435e-20,-1.5023208774350427e-10,0.0,-6.609469780777249e-6,2.9179088532057548e-6,12.61484252613763,0.007927169902660503,0.86734319417336,109.41397810614149,0.0,0.18412458447669933,0.0,1.2249532537376833e-36,0.0,2.2687778827484707e-6,true
24.475,4.6,479.90093643703165,-7.488350727859563e-18,-1.3117684931755121e-18,-6.65128634175029e-20,-1.5024089165523618e-10,0.0,-6.546526783416093e-6,2.892333726592362e-6,12.649824254336979,0.007905248167041934,0.8662829981082918,109.58327680590024,0.0,0.1779257493759845,0.0,8.567058574353823e-37,0.0,2.2438643684399927e-6,true
24.525000000000002,4.6,482.500601414115,-5.860451253300934e-18,-9.924619190398245e-19,-5.1947447177245345e-20,-1.5025679833112534e-10,0.0,-6.486430520792551e-6,2.8680687877866984e-6,12.684266260882112,0.00788378278595404,0.8651820982816614,109.74200098753268,0.0,0.17183096462602873,0.0,5.977211292141018e-37,0.0,2.219669073787189e-6,true
24.575000000000003,4.6,485.0674217429648,-4.5800603671203865e-18,-7.493230703745416e-19,-4.0515373232963743e-20,-1.5028163257902478e-10,0.0,-6.429150475672515e-6,2.845133733345501e-6,12.718182204885414,0.007862758874580928,0.8640400394631771,109.89018654209067,0.0,0.16584005571792126,0.0,4.159544595469758e-37,0.0,2.1961617905986934e-6,true
24.625000000000004,4.6,487.6026529528392,-3.574487281491925e-18,-5.645727006959523e-19,-3.1555835634446483e-20,-1.5031794026990426e-10,0.0,-6.374697995126672e-6,2.823583088095638e-6,12.751592781148965,0.007842157581116675,0.862855192251308,110.0277804068868,0.0,0.15995283024787965,0.0,2.8861181471870053e-37,0.0,2.173308847970689e-6,true
24.675000000000004,4.6,490.1087135784716,-2.786340092419385e-18,-4.245517866484346e-19,-2.454817049838672e-20,-1.5036919951220983e-10,0.0,-6.323144114175492e-6,2.8035190091220593e-6,12.784533675907587,0.007821951315162138,0.8616239330815043,110.15460188448438,0.0,0.15416910388434243,0.0,1.9952189754202426e-37,0.0,2.151068007454602e-6,true
24.725,4.6,492.5903572710239,-2.1705371304548687e-18,-3.1880482397496972e-19,-1.908416169565102e-20,-1.5044009468887936e-10,0.0,-6.274647606330806e-6,2.785109862682089e-6,12.817070734251184,0.0078020947276797835,0.8603392015335471,110.27028401504657,0.0,0.14848873353854752,0.0,1.3724081386698739e-37,0.0,2.1293789629416686e-6,true
24.775000000000002,4.6,495.0568705275965,-1.6920646017189147e-18,-2.3938356403224515e-19,-1.4847230305084146e-20,-1.5053690422259299e-10,0.0,-6.229501326243763e-6,2.768619087019042e-6,12.849328304044352,0.007782507975029699,0.8589879211843545,110.37417808506345,0.0,0.14291166074654085,0.0,9.369015463892653e-38,0.0,2.108145926971206e-6,true
24.825000000000003,4.6,497.5261815195338,-1.3244712225963256e-18,-1.8033739086670342e-19,-1.15983293716566e-20,-1.5066812156714447e-10,0.0,-6.188212867146578e-6,2.7544536954537813e-6,12.881542067659485,0.007763045718808846,0.8575462928188233,110.4651864591111,0.0,0.13743797063610927,0.0,6.31827363979818e-38,0.0,2.087205699822564e-6,true
24.875000000000004,4.6,500.0326180651785,-1.0492575001712485e-18,-1.3738041892586713e-19,-9.169827399355459e-21,-1.5084557440551272e-10,0.0,-6.151651856301326e-6,2.7432517109501126e-6,12.914158508374026,0.007743439104851954,0.8559710029829136,110.54145211093241,0.0,0.13206799209863435,0.0,4.173101402575718e-38,0.0,2.066268454889883e-6,true
24.925000000000004,4.6,502.6411713942671,-8.566579043865063e-19,-1.0776436251909757e-19,-7.471614010610145e-21,-1.5108651323912865e-10,0.0,-6.121331582626587e-6,2.7360467361800757e-6,12.948017109379515,0.007723190288925414,0.8541829681426332,110.59975686051393,0.0,0.12680357766204922,0.0,2.6568481209864856e-38,0.0,2.044811355543379e-6,true
24.975,4.6,505.4286055430586,-7.490765318106069e-19,-9.051165680726134e-20,-6.520229201467615e-21,-1.5141118249221408e-10,0.0,-6.100069240243387e-6,2.734484873183847e-6,12.984100594676386,0.007701727144735849,0.8520753389280008,110.63431914884137,0.0,0.12172283891185165,0.0,1.5972021601416605e-38,0.0,2.0222505727308907e-6,true
25.025000000000002,4.6,505.4286055430586,-7.505761845269444e-19,-9.0692861325394e-20,-6.520229201467615e-21,-1.5141118249221408e-10,0.0,-6.100069240243387e-6,2.734484873183847e-6,12.984100594676386,0.007701727144735849,0.8520753389280008,110.63431914884137,0.0,0.12172283891185165,0.0,1.600399762063866e-38,0.0,2.0222505727308907e-6,true
