r,tau,Dtau,Sr,E,nur,Pi,piR,piEta,piPhi,D,T,mu,alpha,phi,ur,v,n,e,P,ok
-0.025,4.4,0.9229088293940775,1.5149284690071756e-5,-0.006789517741259302,1.642240348160594e-5,-1.9014098806616455e-10,0.0,-0.1222252233932312,0.06113631285702642,0.4747753453752044,0.21062593282086337,1.4288956254680825,6.784044140867275,0.0,-0.0024973483135437118,0.0,-0.006789501080443351,0.0,1.1236082314569198,true
0.025,4.4,0.9229088293940775,1.5149284690071756e-5,0.006789517741259302,-1.642240348160594e-5,-1.9014098806616455e-10,0.0,-0.1222252233932312,0.06113631285702642,0.4747753453752044,0.21062593282086337,1.4288956254680825,6.784044140867275,0.0,0.0024973483135437118,0.0,0.006789501080443351,0.0,1.1236082314569198,true
0.07500000000000001,4.4,0.922931417899367,0.00013556003533837904,0.020367868686385952,-5.002909972709925e-5,-1.9013710113805784e-10,0.0,-0.12224651454452426,0.06118259800258768,0.47478216985288557,0.21062290530199496,1.4288907259090868,6.784118393297811,0.0,0.0074663166206654355,0.0,0.02036742425675066,0.0,1.1235436305524282,true
0.12500000000000003,4.4,0.9230213963675026,0.0003759135500647821,0.03393867268570734,-8.411302487802561e-5,-1.9013502491824038e-10,0.0,-0.12224616166680065,0.06121783743492813,0.4748093534773636,0.21061084679067402,1.4288592787518626,6.784357503543039,0.0,0.012440121769535226,0.0,0.033936622291074976,0.0,1.1232863548482215,true
0.17500000000000002,4.4,0.9231769501862642,0.0007359560715045912,0.04749286877489087,-0.00011819945799647024,-1.901345194502019e-10,0.0,-0.12223001904266921,0.06124080373703297,0.47485634513329267,0.21059000479804038,1.428795878742733,6.784727889212853,0.0,0.017414560649571,0.0,0.04748725338541603,0.0,1.1228417823907426,true
0.225,4.4,0.9233974375219623,0.0012152724017652043,0.061021473610386796,-0.0001522152480272768,-1.9013549500003093e-10,0.0,-0.12220069090428709,0.06125514309096094,0.4749229459847831,0.21056047269445702,1.4287000191719292,6.785224220336487,0.0,0.02238936919607741,0.0,0.06100955705136721,0.0,1.122212070534237,true
0.275,4.4,0.9236820747543566,0.0018132388540942495,0.07451583378017305,-0.00018615355572162287,-1.9013784353739544e-10,0.0,-0.12215987037850154,0.06126373244674537,0.475008912402685,0.2105223657682149,1.4285722626182222,6.785845567549246,0.0,0.027364373785725433,0.0,0.07449410947532022,0.0,1.1213999095133447,true
0.325,4.4,0.9240301721620298,0.002529040685592269,0.08796756639841859,-0.00022001555731988344,-1.901414681045431e-10,0.0,-0.12210859587422594,0.06126854481923576,0.4751140272387366,0.2104757895303136,1.428413296265153,6.7865919374989545,0.0,0.032339426841426995,0.0,0.08793176658644282,0.0,1.1204078434699414,true
0.375,4.4,0.9244411940523205,0.0033616868226811866,0.10136848736272011,-0.0002538000467343856,-1.9014629004551205e-10,0.0,-0.12204748206624944,0.061270873592513625,0.47523811803147736,0.21042083159115724,1.4282237211905398,6.787463533865055,0.0,0.03731440899949278,0.0,0.10131359443062092,0.0,1.119238095339558,true
0.425,4.4,0.9249147525727893,0.0043100184619583055,0.11471056251667697,-0.0002875027464691242,-1.901522479427174e-10,0.0,-0.12197688797102219,0.06127154657549919,0.4753810551553195,0.21035756245550716,1.4280040257405566,6.788460605225898,0.0,0.042289224661267825,0.0,0.11463082231194154,0.0,1.1178925826345156,true
0.475,4.4,0.9254505844843531,0.005372714378665522,0.12798587788516272,-0.00032111714067705854,-1.9015929448886158e-10,0.0,-0.12189702468929704,0.06127108415632398,0.47554274480909836,0.21028603861918646,1.427754601177102,6.789583419575787,0.0,0.047263796279653436,0.0,0.12787481494122782,0.0,1.1163729826826976,true
0.525,4.4,0.92604852677571,0.006548294741951857,0.14118662277360933,-0.00035463525322757076,-1.901673932791601e-10,0.0,-0.121808020589087,0.061269807185453606,0.4757231216468643,0.21020630583146507,1.4274757634757396,6.790832262759196,0.0,0.05223805936261727,0.0,0.14103705740224906,0.0,1.1146808015689196,true
0.5750000000000001,4.4,0.9267084957956946,0.00783512430871585,0.15430508127135587,-0.0003880481863327313,-1.90176516100958e-10,0.0,-0.1217099594159969,0.06126790804788968,0.47592214246696146,0.21011840189163294,1.4271677726111143,6.792207440008828,0.0,0.05721195858344635,0.0,0.15410914847947066,0.0,1.1128174331990908,true
0.625,4.4,0.9274304707407168,0.009231415416657186,0.16733362919669373,-0.0004213464723353185,-1.901866408062198e-10,0.0,-0.12160290201848711,0.06126549667761916,0.4761397812141043,0.21002235886489248,1.4268308478441396,6.793709277220435,0.0,0.06218544490460944,0.0,0.16708279938364087,0.0,1.1107842059765514,true
0.675,4.4,0.9282144810734818,0.010735230990008558,0.18026473452555342,-0.0004545203023435858,-1.9019774970781926e-10,0.0,-0.12148689845498623,0.061262630074821724,0.4763760251673603,0.2099182047729376,1.426465179350958,6.79533812178855,0.0,0.06715847350797953,0.0,0.17994983591360353,0.0,1.1085824182402364,true
0.725,4.4,0.9290605971286722,0.01234448766993499,0.19309096001347384,-0.0004875596758548791,-1.9020982838707104e-10,0.0,-0.12136199458271332,0.06125933114542181,0.476630872089655,0.20980596485825168,1.4260709369071636,6.7970943431977275,0.0,0.07213100232833004,0.0,0.1927022027593923,0.0,1.1062133645620762,true
0.775,4.4,0.9299689231757902,0.014056959127718482,0.20580496716794994,-0.0005204544992868823,-1.9022286482262198e-10,0.0,-0.12122823554400958,0.061255600692406736,0.4769043281185248,0.2096856625196051,1.4256482763172822,6.798978333504264,0.0,0.07710299102364311,0.0,0.2053319690987353,0.0,1.1036783549767848,true
0.8250000000000001,4.4,0.9309395923266921,0.015870279588837202,0.21839952102700527,-0.0005531946509776314,-1.9023684875382584e-10,0.0,-0.12108566754417267,0.061251425036525496,0.47719640621316467,0.20955732000070804,1.4251973441595969,6.800990507775063,0.0,0.08207440025553107,0.0,0.2178313349378531,0.0,1.1009787288906205,true
0.875,4.4,0.9319727628078173,0.017781947579135295,0.2308674953969804,-0.0005857700238687642,-1.9025177121694485e-10,0.0,-0.12093433871046998,0.06124678085500252,0.4775071250127666,0.2094209588963231,1.4247182812891,6.803131304514881,0.0,0.08704519118697228,0.0,0.23019263784475344,0.0,1.0981158650413478,true
0.925,4.4,0.9330686152340704,0.019789329894874134,0.2432018783308527,-0.000618170553154468,-1.9026762420312485e-10,0.0,-0.12077429947141448,0.06124163825215942,0.4778365079964528,0.20927660052450903,1.4242112254320158,6.805401186097831,0.0,0.09201532513090162,0.0,0.2424083598518092,0.0,1.0950911885491268,true
0.975,4.4,0.9342273506153723,0.021889665793331032,0.2553957777105269,-0.0006503862336948888,-1.902844004102537e-10,0.0,-0.12060560269534439,0.061235962707649604,0.4781845828635094,0.20912426620107802,1.4236763131184553,6.8078006392120765,0.0,0.09698476330273392,0.0,0.2544711343868012,0.0,1.091906175829809,true
1.0250000000000001,4.4,0.9354491888988992,0.024080071397836616,0.26744242684819725,-0.0006824071304046004,-1.903020930575725e-10,0.0,-0.12042830371506805,0.06122971631325174,0.478551381074385,0.2089639774426985,1.4231136811334146,6.810330175322475,0.0,0.10195346664401311,0.0,0.2663737531435486,0.0,1.0885623579363097,true
1.0750000000000002,4.4,0.9367343679037904,0.026357544309530877,0.27933519005349955,-0.0007142233838096282,-1.9032069574223652e-10,0.0,-0.12024246030344922,0.06122285855977549,0.4789369375091529,0.20879575611786866,1.4225234676166405,6.812990331152145,0.0,0.10692139569440666,0.0,0.2781091728351426,0.0,1.0850613227398935,true
1.1250000000000002,4.4,0.9380831425444796,0.028718968417002232,0.2910675681319569,-0.0007458252123194298,-1.9034020233837993e-10,0.0,-0.12004813263144329,0.06121534684060029,0.47934129021204697,0.20861962455970118,1.4219058129052218,6.815781669179985,0.0,0.11188851049631322,0.0,0.2896705217918811,0.0,1.0814047162503821,true
1.1750000000000003,4.4,0.9394957842675133,0.031161118893947994,0.3026332037905448,-0.0007772029123537587,-1.9036060691510381e-10,0.0,-0.1198453832226165,0.0612071367778726,0.4797644801993428,0.20843560565060978,1.4212608601857983,6.8187047781471035,0.0,0.11685477052126675,0.0,0.3010511063766502,0.0,1.0775942432920642,true
1.225,4.4,0.9409725806473836,0.03368066737393525,0.3140258869315218,-0.0008083468572081852,-1.9038190367096214e-10,0.0,-0.11963427690939919,0.061198182438829796,0.48020655131411877,0.20824372288621015,1.4205887560037012,6.821760273561514,0.0,0.12182013461072874,0.0,0.31224441719618146,0.0,1.0736316676927562,true
1.2750000000000001,4.4,0.9425138351018812,0.03627418729020789,0.325239559817851,-0.0008392474953742212,-1.9040408688796823e-10,0.0,-0.11941488079218718,0.0611884364851105,0.48066755011593953,0.20804400042374294,1.419889650662186,6.824948798187702,0.0,0.1267845609262151,0.0,0.3232441350891912,0.0,1.0695188121006654,true
1.3250000000000002,4.4,0.9441198666981931,0.03893815936736612,0.3362683220942011,-0.0008698953489070512,-1.9042715089574864e-10,0.0,-0.11918726420066734,0.061177850282193906,0.48114752579675846,0.20783646311888343,1.4191636985348772,6.828271022506329,0.0,0.13174800690532362,0.0,0.33404413687351125,0.0,1.0652575575128809,true
1.3750000000000002,4.4,0.9457910100287309,0.04166897725077425,0.3471064356477088,-0.0009002810123258131,-1.9045109003606205e-10,0.0,-0.11895149865619804,0.06116637398606141,0.4816465301166731,0.2076211365537632,1.4184110583076137,6.831727645129802,0.0,0.13671042922133897,0.0,0.3446385008349545,0.0,1.0608498425771726,true
1.4250000000000003,4.4,0.9475276151412523,0.04446295325885299,0.3577483292930326,-0.0009303951524218441,-1.9047589864431525e-10,0.0,-0.11870765783406122,0.06115395661775627,0.48216461735485594,0.20739804705828005,1.4176318931612903,6.8353193931615355,0.0,0.14167178374484607,0.0,0.3550215119414539,0.0,1.0562976627127985,true
1.475,4.4,0.9493300475118971,0.04731632424311101,0.3681886032672284,-0.0009602285092321949,-1.9050157102517506e-10,0.0,-0.11845581752459958,0.06114054613243237,0.482701844272205,0.20716722172622992,1.4168263709044318,6.839047022490644,0.0,0.14663202550630414,0.0,0.36518766676741954,0.0,1.051603069084476,true
1.5250000000000001,4.4,0.9511986880526512,0.05022525754092544,0.37842203352178033,-0.0009897718983096862,-1.905281014408534e-10,0.0,-0.11819605559250354,0.06112608948688152,0.48325827008313754,0.2069286884274044,1.4159946640626562,6.842911318018727,0.0,0.15159110865888242,0.0,0.37513167811541925,0.0,1.0467681674553675,true
1.5750000000000002,4.4,0.9531339331469301,0.05318585700667584,0.3884435758016218,-0.0010190162142944173,-1.905554840970141e-10,0.0,-0.11792845193373674,0.061110532707896834,0.48383395643460064,0.20668247581650856,1.4151369499314002,6.846913093821027,0.0,0.15654898644109128,0.0,0.3848484793250775,0.0,1.0417951169388178,true
1.6250000000000002,4.4,0.955136194708487,0.05619416910782685,0.3982483695040932,-0.0010479524356743848,-1.9058371313368867e-10,0.0,-0.11765308842977873,0.06109382096280176,0.4844289673908358,0.20642861333954934,1.4142534105980271,6.8510531932497,0.0,0.16150561113890663,0.0,0.39433322826241124,0.0,1.03668612866422,true
1.6750000000000003,4.4,0.9572059002600106,0.05924618907378403,0.4078317413140438,-0.001076571630525629,-1.9061278261675498e-10,0.0,-0.11737004889899952,0.061075898632845224,0.48504336942278103,0.20616713123818925,1.4133442329393522,6.855332488991592,0.0,0.1664609340471914,0.0,0.40358131098623024,0.0,1.0314434643691277,true
1.725,4.4,0.9593434930286311,0.06233786708667645,0.4171892086144295,-0.0011048649629537884,-1.9064268653179298e-10,0.0,-0.11707941904508644,0.061056709389774366,0.4856772314012479,0.20589806055244916,1.4124096086005222,6.859751883096218,0.0,0.17141490543029905,0.0,0.4125883450914571,0.0,1.02606943492736,true
1.7750000000000001,4.4,0.9615494320561355,0.0654651145044629,0.4263164826743808,-0.0011328236999245205,-1.9067341877879116e-10,0.0,-0.11678128640252138,0.061036196275659385,0.4863306245931973,0.2056214331220604,1.411449733960937,6.8643123069912475,0.0,0.17636747448180237,0.0,0.421350182731913,0.0,1.0205663988211018,true
1.8250000000000002,4.4,0.9638241923221909,0.06862381010777677,0.4352094716186042,-0.001160439218171149,-1.9070497316724718e-10,0.0,-0.11647574027917001,0.061014301785898346,0.4870036226605716,0.2053372815867066,1.4104648100923902,6.8690147215024915,0.0,0.18131858928334896,0.0,0.42986291332704946,0.0,1.014936760563738,true
1.8750000000000002,4.4,0.966168264879166,0.07180980636260184,0.4438642831829245,-0.0011877030109007439,-1.9073734341550567e-10,0.0,-0.11616287169610566,0.06099096795522658,0.4876963016612429,0.20504563938534984,1.4094550427138748,6.873860116893458,0.0,0.18626819676271283,0.0,0.438122865958132,0.0,1.0091829690791827,true
1.9250000000000003,4.4,0.9685821569973622,0.07501893569117543,0.45227722726089314,-0.0012146066940778904,-1.9077052314436354e-10,0.0,-0.11584277332486595,0.060966136446468776,0.4884087400516991,0.20474654075480875,1.4084206421465708,6.8788495129361165,0.0,0.19121624265119566,0.0,0.4461266114596032,0.0,1.0033075160428955,true
1.975,4.4,0.9710663923196301,0.07824701674342228,0.4604448182455687,-0.0012411420121399553,-1.908045058777021e-10,0.0,-0.11551553942243224,0.06093974864167973,0.48914101869113386,0.20444002072773335,1.4073618232714584,6.883983959020126,0.0,0.19616267144065425,0.0,0.4538709642107102,0.0,0.9973129341892686,true
2.0250000000000004,4.4,0.9736215110243599,0.08148986066084314,0.46836377716932664,-0.0012673008430783242,-1.90839285040627e-10,0.0,-0.1151812657643483,0.06091174573520723,0.4898932208466214,0.20412611513011442,1.406278805490951,6.889264534303013,0.0,0.2011074263405896,0.0,0.46135298363143984,0.0,0.9912017955898853,true
2.075,4.4,0.9762480699958408,0.08474327732417909,0.4760310336428699,-0.0012930752028979982,-1.9087485395692452e-10,0.0,-0.11484004957655686,0.06088206882806625,0.4906654321990535,0.20380486057846423,1.4051718126949346,6.894692347898876,0.0,0.20605044923594748,0.0,0.4685699753853967,0.0,0.9849767099070785,true
2.125,4.4,0.978946643000905,0.08800308157547529,0.4834437275928965,-0.0013184572495356158,-1.9091120584870947e-10,0.0,-0.11449198946673121,0.060850659022840245,0.49145774084949784,0.20347629447680962,1.4040410732307531,6.900268539098902,0.0,0.21099168064654028,0.0,0.47551949229083723,0.0,0.9786403226272176,true
2.1750000000000003,4.4,0.9817178208706244,0.09126509940451762,0.490599210796387,-0.0013434392863676977,-1.9094833383469626e-10,0.0,-0.11413718535611586,0.060817457518115355,0.4922702373255943,0.20314045501365266,1.4028868198760402,6.9059942776132655,0.0,0.21593105968931398,0.0,0.4821993349399066,0.0,0.9721953132783523,true
2.225,4.4,0.9845622116856745,0.09452517408907424,0.49749504820831614,-0.0013680137654745344,-1.9098623092661999e-10,0.0,-0.11377573841314338,0.06078240570122936,0.49310301458757055,0.20279738115906595,1.4017092898128818,6.911870763821346,0.0,0.22086852404501361,0.0,0.48860755202527606,0.0,0.9656443936369582,true
2.2750000000000004,4.4,0.9874804409638197,0.0977791722780243,0.5041290190788714,-0.0013921732908395864,-1.9102489003164756e-10,0.0,-0.11340775099034639,0.06074544523789293,0.4939561680334038,0.20244711266210466,1.4005087246015866,6.917899229015494,0.0,0.2258040099311295,0.0,0.49474244037296644,0.0,0.9589903059286817,true
2.325,4.4,0.990473151847795,0.10102299000634654,0.5104991178561445,-0.0014159106216609968,-1.910643039461643e-10,0.0,-0.11303332656629798,0.06070651815705029,0.4948297955026232,0.20208969004872684,1.399285370152369,6.924080935623091,0.0,0.23073745208328425,0.0,0.5006025446802898,0.0,0.9522358210280155,true
2.3750000000000004,4.4,0.9935410052918369,0.10425255863099017,0.5166035548703759,-0.001439218675933603,-1.911044653512904e-10,0.0,-0.11265256969445334,0.06066556692922177,0.49572399727823624,0.20172515462041019,1.3980394766933675,6.930417177392097,0.0,0.23566878374739048,0.0,0.506186656958199,0.0,0.9453837366616039,true
2.4250000000000003,4.4,0.9966846802451262,0.10746385067690194,0.5224407567964747,-0.0014620905344290066,-1.9114536681371474e-10,0.0,-0.1122655859607823,0.06062253453655561,0.49663887608628154,0.2013535484536392,1.396771298733718,6.936909279526894,0.0,0.2405979366849066,0.0,0.5114938156781776,0.0,0.9384368756194293,true
2.475,4.4,0.999904873830637,0.11065288558280936,0.5280093668922863,-0.0014845194451616943,-1.91187000773784e-10,0.0,-0.11187248195193841,0.060577364532944836,0.49757453709257493,0.20097491440040224,1.3954810950207328,6.943558598763806,0.0,0.24552484119328885,0.0,0.5165233046247325,0.0,0.9313980839773166,true
2.5250000000000004,4.4,1.003202301518282,0.1138157353366781,0.5333082450107763,-0.0015064988283836412,-1.9122935954156682e-10,0.0,-0.11147336523537299,0.060530001092867144,0.49853108789635303,0.2005892960897766,1.3941691284905693,6.950366523379139,0.0,0.2504494261432303,0.0,0.5212746514554122,0.0,0.9242702293329065,true
2.575,4.4,1.006577697291895,0.11694852999107036,0.5383364673851231,-0.0015280222821016294,-1.9127243528745813e-10,0.0,-0.11106834435225162,0.06048038904809649,0.49950863852069505,0.20019673793060322,1.392835666212146,6.957334473126942,0.0,0.25537161903346994,0.0,0.525747625971252,0.0,0.9170561990557321,true
2.6250000000000004,4.4,1.010031813810376,0.12004746304880018,0.5430933261861899,-0.0015490835880630502,-1.9131622003380778e-10,0.0,-0.11065752882328592,0.0604284739120991,0.5005073013998554,0.19979728511514755,1.3914809793243839,6.964463899108754,0.0,0.2602913460628617,0.0,0.5299422381012059,0.0,0.9097588985500791,true
2.6750000000000003,4.4,1.0135654225644095,0.12310879670932173,0.547578328852162,-0.0015696767181106327,-1.9136070564357985e-10,0.0,-0.11024102916668375,0.06037420189273571,0.5015271913639286,0.19939098362352983,1.3901053429671122,6.971756283582865,0.0,0.2652085322180517,0.0,0.5338587356046113,0.0,0.902381249527303,true
2.725,4.4,1.0171793140311856,0.12612886696621686,0.55179119719025,-0.0015897958407669196,-1.914058838069618e-10,0.0,-0.1098189569264105,0.06031751989478958,0.5025684256215883,0.19897788022858315,1.3887090362062184,6.979213139726325,0.0,0.270123101373641,0.0,0.5374976014960715,0.0,0.894926188282187,true
2.7750000000000004,4.4,1.0208742978307623,0.12910408854599265,0.55573186625032,-0.0016094353278777696,-1.9145174603031054e-10,0.0,-0.10939142470794358,0.06025837551473251,0.5036311237419503,0.19855802250068613,1.3872923419537997,6.986836011367941,0.0,0.27503497640021213,0.0,0.5408595511973054,0.0,0.887396663966223,true
2.825,4.4,1.0246512028886547,0.13203095967819667,0.5594004829700637,-0.0016285897611241864,-1.9149828362586474e-10,0.0,-0.10895854621778221,0.06019671703095247,0.5047154076368949,0.19813145881201738,1.3858555468841642,6.994626472714928,0.0,0.27994407927425274,0.0,0.5439455294205088,0.0,0.8797956368493203,true
2.8750000000000004,4.4,1.028510877610076,0.13490606668677965,0.5627974045913364,-0.0016472539382041973,-1.9154548769784982e-10,0.0,-0.10852043630226245,0.06013249339328564,0.5058214015453844,0.19769823833961997,1.3843989413466378,7.002586128099026,0.0,0.28485033118295566,0.0,0.5467567067879957,0.0,0.8721260765609297,true
2.9250000000000003,4.4,1.0324541900716764,0.13772608839264128,0.5659231968471405,-0.0016654228784935405,-1.9159334913543746e-10,0.0,-0.10807721098081398,0.06006565421604899,0.5069492320214201,0.19725841106664252,1.3829228192761054,7.010716611769186,0.0,0.2897536526162911,0.0,0.5492944761929276,0.0,0.8643909603017885,true
2.975,4.4,1.036482028236681,0.14048780031759925,0.5687786319190749,-0.001683091828015189,-1.9164185860198513e-10,0.0,-0.10762898746875557,0.05999614977878548,0.5080990279272636,0.19681202778115806,1.38142747810221,7.019019587757441,0.0,0.29465396343872147,0.0,0.5515604489064233,0.0,0.856593271018732,true
3.0250000000000004,4.4,1.0405953001988177,0.1431880786805776,0.5713646861655567,-0.0017002562635823684,-1.9169100653209265e-10,0.0,-0.10717588418508756,0.05992393103859438,0.5092709204333876,0.1963591400720473,1.3799132186580438,7.027496749841804,0.0,0.2995511829335334,0.0,0.5535564504368922,0.0,0.8487359955371274,true
3.075,4.4,1.0447949344596403,0.14582390417769922,0.5736825376219845,-0.0017169118960251768,-1.9174078312760587e-10,0.0,-0.10671802074149704,0.05984894965722819,0.5104650430263361,0.19589980032156828,1.3783803450890544,7.036149821625401,0.0,0.3044452298139963,0.0,0.55528451614829,0.0,0.840822122648369,true
3.1250000000000004,4.4,1.0490818802423412,0.14839236553916132,0.5757335632752023,-0.0017330546724637717,-1.9179117836112225e-10,0.0,-0.10625551790988892,0.05977115804515016,0.5116815315252674,0.19543406169441135,1.3768291647627362,7.044980556744516,0.0,0.30933602219732653,0.0,0.5567468866450906,0.0,0.8328546411533448,true
3.1750000000000003,4.4,1.0534571078436887,0.15089066285719066,0.5775193361159782,-0.0017486807776468302,-1.9184218197726296e-10,0.0,-0.1057884975670941,0.05969050942355089,0.5129205241074688,0.19496197812323782,1.3752599881795118,7.053990739210665,0.0,0.3142234775396122,0.0,0.5579460029329457,0.0,0.824836537866422,true
3.225,4.4,1.0579216090237593,0.15331611068100057,0.5790416219748404,-0.0017637866344280308,-1.9189378350305277e-10,0.0,-0.10531708261686763,0.05960695790402687,0.514182161342602,0.1944836042909111,1.373673128885016,7.06318218388352,0.0,0.31910751253225256,0.0,0.5588845013653788,0.0,0.816770795588113,true
3.2750000000000004,4.4,1.0624763974313978,0.15566614087630526,0.5803023761481118,-0.0017783689035006237,-1.9194597225818253e-10,0.0,-0.10484139689073702,0.059520458584351746,0.5154665862349201,0.1939989956098255,1.3720689033838207,7.0725567370634845,0.0,0.3239880429628468,0.0,0.559565208388073,0.0,0.8086603910577032,true
3.325,4.4,1.0671225090616314,0.15793830524855418,0.5813037398224855,-0.0017924244825473635,-1.9199873736676475e-10,0.0,-0.10436156503055821,0.05943096765764322,0.5167739442722297,0.19350820819890513,1.3704476310544615,7.082116277185474,0.0,0.3288649835456383,0.0,0.5599911350934845,0.0,0.8005082928995279,true
3.3750000000000004,4.4,1.0718610027399031,0.16013027793046525,0.582048036307672,-0.00180595050498686,-1.9205206777228563e-10,0.0,-0.10387771235667478,0.05933844253134088,0.5181043834799978,0.19301129885896953,1.3688096340654656,7.091862715589694,0.0,0.33373824772837923,0.0,0.5601654715993857,0.0,0.7923174595780464,true
3.4250000000000003,4.4,1.0766929606270148,0.16223985753561854,0.5825377670876047,-0.0018189443385064775,-1.9210595225677572e-10,0.0,-0.10338996472627209,0.05924284195183409,0.51945805447876,0.19250832504723223,1.3671552372919868,7.10179799734143,0.0,0.33860774748367034,0.0,0.5600915812655978,0.0,0.7840908373772884,true
3.475,4.4,1.0816194887382438,0.16426496908069974,0.5827756077011385,-0.0018314035835664657,-1.9216037945241788e-10,0.0,-0.10289844838682691,0.059144126130353726,0.5208351105428778,0.19199934485170905,1.3654847682325446,7.111924102070133,0.0,0.34347339309339275,0.0,0.5597729947633885,0.0,0.7758313584195909,true
3.5250000000000004,4.4,1.0866417174700977,0.16620366567949416,0.5827644034633062,-0.0018433260720413496,-1.9221533786074613e-10,0.0,-0.10240328982947924,0.05904225686585616,0.5222357076587406,0.1914844169662674,1.3637985569253341,7.122243044798711,0.0,0.3483350929347471,0.0,0.5592134040119402,0.0,0.7675419387369552,true
3.575,4.4,1.0917608021286582,0.1680541300119264,0.5825071650380078,-0.0018547098661352698,-1.9227081586488801e-10,0.0,-0.10190461564673144,0.058937197661049386,0.5236600045806707,0.19096360066695686,1.362096935863587,7.132756876736435,0.0,0.3531927532757032,0.0,0.558416655995988,0.0,0.7592254764060661,true
3.6250000000000004,4.4,1.0969779234544303,0.16981467557130617,0.582007063872325,-0.0018655532576717265,-1.9232680174570534e-10,0.0,-0.10140255239818104,0.05882891382837514,0.5251081628830797,0.1904369557901273,1.3603802399094702,7.143467686013051,0.0,0.35804627808646783,0.0,0.5573867464779908,0.0,0.7508848497551325,true
3.6750000000000003,4.4,1.102294288139691,0.17148374769264532,0.5812674275019563,-0.00187585476781822,-1.9238328369023383e-10,0.0,-0.10089722648710531,0.05871737258358167,0.5265803470077735,0.18990454271268842,1.3586488062061033,7.15437759833707,0.0,0.3628955688720064,0.0,0.556127813617495,0.0,0.7425229156477089,true
3.725,4.4,1.1077111293358013,0.17305992436444723,0.5802917347362895,-0.0018856131472666843,-1.9244024980153935e-10,0.0,-0.10038876404973487,0.05860254312541581,0.5280767243057052,0.18936642233470172,1.3569029740873342,7.165488777567085,0.0,0.36774052452890976,0.0,0.5546441315093996,0.0,0.7341425078456142,true
3.7750000000000004,4.4,1.1132297071492039,0.17454191682589404,0.5790836107307408,-0.001894827376854252,-1.9249768810468603e-10,0.0,-0.09987729085807606,0.058484396700843336,0.5295974650728682,0.18882265606433904,1.3551430849850379,7.176803426191025,0.0,0.3725810412281127,0.0,0.5529401036520012,0.0,0.7257464354503709,true
3.825,4.4,1.1188513091262333,0.17592856995090142,0.5776468219530968,-0.001903496668578301,-1.925555865509076e-10,0.0,-0.09936293223624092,0.05836290665600457,0.5311427425803964,0.18827330580510288,1.3533694823337843,7.1883237857137745,0.0,0.37741701232331076,0.0,0.5510202563548552,0.0,0.7173374814203065,true
3.8750000000000004,4.4,1.124577250727955,0.17721886242016768,0.57598527104989,-0.0019116204669365963,-1.9261393301949586e-10,0.0,-0.09884581298948922,0.05823804847377226,0.532712733099251,0.18771843394508977,1.351582511472825,7.200052136958385,0.0,0.3822483282834952,0.0,0.5488892320958149,0.0,0.7089184011587606,true
3.9250000000000003,4.4,1.1304088757971882,0.17841190668215087,0.5741029916182955,-0.0019191984505079406,-1.9267271531791145e-10,0.0,-0.098326057344607,0.05810979979927427,0.5343076159201273,0.18715810334799501,1.349782519545438,7.211990800289856,0.0,0.38707487664691104,0.0,0.546551782836075,0.0,0.7004919211677342,true
3.975,4.4,1.136347557020473,0.17950694870389022,0.5720041428887305,-0.0019262305336813915,-1.9273192118089536e-10,0.0,-0.0978037888998646,0.05797814045505619,0.5359275733693681,0.18659237734550882,1.347969855395726,7.224142135772895,0.0,0.3918965419929753,0.0,0.5440127633016963,0.0,0.6920607377608597,true
4.0249999999999995,4.4,1.1423946963881704,0.180503367512745,0.5696930043232166,-0.0019327168684417195,-1.9279153826572292e-10,0.0,-0.09727913058260201,0.05784305244770379,0.5375727908217784,0.18602131973073208,1.346144869463027,7.23650854327658,0.0,0.3967132059282831,0.0,0.5412771242398887,0.0,0.6836275158295405,true
4.075,4.4,1.1485517256559457,0.18140067453047123,0.5671739701347006,-0.0019386578461239759,-1.9285155414951418e-10,0.0,-0.09675220461246233,0.0577045199677389,0.5392434567112327,0.18544499475225054,1.3443079136741325,7.249092462539046,0.0,0.4015247470827356,0.0,0.5383499056583265,0.0,0.6751948876566215,true
4.125,4.4,1.1548201068108288,0.18219851270148707,0.5644515437326935,-0.0019440540990597187,-1.9291195632558514e-10,0.0,-0.09622313246840444,0.05756252938447494,0.5409397625399424,0.18486346710853246,1.3424593413335082,7.2618963732047535,0.0,0.4063310411119998,0.0,0.5352362300557654,0.0,0.6667654517726541,true
4.175,4.4,1.161201332544788,0.18289665541776487,0.5615303321009788,-0.0019489065020495458,-1.929727321979182e-10,0.0,-0.09569203485783576,0.05741706923730736,0.5426619028871521,0.18427680194236015,1.3405995070117198,7.274922794845578,0.0,0.41113196070289476,0.0,0.5319412956524137,0.0,0.6583417718508049,true
4.225,4.4,1.1676969267383472,0.18349500524342144,0.558415040113589,-0.0019532161736101473,-1.9303386907688384e-10,0.0,-0.09515903168647392,0.05726813022465373,0.5444100754179209,0.18368506483505873,1.3387287664322713,7.288174286975329,0.0,0.4159273755788124,0.0,0.5284703696287096,0.0,0.6499263756374616,true
4.2749999999999995,4.4,1.174308444956357,0.1839935924427175,0.5551104647956279,-0.001956984476957448,-1.930953541749436e-10,0.0,-0.09462424202784771,0.05711570519147516,0.5461844808925108,0.1830883218003406,1.3368474763570202,7.301653449065222,0.0,0.4207171525028719,0.0,0.5248287813812865,0.0,0.6415217539165954,true
4.325,4.4,1.181037474957606,0.18439257331583944,0.5516214895359913,-0.0019602130206999666,-1.9315717460181124e-10,0.0,-0.09408778409164036,0.056959789116039584,0.5479853231767743,0.1824866392776382,1.334955994470325,7.315362920565932,0.0,0.42550115527709936,0.0,0.5210219158051052,0.0,0.6331303595068433,true
4.375,4.4,1.1878856372194362,0.18469222834744667,0.5479530782593883,-0.001962903659227297,-1.9321931736239154e-10,0.0,-0.09354977519035625,0.05680037909633506,0.5498128092537996,0.18188008412484785,1.3330546792620497,7.329305380939903,0.0,0.43027924473649765,0.0,0.517055206610808,0.0,0.6247546062910736,true
4.425,4.4,1.194854585478256,0.1848929601735605,0.5441102695654624,-0.0019650584927878158,-1.9328176935240175e-10,0.0,-0.09301033170402559,0.05663747433633264,0.5516671492369657,0.18126872361044927,1.3311438899095285,7.343483549705948,0.0,0.43505127873736604,0.0,0.5129341296864758,0.0,0.6163968682788037,true
4.475,4.4,1.2019460072863823,0.18499529137283505,0.5400981708429542,-0.001966679867256484,-1.9334451735518672e-10,0.0,-0.09246956904285673,0.05647107613212843,0.5535485563844637,0.18065262540499816,1.329223986158562,7.3579001864967415,0.0,0.4398171121396548,0.0,0.5086641965128402,0.0,0.6080594787022897,true
4.5249999999999995,4.4,1.2091616245854953,0.18499986208874053,0.5359219523671422,-0.001967770373598649,-1.9340754804040515e-10,0.0,-0.09192760160789211,0.05630118785786975,0.555457247115268,0.18003185757201598,1.3272953282035032,7.372558091128739,0.0,0.4445765967834614,0.0,0.5042509476410415,0.0,0.5997447291474167,true
4.575,4.4,1.2165031942967222,0.18490742748953543,0.5315868413888488,-0.001968332847039051,-1.9347084796184653e-10,0.0,-0.09138454274982621,0.05612781495128851,0.557393441026489,0.17940648855831748,1.3253582765664753,7.387460103683247,0.0,0.4493295814600176,0.0,0.49969994624182285,0.0,0.5914548687206748,true
4.625,4.4,1.2239725089272757,0.1847188550732243,0.5270981162233337,-0.001968370365946994,-1.9353440355617194e-10,0.0,-0.09084050472620812,0.05595096489861622,0.5593573609120036,0.17877658718382666,1.3234131919757424,7.40260910459682,0.0,0.4540759118776726,0.0,0.4950167717348542,0.0,0.5831921032535416,true
4.675,4.4,1.2315713971934898,0.18443512182496002,0.5224611003474161,-0.001967886250449363,-1.9359820114084314e-10,0.0,-0.090295598657285,0.05577064721863682,0.5613492327822419,0.17814222263093732,1.321460435243255,7.418008014758888,0.0,0.45881543062346597,0.0,0.4902070135066644,0.0,0.5749585945455695,true
4.725,4.4,1.2393017246600666,0.1840573112345607,0.5176811565130844,-0.0019668840607829957,-1.9366222691468258e-10,0.0,-0.08974993448074957,0.05558687344563626,0.5633692858850033,0.1775034644334734,1.3195003671413805,7.433659795614393,0.0,0.4635479771209194,0.0,0.485276264725366,0.0,0.566756459647345,true
4.775,4.4,1.2471653943953651,0.18358661018198008,0.5127636808857696,-0.0019653675953972727,-1.9372646695779815e-10,0.0,-0.0892036209056468,0.05539965711102686,0.5654177527271738,0.1768603824653029,1.3175333482788318,7.449567449269257,0.0,0.46827338758466447,0.0,0.4802301162600626,0.0,0.5585877701843761,true
4.825,4.4,1.2551643476425862,0.18302430569869071,0.5077140972152752,-0.001963340888816775,-1.937909072285339e-10,0.0,-0.08865676536567259,0.055209013723452285,0.5674948690972315,0.17621304692865258,1.3155597389757954,7.46573401859657,0.0,0.47299149497249443,0.0,0.475074150712452,0.0,0.5504545517227623,true
4.875,4.4,1.26330056450677,0.18237178161307732,0.5025378510472951,-0.0019608082092728227,-1.938555335655052e-10,0.0,-0.08810947397207253,0.05501496074721123,0.5696008740884395,0.17556152834216582,1.313579899138277,7.482162587341668,0.0,0.4777021289353705,0.0,0.46981393656787157,0.0,0.542358783177348,true
4.925,4.4,1.2715760646575527,0.18163051508799075,0.4972404039831971,-0.0019577740561115484,-1.939203316886844e-10,0.0,-0.08756185146631755,0.05481751757887355,0.5717360101226341,0.17490589752873986,1.3115941881316722,7.498856280224377,0.0,0.48240511576585177,0.0,0.46445502247260434,0.0,0.5343023962628962,true
4.975,4.4,1.2799929080477233,0.18080207305869506,0.49182722799561296,-0.0019542431569852057,-1.9398528719549994e-10,0.0,-0.08701400117270526,0.05461670552199448,0.5739005229745419,0.1742462256031713,1.309602964653579,7.515818263036993,0.0,0.48710027834536607,0.0,0.45900293164393796,0.0,0.5262872749886334,true
5.025,4.4,1.2885531956476566,0.17988810857946907,0.48630379980715266,-0.0019502204648325552,-1.940503855662675e-10,0.0,-0.08646602495100929,0.0544125477598634,0.5760946617965702,0.17358258395963383,1.3076065866058644,7.53305174273673,0.0,0.49178743609066583,0.0,0.4534631564190738,0.0,0.5183152551963901,true
5.075,4.4,1.2972590701957774,0.17889035708718914,0.4806755953394315,-0.0019457111546535217,-1.941156121599207e-10,0.0,-0.08591802314927582,0.05420506932625061,0.578318679144026,0.17291504425900747,1.3056054109660211,7.550559967531625,0.0,0.4964664048997745,0.0,0.4478411529486822,0.0,0.5103881241424297,true
5.125,4.4,1.306112716965199,0.17781063259018087,0.47494808423928137,-0.0019407206200828034,-1.9418095221712907e-10,0.0,-0.08537009455684655,0.05399429707413802,0.5805728310007348,0.1722436784160736,1.3035997936578203,7.568346226958944,0.0,0.5011369970976765,0.0,0.44214233604042047,0.0,0.5025076201229335,true
5.175,4.4,1.3151163645468422,0.17665082379067826,0.46912672448891585,-0.0019352544697667905,-1.9424639086052597e-10,0.0,-0.0848223363576718,0.0537802596424392,0.5828573768050422,0.17156855858658648,1.3015900894213073,7.5864138519554345,0.0,0.5057990213819707,0.0,0.436372074157468,0.0,0.4946754321430117,true
5.225,4.4,1.3242722856492386,0.17541289014918432,0.4632169571065294,-0.0019293185235479636,-1.943119130933914e-10,0.0,-0.08427484408396582,0.053562987420729666,0.5851725794761867,0.17088975715423016,1.2995766516821554,7.604766214918727,0.0,0.510452282768684,0.0,0.4305356845766949,0.0,0.48689319962903427,true
5.275,4.4,1.333582797915388,0.17409885789900384,0.4572242009436197,-0.0019229188084609002,-1.94377503802725e-10,0.0,-0.08372771157024694,0.053342512512020955,0.5875187054410415,0.1702073467174658,1.2975598324204245,7.623406729759425,0.0,0.5150965825384062,0.0,0.424638428710741,0.0,0.4791625121839785,true
5.325,4.4,1.3430502647569598,0.17271081601918153,0.4511538475850883,-0.001916061554544029,-1.9444314775866412e-10,0.0,-0.08318103090779835,0.053118868693621916,0.5898960246612274,0.16952140007627484,1.295539982038757,7.642338851943406,0.0,0.5197317181829129,0.0,0.4186855075979126,0.0,0.47148490938545096,true
5.375,4.4,1.3526770962062493,0.17125091217400865,0.44501125635793076,-0.0019087531904714075,-1.9450882961419313e-10,0.0,-0.08263489239958241,0.05289209137613918,0.5923048106606081,0.16883199021880005,1.2935174492300499,7.6615660785239745,0.0,0.524357483352421,0.0,0.41268205756342685,0.0,0.46386188062595546,true
5.425,4.4,1.3624657497862458,0.16972134862718344,0.4388017494540809,-0.0019010003390089905,-1.9457453390824191e-10,0.0,-0.08208938451563773,0.052662217560674865,0.5947453405531794,0.16813919030788685,1.2914925808446458,7.681091948163535,0.0,0.5289736678036164,0.0,0.4066331460551721,0.0,0.45629486499494665,true
5.475,4.4,1.3724187313992589,0.16812437813863992,0.43253060717276104,-0.001892809812300038,-1.946402450653636e-10,0.0,-0.0815445938489886,0.05242928579428277,0.5972178950713654,0.16744307366752695,1.2894657217570955,7.700920041144514,0.0,0.533580057348602,0.0,0.4005437676568138,0.0,0.4487852512021584,true
5.525,4.4,1.3825385962345162,0.16646229985191127,0.4262030632873554,-0.0018841886069846066,-1.947059473967711e-10,0.0,-0.08100060507209446,0.05219333612375291,0.5997227585947473,0.16674371376920405,1.2874372147325246,7.721053979369277,0.0,0.5381764338049059,0.0,0.39441884028065016,0.0,0.4413343775416379,true
5.575,4.4,1.3928279496951919,0.16473745517983235,0.4198243005416854,-0.0018751438991582953,-1.9477162510136924e-10,0.0,-0.08045750089387009,0.05195441004779315,0.6022602191792393,0.16604118421814423,1.285407400292676,7.741497426348833,0.0,0.5427625749467001,0.0,0.38826320154236815,0.0,0.433943531895911,true
5.625,4.4,1.403289448345365,0.16295222369616894,0.4133994462801306,-0.0018656830391757435,-1.948372622665325e-10,0.0,-0.07991536201730787,0.051712550467681216,0.6048305685867424,0.16533555873946937,1.2833766165816567,7.762254087180131,0.0,0.5473382544573816,0.0,0.3820816053193525,0.0,0.4266139517796203,true
5.675,4.4,1.4139258008773854,0.16110901904068972,0.40693356821593873,-0.001855813546304622,-1.949028428709796e-10,0.0,-0.07937426709773487,0.05146780163646357,0.6074341023152978,0.1646269111642558,1.2813451992314635,7.783327708511805,0.0,0.5519032418836755,0.0,0.3758787184939929,0.0,0.419346824421991,true
5.725,4.4,1.4247397691001593,0.15921028484497474,0.4004316703416654,-0.0018455431032361593,-1.9496835078426011e-10,0.0,-0.07883429270174054,0.05122020910677932,0.6100711196297723,0.16391531541549778,1.279313481227338,7.804722078498237,0.0,0.5564573025914276,0.0,0.3696591178829872,0.0,0.41214328688741436,true
5.775,4.4,1.4357341689489203,0.15725849068609474,0.39389868898544617,-0.0018348795504585108,-1.9503376976937014e-10,0.0,-0.0782955132668128,0.0509698196773889,0.612741923593103,0.1632008454939766,1.277281792773012,7.826441026741825,0.0,0.5610001977232638,0.0,0.3634272873533264,0.0,0.4050044262334231,true
5.825,4.4,1.4469118715170275,0.1552561280751057,0.38733948901652526,-0.0018238308804995739,-1.950990834839022e-10,0.0,-0.07775800106172423,0.05071668133848928,0.6154468210981378,0.16248357546403547,1.2752504611559083,7.84848842422338,0.0,0.5655316841582994,0.0,0.35718761512532193,0.0,0.3979312797052996,true
5.875,4.4,1.4582758041103747,0.1532057064870818,0.38075886020313676,-0.0018124052320460649,-1.951642754830003e-10,0.0,-0.0772218261477113,0.05046084321589986,0.6181861229001059,0.16176357943926095,1.273219810612361,7.870868183220623,0.0,0.5700515144740899,0.0,0.35094439126267,0.0,0.39092483496653035,true
5.925,4.4,1.4698289513250455,0.15110974943920885,0.37416151372557327,-0.001800610883945947,-1.9522932922008397e-10,0.0,-0.07668705634049433,0.05020235551420409,0.6209601436497555,0.1610409315680713,1.2711901621929271,7.893584257214759,0.0,0.5745594369110285,0.0,0.34470180534924943,0.0,0.3839860303642953,true
5.975,4.4,1.4815743561487993,0.14897079062322732,0.3675520788469732,-0.0017884562491015405,-1.9529422804944743e-10,0.0,-0.07615375717318745,0.049941269458933506,0.6237692019271991,0.16031570601921308,1.2691618336278632,7.916640640785128,0.0,0.5790551953394015,0.0,0.33846394435202615,0.0,0.3771157552291604,true
6.025,4.4,1.4935151210871163,0.1467913700982584,0.36093509974402116,-0.0017759498682608228,-1.9535895522871258e-10,0.0,-0.0756219918601522,0.049677637237883515,0.6266136202765112,0.1595879769671654,1.2671351391928354,7.940041369492035,0.0,0.5835385292293231,0.0,0.3322347906690899,0.0,0.37031485020810345,true
6.075,4.4,1.5056544093144062,0.14457403054983872,0.3543150324995378,-0.0017631004037146334,-1.9542349392042432e-10,0.0,-0.07509182126185131,0.04941151194164908,0.6294937252411186,0.15885781857745512,1.265110389574954,7.963790519747806,0.0,0.5880091736237815,0.0,0.3260182203616179,0.0,0.3635841076300094,true
6.125,4.4,1.5179954458511937,0.14232131362067196,0.347696242258514,-0.0017499166329076974,-1.954878271959024e-10,0.0,-0.07456330385076233,0.04914294750347316,0.6324098474000385,0.158125304991881,1.2630878917391994,7.987892208676235,0.0,0.5924668591150358,0.0,0.3198180015681584,0.0,0.3569242719027145,true
6.175,4.4,1.5305415187679174,0.14003575631840712,0.34108300054897916,-0.0017364074419715383,-1.9555193803860584e-10,0.0,-0.07403649567841424,0.04887199863849876,0.6353623214050075,0.1573905103136509,1.2610679487953382,8.012350593960571,0.0,0.5969113118246182,0.0,0.31363779309945483,0.0,0.35033603994069795,true
6.225,4.4,1.5432959804162387,0.13771988750542669,0.3344794827686753,-0.0017225818191874483,-1.9561580934476182e-10,0.0,-0.07351145034361375,0.04859872078251954,0.6383514860185607,0.1566535085924315,1.259050859865407,8.037169873680291,0.0,0.6013422533871995,0.0,0.3074811432116585,0.0,0.34382006162247236,true
6.275,4.4,1.5562622486885764,0.13537622447538128,0.3278897658382881,-0.001708448848387853,-1.9567942392864458e-10,0.0,-0.07298821896193132,0.04832317003032232,0.641377684153115,0.1559143738093126,1.257036919951865,8.062354286136916,0.0,0.6057594009385865,0.0,0.30135148855556426,0.0,0.3373769402767228,true
6.325,4.4,1.5694438083067557,0.13300726962091564,0.3213178260216588,-0.0016940177023044727,-1.95742764526732e-10,0.0,-0.07246685013651917,0.04804540307371845,0.6444412629111154,0.1551731798616882,1.2550264198065038,8.08790810966919,0.0,0.6101624671081376,0.0,0.2952521532992315,0.0,0.3310072331962323,true
6.375,4.4,1.582844212140661,0.13061550719673343,0.3147675369130995,-0.0016792976358717387,-1.9580581379859907e-10,0.0,-0.0719473899303391,0.04776547713935975,0.647542573626309,0.15443000054805525,1.253019645800214,8.113835662457968,0.0,0.6145511600158765,0.0,0.2891863484210891,0.0,0.3247114521786055,true
6.425,4.4,1.5964670825577956,0.12820340018186963,0.30824266759166763,-0.0016642979794940565,-1.958685543340156e-10,0.0,-0.07142988183987918,0.04748344992643721,0.6506819719062108,0.15368490955273306,1.2510168797937138,8.140141302321288,0.0,0.6189251832746105,0.0,0.2831571711704105,0.0,0.31849006409280106,true
6.475,4.4,1.610316112804717,0.12577338724474119,0.30174688094196156,-0.0016490281322853989,-1.9593096865584233e-10,0.0,-0.07091436677044183,0.04719937954436011,0.6538598176758311,0.15293798043050527,1.2490183990093393,8.166829426500051,0.0,0.6232842359973555,0.0,0.2771676046918106,0.0,0.3123434914704756,true
6.525,4.4,1.6243950684213402,0.12332787981424083,0.2952837321407044,-0.0016334975552898454,-1.9599303922492144e-10,0.0,-0.07040088301309026,0.04691332445051492,0.6570764752227364,0.152189286591187,1.2470244759040103,8.193904471434871,0.0,0.6276280128103837,0.0,0.27122051781018913,0.0,0.30627211312111835,true
6.575,4.4,1.6387077886891792,0.12086925925985309,0.2888566673081276,-0.0016177157646915608,-1.9605474844462427e-10,0.0,-0.06988946622334141,0.04662534338820361,0.6603323132435207,0.1514389012841198,1.2450353780434782,8.221370912534713,0.0,0.6319562038722195,0.0,0.2653186649723633,0.0,0.30027626476996305,true
6.625,4.4,1.6532581881145814,0.11839987418346544,0.2824690223228853,-0.0016016923250227334,-1.9611607866542897e-10,0.0,-0.06938014940169772,0.046335495324860504,0.6636277048917646,0.15068689758259815,1.2430513679779738,8.24923326393791,0.0,0.6362684948989096,0.0,0.2594646863414281,0.0,0.2943562397176526,true
6.675,4.4,1.668050257948133,0.1159220378252535,0.2761240217989699,-0.0015854368423778313,-1.9617701219266447e-10,0.0,-0.06887296287611196,0.04604383939064861,0.6669630278275668,0.1499333483682299,1.24107270311937,8.27749607826638,0.0,0.6405645671959119,0.0,0.25366110803970704,0.0,0.28851228952062136,true
6.725,4.4,1.6830880677413684,0.11343802558571371,0.26982477822283446,-0.0015689589576425589,-1.9623753128961203e-10,0.0,-0.06836793428648201,0.04575043481753586,0.6703386642687339,0.1491783263152351,1.239099635619977,8.306163946373703,0.0,0.6448440976969398,0.0,0.24791034253598576,0.0,0.28274462469116535,true
6.775,4.4,1.6983757669420798,0.11095007266565172,0.26357429124872456,-0.001552268339745639,-1.962976181847249e-10,0.0,-0.06786508857127514,0.045455340878951346,0.673755001043715,0.14842190387468712,1.237132412253109,8.335241497088072,0.0,0.649106759010119,0.0,0.2422146891725992,0.0,0.2770534154161652,true
6.825,4.4,1.71391758652948,0.10846037182558028,0.25737544714987426,-0.001535374678941465,-1.9635725507921167e-10,0.0,-0.06736444795638305,0.04515861683012252,0.6772124296463837,0.1476641532586997,1.235171274295511,8.364733396950829,0.0,0.6533522194718057,0.0,0.23657633482771476,0.0,0.2714387922934158,true
6.875,4.4,1.7297178406905542,0.10597107126578251,0.2512310184231531,-0.0015182876801315096,-1.9641642415162633e-10,0.0,-0.06686603194631079,0.04486032184919252,0.6807113462927505,0.14690514642456604,1.2332164574118207,8.39464434995177,0.0,0.6575801432084247,0.0,0.23099735470816232,0.0,0.2659008470845421,true
6.925,4.4,1.7457809285390442,0.1034842726279155,0.2451436635443498,-0.0015010170562321206,-1.9647510756710503e-10,0.0,-0.06636985731780425,0.04456051497921929,0.6842521519797219,0.1461449550588531,1.231268191541151,8.424979097262131,0.0,0.6617901902066948,0.0,0.22547971326789046,0.0,0.2604396334834456,true
6.975,4.4,1.7621113358784863,0.10100202911882995,0.23911592687121302,-0.0014835725215961643,-1.9653328748294432e-10,0.0,-0.06587593811602206,0.04425925507115413,0.6878352525459972,0.14538365056145877,1.229326700785949,8.455742416966407,0.0,0.665982016392597,0.0,0.2200252652471549,0.0,0.2550551678992681,true
7.025,4.4,1.7787136370108305,0.09852634375696132,0.2331502386910811,-0.0014659637854956835,-1.965909460582291e-10,0.0,-0.06538428565335888,0.0439566007278996,0.6914610587352197,0.14462130402963572,1.2273922033032567,8.486939123794238,0.0,0.6701552737194549,0.0,0.21463575682737657,0.0,0.24974743025282858,true
7.075,4.4,1.7955924965922407,0.09605916774139567,0.22724891540976716,-0.0014482005456725022,-1.966480654602075e-10,0.0,-0.06489490851102775,0.04365261024954386,0.6951299862614891,0.14385798624199,1.2254649111984999,8.518574068853502,0.0,0.6743096102654895,0.0,0.20931282689655026,0.0,0.24451636478552077,true
7.125,4.4,1.8127526715377231,0.09360239894344452,0.22141415987816987,-0.0014302924819634155,-1.9670462787522426e-10,0.0,-0.06440781254350804,0.04334734157986872,0.6988424558773543,0.14309376764245968,1.223545030421937,8.550652139365985,0.0,0.678444670341206,0.0,0.2040580084200113,0.0,0.2393618808796428,true
7.175,4.4,1.830199012976274,0.09115788052033878,0.21564806185295834,-0.001412249250006278,-1.967606155157958e-10,0.0,-0.06392300088596754,0.04304085225422719,0.7025988934443972,0.14232871832428223,1.2216327606679118,8.58317825840699,0.0,0.6825600946069778,0.0,0.19887272991134705,0.0,0.23428385388916112,true
7.225,4.4,1.8479364682583648,0.08872739965036743,0.2099525985874512,-0.001394080475032981,-1.9681601063093978e-10,0.0,-0.06344047396476407,0.042733199348884594,0.7063997300065397,0.14156290801395724,1.219728295277028,8.616157384650295,0.0,0.6866555202011755,0.0,0.19375831699814552,0.0,0.22928212597989436,true
7.275,4.4,1.8659700830176156,0.0863126863885637,0.2043296355486872,-0.0013757957457549814,-1.9687079551579177e-10,0.0,-0.06296022951113317,0.04242443943191602,0.7102454018661899,0.14079640605521299,1.2178318211413715,8.649594512119872,0.0,0.6907305808791895,0.0,0.1887159940772617,0.0,0.22435650697813114,true
7.325,4.4,1.8843050032885527,0.08391541264184642,0.19878092725660207,-0.0013574046083466523,-1.9692495252174207e-10,0.0,-0.0624822625781649,0.04211462851575115,0.7141363506633595,0.14002928139298645,1.2159435186129253,8.68349466994999,0.0,0.6947849071636829,0.0,0.18374688605430917,0.0,0.21950677522669965,true
7.375,4.4,1.9029464776825271,0.0815371912622428,0.19330811824099456,-0.0013389165605313888,-1.9697846406763537e-10,0.0,-0.062006565561171546,0.04180382201145555,0.7180730234578847,0.13926160255742437,1.2140635614152777,8.717862922155158,0.0,0.6988181265064043,0.0,0.1788520201619884,0.0,0.21473267844751,true
7.425,4.4,1.9218998596238137,0.07917957525667915,0.18791274411197006,-0.0013203410457749993,-1.9703131265052306e-10,0.0,-0.06153312822154564,0.04149207468483505,0.7220558728148796,0.13849343764791727,1.2121921165587632,8.752704367411539,0.0,0.7028298634618748,0.0,0.17403232785196437,0.0,0.21003393460962222,true
7.475,4.4,1.941170609648074,0.07684405711156876,0.18259623273934725,-0.001301687447590499,-1.9708348085594804e-10,0.0,-0.06106193771420327,0.04117944061444799,0.7260853568935647,0.13772485431717474,1.210329344259134,8.788024138851473,0.0,0.7068197398732522,0.0,0.16928864675493815,0.0,0.20541023280187964,true
7.525,4.4,1.9607642977654534,0.07453206823028981,0.17735990553651587,-0.0012829650839580628,-1.9713495137205303e-10,0.0,-0.06059297861870559,0.040865973151606595,0.7301619395396017,0.13695591975535493,1.2084753978598899,8.82382740387269,0.0,0.710787375070655,0.0,0.16462172270365652,0.0,0.20086123410918955,true
7.575,4.4,1.9806866058906238,0.07224497848141556,0.17220497884406605,-0.0012641832018634633,-1.9718570700045123e-10,0.0,-0.06012623297414564,0.0405517248824466,0.7342860903810872,0.13618670067425764,1.2066304237583454,8.860119363963898,0.0,0.7147323860822105,0.0,0.16003221181356747,0.0,0.19638657249151759,true
7.625,4.4,2.0009433303421766,0.0699840958554557,0.1671325654085521,-0.001245350971957903,-1.9723573066897652e-10,0.0,-0.05966168031788263,0.04023674759214156,0.7384582849283321,0.1354172632915955,1.2047945613355568,8.896905254548376,0.0,0.7186543878580777,0.0,0.1555206826159603,0.0,0.19198585566471046,true
7.675,4.4,2.0215403844138886,0.06775066622765158,0.16214367595160076,-0.0012264774833417652,-1.972850054448134e-10,0.0,-0.059199297728201754,0.039921092231333465,0.7426790046775874,0.1346476733153539,1.202967942890173,8.934190344847186,0.0,0.7225529935076608,0.0,0.1510876182384061,0.0,0.18765866598224737,true
7.725,4.4,2.042483801020444,0.06554587322426517,0.1572392208246043,-0.001207571738474385,-1.9733351454783963e-10,0.0,-0.058739059870969466,0.03960480888484898,0.7469487372188524,0.133877995928254,1.201150693576294,8.971979937763615,0.0,0.7264278145502083,0.0,0.1467334186274365,0.0,0.18340456131705674,true
7.775,4.4,2.0637797354202907,0.06337083818965185,0.15242001174418307,-0.0011886426482115658,-1.973812413659272e-10,0.0,-0.0582809390503482,0.03928794674276698,0.7512679763479153,0.1331082957723325,1.1993429313454038,9.010279369790382,0.0,0.7302784611789697,0.0,0.14245840280845118,0.0,0.1792230759425472,true
7.825,4.4,2.0854344680184282,0.061226620251299706,0.14768676360361094,-0.0011696990269721296,-1.9742816946671397e-10,0.0,-0.05782490526362753,0.038970554073897545,0.7556372221827742,0.1323386369336527,1.1975447668924326,9.049094010941156,0.0,0.7341045425390379,0.0,0.1382628111779497,0.0,0.17511372141201761,true
7.875,4.4,2.107454407251971,0.05911421647987747,0.14304009635534168,-0.001150749588034467,-1.9747428261392383e-10,0.0,-0.05737092626021917,0.03865267820173014,0.7600569812845891,0.13156908292716132,1.19575630360597,9.08842926470772,0.0,0.737905667018984,0.0,0.1341468078232351,0.0,0.1710759874356299,true
7.925,4.4,2.1298460925614395,0.057034562141287416,0.13848053695987328,-0.0011318029389636357,-1.9751956478212105e-10,0.0,-0.05691896760485589,0.0383343654829029,0.7645277667833063,0.13079969668170793,1.193977637522676,9.128290568044195,0.0,0.741681442556348,0.0,0.13011048286490992,0.0,0.1671093427541553,true
7.975,4.4,2.152616197450909,0.05498853103757264,0.13400852139610483,-0.001112867577169234,-1.9756400017112314e-10,0.0,-0.05646899274502406,0.038015661288240375,0.7690500985081111,0.13003054052524163,1.1922088572858751,9.168683391379448,0.0,0.7454314769570102,0.0,0.12615385481751584,0.0,0.16321323600871102,true
8.025,4.4,2.1757715326400726,0.05297693593349834,0.12962439672845172,-0.0010939518855939462,-1.9760757322258227e-10,0.0,-0.05602096308265003,0.03769660998640272,0.773624503122851,0.1292616761702028,1.190450044108327,9.209613238658806,0.0,0.7491553782284274,0.0,0.12227687296384758,0.0,0.1593870966057382,true
8.075,4.4,2.1993190493115695,0.05100052906554209,0.1253284232259904,-0.0010750641285323125,-1.9765026863552215e-10,0.0,-0.05557483805004928,0.0373772549301834,0.7782515142665758,0.12849316469912686,1.1887012717391465,9.251085647415952,0.0,0.7528527549266778,0.0,0.11847941973856804,0.0,0.15563033557648448,true
8.125,4.4,2.2232658424568665,0.04906000272996864,0.12112077652895155,-0.0010562124475790374,-1.9769207138221703e-10,0.0,-0.05513057519013654,0.03705763844548718,0.7829316726993396,0.12772506655047774,1.1869626064347998,9.293106188875656,0.0,0.7565232165172006,0.0,0.11476131311687943,0.0,0.15194234643027854,true
8.175,4.4,2.247619154324199,0.04715598994663741,0.11700154985796624,-0.001037404857705849,-1.977329667249451e-10,0.0,-0.05468813024088314,0.03673780182301462,0.787665526453407,0.126957441504729,1.1852341069341157,9.335680468087938,0.0,0.760166373749077,0.0,0.11112230900416012,0.0,0.14832250600090527,true
8.225,4.4,2.272386377972101,0.04528906519514208,0.11297075626151651,-0.001018649243465709,-1.977729402324221e-10,0.0,-0.054247457223995016,0.03641778531267328,0.7924536309900031,0.12619034867071172,1.1835158244371877,9.378814124093763,0.0,0.7637818390426454,0.0,0.10756210362260138,0.0,0.14477017528541258,true
8.275,4.4,2.297575060932181,0.0434597452198725,0.10902833089714777,-0.0009999533553229677,-1.9781197779672184e-10,0.0,-0.053808508537772234,0.036097628120729766,0.797296549361738,0.12542384647224836,1.181807802588052,9.422512830122319,0.0,0.7673692268901857,0.0,0.10408033589104462,0.0,0.14128470027470508,true
8.325,4.4,2.323192908984939,0.04166848990054998,0.10517413334204438,-0.000981324806107879,-1.9785006564979385e-10,0.0,-0.0533712350540975,0.035777368409710256,0.8021948523808494,0.12465799263509121,1.1801100774609476,9.466782293819376,0.0,0.7709281542693515,0.0,0.10067658979433797,0.0,0.13786541277529551,true
8.375,4.4,2.349247790052471,0.03991570318481799,0.1014079499287286,-0.0009627710675937615,-1.9788719038169274e-10,0.0,-0.05293558621948702,0.035457043301050824,0.8071491187933799,0.1238928441741863,1.1784226775499913,9.511628257506107,0.0,0.7744582410689753,0.0,0.09735039673873565,0.0,0.13451163122161874,true
8.425,4.4,2.3757477382120005,0.03820173407943814,0.09772949610168538,-0.0009442994671949846,-1.9792333895639308e-10,0.0,-0.052501510160122646,0.035136688880492206,0.8121599354594202,0.12312845738128206,1.1767456237620106,9.557056498467096,0.0,0.7779591105268077,0.0,0.09410123788997467,0.0,0.1312226614783261,true
8.475,4.4,2.4027009578343677,0.03652687769667911,0.09413841879086887,-0.0009259171847838889,-1.9795849873023828e-10,0.0,-0.05206895379077008,0.034816340206206435,0.8172278975395338,0.12236488781290344,1.1750789294122796,9.603072829266035,0.0,0.7814303896786878,0.0,0.09092854649086117,0.0,0.12799779763200764,true
8.525,4.4,2.4301158278516137,0.03489137635248883,0.09063429879813593,-0.0009076312496247221,-1.9799265746826354e-10,0.0,-0.05163786292747209,0.03449603131963647,0.8223536086874774,0.1216021902787119,1.1734226002228374,9.649683098086934,0.0,0.7848717098185829,0.0,0.08783171015534035,0.0,0.12483632277181027,true
8.575,4.4,2.458000906157952,0.03329542071307931,0.08721665319279043,-0.0008894485374226652,-1.980258033621355e-10,0.0,-0.05120818240389147,0.0341757952590219,0.8275376812493214,0.12084041883027186,1.1717766343230422,9.696893189098242,0.0,0.7882827069688678,0.0,0.08481007313620643,0.0,0.12173750975844574,true
8.625,4.4,2.486364934148485,0.03173915098657842,0.08388493771253724,-0.0008713757674860812,-1.9805792504703628e-10,0.0,-0.05077985619116198,0.033855664075577385,0.8327807364690732,0.12007962675024446,1.1701410222519586,9.744709022836602,0.0,0.7916630223601506,0.0,0.08186293856376711,0.0,0.11870062198110456,true
8.675,4.4,2.5152168414001856,0.0302226581564505,0.08063854916628481,-0.0008534195000001802,-1.9808901161891392e-10,0.0,-0.050352827521090535,0.03353566885228271,0.8380834047008929,0.11931986654202922,1.168515746962137,9.793136556606347,0.0,0.7950123029198821,0.0,0.0789895706529536,0.0,0.11572491410181711,true
8.725,4.4,2.5445657504997636,0.02874598525342541,0.07747682783535796,-0.0008355861334104172,-1.98119052651223e-10,0.0,-0.049927039012538074,0.03321583972523585,0.8434463256279892,0.11856118991987412,1.166900783824278,9.842181784890077,0.0,0.7983302017689221,0.0,0.07618919687652875,0.0,0.11280963278682603,true
8.775,4.4,2.57442098202298,0.027309128662737096,0.07439905986983457,-0.0008178819019140787,-1.9814803821164654e-10,0.0,-0.049502432800790606,0.032896205907513444,0.8488701484882705,0.1178036477994747,1.1652961006322387,9.891850739764909,0.0,0.8016163787251703,0.0,0.07346101010222615,0.0,0.10995401742456014,true
8.825,4.4,2.6047920596703507,0.02591203946352169,0.07140447967684778,-0.0008003128730586978,-1.9817595887858357e-10,0.0,-0.0490789506697168,0.03257679571547493,0.8543555323068184,0.11704729028908278,1.1637016576077648,9.942149491318087,0.0,0.8048705008133035,0.0,0.07080417069181397,0.0,0.10715730082982351,true
8.875,4.4,2.635688715564081,0.024554624797285065,0.06849227229783811,-0.0007828849454461544,-1.982028057571883e-10,0.0,-0.048656534186492385,0.032257636597439715,0.8599031461352453,0.11629216668114392,1.1621174074042755,9.993084148054711,0.0,0.808092242779585,0.0,0.06821780856024579,0.0,0.10441870993383563,true
8.925,4.4,2.667120895711194,0.02323674926242221,0.06566157577189084,-0.000765603846541545,-1.9822857049529922e-10,0.0,-0.04823512483865697,0.03193875516465881,0.8655136692979849,0.11553832544448392,1.1605432951089676,10.044660857289365,0.0,0.8112812876106712,0.0,0.06570102519323481,0.0,0.10173746645978567,true
8.975,4.4,2.699098765638012,0.021958236331829282,0.06291148348242728,-0.0007484751305861854,-1.9825324529853206e-10,0.0,-0.04781466417325338,0.03162017722449525,0.8711877916455527,0.11478581421706324,1.158979258242427,10.096885805512205,0.0,0.8144373270552484,0.0,0.06325289562174392,0.0,0.09911278758358764,true
9.025,4.4,2.7316327162011893,0.020718869790723293,0.06024104648466322,-0.0007315041766144005,-1.9827682294522368e-10,0.0,-0.047395093937785404,0.031301927815720054,0.8769262138148101,0.11403467979931785,1.1574252267548681,10.149765218718946,0.0,0.8175600621473009,0.0,0.06087247035204928,0.0,0.09654388657954538,true
9.075,4.4,2.7647333695805587,0.01951839519185981,0.0576492758113976,-0.0007146961865740656,-1.9829929680099188e-10,0.0,-0.04697635622271577,0.030984031245823322,0.8827296474962496,0.11328496814810433,1.1558811230180421,10.203305362692854,0.0,0.8206492037297294,0.0,0.05855877725019881,0.0,0.09402997345066239,true
9.125,4.4,2.798411585459252,0.01835652132540763,0.055135144754823485,-0.0006980561835511964,-1.9832066083200412e-10,0.0,-0.04655839360521206,0.030666511130233106,0.8885988157083096,0.11253672437126665,1.154346861811765,10.25751254322538,0.0,0.8237044729770027,0.0,0.056310823379835125,0.0,0.09157025554335488,true
9.175,4.4,2.8326784673966205,0.017232921700820976,0.05269759112220305,-0.000681589010099233,-1.9834090961814288e-10,0.0,-0.04614114929383611,0.030349390433327333,0.8945344530787178,0.11178999272284054,1.1528223503039408,10.312393106260576,0.0,0.8267256019154607,0.0,0.05412759679251221,0.0,0.08916393814634992,true
9.225,4.4,2.8675453693994997,0.01614723603812149,0.05033551946337667,-0.0006652993266740152,-1.9836003836542563e-10,0.0,-0.04572456727385972,0.030032691511117763,0.9005373061328483,0.11104481659891155,1.1513074880228404,10.367953437946651,0.0,0.8297123339398467,0.0,0.052008068269777254,0.0,0.08681022507357554,true
9.275,4.4,2.9030239026976465,0.015099071766084602,0.048047803268218114,-0.0006491916101758161,-1.983780429174465e-10,0.0,-0.045308592452878126,0.02971643615547831,0.9066081335890709,0.11030123853414048,1.149802166820314,10.424199964576344,0.0,0.8326644243245979,0.0,0.04995119301643853,0.0,0.0845083192308713,true
9.325,4.4,2.9391259427290577,0.014088005524896573,0.04583328713226879,-0.00063327015260016,-1.983949197666931e-10,0.0,-0.04489317080638243,0.02940064563978347,0.9127477066610555,0.10955930019897002,1.1483062708244896,10.481139152395617,0.0,0.8355816407283919,0.0,0.04795591230457198,0.0,0.0822574231663728,true
9.375,4.4,2.9758636363412565,0.013113584670933527,0.0436907888889246,-0.0006175390597995132,-1.9841066606304807e-10,0.0,-0.04447824952294231,0.029085340765817178,0.9189568093669852,0.10881904239752471,1.1468196763804068,10.538777507258173,0.0,0.8384637636904065,0.0,0.04602115506796224,0.0,0.08005673960444666,true
9.425,4.4,3.013249409214412,0.012175328781381278,0.04161910170665629,-0.0006020022503583025,-1.9842527962397623e-10,0.0,-0.044063777148642014,0.028770541911806276,0.9252362388456226,0.10808050506621499,1.145342251976897,10.597121574100793,0.0,0.8413105871167249,0.0,0.04414583944679061,0.0,0.07790547196307458,true
9.475,4.4,3.0512959735126466,0.01127273115649845,0.03961699614987542,-0.0005866634545840467,-1.9843875894154576e-10,0.0,-0.043649703730405096,0.028456269081427787,0.9315868056791597,0.10734372727305479,1.1438738581578878,10.656177936212028,0.0,0.8441219187552929,0.0,0.04232887428251408,0.0,0.0758028248546078,true
9.525,4.4,3.09001633576966,0.01040526031739749,0.03768322220216757,-0.0005715262136177302,-1.9845110318971115e-10,0.0,-0.043235980957837206,0.028142541953634043,0.9380093342227737,0.10660874721770133,1.1424143474161743,10.715953214263902,0.0,0.8468975806578313,0.0,0.04056916056299146,0.0,0.07374800456983806,true
9.575000000000001,4.4,3.12942380501504,0.009572361497290826,0.035816511250722174,-0.00055659387866685,-1.9846231222981385e-10,0.0,-0.04282256230321113,0.027829379933135417,0.9445046629407977,0.10587560223222327,1.1409635640675184,10.776454065073226,0.0,0.8496374096270776,0.0,0.03886559281802231,0.0,0.07174021954534936,true
9.625,4.4,3.1695320011479615,0.00877345812422386,0.03401557803089502,-0.0005418696103648546,-1.9847238661564334e-10,0.0,-0.042409403159214834,0.027516802201376266,0.9510736447494106,0.10514432878260238,1.1395213441027856,10.837687180055836,0.0,0.8523412576477525,0.0,0.03721706046556891,0.0,0.06977868081413964,true
9.675,4.4,3.2103548635646253,0.008007953293387177,0.03227912252993947,-0.000527356378260952,-1.9848132759583786e-10,0.0,-0.04199646097408046,0.027204827767835914,0.9577171473657331,0.10441496247097265,1.1380875150156273,10.899659283333225,0.0,0.8550089922996306,0.0,0.035622449109029175,0.0,0.0678626024395225,true
9.725,4.4,3.2519066600464472,0.0072752312271671315,0.030605831849030898,-0.0005130569604444857,-1.9848913711655912e-10,0.0,-0.04158369538371191,0.02689347552148378,0.9644360536632159,0.10368753803859795,1.1366618956030148,10.96237712944722,0.0,0.8576404971511234,0.0,0.034080641786014325,0.0,0.06599120193233822,true
9.775,4.4,3.2942019959157056,0.006574658721165534,0.028994382022804806,-0.0004989739433082685,-1.9849581782200923e-10,0.0,-0.041171068340428746,0.026582764282214944,0.9712312620331891,0.10296208936958909,1.1352442957357038,11.025847500633665,0.0,0.8602356721317976,0.0,0.03259052016917384,0.0,0.06416370065152723,true
9.825000000000001,4.4,3.337255823465752,0.0059055865744804545,0.027443439795703874,-0.00048510972145540785,-1.9850137305438945e-10,0.0,-0.04075854423794611,0.026272712852090273,0.9781036867524412,0.10223864949535773,1.1338345160954646,11.09007720360144,0.0,0.8627944338822774,0.0,0.031150965719680235,0.0,0.0623793241881356,true
9.875,4.4,3.3810834516729553,0.005267351002609157,0.025951664354515104,-0.00047146649775426204,-1.985058068513813e-10,0.0,-0.04034609003221434,0.025963340066204238,0.9850542583566836,0.10151725059980449,1.1324323478756342,11.155073065757508,0.0,0.8653167160800226,0.0,0.029760860794061327,0.0,0.06063730273284573,true
9.925,4.4,3.425700556197666,0.004659275031390674,0.02451770901654143,-0.0004580462835462302,-1.9850912394308083e-10,0.0,-0.03993367535774651,0.025654664843002238,0.9920839240197501,0.10079792402523523,1.1310375724412447,11.220841930812822,0.0,0.8678024697395141,0.0,0.02841908970512301,0.0,0.058936871427141525,true
9.975,4.4,3.471123189681699,0.004080669870472897,0.0231402228729286,-0.0004448508990110766,-1.985113297475055e-10,0.0,-0.03952127263906889,0.025346706233869285,0.9991936479383762,0.10008070027899874,1.1296499609446575,11.287390653697365,0.0,0.870251663485434,0.0,0.027124539737767645,0.0,0.057277270698238146,true
10.025,4.4,3.5173677923498556,0.0035308362648422595,0.02181785238672224,-0.0004318819736944603,-1.985124303637717e-10,0.0,-0.03910885719693757,0.025039483471812053,1.0063844117223972,0.09936560904083655,1.1282692738922482,11.354726094705065,0.0,0.8726642837974836,0.0,0.025876102120555265,0.0,0.055657746577923925,true
10.075000000000001,4.4,3.5644512029235447,0.0030090658230144574,0.0205492429452898,-0.000419140947202238,-1.9851243256499872e-10,0.0,-0.03869640734897409,0.024733016019057617,1.0136572147901988,0.098652679170934,1.1268952606572726,11.42285511278126,0.0,0.8750403352255582,0.0,0.02467267295389823,0.0,0.05407755100547912,true
10.125,4.4,3.6123906698540793,0.00251464232054479,0.019333040366801297,-0.0004066290700659678,-1.9851134378892217e-10,0.0,-0.03828390450438403,0.024427323613393497,1.0210130747692456,0.09794193871865993,1.1255276589336063,11.491784557856322,0.0,0.877379840574065,0.0,0.02351315409581964,0.0,0.05253594211485534,true
10.175,4.4,3.661203862884318,0.002046842977561706,0.018167892360494212,-0.00039434740478383294,-1.985091721273512e-10,0.0,-0.037871333252435475,0.024122426313076303,1.0284530279015247,0.09723341493197984,1.124166194124485,11.561521262118598,0.0,0.8796828410542626,0.0,0.022396454006221336,0.0,0.05103218450631203,true
10.225,4.4,3.710908884946446,0.0016049397090963661,0.01705244994051509,-0.0003822968270409522,-1.985059263139548e-10,0.0,-0.037458681444387916,0.02381834454013906,1.0359781294537123,0.09652713426752704,1.1228105786598457,11.632072030108672,0.0,0.8819493964035799,0.0,0.021321488550646823,0.0,0.04956554950272815,true
10.275,4.4,3.761524284404947,0.0011882003470192336,0.01598536879314683,-0.00037047802711273473,-1.985016157107743e-10,0.0,-0.03704594026857865,0.02351509912193092,1.043589454131901,0.09582312240131245,1.1214605112351619,11.703443627503853,0.0,0.8841795849709814,0.0,0.020287181764522055,0.0,0.048135315390815496,true
10.325000000000001,4.4,3.813069067653268,0.0007958898324617081,0.014965310597288426,-0.0003588915114545703,-1.9849625029295768e-10,0.0,-0.036633104318389904,0.023212711330727564,1.0512880965007017,0.09512140424005387,1.1201156759639688,11.775642768447574,0.0,0.8863735037675377,0.0,0.019292466578883217,0.0,0.04674076764748003,true
10.375,4.4,3.8655627120731952,0.00042727137764372007,0.013990944298072813,-0.000347537604480731,-1.9848984063243737e-10,0.0,-0.03622017165283852,0.022911202921255196,1.0590751714065394,0.094422003933103,1.1187757414354038,11.848676101261786,0.0,0.888531268481478,0.0,0.018336285508593463,0.0,0.04538119915158927,true
10.425,4.4,3.9190251793663236,8.16075960864764e-5,0.013060947333547844,-0.000336416450534904,-1.9848239787975368e-10,0.0,-0.035807143849549875,0.022610596165977086,1.0669518144049743,0.0937249448849466,1.1174403596671636,11.922550192362273,0.0,0.8906530134571063,0.0,0.01741759130405685,0.0,0.04405591038141585,true
10.475,4.4,3.9734769292669485,-0.0002418383997593783,0.01217400681437126,-0.0003255280160542496,-1.9847393374470324e-10,0.0,-0.03539402604989828,0.022310913887997476,1.0749191821918649,0.09303024976825724,1.1161091649431791,11.997271508175674,0.0,0.89273889163709,0.0,0.01653534756742941,0.0,0.04276420959804119,true
10.525,4.4,4.028938933646174,-0.0005438019343853261,0.01132882065649963,-0.00031487209192833875,-1.9846446047539757e-10,0.0,-0.03498082699611789,0.022012179491445072,1.0829784530382007,0.09233794053746758,1.1147817725241032,12.072846394833366,0.0,0.894789074467747,0.0,0.01568852933431972,0.0,0.041505413015014814,true
10.575000000000001,4.4,4.08543269101726,-0.0008250157394595352,0.010524098666873583,-0.000304448296053716,-1.9845399083635628e-10,0.0,-0.03456755906021116,0.0217144169892053,1.091130827228439,0.0916480384428402,1.1134577772172713,12.149281055390203,0.0,0.8968037517670852,0.0,0.014876123621954632,0.0,0.040278844954573845,true
10.625,4.4,4.14298024145251,-0.0010862089592306849,0.009758563582129572,-0.00029425607608420926,-1.984425380846026e-10,0.0,-0.034154238264506316,0.021417651027879223,1.099377527502173,0.09096056404500441,1.1121367517912217,12.226581524285312,0.0,0.8987831315554744,0.0,0.014097129944771409,0.0,0.03908383799073924,true
10.675,4.4,4.201604181922212,-0.0013281061918524923,0.00903095206039076,-0.0002842947123764372,-1.9843011594544387e-10,0.0,-0.03374088429373871,0.021121906909855177,1.1077197994989738,0.09027553722992983,1.1108182452179889,12.304753638726725,0.0,0.9007274398489666,0.0,0.013350560798375525,0.0,0.0379197330796127,true
10.725,4.4,4.2613276820666295,-0.001551426567325443,0.00834001562621035,-0.00027456332112927526,-1.984167385860115e-10,0.0,-0.03332752049855778,0.020827210612388857,1.116158912206249,0.08959297722430545,1.1095017807242755,12.383803006641033,0.0,0.9026369204154023,0.0,0.012635442112778044,0.0,0.03678587967720753,true
10.775,4.4,4.3221745004120455,-0.0017568828626900958,0.007684521568770033,-0.0002650608577153241,-1.9840242058834595e-10,0.0,-0.03291417389038632,0.020533588803596837,1.1246961584099633,0.08891290261129263,1.1081868536301587,12.463734970782635,0.0,0.9045118344935866,0.0,0.011950813675804998,0.0,0.035681635845153936,true
10.825000000000001,4.4,4.3841690010427765,-0.0019451806550509518,0.007063253793453958,-0.0002557861202016919,-1.9838717692113383e-10,0.0,-0.03250087512758617,0.020241068855279275,1.1333328551480795,0.08823533134661853,1.10687292895116,12.544554568543354,0.0,0.906352460475934,0.0,0.011295729527539003,0.0,0.034606368344625646,true
10.875,4.4,4.447336170740565,-0.002117017512947741,0.00647501362694458,-0.00024673775305665286,-1.9837102291041974e-10,0.0,-0.03208765849291043,0.01994967885249762,1.1420703441665796,0.08756028077497671,1.1055594387362162,12.62626648694081,0.0,0.9081590935551279,0.0,0.010669258326624824,0.0,0.03355945271884028,true
10.925,4.4,4.511701636603865,-0.002273082226525795,0.00591862057601639,-0.00023791425103799759,-1.9835397420935318e-10,0.0,-0.03167456186225047,0.019659447599844608,1.1509099923779325,0.08688776764670082,1.1042457791103086,12.708875012192092,0.0,0.9099320453354527,0.0,0.010070483689243606,0.0,0.03254027336449189,true
10.975,4.4,4.577291684159653,-0.0024140540768979885,0.005392913040222324,-0.00022931396325813214,-1.983360467669768e-10,0.0,-0.03126162666471287,0.019370404624355027,1.159853192321883,0.08621780813467637,1.1029313069860296,12.792383973194932,0.0,0.9116716434095987,0.0,0.009498504501523295,0.0,0.0315482235924766,true
11.025,4.4,4.644133275980458,-0.0025406021450210888,0.004896748978701762,-0.0002209350974202373,-1.9831725679624079e-10,0.0,-0.030848897834088757,0.019082580175017363,1.1689013626284486,0.08555041785145595,1.1016153364032177,12.876796678141178,0.0,0.9133782309018523,0.0,0.008952435206125781,0.0,0.03058270567827691,true
11.075000000000001,4.4,4.71225407082037,-0.0026533846603433516,0.004429006531366466,-0.00021277572421906065,-1.9829762074152407e-10,0.0,-0.030436423751805827,0.018796005218858595,1.1780559484830027,0.08488561186654271,1.1002971344496855,12.962115843372542,0.0,0.9150521659787016,0.0,0.008431406063718396,0.0,0.02964313090237188,true
11.125,4.4,4.7816824432833185,-0.002753048389412273,0.003988584594751032,-0.0002048337818991931,-1.982771552451669e-10,0.0,-0.03002425618147988,0.018510711433586395,1.187318422093351,0.08422340472380682,1.0989759167089428,13.048343513454558,0.0,0.9166938213280093,0.0,0.007934563390005244,0.0,0.028728919581042105,true
11.175,4.4,4.8524475040382535,-0.0028402280645597544,0.0035744033528493776,-0.00019710708096298092,-1.9825587711351256e-10,0.0,-0.02961245019520997,0.018226731196785244,1.1966902831586976,0.08356381045899963,1.0976508421723756,13.13548097128643,0.0,0.9183035836080072,0.0,0.0074610697689651015,0.0,0.027839501087939214,true
11.225,4.4,4.924579120595473,-0.0029155458527104785,0.0031854047632940484,-0.0001895933090195529,-1.9823380328232424e-10,0.0,-0.02920106409178722,0.01794409757167577,1.2061730593404072,0.08290684261733118,1.096321007543402,13.223528636877827,0.0,0.9198818528674706,0.0,0.007010104242913338,0.0,0.02697431386679014,true
11.275,4.4,4.998107938659293,-0.002979610864288412,0.002820552999269523,-0.00018229003576580144,-1.9821095078234344e-10,0.0,-0.02879015930701343,0.017662844289458458,1.2157683067344922,0.08225251427107541,1.0949854408492632,13.3124859532023,0.0,0.921429041938522,0.0,0.00658086247997551,0.0,0.026132805435604204,true
11.325000000000001,4.4,5.073065404072447,-0.003033018702118512,0.002478834847595702,-0.00017519471808955526,-1.9818733670387764e-10,0.0,-0.028379800316350564,0.017383005728276064,1.2254776103457246,0.08160083803717033,1.093643094262063,13.402351257273768,0.0,0.9229455758036168,0.0,0.006172556919538465,0.0,0.025314432382752026,true
11.375,4.4,5.149483785368133,-0.003076351050151248,0.002159260063451741,-0.00016830470528461964,-1.981629781617399e-10,0.0,-0.027970054530146456,0.017104616888840855,1.2353025845633248,0.08095182609477795,1.0922928360137683,13.493121634278117,0.0,0.9244318909383232,0.0,0.005784416896215375,0.0,0.024518660355279578,true
11.425,4.4,5.227396196946181,-0.0031101753017577266,0.0018608616822601773,-0.0001616172443668476,-1.9813789225942304e-10,0.0,-0.027560992181705764,0.01682771336678539,1.2452448736381398,0.08030549020277225,1.090933441269694,13.58479275221501,0.0,0.9258884346316028,0.0,0.005415688742843871,0.0,0.02374496403982141,true
11.475,4.4,5.3068366228898975,-0.003135044227270222,0.0015826962892927514,-0.00015512948547994102,-1.9811209605401737e-10,0.0,-0.027152686208497295,0.01655233132180776,1.2553061521612583,0.0796618417171223,1.08956358180059,13.67735867405137,0.0,0.9273156642853434,0.0,0.005065635873014385,0.0,0.02299282713647047,true
11.525,4.4,5.387839941441126,-0.003151495680366905,0.0013238442476066732,-0.00014883848737927196,-1.9808560652047853e-10,0.0,-0.026745212126810483,0.016278507443693642,1.2654881255439985,0.07902089160813956,1.0881818142639146,13.770811643839087,0.0,0.9287140466949729,0.0,0.004733538843609022,0.0,0.022261742325959708,true
11.575000000000001,4.4,5.470441950151323,-0.0031600523428230846,0.0010834098849699426,-0.0001427412229816617,-1.9805844051642032e-10,0.0,-0.026338647900193787,0.01600627891530975,1.2757925304992077,0.07838265047755906,1.08678656686899,13.865141842583352,0.0,0.9300840573130124,0.0,0.004418695397818049,0.0,0.021551211230504727,true
11.625,4.4,5.554679391726491,-0.003161221507079301,0.0008605216404799713,-0.0001368345849687629,-1.9803061474695546e-10,0.0,-0.025933073802026873,0.015735683372673993,1.2862211355238315,0.07774712857542464,1.085376124156797,13.960337108834105,0.0,0.9314261794974734,0.0,0.00412042048908647,0.0,0.020860744368651186,true
11.675,4.4,5.6405899805854,-0.003155494895998731,0.0006543321716360845,-0.000131115391431459,-1.9800214572995903e-10,0.0,-0.025528572272595914,0.01546675886221881,1.2967757413826788,0.0771143358167509,1.0839486095712998,14.05638261797546,0.0,0.9327409037470376,0.0,0.00383804628643819,0.0,0.02018986110446582,true
11.725,4.4,5.728212430149509,-0.0031433485191181337,0.0004640184226715882,-0.0001255803915425299,-1.9797304976190837e-10,0.0,-0.02512522777105767,0.015199543795374531,1.3074581815933464,0.07648428179793411,1.0825019654325583,14.153260512956761,0.0,0.9340287269249682,0.0,0.00357092216161454,0.0,0.019538089591401804,true
11.775,4.4,5.817586480885006,-0.003125242564622257,0.0002887816550078203,-0.00012022627124473091,-1.9794334288372432e-10,0.0,-0.024723126622692784,0.014934076900609489,1.3182703229122334,0.07585697581288699,1.0810339298392218,14.250949477682315,0.0,0.9352901514737183,0.0,0.00331841465846384,0.0,0.018904966711163797,true
11.825000000000001,4.4,5.908752929116691,-0.0031016213262045817,0.0001278474407417087,-0.00011504965894139875,-1.9791304084751433e-10,0.0,-0.024322356861861884,0.014670397173073184,1.3292140658215956,0.07523242686887259,1.0795420099246635,14.349424242371795,0.0,0.9365256846222121,0.0,0.003079907445015721,0.0,0.0182900380078895,true
11.875,4.4,6.001753656634571,-0.0030729131639104274,-1.9534379869380048e-5,-0.00011004713117673008,-1.9788215908384781e-10,0.0,-0.023923008071089935,0.014408543821997473,1.3402913450175784,0.07461064370201426,1.078023450761122,14.448655007811153,0.0,0.9377358375877493,0.0,0.002854801248675977,0.0,0.017692857617957032,true
11.925,4.4,6.096631661114467,-0.0030395304979934775,-0.00015408977590885778,-0.00010521521829298169,-1.9785071266966368e-10,0.0,-0.023525171216714304,0.014148556216019122,1.3515041298991513,0.07399163479246042,1.07647519904183,14.548606772390444,0.0,0.9389211247744893,0.0,0.0026425137749831623,0.0,0.01711298819572003,true
11.975,4.4,6.193431087373949,-0.0030018698347576435,-0.00027652063722347455,-0.00010055041005200863,-1.9781871629721595e-10,0.0,-0.02312893848154067,0.013890473826594535,1.3628544250578882,0.07337540837918359,1.0748938604615126,14.649238541975286,0.0,0.9400820629704343,0.0,0.0024424796103730204,0.0,0.016550000835462646,true
12.025,4.4,6.292197259486276,-0.0029603118232976755,-0.0003875049186514967,-9.604916120879756e-5,-1.9778618424331075e-10,0.0,-0.022734403094957552,0.013634336169684451,1.3743442707684967,0.07276197247439513,1.073275649446502,14.750502397721373,0.0,0.9412191705448082,0.0,0.0022541501094072752,0.0,0.016003474989859007,true
12.075000000000001,4.4,6.39297671377426,-0.0029152213419992427,-0.00048769681589408724,-9.170789702496017e-5,-1.977531303399026e-10,0.0,-0.022341659160965765,0.013380182745892503,1.385975743480027,0.07215133487755811,1.0716163295372076,14.852342390556691,0.0,0.9423329666476781,0.0,0.0020769932669337057,0.0,0.01547299838521195,true
12.125,4.4,6.495817232707959,-0.0028669476136095533,-0.0005777269718210399,-8.752301871053183e-5,-1.97719567945402e-10,0.0,-0.021950801484582373,0.013128052979246992,1.3977509563076422,0.07154350318898312,1.0699111422705967,14.954693222729283,0.0,0.9434239704136355,0.0,0.0019104935756583247,0.0,0.014958166933737513,true
12.175,4.4,6.6007678797292,-0.0028158243476460645,-0.0006582027119598036,-8.349090878287416e-5,-1.976855099171008e-10,0.0,-0.02156192539708103,0.012877986154819918,1.4096720595248584,0.07093848482299198,1.0681547218105016,15.057478665858119,0.0,0.9444927001712846,0.0,0.0017541518696248747,0.0,0.014458584643151334,true
12.225,4.4,6.707879035027205,-0.0027621699088711403,-0.0007297083078752637,-7.96079363320107e-5,-1.9765096858451888e-10,0.0,-0.021175126580530425,0.012630021355381146,1.4217412410561203,0.07033628702063704,1.0663409917752416,15.160609650355461,0.0,0.9455396726602379,0.0,0.0016074851541146055,0.0,0.013973863523804694,true
12.275,4.4,6.817202432289513,-0.0027062875105282286,-0.0007928052671116434,-7.587046218233977e-5,-1.9761595572351232e-10,0.0,-0.020790500892091605,0.012384197397288679,1.4339607269695855,0.06973691686196438,1.0644630396380266,15.263981941515995,0.0,0.9465654022572458,0.0,0.0014700264224973064,0.0,0.01350362349360762,true
12.325000000000001,4.4,6.928791196453861,-0.0026484654310088306,-0.000848032648334551,-7.22748439413791e-5,-1.9758048253230565e-10,0.0,-0.02040814418853194,0.012140552765818389,1.4463327819699616,0.06914038127781084,1.062512962614283,15.367473290970619,0.0,0.9475704002130263,0.0,0.0013413244605851142,0.0,0.013047492280967325,true
12.375,4.4,7.042699882485227,-0.0025889772526015292,-0.0008959074002831656,-6.881744092701437e-5,-1.9754455960771093e-10,0.0,-0.020028152151408813,0.011899125550137783,1.4588597098912242,0.06854668706112682,1.0604816769368433,15.47093991561042,0.0,0.94855517390127,0.0,0.001220943639062315,0.0,0.012605105325960755,true
12.425,4.4,7.1589845152051375,-0.002528082120966682,-0.0009369247231212342,-6.549461896568451e-5,-1.975081969230149e-10,0.0,-0.019650620113370227,0.011659953378129324,1.4715438541890442,0.06795584087781685,1.0583586796090847,15.574212105063802,0.0,0.9495202260812332,0.0,0.0011084636945872144,0.0,0.012176105679949745,true
12.475,4.4,7.277702630197796,-0.002466025023984325,-0.0009715584507612904,-6.230275505506909e-5,-1.974714038069671e-10,0.0,-0.019275642886012224,0.01142307335126844,1.4843875984327024,0.06736784927709277,1.0561317477438137,15.677088686619722,0.0,0.9504660541752351,0.0,0.0010034795001869392,0.0,0.011760143903838857,true
12.525,4.4,7.398913315821367,-0.002403037088643744,-0.0010002614527336137,-5.923824188622195e-5,-1.9743418892384116e-10,0.0,-0.01890331458972363,0.01118852197976044,1.4973933667962767,0.06678271870133455,1.0537865548629437,15.779329972708725,0.0,0.9513931495622917,0.0,0.000905600825591751,0.0,0.011356877965165409,true
12.575000000000001,4.4,7.5226772563496525,-0.002339335894686745,-0.0010234660541838861,-5.62974922218176e-5,-1.9739656025476668e-10,0.0,-0.018533728485938677,0.010956335118138887,1.5105636245488436,0.06620045549545572,1.0513061751345478,15.880648664218237,0.0,0.9523019968890385,0.0,0.0008144520881822706,0.0,0.010965973134202786,true
12.625,4.4,7.6490567762723956,-0.0022751258037929044,-0.0010415844726179852,-5.3476943129408834e-5,-1.9735852508011797e-10,0.0,-0.01816697681220631,0.010726547901525258,1.5239008785434318,0.06562106591577108,1.0486704339800752,15.980697956447585,0.0,0.953193073398986,0.0,0.0007296720952509774,0.0,0.010587101879248063,true
12.675,4.4,7.778115885781469,-0.0022105983032212405,-0.001055009270081773,-5.077306007161021e-5,-1.9732008996319055e-10,0.0,-0.01780315062047204,0.010499194682746548,1.5374076777044292,0.06504455613836559,1.0458550443436319,16.07905574939806,0.0,0.9540668482810682,0.0,0.0006509137783073986,0.0,0.010219943761256345,true
12.725,4.4,7.909920327470351,-0.0021459323630262563,-0.0010641138195871095,-4.818234085937931e-5,-1.972812607351378e-10,0.0,-0.017442339618954274,0.010274308970503354,1.5510866135131067,0.06447093226696525,1.0428304380016564,16.17520332548379,0.0,0.9549237820383553,0.0,0.0005778439201844359,0.0,0.009864185327975512,true
12.775,4.4,8.044537624275751,-0.0020812948062967664,-0.0010692527848087383,-4.570131948086057e-5,-1.9724204248079404e-10,0.0,-0.017084632017981667,0.010051923368776229,1.5649403204909302,0.0639002003403104,1.0395601532713452,16.268495994300597,0.0,0.9557643258776909,0.0,0.0005101428757289711,0.0,0.009519520007725645,true
12.825000000000001,4.4,8.182037128688647,-0.0020168406924058403,-0.0010707626124363703,-4.332656982800146e-5,-1.972024395260371e-10,0.0,-0.016730114380142002,0.009832069517652612,1.5789714766802572,0.0633323663390343,1.0359985610168974,16.358121777274718,0.0,0.9565889211209386,0.0,0.0004475042868849637,0.0,0.009185648002959625,true
12.875,4.4,8.322490073264122,-0.0019527137141623478,-0.00106896203717545,-4.105470935897121e-5,-1.9716245542594683e-10,0.0,-0.016378871475075864,0.009614778035750551,1.5931828041220277,0.06276743619204958,1.0320875747418752,16.443041764267637,0.0,0.9573979986384037,0.0,0.0003896347930055178,0.0,0.008862276183732332,true
12.925,4.4,8.46596962245796,-0.0018890466112909524,-0.00106415260041643,-3.888240276136832e-5,-1.971220929541e-10,0.0,-0.016030986139230253,0.00940007846440871,1.6075770693299944,0.062205415782447045,1.0277517479233602,16.521901429254147,0.0,0.9581919783049295,0.0,0.0003362537372918085,0.0,0.008549117981198645,true
12.975,4.4,8.612550925818917,-0.0018259616053436726,-0.0010566191853094082,-3.680636572953854e-5,-1.970813540931832e-10,0.0,-0.015686539140868608,0.00918799921380482,1.6221570837610162,0.06164631095291168,1.0228907086546373,16.592894089574454,0.0,0.9589712684790521,0.0,0.0002870928704593373,0.0,0.008245893281251906,true
13.025,4.4,8.762311172565193,-0.0017635708658878867,-0.0010466305737500468,-3.4823369060963636e-5,-1.9704024002659175e-10,0.0,-0.015345609050614,0.00897856751115681,1.636925704280917,0.06109012751066114,1.0173669878036502,16.65354173022645,0.0,0.9597362655055162,0.0,0.00024189605346804007,0.0,0.007952328318407188,true
13.075000000000001,4.4,8.915329647574397,-0.0017019770262572149,-0.0010344400347395994,-3.293024346165561e-5,-1.9699875113072651e-10,0.0,-0.01500827211778215,0.008771809351152661,1.6518858336253512,0.060536871231913515,1.01098541308983,16.700324818849637,0.0,0.960487353241366,0.0,0.00020041896381269519,0.0,0.007668155570026556,true
13.125,4.4,9.071687788815028,-0.0016412737816721016,-0.0010202859566952045,-3.112388585197241e-5,-1.9695688696873932e-10,0.0,-0.014674602152740301,0.008567749448745958,1.6670404208551002,0.059986547865891277,1.003455935849324,16.728016056078054,0.0,0.9612249026057365,0.0,0.00016242881957808088,0.0,0.0073931136509762276,true
13.175,4.4,9.231469246248237,-0.0015815466230887506,-0.0010043925237580903,-2.9401268914803008e-5,-1.9691464628492565e-10,0.0,-0.014344670415506714,0.008366411194445126,1.6823924618051753,0.05943916313836897,0.9943208543728127,16.728379100125014,0.0,0.9619492711533805,0.0,0.00012770417275236208,0.0,0.00712694720879886,true
13.225,4.4,9.3947599422288,-0.0015228737490467332,-0.0009869703077674034,-2.7759458165858635e-5,-1.968720270000838e-10,0.0,-0.01401854551078415,0.00816781661221453,1.6979449995270668,0.058894722754773136,0.9827958231194951,16.687332534218342,0.0,0.9626608026718999,0.0,9.603499110796368e-5,0.0,0.006869406819477806,true
13.275,4.4,9.561648133432534,-0.0014653265442501283,-0.0009682153128248143,-2.6195649723725578e-5,-1.9682902620773904e-10,0.0,-0.013696293289598873,0.007971986320095789,1.7137011247234357,0.05835323240284296,0.9673642294883201,16.577731680913537,0.0,0.9633598268025525,0.0,6.722447242545858e-5,0.0,0.006620248883863765,true
13.325000000000001,4.4,9.732224474338883,-0.0014089545850925957,-0.0009482814965430244,-2.4707303941874367e-5,-1.967856401712496e-10,0.0,-0.013377976757694858,0.007778939493647479,1.7296639761745007,0.05781469775486108,0.9444754816311688,16.33625216957494,0.0,0.964046658684447,0.0,4.1112787086036675e-5,0.0,0.006379235524828558,true
13.375,4.4,9.906582082295413,-0.0013534268355780096,-0.000926720935696651,-2.329312440064432e-5,-1.967418643216201e-10,0.0,-0.013063655990810698,0.0075886938322908375,1.7458367411553326,0.05727912446946418,0.90296229405883,15.764247488458107,0.0,0.9647215986218582,0.0,1.8008859161780438e-5,0.0,0.006146134485204906,true
13.425,4.4,10.084816604191648,-0.0012942138872593155,-0.0008968308273825644,-2.1956612602438054e-5,-1.9669769325595988e-10,0.0,-0.012753388056944771,0.007401265528638645,1.7622226558432121,0.05674651819304335,0.8047632149172519,14.181719699164013,0.0,0.9653849317743279,0.0,2.8622978003415577e-6,0.0,0.005920719026565915,true
13.475,4.4,10.267026284768676,-0.0012266616440333629,-0.0008521075831594608,-2.0692855415587554e-5,-1.9665312073675734e-10,0.0,-0.012447226945692166,0.007216669240873599,1.7788250057141783,0.0562168845607447,0.668996555819649,11.900278022286528,0.0,0.9660369278691558,0.0,2.254091438343102e-7,0.0,0.005702767828892677,true
13.525,4.4,10.45331203658978,-0.0011600678056901891,-0.000806262925622732,-1.9493992677309183e-5,-1.9660813969173061e-10,0.0,-0.01214522350471505,0.007034918068231774,1.79564712592782,0.05569022919708097,0.5435464516228784,9.760176236648864,0.0,0.9666778409358241,0.0,2.037756080274544e-8,0.0,0.005492064891173814,true
13.575000000000001,4.4,10.64377751169726,-0.001096434918699049,-0.0007623060343961803,-1.8356556942199013e-5,-1.965627422142179e-10,0.0,-0.0118474253833865,0.006856023529635807,1.8126924016993342,0.055166557716164966,0.432871746638741,7.84663326042365,0.0,0.9673079090618377,0.0,2.3027398798200623e-9,0.0,0.005288399432975968,true
13.625,4.4,10.838529174979476,-0.0010357998507918049,-0.0007203884373485166,-1.727773415927171e-5,-1.9651691956399394e-10,0.0,-0.01155387698362658,0.006679995545511744,1.8299642686578093,0.05464587572157635,0.33611665985993133,6.150814776442848,0.0,0.9679273541694209,0.0,3.2239664768262664e-10,0.0,0.0050915657970202624,true
13.675,4.4,11.037676379271767,-0.000978055324775879,-0.0006804487514017519,-1.6254867510281554e-5,-1.9647066216875035e-10,0.0,-0.01126461941792839,0.006506842422812588,1.8474662131896413,0.05412818880587293,0.25207709654608196,4.657039189878296,0.0,0.9685363818124503,0.0,5.5049828925663377e-11,0.0,0.004901363352795402,true
13.725,4.4,11.24133144221123,-0.000923085577107084,-0.0006424102216922071,-1.528540467068474e-5,-1.9642395962592777e-10,0.0,-0.010979690474551369,0.0063365708432610215,1.8652017727659327,0.05361350254975829,0.1796768117372852,3.3513350777731508,0.0,0.9691351809929709,0.0,1.1304477942416603e-11,0.0,0.004717596401234581,true
13.775,4.4,11.449609724868564,-0.0008707773648235406,-0.0006061967186734963,-1.4366892715670717e-5,-1.9637680070478959e-10,0.0,-0.010699124589839114,0.0061691858548131315,1.8831745362526628,0.05310182252091749,0.11794638286336347,2.221136248513935,0.0,0.969723923996595,0.0,2.7567243372551934e-12,0.0,0.004540074080479646,true
13.825000000000001,4.4,11.662629712173157,-0.0008210211192956621,-0.0005717343730881375,-1.3496977150436438e-5,-1.9632917334895236e-10,0.0,-0.010422952827599526,0.006004690866334758,1.9013881442023675,0.052593154272532826,0.0659780428432581,1.254498684398468,0.0,0.970302766246052,0.0,7.88812069933056e-13,0.0,0.004368610272752733,true
13.875,4.4,11.880513095151645,-0.0007737110165424052,-0.0005389517346712946,-1.2673399128526979e-5,-1.9628106467909301e-10,0.0,-0.01015120286546625,0.0058430876454718585,1.9198462891259849,0.05208750334149161,0.022912594549278863,0.4398865961968129,0.0,0.9708718461721192,0.0,2.6179248326658803e-13,0.0,0.0042030235123524905,true
13.925,4.4,12.103384854993358,-0.0007287448730324067,-0.0005077797247264046,-1.189399172725994e-5,-1.9623246099593895e-10,0.0,-0.009883898988142329,0.005684376319686473,1.9385527157434808,0.051584875246298185,-0.012059536368136505,-0.23378046977058292,0.0,0.9714312851011475,0.0,9.965696816431919e-14,0.0,0.0040431368947891596,true
13.975,4.4,12.331373348957902,-0.0006860240252075893,-0.0004781515650369666,-1.1156676292883992e-5,-1.9618334778328675e-10,0.0,-0.009621062087409428,0.005528555380420343,1.9575112212117807,0.05108527548470238,-0.039696953441515866,-0.7770723180968893,0.0,0.9719811871583505,0.0,4.3053645371633304e-14,0.0,0.003888777987070123,true
14.025,4.4,12.564610398135382,-0.0006454532206611181,-0.0004500027123411457,-1.0459459093849302e-5,-1.9613370971132395e-10,0.0,-0.00936270966876951,0.005375621690338943,1.9767256553284769,0.050588709531056694,-0.060708173202706495,-1.2000340345791467,0.0,0.972521639186029,0.0,2.089663610838495e-14,0.0,0.003739778739145074,true
14.075000000000001,4.4,12.803231377068856,-0.0006069405190437759,-0.00042327079860812945,-9.800428210152718e-6,-1.9608353063986527e-10,0.0,-0.00910885586456986,0.0052255704935999115,1.9961999207096985,0.05009518283341457,-0.07575355491151929,-1.5121924030785259,0.0,0.9730527106758662,0.0,1.1286108206769732e-14,0.0,0.0035959753965177266,true
14.125,4.4,13.047375305245676,-0.0005703971987404137,-0.0003978955746789961,-9.17775058321734e-6,-1.9603279362171642e-10,0.0,-0.00885951145344752,0.005078395429081278,2.015937972940471,0.04960470081038199,-0.085447378222365,-1.7225661444667224,0.0,0.9735744537144226,0.0,6.72157290179705e-15,0.0,0.003457208414028873,true
14.175,4.4,13.297184940460115,-0.0005357376677700122,-0.00037381885628970076,-8.589669196316743e-6,-1.959814809058824e-10,0.0,-0.008614683885915039,0.004934088546496938,2.0359438206957905,0.04911726884773504,-0.0903598556736765,-1.8396758979778514,0.0,0.9740869029409516,0.0,4.376530483455134e-15,0.0,0.0033233223708137704,true
14.225,4.4,13.55280687404978,-0.0005028793784879103,-0.00035098447223094964,-8.034500375314301e-6,-1.9592957394090473e-10,0.0,-0.008374377315896226,0.004792640325319098,2.056221525830584,0.048632892294815516,-0.09101910711863964,-1.8715544731922655,0.0,0.9745900755166423,0.0,3.0903404738974473e-15,0.0,0.0031941658864349976,true
14.275,4.4,13.814391628000035,-0.0004717427457966283,-0.0003293382144768103,-7.510631202020669e-6,-1.9587705337784243e-10,0.0,-0.008138592638008507,0.004654039696420311,2.076775203436622,0.048151576460717195,-0.08791312729803273,-1.8257580282912154,0.0,0.9750839711043916,0.0,2.3485060373667976e-15,0.0,0.0030695915381904484,true
14.325000000000001,4.4,14.082093753913908,-0.0004422510685010422,-0.0003088277900599781,-7.016517031618319e-6,-1.9582389907331215e-10,0.0,-0.007907327530376977,0.004518274066341011,2.0976090218643764,0.047673326610275055,-0.08149174870394521,-1.7093782728890006,0.0,0.975568571858216,0.0,1.907124422148134e-15,0.0,0.0029494557795946537,true
14.375,4.4,14.356071933830558,-0.00041433045342705586,-0.00028940277445718297,-6.550679105591467e-6,-1.9577009009226186e-10,0.0,-0.0076805765027552235,0.004385329344082227,2.1187272027077158,0.04719814795986989,-0.07216859076421257,-1.5290555643321797,0.0,0.9760438424213953,0.0,1.6438306129661036e-15,0.0,0.0028336188600303533,true
14.425,4.4,14.636489082884754,-0.0003879097419510454,-0.00027101456626558166,-6.111702252284619e-6,-1.9571560471048005e-10,0.0,-0.00745833094971841,0.0042551899703174925,2.140134020749248,0.04672604567306052,-0.060322986378951955,-1.2909927538278856,0.0,0.9765097299324645,0.0,1.4945283206307315e-15,0.0,0.0027219447455660607,true
14.475,4.4,14.923512453779942,-0.000362920438624411,-0.00025361634297483405,-5.6982326680138645e-6,-1.9566042041691982e-10,0.0,-0.00724057920868594,0.004127838948912739,2.161833803864019,0.046257024856056,-0.04630187889189293,-1.0009696697091202,0.0,0.9769661640381561,0.0,1.4248922279978864e-15,0.0,0.0026143010409343643,true
14.525,4.4,15.217313743057035,-0.0003392966416109876,-0.00023716301766106332,-5.308975772373219e-6,-1.9560451391570206e-10,0.0,-0.007027306622523662,0.004003257880638328,2.183830932879164,0.045791090553040176,-0.03042168404985151,-0.6643581465834241,0.0,0.9774130569124169,0.0,1.4168675497013437e-15,0.0,0.002510558912664813,true
14.575000000000001,4.4,15.518069199122415,-0.00031697497468425955,-0.00022161119644758547,-4.942694132008251e-6,-1.955478611277154e-10,0.0,-0.006818495606469209,0.00388142699895321,2.206129841387038,0.045328247741360496,-0.012970112469566367,-0.28613752165256495,0.0,0.9778503032806249,0.0,1.4620242058430758e-15,0.0,0.002410593013364316,true
14.625,4.4,15.825959732002545,-0.0002958945205575329,-0.0002069191365940162,-4.598205447693198e-6,-1.9549043719201455e-10,0.0,-0.0066141257191187535,0.0037623252077375498,2.228735015509194,0.04486850132659366,0.0057920510733645856,0.1290894703882526,0.0,0.9782777804481452,0.0,1.5582239320614395e-15,0.0,0.002314281407137488,true
14.675,4.4,16.141171024782157,-0.0002759967553440046,-0.0001930467050905067,-4.2743806000569325e-6,-1.9543221646667848e-10,0.0,-0.006414173737209088,0.0036459301208471365,2.2516509936085187,0.044411856137499796,0.025629214470348393,0.5770804622756578,0.0,0.9786953483323736,0.0,1.7079819280474147e-15,0.0,0.0022215054961385156,true
14.725,4.4,16.463893646673885,-0.00025722548396513997,-0.00017995533764748783,-3.970141749761038e-6,-1.9537317252930575e-10,0.0,-0.006218613733925514,0.0035322181033602437,2.274882365946685,0.043958316920877503,0.046329293440393604,1.0539369267432082,0.0,0.9791028494974414,0.0,1.9177494073681957e-15,0.0,0.0021321499482458172,true
14.775,4.4,16.794323167664988,-0.0002395267763449243,-0.00016760799798340496,-3.6844604883414393e-6,-1.9531327817712275e-10,0.0,-0.006027417160463652,0.0034211643143856173,2.2984337742839704,0.04350788833633153,0.06770207656215645,1.5560873935961956,0.0,0.9795001091907539,0.0,2.197730468647879e-15,0.0,0.002046102625850173,true
14.825000000000001,4.4,17.132660274675946,-0.00022284890424436338,-0.00015596913732348963,-3.416356036285051e-6,-1.9525250542660898e-10,0.0,-0.005840552930571725,0.003312742751298674,2.322309911418383,0.04306057495096492,0.08957764106452633,2.0802704368562788,0.0,0.9798869353805663,0.0,2.5620294161021945e-15,0.0,0.0019632545157466977,true
14.875,4.4,17.479110889155592,-0.0002071422786050846,-0.000145004654031621,-3.164893485226185e-6,-1.9519082551256681e-10,0.0,-0.005657987507799276,0.003206926295272016,2.346515520660872,0.042616381234007794,0.1118048196461806,2.623517445844523,0.0,0.9802631187938143,0.0,3.0290111729262753e-15,0.0,0.0018834996601207687,true
14.925,4.4,17.833886286032545,-0.00019235938728300633,-0.00013468185330478208,-2.9291820814155314e-6,-1.9512820888679614e-10,0.0,-0.005479684995178599,0.003103686757965753,2.3710553952433195,0.04217531155139373,0.1342497180139813,3.1831351820694467,0.0,0.9806284329534316,0.0,3.621795821982138e-15,0.0,0.001806735088617639,true
14.975,4.4,18.19720321392998,-0.00017845473306284546,-0.00012496940686551722,-2.7083735478392958e-6,-1.9506462521616605e-10,0.0,-0.005305607227066324,0.003002994929243114,2.395934377655833,0.041737370160296036,0.15679428229522951,3.7566881117101363,0.0,0.9809826342144106,0.0,4.368820740799005e-15,0.0,0.0017328607514854662,true
15.025,4.4,18.569284016540067,-0.00016538477185180274,-0.00011583731259221903,-2.501660442550417e-6,-1.9500004338017446e-10,0.0,-0.005135713862874552,0.002904820625777214,2.4211573589097237,0.041302561203634944,0.17933491500781834,4.341980491806292,0.0,0.9813254617978853,0.0,5.304400907248693e-15,0.0,0.0016617794537812194,true
15.075000000000001,4.4,18.95035675504729,-0.00015310785095632383,-0.00010725685403015702,-2.3082745509222726e-6,-1.949344314679379e-10,0.0,-0.004969962482423738,0.0028091327404156543,2.446729277722445,0.04087088870456714,0.20178113789439525,4.937038177783668,0.0,0.9816566378225317,0.0,6.469205156106668e-15,0.0,0.0015933967906288859,true
15.125,4.4,19.340655331472558,-0.0001415841473497621,-9.920055972817318e-5,-2.1274853096548466e-6,-1.9486775677471246e-10,0.0,-0.0048083086826530615,0.002715899292170973,2.4726551196205624,0.04044235656096891,0.22405429968364907,5.5400901118577455,0.0,0.9819758673326041,0.0,7.910546568265931e-15,0.0,0.0015276210835193762,true
15.175,4.4,19.740419612800704,-0.00013077560584169552,-9.164216234735461e-5,-1.9585982604643746e-6,-1.9479998579770124e-10,0.0,-0.0046507061754283065,0.0026250874767066133,2.498939915956718,0.040016968539923876,0.24608632678926312,6.149549447848586,0.0,0.9822828383219533,0.0,9.682360977369531e-15,0.0,0.0014643633176414847,true
15.225,4.4,20.14989555574227,-0.0001206458770625209,-8.455655748940574e-5,-1.8009535314846876e-6,-1.9473108423132226e-10,0.0,-0.004497106886192215,0.0025366637171901677,2.525588742836386,0.03959472827222617,0.2678185151629509,6.763994270187047,0.0,0.9825772217533884,0.0,1.1844720861576099e-14,0.0,0.0014035370802332869,true
15.275,4.4,20.56933533196119,-0.00011116025518105893,-7.791976219479755e-5,-1.6539243445212575e-6,-1.9466101696190615e-10,0.0,-0.004347461053207866,0.002450593715388144,2.5526067199500218,0.039175639246909894,0.2892003620589237,7.382147876035879,0.0,0.9828586715727713,0.0,1.4462705152947105e-14,0.0,0.0013450584999434476,true
15.325000000000001,4.4,20.998997453587428,-0.00010228561527995603,-7.170887306526014e-5,-1.5169155464520747e-6,-1.9458974806183884e-10,0.0,-0.004201717327151908,0.002366842502879263,2.5799990093060847,0.03875970480581539,0.31018843742073027,8.002858612436865,0.0,0.9831268247172597,0.0,1.7604422228704327e-14,0.0,0.0012888461871919446,true
15.375,4.4,21.439146898822933,-9.39903503257397e-5,-6.590202397326873e-5,-1.3893621632922844e-6,-1.945172407829901e-10,0.0,-0.004059822870821181,0.0022853744922664795,2.6077708138602285,0.03834692813820249,0.3307452960342329,8.625079298196336,0.0,0.9833813011171281,0.0,2.133796873095954e-14,0.0,0.001234821175519818,true
15.425,4.4,21.890055237419567,-8.624430768983735e-5,-6.0478343334513204e-5,-1.2707279757645954e-6,-1.944434575495943e-10,0.0,-0.003921723458723598,0.002206153528271333,2.6359273760357507,0.03793731227542125,0.3508384335418944,9.247846315385788,0.0,0.9836217036906341,0.0,2.5727108696096424e-14,0.0,0.0011829068639177176,true
15.475,4.4,22.352000755804195,-7.901872520620685e-5,-5.5417910939698796e-5,-1.160504115678285e-6,-1.943683599505331e-10,0.0,-0.003787363576331904,0.002129142938597967,2.664473976130272,0.037530860085649716,0.3704392918760973,9.870258529399871,0.0,0.9838476183314151,0.0,3.082548720225771e-14,0.0,0.0011330289601230693,true
15.525,4.4,22.825268581593487,-7.228616679280878e-5,-5.070171437105586e-5,-1.0582076830463108e-6,-1.9429190873099357e-10,0.0,-0.0036566865187871683,0.0020543055844581375,2.6934159306033654,0.03712757426870885,0.38952232256808855,10.491456289305123,0.0,0.9840586138879188,0.0,3.666926621417963e-14,0.0,0.0010851154248759148,true
15.575000000000001,4.4,23.31015080723555,-6.602045771984348e-5,-4.6311605067956856e-5,-9.633803846845233e-7,-1.9421406378352512e-10,0.0,-0.003529634488847457,0.0019816039106527587,2.722758590239738,0.03672745735096369,0.4080641195639441,11.110600869113444,0.0,0.9842542421344153,0.0,4.326820760062529e-14,0.0,0.0010390964171235393,true
15.625,4.4,23.806946612476,-6.019661967842506e-5,-4.223025415570649e-5,-8.755871960470246e-7,-1.941347841385135e-10,0.0,-0.0034061486938860306,0.0019109999951099337,2.752507338182326,0.036330511680320185,0.4260426363725543,11.726854829939999,0.0,0.9844340377331422,0.0,5.059545149818284e-14,0.0,0.0009949042401642316,true
15.675,4.4,24.315962385342925,-5.479080588872255e-5,-3.8441108211569507e-5,-7.944150492445539e-7,-1.9405402795402382e-10,0.0,-0.003286169441752717,0.0018424555977840469,2.7826675878294824,0.03593673942132676,0.44343650522990075,12.339363903636235,0.0,0.9845975181871769,0.0,5.857656566750321e-14,0.0,0.0009524732887206523,true
15.725,4.4,24.8375118413026,-4.978023658429909e-5,-3.492834521082633e-5,-7.194715515299122e-7,-1.9397175250511715e-10,0.0,-0.00316963623532157,0.0017759322088252629,2.8132447805902894,0.03554614255038891,0.4602244780569099,12.94724110793492,0.0,0.984744183783651,0.0,6.707887742596012e-14,0.0,0.0009117399969334271,true
15.775,4.4,25.3719161402339,-4.5143135315030426e-5,-3.167683096999393e-5,-6.503837399479167e-7,-1.9388791417253316e-10,0.0,-0.003056487865557624,0.0017113910959336764,2.844244383491756,0.035158722851105474,0.4763850098404279,13.54955388618302,0.0,0.9848735175269477,0.0,7.590261858792956e-14,0.0,0.0008726427872657838,true
15.825000000000001,4.4,25.91950400081701,-4.085866661794012e-5,-2.8672076479628653e-5,-5.867968792394535e-7,-1.9380246843088817e-10,0.0,-0.0029466625029454926,0.0016487933508173812,2.875671886631519,0.034774481909734554,0.4918960042161377,14.145315104707265,0.0,0.9849849850615505,0.0,8.477594170917907e-14,0.0,0.0008351220203101936,true
15.875,4.4,26.480611811932636,-3.69068757048531e-5,-2.5900196589194206e-5,-5.283733113359528e-7,-1.93715369836278e-10,0.0,-0.002840097787132509,0.0015880999346788369,2.9075328004694447,0.03439342111079682,0.5067347380977724,14.73347872156567,0.0,0.9850780345842496,0.0,9.335626512695519e-14,0.0,0.0007991199454881424,true
15.925,4.4,27.055583740608892,-3.3268630897692955e-5,-2.3347870564093004e-5,-4.7479136574040553e-7,-1.9362657201334115e-10,0.0,-0.0027367309146492463,0.001529271722659085,2.9398326529513397,0.034015541632823415,0.5208779769546074,15.3129408485439,0.0,0.9851520967454291,0.0,1.0124047220125457e-13,0.0,0.0007645806526342852,true
15.975,4.4,27.64477183605724,-2.992556959559601e-5,-2.1002305072400545e-5,-4.2574434061722165e-7,-1.935360276419066e-10,0.0,-0.0026364987245803993,0.001472269547174596,2.9725769864577694,0.033640844444255635,0.5343022847904068,15.88254675579768,0.0,0.9852065845392008,0.0,1.07985987381352e-13,0.0,0.0007314500244564269,true
16.025000000000002,4.4,28.24853612927282,-2.6860048572318622e-5,-1.885120016871203e-5,-3.8093956437090046e-7,-1.9344368844308608e-10,0.0,-0.0025393377820691694,0.0014170542400867635,3.005771354570805,0.03326933029950278,0.5469845232986162,16.441104115245476,0.0,0.9852408931821692,0.0,1.131434722255268e-13,0.0,0.0006996756898628674,true
16.075000000000003,4.4,28.867244727655756,-2.4055099368993495e-5,-1.6882718818676567e-5,-3.400975467775816e-7,-1.933495051649192e-10,0.0,-0.002445184459548443,0.001363586673649318,3.039421318651288,0.03290099973516471,0.5589025236302922,16.987402453699158,0.0,0.9852543999806652,0.0,1.162997677007085e-13,0.0,0.0006692069781488329,true
16.125000000000004,4.4,29.501273904088947,-2.149438946058682e-5,-1.5085460446325164e-5,-3.0295122728662076e-7,-1.932534275676795e-10,0.0,-0.002353975015602108,0.0013118278001841642,3.0735324442190723,0.032535853066424404,0.570035902551943,17.520238408630984,0.0,0.9852464641863031,0.0,1.171269671263036e-13,0.0,0.0006399948740337685,true
16.175,4.4,30.15100817984794,-1.9162189733128142e-5,-1.3448438886277399e-5,-2.6924532593582073e-7,-1.931554044086856e-10,0.0,-0.002265645671369878,0.0012617386904413344,3.1081102971284484,0.03217389038361637,0.5803669835305102,18.03844597624555,0.0,0.9852164268397603,0.0,1.1543070484707182e-13,0.0,0.0006119919735414509,true
16.225,4.4,30.816840400682437,-1.7043348616643338e-5,-1.1961064986958844e-5,-2.387357994982836e-7,-1.9305538342686648e-10,0.0,-0.0021801326844188107,0.0012132805706039122,3.1431604395308375,0.03181511154897536,0.5898817735971693,18.540930547709085,0.0,0.985163610602722,0.0,1.1118877132007474e-13,0.0,0.000585152440714933,true
16.275000000000002,4.4,31.499171805396454,-1.5123272984644064e-5,-1.061313394537974e-5,-2.1118940214572845e-7,-1.9295331132695127e-10,0.0,-0.0020973724200144548,0.0011664148579038178,3.178688425616626,0.03145951619357007,0.5985709398065368,19.026705182735046,0.0,0.9850873195779715,0.0,1.0457098674243587e-13,0.0,0.0005594319651584521,true
16.325000000000003,4.4,32.19841208618206,-1.3387915668695158e-5,-9.394817268480782e-6,-1.863833462785527e-7,-1.92849133763438e-10,0.0,-0.002017301419734038,0.0011211031948193768,3.2146997971278823,0.03110710371442561,0.6064307256388302,19.49492730683262,0.0,0.9849868391176487,0.0,9.593355086719164e-14,0.0,0.0005347877203984979,true
16.375000000000004,4.4,32.91497943992529,-1.1823769163296585e-5,-8.296659062771776e-6,-1.6410505548624134e-7,-1.9274279532435558e-10,0.0,-0.0019398564673734592,0.0010773074818304354,3.2512000786335262,0.03075787327183808,0.6134637483972176,19.944933870278515,0.0,0.9848614356197545,0.0,8.578578093214148e-14,0.0,0.000511178323056315,true
16.425,4.4,33.64930060967869,-1.041786483115652e-5,-7.309576166460907e-6,-1.4415199812850593e-7,-1.9263423951489722e-10,0.0,-0.0018649746521089037,0.0010349899087115791,3.288194772558408,0.030411823786884177,0.6196796237404237,20.376272994442225,0.0,0.9847103563130232,0.0,7.473325153004476e-14,0.0,0.000488563792824171,true
16.475,4.4,34.40181091542634,-9.157776678710457e-6,-6.424861468400085e-6,-1.2633158699319658e-7,-1.9252340874093238e-10,0.0,-0.0017925934288827278,0.0009941129843486429,3.3256893539576113,0.03006895393912807,0.6250953727290876,20.788730262932916,0.0,0.9845328290303474,0.0,6.340709395547193e-14,0.0,0.00046690551323777356,true
16.525000000000002,4.4,35.17285561937435,-8.031628664953814e-6,-5.634189682169259e-6,-1.1046112937045128e-7,-1.924102442925319e-10,0.0,-0.0017226506759918077,0.0009546395650681942,3.3636892650272268,0.02972926216452713,0.6297355795670634,21.1823480879543,0.0,0.9843280619709922,0.0,5.239279809717176e-14,0.0,0.0004461661932372357,true
16.575000000000003,4.4,35.96308557675206,-7.028104145036882e-6,-4.929624589166684e-6,-9.636780730203061e-8,-1.9229468632757709e-10,0.0,-0.0016550847498647948,0.0009165328814740342,3.402199909342735,0.029392746653537718,0.6336322825478935,21.557436942410735,0.0,0.9840952434519044,0.0,4.217093023584496e-14,0.0,0.00042630982950904494,true
16.625000000000004,4.4,36.77286221139773,-6.1364562289531345e-6,-4.3036268897590705e-6,-8.388867069719128e-8,-1.9217667385546658e-10,0.0,-0.001589834537022656,0.0008797565637889279,3.441226645816114,0.029059405349421336,0.6368245983273044,21.914577764750636,0.0,0.9838335416484948,0.0,3.308121592015574e-14,0.0,0.0004073016696014761,true
16.675,4.4,37.602655211563565,-5.346517861789713e-6,-3.74906181990297e-6,-7.28706267777585e-8,-1.9205614472108832e-10,0.0,-0.0015268395032244971,0.0008442746657038128,3.4807747823627473,0.028729235946750937,0.6393580949161092,22.254615336834803,0.0,0.9835421043253386,0.0,2.5310994349589288e-14,0.0,0.0003891081758059063,true
16.725,4.4,38.452942802040894,-4.648710306103966e-6,-3.259205602791369e-6,-6.317040799965135e-8,-1.9193303558917785e-10,0.0,-0.0014660397398079381,0.0008100516867405722,3.5208495692692354,0.02840223589011653,0.6412839431140982,22.578642948925495,0.0,0.9832200585573299,0.0,1.890764717363076e-14,0.0,0.00037169698979648135,true
16.775000000000002,4.4,39.32421168982203,-4.03404901832043e-6,-2.827750024310151e-6,-5.465450524171609e-8,-1.918072819290427e-10,0.0,-0.0014073760072402313,0.0007770525931381085,3.5614561922532646,0.02807840237302819,0.6426578884420141,22.887979162922186,0.0,0.9828665104419102,0.0,1.380720139923667e-14,0.0,0.0003550368980205548,true
16.825000000000003,4.4,40.216956991625075,-3.49414606289867e-6,-2.4488045287072552e-6,-4.7199055418022776e-8,-1.916788179999285e-10,0.0,-0.001350789775902886,0.0007452428372749465,3.602599765206749,0.02775773233701444,0.6435390939475699,23.18413788756879,0.0,0.9824805448030888,0.0,9.870482543599766e-15,0.0,0.0003390977978323171,true
16.875000000000004,4.4,41.13168214201531,-3.021208439854155e-6,-2.116895394792191e-6,-4.068967604914255e-8,-1.9154757683705903e-10,0.0,-0.0012962232641387653,0.0007145883756448539,3.644285322613666,0.027440222470912465,0.6439889088630277,23.46879328495522,0.0,0.982061224888076,0.0,6.918794956446358e-15,0.0,0.00032385066436196663,true
16.925,4.4,42.068898780816205,-2.6080319476112666e-6,-1.8269617272024104e-6,-3.5021242813041446e-8,-1.9141349023852011e-10,0.0,-0.0012436194735964525,0.0006850556854050689,3.686517811634151,0.027125869210346293,0.6440696187541097,23.743741214694424,0.0,0.981607592057469,0.0,4.7635432957864386e-15,0.0,0.0003092675181127514,true
16.975,4.4,43.029126618422836,-2.247990448275479e-6,-1.5743481705757888e-6,-3.009760947170589e-8,-1.9127648875317007e-10,0.0,-0.00119292222191214,0.0006566117795196046,3.7293020838466626,0.02681466873738826,0.6438432298282935,24.010858986692206,0.0,0.9811186654700436,0.0,3.227168161272754e-15,0.0,0.0002953213932781601,true
17.025000000000002,4.4,44.012893277597925,-1.9350206314438784e-6,-1.3547944163933106e-6,-2.5831272641267534e-8,-1.9113650166968195e-10,0.0,-0.0011440761727743948,0.0006292242205227903,3.772642886640428,0.026506616980397763,0.6433703340452341,24.272065142112286,0.0,0.9805934417633545,0.0,2.1553000511587055e-15,0.0,0.0002819863067714609,true
17.075000000000003,4.4,45.020734110297234,-1.6636025733049765e-6,-1.1644217140846125e-6,-2.2142986486067336e-8,-1.9099345700699102e-10,0.0,-0.0010970268634218358,0.0006028611329307003,3.8165448542506715,0.026201709614030903,0.642709093366787,24.529280830691256,0.0,0.9800308947314711,0.0,1.4216519062985721e-15,0.0,0.0002692372279597454,true
17.125000000000004,4.4,46.05319198797271,-1.4287365511882456e-6,-9.997167134813293e-7,-1.896133446711336e-8,-1.9084728150626126e-10,0.0,-0.0010517207296281315,0.0005774912143304142,3.861012498429707,0.025899942059413303,0.6419143717668355,24.784394123134053,0.0,0.9794299750013556,0.0,9.278320417317086e-16,0.0,0.0002570500490945468,true
17.175,4.4,47.1108170638201,-1.2259166948707327e-6,-8.57513051294433e-7,-1.622226671242831e-8,-1.90697900624654e-10,0.0,-0.0010081051282326491,0.0005530837451791392,3.9060501987474447,0.025601309484467726,0.6410370333590447,25.03922831556569,0.0,0.9787896097095427,0.0,6.002054586458205e-16,0.0,0.00024540155643103934,true
17.225,4.4,48.19416650532783,-1.0511021334246608e-6,-7.34971148987634e-7,-1.3868612400075329e-8,-1.9054523853112735e-10,0.0,-0.000966128357278731,0.0005296085973471301,3.95166219251564,0.025305806804386714,0.6401234149796542,25.29551497519099,0.0,0.9781087021809709,0.0,3.85487249508335e-16,0.0,0.0002342694020277289,true
17.275000000000002,4.4,49.30380419551306,-9.006863319687875e-7,-6.295567144756223e-7,-1.1849576795282373e-8,-1.903892181044431e-10,0.0,-0.0009257396738247611,0.0005070362414400445,3.9978525643308775,0.02501342868223982,0.6392149724288373,25.554872166833185,0.0,0.977386131612021,0.0,2.4619336069409273e-16,0.0,0.00022363207621847685,true
17.325000000000003,4.4,50.44030040112909,-7.714653106598729e-7,-5.390184385323964e-7,-1.0120232333894613e-8,-1.9022976093377851e-10,0.0,-0.0008868893094961097,0.0004853377529378783,4.044625235232269,0.02472416952970362,0.6383480918003137,25.81878800957914,0.0,0.9766207527600131,0.0,1.5657422985457145e-16,0.0,0.00021346888074860057,true
17.375000000000004,4.4,51.6042314061573,-6.6060540467562e-7,-4.613653529315378e-7,-8.641012488849021e-9,-1.900667873221848e-10,0.0,-0.0008495284838485475,0.0004644848171889686,4.091983951470807,0.024438023507901686,0.6375540512028258,26.0886094571716,0.0,0.9758113956416664,0.0,9.928944747659941e-17,0.0,0.00020375990256671188,true
17.425,4.4,52.79617910883192,-5.656111658242213e-7,-3.94844276130658e-7,-7.377216197802266e-9,-1.8990021629321741e-10,0.0,-0.000813609415615932,0.00044444973329868444,4.139932272888522,0.024154984528340556,0.6368591138118161,26.36553598552722,0.0,0.9749568652432555,0.0,6.285259046749023e-17,0.0,0.00019448598826385835,true
17.475,4.4,54.01673058042835,-4.842939310696782e-7,-3.379177189236752e-7,-6.298529472082244e-9,-1.8972996560105084e-10,0.0,-0.0007790853319168278,0.0004252054169534057,4.188473560906891,0.023875046253926443,0.6362847305478548,26.650617711084546,0.0,0.9740559412454762,0.0,3.9757164878979835e-17,0.0,0.00018562871915144582,true
17.525000000000002,4.4,55.266477584099725,-4.147414976774868e-7,-2.892425618640464e-7,-5.378569546128403e-9,-1.895559517445737e-10,0.0,-0.000745910475496269,0.0004067254022211828,4.237610966125419,0.023598202100046282,0.6358478296057161,26.944757355242288,0.0,0.9731073777663088,0.0,2.515081169038561e-17,0.0,0.00017717038696932566,true
17.575000000000003,4.4,56.546016051947966,-3.552892551075471e-7,-2.47649752828346e-7,-4.594455646230785e-9,-1.893780899857234e-10,0.0,-0.0007140401100801154,0.0003889838423711104,4.28734741553301,0.023324445235695424,0.6355611703203664,27.248715409861582,0.0,0.9721099031254745,0.0,1.5923734161020553e-17,0.0,0.00016909397021534056,true
17.625000000000004,4.4,57.85594551861174,-3.044930354306177e-7,-2.1212521053546916e-7,-3.926409225537349e-9,-1.8919629437262736e-10,0.0,-0.0006834305239203899,0.00037195550975391647,4.337685599336574,0.023053768584632893,0.6354337401754272,27.563117840915282,0.0,0.9710622196344117,0.0,1.0095997230039293e-17,0.0,0.00016138311108753123,true
17.675,4.4,59.19686850964062,-2.6110386098180256e-7,-1.8179206103390114e-7,-3.3573853798125623e-9,-1.8901047776792792e-10,0.0,-0.0006540390316106477,0.0003556157947865973,4.388627957413363,0.022786164826543998,0.6354711758456335,27.888465684464908,0.0,0.9699630034160311,0.0,6.413090763296255e-18,0.0,0.00015402209303012245,true
17.725,4.4,60.56938988294886,-2.2404469307706863e-7,-1.5589428115941202e-7,-2.8727361595207593e-9,-1.8882055188285973e-10,0.0,-0.000625823974250815,0.0003399407040840976,4.440176665395853,0.022521626398188537,0.635676191739901,28.225145933112085,0.0,0.9688109042588835,0.0,4.0827622349877935e-18,0.0,0.0001469958188743161,true
17.775000000000002,4.4,61.97411612177568,-1.9238922070129388e-7,-1.3378177701608278e-7,-2.4599056476641746e-9,-1.8862642731757678e-10,0.0,-0.0005987447180410563,0.00032490685778108105,4.492333620400458,0.02226014549451155,0.6360490023290457,28.57344317384941,0.0,0.9676045455107593,0.0,2.6056817276707875e-18,0.0,0.00014028978956483922,true
17.825000000000003,4.4,63.411654577488626,-1.6534267397260342e-7,-1.1489688723985076e-7,-2.10815598590099e-9,-1.8842801360832563e-10,0.0,-0.0005727616513841297,0.00031049148608673584,4.545100426414115,0.02200171406969232,0.6365877273966573,28.933551512405394,0.0,0.9663425240171448,0.0,1.6674157192878008e-18,0.0,0.00013389008346311962,true
17.875000000000004,4.4,64.88261266086923,-1.422246039669976e-7,-9.876227021292974e-8,-1.8083230002292448e-9,-1.882252192821013e-10,0.0,-0.0005478361805753213,0.0002966724251153468,4.59847837935585,0.02174632383810575,0.637288772083829,29.305586398337248,0.0,0.9650234101103894,0.0,1.069951754423879e-18,0.0,0.00012778333621787886,true
17.925,4.4,66.38759698041783,-1.2245353763116063e-7,-8.497011114117591e-8,-1.5525996910336514e-9,-1.8801795191939117e-10,0.0,-0.0005239307241585052,0.000283428112035027,4.652468451833647,0.021493966275168974,0.6381471760949076,29.68959604408288,0.0,0.9636457476558826,0.0,6.884901591438224e-19,0.0,0.00012195672119386996,true
17.975,4.4,67.92721242656444,-1.0553339309327477e-7,-7.317256832780736e-8,-1.3343455948122672e-9,-1.878061182257434e-10,0.0,-0.0005010087060260939,0.0002707375795765601,4.707071277620567,0.02124463261804486,0.6391569286204594,30.08557220601543,0.0,0.9622080541620129,0.0,4.44260481098738e-19,0.0,0.0001163979304494208,true
18.025000000000002,4.4,69.50206120055938,-9.104152552668828e-8,-6.307336724352575e-8,-1.147919878035108e-9,-1.8758962411290383e-10,0.0,-0.0004790345473396962,0.0002585804499437581,4.762287135877922,0.02099831386617244,0.640311247379362,30.49346016352681,0.0,0.9607088209611595,0.0,2.874480329291557e-19,0.0,0.00011109515625337914,true
18.075000000000003,4.4,71.11274178732324,-7.861826553922393e-8,-5.442044519152031e-8,-9.885359680548569e-10,-1.8736837479030356e-10,0.0,-0.0004579736573471598,0.00024693692816609645,4.818115935157431,0.02075500078159338,0.6416028216771463,30.913167791646305,0.0,0.9591465134694597,0.0,1.864765433420058e-19,0.0,0.00010603707313201116,true
18.125000000000004,4.4,72.75984787148053,-6.795780955052647e-8,-4.6999547575016034e-8,-8.521355429547658e-10,-1.871422748676661e-10,0.0,-0.0004377924231703863,0.00023578779493366693,4.874557197218835,0.020514683889042214,0.643024020536594,31.344573672912464,0.0,0.9575195715336209,0.0,1.2127844075574272e-19,0.0,0.00010121282043634976,true
18.175,4.4,74.44396719618682,-5.880032354445001e-8,-4.0628678119865256e-8,-7.352797742219029e-10,-1.8691122846971463e-10,0.0,-0.00041845819863686116,0.00022511439895367316,4.931610040704145,0.020277353475767076,0.6445670678080696,31.787534235095052,0.0,0.955826409873556,0.0,7.90645606874482e-20,0.0,9.661198542045381e-5,true
18.225,4.4,76.16568036459384,-5.09251268210041e-8,-3.515330909138016e-8,-6.350558276724452e-10,-1.8667513936378404e-10,0.0,-0.0003999392922262624,0.00021489864886682327,4.989273164714882,0.02004299959104657,0.6462241867488404,32.24188993335687,0.0,0.9540654186301422,0.0,5.166056302886437e-20,0.0,9.222458682100199e-5,true
18.275000000000002,4.4,77.92555958415609,-4.4144829943844225e-8,-3.0442262880785245e-8,-5.489967658733544e-10,-1.86433911101379e-10,0.0,-0.0003822049542018157,0.00020512300476102334,5.047544832343991,0.01981161204536776,0.6479877169145426,32.7074705193438,0.0,0.9522349640279363,0.0,3.382624470901675e-20,0.0,8.804105892862152e-5,true
18.325000000000003,4.4,79.72416735426336,-3.830031016028317e-8,-2.6384182739399327e-8,-4.750131484596832e-10,-1.8618744717462285e-10,0.0,-0.00036522536299425374,0.00019577046931877498,5.1064228542198755,0.01958318040922941,0.649850206374227,33.18409945648855,0.0,0.9503333891632011,0.0,2.219240727901845e-20,0.0,8.405223614132977e-5,true
18.375000000000004,4.4,81.5620550981116,-3.3256417490268904e-8,-2.2884517433586763e-8,-4.1133478652174063e-10,-1.8593565118866323e-10,0.0,-0.00034897161090432995,0.00018682457863362776,5.165904572125947,0.019357694011534282,0.6518044822832534,33.67159755159244,0.0,0.9483590149280909,0.0,1.4586514733422852e-20,0.0,8.024933799045715e-5,true
18.425,4.4,83.43976174021499,-2.8898314911238984e-8,-1.986295180788568e-8,-3.5646126694520866e-10,-1.8567842705109668e-10,0.0,-0.00033341568918785586,0.00017826939272993432,5.2259868427653515,0.019135141937533965,0.6538437027619667,34.169785878590176,0.0,0.9463101410823458,0.0,9.603708296140046e-21,0.0,7.66239546294129e-5,true
18.475,4.4,85.35781223128528,-2.5128366208179714e-8,-1.725122239562795e-8,-3.09120017322988e-10,-1.8541567917950526e-10,0.0,-0.0003185304725851647,0.0001700894858190221,5.2866660217470125,0.018915513026289934,0.6559613928642753,34.678488072334076,0.0,0.9441850474842935,0.0,6.333078851637023e-21,0.0,7.316803277566291e-5,true
18.525000000000002,4.4,87.31671602289272,-2.186349482421737e-8,-1.4991264102178894e-8,-2.6823082841640665e-10,-1.851473127282778e-10,0.0,-0.0003042897033547822,0.000162269936323724,5.347937947875848,0.01869879586761456,0.6581514672054003,35.19753206917927,0.0,0.9419819954933836,0.0,4.182469649330437e-21,0.0,6.987386209629236e-5,true
18.575000000000003,4.4,89.31696549477661,-1.9032946240494883e-8,-1.3033640467203497e-8,-2.3287588695090516e-10,-1.848732338358189e-10,0.0,-0.0002906679748689171,0.0001547963167020134,5.409797927836773,0.018484978798457122,0.660408241573809,35.72675136792318,0.0,0.9396992295568344,0.0,2.7659990458822664e-21,0.0,6.673406202755548e-5,true
18.625000000000004,4.4,91.35903433822646,-1.6576394913210495e-8,-1.1336216003267895e-8,-2.0227449558526185e-10,-1.8459334989334508e-10,0.0,-0.0002776407148261701,0.00014765468309927392,5.472240721369147,0.01827404989870039,0.6627264355954169,36.265985879930675,0.0,0.9373349789932937,0.0,1.8316323318609508e-21,0.0,6.374156901883044e-5,true
18.675,4.4,93.44337589977201,-1.4442344536985406e-8,-9.863034563884029e-9,-1.7576176873538443e-10,-1.8430756983641435e-10,0.0,-0.0002651841681346188,0.00014083156485749927,5.535260527035226,0.018065996986335455,0.665101168261359,36.81508243162115,0.0,0.9348874599866217,0.0,1.2144063261105313e-21,0.0,6.088962419143952e-5,true
18.725,4.4,95.57042148992979,-1.2586777367623544e-8,-8.583372601121737e-9,-1.5277069265231573e-10,-1.8401580446038193e-10,0.0,-0.00025327537951617485,0.00013431395390847746,5.598850968693109,0.01786080761198438,0.6675279478830479,37.37389497634726,0.0,0.9323548778030581,0.0,8.061362259185062e-22,0.0,5.817176140283214e-5,true
18.775000000000002,4.4,97.74057866250556,-1.097201453620288e-8,-7.47094054000728e-9,-1.328170262220479e-10,-1.8371796676090666e-10,0.0,-0.0002418921758808375,0.000128089294076765,5.663005082791468,0.017658469052743098,0.6700026578061286,37.94228456639899,0.0,0.9297354292450373,0.0,5.357445094982854e-22,0.0,5.558179570668074e-5,true
18.825000000000003,4.4,99.95422947072905,-9.56575475473594e-9,-6.50320934852557e-9,-1.154865960972627e-10,-1.8341397230060998e-10,0.0,-0.00023101314851718988,0.00012214547031700677,5.727715306609898,0.017458968305320274,0.6725215390020927,38.520119129671315,0.0,0.9270273053548225,0.0,3.564552169020236e-22,0.0,5.311381219949383e-5,true
18.875000000000004,4.4,102.21172870737165,-8.340263600006705e-9,-5.660842752580273e-9,-1.0042460686341868e-10,-1.8310373960298234e-10,0.0,-0.00022061763514321652,0.00011647079790891361,5.792973467574872,0.017262292078451945,0.6750811704648033,39.107273089619945,0.0,0.9242286943808755,0.0,2.3743791229620306e-22,0.0,5.076215524441588e-5,true
18.925,4.4,104.51340213646962,-7.271689723412973e-9,-4.927218474897426e-9,-8.732664493110506e-11,-1.8278719057450373e-10,0.0,-0.00021068570185925765,0.00011105401163196916,5.858770773787012,0.017068426784576464,0.6776784481695982,39.70362686161378,0.0,0.921337785019448,0.0,1.5834324332911944e-22,0.0,4.852141806295404e-5,true
18.975,4.4,106.85954472551234,-6.339487931077072e-9,-4.288024408245031e-9,-7.593110469609736e-11,-1.8246425095591046e-10,0.0,-0.00020119812504268119,0.00010588425494071264,5.925097805900377,0.016877358530759987,0.680310563204688,40.309066253749464,0.0,0.9183527699432704,0.0,1.0572224293038729e-22,0.0,4.638643268544925e-5,true
19.025000000000002,4.4,109.25041888743296,-5.52593217077963e-9,-3.7309178093286384e-9,-6.601280815648899e-11,-1.8213485080336457e-10,0.0,-0.0001921363732216358,0.00010095106916023143,5.991944510498757,0.016689073108868996,0.6829749795571773,40.92348179565629,0.0,0.9152718496284042,0.0,7.067563706238123e-23,0.0,4.435226025119308e-5,true
19.075000000000003,4.4,111.68625274265156,-4.8157041090791575e-9,-3.2452374617358874e-9,-5.737762551029667e-11,-1.8179892500023655e-10,0.0,-0.00018348258896306796,9.624438272030272e-5,6.059300195117173,0.01650355598499378,0.6856694119277909,41.546768014799405,0.0,0.9120932364892416,0.0,4.7308012936226e-23,0.0,4.241418164918183e-5,true
19.125000000000004,4.4,114.16723841230261,-4.195545238491887e-9,-2.8217603433034606e-9,-4.985793509794313e-11,-1.8145641379995112e-10,0.0,-0.00017521957080803902,9.175450044545164e-5,6.1271535250588975,0.01632079228813493,0.6883918038575251,42.17882267627288,0.0,0.9088151593303512,0.0,3.170968816283422e-23,0.0,4.056768849059468e-5,true
19.175000000000004,4.4,116.6935303543916,-3.6539623716668815e-9,-2.452495681153169e-9,-4.330878714788313e-11,-1.8110726340023257e-10,0.0,-0.0001673307552852752,8.747209291704182e-5,6.19549252215901,0.01614076679817409,0.6911403063741668,42.819545999038375,0.0,0.9054358681222651,0.0,2.128518683702033e-23,0.0,3.880847440418485e-5,true
19.225,4.4,119.26524375540698,-3.1809780031753157e-9,-2.1305104188994144e-9,-3.760465779850252e-11,-1.8075142654880027e-10,0.0,-0.0001598001990318253,8.338818592239294e-5,6.264304565644705,0.015963463933160196,0.6939132573050539,43.468839858974384,0.0,0.9019536391064273,0.0,1.430975000689552e-23,0.0,3.7132426645876766e-5,true
19.275000000000002,4.4,121.88245299047479,-2.767918391040454e-9,-1.8497810842310144e-9,-3.263669839689261e-11,-1.8038886318033226e-10,0.0,-0.00015261256104769042,7.949415000482218e-5,6.333576395239895,0.015788867735953525,0.6967091613528444,44.12660698691759,0.0,0.8983667802323342,0.0,9.636095713151703e-24,0.0,3.5535618013975164e-5,true
19.325000000000003,4.4,124.54519016589697,-2.4072333659060665e-9,-1.6050678569141098e-9,-2.8310400633965327e-11,-1.8001954108422139e-10,0.0,-0.00014575308510933894,7.57816901274433e-5,6.4032941166570545,0.01561696186028179,0.6995266709917008,44.79275016805853,0.0,0.8946736369273727,0.0,6.500311842512326e-24,0.0,3.4014299061505754e-5,true
19.375000000000004,4.4,127.25344375803192,-2.092342847713282e-9,-1.3918073197671539e-9,-2.454361111687138e-11,-1.7964343660230518e-10,0.0,-0.00013920758236511747,7.224283546252264e-5,6.473443209612566,0.015447729556275042,0.7023645682106721,45.467171447558364,0.0,0.8908725981970116,0.0,4.393236801506715e-24,0.0,3.2564890597324026e-5,true
19.425000000000004,4.4,130.0071573632934,-1.8175058657056965e-9,-1.206020947902198e-9,-2.1264839893596567e-11,-1.7926053535535758e-10,0.0,-0.00013296241413373211,6.886992931719154e-5,6.544008538492447,0.015281153655560046,0.7052217471078132,46.1497713460409,0.0,0.8869621030498076,0.0,2.9751510467333245e-24,0.0,3.118397646775383e-5,true
19.475,4.4,132.80622857356883,-1.5777085615100336e-9,-1.0442368714215267e-9,-1.841181656564401e-11,-1.7887083299676307e-10,0.0,-0.00012700447492519336,6.565561920535028e-5,6.614974365783828,0.015117216556008634,0.7080971973214496,46.84044808764762,0.0,0.882940647238149,0.0,2.0191425540294177e-24,0.0,2.9868296610638292e-5,true
19.525000000000002,4.4,135.65050799205196,-1.36856822756584e-9,-9.034228483326368e-10,-1.5930255238806205e-11,-1.784743359912833e-10,0.0,-0.00012132117570190435,6.259284707466765e-5,6.686324368372961,0.014955900206249467,0.7109899882729943,47.539096842589274,0.0,0.8788067903017902,0.0,1.3734743472718302e-24,0.0,2.8614740373813876e-5,true
19.575000000000003,4.4,138.53979840393478,-1.186250911934579e-9,-7.809287201161636e-10,-1.3772795912394978e-11,-1.7807106241638888e-10,0.0,-0.00011590042739591944,5.967483969668918e-5,6.758041656793319,0.014797186090067676,0.7138992541879061,48.24560898555551,0.0,0.8745591628970398,0.0,9.365561425519628e-25,0.0,2.742034009014653e-5,true
19.625000000000004,4.4,141.47385411596224,-1.0274005205185445e-9,-6.744369027212713e-10,-1.1898095199983147e-11,-1.776610427830634e-10,0.0,-0.00011073062469681585,5.689509922720964e-5,6.830108797487141,0.014641055210832206,0.7168241798569982,48.95987137092788,0.0,0.8701964743899823,0.0,6.402836762965392e-25,0.0,2.6282264901398075e-5,true
19.675000000000004,4.4,144.45238047868423,-8.890776816988473e-10,-5.819196997361287e-10,-1.0270043683710841e-11,-1.7724432087241846e-10,0.0,-0.00010580063012309965,5.4247393943248835e-5,6.902507838120663,0.014487488076105812,0.7197639870987103,49.68176562545827,0.0,0.8657175206873728,0.0,4.389379625485327e-25,0.0,2.5197814823321408e-5,true
19.725,4.4,147.47503360374077,-7.687069171282797e-10,-5.016024196656727e-10,-8.857090876002765e-12,-1.768209545839142e-10,0.0,-0.00010109975838861565,5.172574916218932e-5,6.975220335967136,0.01433646468260772,0.7227179218836212,50.411167458905425,0.0,0.8611211922738639,0.0,3.01781989588837e-25,0.0,2.416441504451402e-5,true
19.775000000000002,4.4,150.5414202881919,-6.640308949695101e-10,-4.3193144203294016e-10,-7.631661820129986e-12,-1.763910167902716e-10,0.0,-9.661776107404339e-5,4.932443834789284e-5,7.0482273893429515,0.01418796450171313,0.7256852420849141,51.147945993048616,0.0,0.856406482419115,0.0,2.0811837300838096e-25,0.0,2.3179610451689536e-5,true
19.825000000000003,4.4,153.651098155863,-5.73070735889031e-10,-3.715465127747431e-10,-6.569651907474848e-12,-1.7595459619361283e-10,0.0,-9.234481161224164e-5,4.703797440790887e-5,7.121509672050489,0.014041966465687198,0.7286652058223703,51.8919631095067,0.0,0.851572495513097,0.0,1.4398641786175327e-25,0.0,2.2241060374157363e-5,true
19.875000000000004,4.4,156.80357602431928,-4.940915040119193e-10,-3.192566626333096e-10,-5.649988610770946e-12,-1.7551179817664947e-10,0.0,-8.827149059494944e-5,4.486110118522314e-5,7.195047470747385,0.013898448954863186,0.7316570603723961,52.64307281686875,0.0,0.8466184554826688,0.0,9.995229763694097e-26,0.0,2.134653354043e-5,true
19.925000000000004,4.4,159.9983145045343,-4.255721501797385e-10,-2.740192367249853e-10,-4.854250600886717e-12,-1.750627456421074e-10,0.0,-8.438877140716232e-5,4.278878514736553e-5,7.268820725125773,0.01375738978598481,0.7346600316223278,53.401120637779314,0.0,0.84154371423732,0.0,6.962879548174455e-26,0.0,2.0493903240005365e-5,true
19.975,4.4,163.2347268373202,-3.6617928772181267e-10,-2.349216023479095e-10,-4.1663361898033075e-12,-1.746075798329127e-10,0.0,-8.068800619437845e-5,4.08162072751056e-5,7.34280907074723,0.013618766201941248,0.7376733140535671,54.16594301680703,0.0,0.8363477600869779,0.0,4.868246211254281e-26,0.0,1.9681142683499073e-5,true
20.025000000000002,4.4,166.51217996906666,-3.147442752946289e-10,-2.0116516800303484e-10,-3.5721742741417425e-12,-1.7414646112504454e-10,0.0,-7.71609121668474e-5,3.893875515240949e-5,7.41699188434023,0.013482554863129041,0.7406960612447492,54.93736675015079,0.0,0.8310302260700314,0.0,3.416676871186046e-26,0.0,1.890632055442656e-5,true
20.075000000000003,4.4,169.82999586621358,-2.702431602876314e-10,-1.7205140173836788e-10,-3.0594719833310465e-12,-1.7367956978434193e-10,0.0,-7.379955824395414e-5,3.7152015258812e-5,7.491348331327184,0.013348731840678377,0.7437273768929841,55.715208438496,0.0,0.8255908981253945,0.0,2.4073547050675434e-26,0.0,1.816759674605981e-5,true
20.125000000000004,4.4,173.18745306518716,-2.3177910243504488e-10,-1.469695831080047e-10,-2.6174940986453394e-12,-1.7320710667801817e-10,0.0,-7.059635204093246e-5,3.5451765464873544e-5,7.5658574153088285,0.013217272611780793,0.7467663063580364,56.499273964617345,0.0,0.8200297230386006,0.0,1.7030778887714861e-26,0.0,1.7463218276904935e-5,true
20.175000000000004,4.4,176.58378845132663,-1.9856695277339334e-10,-1.2538606178042773e-10,-2.236870032368968e-12,-1.7272929393111046e-10,0.0,-6.754402719921967e-5,3.383396773093965e-5,7.640498029194852,0.013088152057351934,0.7498118287409845,57.2893579976248,0.0,0.8143468160887216,0.0,1.2098636807051858e-26,0.0,1.6791515378469155e-5,true
20.225,4.4,180.01819925785756,-1.6991970973757694e-10,-1.0683482839216676e-10,-1.909424763878828e-12,-1.7224637551769547e-10,0.0,-6.463563106094248e-5,3.229476100900227e-5,7.715249007632681,0.012961344462255229,0.7528628495153035,58.08524352606457,0.0,0.8085424683204683,0.0,8.631581818591473e-27,0.0,1.6150897749105225e-5,true
20.275000000000002,4.4,183.48984527195447,-1.45236613483792e-10,-9.090923066617862e-11,-1.6280306410020398e-12,-1.7175861777638126e-10,0.0,-6.186451268725292e-5,3.0830454347073366e-5,7.790089180351772,0.012836823518300771,0.7559181937342664,58.88670142240363,0.0,0.8026171533642603,0.0,6.184941695293573e-27,0.0,1.553985096784042e-5,true
20.325000000000003,4.4,186.9978512322332,-1.239926726997654e-10,-7.725469096329795e-11,-1.3864773867803352e-12,-1.7126630983932068e-10,0.0,-5.9224311219519334e-5,2.9437520195123267e-5,7.864997426009436,0.012714562330217859,0.7589765998439886,59.693490041743644,0.0,0.7965715337264766,0.0,4.451491374819272e-27,0.0,1.4956933062216761e-5,true
20.375000000000004,4.4,190.54130939945463,-1.0572944623471655e-10,-6.556230102546466e-11,-1.1793580171189798e-12,-1.7076976396396534e-10,0.0,-5.670894458171081e-5,2.811258791130531e-5,7.939952726097306,0.012594533424779295,0.7620367141361852,60.50535485791837,0.0,0.7904064664725762,0.0,3.2183057268458684e-27,0.0,1.4400771224287084e-5,true
20.425000000000004,4.4,194.11928227753484,-9.004692570036019e-11,-5.556318629341907e-11,-1.0019686847708931e-12,-1.70269315756779e-10,0.0,-5.4312598521699105e-5,2.6852437466884173e-5,8.014934218445491,0.012476708763231143,0.7650970858786914,61.32202814042052,0.0,0.7841230082274417,0.0,2.3373363788834126e-27,0.0,1.3870058669031738e-5,true
20.475,4.4,197.73080546134346,-7.659638546165787e-11,-4.702354632930568e-11,-8.502207288451311e-13,-1.6976532427832752e-10,0.0,-5.202971598863215e-5,2.5653993348006078e-5,8.089921249845382,0.01236105975715292,0.7681561631648988,62.1432286758741,0.0,0.7777224194201237,0.0,1.7052982685856595e-27,0.0,1.336355162958136e-5,true
20.525000000000002,4.4,201.3748905832864,-6.507408373270171e-11,-3.974028995165523e-11,-7.205634340903742e-13,-1.6925817201955566e-10,0.0,-4.985498684300973e-5,2.4514318652192506e-5,8.164893427302253,0.012247557287840903,0.771212289525397,62.968661538006366,0.0,0.7712061677042461,0.0,1.2498849647213748e-27,0.0,1.288006648375488e-5,true
20.575000000000003,4.4,205.05052833017697,-5.521571330002788e-11,-3.353719403212338e-11,-6.099161968411341e-13,-1.687482647395814e-10,0.0,-4.7783337895611e-5,2.343060937720361e-5,8.239830667426018,0.012136171729271507,0.7742637013462259,63.79801791027411,0.0,0.7645759304905763,0.0,9.20296011615284e-28,0.0,1.241847700654894e-5,true
20.625000000000004,4.4,208.7566914980763,-4.679151311120722e-11,-2.8261523787978205e-11,-5.156089599031098e-13,-1.6823603115602378e-10,0.0,-4.5809923270983566e-5,2.240018889970158e-5,8.314713243472546,0.012026872974663903,0.7773085261381734,64.63097496545195,0.0,0.7578335965346257,0.0,6.807091961839352e-28,0.0,1.1977711743347921e-5,true
20.675000000000004,4.4,212.49233805332972,-3.9601962920991366e-11,-2.378106006181078e-11,-4.3532992108377875e-13,-1.677219224797998e-10,0.0,-4.39301150908039e-5,2.1420502640944652e-5,8.389521829558987,0.011919630466621804,0.7803447817005147,65.4671958065891,0.0,0.7509812665294429,0.0,5.057690822418256e-28,0.0,1.1556751498764036e-5,true
20.725,4.4,216.25641416533358,-3.3473992654590256e-11,-1.9981485701143903e-11,-3.670796431033036e-13,-1.6720641178732042e-10,0.0,-4.213949447205734e-5,2.0489112916557686e-5,8.464237541593128,0.01181441323079623,0.7833703762205213,66.30632947377669,0.0,0.7440212526616993,0.0,3.7745959978071784e-28,0.0,1.1154626936169739e-5,true
20.775000000000002,4.4,220.04785717682682,-2.8257646355412237e-11,-1.6764088893987958e-11,-3.0913079920591e-13,-1.6668999322418852e-10,0.0,-4.0433842834661734e-5,1.9603693967251494e-5,8.538841974477664,0.011711189912976129,0.7863831093471075,67.14801102113341,0.0,0.7369560770973326,0.0,2.829292941823888e-28,0.0,1.0770416283153734e-5,true
20.825000000000003,4.4,223.86559847616908,-2.3823147722142726e-11,-1.4043746313702232e-11,-2.599928813941146e-13,-1.6617318103571608e-10,0.0,-3.880913351287243e-5,1.8762027167197292e-5,8.613317235171943,0.011609928819486208,0.7893806742733771,67.99186166830528,0.0,0.7297884693707013,0.0,2.1297415535076255e-28,0.0,1.0403243138325622e-5,true
20.875000000000004,4.4,227.708566236014,-2.0058320465169056e-11,-1.1747153287542036e-11,-2.1838127888044693e-13,-1.6565650842079466e-10,0.0,-3.7261523664557864e-5,1.7961996406599492e-5,8.687645971211253,0.011510597960756652,0.7923606608590127,68.83748903058088,0.0,0.7225213626574861,0.0,1.6097567619977768e-28,0.0,1.005227437512339e-5,true
20.925000000000004,4.4,231.57568798113115,-1.6866322156867105e-11,-9.811272019667628e-12,-1.8319020481011296e-13,-1.6514052620674955e-10,0.0,-3.578734647222646e-5,1.720158364484444e-5,8.761811394289944,0.011413165097935092,0.7953205598200358,69.68448743144248,0.0,0.715157888915003,0.0,1.221550122808763e-28,0.0,9.716718138556552e-6,true
20.975,4.4,235.46589294596532,-1.4163655024500186e-11,-8.18197224789904e-12,-1.5346901099252555e-13,-1.646258013435888e-10,0.0,-3.438310362951905e-5,1.6478864630426565e-5,8.835797298497946,0.011317597792448187,0.7982577680114137,70.53243830100249,0.0,0.7077013728723394,0.0,9.30473208619634e-29,0.0,9.39582193116627e-6,true
21.025000000000002,4.4,239.37811417902054,-1.187842133109285e-11,-6.812841658548364e-12,-1.2840148449997673e-13,-1.641129152163423e-10,0.0,-3.3045458106761e-5,1.579200478365924e-5,8.909588072746923,0.011223863458500941,0.8011695948285252,71.38091066331712,0.0,0.7001553248442228,0.0,7.112995830512391e-29,0.0,9.088870784921625e-6,true
21.075000000000003,4.4,243.31129034246774,-9.948794686666326e-12,-5.664145979516213e-12,-1.0728776756892402e-13,-1.636024617736357e-10,0.0,-3.177122718909744e-5,1.513925523795489e-5,8.983168706811776,0.01113192941864398,0.8040532697583321,72.22946171502737,0.0,0.6925234323237397,0.0,5.455854590853823e-29,0.0,8.79518551632756e-6,true
21.125000000000004,4.4,247.26436714429616,-8.321681895605377e-12,-4.701920964372851e-12,-8.952858413776628e-14,-1.630950454689564e-10,0.0,-3.055737578071849e-5,1.4518949035200321e-5,9.05652479022317,0.011041762962759561,0.8069059511221263,73.07763749716142,0.0,0.6848095502763604,0.0,4.197891637084567e-29,0.0,8.514121062712735e-6,true
21.175000000000004,4.4,251.23629832167958,-6.951552831600914e-12,-3.897180508273932e-12,-7.461149330901483e-14,-1.6259127900786695e-10,0.0,-2.940100996871913e-5,1.3929497470451146e-5,9.12964250295142,0.0109533314111338,0.8097247360710483,73.92497366125363,0.0,0.6770176900076215,0.0,3.2392622746559584e-29,0.0,8.245064898509277e-6,true
21.225,4.4,255.22604606728245,-5.7994183872019406e-12,-3.2252269334349536e-12,-6.209892265983445e-14,-1.6209178088932922e-10,0.0,-2.829937084022792e-5,1.3369386580824686e-5,9.20250859639715,0.010866602182708174,0.8125066719251745,74.77099633021456,0.0,0.6691520064064027,0.0,2.506038868360287e-29,0.0,7.9874355313244e-6,true
21.275000000000002,4.4,259.23258075367676,-4.83193881122107e-12,-2.6650510758548468e-12,-5.16177631793726e-14,-1.6159717272227572e-10,0.0,-2.7249828546569166e-5,1.2837173773094422e-5,9.27511036263567,0.010781542870136093,0.8152487689877237,75.6152230536401,0.0,0.661216783274112,0.0,1.9432530437807277e-29,0.0,7.74068107868827e-6,true
21.325000000000003,4.4,263.2548797665786,-4.020646759009515e-12,-2.1988112203828647e-12,-4.2850333145150954e-14,-1.6110807628948028e-10,0.0,-2.624987660837039e-5,1.2331484584108543e-5,9.347435589153447,0.010698121323888848,0.8179480150173228,76.45716385650341,0.0,0.6532164163401223,0.0,1.5098622007582035e-29,0.0,7.504277927452012e-6,true
21.375000000000004,4.4,267.29192520137184,-3.3412711680605296e-12,-1.8113811890552336e-12,-3.55265408618876e-14,-1.6062511032051778e-10,0.0,-2.5297126455654835e-5,1.1851009567820215e-5,9.419472495504449,0.010616305748302376,0.8206013915995681,77.29632237944807,0.0,0.6451553934441605,0.0,1.175093962470018e-29,0.0,7.277729478735617e-6,true
21.425000000000004,4.4,271.34270012053986,-2.7731496605712858e-12,-1.4899590060664088e-12,-2.941709621906529e-14,-1.601488869252318e-10,0.0,-2.4389302197011328e-5,1.1394501302503985e-5,9.491209647488096,0.010536064813031033,0.8232058927166084,78.13219710820924,0.0,0.6370382712538681,0.0,9.157809686994816e-30,0.0,7.060564981846595e-6,true
21.475,4.4,275.406183015987,-2.2987185881316143e-12,-1.2237285575882894e-12,-2.4327638777983004e-14,-1.5968000763097608e-10,0.0,-2.3524235611840958e-5,1.096077151174416e-5,9.56263584375927,0.010457367783722686,0.8257585458570451,78.96428268903112,0.0,0.6288696478071054,0.0,7.144101010823151e-30,0.0,6.8523384603864696e-6,true
21.525000000000002,4.4,279.48134008570395,-1.903071091362324e-12,-1.003567549707594e-12,-2.0093665836367055e-14,-1.5921905896412319e-10,0.0,-2.269986135936155e-5,1.0548688293139738e-5,9.633739969447491,0.010380184675644213,0.8282564360191418,79.79207132629735,0.0,0.6206541301607338,0.0,5.576890346653257e-30,0.0,6.652627732463988e-6,true
21.575000000000003,4.4,283.5671149355692,-1.5735746663892968e-12,-8.217958551124852e-13,-1.6576157867789914e-14,-1.5876660752295483e-10,0.0,-2.1914212397429662e-5,1.0157173449504762e-5,9.704510811678087,0.010304486433222715,0.8306967329140408,80.61505425789973,0.0,0.6123962965359792,0.0,4.3548880603575856e-30,0.0,6.4610335241731095e-6,true
21.625000000000004,4.4,287.6624153794278,-1.299540725711449e-12,-6.719590394704494e-13,-1.3657811095233303e-14,-1.5832319450968468e-10,0.0,-2.1165415603259166e-5,9.785199918760734e-6,9.774936833188551,0.010230245136773978,0.833076721545257,81.43272330304694,0.0,0.6041006526235763,0.0,3.400607262578442e-30,0.0,6.277178670986602e-6,true
21.675000000000004,4.4,291.7660971527882,-1.0719395267069093e-12,-5.486424811065604e-13,-1.1239797910316756e-14,-1.578893297282408e-10,0.0,-2.045168758676742e-5,9.431789300771206e-6,9.845005902848499,0.0101574342348608,0.8353938361007448,82.24457247615084,0.0,0.5957715821924228,0.0,2.654542222739702e-30,0.0,6.100707395372943e-6,true
21.725,4.4,295.8769446033084,-8.831546285846543e-13,-4.4731205095445224e-13,-9.238985548537024e-15,-1.5746548511458168e-10,0.0,-1.9771330685626974e-5,9.096009482017441e-6,9.91470498606951,0.010086028796671543,0.8376456967269177,83.05009965898039,0.0,0.5874132928574574,0.0,2.0708240087274486e-30,0.0,5.931284640986976e-6,true
21.775000000000002,4.4,299.9936487816923,-7.267717385550412e-13,-3.641778112279157e-13,-7.585552014977988e-15,-1.5705208794797027e-10,0.0,-1.912272912929986e-5,8.776972362085427e-6,9.98401980389855,0.010016005773641605,0.839830148259223,83.84880832131137,0.0,0.5790297587965202,0.0,1.6139663455680274e-30,0.0,5.768595434851771e-6,true
21.825000000000003,4.4,304.11478381897473,-5.973974297261904e-13,-2.9607762745823955e-13,-6.220945847403835e-15,-1.566495139909826e-10,0.0,-1.8504345357642557e-5,8.473831689104835e-6,10.052934476807339,0.009947344253631155,0.8419452993848814,84.64020927772151,0.0,0.5706246633050027,0.0,1.2564191410713777e-30,0.0,5.612344240142642e-6,true
21.875000000000004,4.4,308.23878302211176,-4.905037650794411e-13,-2.403779753584074e-13,-5.096143013812373e-15,-1.562580809142175e-10,0.0,-1.7914716478442044e-5,8.18578101407648e-6,10.121431177229475,0.009880025685001285,0.8439895600647981,85.42382246496035,0.0,0.5622013452271183,0.0,9.767225943586438e-31,0.0,5.46225425503664e-6,true
21.925000000000004,4.4,312.3639166756092,-4.0229535128360736e-13,-1.94889566673002e-13,-4.170160166721335e-15,-1.5587804246435798e-10,0.0,-1.7352450847877273e-5,7.912051775865242e-6,10.189489822757093,0.009814034042868477,0.8459616744307876,86.1991787205506,0.0,0.5537627543324904,0.0,7.581095081091067e-31,0.0,5.318066609411402e-6,true
21.975,4.4,316.48827402863185,-3.295957797263574e-13,-1.5779572144732344e-13,-3.408788703344269e-15,-1.555095839125487e-10,0.0,-1.6816224758782247e-5,7.65191152891038e-6,10.257087848223115,0.009749355906835046,0.8478607459159526,86.96582153919904,0.0,0.545311421401671,0.0,5.87443215107203e-31,0.0,5.179539412776923e-6,true
22.025000000000002,4.4,320.6097522644306,-2.6975079591594955e-13,-1.2759168218653274e-13,-2.783518686574652e-15,-1.5515281935274722e-10,0.0,-1.6304779223999624e-5,7.40466232389014e-6,10.324200098074694,0.00968598041979528,0.8496862511990032,87.72330877961468,0.0,0.5368494489140145,0.0,4.544075798250226e-31,0.0,5.046446615147378e-6,true
22.075000000000003,4.4,324.726055282482,-2.205458776521724e-13,-1.0303330190689201e-13,-2.2706257351196575e-15,-1.5480779138678687e-10,0.0,-1.5816916846148528e-5,7.169639247365507e-6,10.390798878928727,0.009623899102001465,0.8514380397682058,88.47121429100746,0.0,0.5283785275930134,0.0,3.5088683853651484e-31,0.0,4.9185766582727264e-6,true
22.125000000000004,4.4,328.8347047797076,-1.8013620183606985e-13,-8.309374643612468e-14,-1.8503975535292224e-15,-1.544744736199429e-10,0.0,-1.5351498770607395e-5,6.946209119851957e-6,10.456854204789959,0.0095631055039663,0.8531163166227855,89.20912942651897,0.0,0.5198999825319099,0.0,2.704887456588947e-31,0.0,4.795730917279878e-6,true
22.175000000000004,4.4,332.9330653355661,-1.4698724374210812e-13,-6.692703447859519e-14,-1.5064798989659536e-15,-1.5415277619387186e-10,0.0,-1.4907441724942629e-5,6.733769343285101e-6,10.52233425362545,0.009503594695781993,0.8547216068504712,89.93666441076498,0.0,0.5114148501967561,0.0,2.0817614228064315e-31,0.0,4.6777219604948605e-6,true
22.225,4.4,337.01838401137064,-1.1982448483403766e-13,-5.383739960269786e-14,-1.225324520237628e-15,-1.5384255431285658e-10,0.0,-1.4483715154619416e-5,6.531746879349834e-6,10.587206034373699,0.009445362607974944,0.8562547024846962,90.65344953106829,0.0,0.5029239844472227,0.0,1.599807589820266e-31,0.0,4.564371684876642e-6,true
22.275000000000002,4.4,341.08784343678457,-9.759090920132792e-14,-4.325359885554568e-14,-9.95723999605427e-16,-1.535436194001188e-10,0.0,-1.4079338470627928e-5,6.339597330889915e-6,10.651436239771552,0.00938840525811989,0.857716593993052,91.35913612711018,0.0,0.49442818616091155,0.0,1.2277959476439444e-31,0.0,4.4555094119143554e-6,true
22.325000000000003,4.4,345.13862566473057,-7.941114752152833e-14,-3.4707415367473494e-14,-8.084205183908003e-16,-1.5325575219357337e-10,0.0,-1.3693378428607424e-5,6.15680409105828e-6,10.714992235507788,0.009332717915428425,0.8591083907320783,92.0533973615381,0.0,0.48592834757411824,0.0,9.411913421736015e-32,0.0,4.350970049418795e-6,true
22.375000000000004,4.4,349.1679824686885,-6.456128390948109e-14,-2.7815709088669368e-14,-6.557773886183959e-16,-1.5297871680448953e-10,0.0,-1.332494666024581e-5,5.98287752041875e-6,10.777843113895125,0.009278294269386509,0.8604312364176016,92.73592876403717,0.0,0.477425599622842,0.0,7.207637210045352e-32,0.0,4.250592434140976e-6,true
22.425000000000004,4.4,353.1733064932732,-5.244347762276534e-14,-2.22654625429227e-14,-5.315037764544981e-16,-1.5271227456923449e-10,0.0,-1.2973197375598974e-5,5.817354111963255e-6,10.839960724482712,0.009225125675422783,0.8616862267925962,93.40644855259444,0.0,0.46892144893124105,0.0,5.51483946349e-32,0.0,4.154217965583271e-6,true
22.475,4.4,357.1521970302681,-4.256467063692365e-14,-1.7801348868052103e-14,-4.304244174024031e-16,-1.5245619646642395e-10,0.0,-1.2637325249434532e-5,5.659795608493223e-6,10.901320588289476,0.009173200548511801,0.8628743369678177,94.064697746939,0.0,0.46041789107376735,0.0,4.216433362761354e-32,0.0,4.0616896217428e-6,true
22.525000000000002,4.4,361.10251433421945,-3.451875564389693e-14,-1.4215418961531693e-14,-3.4828731352938078e-16,-1.5221027297374772e-10,0.0,-1.2316563496265628e-5,5.5097880458152225e-6,10.961902608789417,0.009122503963848257,0.8639963652216031,94.71044009907264,0.0,0.45191748852318864,0.0,3.221502897383375e-32,0.0,3.972851414328557e-6,true
22.575000000000003,4.4,365.0224173988947,-2.797166891582185e-14,-1.1338564631186975e-14,-2.8160343215364786e-16,-1.5197432049882383e-10,0.0,-1.2010182128472243e-5,5.366940707717197e-6,11.021691511620768,0.009073017503217594,0.8650528983924739,95.34346187315272,0.0,0.44342340517678924,0.0,2.4596840195863366e-32,0.0,3.8875482981960146e-6,true
22.625000000000004,4.4,368.9103818750351,-2.2648950373930267e-14,-9.033466480483032e-15,-2.275133136507309e-16,-1.517481839061818e-10,0.0,-1.171748638129974e-5,5.230884993047139e-6,11.080676974151618,0.009024719359049487,0.866044301577081,95.96357151080382,0.0,0.4349393940956499,0.0,1.8766846503766162e-32,0.0,3.8056265033033243e-6,true
22.675000000000004,4.4,372.76519708861974,-1.832538058837932e-14,-7.188779904617849e-15,-1.8367626128474808e-16,-1.5153173512186171e-10,0.0,-1.1437815279236166e-5,5.101273209330195e-6,11.138853441365198,0.008977584679284892,0.8669707320069663,96.570599217787,0.0,0.426469740403482,0.0,1.4307253907678493e-32,0.0,3.72693421435887e-6,true
22.725,4.4,376.5859435550693,-1.481636262181108e-14,-5.7143509678527175e-15,-1.4817844406251704e-16,-1.5132486825634722e-10,0.0,-1.1170540311812305e-5,4.977777319126573e-6,11.196219660497059,0.008931586109624476,0.8678321741653607,97.1643965040212,0.0,0.4180191663392951,0.0,1.0897254038206877e-32,0.0,3.651322490146329e-6,true
22.775000000000002,4.4,380.37195458731634,-1.1970766776341012e-14,-4.537286879486272e-15,-1.1945680846563226e-16,-1.511274920720304e-10,0.0,-1.0915064184298338e-5,4.8600876730292725e-6,11.252777997640237,0.008886694469665224,0.8686284908712709,97.7448357019968,0.0,0.40959270943602,0.0,8.290901714249991e-33,0.0,3.578646296295964e-6,true
22.825000000000003,4.4,384.1227671963997,-9.664999431091592e-15,-3.598733981674054e-15,-9.623617874232391e-17,-1.5093952087317266e-10,0.0,-1.0670819610460475e-5,4.7479117658340396e-6,11.308533620240393,0.008842879488903554,0.8693594835664321,98.3118094798582,0.0,0.40119558709392683,0.0,6.299831040812992e-33,0.0,3.5087655243767082e-6,true
22.875000000000004,4.4,387.83806826073425,-7.798094162775624e-15,-2.8512402112906775e-15,-7.747733892474538e-17,-1.507608649805071e-10,0.0,-1.0437268120096953e-5,4.640973049909653e-6,11.363493637111588,0.00880011052880902,0.8700249545914766,98.86523035628542,0.0,0.3928330611450602,0.0,4.779835153529576e-33,0.0,3.441545885848822e-6,true
22.925000000000004,4.4,391.5176418044008,-6.287655014578158e-15,-2.2565994297779176e-15,-6.233424223830827e-17,-1.5059142186800335e-10,0.0,-1.021389886242578e-5,4.5390098329819045e-6,11.417666281944857,0.008758357227355068,0.8706247648289673,99.4050302161387,0.0,0.38451031445006834,0.0,3.620506298833327e-33,0.0,3.3768595979959236e-6,true
22.975,4.4,395.16132229390394,-5.066508814016166e-15,-1.7840922986144583e-15,-5.0118793293265063e-17,-1.504310688157917e-10,0.0,-1.0000227396042613e-5,4.4417742779323674e-6,11.471060209395885,0.00871759001997832,0.8711588815290608,99.93115981969835,0.0,0.37623234855734633,0.0,2.737278722689487e-33,0.0,3.314585814799429e-6,true
23.025000000000002,4.4,398.76895737290374,-4.079946452172451e-15,-1.409052933496081e-15,-4.0271902597694706e-17,-1.5027965762342636e-10,0.0,-9.795794465501026e-6,4.349031511641319e-6,11.523683948739906,0.008677780512275749,0.8716274130879017,100.44358829482739,0.0,0.36800390763676866,0.0,2.06534139435217e-33,0.0,3.254610792467276e-6,true
23.075000000000003,4.4,402.34038171988664,-3.28345256691181e-15,-1.1117027751821941e-15,-3.233972783326908e-17,-1.501370115934589e-10,0.0,-9.60016477221404e-6,4.260558840136227e-6,11.575545533640337,0.008638901700950892,0.8720306296339465,100.942302600568,0.0,0.35982942999482204,0.0,1.554993617204318e-33,0.0,3.196827811248449e-6,true
23.125000000000004,4.4,405.8754020650958,-2.6408396005527633e-15,-8.762033087303183e-16,-2.59541975484301e-17,-1.5000292469416165e-10,0.0,-9.412925752439048e-6,4.176145059690903e-6,11.626652302401158,0.008600928057283335,0.8723689701396361,101.42730695217327,0.0,0.3517130251152859,0.0,1.1681059017910223e-33,0.0,3.1411368982132534e-6,true
23.175000000000004,4.4,409.3737920777953,-2.1227161507604404e-15,-6.8988774863740575e-16,-2.0817065320784935e-17,-1.4987716258395118e-10,0.0,-9.233686377285743e-6,4.09558984878799e-6,11.677010844597024,0.008563835499585086,0.8726430381609603,101.89862220067627,0.0,0.34365847177719505,0.0,8.754226049909341e-34,0.0,3.08744440804851e-6,true
23.225,4.4,412.835294987916,-1.7052312739431976e-15,-5.426388528651571e-16,-1.6686870280293545e-17,-1.4975946504897713e-10,0.0,-9.062075989228277e-6,4.018703224093157e-6,11.72662705896237,0.008527601286984947,0.8728535890954986,102.35628516399694,0.0,0.33566923155254275,0.0,6.5450325450077145e-34,0.0,3.0356625209989047e-6,true
23.275000000000002,4.4,416.2596314593047,-1.3690462586217731e-15,-4.263858668717368e-16,-1.3368286872588351e-17,-1.4964954936849385e-10,0.0,-8.897743187163575e-6,3.945305044345605e-6,11.775506283922574,0.00849220386698216,0.8730015120528651,102.80034791052421,0.0,0.3277484718131683,0.0,4.881477505436622e-34,0.0,2.985708710961807e-6,true
23.325000000000003,4.4,419.64651032329925,-1.0984936453865838e-15,-3.3469842960937317e-16,-1.0703436084834683e-17,-1.49547114162511e-10,0.0,-8.740354768482674e-6,3.875224548574169e-6,11.823653464863195,0.008457622704959498,0.8730878091639052,103.23087699950624,0.0,0.3198990930379317,0.0,3.6318843764405052e-34,0.0,2.9375052254092906e-6,true
23.375000000000004,4.4,422.995640174997,-8.808901753199682e-16,-2.6245926642577065e-16,-8.56480481594524e-18,-1.4945184336621472e-10,0.0,-8.589594732742221e-6,3.8082999184341615e-6,11.871073329075454,0.008423838117070096,0.8731135745849302,103.64795268508897,0.0,0.31212375638033346,0.0,2.6956108079924636e-34,0.0,2.8909786053830683e-6,true
23.425000000000004,4.4,426.30674038822684,-7.059761110804255e-16,-2.0560079102506786e-16,-6.849482013005e-18,-1.4936341008768679e-10,0.0,-8.445163348000189e-6,3.7443778579568018e-6,11.917770548036795,0.008390831120378712,0.8730799747566749,104.05166809235809,0.0,0.30442490880637596,0.0,1.995887270253644e-34,0.0,2.8460592608939647e-6,true
23.475,4.4,429.5795506736755,-5.654581747988176e-16,-1.608934584573363e-16,-5.474471631317819e-18,-1.4928148021590066e-10,0.0,-8.306776278127567e-6,3.6833131870559068e-6,11.963749875354601,0.008358583307228834,0.8729882308011512,104.44212837433305,0.0,0.2968048043797266,0.0,1.474288123016249e-34,0.0,2.802681106406939e-6,true
23.525000000000002,4.4,432.8138388081195,-4.526373384132023e-16,-1.2577595177547204e-16,-4.372885116541419e-18,-1.49205715738938e-10,0.0,-8.17416376758671e-6,3.6249684474464258e-6,12.009016255990094,0.008327076745367885,0.8728396033808468,104.81944985872533,0.0,0.2892655212890674,0.0,1.0864600844458285e-34,0.0,2.7607812535261997e-6,true
23.575000000000003,4.4,436.0094065333134,-3.621060157400251e-16,-9.821912807777254e-17,-3.490851400173769e-18,-1.4913577780050926e-10,0.0,-8.047069879235781e-6,3.569213521126333e-6,12.053574907635108,0.008296293901708522,0.8726353799486318,105.18375919263457,0.0,0.28180897491161794,0.0,7.988228026944527e-35,0.0,2.72029975354488e-6,true
23.625000000000004,4.4,439.16609385022156,-2.8950195206837033e-16,-7.661716293751629e-17,-2.785011563909286e-18,-1.4907132956579533e-10,0.0,-7.925251780507436e-6,3.5159252623538375e-6,12.0974313782568,0.008266217585638388,0.8723768640846504,105.53519249242918,0.0,0.2744369275965457,0.0,5.860228932835347e-35,0.0,2.681179380697259e-6,true
23.675000000000004,4.4,442.2837820511247,-2.3130837979387183e-16,-5.970057219286627e-17,-2.2204893903606774e-18,-1.4901203898994369e-10,0.0,-7.80847907360206e-6,3.4649871443050367e-6,12.140591585169048,0.008236830907166011,0.872065366520756,105.8738945049925,0.0,0.2671509959909779,0.0,4.2897272845191507e-35,0.0,2.6433654470051276e-6,true
23.725,4.4,445.36239584224194,-1.846918863120467e-16,-4.6466803885485525e-17,-1.7692488390846506e-18,-1.489575815910825e-10,0.0,-7.696533165931754e-6,3.416288921545519e-6,12.183061841031762,0.008208117245469977,0.8717021974534056,106.20001778538119,0.0,0.25995265669842826,0.0,3.1334306676455475e-35,0.0,2.606805640783783e-6,true
23.775000000000002,4.4,448.4019048705856,-1.4737098929338412e-16,-3.6124920193562483e-17,-1.408765790014187e-18,-1.4890764333190722e-10,0.0,-7.5892066778153316e-6,3.369726309314964e-6,12.224848871436379,0.008180060224192395,0.8712886598013666,106.5137218946805,0.0,0.2528432509310614,0.0,2.2840756458704923e-35,0.0,2.571449882536857e-6,true
23.825000000000003,4.4,451.40232490023095,-1.1750969016933769e-16,-2.8051562410657506e-17,-1.1209547855512512e-18,-1.4886192371677896e-10,0.0,-7.486302885317763e-6,3.3252006806273514e-6,12.26595982762589,0.008152643690775504,0.8708260431415406,106.81517262024546,0.0,0.24582398865415064,0.0,1.6615961245676437e-35,0.0,2.5372501936905647e-6,true
23.875000000000004,4.4,454.36371879878743,-9.363132577085482e-17,-2.175593881462182e-17,-8.913024823498791e-19,-1.488201392215777e-10,0.0,-7.387635197235445e-6,3.282618782581782e-6,12.306402296692289,0.008125851698093598,0.8703156181307998,107.10454121812045,0.0,0.23889595256376817,0.0,1.206394055091273e-35,0.0,2.5041605751650528e-6,true
23.925000000000004,4.4,457.2861974154999,-7.454889956151664e-17,-1.6852018472690628e-17,-7.081685148809407e-19,-1.4878202719867567e-10,0.0,-7.29302666679817e-6,3.241892474403117e-6,12.346184310407603,0.008099668487510096,0.8697586312792069,107.38200367340934,0.0,0.23206010210885503,0.0,8.742284241467192e-36,0.0,2.47213689408936e-6,true
23.975,4.4,460.1699203474692,-5.930878034173905e-17,-1.3036472563092112e-17,-5.622218252131865e-19,-1.4874735044904866e-10,0.0,-7.202309541153399e-6,3.202938492106938e-6,12.38531435265783,0.008074078473312265,0.8691562999708741,107.6477399673224,0.0,0.22531727767388757,0.0,6.323459517074016e-36,0.0,2.4411367780903755e-6,true
24.025000000000002,4.4,463.0150964893306,-4.714523478780019e-17,-1.0071194299051509e-17,-4.459865177163956e-19,-1.4871590274171663e-10,0.0,-7.115324855870751e-6,3.1656782490979854e-6,12.423801364148584,0.008049066229324175,0.8685098076244084,107.90193332740552,0.0,0.21866820497750478,0.0,4.565613485595678e-36,0.0,2.4111195176432157e-6,true
24.075000000000003,4.4,465.82198415334886,-3.7443733282280755e-17,-7.769461899821022e-18,-3.534761944895756e-19,-1.486875157072914e-10,0.0,-7.031922088671549e-6,3.1300376895904674e-6,12.461654741496261,0.008024616479463873,0.8678202988313723,108.14476941698672,0.0,0.21211349971108967,0.0,3.290612145802134e-36,0.0,2.382045978080096e-6,true
24.125000000000004,4.4,468.5908903943489,-2.971135490948641e-17,-5.984996843066887e-18,-2.7989971652836936e-19,-1.4866206776335548e-10,0.0,-6.951958897873547e-6,3.095947223932501e-6,12.498884325956638,0.008000714095123544,0.8670888741818887,108.37643538723395,0.0,0.20565367243462876,0.0,2.367574864387731e-36,0.0,2.3538785240518656e-6,true
24.175000000000004,4.4,471.32216902706955,-2.3552932737741172e-17,-4.6033205141019595e-18,-2.2142458153371405e-19,-1.4863949607369164e-10,0.0,-6.8753009885281435e-6,3.063341793328432e-6,12.535500375118657,0.007977344103350437,0.8663165842318957,108.59711866610442,0.0,0.19928913376211838,0.0,1.700567724823618e-36,0.0,2.326580960330439e-6,true
24.225,4.4,474.01621673096463,-1.865183741344516e-17,-3.534933412002772e-18,-1.7498674747579655e-19,-1.486198130246613e-10,0.0,-6.801822174969635e-6,3.0321611374269545e-6,12.571513509804053,0.007954491710326982,0.8655044215991413,108.80700528928747,0.0,0.19302019990454816,0.0,1.2194333657859487e-36,0.0,2.3001184931939086e-6,true
24.275000000000002,4.4,476.67346676766795,-1.475450623525817e-17,-2.7099380412853645e-18,-1.3813787318844835e-19,-1.4860312932326523e-10,0.0,-6.73140474437805e-6,3.0023503721943253e-6,12.60693463027969,0.007932142343295506,0.8646533093461726,109.006277487822,0.0,0.18684709869619226,0.0,8.729782325922162e-37,0.0,2.2744577148346274e-6,true
24.325000000000003,4.4,479.294380499574,-1.1657994985782417e-17,-2.073804192624473e-18,-1.0892268509560324e-19,-1.4858968654326264e-10,0.0,-6.6639402733388536e-6,2.9738610261030482e-6,12.641774804831806,0.007910281708370492,0.8637640823720723,109.19511013849929,0.0,0.18076997631140054,0.0,6.239257959859174e-37,0.0,2.2495666066445876e-6,true
24.375000000000004,4.4,481.8794386590441,-9.199968055864446e-18,-1.5840372948879163e-18,-8.5780587933468e-20,-1.4857990266440258e-10,0.0,-6.599331109120464e-6,2.946652726368242e-6,12.676045156930176,0.00788889584740305,0.862837456087484,109.37366556455703,0.0,0.17478890498524394,0.0,4.451884008695783e-37,0.0,2.2254145414867077e-6,true
24.425000000000004,4.4,484.4291380629355,-7.250654716839025e-18,-1.207559979014891e-18,-6.746677879258419e-20,-1.4857443468817756e-10,0.0,-6.5374928010256136e-6,2.9206957685005166e-6,12.709756826093026,0.007867971147543975,0.8618739725291256,109.54208605583965,0.0,0.1689038921809383,0.0,3.1712063656506787e-37,0.0,2.20197223341728e-6,true
24.475,4.4,486.94400657292135,-5.7063906624367964e-18,-9.186564204777084e-19,-5.298904877367254e-20,-1.4857426255002894e-10,0.0,-6.478357860626632e-6,2.89597483774865e-6,12.742921169614627,0.007847494202385012,0.860873907181773,109.70048336195471,0.0,0.16311489179657326,0.0,2.2550109068142743e-37,0.0,2.1792115258763276e-6,true
24.525000000000002,4.4,489.4246616478901,-4.484438232792631e-18,-6.973604367717747e-19,-4.155720723559105e-20,-1.4858079811783583e-10,0.0,-6.421881361506901e-6,2.872494183991113e-6,12.775550533775844,0.007827451328662607,0.8598371082381127,109.84892427111699,0.0,0.15742181817141299,0.0,1.6005305658413872e-37,0.0,2.1571048116070264e-6,true
24.575000000000003,4.4,491.87195903816666,-3.518839557182011e-18,-5.2819335060711e-19,-3.254267601204116e-20,-1.4859602217775476e-10,0.0,-6.368049106335467e-6,2.8502846068329124e-6,12.807660194819034,0.007807827384462629,0.8587627205043854,109.98741112198518,0.0,0.15182456384742618,0.0,1.1336290650344375e-37,0.0,2.135623717204605e-6,true
24.625000000000004,4.4,494.2873134853798,-2.7571074478569586e-18,-3.9917764427585157e-19,-2.5446307779021303e-20,-1.486226517217824e-10,0.0,-6.316889495927037e-6,2.829412751280667e-6,12.839272520372543,0.007788603274938385,0.857648712500589,110.11585546541704,0.0,0.14632302230516256,0.0,8.009108246270177e-38,0.0,2.1147364245828762e-6,true
24.675000000000004,4.4,496.6733326792732,-2.1576026693119507e-18,-3.010685879357351e-19,-1.987291765047389e-20,-1.4866434159169e-10,0.0,-6.268491044346387e-6,2.809993588475748e-6,12.8704251574758,0.0077697510980758,0.8564910657619386,110.23404159935714,0.0,0.14091711732845136,0.0,5.639784367736284e-38,0.0,2.0944025706074937e-6,true
24.725,4.4,499.0350089867793,-1.6874876385979652e-18,-2.2675940301689677e-19,-1.551142236049237e-20,-1.4872593286898598e-10,0.0,-6.223029113680288e-6,2.792207836744101e-6,12.901186364321127,0.0077512251335702725,0.8552823768607043,110.34157337999481,0.0,0.13560684147380236,0.0,3.9526250889429514e-38,0.0,2.074563924684002e-6,true
24.775000000000002,4.4,501.3819015287279,-1.321192836763999e-18,-1.7082728777075044e-19,-1.211992328010273e-20,-1.4881378352195031e-10,0.0,-6.180808702086519e-6,2.7763279848604642e-6,12.93168298715574,0.007732945518330752,0.8540094189568694,110.43779073995306,0.0,0.13039230770877672,0.0,2.7500079897275877e-38,0.0,2.055127703945226e-6,true
24.825000000000003,4.4,503.7321005397856,-1.0393967726191835e-18,-1.2919935532880894e-19,-9.5156712681423e-21,-1.489362700500145e-10,0.0,-6.142336599303692e-6,2.762760495814601e-6,12.962151132885007,0.00771476886628021,0.8526488163466609,110.5216282076093,0.0,0.12527382146538302,0.0,1.8905780959403274e-38,0.0,2.0359368485331434e-6,true
24.875000000000004,4.4,506.1194715064964,-8.286314840968038e-19,-9.893185910265103e-20,-7.570867830943843e-21,-1.491046598794827e-10,0.0,-6.108449141694785e-6,2.752119595725925e-6,12.993028494275105,0.007696435057004707,0.8511592158693547,110.5913594495538,0.0,0.12025200331890247,0.0,1.2736334765325233e-38,0.0,2.0167166860975696e-6,true
24.925000000000004,4.4,508.6064145146566,-6.81845567841598e-19,-7.81188499420812e-20,-6.2172478147314476e-21,-1.4933467966986441e-10,0.0,-6.080549325835915e-6,2.745362093257775e-6,13.025116337273552,0.007677474612171659,0.8494673848829697,110.64411512820209,0.0,0.11532912941777482,0.0,8.282803824294429e-39,0.0,1.9969832248095422e-6,true
24.975,4.4,511.26151571849755,-6.007315640083925e-19,-6.602766661283959e-20,-5.4666626991390696e-21,-1.4964313080165857e-10,0.0,-6.061160227511313e-6,2.7439434090458947e-6,13.059287378051303,0.007657385667771554,0.8474807435425948,110.67494577287341,0.0,0.11058208051029668,0.0,5.1064045135378575e-39,0.0,1.976233807142793e-6,true
25.025000000000002,4.4,511.26151571849755,-6.019342298022031e-19,-6.615985413358602e-20,-5.4666626991390696e-21,-1.4964313080165857e-10,0.0,-6.061160227511313e-6,2.7439434090458947e-6,13.059287378051303,0.007657385667771554,0.8474807435425948,110.67494577287341,0.0,0.11058208051029668,0.0,5.116627545596992e-39,0.0,1.976233807142793e-6,true
